data;horario;n_da_ocorrencia;tipo_de_ocorrencia;km;trecho;sentido;tipo_de_acidente;automovel;bicicleta;caminhao;moto;onibus;outros;tracao_animal;transporte_de_cargas_especiais;trator_maquinas;utilitarios;ilesos;levemente_feridos;moderadamente_feridos;gravemente_feridos;mortos
20/10/2014;18:53:00;2749;com vítima;99;BR-060/GO;Norte;Colisão Traseira;1;;;1;;;;;;;1;1;;;
20/10/2014;16:31:00;2725;com vítima;586;BR-262/MG;Oeste;Capotamento;2;;;;;;;;;;1;1;;;
20/10/2014;07:17:00;2644;sem vítima;696;BR-262/MG;Leste;;;;1;;;;;;;;1;;;;
20/10/2014;20:04:00;2763;com vítima;629;BR-153/GO;Sul;Colisão Traseira;;;1;;;;;;;;0;1;;;
21/10/2014;23:30:00;2804;sem vítima;379;BR-262/MG;Leste;Saida de Pista;;;1;;;;;;;;1;;;;
21/10/2014;10:09:00;2850;com vítima;53;BR-153/MG;Norte;;;;;1;;;;;;;0;1;;;
21/10/2014;06:38:00;2840;sem vítima;476;BR-262/MG;Leste;Colisão Lateral;2;;;;;;;;;;2;;;;
21/10/2014;15:30:00;2816;sem vítima;565;BR-262/MG;Leste;Colisão Lateral;;;3;;;;;;;;3;;;;
21/10/2014;07:17:00;2826;sem vítima;570;BR-262/MG;Leste;Colisão Lateral;;;2;;;;;;;;2;;;;
21/10/2014;08:15:00;2836;sem vítima;98;BR-060/GO;Sul;Colisão Lateral;1;;2;;;;;;;;3;;;;
21/10/2014;17:55:00;2921;sem vítima;586;BR-262/MG;Leste;Capotamento;1;;;;;;;;;;1;;;;
21/10/2014;18:42:00;2946;com vítima;725;BR-262/MG;Oeste;Capotamento;1;;;;;;;;;;1;1;;;
22/10/2014;20:40:00;3137;sem vítima;2,1;BR-060/DF;Sul;Colisão Traseira;1;;1;;;;;;;;2;;;;
22/10/2014;18:28:00;3121;com vítima;438;BR-262/MG;Leste;Colisão Traseira;2;;;1;;;;;;;2;1;;;
22/10/2014;17:30:00;3110;sem vítima;509,2;BR-153/GO;Norte;;1;;;;;;;;;;1;;;;
22/10/2014;22:30:00;2992;com vítima;578;BR-262/MG;Leste;Colisão Frontal;;;2;;;;;;;;2;;;1;
22/10/2014;12:15:00;3046;sem vítima;163;BR-153/MG;Norte;;;;3;;;;;;;;3;;;;
22/10/2014;17:08:00;3097;sem vítima;29,6;BR-060/DF;Sul;Capotamento;1;;;;;;;;;;2;;;;
23/10/2014;17:28:00;3316;com vítima;354;BR-262/MG;Oeste;Colisão Traseira;1;;1;;;;;;;;1;1;;;
23/10/2014;09:35:00;3235;sem vítima;495;BR-153/GO;Norte;Colisão Lateral;;;2;;;;;;;;2;;;;
23/10/2014;08:08:00;3214;com vítima;496;BR-153/GO;Sul;Colisão Lateral;;;;1;;;;;;;0;1;;;
23/10/2014;06:51:00;3202;com vítima;11;BR-153/MG;Norte;Colisão Frontal;;;4;;;;;;;;1;3;;;2
23/10/2014;08:15:00;3217;com vítima;390;BR-262/MG;Leste;Capotamento;1;;;;;;;;;;0;1;;;
23/10/2014;22:22:00;3372;com vítima;24;BR-153/MG;Norte;Capotamento;1;;;;;;;;;;0;;;1;
23/10/2014;18:49:00;3338;com vítima;505;BR-153/GO;Norte;Colisão Traseira;1;;;1;;;;;;;1;1;;;
23/10/2014;15:22:00;3291;sem vítima;507;BR-153/GO;Sul;;1;;;;;;;;;;1;;;;
23/10/2014;06:35:00;3201;sem vítima;512;BR-262/MG;Leste;Atropelamento - Animal;1;;;;;;;;;;1;;;;
23/10/2014;15:47:00;3296;sem vítima;93;BR-060/GO;Norte;Saida de Pista;;;1;;;;;;;;1;;;;
23/10/2014;15:30:00;3293;com vítima;514;BR-153/GO;Norte;Colisão Traseira;2;;;;;;;;;;1;1;;;
23/10/2014;20:16:00;3314;sem vítima;94,5;BR-060/GO;Norte;Tombamento;1;;1;;1;;;;;;3;;;;
23/10/2014;07:05:00;3207;sem vítima;96;BR-060/GO;Norte;Colisão Traseira;2;;;;;;;;;;2;;;;
23/10/2014;18:38:00;3335;sem vítima;96;BR-060/GO;Norte;Colisão Traseira;3;;;;;;;;;;3;;;;
23/10/2014;16:54:00;3311;sem vítima;560;BR-153/GO;Sul;Capotamento;1;;;;;;;;;;1;;;;
23/10/2014;10:30:00;3243;com vítima;108;BR-060/GO;Sul;Colisão Traseira;;;2;;;;;;;;2;1;;;
23/10/2014;18:50:00;3339;com vítima;112;BR-060/GO;Norte;Queda de Moto;;;;1;;;;;;;0;1;;;
23/10/2014;13:37:00;3270;sem vítima;651;BR-262/MG;Oeste;Colisão Traseira;;;2;;;;;;;;2;;;;
23/10/2014;23:51:00;3384;sem vítima;901;BR-262/MG;Leste;Choque - Outros;1;;;;;;;;;;1;;;;
24/10/2014;12:28:00;3499;com vítima;0,9;BR-060/GO;Norte;Saida de Pista;1;;;;;;;;;;0;1;;;
24/10/2014;21:00:00;3583;com vítima;4,6;BR-153/MG;Sul;Tombamento;;;1;;;;;;;;0;1;;;
24/10/2014;14:44:00;3507;com vítima;23,8;BR-153/MG;Norte;Capotamento;1;;;;;;;;;;0;1;;;
24/10/2014;17:31:00;3543;sem vítima;4,5;BR-060/DF;Sul;Colisão Frontal;2;;;;;;;;;;2;;;;
24/10/2014;18:25:00;3560;com vítima;505,9;BR-153/GO;Sul;;1;;;1;;;;;;;1;1;;;
24/10/2014;19:28:00;3565;sem vítima;447;BR-262/MG;Leste;Colisão Traseira;2;;;;;;;;;;2;;;;
24/10/2014;00:55:00;3408;com vítima;469,6;BR-262/MG;Oeste;Colisão Frontal;1;;1;;;;;;;;1;;;;1
24/10/2014;15:58:00;3521;sem vítima;89,9;BR-060/GO;Sul;Saida de Pista;1;;;;;;;;;;1;;;;
24/10/2014;11:00:00;3461;sem vítima;511,7;BR-153/GO;Sul;Colisão Traseira;2;;;;;;;;;;2;;;;
24/10/2014;07:04:00;3420;com vítima;121;BR-153/MG;Sul;Choque - Defensa, barreira ou "submarino";1;;;;;;;;;;0;1;;;
24/10/2014;05:17:00;3414;sem vítima;538;BR-153/GO;Sul;Colisão Traseira;1;;1;;;;;;;;2;;;;
24/10/2014;19:00:00;3574;com vítima;587;BR-262/MG;Leste;Colisão Lateral;1;;1;;;;;;;;1;2;;;
24/10/2014;16:29:00;3532;com vítima;625;BR-153/GO;Sul;;1;;;;;;;;;;0;1;;;
25/10/2014;13:02:00;3698;com vítima;364;BR-262/MG;Leste;Capotamento;1;;;;;;;;;;0;1;;;
25/10/2014;07:26:00;3651;com vítima;7;BR-153/MG;Sul;Capotamento;1;;;;;;;;;;0;1;;;
25/10/2014;13:33:00;3703;com vítima;382;BR-262/MG;Leste;Choque - Defensa, barreira ou "submarino";1;;;;;;;;;;1;1;;;
25/10/2014;16:19:00;3739;sem vítima;23;BR-153/MG;Sul;;1;;;;;;;;;;1;;;;
25/10/2014;03:34:00;3632;com vítima;48;BR-060/GO;Norte;Capotamento;1;;;;;;;;;;0;1;;;
25/10/2014;19:42:00;3765;com vítima;418;BR-262/MG;Oeste;Colisão Frontal;1;;;;;;;;;;0;1;;;
25/10/2014;15:27:00;3727;com vítima;4,2;BR-060/DF;Norte;Colisão Traseira;1;;1;;;;;;;;1;1;;;
25/10/2014;07:35:00;3650;com vítima;49,1;BR-060/GO;Sul;Colisão Traseira;1;;2;;;;;;;;2;1;;;
25/10/2014;01:00:00;3629;sem vítima;439;BR-262/MG;Leste;;1;;;;;;;;;;1;;;;
25/10/2014;15:17:00;3725;sem vítima;67,2;BR-060/GO;Sul;Choque - Suporte de Sinalização;1;;;;;;;;;;1;;;;
25/10/2014;02:10:00;3628;sem vítima;444;BR-262/MG;Leste;;1;;;;;;;;;;1;;;;
25/10/2014;01:49:00;3616;sem vítima;507;BR-153/GO;Norte;Colisão Lateral;2;;;;;;;;;;2;;;;
25/10/2014;14:47:00;3719;com vítima;521;BR-262/MG;Leste;Colisão Lateral;1;;1;;;;;;;;2;1;;;
25/10/2014;10:28:00;3673;sem vítima;94;BR-060/GO;Norte;Tombamento;;;1;;;;;;;;1;;;;
25/10/2014;15:08:00;3722;sem vítima;95;BR-060/GO;Norte;Colisão Traseira;2;;;;;;;;;;2;;;;
25/10/2014;13:43:00;3707;com vítima;578;BR-262/MG;Oeste;Colisão Frontal;1;;1;;;;;;;;2;2;;;
25/10/2014;04:00:00;3640;com vítima;580;BR-262/MG;Leste;;1;;;;;;;;;;0;3;;;
25/10/2014;21:41:00;3781;sem vítima;635;BR-262/MG;Oeste;;1;;1;;;;;;;;2;;;;
25/10/2014;20:22:00;3773;com vítima;675;BR-262/MG;Leste;Capotamento;2;;;;;;;;;;1;1;;;
25/10/2014;15:16:00;3724;sem vítima;28,8;BR-060/DF;Norte;Colisão Traseira;3;;;;;;;;;;3;;;;
25/10/2014;07:28:00;3652;com vítima;795;BR-262/MG;Oeste;Saida de Pista;1;;;;;;;;;;1;1;;;
25/10/2014;15:43:00;3730;sem vítima;656;BR-153/GO;Sul;Colisão Lateral;1;;2;;;;;;;;3;;;;
26/10/2014;18:08:00;3859;com vítima;363;BR-262/MG;Oeste;Colisão Lateral;2;;;;;;;;;;1;1;;;
26/10/2014;11:30:00;3856;com vítima;12;BR-060/GO;Norte;Queda de Moto;;;;1;;;;;;;0;2;;;
26/10/2014;10:00:00;3853;sem vítima;378;BR-262/MG;Leste;Saida de Pista;2;;;;;;;;;;2;;;;
26/10/2014;12:16:00;3863;com vítima;498;BR-153/GO;Sul;Queda de Moto;;;;1;;;;;;;0;2;;;
26/10/2014;15:22:00;3895;sem vítima;26,4;BR-060/GO;Sul;Capotamento;1;;;;;;;;;;1;;;;
26/10/2014;09:44:00;3955;sem vítima;381;BR-262/MG;Leste;Capotamento;1;;;;;;;;;;1;;;;
26/10/2014;03:50:00;3805;sem vítima;2,9;BR-060/DF;Sul;Colisão Traseira;2;;;;;;;;;;2;;;;
26/10/2014;15:30:00;3898;com vítima;28,5;BR-060/GO;Sul;Capotamento;1;;;;;;;;;;1;1;;;
26/10/2014;20:00:00;3803;sem vítima;390;BR-262/MG;Oeste;;1;;;;;;;;;;1;;;;
26/10/2014;15:15:00;3894;sem vítima;4,6;BR-060/DF;Norte;Capotamento;1;;;;;;;;;;1;;;;
26/10/2014;17:14:00;3915;sem vítima;59;BR-153/MG;Norte;Capotamento;1;;;;;;;;;;1;;;;
26/10/2014;14:00:00;3897;com vítima;513;BR-153/GO;Sul;Colisão Traseira;1;;;1;;;;;;;1;1;;;
26/10/2014;19:20:00;3951;sem vítima;96;BR-060/GO;Sul;Colisão Traseira;1;;;;;;;;;;1;;;;
26/10/2014;06:00:00;3815;sem vítima;575,5;BR-262/MG;Leste;Saida de Pista;;;1;;;;;;;;1;;;;
26/10/2014;08:30:00;3831;sem vítima;586;BR-262/MG;Leste;Saida de Pista;1;;;;;;;;;;1;;;;
26/10/2014;18:35:00;3937;sem vítima;23,4;BR-060/DF;Norte;Capotamento;1;;;;;;;;;;1;;;;
26/10/2014;13:50:00;3881;com vítima;590;BR-262/MG;Oeste;Colisão Frontal;1;;1;;;;;;;;1;;;1;
26/10/2014;11:21:00;3855;sem vítima;613,9;BR-153/GO;Sul;Colisão Traseira;2;;;;;;;;;;2;;;;
26/10/2014;09:51:00;3842;com vítima;614;BR-153/GO;Norte;Capotamento;1;;;;;;;;;;0;1;;;
26/10/2014;20:37:00;3946;com vítima;802;BR-262/MG;Oeste;Colisão Lateral;2;;;;;;;;;;0;2;;1;
26/10/2014;20:16:00;3942;sem vítima;656;BR-153/GO;Norte;Capotamento;1;;1;;;;;;;;2;;;;
26/10/2014;17:34:00;3921;com vítima;131;BR-060/GO;Sul;Engavetamento;5;;;;;;;;;;4;1;;;
27/10/2014;13:03:00;4017;com vítima;358;BR-262/MG;Oeste;Colisão Traseira;2;;;;;;;;;;0;2;;;
27/10/2014;23:50:00;3972;sem vítima;10,2;BR-060/GO;Norte;;1;;;;;;;;;;1;;;;
27/10/2014;23:10:00;4112;com vítima;31;BR-060/GO;Norte;Atropelamento - Outros;1;;;;;;;;;;0;;;1;
27/10/2014;19:10:00;4091;com vítima;42,1;BR-060/GO;Norte;Capotamento;1;;;;;;;;;;0;1;;;
27/10/2014;17:39:00;4060;sem vítima;398;BR-262/MG;Leste;Colisão Lateral;1;;;1;;;;;;;2;;;;
27/10/2014;13:25:00;4025;com vítima;406;BR-262/MG;Oeste;Tombamento;;;1;;;;;;;;0;1;;;
27/10/2014;20:09:00;4082;com vítima;503;BR-153/GO;Norte;Colisão Lateral;;;;1;;;;;;;0;1;;;
27/10/2014;17:00:00;4032;sem vítima;450;BR-262/MG;Leste;Colisão Traseira;;;2;;;;;;;;2;;;;
27/10/2014;06:56:00;3975;com vítima;85,3;BR-060/GO;Sul;Capotamento;1;;;;;;;;;;1;1;;;
27/10/2014;08:24:00;3979;sem vítima;511;BR-153/GO;Sul;Colisão Traseira;2;;;;;;;;;;2;;;;
27/10/2014;22:32:00;4110;sem vítima;534;BR-153/GO;Norte;Queda de Moto;;;;1;;;;;;;1;;;;
27/10/2014;23:45:00;3970;sem vítima;588;BR-262/MG;Oeste;Tombamento;;;1;;;;;;;;1;;;;
27/10/2014;14:00:00;3973;com vítima;592;BR-262/MG;Leste;Colisão Frontal;2;;;;;;;;;;0;3;;1;
27/10/2014;17:03:00;4056;com vítima;110;BR-060/GO;Norte;;1;;;;;;;;;;0;1;;;
27/10/2014;17:30:00;4070;sem vítima;111;BR-060/GO;Norte;Colisão Frontal;2;;;;;;;;;;2;;;;
27/10/2014;11:20:00;4028;sem vítima;631;BR-262/MG;Leste;Colisão Traseira;2;;;;;;;;;;2;;;;
27/10/2014;18:31:00;4066;sem vítima;678,3;BR-262/MG;Leste;Saida de Pista;1;;;;;;;;;;1;;;;
27/10/2014;08:35:00;4045;com vítima;883;BR-262/MG;Oeste;Colisão Traseira;;;1;;1;;;;;;0;2;;;
28/10/2014;18:26:00;4285;sem vítima;1;BR-060/GO;Norte;;1;;;;;;;;;;1;;;;
28/10/2014;07:44:00;4160;com vítima;431;BR-262/MG;Leste;Tombamento;;;1;;;;;;;;0;1;;;
28/10/2014;11:46:00;4255;com vítima;431;BR-262/MG;Oeste;Colisão Traseira;1;;;1;;;;;;;1;1;;;
28/10/2014;09:10:00;4182;sem vítima;4,4;BR-060/DF;Sul;Colisão Traseira;2;;;;;;;;;;2;;;;
28/10/2014;16:49:00;4251;com vítima;504;BR-153/GO;Norte;Colisão Traseira;1;;;1;;;;;;;1;;;1;
28/10/2014;18:26:00;4286;com vítima;507;BR-153/GO;Sul;Colisão Traseira;1;;;1;;;;;;;1;;;1;
28/10/2014;22:13:00;4319;sem vítima;490;BR-262/MG;Oeste;Colisão Traseira;;;1;;;;;;;;1;;;;
28/10/2014;15:00:00;4121;sem vítima;510;BR-262/MG;Oeste;;2;;;;;;;;;;2;;;;
28/10/2014;23:49:00;4326;sem vítima;559,2;BR-262/MG;Leste;Tombamento;;;1;;;;;;;;1;;;;
28/10/2014;04:30:00;4151;sem vítima;574;BR-262/MG;Leste;;;;;;;;;;;;0;;;;
28/10/2014;17:24:00;4264;sem vítima;103,2;BR-060/GO;Norte;Carreta deu L;;;1;;;;;;;;1;;;;
28/10/2014;09:28:00;4186;sem vítima;109,4;BR-060/GO;Sul;Colisão Lateral;;;1;;;;;;;;1;;;;
28/10/2014;09:40:00;4190;com vítima;582;BR-153/GO;Norte;Colisão Lateral;2;;;;;;;;;;1;3;;;
28/10/2014;17:14:00;4261;com vítima;193,7;BR-153/MG;Sul;Colisão Traseira;3;;1;;;;;;;;4;1;;;
28/10/2014;15:59:00;4242;sem vítima;194;BR-153/MG;Sul;Colisão Traseira;;;2;;;;;;;;2;;;;
28/10/2014;11:49:00;4205;com vítima;639;BR-153/GO;Sul;;1;;1;;;;;;;;1;1;;;
28/10/2014;17:45:00;4279;sem vítima;29,4;BR-060/DF;Norte;Saida de Pista;1;;;;;;;;;;1;;;;
28/10/2014;02:51:00;4143;sem vítima;813;BR-262/MG;Oeste;Colisão Frontal;2;;;;;;;;;;2;;;;
28/10/2014;14:57:00;4229;sem vítima;130;BR-060/GO;Sul;Colisão Lateral;1;;;;;;;;;;1;;;;
29/10/2014;11:22:00;4390;com vítima;359;BR-262/MG;Leste;Colisão Lateral;;;;1;;1;;;;;2;1;;;
29/10/2014;23:25:00;4337;sem vítima;378,6;BR-262/MG;Leste;Colisão Lateral;1;;;;;;;;;;1;;;;
29/10/2014;14:34:00;4417;com vítima;498;BR-153/GO;Sul;Colisão Traseira;1;;;1;;;;;;;1;1;;;
29/10/2014;18:07:00;4463;com vítima;424;BR-262/MG;Leste;Engavetamento;2;;;;1;;;;;;3;1;;;
29/10/2014;17:25:00;4389;com vítima;452;BR-262/MG;Leste;Colisão Frontal;1;;;;;1;;;;;1;2;;;
29/10/2014;17:41:00;4394;com vítima;458;BR-262/MG;Leste;Colisão Traseira;2;;;;;;;;;;0;2;;;
29/10/2014;17:25:00;4450;com vítima;65;BR-153/MG;Norte;;;;;;;;;;1;;0;1;;;
29/10/2014;09:35:00;4368;sem vítima;85,5;BR-060/GO;Norte;Choque - Defensa, barreira ou "submarino";;;;;;1;;;;;1;;;;
29/10/2014;23:10:00;4515;sem vítima;114;BR-153/MG;Sul;;1;;;;;;;;;;1;;;;
29/10/2014;04:33:00;4338;sem vítima;535;BR-153/GO;Sul;;;;1;;;;;;;;1;;;;
29/10/2014;17:28:00;4448;sem vítima;100,2;BR-060/GO;Norte;Colisão Traseira;2;;;;;;;;;;2;;;;
29/10/2014;18:19:00;4465;com vítima;156;BR-153/MG;Sul;Colisão Traseira;1;;2;;;;;;;;1;2;;;
29/10/2014;18:00:00;4462;sem vítima;112;BR-060/GO;Norte;Colisão Traseira;2;;;;;;;;;;2;;;;
29/10/2014;07:36:00;4352;com vítima;116,9;BR-060/GO;Sul;Capotamento;1;;;;;;;;;;1;2;;;
29/10/2014;21:56:00;4506;com vítima;612;BR-153/GO;Norte;;1;;;;;;;;;;0;1;;;
29/10/2014;22:55:00;4510;com vítima;132,7;BR-060/GO;Norte;Choque - Arvore;1;;;;;;;;;;1;3;;;
29/10/2014;06:35:00;4345;com vítima;31,18;BR-060/DF;Sul;Choque - Poste;;;1;;;;;;;;1;1;;;
29/10/2014;15:46:00;4433;com vítima;701;BR-153/GO;Sul;Colisão Lateral;1;;;1;;;;;;;1;1;;;
30/10/2014;20:40:00;4705;com vítima;5;BR-060/GO;Norte;Colisão Transversal;1;;;1;;;;;;;1;;;1;
30/10/2014;18:21:00;4671;sem vítima;6;BR-060/GO;Norte;Colisão Lateral;1;;1;;;;;;;;2;;;;
30/10/2014;18:15:00;4672;sem vítima;497;BR-153/GO;Norte;Colisão Traseira;1;;;1;;;;;;;2;;;;
30/10/2014;15:16:00;4635;sem vítima;25,6;BR-060/GO;Sul;Choque - Defensa, barreira ou "submarino";1;;;;;;;;;;1;;;;
30/10/2014;23:18:00;4722;sem vítima;42;BR-060/GO;Norte;Saida de Pista;1;;;;;;;;;;1;;;;
30/10/2014;16:25:00;4651;sem vítima;500,2;BR-153/GO;Sul;;1;;;;;;;;;;1;;;;
30/10/2014;10:22:00;4590;sem vítima;402;BR-262/MG;Oeste;Saida de Pista;2;;;;;;;;;;2;;;;
30/10/2014;17:00:00;4691;sem vítima;403;BR-262/MG;Leste;Saida de Pista;1;;;;;;;;;;1;;;;
30/10/2014;16:03:00;4645;com vítima;46,049;BR-060/GO;Norte;Choque - Defensa, barreira ou "submarino";1;;;;;;;;;;0;2;;;
30/10/2014;17:33:00;4689;sem vítima;502;BR-153/GO;Sul;Colisão Traseira;3;;;;;;;;;;3;;;;
30/10/2014;14:55:00;4661;sem vítima;466;BR-262/MG;Leste;Saida de Pista;1;;;;;;;;;;1;;;;
30/10/2014;12:00:00;4606;com vítima;511,2;BR-262/MG;Leste;Choque - Arvore;;;1;;;;;;;;0;1;;1;
30/10/2014;17:41:00;4663;com vítima;95,1;BR-060/GO;Norte;Colisão Traseira;2;;;;;;;;;;1;1;;;
30/10/2014;16:16:00;4649;com vítima;602,6;BR-153/GO;Norte;Capotamento;1;;;;;;;;;;0;1;;;
30/10/2014;00:50:00;4519;com vítima;242;BR-153/MG;Norte;Saida de Pista;1;;;;;;;;;;0;;;1;
31/10/2014;08:41:00;4761;com vítima;497;BR-153/GO;Norte;Colisão Traseira;;;;1;;;;;;;0;1;;;
31/10/2014;11:48:00;4795;sem vítima;500,3;BR-153/GO;Sul;Colisão Traseira;;;2;;;;;;;;2;;;;
31/10/2014;18:00:00;4870;sem vítima;52;BR-060/GO;Norte;Colisão Transversal;1;;1;;;;;;;;2;;;;
31/10/2014;21:02:00;4903;sem vítima;505;BR-153/GO;Sul;;1;;;;;;;;;;1;;;;
31/10/2014;21:30:00;4909;com vítima;483;BR-262/MG;Oeste;Colisão Lateral;2;;1;;;;;;;;2;2;;;
31/10/2014;23:05:00;4927;sem vítima;101;BR-153/MG;Sul;;;;;;;1;;;;;1;;;;
31/10/2014;10:04:00;4774;sem vítima;513;BR-153/GO;Norte;Colisão Traseira;;;;;1;;;;;;1;;;;
31/10/2014;20:35:00;4897;sem vítima;102;BR-153/MG;Norte;;;;1;;;;;;;;1;;;;
31/10/2014;20:54:00;4900;sem vítima;93,5;BR-060/GO;Norte;Colisão Transversal;2;;;;;;;;;;2;;;;
31/10/2014;06:40:00;4756;sem vítima;570;BR-153/GO;Sul;Atropelamento - Animal;1;;;;;;;;;;1;;;;
31/10/2014;15:59:00;4830;sem vítima;677;BR-262/MG;Leste;Capotamento;1;;;;;;;;;;1;;;;
31/10/2014;19:46:00;4884;com vítima;602;BR-153/GO;Sul;Capotamento;1;;;;;;;;;;0;2;;;
31/10/2014;20:16:00;4893;com vítima;602;BR-153/GO;Sul;Colisão Traseira;1;;;;;;;;;;1;1;;;
31/10/2014;11:33:00;4794;com vítima;852;BR-262/MG;Leste;Capotamento;1;;;;;;;;;;0;1;;;
01/11/2014;04:07:00;18;com vítima;492;BR-153/GO;Norte;Colisão Traseira;1;;;;;;;;;;0;1;;;
01/11/2014;21:06:00;162;com vítima;17;BR-060/GO;Norte;Capotamento;1;;;;;;;;;;0;1;;;
01/11/2014;04:00:00;25;sem vítima;376;BR-262/MG;Leste;;1;;;;;;;;;;1;;;;
01/11/2014;16:30:00;161;com vítima;380;BR-262/MG;Oeste;Queda de Moto;;;;1;;;;;;;0;1;;;
01/11/2014;15:35:00;109;sem vítima;50;BR-060/GO;Norte;Saida de Pista;1;;;;;;;;;;1;;;;
01/11/2014;18:00:00;148;com vítima;433;BR-262/MG;Oeste;Atropelamento - Ciclista;;;1;;;1;;;;;1;;;;1
01/11/2014;13:30:00;85;com vítima;439;BR-262/MG;Leste;Queda de Moto;;;;1;;;;;;;0;2;;;
01/11/2014;13:52:00;87;com vítima;507;BR-153/GO;Sul;Queda de Moto;;;;1;;;;;;;0;1;;;
01/11/2014;12:50:00;76;sem vítima;58;BR-153/MG;Norte;Capotamento;;;1;;;;;;;;1;;;;
01/11/2014;16:18:00;119;sem vítima;58;BR-153/MG;Sul;;;;1;;;;;;;;1;;;;
01/11/2014;21:39:00;23;sem vítima;483;BR-262/MG;Oeste;;1;;;;;;;;;;1;;;;
01/11/2014;04:11:00;20;com vítima;80;BR-153/MG;Sul;Saida de Pista;;;1;;;;;;;;0;2;;;
01/11/2014;12:59:00;77;com vítima;553;BR-262/MG;Oeste;Capotamento;;;1;;;;;;;;0;;;;1
01/11/2014;12:25:00;75;sem vítima;97,6;BR-060/GO;Norte;Choque - Defensa, barreira ou "submarino";1;;;;;;;;;;1;;;;
01/11/2014;09:30:00;49;sem vítima;614;BR-262/MG;Oeste;Colisão Lateral;2;;;;;;;;;;2;;;;
01/11/2014;14:17:00;97;sem vítima;614;BR-262/MG;Oeste;Capotamento;1;;;;;;;;;;1;;;;
01/11/2014;13:54:00;88;sem vítima;649;BR-262/MG;Leste;Colisão Lateral;1;;1;;;;;;;;3;;;;
01/11/2014;09:09:00;55;sem vítima;651;BR-262/MG;Oeste;Colisão Traseira;1;;1;;;;;;;;2;;;;
01/11/2014;18:10:00;139;sem vítima;605;BR-153/GO;Sul;Capotamento;1;;;;;;;;;;1;;;;
01/11/2014;18:10:00;137;com vítima;862;BR-262/MG;Oeste;Colisão Frontal;2;;;;;;;;;;1;;;2;
02/11/2014;14:23:00;261;com vítima;353;BR-262/MG;Oeste;Capotamento;1;;;;;;;;;;0;2;;;
02/11/2014;17:21:00;293;com vítima;0,8;BR-060/GO;Norte;Queda;2;;;;;;;;;;2;1;;;
02/11/2014;16:05:00;280;com vítima;1,3;BR-060/DF;Sul;Capotamento;2;;;;;;;;;;1;1;;;
02/11/2014;05:35:00;207;com vítima;501,5;BR-153/GO;Norte;Choque - Defensa, barreira ou "submarino";2;;;;;;;;;;1;1;;;
02/11/2014;09:30:00;222;sem vítima;4,3;BR-060/DF;Sul;Queda;1;;;1;;;;;;;2;;;;
02/11/2014;18:42:00;303;sem vítima;516;BR-153/GO;Norte;;2;;;;;;;;;;2;;;;
02/11/2014;20:20:00;326;com vítima;519;BR-153/GO;Sul;Colisão Traseira;2;;;;;;;;;;0;2;;;
02/11/2014;04:06:00;201;com vítima;532;BR-153/GO;Norte;;1;;;;;;;;;;0;1;;;
02/11/2014;00:36:00;180;com vítima;578,2;BR-262/MG;Oeste;Capotamento;1;;;;;;;;;;1;1;;;
02/11/2014;15:58:00;279;sem vítima;541;BR-153/GO;Norte;Colisão Traseira;2;;;;;;;;;;2;;;;
02/11/2014;19:05:00;317;sem vítima;583;BR-153/GO;Sul;Saida de Pista;1;;;;;;;;;;1;;;;
02/11/2014;20:24:00;334;sem vítima;678;BR-262/MG;Oeste;Colisão Lateral;1;;1;;;;;;;;2;;;;
02/11/2014;18:16:00;301;com vítima;604;BR-153/GO;Sul;Saida de Pista;1;;;;;;;;;;0;2;;;
02/11/2014;01:15:00;184;com vítima;216;BR-153/MG;Norte;Colisão Frontal;2;;;;;;;;;;1;1;;;
02/11/2014;07:02:00;211;sem vítima;771;BR-262/MG;Leste;Saida de Pista;1;;;;;;;;;;1;;;;
02/11/2014;20:10:00;323;sem vítima;29;BR-060/DF;Norte;Saida de Pista;1;;;;;;;;;;1;;;;
02/11/2014;05:45:00;208;com vítima;226;BR-153/MG;Sul;;1;;;;;;;;;;0;1;;;
02/11/2014;08:25:00;226;com vítima;810;BR-262/MG;Leste;Capotamento;1;;;;;;;;;;1;1;;;
02/11/2014;15:00:00;266;sem vítima;812;BR-262/MG;Leste;Saida de Pista;1;;;;;;;;;;1;;;;
02/11/2014;22:04:00;346;com vítima;657,7;BR-153/GO;Sul;Colisão Traseira;;;2;;;;;;;;0;2;;;
02/11/2014;16:42:00;283;com vítima;668;BR-153/GO;Norte;Colisão Traseira;1;;1;;;;;;;;1;1;;;
02/11/2014;10:19:00;209;sem vítima;900;BR-262/MG;Oeste;Choque - Objeto sobre a pista;;;;1;;;;;;;1;;;;
03/11/2014;18:14:00;535;sem vítima;358;BR-262/MG;Leste;Colisão Traseira;2;;;1;;;;;;;4;;;;
03/11/2014;21:09:00;572;sem vítima;10,3;BR-060/GO;Norte;Capotamento;1;;;;;;;;;;1;;;;
03/11/2014;07:23:00;408;com vítima;12,6;BR-060/GO;Norte;Capotamento;1;;;;;;;;;;0;1;;;
03/11/2014;11:28:00;460;sem vítima;23,6;BR-153/MG;Sul;;1;;;;;;;;;;1;;;;
03/11/2014;00:25:00;364;sem vítima;52;BR-060/GO;Norte;Colisão Frontal;2;;;;;;;;;;2;;;;
03/11/2014;08:14:00;416;com vítima;56,3;BR-060/GO;Norte;Capotamento;1;;;;;;;;;;0;1;;;
03/11/2014;07:42:00;412;com vítima;440;BR-262/MG;Leste;Queda de Moto;;;;1;;;;;;;0;1;;;
03/11/2014;06:00:00;479;com vítima;445;BR-262/MG;Oeste;Colisão Frontal;;;2;;;;;;;;1;;;1;
03/11/2014;12:33:00;466;com vítima;77;BR-060/GO;Norte;Capotamento;1;;;;;;;;;;0;1;;;
03/11/2014;01:12:00;372;sem vítima;6,26;BR-060/DF;Sul;Colisão Lateral;2;;;;;;;;;;2;;;;
03/11/2014;18:45:00;549;sem vítima;509;BR-153/GO;Sul;;1;;1;;;;;;;;2;;;;
03/11/2014;00:44:00;369;com vítima;93;BR-060/GO;Norte;Colisão Traseira;2;;;;;;;;;;1;1;;;