data;horario;n_da_ocorrencia;tipo_de_ocorrencia;km;trecho;sentido;tipo_de_acidente;automovel;bicicleta;caminhao;moto;onibus;outros;tracao_animal;transporte_de_cargas_especiais;trator_maquinas;utilitarios;ilesos;levemente_feridos;moderadamente_feridos;gravemente_feridos;mortos
03/11/2014;10:22:00;446;sem vítima;94;BR-060/GO;Sul;Colisão Lateral;1;;1;;;;;;;;2;;;;
03/11/2014;04:01:00;395;sem vítima;547;BR-262/MG;Leste;Saida de Pista;;;1;;;;;;;;1;;;;
03/11/2014;14:45:00;489;sem vítima;96;BR-060/GO;Norte;Colisão Traseira;2;;;;;;;;;;2;;;;
03/11/2014;15:55:00;491;sem vítima;586,1;BR-262/MG;Leste;Saida de Pista;1;;;;;;;;;;1;;;;
03/11/2014;17:40:00;503;sem vítima;587,5;BR-262/MG;Leste;Capotamento;1;;;;;;;;;;1;;;;
03/11/2014;18:54:00;550;com vítima;172;BR-153/MG;Norte;;1;;;;;;;;;;0;2;;;
03/11/2014;14:20:00;502;sem vítima;610,5;BR-262/MG;Leste;Saida de Pista;;;1;;;;;;;;1;;;;
03/11/2014;21:32:00;576;com vítima;113;BR-060/GO;Norte;;1;;;1;;;;;;;1;1;;;
03/11/2014;15:38:00;496;sem vítima;605;BR-153/GO;Sul;Saida de Pista;1;;;;;;;;;;1;;;;
03/11/2014;11:00:00;454;com vítima;791;BR-262/MG;Leste;Queda de Moto;;;;1;;;;;;;0;2;;;
03/11/2014;17:28:00;526;com vítima;639;BR-153/GO;Sul;Saida de Pista;1;;;;;;;;;;0;1;;;
03/11/2014;16:19:00;511;sem vítima;29,03;BR-060/DF;Norte;Saida de Pista;1;;;;;;;;;;1;;;;
03/11/2014;18:35:00;541;com vítima;655;BR-153/GO;Norte;Capotamento;1;;;;;;;;;;0;2;;2;1
04/11/2014;21:33:00;784;com vítima;361;BR-262/MG;Leste;Saida de Pista;;;1;;;;;;;;0;1;;;
04/11/2014;17:09:00;737;sem vítima;494;BR-153/GO;Sul;Colisão Traseira;1;;1;;;;;;;;2;;;;
04/11/2014;06:36:00;621;sem vítima;364;BR-262/MG;Oeste;;1;;;;;;;;;;1;;;;
04/11/2014;13:12:00;692;com vítima;1,002;BR-060/DF;Sul;Colisão Lateral;2;;1;;;;;;;;2;;;1;
04/11/2014;13:43:00;700;sem vítima;379;BR-262/MG;Oeste;Tombamento;;;1;;;;;;;;1;;;;
04/11/2014;22:55:00;617;sem vítima;379,5;BR-262/MG;Oeste;Tombamento;;;1;;;;;;;;1;;;;
04/11/2014;06:26:00;619;com vítima;427,7;BR-262/MG;Oeste;Capotamento;1;;;;;;;;;;0;6;;4;
04/11/2014;05:24:00;613;sem vítima;439;BR-262/MG;Leste;Atropelamento - Animal;1;;;;;;;;;;1;;;;
04/11/2014;15:52:00;720;com vítima;512;BR-153/GO;Norte;Colisão Traseira;1;;1;;;;;;;;1;1;;;
04/11/2014;13:20:00;693;sem vítima;96,1;BR-060/GO;Norte;Colisão Lateral;2;;;;;;;;;;2;;;;
04/11/2014;15:13:00;708;sem vítima;529;BR-153/GO;Sul;Saida de Pista;1;;;;;;;;;;1;;;;
04/11/2014;13:03:00;690;sem vítima;135;BR-153/MG;Norte;Saida de Pista;1;;;;;;;;;;1;;;;
04/11/2014;20:55:00;777;com vítima;15;BR-060/DF;Norte;Saida de Pista;1;;;;;;;;;;1;1;;;
04/11/2014;14:40:00;705;com vítima;100;BR-060/GO;Norte;Colisão Lateral;1;;1;;;;;;;;2;1;;;
04/11/2014;19:27:00;768;com vítima;183;BR-153/MG;Sul;Colisão Traseira;;;3;;;;;;;;0;2;;1;
04/11/2014;16:55:00;735;com vítima;185;BR-153/MG;Sul;Colisão Frontal;1;;1;;;;;;;;0;1;;;1
04/11/2014;15:38:00;715;sem vítima;26,2;BR-060/DF;Norte;Saida de Pista;1;;;;;;;;;;1;;;;
05/11/2014;19:00:00;929;com vítima;370;BR-262/MG;Leste;Capotamento;;;1;;;;;;;;0;;;;1
05/11/2014;13:13:00;851;com vítima;382;BR-262/MG;Oeste;Capotamento;1;;1;;;;;;;;1;2;;;
05/11/2014;13:53:00;862;sem vítima;42,2;BR-060/GO;Sul;Saida de Pista;1;;;;;;;;;;1;;;;
05/11/2014;23:45:00;949;sem vítima;43,5;BR-060/GO;Sul;Atropelamento - Animal;1;;;;;;;;;;1;;;;
05/11/2014;20:58:00;931;com vítima;44,9;BR-060/GO;Norte;Tombamento;1;;;;;;;;;;1;1;;;
05/11/2014;16:10:00;881;sem vítima;45;BR-060/GO;Norte;Colisão Traseira;1;;;;;;;;;;1;;;;
05/11/2014;18:26:00;907;sem vítima;501;BR-153/GO;Sul;Colisão Traseira;3;;;;;;;;;;3;;;;
05/11/2014;14:08:00;859;sem vítima;46,9;BR-060/GO;Norte;Choque - Defensa, barreira ou "submarino";1;;;;;;;;;;1;;;;
05/11/2014;18:54:00;914;com vítima;502;BR-153/GO;Norte;Queda;;;;1;;;;;;;0;2;;;
05/11/2014;09:14:00;822;sem vítima;61;BR-060/GO;Norte;Colisão Traseira;2;;;;;;;;;;2;;;;
05/11/2014;02:00:00;801;com vítima;68;BR-153/MG;Norte;Saida de Pista;;;2;;;;;;;;1;1;;;
05/11/2014;18:02:00;904;sem vítima;96;BR-060/GO;Sul;Choque - Defensa, barreira ou "submarino";1;;;;;;;;;;1;;;;
05/11/2014;14:00:00;808;sem vítima;614;BR-262/MG;Leste;Capotamento;1;;;;;;;;;;1;;;;
05/11/2014;01:08:00;800;sem vítima;588;BR-153/GO;Norte;Saida de Pista;;;1;;;;;;;;2;;;;
05/11/2014;04:45:00;802;sem vítima;588;BR-153/GO;Norte;Colisão Lateral;;;;;1;;;;;;1;;;;
05/11/2014;11:11:00;833;com vítima;693,5;BR-262/MG;Leste;Colisão Frontal;1;;1;;;;;;;;1;;;1;
05/11/2014;16:07:00;877;sem vítima;29;BR-060/DF;Norte;Colisão Traseira;3;;;;;;;;;;4;;;;
06/11/2014;21:14:00;1144;com vítima;0,3;BR-060/GO;Norte;Capotamento;1;;;;;;;;;;0;1;;;1
06/11/2014;15:16:00;1071;com vítima;25;BR-060/GO;Norte;Colisão Lateral;1;;1;;;;;;;;1;1;;;
06/11/2014;16:20:00;1086;com vítima;386;BR-262/MG;Oeste;Capotamento;1;;;;;;;;;;0;1;;;
06/11/2014;13:55:00;1057;com vítima;42,4;BR-060/GO;Norte;Saida de Pista;1;;;;;;;;;;1;1;;;
06/11/2014;17:48:00;1112;sem vítima;505;BR-153/GO;Sul;Colisão Lateral;1;;1;;;;;;;;2;;;;
06/11/2014;16:36:00;1090;com vítima;506;BR-153/GO;Sul;Colisão Traseira;;;1;1;;;;;;;1;;;;1
06/11/2014;16:47:00;1094;com vítima;527;BR-262/MG;Leste;Choque - Arvore;1;;;;;;;;;;0;;;;1
06/11/2014;05:00:00;986;com vítima;578;BR-262/MG;Leste;Colisão Transversal;;;2;;;;;;;;1;;;;1
06/11/2014;12:03:00;1041;com vítima;14;BR-060/DF;Norte;Atropelamento - Usuário;1;;;;;;;;;;1;1;;;
06/11/2014;15:35:00;1082;com vítima;575;BR-153/GO;Norte;Saida de Pista;;;;;;;;;;1;0;1;;;
06/11/2014;16:13:00;1085;sem vítima;118;BR-060/GO;Sul;;1;;;;;;;;;;1;;;;
06/11/2014;12:23:00;1044;sem vítima;748,3;BR-262/MG;Oeste;Colisão Traseira;;;2;;;;;;;;2;;;;
07/11/2014;13:23:00;1256;com vítima;1,3;BR-060/GO;Sul;Saida de Pista;1;;;;;;;;;;0;1;;;
07/11/2014;13:34:00;1259;sem vítima;1,6;BR-060/GO;Sul;;1;;;;;;;;;;1;;;;
07/11/2014;23:45:00;1167;sem vítima;364;BR-262/MG;Leste;Atropelamento - Animal;;;1;;;;;;;;1;;;;
07/11/2014;10:28:00;1230;com vítima;364;BR-262/MG;Leste;Tombamento;;;1;;;;;;;;0;1;;;
07/11/2014;18:08:00;1316;sem vítima;385;BR-262/MG;Leste;Saida de Pista;1;;;;;;;;;;1;;;;
07/11/2014;15:54:00;1285;sem vítima;388;BR-262/MG;Oeste;;1;;;;;;;;;;1;;;;
07/11/2014;07:29:00;1201;com vítima;501;BR-153/GO;Norte;Colisão Lateral;1;;;1;;;;;;;1;1;;;
07/11/2014;09:36:00;1222;com vítima;29;BR-153/MG;Norte;Capotamento;1;;;;;;;;;;0;4;;;
07/11/2014;17:46:00;1310;sem vítima;48,4;BR-060/GO;Sul;Colisão Traseira;1;;1;;;;;;;;2;;;;
07/11/2014;21:23:00;1351;com vítima;439;BR-262/MG;Leste;Colisão Lateral;1;;1;;;;;;;;1;1;;;
07/11/2014;15:33:00;1280;com vítima;59;BR-153/MG;Sul;Tombamento;;;1;;;;;;;;0;3;;;
07/11/2014;12:19:00;1300;com vítima;519;BR-262/MG;Leste;Colisão Traseira;2;;;;;;;;;;2;3;;;
07/11/2014;11:00:00;1237;sem vítima;518;BR-153/GO;Norte;Capotamento;1;;;;;;;;;;1;;;;
07/11/2014;18:15:00;1317;sem vítima;96;BR-060/GO;Norte;Colisão Traseira;2;;;;;;;;;;2;;;;
07/11/2014;22:00:00;1363;sem vítima;122;BR-153/MG;Sul;Colisão Traseira;;;1;;;;;;;;1;;;;
07/11/2014;23:25:00;1374;sem vítima;97;BR-060/GO;Norte;Colisão Traseira;2;;;;;;;;;;4;;;;
07/11/2014;15:13:00;1275;com vítima;576;BR-262/MG;Leste;Capotamento;1;;;;;;;;;;0;2;;;
07/11/2014;17:45:00;1309;sem vítima;100;BR-060/GO;Norte;Colisão Traseira;2;;;;;;;;;;5;;;;
07/11/2014;10:55:00;1236;com vítima;577;BR-153/GO;Sul;Capotamento;1;;;;;;;;;;0;3;;;1
07/11/2014;14:55:00;1272;com vítima;624,9;BR-153/GO;Sul;Saida de Pista;1;;;;;;;;;;0;2;;;
07/11/2014;07:31:00;1206;sem vítima;809;BR-262/MG;Leste;Atropelamento - Animal;1;;;;;;;;;;1;;;;
07/11/2014;08:55:00;1217;com vítima;131;BR-060/GO;Sul;Colisão Lateral;1;;;1;;;;;;;1;1;;;
08/11/2014;04:31:00;1413;com vítima;5;BR-060/GO;Sul;Colisão Frontal;2;;;;;;;;;;0;1;;1;
08/11/2014;21:20:00;1594;sem vítima;498;BR-153/GO;Norte;Choque - Defensa, barreira ou "submarino";1;;;;;;;;;;2;;;;
08/11/2014;04:29:00;1428;com vítima;383;BR-262/MG;Oeste;Colisão Lateral;1;;;;;;;;;;0;1;;;
08/11/2014;19:23:00;1563;sem vítima;38;BR-060/GO;Sul;;1;;;;;;;;;;1;;;;
08/11/2014;14:30:00;1503;com vítima;42;BR-060/GO;Norte;Colisão Lateral;1;;;;;;;;;;0;1;;;
08/11/2014;15:43:00;1515;com vítima;4;BR-060/DF;Sul;Capotamento;;;;1;;;;;;;0;1;;;
08/11/2014;02:46:00;1401;sem vítima;68,2;BR-060/GO;Norte;Capotamento;1;;;;;;;;;;5;;;;
08/11/2014;17:30:00;1548;sem vítima;112,5;BR-153/MG;Sul;Saida de Pista;1;;;;;;;;;;1;;;;
08/11/2014;16:35:00;1530;com vítima;120,3;BR-153/MG;Sul;Colisão Traseira;2;;;;;;;;;;1;1;;;
08/11/2014;20:40:00;1420;sem vítima;581;BR-262/MG;Oeste;Saida de Pista;1;;;;;;;;;;1;;;;
08/11/2014;16:52:00;1532;com vítima;18;BR-060/DF;Sul;Tombamento;1;;;;;;;;;;0;1;;;
08/11/2014;11:06:00;1458;sem vítima;105;BR-060/GO;Sul;Colisão Traseira;;;2;;;;;;;;2;;;;
08/11/2014;08:57:00;1447;com vítima;23,5;BR-060/DF;Norte;Capotamento;1;;;;;;;;;;0;1;;;
08/11/2014;19:26:00;1564;com vítima;591;BR-262/MG;Leste;Atropelamento - Outros;1;;;;;;;;;;0;2;;;
08/11/2014;04:29:00;1415;sem vítima;175;BR-153/MG;Sul;Colisão Lateral;;;1;;;;;;;;1;;;;
08/11/2014;15:00:00;1518;com vítima;622;BR-262/MG;Leste;Saida de Pista;1;;;;;;;;;;0;1;;;
08/11/2014;08:30:00;1444;com vítima;665;BR-262/MG;Leste;Capotamento;1;;;;;;;;;;0;2;;;
08/11/2014;15:30:00;1510;com vítima;600,8;BR-153/GO;Norte;Queda de Moto;;;;1;;;;;;;1;1;;;
08/11/2014;06:43:00;1426;sem vítima;209;BR-153/MG;Sul;Saida de Pista;1;;;;;;;;;;1;;;;
09/11/2014;09:58:00;1662;com vítima;9,7;BR-060/GO;Sul;Capotamento;1;;;;;;;;;;0;1;;2;
09/11/2014;14:52:00;1704;com vítima;26;BR-060/GO;Sul;Capotamento;1;;;;;;;;;;0;2;;;
09/11/2014;01:58:00;1623;sem vítima;28;BR-060/GO;Norte;Saida de Pista;1;;;;;;;;;;2;;;;
09/11/2014;03:14:00;1629;sem vítima;499;BR-153/GO;Norte;Choque - Suporte de Sinalização;;;;1;;;;;;;1;;;;
09/11/2014;07:39:00;1649;sem vítima;409;BR-262/MG;Oeste;Capotamento;1;;;;;;;;;;1;;;;
09/11/2014;05:44:00;1639;com vítima;504;BR-153/GO;Norte;;1;;;;;;;;;;0;1;;;
09/11/2014;16:34:00;1726;sem vítima;505;BR-153/GO;Norte;Colisão Traseira;1;;;1;;;;;;;2;;;;
09/11/2014;21:05:00;1770;com vítima;506;BR-153/GO;Norte;Colisão Frontal;1;;;1;;;;;;;1;1;;;
09/11/2014;01:45:00;1621;sem vítima;5;BR-060/DF;Norte;Saida de Pista;1;;;;;;;;;;1;;;;
09/11/2014;19:53:00;1752;com vítima;507;BR-153/GO;Sul;Colisão Traseira;2;;;;;;;;;;1;1;;;
09/11/2014;07:59:00;1646;com vítima;79;BR-060/GO;Norte;;;;;2;;;;;;;1;2;;;
09/11/2014;07:41:00;1644;sem vítima;80;BR-060/GO;Norte;Colisão Lateral;2;;;;;;;;;;2;;;;
09/11/2014;07:54:00;1645;com vítima;6,2;BR-060/DF;Sul;Colisão Lateral;2;;;;;;;;;;1;1;;;
09/11/2014;19:00:00;1789;sem vítima;576;BR-262/MG;Leste;Capotamento;1;;;;;;;;;;1;;;;
09/11/2014;17:53:00;1736;sem vítima;575;BR-153/GO;Norte;;1;;;;;;;;;;1;;;;
09/11/2014;19:05:00;1746;sem vítima;576;BR-153/GO;Norte;Saida de Pista;1;;;;;;;;;;1;;;;
09/11/2014;10:33:00;1668;com vítima;582;BR-153/GO;Sul;;1;;;;;;;;;;0;1;;;
09/11/2014;09:25:00;1678;com vítima;582;BR-153/GO;Sul;;1;;;;;;;;;;0;1;;;
09/11/2014;17:12:00;1732;sem vítima;589;BR-153/GO;Norte;;;;1;;;;;;;;1;;;;
09/11/2014;16:30:00;1725;sem vítima;599,9;BR-153/GO;Norte;Choque - Arvore;1;;;;;;;;;;1;;;;
09/11/2014;01:20:00;1619;sem vítima;245;BR-153/MG;Sul;Colisão Traseira;2;;;;;;;;;;2;;;;
10/11/2014;07:47:00;1849;com vítima;47;BR-060/GO;Norte;Capotamento;1;;;;;;;;;;0;1;;;
10/11/2014;04:01:00;1821;sem vítima;68,3;BR-060/GO;Sul;Capotamento;1;;;;;;;;;;1;;;;
10/11/2014;20:30:00;1980;com vítima;506;BR-153/GO;Norte;Atropelamento - Sem Informação;1;;;;;;;;;;0;1;;;1
10/11/2014;17:26:00;1943;sem vítima;458;BR-262/MG;Oeste;Colisão Traseira;;;2;;;;;;;;2;;;;
10/11/2014;17:53:00;1946;sem vítima;58;BR-153/MG;Norte;Tombamento;;;1;;;;;;;;1;;;;
10/11/2014;22:50:00;2005;sem vítima;79;BR-060/GO;Sul;;;;;1;;;;;;;1;;;;
10/11/2014;06:00:00;1840;sem vítima;104;BR-153/MG;Norte;Saida de Pista;1;;;;;;;;;;1;;;;
10/11/2014;23:20:00;1876;com vítima;581;BR-262/MG;Leste;Capotamento;;;1;;;;;;;;0;1;;;
10/11/2014;00:22:00;1809;sem vítima;547,9;BR-153/GO;Sul;Capotamento;1;;;;;;;;;;1;;;;
10/11/2014;10:50:00;1879;com vítima;23,8;BR-060/DF;Norte;Capotamento;1;;;;;;;;;;0;1;;;
10/11/2014;19:02:00;1965;sem vítima;574;BR-153/GO;Norte;Atropelamento - Sem Informação;1;;;;;;;;;;1;;;;
10/11/2014;08:00:00;1871;sem vítima;579;BR-153/GO;Norte;;1;;;;;;;;;;1;;;;
10/11/2014;07:30:00;1844;com vítima;28,8;BR-060/DF;Norte;Capotamento;1;;;;;;;;;;0;1;;;
10/11/2014;21:37:00;1986;com vítima;665;BR-153/GO;Sul;Saida de Pista;;;1;;;;;;;;0;1;;;
11/11/2014;14:25:00;2136;sem vítima;367;BR-262/MG;Oeste;Saida de Pista;1;;;;;;;;;;1;;;;
11/11/2014;16:46:00;2164;sem vítima;500;BR-153/GO;Sul;Queda de Moto;;;;1;;;;;;;1;;;;
11/11/2014;17:00:00;2157;sem vítima;460,1;BR-262/MG;Oeste;Colisão Traseira;1;;1;;;;;;;;2;;;;
11/11/2014;15:55:00;2150;sem vítima;524;BR-262/MG;Leste;Colisão Frontal;2;;;;;;;;;;2;;;;
11/11/2014;15:11:00;2142;sem vítima;519,5;BR-153/GO;Norte;Queda de Moto;;;;1;;;;;;;1;;;;
11/11/2014;16:12:00;2155;sem vítima;581;BR-153/GO;Norte;Saida de Pista;;;1;;;;;;;;1;;;;
11/11/2014;13:40:00;2192;sem vítima;698;BR-262/MG;Oeste;Capotamento;1;;;;;;;;;;1;;;;
11/11/2014;07:04:00;2054;com vítima;730;BR-262/MG;Leste;Colisão Traseira;1;;1;;;;;;;;1;1;;;
11/11/2014;07:21:00;2073;sem vítima;876;BR-262/MG;Leste;Colisão Lateral;2;;;;;;;;;;2;;;;
11/11/2014;14:48:00;2137;sem vítima;908;BR-262/MG;Oeste;Saida de Pista;;;1;;;;;;;;1;;;;
12/11/2014;17:20:00;2394;sem vítima;354;BR-262/MG;Oeste;Capotamento;1;;;;;;;;;;1;;;;
12/11/2014;10:05:00;2328;com vítima;1;BR-060/DF;Sul;Choque - Arvore;1;;;;;;;;;;0;1;;;
12/11/2014;15:15:00;2387;com vítima;363,5;BR-262/MG;Leste;Choque - Outros;1;;;;;;;;;;0;1;;;
12/11/2014;08:33:00;2300;sem vítima;369;BR-262/MG;Leste;Colisão Transversal;1;;1;;;;;;;;2;;;;
12/11/2014;15:48:00;2396;sem vítima;25,8;BR-060/GO;Sul;;2;;;;;;;;;;2;;;;
12/11/2014;14:39:00;2377;com vítima;379,6;BR-262/MG;Leste;Saida de Pista;1;;;;;;;;;;0;2;;;
12/11/2014;15:26:00;2392;sem vítima;26,8;BR-060/GO;Sul;;1;;;;;;;;;;1;;;;
12/11/2014;13:35:00;2371;sem vítima;382;BR-262/MG;Oeste;Queda de Moto;;;;1;;;;;;;1;;;;
12/11/2014;15:30:00;2395;com vítima;41,9;BR-060/GO;Sul;;1;;;;;;;;;;0;2;;;
12/11/2014;18:32:00;2428;sem vítima;4;BR-060/DF;Sul;Colisão Lateral;2;;;;;;;;;;2;;;;
12/11/2014;16:38:00;2401;sem vítima;501;BR-153/GO;Sul;Saida de Pista;;;1;;;;;;;;1;;;;
12/11/2014;14:41:00;2378;com vítima;47;BR-060/GO;Norte;Choque - Defensa, barreira ou "submarino";1;;;;;;;;;;0;3;;;
12/11/2014;08:29:00;2311;sem vítima;435,8;BR-262/MG;Oeste;Colisão Traseira;1;;1;;;;;;;;2;;;;
12/11/2014;20:29:00;2449;sem vítima;504;BR-153/GO;Norte;Choque - Poste;;;1;;;;;;;;1;;;;
12/11/2014;15:52:00;2397;sem vítima;92;BR-060/GO;Sul;;;;1;;;;;;;;1;;;;
12/11/2014;09:36:00;2315;sem vítima;515;BR-153/GO;Sul;Colisão Lateral;2;;;;;;;;;;2;;;;
12/11/2014;09:45:00;2319;com vítima;575;BR-153/GO;Sul;Queda de Moto;1;;;;;;;;;;0;1;;;
12/11/2014;21:09:00;2454;sem vítima;575;BR-153/GO;Norte;Colisão Lateral;1;;;;;;;;;;1;;;;
12/11/2014;17:50:00;2435;sem vítima;172,1;BR-153/MG;Sul;Saida de Pista;1;;;;;;;;;;1;;;;
12/11/2014;20:55:00;2453;sem vítima;576;BR-153/GO;Norte;;1;;;;;;;;;;1;;;;
12/11/2014;20:21:00;2448;sem vítima;582;BR-153/GO;Norte;Engavetamento;;;2;;;;;;;;2;;;;
12/11/2014;12:47:00;2354;sem vítima;587,1;BR-153/GO;Norte;Tombamento;;;1;;;;;;;;1;;;;
12/11/2014;15:08:00;2385;sem vítima;606;BR-153/GO;Norte;;;;1;;;;;;;;1;;;;
12/11/2014;00:03:00;2257;sem vítima;750;BR-262/MG;Leste;Colisão Traseira;;;2;;;;;;;;2;;;;
12/11/2014;16:24:00;2399;com vítima;29;BR-060/DF;Norte;Capotamento;1;;;;;;;;;;0;1;;;
12/11/2014;16:46:00;2402;sem vítima;124;BR-060/GO;Norte;Choque - Outros;2;;3;;;;;;;;5;;;;
12/11/2014;11:04:00;2337;com vítima;128;BR-060/GO;Sul;Queda de Moto;;;;1;;;;;;;0;1;;;
13/11/2014;10:17:00;2554;com vítima;364;BR-262/MG;Oeste;Capotamento;1;;;;;;;;;;0;1;;;
13/11/2014;09:29:00;2548;sem vítima;369;BR-262/MG;Leste;Colisão Traseira;2;;;;;;;;;;3;;;;
13/11/2014;08:23:00;2531;sem vítima;500;BR-153/GO;Sul;Colisão Traseira;6;;;;;;;;;;6;;;;
13/11/2014;16:43:00;2632;com vítima;24,5;BR-153/MG;Sul;Saida de Pista;1;;;;;;;;;;0;1;;;
13/11/2014;15:05:00;2610;com vítima;34,5;BR-153/MG;Sul;Queda;;;;1;;;;;;;0;1;;;
13/11/2014;07:05:00;2510;sem vítima;427,3;BR-262/MG;Leste;Capotamento;1;;;;;;;;;;1;;;;
13/11/2014;08:04:00;2526;com vítima;505;BR-153/GO;Norte;Colisão Lateral;;;;1;;;;;;;0;1;;;
13/11/2014;20:09:00;2679;com vítima;54;BR-153/MG;Sul;Colisão Lateral;2;;;;;;;;;2;3;2;;;
13/11/2014;05:30:00;2505;sem vítima;468,7;BR-262/MG;Leste;Tombamento;;;1;;;;;;;;1;;;;
13/11/2014;11:46:00;2568;sem vítima;508;BR-153/GO;Norte;Colisão Traseira;1;;;;1;;;;;;2;;;;
13/11/2014;12:01:00;2571;sem vítima;88,5;BR-060/GO;Norte;Colisão Lateral;2;;;;;;;;;;2;;;;
13/11/2014;18:43:00;2660;com vítima;528;BR-262/MG;Oeste;Capotamento;1;;;;;;;;;;0;3;;1;
13/11/2014;04:28:00;2493;com vítima;547;BR-262/MG;Oeste;Capotamento;1;;;;;;;;;;0;1;;;
13/11/2014;10:32:00;2555;sem vítima;114;BR-153/MG;Sul;Colisão Lateral;;;2;;;;;;;;2;;;;
13/11/2014;07:55:00;2523;com vítima;24,8;BR-060/DF;Sul;Capotamento;1;;;;;;;;;;0;1;;;
13/11/2014;13:47:00;2598;sem vítima;575,4;BR-153/GO;Norte;Capotamento;1;;;;;;;;;;1;;;;
13/11/2014;13:00:00;2585;sem vítima;607,7;BR-153/GO;Norte;Capotamento;1;;;;;;;;;;1;;;;
13/11/2014;15:18:00;2613;sem vítima;700;BR-153/GO;Sul;Capotamento;1;;;;;;;;;;1;;;;
14/11/2014;07:11:00;2773;sem vítima;360;BR-262/MG;Leste;Saida de Pista;1;;;;;;;;;;1;;;;
14/11/2014;15:30:00;2873;com vítima;364;BR-262/MG;Leste;Queda de Ciclista;;;;1;;;;;;;0;2;;;
14/11/2014;15:03:00;2829;com vítima;18,7;BR-060/GO;Norte;Capotamento;1;;;;;;;;;;0;1;;;
14/11/2014;13:21:00;2817;sem vítima;26,5;BR-060/GO;Sul;Saida de Pista;1;;;;;;;;;;1;;;;
14/11/2014;14:31:00;2826;sem vítima;499;BR-153/GO;Sul;Engavetamento;3;;;;;;;;;;3;;;;
14/11/2014;11:39:00;2794;sem vítima;404,2;BR-262/MG;Oeste;Saida de Pista;1;;;;;;;;;;1;;;;
14/11/2014;10:50:00;2793;com vítima;48;BR-060/GO;Norte;Choque - Arvore;;;1;;;;;;;;0;2;;;
14/11/2014;17:23:00;2860;com vítima;502;BR-153/GO;Sul;Colisão Traseira;1;;;1;;;;;;;1;1;;;
14/11/2014;16:34:00;2849;sem vítima;38;BR-153/MG;Sul;Saida de Pista;1;;;;;;;;;;1;;;;
14/11/2014;11:55:00;2800;sem vítima;504;BR-153/GO;Sul;Colisão Traseira;1;;;1;;;;;;;2;;;;
14/11/2014;02:08:00;2730;com vítima;58;BR-153/MG;Sul;Saida de Pista;;;;;1;;;;;;0;1;;;
14/11/2014;14:57:00;2828;sem vítima;78,3;BR-060/GO;Norte;Choque - Outros;;;1;;;;;;;;1;;;;
14/11/2014;09:30:00;2782;sem vítima;84;BR-060/GO;Norte;Colisão Frontal;;;1;;1;;;;;;2;;;;
14/11/2014;07:21:00;2753;com vítima;96;BR-060/GO;Sul;Colisão Lateral;;;;2;;;;;;;0;2;;;
14/11/2014;15:35:00;2834;sem vítima;574,575;BR-262/MG;Leste;Saida de Pista;1;;;;;;;;;;1;;;;
14/11/2014;20:07:00;2906;sem vítima;16,6;BR-060/DF;Sul;Saida de Pista;1;;;;;;;;;;1;;;;
14/11/2014;12:03:00;2801;sem vítima;558;BR-153/GO;Norte;Saida de Pista;1;;;;;;;;;;1;;;;
14/11/2014;12:26:00;2805;sem vítima;106;BR-060/GO;Sul;Saida de Pista;1;;;;;;;;;;1;;;;
14/11/2014;15:41:00;2835;sem vítima;571,573;BR-153/GO;Sul;Capotamento;1;;;;;;;;;;1;;;;
14/11/2014;12:58:00;2810;sem vítima;107,108;BR-060/GO;Sul;Engavetamento;1;;1;;;;;;;;2;;;;
14/11/2014;19:19:00;2891;com vítima;175;BR-153/MG;Sul;Atropelamento - Usuário;1;;1;;;;;;;;2;1;;1;
14/11/2014;15:52:00;2837;sem vítima;582;BR-153/GO;Norte;Capotamento;1;;;;;;;;;;1;;;;
14/11/2014;16:10:00;2843;sem vítima;583;BR-153/GO;Sul;Capotamento;;;;;;;;;;1;1;;;;
14/11/2014;20:20:00;2915;com vítima;642,7;BR-153/GO;Sul;Capotamento;;;;;;;;;;1;0;1;;;
14/11/2014;18:55:00;2883;sem vítima;29,4;BR-060/DF;Sul;Colisão Lateral;2;;;;;;;;;;2;;;;
14/11/2014;14:10:00;2823;com vítima;701,3;BR-153/GO;Sul;Atropelamento - Usuário;;;1;;;;;;;;1;1;;;
14/11/2014;11:24:00;2796;sem vítima;138;BR-060/GO;Norte;Saida de Pista;1;;;;;;;;;;1;;;;
15/11/2014;06:13:00;2970;com vítima;0;BR-060/GO;Sul;Choque - Outros;1;;;;;;;;;;0;1;;;
15/11/2014;15:54:00;3112;sem vítima;3,4;BR-060/GO;Sul;Colisão Traseira;2;;;;;;;;;;2;;;;
15/11/2014;19:00:00;3170;com vítima;2,8;BR-060/DF;Norte;Colisão Lateral;2;;;;;;;;;;2;1;;;
15/11/2014;18:15:00;3179;sem vítima;432;BR-262/MG;Leste;Queda;;;1;;;;;;;;1;;;;
15/11/2014;22:40:00;3197;com vítima;505;BR-153/GO;Norte;Colisão Traseira;;;;1;;;;;;;0;;;1;
15/11/2014;11:49:00;3061;com vítima;80,5;BR-060/GO;Sul;Capotamento;1;;;;;;;;;;2;;;1;
15/11/2014;02:44:00;2955;sem vítima;582;BR-262/MG;Leste;Saida de Pista;1;;;;;;;;;;1;;;;
15/11/2014;22:30:00;2947;com vítima;583;BR-262/MG;Leste;Saida de Pista;1;;;;;;;;;;0;2;;;
15/11/2014;07:56:00;2991;com vítima;587;BR-262/MG;Leste;Saida de Pista;1;;;;;;;;;;2;2;;;
15/11/2014;02:31:00;2954;com vítima;106;BR-060/GO;Sul;Colisão Lateral;1;;;1;;;;;;1;2;1;;;
15/11/2014;11:55:00;3069;com vítima;111;BR-060/GO;Norte;Engavetamento;10;;1;;;;;;;;10;2;;;
15/11/2014;04:02:00;2959;sem vítima;112;BR-060/GO;Norte;Colisão Traseira;1;;;;;;;;;;1;;;;
15/11/2014;11:21:00;3051;com vítima;113;BR-060/GO;Sul;Capotamento;2;;;;;;;;;;1;1;;;