data;horario;n_da_ocorrencia;tipo_de_ocorrencia;km;trecho;sentido;tipo_de_acidente;automovel;bicicleta;caminhao;moto;onibus;outros;tracao_animal;transporte_de_cargas_especiais;trator_maquinas;utilitarios;ilesos;levemente_feridos;moderadamente_feridos;gravemente_feridos;mortos
15/11/2014;01:20:00;2969;com vítima;760;BR-262/MG;Leste;Saida de Pista;1;;;;;;;;;;2;3;;;
15/11/2014;21:42:00;3193;com vítima;851;BR-262/MG;Oeste;Colisão Traseira;1;;1;;;;;;;;1;1;;;
16/11/2014;01:48:00;3216;sem vítima;356;BR-262/MG;Leste;Atropelamento - Animal;2;;;;;;;;;;2;;;;
16/11/2014;07:00:00;3238;com vítima;364;BR-262/MG;Leste;Capotamento;1;;;;;;;;;;1;2;;;
16/11/2014;08:48:00;3256;com vítima;496;BR-153/GO;Sul;Atropelamento - Animal;;;;1;;;;;;;0;1;;;
16/11/2014;21:55:00;3430;com vítima;26,5;BR-060/GO;Norte;Tombamento;;;1;;;;;;;;0;1;;;
16/11/2014;20:06:00;3402;sem vítima;59,9;BR-060/GO;Sul;Colisão Frontal;4;;;;;;;;;;4;;;;
16/11/2014;17:00:00;3349;sem vítima;4,7;BR-060/DF;Sul;Colisão Traseira;3;;;;;;;;;;3;;;;
16/11/2014;21:39:00;3427;com vítima;505,5;BR-153/GO;Sul;;;;;1;;;;;;;0;1;;;
16/11/2014;20:30:00;3423;sem vítima;445;BR-262/MG;Leste;Colisão Traseira;2;;;;;;;;;;2;;;;
16/11/2014;17:50:00;3354;sem vítima;7;BR-060/DF;Norte;Queda;;;;1;;;;;;;1;;;;
16/11/2014;19:58:00;3400;com vítima;510;BR-153/GO;Norte;Choque - Defensa, barreira ou "submarino";1;;;;;;;;;;1;1;;;
16/11/2014;20:28:00;3407;com vítima;92;BR-060/GO;Sul;Queda;;;;1;;;;;;;0;1;;;
16/11/2014;07:15:00;3243;com vítima;516;BR-262/MG;Leste;Colisão Traseira;2;;;;;;;;;;0;3;;;
16/11/2014;18:10:00;3363;com vítima;24;BR-060/DF;Norte;Saida de Pista;1;;;;;;;;;;2;1;;;
16/11/2014;15:26:00;3325;sem vítima;116;BR-060/GO;Norte;Colisão Traseira;4;;;;;;;;;;4;;;;
16/11/2014;21:29:00;3421;com vítima;119,2;BR-060/GO;Sul;Colisão Traseira;;;;1;;;;;;;0;1;;;
16/11/2014;20:35:00;3418;com vítima;876;BR-262/MG;Leste;Atropelamento - Ambulante;1;;;;;;;;;;1;;;1;
17/11/2014;09:21:00;3505;com vítima;28;BR-060/GO;Norte;Saida de Pista;;;1;;;;;;;;0;;;;1
17/11/2014;17:44:00;3609;sem vítima;500,9;BR-153/GO;Sul;Colisão Traseira;2;;;;;;;;;;2;;;;
17/11/2014;13:11:00;3552;com vítima;53;BR-060/GO;Norte;Colisão Lateral;3;;;;;;;;;;4;1;;;
17/11/2014;12:10:00;3529;sem vítima;68;BR-060/GO;Sul;Capotamento;1;;;;;;;;;;3;;;;
17/11/2014;12:39:00;3549;sem vítima;68,7;BR-060/GO;Norte;Colisão Transversal;;;1;;;;;;;;1;;;;
17/11/2014;18:29:00;3620;sem vítima;525;BR-262/MG;Leste;Colisão Frontal;1;;1;;;;;;;;2;;;;
17/11/2014;15:29:00;3576;com vítima;96;BR-060/GO;Sul;Colisão Traseira;1;;2;;;;;;;;2;1;;;
17/11/2014;09:28:00;3507;sem vítima;110;BR-060/GO;Sul;Colisão Traseira;2;;;;;;;;;;2;;;;
17/11/2014;23:20:00;3663;sem vítima;633;BR-153/GO;Norte;;1;;;;;;;;;;1;;;;
17/11/2014;23:23:00;3664;com vítima;634,9;BR-153/GO;Norte;Capotamento;1;;;;;;;;;;0;1;;;
17/11/2014;00:40:00;3461;com vítima;800;BR-262/MG;Oeste;Saida de Pista;1;;;;;;;;;;0;2;;;
17/11/2014;14:24:00;3567;sem vítima;800;BR-262/MG;Oeste;Tombamento;;;1;;;;;;;;1;;;;
18/11/2014;23:30:00;3901;com vítima;0;BR-060/GO;Sul;Colisão Traseira;;;2;;;;;;;;1;;;1;
18/11/2014;21:08:00;3887;sem vítima;492;BR-153/GO;Sul;Saida de Pista;1;;;;;;;;;;1;;;;
18/11/2014;07:42:00;3712;com vítima;442;BR-262/MG;Oeste;Colisão Traseira;;;;1;;;;;;;0;1;;;
18/11/2014;21:06:00;3885;sem vítima;5,3;BR-060/DF;Norte;Colisão Traseira;2;;;;;;;;;;2;;;;
18/11/2014;12:51:00;3784;com vítima;100;BR-060/GO;Norte;Colisão Lateral;1;;;1;;;;;;;1;1;;1;
18/11/2014;08:37:00;3728;sem vítima;558,6;BR-153/GO;Norte;Queda de Moto;;;;1;;;;;;;2;;;;
18/11/2014;06:24:00;3698;sem vítima;560;BR-153/GO;Norte;Saida de Pista;1;;;;;;;;;;1;;;;
18/11/2014;11:51:00;3770;com vítima;604,5;BR-153/GO;Sul;Capotamento;1;;;;;;;;;;0;1;;;
18/11/2014;17:48:00;3852;com vítima;642;BR-153/GO;Sul;Capotamento;1;;;;;;;;;;0;1;;;
19/11/2014;18:06:00;4111;com vítima;364;BR-262/MG;Oeste;Colisão Lateral;1;;;1;;;;;;;1;;;1;
19/11/2014;06:52:00;3939;com vítima;384;BR-262/MG;Leste;Saida de Pista;1;;;;;;;;;;0;1;;;
19/11/2014;18:20:00;4076;sem vítima;500;BR-153/GO;Norte;;1;;;;;;;;;;1;;;;
19/11/2014;17:56:00;4070;sem vítima;503;BR-153/GO;Norte;;1;;;;;;;;;;1;;;;
19/11/2014;05:48:00;3935;sem vítima;55;BR-060/GO;Norte;Colisão Traseira;1;;;;;;;;;;1;;;;
19/11/2014;19:59:00;4099;com vítima;505;BR-153/GO;Sul;Colisão Traseira;1;;;;;;;;;;0;1;;;
19/11/2014;22:15:00;4119;com vítima;68;BR-153/MG;Sul;Colisão Frontal;1;;1;;;;;;;;0;1;;;1
19/11/2014;18:28:00;4078;com vítima;514;BR-153/GO;Norte;Capotamento;1;;1;;;;;;;;1;1;;;
19/11/2014;06:44:00;3937;com vítima;562,2;BR-262/MG;Leste;Capotamento;1;;;;;;;;;;0;;;1;
19/11/2014;18:33:00;4079;sem vítima;544,7;BR-153/GO;Sul;Colisão Traseira;1;;;;;;;;;;1;;;;
19/11/2014;15:22:00;4037;com vítima;583;BR-153/GO;Norte;Saida de Pista;1;;;;;;;;;;0;1;;;
19/11/2014;10:22:00;3992;com vítima;190;BR-153/MG;Sul;Tombamento;;;1;;;;;;;;0;1;;;
19/11/2014;14:42:00;4029;sem vítima;590;BR-153/GO;Norte;Saida de Pista;1;;;;;;;;;;1;;;;
19/11/2014;14:57:00;4032;sem vítima;590,5;BR-153/GO;Sul;Colisão Traseira;;;2;;;;;;;;2;;;;
19/11/2014;04:05:00;3929;com vítima;638,5;BR-153/GO;Norte;Capotamento;1;;;;;;;;;;0;1;;;
20/11/2014;16:59:00;4298;sem vítima;501;BR-153/GO;Sul;Engavetamento;1;;3;;;;;;;;4;;;;
20/11/2014;20:09:00;4336;sem vítima;464;BR-262/MG;Oeste;;1;;;;;;;;;;1;;;;
20/11/2014;10:14:00;4213;com vítima;88,5;BR-060/GO;Sul;Colisão Traseira;2;;;;;;;;;;3;1;;;
20/11/2014;08:13:00;4176;sem vítima;510;BR-153/GO;Sul;Colisão Lateral;;;1;;1;;;;;;2;;;;
20/11/2014;07:00:00;4214;com vítima;190;BR-153/MG;Sul;;;;1;;;;;;;;0;1;;;
20/11/2014;16:54:00;4297;com vítima;192;BR-153/MG;Sul;Tombamento;;;3;;;;;;;;2;1;;;
20/11/2014;19:07:00;4324;sem vítima;655;BR-262/MG;Oeste;Saida de Pista;1;;;;;;;;;;1;;;;
20/11/2014;21:54:00;4367;sem vítima;703;BR-262/MG;Oeste;Saida de Pista;1;;;;;;;;;;1;;;;
20/11/2014;04:20:00;4148;sem vítima;617,6;BR-153/GO;Norte;;1;;;;;;;;;;1;;;;
20/11/2014;16:12:00;4292;com vítima;661;BR-153/GO;Norte;Colisão Frontal;1;;;1;;;;;;;1;1;;;
20/11/2014;04:00:00;4143;com vítima;675,5;BR-153/GO;Sul;Queda de Moto;;;;1;;;;;;;0;2;;;
21/11/2014;17:22:00;4545;sem vítima;1;BR-060/DF;Sul;Colisão Lateral;2;;;;;;;;;;2;;;;
21/11/2014;13:26:00;4503;sem vítima;364;BR-262/MG;Oeste;Saida de Pista;1;;;;;;;;;;1;;;;
21/11/2014;14:00:00;4509;com vítima;495;BR-153/GO;Sul;Colisão Traseira;3;;2;;;;;;;;4;1;;;
21/11/2014;22:19:00;4622;com vítima;10;BR-153/MG;Norte;Capotamento;1;;;;;;;;;;0;1;;2;
21/11/2014;02:40:00;4409;com vítima;381,5;BR-262/MG;Leste;Capotamento;1;;;;;;;;;;0;2;;;
21/11/2014;04:22:00;4406;com vítima;500;BR-153/GO;Norte;Queda de Ciclista;;1;;;;;;;;;0;1;;;
21/11/2014;19:15:00;4578;sem vítima;39,7;BR-060/GO;Sul;Saida de Pista;1;;;;;;;;;;1;;;;
21/11/2014;04:00:00;4405;com vítima;440;BR-262/MG;Oeste;Capotamento;1;;;;;;;;;;1;2;;;
21/11/2014;11:32:00;4483;com vítima;72,3;BR-060/GO;Norte;Colisão Traseira;;;1;1;;;;;;;1;;;;1
21/11/2014;19:10:00;4591;sem vítima;451;BR-262/MG;Leste;Colisão Lateral;2;;;;;;;;;;2;;;;
21/11/2014;18:53:00;4569;sem vítima;509;BR-153/GO;Norte;Colisão Traseira;1;;;;;;;;;;1;;;;
21/11/2014;19:29:00;4583;sem vítima;88;BR-060/GO;Sul;Saida de Pista;1;;;;;;;;;;1;;;;
21/11/2014;15:27:00;4519;sem vítima;89;BR-060/GO;Norte;Colisão Traseira;2;;;;;;;;;;2;;;;
21/11/2014;15:50:00;4531;com vítima;534;BR-262/MG;Oeste;Capotamento;1;;;;;;;;;;0;5;;;
21/11/2014;17:50:00;4567;sem vítima;663;BR-262/MG;Leste;Engavetamento;2;;2;;;;;;;;4;;;;
21/11/2014;07:46:00;4432;sem vítima;604,6;BR-153/GO;Norte;Colisão Traseira;2;;;;;;;;;;2;;;;
21/11/2014;17:02:00;4540;sem vítima;123;BR-060/GO;Norte;Colisão Traseira;1;;;1;;;;;;;2;;;;
22/11/2014;02:35:00;4674;sem vítima;493,5;BR-153/GO;Sul;Saida de Pista;1;;;;;;;;;;1;;;;
22/11/2014;14:56:00;4797;sem vítima;19,8;BR-060/GO;Sul;Colisão Traseira;3;;;;;;;;;;3;;;;
22/11/2014;14:16:00;4790;sem vítima;24,7;BR-060/GO;Sul;Choque - Defensa, barreira ou "submarino";1;;;;;;;;;;1;;;;
22/11/2014;23:45:00;4895;com vítima;18,2;BR-153/MG;Norte;Colisão Frontal;2;;;;;;;;;;0;2;;;
22/11/2014;13:10:00;4770;sem vítima;384;BR-262/MG;Oeste;Queda de Ciclista;;;;1;;;;;;;1;;;;
22/11/2014;22:00:00;4886;sem vítima;37,6;BR-060/GO;Norte;Saida de Pista;1;;;;;;;;;;1;;;;
22/11/2014;01:59:00;4668;com vítima;4;BR-060/DF;Sul;Colisão Traseira;1;;;1;;;;;;;1;;;1;
22/11/2014;15:27:00;4805;com vítima;501;BR-153/GO;Norte;Colisão Traseira;2;;;;;;;;;;2;1;;;
22/11/2014;15:20:00;4803;sem vítima;409;BR-262/MG;Oeste;;1;;;;;;;;;;1;;;;
22/11/2014;18:58:00;4846;sem vítima;78;BR-060/GO;Norte;Capotamento;1;;;;;;;;;;1;;;;
22/11/2014;05:18:00;4692;sem vítima;80;BR-060/GO;Sul;Colisão Lateral;1;;2;;;;;;;;3;;;;
22/11/2014;05:15:00;4691;sem vítima;509;BR-153/GO;Sul;Choque - Defensa, barreira ou "submarino";;;;1;;;;;;;1;;;;
22/11/2014;05:15:00;4697;sem vítima;509;BR-153/GO;Sul;Colisão Traseira;2;;;;;;;;;;2;;;;
22/11/2014;07:36:00;4711;com vítima;88,6;BR-060/GO;Sul;Colisão Traseira;1;;;1;;;;;;;1;1;;;
22/11/2014;14:00:00;4785;sem vítima;97;BR-060/GO;Norte;Colisão Traseira;2;;;;;;;;;;2;;;;
22/11/2014;21:36:00;4883;sem vítima;97;BR-060/GO;Norte;Colisão Traseira;2;;;;;;;;;;5;;;;
22/11/2014;17:10:00;4832;com vítima;586;BR-262/MG;Oeste;Capotamento;1;;;;;;;;;;0;3;;;
22/11/2014;19:57:00;4853;sem vítima;587;BR-262/MG;Oeste;Saida de Pista;1;;;;;;;;;;1;;;;
22/11/2014;13:20:00;4775;sem vítima;104;BR-060/GO;Sul;Capotamento;;;1;;;;;;;;1;;;;
22/11/2014;15:16:00;4802;com vítima;562;BR-153/GO;Norte;Capotamento;1;;;;;;;;;;0;1;;;
22/11/2014;10:37:00;4744;com vítima;24,5;BR-060/DF;Norte;Saida de Pista;1;;;;;;;;;;0;1;;;
22/11/2014;14:40:00;4796;com vítima;583,64;BR-153/GO;Sul;Saida de Pista;1;;;;;;;;;;1;2;;;
22/11/2014;11:10:00;4768;com vítima;224;BR-153/MG;Norte;Capotamento;1;;;;;;;;;;0;1;;;
22/11/2014;05:32:00;4699;sem vítima;125;BR-060/GO;Norte;;1;;;;;;;;;;1;;;;
22/11/2014;04:57:00;4688;sem vítima;803;BR-262/MG;Leste;Saida de Pista;1;;;;;;;;;;1;;;;
23/11/2014;04:59:00;4923;sem vítima;489;BR-153/GO;Norte;Choque - Outros;1;;;;;;;;;;1;;;;
23/11/2014;11:43:00;4985;com vítima;6,3;BR-060/GO;Norte;Tombamento;1;;;;;;;;;;0;1;;;
23/11/2014;07:10:00;4951;com vítima;6,4;BR-060/GO;Sul;Saida de Pista;1;;;;;;;;;;0;1;;;
23/11/2014;09:13:00;4952;sem vítima;499,5;BR-153/GO;Sul;Colisão Frontal;1;;;;;;;;;;1;;;;
23/11/2014;18:44:00;5065;sem vítima;4;BR-060/DF;Norte;Colisão Traseira;3;;;;;;;;;;3;;;;
23/11/2014;14:34:00;5011;com vítima;402,8;BR-262/MG;Leste;Capotamento;1;;;;;;;;;;2;2;;;
23/11/2014;12:00:00;4986;sem vítima;55;BR-060/GO;Norte;Tombamento;1;;;;;;;;;;3;;;;
23/11/2014;15:17:00;5023;com vítima;74;BR-153/MG;Norte;Choque - Outros;;;1;;;;;;;;0;1;;;
23/11/2014;19:14:00;5069;sem vítima;95;BR-060/GO;Sul;Colisão Traseira;3;;;;;;;;;;3;;;;
23/11/2014;16:06:00;5033;com vítima;530;BR-153/GO;Norte;Capotamento;1;;;;;;;;;;1;1;;;
23/11/2014;14:27:00;5010;com vítima;125;BR-153/MG;Norte;Capotamento;1;;;;;;;;;;0;1;;;
23/11/2014;02:57:00;4914;sem vítima;542;BR-153/GO;Sul;Saida de Pista;1;;;;;;;;;;1;;;;
23/11/2014;18:30:00;5091;com vítima;586;BR-262/MG;Oeste;Capotamento;1;;;;;;;;;;0;2;;;
23/11/2014;17:21:00;5050;sem vítima;556;BR-153/GO;Norte;;1;;;;;;;;;;1;;;;
23/11/2014;02:30:00;4912;com vítima;557;BR-153/GO;Sul;Saida de Pista;1;;;;;;;;;;0;3;;;
23/11/2014;17:29:00;5052;com vítima;587;BR-262/MG;Leste;Capotamento;1;;;;;;;;;;0;2;;;
23/11/2014;17:40:00;5090;com vítima;587;BR-262/MG;Leste;Capotamento;1;;;;;;;;;;0;2;;;
23/11/2014;14:34:00;5012;com vítima;161;BR-153/MG;Norte;Capotamento;1;;;;;;;;;;0;2;;;
23/11/2014;18:23:00;5061;sem vítima;575;BR-153/GO;Sul;Capotamento;1;;;;;;;;;;1;;;;
23/11/2014;18:20:00;5070;sem vítima;575;BR-153/GO;Sul;Capotamento;1;;;;;;;;;;1;;;;
23/11/2014;18:30:00;5071;sem vítima;575;BR-153/GO;Sul;Capotamento;1;;;;;;;;;;2;;;;
23/11/2014;17:52:00;5058;sem vítima;593;BR-262/MG;Leste;Capotamento;;;;;;;;;;1;1;;;;
23/11/2014;14:14:00;5008;sem vítima;115;BR-060/GO;Sul;Saida de Pista;1;;;;;;;;;;5;;;;
23/11/2014;14:30:00;5021;com vítima;221;BR-153/MG;Sul;Colisão Traseira;2;;2;;;;;;;;3;1;;;
23/11/2014;01:54:00;4908;com vítima;224;BR-153/MG;Norte;Capotamento;1;;;;;;;;;;0;1;;;
23/11/2014;14:22:00;5009;sem vítima;123;BR-060/GO;Sul;;1;;;;;;;;;;1;;;;
23/11/2014;14:32:00;5045;sem vítima;800;BR-262/MG;Oeste;Choque - Outros;1;;;;;;;;;;1;;;;
23/11/2014;04:40:00;4919;com vítima;652;BR-153/GO;Sul;Saida de Pista;;;;1;;;;;;;0;1;;;
24/11/2014;11:25:00;5223;sem vítima;490;BR-153/GO;Sul;Colisão Traseira;1;;1;;;;;;;;2;;;;
24/11/2014;12:12:00;5236;sem vítima;490;BR-153/GO;Sul;Colisão Lateral;1;;;;;;;;;;1;;;;
24/11/2014;21:25:00;5350;sem vítima;18;BR-060/GO;Norte;Tombamento;;;1;;;;;;;;1;;;;
24/11/2014;15:15:00;5263;com vítima;496;BR-153/GO;Sul;Atropelamento - Morador;1;;;;;;;;;;1;1;;;
24/11/2014;19:00:00;5292;sem vítima;385;BR-262/MG;Leste;Saida de Pista;1;;;;;;;;;;1;;;;
24/11/2014;16:40:00;5291;sem vítima;388;BR-262/MG;Oeste;Saida de Pista;1;;;;;;;;;;1;;;;
24/11/2014;11:30:00;5224;sem vítima;405;BR-262/MG;Oeste;Capotamento;1;;;;;;;;;;1;;;;
24/11/2014;07:48:00;5154;com vítima;501;BR-153/GO;Norte;Colisão Traseira;2;;;;;;;;;;1;1;;;
24/11/2014;07:20:00;5143;com vítima;409;BR-262/MG;Leste;Capotamento;1;;;;;;;;;;0;5;;;
24/11/2014;07:33:00;5145;com vítima;505;BR-153/GO;Norte;Queda de Moto;;;;1;;;;;;;0;1;;;
24/11/2014;06:51:00;5127;com vítima;65;BR-060/GO;Norte;Atropelamento - Sem Informação;;;;;;;;;;;0;;;;1
24/11/2014;11:30:00;5228;com vítima;474,7;BR-262/MG;Oeste;Colisão Transversal;1;;1;;;;;;;;1;1;;;
24/11/2014;11:34:00;5225;sem vítima;523;BR-153/GO;Norte;Saida de Pista;1;;;;;;;;;;1;;;;
24/11/2014;20:45:00;5349;com vítima;574;BR-262/MG;Leste;Colisão Frontal;2;;;;;;;;;;1;1;;;
24/11/2014;01:55:00;5114;sem vítima;566;BR-153/GO;Sul;Capotamento;1;;;;;;;;;;1;;;;
24/11/2014;18:40:00;5106;com vítima;589;BR-262/MG;Oeste;Colisão Lateral;1;;;;;;;;;;0;1;;;
24/11/2014;20:46:00;5341;com vítima;574;BR-153/GO;Sul;Capotamento;1;;;;;;;;;;1;;;1;
24/11/2014;02:35:00;5124;com vítima;593;BR-262/MG;Oeste;Capotamento;1;;;;;;;;;;0;5;;;
24/11/2014;20:00:00;5338;sem vítima;593;BR-262/MG;Oeste;Capotamento;1;;;;;;;;;;1;;;;
24/11/2014;19:25:00;5329;com vítima;590;BR-153/GO;Norte;Capotamento;1;;;;;;;;;;0;3;;;
24/11/2014;12:35:00;5241;com vítima;127;BR-060/GO;Norte;Objeto lançado contra veículo;1;;;;;;;;;;1;3;;;
24/11/2014;07:24:00;5141;com vítima;663;BR-153/GO;Sul;Capotamento;1;;;;;;;;;;0;1;;;
24/11/2014;02:34:00;5117;sem vítima;675;BR-153/GO;Sul;;1;;;;;;;;;;1;;;;
24/11/2014;18:36:00;5116;sem vítima;877;BR-262/MG;Leste;Saida de Pista;1;;;;;;;;;;1;;;;
25/11/2014;13:09:00;5460;sem vítima;4,9;BR-060/GO;Sul;Capotamento;1;;;;;;;;;;1;;;;
25/11/2014;02:22:00;5377;com vítima;12;BR-153/MG;Sul;Colisão Traseira;1;;1;;;;;;;;1;2;;;
25/11/2014;13:24:00;5466;sem vítima;382;BR-262/MG;Leste;Capotamento;1;;;;;;;;;;1;;;;
25/11/2014;11:06:00;5434;sem vítima;394;BR-262/MG;Oeste;Tombamento;1;;;;;;;;;;1;;;;
25/11/2014;22:50:00;5560;com vítima;448,9;BR-262/MG;Leste;Queda de Moto;;;;1;;;;;;;0;1;;;
25/11/2014;08:16:00;5400;com vítima;476,3;BR-262/MG;Oeste;Colisão Frontal;;;2;;;;;;;;0;2;;2;1
25/11/2014;16:41:00;5499;sem vítima;512;BR-153/GO;Sul;;2;;;;;;;;;;2;;;;
25/11/2014;06:22:00;5387;com vítima;102;BR-153/MG;Sul;Saida de Pista;;;1;;;;;;;;0;1;;;
25/11/2014;14:22:00;5473;sem vítima;95;BR-060/GO;Norte;Saida de Pista;;;1;;;;;;;;1;;;;
25/11/2014;15:57:00;5490;com vítima;518;BR-153/GO;Sul;Saida de Pista;;;1;;;;;;;;0;1;;;
25/11/2014;17:29:00;5508;sem vítima;519;BR-153/GO;Norte;Colisão Traseira;1;;2;;;;;;;;3;;;;
25/11/2014;09:46:00;5417;com vítima;521;BR-153/GO;Sul;Colisão Lateral;1;;1;;;;;;;;1;2;;;
25/11/2014;01:06:00;5370;sem vítima;563;BR-262/MG;Leste;Saida de Pista;;;1;;;;;;;;1;;;;
25/11/2014;16:43:00;5501;sem vítima;99;BR-060/GO;Sul;Tombamento;;;3;;;;;;;;3;;;;
25/11/2014;15:06:00;5477;sem vítima;583;BR-262/MG;Oeste;Saida de Pista;1;;;;;;;;;;1;;;;
25/11/2014;16:28:00;5496;sem vítima;558;BR-153/GO;Norte;Saida de Pista;1;;;;;;;;;;2;;;;
25/11/2014;11:55:00;5444;sem vítima;575;BR-153/GO;Norte;Saida de Pista;1;;;;;;;;;;1;;;;
25/11/2014;13:10:00;5465;com vítima;606;BR-262/MG;Leste;Capotamento;1;;;;;;;;;;0;1;;1;
25/11/2014;08:00:00;5416;sem vítima;655;BR-262/MG;Oeste;Saida de Pista;1;;;;;;;;;;1;;;;
25/11/2014;20:00:00;5545;com vítima;780;BR-262/MG;Leste;Colisão Lateral;1;;1;;;;;;;;1;4;;;
26/11/2014;18:16:00;5745;sem vítima;1,8;BR-060/GO;Norte;Colisão Traseira;2;;;;;;;;;;2;;;;
26/11/2014;13:24:00;5681;sem vítima;360;BR-262/MG;Leste;Saida de Pista;1;;;;;;;;;;1;;;;
26/11/2014;14:40:00;5695;sem vítima;25,7;BR-060/GO;Norte;Colisão Lateral;2;;;;;;;;;;2;;;;
26/11/2014;13:31:00;5684;sem vítima;40;BR-060/GO;Norte;;1;;;;;;;;;;1;;;;
26/11/2014;18:05:00;5744;sem vítima;500,1;BR-153/GO;Sul;;1;;1;;;;;;;;2;;;;
26/11/2014;14:36:00;5694;com vítima;401;BR-262/MG;Leste;Saida de Pista;1;;;;;;;;;;1;1;;;
26/11/2014;21:46:00;5789;sem vítima;49,3;BR-060/GO;Sul;Colisão Traseira;;;2;;;;;;;;2;;;;
26/11/2014;17:44:00;5736;com vítima;428;BR-262/MG;Leste;Capotamento;1;;;;;;;;;;0;3;;;
26/11/2014;18:00:00;5753;com vítima;428;BR-262/MG;Oeste;Queda;;;1;;;;;;;;1;2;;;
26/11/2014;15:28:00;5706;sem vítima;83,1;BR-060/GO;Norte;Saida de Pista;1;;;;;;;;;;1;;;;
26/11/2014;13:50:00;5687;sem vítima;477;BR-262/MG;Leste;Colisão Lateral;2;;;;;;;;;;2;;;;
26/11/2014;16:26:00;5713;sem vítima;517;BR-262/MG;Leste;;;;1;;;;;;;;1;;;;
26/11/2014;07:09:00;5603;com vítima;513,2;BR-153/GO;Norte;Queda de Moto;;;;1;;;;;;;1;1;;;
26/11/2014;10:15:00;5686;com vítima;582;BR-262/MG;Leste;Saida de Pista;1;;;;;;;;;;0;1;;;
26/11/2014;19:50:00;5761;com vítima;586;BR-262/MG;Leste;Colisão Lateral;;;3;;;;;;;;2;1;;;
26/11/2014;10:35:00;5650;sem vítima;590;BR-262/MG;Leste;Saida de Pista;1;;;;;;;;;;1;;;;
26/11/2014;13:07:00;5678;sem vítima;575;BR-153/GO;Norte;Saida de Pista;1;;;;;;;;;;2;;;;
26/11/2014;12:21:00;5669;sem vítima;590,3;BR-153/GO;Sul;Choque - Arvore;1;;;;;;;;;;1;;;;
26/11/2014;12:09:00;5667;sem vítima;591,4;BR-153/GO;Norte;Choque - Arvore;1;;;;;;;;;;1;;;;
26/11/2014;22:35:00;5570;com vítima;802;BR-262/MG;Oeste;Saida de Pista;1;;;;;;;;;;0;1;;;
27/11/2014;11:05:00;5925;sem vítima;3;BR-060/GO;Sul;Colisão Traseira;2;;;;;;;;;;2;;;;
27/11/2014;22:35:00;6064;sem vítima;0,8;BR-060/DF;Sul;Colisão Frontal;1;;;;;;;;;;1;;;;
27/11/2014;07:20:00;5869;sem vítima;446;BR-262/MG;Leste;Colisão Traseira;;;2;;;;;;;;2;;;;
27/11/2014;06:50:00;5856;sem vítima;451;BR-262/MG;Oeste;Queda de Moto;;;;1;;;;;;;2;;;;
27/11/2014;13:04:00;5945;com vítima;549;BR-262/MG;Oeste;Colisão Lateral;1;;2;;;;;;;;1;2;;;
27/11/2014;06:24:00;5851;com vítima;535,3;BR-153/GO;Sul;Capotamento;1;;;;;;;;;;0;4;;;
27/11/2014;14:30:00;5973;com vítima;586;BR-262/MG;Oeste;Capotamento;1;;;;;;;;;;0;2;;1;
27/11/2014;23:02:00;6066;sem vítima;104,4;BR-060/GO;Sul;Engavetamento;4;;2;;;;;;;;9;;;;
27/11/2014;13:33:00;5954;com vítima;568,6;BR-153/GO;Sul;Saida de Pista;;;1;;;;;;;;0;;;1;
27/11/2014;09:07:00;5898;sem vítima;706;BR-262/MG;Leste;Colisão Transversal;1;;2;;;;;;;;3;;;;
27/11/2014;17:03:00;5996;sem vítima;748;BR-262/MG;Leste;Colisão Lateral;1;;1;;;;;;;;2;;;;
27/11/2014;15:30:00;5995;sem vítima;230,9;BR-153/MG;Sul;Colisão Traseira;;;2;;;;;;;;2;;;;
27/11/2014;11:30:00;5927;sem vítima;862;BR-262/MG;Oeste;Objeto lançado contra veículo;1;;3;;;;;;;;4;;;;
27/11/2014;16:00:00;5979;com vítima;137,5;BR-060/GO;Sul;Colisão Frontal;1;;;1;;;;;;;1;2;;;
28/11/2014;07:50:00;6116;sem vítima;357;BR-262/MG;Leste;Colisão Transversal;2;;;;;1;;;;;3;;;;
28/11/2014;22:42:00;6310;com vítima;3;BR-060/DF;Norte;Colisão Lateral;1;;;1;;;;;;;1;1;;;
28/11/2014;12:43:00;6181;com vítima;34,5;BR-060/GO;Sul;Tombamento;1;;;;;;;;;;0;1;;;
28/11/2014;19:18:00;6257;sem vítima;405;BR-262/MG;Oeste;Saida de Pista;2;;;;;;;;;;3;;;;
28/11/2014;15:30:00;6209;com vítima;48,7;BR-060/GO;Sul;Colisão Traseira;3;;;;;;;;;;2;1;;;
28/11/2014;21:51:00;6307;sem vítima;504;BR-153/GO;Norte;Saida de Pista;1;;;;;;;;;;1;;;;
28/11/2014;16:45:00;6220;com vítima;508,5;BR-153/GO;Sul;;;;;1;;;;;;;1;1;;;
28/11/2014;21:08:00;6294;sem vítima;495;BR-262/MG;Leste;;;;1;;;;;;;;1;;;;
28/11/2014;14:27:00;6196;com vítima;9;BR-060/DF;Sul;Colisão Traseira;3;;;;;;;;;;2;1;;;
28/11/2014;08:12:00;6122;com vítima;519;BR-262/MG;Leste;Tombamento;;;1;;;;;;;;0;1;;;
28/11/2014;08:10:00;6325;sem vítima;519;BR-262/MG;Oeste;;;;1;;;;;;;;1;;;;
28/11/2014;14:30:00;6231;com vítima;519,1;BR-262/MG;Leste;Colisão Traseira;1;;1;;;;;;;;1;1;;;
28/11/2014;20:46:00;6292;sem vítima;12;BR-060/DF;Norte;Saida de Pista;1;;;;;;;;;;1;;;;
28/11/2014;15:59:00;6211;sem vítima;97;BR-060/GO;Sul;Tombamento;;;1;;;;;;;;2;;;;
28/11/2014;10:20:00;6149;com vítima;582;BR-262/MG;Leste;Saida de Pista;1;;;;;;;;;;1;2;;;
28/11/2014;11:38:00;6171;com vítima;586;BR-262/MG;Leste;Saida de Pista;1;;1;;;;;;;;2;1;;;
28/11/2014;17:24:00;6230;sem vítima;575;BR-153/GO;Sul;Saida de Pista;1;;;;;;;;;;1;;;;