data;horario;n_da_ocorrencia;tipo_de_ocorrencia;km;trecho;sentido;tipo_de_acidente;automovel;bicicleta;caminhao;moto;onibus;outros;tracao_animal;transporte_de_cargas_especiais;trator_maquinas;utilitarios;ilesos;levemente_feridos;moderadamente_feridos;gravemente_feridos;mortos
10/12/2014;11:43:00;2583;com vítima;550,3;BR-153/GO;Sul;Saida de Pista;1;;;;;;;;;;3;1;;;
10/12/2014;14:18:00;2635;com vítima;558,9;BR-153/GO;Sul;Capotamento;1;;;;;;;;;;0;2;;;
10/12/2014;13:46:00;2628;com vítima;164;BR-153/MG;Sul;Saida de Pista;1;;;;;;;;;;0;1;;;
10/12/2014;16:19:00;2666;com vítima;635;BR-262/MG;Oeste;Saida de Pista;1;;;;;;;;;;0;2;;;
10/12/2014;13:10:00;2693;sem vítima;690;BR-262/MG;Oeste;Colisão Traseira;;;2;;;;;;;;2;;;;
10/12/2014;11:18:00;2574;com vítima;136;BR-060/GO;Sul;Saida de Pista;1;;;;;;;;;;1;4;;;
11/12/2014;05:30:00;2813;com vítima;377;BR-262/MG;Oeste;Tombamento;;;1;;;;;;;;0;1;;;
11/12/2014;07:34:00;2828;com vítima;500;BR-153/GO;Sul;Colisão Traseira;1;;;1;;;;;;;0;2;;;
11/12/2014;08:15:00;40;sem vítima;397;BR-262/MG;Oeste;Colisão Traseira;1;;1;;;;;;;;2;;;;
11/12/2014;16:32:00;97;sem vítima;449;BR-262/MG;Leste;Colisão Lateral;2;;;;;;;;;;2;;;;
11/12/2014;13:55:00;55;sem vítima;462;BR-262/MG;Leste;Colisão Traseira;1;;1;;;;;;;;4;;;;
11/12/2014;21:29:00;172;com vítima;95;BR-060/GO;Norte;Colisão Traseira;1;;;;;;;;;;0;1;;;
11/12/2014;19:00:00;138;com vítima;118;BR-153/MG;Norte;Queda de Moto;;;;1;;;;;;;0;1;;;
11/12/2014;12:01:00;24;sem vítima;582;BR-262/MG;Oeste;;1;;;;;;;;;;1;;;;
11/12/2014;16:32:00;101;sem vítima;585;BR-262/MG;Oeste;Saida de Pista;1;;;;;;;;;;1;;;;
11/12/2014;12:40:00;34;sem vítima;20;BR-060/DF;Norte;Saida de Pista;1;;;;;;;;;;1;;;;
11/12/2014;07:01:00;2822;com vítima;104,9;BR-060/GO;Sul;Choque - Outros;1;;;;;;;;;;0;1;;;
11/12/2014;15:34:00;77;com vítima;590;BR-262/MG;Oeste;Tombamento;;;;;1;;;;;;0;1;;;
11/12/2014;10:31:00;9;sem vítima;110;BR-060/GO;Sul;Saida de Pista;;;1;;;;;;;;1;;;;
11/12/2014;20:36:00;160;com vítima;115;BR-060/GO;Norte;Colisão Traseira;;;2;;;;;;;;1;;;1;
11/12/2014;16:58:00;104;sem vítima;606,3;BR-153/GO;Norte;Saida de Pista;1;;;;;;;;;;1;;;;
11/12/2014;18:53:00;136;com vítima;823;BR-262/MG;Leste;Colisão Frontal;2;;1;;;;;;;;1;1;;1;1
12/12/2014;16:39:00;206;sem vítima;4,6;BR-060/GO;Sul;Colisão Traseira;1;;;;1;;;;;;2;;;;
12/12/2014;12:09:00;133;com vítima;5,6;BR-060/GO;Sul;Capotamento;;;2;;;;;;;;1;;1;;
12/12/2014;14:29:00;165;sem vítima;10;BR-060/GO;Sul;;1;;;;;;;;;;1;;;;
12/12/2014;12:35:00;139;sem vítima;47;BR-060/GO;Sul;;1;;;;;;;;;;1;;;;
12/12/2014;14:32:00;166;sem vítima;47;BR-060/GO;Norte;;1;;;;;;;;;;1;;;;
12/12/2014;08:46:00;88;com vítima;503;BR-153/GO;Norte;Engavetamento;6;;1;1;;;;;;;7;1;;;
12/12/2014;17:55:00;225;sem vítima;443,5;BR-262/MG;Leste;Colisão Lateral;1;;1;;;;;;;;2;;;;
12/12/2014;08:06:00;81;sem vítima;506;BR-153/GO;Sul;Colisão Traseira;2;;;;;;;;;;2;;;;
12/12/2014;07:51:00;77;com vítima;508;BR-153/GO;Sul;Colisão Lateral;1;;;1;;;;;;;1;;1;;
12/12/2014;17:55:00;224;sem vítima;509;BR-153/GO;Sul;Colisão Traseira;1;;1;;;;;;;;2;;;;
12/12/2014;20:19:00;281;com vítima;77;BR-153/MG;Sul;Tombamento;;;1;;;;;;;;0;1;;;
12/12/2014;21:20:00;301;sem vítima;512;BR-153/GO;Sul;Colisão Lateral;1;;1;;;;;;;;2;;;;
12/12/2014;13:00:00;148;sem vítima;575,5;BR-262/MG;Leste;Saida de Pista;1;;;;;;;;;;1;;;;
12/12/2014;13:20:00;287;sem vítima;575,5;BR-262/MG;Oeste;;;;1;;;;;;;;1;;;;
12/12/2014;18:52:00;242;com vítima;150;BR-153/MG;Norte;Capotamento;;;;;;;;;;1;0;2;;;
12/12/2014;13:50:00;157;com vítima;557;BR-153/GO;Sul;Saida de Pista;1;;;;;;;;;;0;1;;;
12/12/2014;04:51:00;48;com vítima;101;BR-060/GO;Norte;Capotamento;1;;;;;;;;;;0;;1;;
12/12/2014;07:45:00;83;sem vítima;602;BR-153/GO;Norte;Colisão Traseira;1;;;;;;;;;;1;;;;
12/12/2014;15:15:00;179;com vítima;28,3;BR-060/DF;Sul;Colisão Traseira;1;;1;;;;;;;;2;1;;;
12/12/2014;07:48:00;76;com vítima;759;BR-262/MG;Leste;Choque - Arvore;1;;;;;;;;;;0;1;;;
13/12/2014;17:05:00;240;sem vítima;491;BR-153/GO;Sul;Colisão Frontal;1;;;;;;;;;;1;;;;
13/12/2014;11:56:00;154;com vítima;1;BR-153/MG;Norte;Colisão Traseira;1;;;;;;;;;;0;1;;;
13/12/2014;00:37:00;12;com vítima;361;BR-262/MG;Oeste;Colisão Traseira;;;1;;;;;;;;0;1;;;
13/12/2014;15:00:00;194;sem vítima;9;BR-153/MG;Norte;;1;;;;;;;;;;1;;;;
13/12/2014;14:59:00;192;com vítima;13,4;BR-153/MG;Norte;Capotamento;1;;;;;;;;;;0;1;;;
13/12/2014;13:31:00;172;com vítima;385;BR-262/MG;Oeste;Capotamento;1;;;;;;;;;;0;1;;;
13/12/2014;17:46:00;247;com vítima;3,9;BR-060/DF;Sul;Colisão Traseira;2;;;;;;;;;;2;1;;;
13/12/2014;15:21:00;201;com vítima;474;BR-262/MG;Leste;Queda de Moto;;;;1;;;;;;;0;1;;;
13/12/2014;19:58:00;279;com vítima;482;BR-262/MG;Leste;Colisão Lateral;2;;;;;;;;;;2;1;;;
13/12/2014;06:35:00;74;sem vítima;493;BR-262/MG;Leste;Colisão Traseira;1;;;;;1;;;;;2;;;;
13/12/2014;23:11:00;325;com vítima;510;BR-153/GO;Sul;Colisão Lateral;1;;;1;;;;;;;1;1;;;
13/12/2014;18:39:00;260;com vítima;499;BR-262/MG;Leste;Saida de Pista;1;;;;;;;;;;0;1;;;
13/12/2014;13:49:00;191;com vítima;575,5;BR-262/MG;Leste;Saida de Pista;1;;;;;;;;;;1;2;;;
13/12/2014;08:27:00;101;com vítima;553,2;BR-153/GO;Norte;Colisão Traseira;1;;;1;;;;;;;1;1;;;
13/12/2014;18:17:00;256;com vítima;555;BR-153/GO;Norte;Colisão Lateral;1;;1;;;;;;;;1;;;1;
13/12/2014;13:55:00;258;com vítima;587;BR-262/MG;Leste;Saida de Pista;;;1;;;;;;;;0;1;;;
13/12/2014;19:06:00;262;com vítima;587;BR-262/MG;Leste;Colisão Frontal;1;;1;;;;;;;;0;2;;;
13/12/2014;23:00:00;4;com vítima;587,1;BR-262/MG;Oeste;Saida de Pista;1;;;;;;;;;;0;1;;;
13/12/2014;07:39:00;85;sem vítima;591;BR-262/MG;Leste;Saida de Pista;1;;;;;;;;;;1;;;;
13/12/2014;06:45:00;80;com vítima;611,5;BR-262/MG;Leste;Saida de Pista;;;1;;;;;;;;0;1;;;
13/12/2014;07:29:00;83;com vítima;696;BR-262/MG;Oeste;Saida de Pista;1;;;;;;;;;;0;1;;;
13/12/2014;12:09:00;159;sem vítima;706;BR-262/MG;Oeste;Colisão Traseira;2;;;;;;;;;;2;;;;
13/12/2014;17:11:00;239;sem vítima;118;BR-060/GO;Norte;Colisão Lateral;2;;;;;;;;;;2;;;;
13/12/2014;17:17:00;243;com vítima;733;BR-262/MG;Oeste;Saida de Pista;1;;;;;;;;;;0;3;1;;
13/12/2014;16:48:00;229;sem vítima;628;BR-153/GO;Norte;Saida de Pista;1;;;;;;;;;;1;;;;
13/12/2014;14:20:00;182;com vítima;797,5;BR-262/MG;Oeste;Colisão Lateral;2;;;;;;;;;;1;2;;;
13/12/2014;05:57:00;70;com vítima;137;BR-060/GO;Sul;Colisão Traseira;1;;;1;;;;;;;1;;;;1
13/12/2014;09:45:00;120;sem vítima;137,2;BR-060/GO;Norte;Colisão Traseira;1;;;;1;;;;;;2;;;;
13/12/2014;02:23:00;25;sem vítima;246;BR-153/MG;Sul;Saida de Pista;1;;;;;;;;;;1;;;;
14/12/2014;06:55:00;45;sem vítima;3;BR-060/GO;Norte;;1;;;;;;;;;;1;;;;
14/12/2014;06:39:00;42;sem vítima;364;BR-262/MG;Leste;Capotamento;1;;;;;;;;;;1;;;;
14/12/2014;13:57:00;161;com vítima;364;BR-262/MG;Leste;Saida de Pista;1;;;;;;;;;;0;1;;;
14/12/2014;23:10:00;17;com vítima;1,3;BR-060/DF;Norte;Choque - Poste;1;;;;;;;;;;0;1;;;
14/12/2014;16:19:00;200;com vítima;365;BR-262/MG;Leste;Colisão Traseira;2;;;;;;;;;;0;2;;;
14/12/2014;15:36:00;185;com vítima;378;BR-262/MG;Leste;Saida de Pista;1;;;;;;;;;;0;1;;;
14/12/2014;10:10:00;88;sem vítima;27;BR-060/GO;Norte;Saida de Pista;1;;;;;;;;;;1;;;;
14/12/2014;12:02:00;122;sem vítima;408;BR-262/MG;Leste;Saida de Pista;1;;;;;;;;;;1;;;;
14/12/2014;16:46:00;205;com vítima;409;BR-262/MG;Oeste;Capotamento;1;;;;;;;;;;0;2;;;
14/12/2014;17:41:00;223;com vítima;502;BR-153/GO;Sul;Queda de Moto;1;;;1;;;;;;;1;1;;;
14/12/2014;12:15:00;126;com vítima;443;BR-262/MG;Oeste;Colisão Traseira;1;;;1;;;;;;;1;2;;;
14/12/2014;07:00:00;48;sem vítima;446,5;BR-262/MG;Leste;Colisão Lateral;2;;;;;;;;;;2;;;;
14/12/2014;21:10:00;277;com vítima;5;BR-060/DF;Sul;Colisão Lateral;2;;;;;;;;;;1;1;;;
14/12/2014;01:37:00;12;com vítima;459;BR-262/MG;Oeste;Choque - Arvore;1;;;;;;;;;;0;1;;;
14/12/2014;17:54:00;227;com vítima;81;BR-060/GO;Sul;Saida de Pista;1;;;;;;;;;;0;1;;;
14/12/2014;23:58:00;1;sem vítima;499;BR-262/MG;Oeste;Saida de Pista;1;;;;;;;;;;5;;;;
14/12/2014;14:49:00;171;com vítima;512;BR-153/GO;Norte;Queda de Ciclista;;;;1;;;;;;;0;2;;;
14/12/2014;10:56:00;102;com vítima;514,5;BR-153/GO;Sul;;2;;;;;;;;;;0;2;;;
14/12/2014;09:39:00;81;com vítima;515;BR-153/GO;Sul;Colisão Traseira;2;;;;;;;;;;3;5;;;
14/12/2014;11:10:00;106;com vítima;527;BR-153/GO;Sul;Colisão Traseira;;;;1;;;;;;;0;4;1;;
14/12/2014;15:06:00;175;com vítima;535;BR-153/GO;Norte;Capotamento;1;;;;;;;;;;0;2;;;
14/12/2014;21:34:00;281;com vítima;113;BR-060/GO;Sul;Capotamento;3;;;;;;;;;;1;5;;;
14/12/2014;00:45:00;4;com vítima;117,5;BR-060/GO;Sul;Colisão Lateral;2;;;;;;;;;;2;2;;;
14/12/2014;05:00:00;35;com vítima;226;BR-153/MG;Sul;Saida de Pista;1;;;;;;;;;;0;2;;;
14/12/2014;05:54:00;38;sem vítima;800;BR-262/MG;Oeste;Outros - seguências;1;;;;;;;;;;1;;;;
14/12/2014;17:47:00;225;com vítima;803;BR-262/MG;Leste;Queda de Moto;;;;1;;;;;;;0;;1;1;
14/12/2014;04:05:00;27;sem vítima;840,5;BR-262/MG;Oeste;Atropelamento - Animal;2;;;;;;;;;;2;;;;
15/12/2014;15:34:00;251;com vítima;362;BR-262/MG;Oeste;Colisão Lateral;;;;1;;;;;;;0;1;;;
15/12/2014;20:00:00;27;sem vítima;368;BR-262/MG;Leste;;;;;;;;;;;1;1;;;;
15/12/2014;08:58:00;94;com vítima;498;BR-153/GO;Sul;Colisão Lateral;1;;1;1;;;;;;;2;2;;;
15/12/2014;22:24:00;410;com vítima;383;BR-262/MG;Leste;Colisão Traseira;;;1;;;1;;;;;1;;1;;
15/12/2014;10:56:00;150;com vítima;499,5;BR-153/GO;Sul;Queda de Moto;;;;1;;;;;;;0;1;;;
15/12/2014;12:24:00;169;sem vítima;37,5;BR-060/GO;Norte;Saida de Pista;1;;;;;;;;;;1;;;;
15/12/2014;07:51:00;67;com vítima;500;BR-153/GO;Sul;Colisão Lateral;4;;;;;;;;;;3;2;;;
15/12/2014;05:30:00;36;com vítima;407;BR-262/MG;Oeste;;1;;;;;;;;;;0;1;;;
15/12/2014;07:21:00;54;com vítima;501;BR-153/GO;Sul;Colisão Traseira;2;;;;;;;;;;1;1;;;
15/12/2014;11:06:00;152;com vítima;50;BR-060/GO;Norte;Saida de Pista;1;;;;;;;;;;0;2;;;
15/12/2014;07:52:00;68;com vítima;505;BR-153/GO;Sul;Colisão Traseira;1;;;1;;;;;;;1;1;;;
15/12/2014;06:27:00;37;com vítima;446,5;BR-262/MG;Oeste;Colisão Traseira;1;;1;;;;;;;;2;2;;;
15/12/2014;13:35:00;193;com vítima;506;BR-153/GO;Sul;Colisão Traseira;1;;;1;;;;;;;1;1;;;
15/12/2014;07:03:00;48;sem vítima;540;BR-262/MG;Leste;Saida de Pista;1;;;;;;;;;;1;;;;
15/12/2014;22:19:00;408;sem vítima;535;BR-153/GO;Norte;Colisão Transversal;1;;1;;;;;;;;2;;;;
15/12/2014;15:55:00;228;com vítima;109;BR-060/GO;Norte;Colisão Transversal;1;;1;;;;;;;;3;;1;1;
15/12/2014;07:10:00;52;sem vítima;597,3;BR-153/GO;Sul;Saida de Pista;1;;;;;;;;;;1;;;;
15/12/2014;13:48:00;196;com vítima;28,3;BR-060/DF;Norte;Capotamento;1;;;;;;;;;;1;1;;;
15/12/2014;17:03:00;270;com vítima;117;BR-060/GO;Sul;Capotamento;1;;;;;;;;;;0;1;;;
15/12/2014;14:10:00;261;sem vítima;28,3;BR-060/DF;Norte;Saida de Pista;1;;;;;;;;;;3;;;;
15/12/2014;17:45:00;342;sem vítima;804;BR-262/MG;Oeste;;1;;1;;;;;;;;2;;;;
15/12/2014;18:17:00;300;com vítima;827;BR-262/MG;Oeste;Colisão Traseira;2;;;;;;;;;;1;2;;;
16/12/2014;23:40:00;438;com vítima;361;BR-262/MG;Oeste;Saida de Pista;1;;;;;;;;;;0;1;;;
16/12/2014;22:48:00;425;sem vítima;1;BR-060/DF;Sul;Engavetamento;3;;;;;;;;;;3;;;;
16/12/2014;22:00:00;427;sem vítima;3;BR-153/MG;Sul;Queda de Moto;;;;1;;;;;;;1;;;;
16/12/2014;06:23:00;35;com vítima;377,8;BR-262/MG;Leste;Saida de Pista;1;;;;;;;;;;0;1;;;
16/12/2014;20:11:00;378;sem vítima;388;BR-262/MG;Leste;Capotamento;1;;;;;;;;;;1;;;;
16/12/2014;23:53:00;440;sem vítima;41,9;BR-060/GO;Sul;Choque - Defensa, barreira ou "submarino";1;;;;;;;;;;2;;;;
16/12/2014;07:32:00;49;com vítima;433;BR-262/MG;Leste;Capotamento;1;;;;;;;;;;0;1;;;
16/12/2014;13:38:00;195;com vítima;437;BR-262/MG;Leste;Colisão Lateral;1;;;1;;;;;;;1;1;;;
16/12/2014;16:23:00;246;sem vítima;68;BR-060/GO;Norte;Colisão Traseira;2;;1;;;;;;;;3;;;;
16/12/2014;17:09:00;300;com vítima;70;BR-153/MG;Sul;Colisão Traseira;1;;1;;;;;;;;2;1;;;
16/12/2014;14:59:00;213;com vítima;510;BR-153/GO;Sul;Queda de Moto;;;;1;;;;;;;0;1;;;
16/12/2014;23:24:00;432;com vítima;510;BR-153/GO;Norte;Colisão Traseira;2;;;;;;;;;;1;;1;;
16/12/2014;08:37:00;67;sem vítima;538;BR-262/MG;Leste;Carreta deu L;;;1;;;;;;;;1;;;;
16/12/2014;03:30:00;29;com vítima;11,2;BR-060/DF;Sul;Saida de Pista;1;;;;;;;;;;0;2;;;
16/12/2014;21:21:00;403;sem vítima;12,5;BR-060/DF;Norte;Colisão Traseira;2;;;;;;;;;;2;;;;
16/12/2014;16:53:00;281;com vítima;537;BR-153/GO;Norte;Capotamento;;;1;;;;;;;;0;;1;;
16/12/2014;17:42:00;309;sem vítima;539;BR-153/GO;Norte;Capotamento;1;;;;;;;;;;1;;;;
16/12/2014;16:51:00;278;com vítima;557,6;BR-153/GO;Norte;Capotamento;1;;;;;;;;;;0;1;;;
16/12/2014;02:14:00;23;com vítima;19,4;BR-060/DF;Norte;Capotamento;1;;;;;;;;;;2;1;;;
16/12/2014;18:24:00;333;sem vítima;570;BR-153/GO;Norte;;;;1;;;;;;;;1;;;;
16/12/2014;21:57:00;422;com vítima;619,9;BR-153/GO;Sul;Atropelamento - Animal;1;;;;;;;;;;0;1;;;
16/12/2014;11:20:00;153;com vítima;844,5;BR-262/MG;Leste;Saida de Pista;1;;;;;;;;;;0;1;;;
17/12/2014;07:17:00;50;com vítima;7,8;BR-060/GO;Norte;Tombamento;1;;;;;;;;;;0;1;;;
17/12/2014;12:14:00;177;sem vítima;494;BR-153/GO;Sul;Colisão Lateral;2;;2;;;;;;;;5;;;;
17/12/2014;16:41:00;263;com vítima;3,6;BR-153/MG;Sul;Saida de Pista;1;;;;;;;;;;0;1;;;
17/12/2014;16:22:00;255;com vítima;6,8;BR-153/MG;Sul;Saida de Pista;1;;;;;;;;;;0;1;;;
17/12/2014;20:10:00;353;com vítima;498;BR-153/GO;Norte;Queda de Moto;;;;1;;;;;;;0;2;;;
17/12/2014;13:50:00;210;com vítima;22,3;BR-153/MG;Sul;Colisão Frontal;;;2;;;;;;;;1;;;;1
17/12/2014;10:20:00;117;sem vítima;446,5;BR-262/MG;Leste;Colisão Lateral;2;;;;;;;;;;2;;;;
17/12/2014;21:54:00;377;sem vítima;506;BR-153/GO;Norte;;1;1;;;;;;;;;2;;;;
17/12/2014;21:14:00;368;com vítima;4,8;BR-060/DF;Sul;Atropelamento - Sem Informação;1;;;;;;;;;;1;1;;;
17/12/2014;05:31:00;43;com vítima;73;BR-060/GO;Norte;Colisão Traseira;1;;2;;;;;;;;1;3;;;
17/12/2014;16:19:00;254;sem vítima;563;BR-262/MG;Leste;Saida de Pista;1;;1;;;;;;;;2;;;;
17/12/2014;09:08:00;90;com vítima;594,4;BR-153/GO;Sul;Capotamento;1;;;;;;;;;;0;;1;;
17/12/2014;05:56:00;44;com vítima;801;BR-262/MG;Oeste;Colisão Frontal;2;;;;;;;;;;1;1;;1;
18/12/2014;13:55:00;177;sem vítima;25;BR-060/GO;Sul;Saida de Pista;1;;;;;;;;;;1;;;;
18/12/2014;07:56:00;43;com vítima;501;BR-153/GO;Sul;Colisão Traseira;1;;;1;;;;;;;1;1;;;
18/12/2014;16:34:00;243;com vítima;502;BR-153/GO;Norte;Colisão Traseira;1;;;1;;;;;;;1;1;;;
18/12/2014;15:33:00;211;sem vítima;506;BR-153/GO;Norte;Saida de Pista;1;;;;;;;;;;1;;;;
18/12/2014;10:14:00;85;com vítima;81;BR-060/GO;Norte;Saida de Pista;1;;;;;;;;;;0;1;;;
18/12/2014;20:54:00;351;sem vítima;515;BR-153/GO;Norte;Colisão Traseira;2;;;;;;;;;;2;;;;
18/12/2014;20:40:00;345;com vítima;584,7;BR-153/GO;Norte;Tombamento;;;1;;;;;;;;0;1;;;
18/12/2014;05:55:00;28;com vítima;626;BR-262/MG;Leste;Colisão Traseira;;;2;;;;;;;;1;;1;;
18/12/2014;20:59:00;354;com vítima;602;BR-153/GO;Norte;Saida de Pista;1;;;;;;;;;;0;1;;;
18/12/2014;14:25:00;181;com vítima;653;BR-153/GO;Sul;Capotamento;1;;;;;;;;;;0;1;;;
19/12/2014;22:25:00;367;com vítima;499;BR-153/GO;Sul;Colisão Lateral;1;;1;;;;;;;;1;1;;;
19/12/2014;06:02:00;55;com vítima;383;BR-262/MG;Leste;Saida de Pista;1;;;;;;;;;;0;1;;;
19/12/2014;16:24:00;244;com vítima;399;BR-262/MG;Leste;;1;;;;;;;;;;0;2;1;;
19/12/2014;19:43:00;329;sem vítima;49,9;BR-060/GO;Sul;Saida de Pista;1;;;;;;;;;;1;;;;
19/12/2014;19:20:00;320;com vítima;45;BR-153/MG;Sul;Capotamento;1;;;;;;;;;;0;1;;;
19/12/2014;23:54:00;383;sem vítima;5,2;BR-060/DF;Sul;Colisão Traseira;1;;;;;;;;;;1;;;;
19/12/2014;16:46:00;256;sem vítima;507,5;BR-153/GO;Sul;Capotamento;1;;;;;;;;;;1;;;;
19/12/2014;01:20:00;13;com vítima;71;BR-153/MG;Norte;Saida de Pista;;;1;;;;;;;;0;2;;;
19/12/2014;21:40:00;384;com vítima;122;BR-153/MG;Sul;Saida de Pista;1;;;;;;;;;;0;2;;;
19/12/2014;09:00:00;100;com vítima;123;BR-153/MG;Norte;Saida de Pista;1;;;;;;;;;;0;2;;;
19/12/2014;12:24:00;173;sem vítima;528;BR-153/GO;Norte;Carreta deu L;;;3;;;;;;;;3;;;;
19/12/2014;13:56:00;197;com vítima;574;BR-262/MG;Oeste;Saida de Pista;;;1;;;;;;;;0;1;;;
19/12/2014;09:09:00;172;sem vítima;574,5;BR-262/MG;Leste;Carreta deu L;;;1;;;;;;;;1;;;;
19/12/2014;09:22:00;373;com vítima;576;BR-262/MG;Oeste;Colisão Traseira;1;;1;;;;;;;;1;4;;;
19/12/2014;15:11:00;219;com vítima;536,4;BR-153/GO;Norte;Saida de Pista;1;;;;;;;;;;0;2;;;
19/12/2014;15:30:00;254;sem vítima;582;BR-262/MG;Leste;Capotamento;1;;;;;;;;;;1;;;;
19/12/2014;13:41:00;191;com vítima;586;BR-262/MG;Leste;Saida de Pista;1;;;;;;;;;;0;1;;;
19/12/2014;15:23:00;225;com vítima;587;BR-262/MG;Leste;Capotamento;1;;;;;;;;;;0;1;;;
19/12/2014;18:20:00;301;sem vítima;591;BR-262/MG;Leste;;1;;;;;;;;;;1;;;;
19/12/2014;06:30:00;64;sem vítima;635;BR-262/MG;Oeste;;1;;;;;;;;;;1;;;;
19/12/2014;14:24:00;201;com vítima;612;BR-153/GO;Norte;Saida de Pista;1;;;;;;;;;;0;1;;;
19/12/2014;12:45:00;177;sem vítima;29;BR-060/DF;Sul;Capotamento;1;;;;;;;;;;1;;;;
19/12/2014;07:24:00;111;com vítima;803,5;BR-262/MG;Leste;Capotamento;1;;;;;;;;;;0;1;;;
19/12/2014;11:40:00;156;com vítima;132;BR-060/GO;Norte;Colisão Traseira;3;;;;;;;;;;2;1;;;
19/12/2014;18:46:00;304;sem vítima;825;BR-262/MG;Leste;;1;;;;;;;;;;1;;;;
20/12/2014;23:20:00;18;com vítima;353,5;BR-262/MG;Oeste;Saida de Pista;1;;;;;;;;;;0;1;;;
20/12/2014;15:25:00;366;com vítima;362;BR-262/MG;Leste;Colisão Traseira;2;;;;;;;;;;0;2;;;
20/12/2014;11:11:00;161;sem vítima;498;BR-153/GO;Sul;Colisão Traseira;2;;;;;;;;;;2;;;;
20/12/2014;07:11:00;84;com vítima;28;BR-060/GO;Norte;Colisão Transversal;1;;1;;;;;;;;1;1;1;;
20/12/2014;10:45:00;153;sem vítima;29;BR-060/GO;Sul;Saida de Pista;1;;;;;;;;;;1;;;;
20/12/2014;14:25:00;189;com vítima;23;BR-153/MG;Norte;Saida de Pista;1;;;;;;;;;;1;1;;;
20/12/2014;20:57:00;328;com vítima;3,3;BR-060/DF;Sul;Colisão Traseira;4;;;;;;;;;;4;2;;;
20/12/2014;15:00:00;217;com vítima;405;BR-262/MG;Oeste;Colisão Traseira;2;;1;;;;;;;;5;1;;;
20/12/2014;17:24:00;243;com vítima;57,8;BR-060/GO;Norte;Capotamento;2;;;;;;;;;;1;;2;;1
20/12/2014;08:14:00;106;com vítima;438;BR-262/MG;Leste;;;;;;;;;;;;0;1;;;
20/12/2014;21:22:00;341;com vítima;505;BR-153/GO;Sul;Colisão Traseira;2;;;;;;;;;;1;1;;;
20/12/2014;21:30:00;346;com vítima;4,6;BR-060/DF;Sul;Colisão Frontal;1;;;1;;;;;;;1;;;1;
20/12/2014;08:01:00;102;com vítima;452;BR-262/MG;Oeste;Colisão Transversal;1;;1;;;;;;;;0;3;;1;1
20/12/2014;14:33:00;191;sem vítima;507;BR-153/GO;Sul;Colisão Lateral;1;;1;;;;;;;;2;;;;
20/12/2014;00:28:00;8;com vítima;58;BR-153/MG;Sul;Saida de Pista;;;1;;;;;;;;0;1;;;
20/12/2014;19:48:00;301;sem vítima;507,6;BR-153/GO;Sul;Colisão Lateral;1;;;;;;;;;;1;;;;
20/12/2014;07:41:00;93;com vítima;508;BR-153/GO;Sul;Queda de Ciclista;;;;1;;;;;;;0;;1;;
20/12/2014;18:15:00;295;sem vítima;486;BR-262/MG;Oeste;Colisão Traseira;1;;;;;;;;;;1;;;;
20/12/2014;14:30:00;348;sem vítima;487,3;BR-262/MG;Leste;;1;;;;;;;;;;1;;;;
20/12/2014;05:48:00;72;com vítima;101;BR-153/MG;Sul;Saida de Pista;1;;;;;;;;;;0;1;;;
20/12/2014;17:13:00;239;com vítima;104;BR-153/MG;Sul;Capotamento;1;;;;;;;;;;0;1;;;
20/12/2014;07:32:00;89;com vítima;539;BR-262/MG;Leste;Saida de Pista;1;;;;;;;;;;0;2;;;
20/12/2014;22:26:00;358;com vítima;542;BR-262/MG;Leste;Capotamento;1;;;;;;;;;;0;1;;;
20/12/2014;07:11:00;83;com vítima;548;BR-262/MG;Oeste;Saida de Pista;1;;;;;;;;;;0;4;;;
20/12/2014;16:03:00;306;sem vítima;548;BR-262/MG;Oeste;;1;;;;;;;;;;1;;;;
20/12/2014;17:15:00;240;com vítima;124;BR-153/MG;Norte;Colisão Lateral;1;;;;;;;;;;0;1;1;;
20/12/2014;17:31:00;245;sem vítima;575;BR-262/MG;Oeste;Saida de Pista;1;;;;;;;;;;1;;;;
20/12/2014;11:17:00;163;com vítima;131;BR-153/MG;Sul;Colisão Frontal;1;;1;;;;;;;;0;2;1;2;1
20/12/2014;17:25:00;322;sem vítima;582;BR-262/MG;Oeste;;;;1;;;;;;;;1;;;;
20/12/2014;15:32:00;332;sem vítima;586;BR-262/MG;Leste;;1;;;;;;;;;;1;;;;
20/12/2014;11:21:00;164;com vítima;110,7;BR-060/GO;Sul;Capotamento;1;;;;;;;;;;4;1;;;
20/12/2014;22:37:00;359;sem vítima;581,1;BR-153/GO;Norte;Capotamento;1;;;;;;;;;;1;;;;
20/12/2014;17:13:00;238;com vítima;608;BR-262/MG;Oeste;Capotamento;;;1;;;;;;;;0;1;;;
20/12/2014;13:04:00;320;sem vítima;609;BR-262/MG;Leste;;1;;;;;;;;;;1;;;;
20/12/2014;17:39:00;248;sem vítima;113,5;BR-060/GO;Sul;Saida de Pista;;;1;;;;;;;;1;;;;
20/12/2014;17:28:00;253;com vítima;636,5;BR-262/MG;Leste;Saida de Pista;1;;;;;;;;;;1;1;;;
20/12/2014;11:03:00;157;com vítima;192;BR-153/MG;Sul;Colisão Lateral;1;;1;;;;;;;;1;1;;;
20/12/2014;14:00:00;195;sem vítima;605;BR-153/GO;Sul;Colisão Traseira;1;;1;;;;;;;;2;;;;
20/12/2014;14:10:00;200;com vítima;235;BR-153/MG;Norte;Capotamento;1;;;;;;;;;;0;1;;;
20/12/2014;13:20:00;190;com vítima;654,4;BR-153/GO;Norte;Colisão Traseira;1;;;;;;;;;;0;1;;;
20/12/2014;00:44:00;30;sem vítima;814;BR-262/MG;Oeste;Choque - Suporte de Sinalização;1;;;;;;;;;;1;;;;
20/12/2014;16:21:00;215;sem vítima;136;BR-060/GO;Sul;Colisão Traseira;2;;;;;;;;;;2;;;;
21/12/2014;15:06:00;180;com vítima;6,9;BR-060/GO;Sul;Queda de Ciclista;;;;1;;;;;;;0;1;;;