data;horario;n_da_ocorrencia;tipo_de_ocorrencia;km;trecho;sentido;tipo_de_acidente;automovel;bicicleta;caminhao;moto;onibus;outros;tracao_animal;transporte_de_cargas_especiais;trator_maquinas;utilitarios;ilesos;levemente_feridos;moderadamente_feridos;gravemente_feridos;mortos
04/01/2015;06:17:00;37;sem vítima;443;BR-262/MG;Leste;Saida de Pista;1;;;;;;;;;;1;;;;
04/01/2015;06:00:00;39;sem vítima;476,3;BR-262/MG;Leste;Saida de Pista;;;1;;;;;;;;1;;;;
04/01/2015;07:01:00;44;com vítima;585;BR-262/MG;Leste;Capotamento;;;;;;;;;;1;0;5;;;
04/01/2015;07:27:00;47;sem vítima;658;BR-262/MG;Leste;Saida de Pista;1;;;;;;;;;;1;;;;
04/01/2015;07:30:00;48;sem vítima;584,8;BR-153/GO;Sul;Saida de Pista;1;;;;;;;;;;1;;;;
04/01/2015;08:04:00;50;com vítima;590;BR-262/MG;Leste;Saida de Pista;1;;;;;;;;;;0;;1;;
04/01/2015;07:50:00;54;com vítima;642,5;BR-153/GO;Norte;Saida de Pista;1;;;;;;;;;;0;1;;;
04/01/2015;07:10:00;61;sem vítima;582;BR-262/MG;Leste;Saida de Pista;1;;;;;;;;;;2;;;;
04/01/2015;08:45:00;62;sem vítima;575,6;BR-262/MG;Leste;Saida de Pista;1;;;;;;;;;;1;;;;
04/01/2015;09:25:00;63;sem vítima;574;BR-262/MG;Leste;Capotamento;1;;;;;;;;;;1;;;;
04/01/2015;15:37:00;138;com vítima;565;BR-153/GO;Sul;Queda;;;;1;;;;;;;0;1;;;
04/01/2015;16:54:00;167;com vítima;506;BR-153/GO;Sul;Queda;;;;1;;1;;;;;1;1;;;
04/01/2015;15:35:00;169;sem vítima;755;BR-262/MG;Oeste;Colisão Lateral;2;;;;;;;;;;2;;;;
04/01/2015;18:01:00;198;com vítima;495;BR-153/GO;Norte;Colisão Traseira;1;;;1;;;;;;;1;2;;;
04/01/2015;20:41:00;261;com vítima;830;BR-262/MG;Leste;Saida de Pista;1;;;;;;;;;;0;1;;;
05/01/2015;23:25:00;16;sem vítima;362;BR-262/MG;Leste;Saida de Pista;1;;;;;;;;;;1;;;;
05/01/2015;02:00:00;28;com vítima;234;BR-153/MG;Sul;Capotamento;1;;;;;;;;;;0;1;;;
05/01/2015;06:36:00;55;sem vítima;574;BR-262/MG;Leste;Capotamento;1;;;;;;;;;;1;;;;
05/01/2015;06:59:00;57;com vítima;17,5;BR-060/DF;Norte;Capotamento;2;;;;;;;;;;1;;2;;
05/01/2015;07:39:00;65;com vítima;513;BR-153/GO;Norte;Colisão Lateral;1;;;1;;;;;;;1;1;;;
05/01/2015;12:32:00;169;com vítima;93;BR-060/GO;Norte;Colisão Frontal;1;1;;;;;;;;;1;1;;;
05/01/2015;13:10:00;177;com vítima;3,5;BR-060/GO;Sul;Saida de Pista;;;1;;;;;;;;0;1;;;
05/01/2015;13:55:00;189;com vítima;161,8;BR-153/MG;Norte;Saida de Pista;;;;;;;;;;1;1;3;;;
05/01/2015;14:05:00;191;com vítima;121;BR-153/MG;Norte;Tombamento;;;1;;;;;;;;0;1;;;
05/01/2015;15:53:00;223;sem vítima;574,2;BR-153/GO;Sul;Saida de Pista;1;;;;;;;;;;2;;;;
05/01/2015;18:00:00;259;com vítima;804,4;BR-262/MG;Oeste;Colisão Traseira;1;;1;;;;;;;;1;1;;;
05/01/2015;17:40:00;260;com vítima;1,3;BR-060/DF;Sul;Queda de Moto;;;;1;;;;;;;1;;1;;
05/01/2015;17:45:00;263;sem vítima;132;BR-060/GO;Sul;Engavetamento;2;;;;1;;;;;;3;;;;
05/01/2015;18:22:00;274;com vítima;55,1;BR-060/GO;Norte;Queda de Moto;;;;1;;;;;;;0;;;;1
05/01/2015;23:19:00;322;sem vítima;512;BR-153/GO;Norte;;1;;;;;;;;;;1;;;;
06/01/2015;06:26:00;62;sem vítima;490;BR-153/GO;Norte;Colisão Traseira;;;1;;;;;;;;1;;;;
06/01/2015;07:04:00;67;com vítima;120;BR-153/MG;Norte;Colisão Traseira;1;;;;;;;;;;0;2;;2;
06/01/2015;09:10:00;124;com vítima;23,2;BR-153/MG;Norte;Outros - sequências;1;;;;;;;;;;0;2;;;
06/01/2015;11:47:00;178;com vítima;132;BR-060/GO;Norte;Colisão Traseira;2;;;;;;;;;;1;1;;;
06/01/2015;14:12:00;212;com vítima;109;BR-060/GO;Norte;Colisão Traseira;;;2;;;;;;;;1;2;;;
06/01/2015;16:14:00;247;com vítima;34,6;BR-153/MG;Sul;Saida de Pista;;;1;;;;;;;;0;1;;;
06/01/2015;16:52:00;256;com vítima;503;BR-153/GO;Norte;Engavetamento;3;;;1;;;;;;;3;1;;;
06/01/2015;18:43:00;291;com vítima;17,5;BR-060/DF;Norte;Colisão Traseira;1;;1;;;;;;;;0;2;;;
06/01/2015;19:14:00;300;com vítima;5;BR-060/DF;Norte;Queda de Moto;;;;1;;;;;;;0;1;;;
06/01/2015;20:27:00;321;com vítima;565;BR-153/GO;Sul;Colisão Frontal;;;;2;;;;;;;1;;;1;1
07/01/2015;02:29:00;25;sem vítima;496,3;BR-153/GO;Sul;Capotamento;1;;;;;;;;;;1;;;;
07/01/2015;08:24:00;106;com vítima;13;BR-060/GO;Norte;Colisão Traseira;2;;;;;;;;;;1;3;1;;
07/01/2015;09:54:00;185;com vítima;81,8;BR-060/GO;Norte;Capotamento;1;;;;;;;;;;0;;1;;
07/01/2015;11:14:00;223;com vítima;501;BR-153/GO;Norte;Colisão Traseira;;;1;1;;;;;;;1;1;;;
07/01/2015;12:57:00;246;com vítima;772;BR-262/MG;Oeste;Capotamento;1;;;;;;;;;;0;3;;;
07/01/2015;13:47:00;258;com vítima;478;BR-262/MG;Leste;Colisão Lateral;;;1;1;;;;;;;1;1;;;
07/01/2015;14:23:00;268;sem vítima;444;BR-262/MG;Leste;Colisão Traseira;2;;;;;;;;;;2;;;;
07/01/2015;14:48:00;275;com vítima;512;BR-153/GO;Norte;Colisão Traseira;;;1;;1;;;;;;1;1;;;
07/01/2015;14:53:00;276;com vítima;59;BR-060/GO;Sul;Capotamento;1;;;;;;;;;;0;1;1;1;
07/01/2015;20:48:00;388;com vítima;25;BR-060/DF;Sul;Choque - Outros;1;;;;;;;;;;0;1;;;
08/01/2015;06:34:00;39;sem vítima;98,5;BR-060/GO;Sul;Colisão Traseira;1;;1;;;;;;;;2;;;;
08/01/2015;07:03:00;46;com vítima;492;BR-153/GO;Sul;Colisão Traseira;;;;2;;;;;;;1;1;;;
08/01/2015;07:10:00;69;sem vítima;369;BR-262/MG;Leste;Colisão Traseira;2;;;;;;;;;;2;;;;
08/01/2015;09:40:00;123;sem vítima;388;BR-262/MG;Oeste;Capotamento;1;;;;;;;;;;2;;;;
08/01/2015;10:41:00;159;sem vítima;28;BR-060/DF;Sul;Colisão Lateral;1;;1;;;;;;;;2;;;;
08/01/2015;11:40:00;207;sem vítima;505;BR-153/GO;Norte;;;;;1;;;;;;;1;;;;
08/01/2015;14:25:00;240;com vítima;28,3;BR-153/MG;Norte;Colisão Lateral;1;;1;;;;;;;;1;1;;;1
08/01/2015;16:06:00;271;com vítima;4,7;BR-153/MG;Norte;Colisão Lateral;1;;1;;;;;;;;0;2;;;
08/01/2015;17:12:00;293;com vítima;239,8;BR-153/MG;Norte;Colisão Traseira;1;;;;;;;;;1;1;2;;;
09/01/2015;02:43:00;18;com vítima;442;BR-262/MG;Leste;Queda de Moto;;;;1;;;;;;;0;1;;;
09/01/2015;05:52:00;38;sem vítima;526,9;BR-153/GO;Norte;Colisão Traseira;;;2;;;;;;;;2;;;;
09/01/2015;09:41:00;123;sem vítima;507;BR-153/GO;Norte;Colisão Lateral;2;;;;;;;;;;2;;;;
09/01/2015;11:45:00;187;sem vítima;523;BR-153/GO;Sul;Colisão Traseira;1;;1;;;;;;;;2;;;;
09/01/2015;12:00:00;220;com vítima;183;BR-153/MG;Sul;Colisão Lateral;1;;1;;;;;;;;1;1;;;
09/01/2015;14:18:00;231;com vítima;1,2;BR-060/GO;Norte;Colisão Traseira;3;;;;;;;;;;1;3;;;
09/01/2015;14:32:00;236;sem vítima;505;BR-153/GO;Sul;Colisão Lateral;1;;1;;;;;;;;2;;;;
09/01/2015;14:42:00;240;sem vítima;514,8;BR-153/GO;Norte;Colisão Lateral;;;;1;;1;;;;;2;;;;
09/01/2015;17:50:00;319;sem vítima;499;BR-153/GO;Sul;Engavetamento;3;;2;;;;;;;;5;;;;
09/01/2015;18:18:00;324;com vítima;24;BR-060/GO;Norte;Colisão Traseira;;;;1;;1;;;;;1;;2;;
09/01/2015;18:28:00;329;sem vítima;508;BR-153/GO;Norte;Colisão Traseira;2;;;;;;;;;;2;;;;
09/01/2015;19:17:00;353;sem vítima;500;BR-153/GO;Sul;;1;;1;;;;;;;;2;;;;
09/01/2015;19:56:00;364;sem vítima;499;BR-153/GO;Sul;Colisão Traseira;2;;;;;;;;;;2;;;;
10/01/2015;03:15:00;41;com vítima;37;BR-060/GO;Norte;Saida de Pista;1;;;;;;;;;;0;4;;;
10/01/2015;03:50:00;53;com vítima;508,9;BR-153/GO;Norte;Queda de Moto;;;;1;;;;;;;0;1;;;
10/01/2015;04:46:00;59;sem vítima;73,5;BR-153/MG;Sul;Saida de Pista;;;1;;;;;;;;1;;;;
10/01/2015;06:32:00;74;com vítima;668;BR-262/MG;Leste;Choque - Arvore;1;;;;;;;;;;0;4;;;
10/01/2015;07:09:00;85;sem vítima;96;BR-060/GO;Sul;Colisão Traseira;1;;;;;;;;;;2;;;;
10/01/2015;08:14:00;108;com vítima;539;BR-153/GO;Sul;Capotamento;1;;;;;;;;;;0;1;;;
10/01/2015;11:10:00;208;com vítima;801;BR-262/MG;Oeste;Capotamento;2;;;;;;;;;;1;2;1;;
10/01/2015;13:36:00;241;com vítima;869;BR-262/MG;Leste;Saida de Pista;1;;;;;;;;;;0;1;;;
10/01/2015;14:54:00;275;com vítima;502;BR-153/GO;Sul;Capotamento;1;;;;;;;;;;0;1;;;
10/01/2015;15:26:00;289;sem vítima;49,5;BR-060/GO;Norte;Saida de Pista;1;;;;;;;;;;1;;;;
10/01/2015;16:09:00;298;com vítima;500,5;BR-153/GO;Sul;Colisão Lateral;;;;2;;;;;;;3;1;;;
10/01/2015;17:03:00;317;com vítima;863;BR-262/MG;Leste;Queda;;;;1;;;;;;;0;1;;;
10/01/2015;19:20:00;367;sem vítima;95;BR-060/GO;Norte;Queda de Moto;;;;1;;;;;;;1;;;;
10/01/2015;20:25:00;389;com vítima;3;BR-060/GO;Sul;Capotamento;1;;;;;;;;;;0;2;;;
10/01/2015;23:22:00;416;com vítima;672,8;BR-153/GO;Norte;Capotamento;;;1;;;;;;;;0;2;;;
11/01/2015;04:31:00;54;com vítima;666;BR-153/GO;Norte;;1;;;;;;;;;;0;1;;;
11/01/2015;04:55:00;59;com vítima;365,2;BR-262/MG;Leste;Capotamento;1;;;;;;;;;;1;1;;;
11/01/2015;13:00:00;173;com vítima;504,2;BR-153/GO;Norte;Colisão Lateral;;;;2;;;;;;;1;1;;;
11/01/2015;14:03:00;183;com vítima;360;BR-262/MG;Oeste;Queda de Moto;;;;1;;;;;;;0;1;;;
11/01/2015;23:01:00;403;com vítima;80,9;BR-153/MG;Norte;Saida de Pista;;;1;;;;;;;;0;1;;;
12/01/2015;00:38:00;11;sem vítima;440;BR-262/MG;Oeste;Capotamento;;;1;;;;;;;;1;;;;
12/01/2015;06:20:00;58;com vítima;354,5;BR-262/MG;Leste;Queda de Ciclista;;;;1;;;;;;;0;1;;;
12/01/2015;09:12:00;111;com vítima;111;BR-060/GO;Sul;Colisão Traseira;1;;;;1;;;;;;0;2;;;
12/01/2015;09:36:00;127;com vítima;567;BR-262/MG;Leste;Colisão Transversal;2;;;;;;;;;;2;4;;;
12/01/2015;09:09:00;161;com vítima;111;BR-060/GO;Sul;Saida de Pista;1;;;;;;;;;;0;1;;;
12/01/2015;11:56:00;174;sem vítima;870;BR-262/MG;Leste;Saida de Pista;1;;;;;;;;;;1;;;;
12/01/2015;12:17:00;181;com vítima;493;BR-153/GO;Sul;Queda de Ciclista;;;;1;;;;;;;0;2;;;
12/01/2015;13:10:00;204;com vítima;34,9;BR-060/GO;Sul;Saida de Pista;1;;;;;;;;;;1;;3;;
12/01/2015;14:59:00;228;com vítima;106;BR-060/GO;Norte;Queda de Moto;;;;1;;;;;;;0;1;;;
12/01/2015;15:21:00;240;sem vítima;116;BR-060/GO;Norte;Capotamento;1;;;;;;;;;;1;;;;
12/01/2015;16:45:00;292;com vítima;123,8;BR-153/MG;Norte;Colisão Traseira;2;;;;;;;;;;1;1;;;
12/01/2015;16:55:00;294;sem vítima;12;BR-153/MG;Sul;;1;;;;;;;;;;1;;;;
12/01/2015;17:17:00;321;com vítima;4,5;BR-060/DF;Sul;Colisão Lateral;1;;;1;;;;;;;2;1;;;
12/01/2015;18:15:00;338;com vítima;521;BR-262/MG;Leste;Colisão Lateral;2;;;;;;;;;;0;2;1;;
12/01/2015;18:53:00;352;sem vítima;508;BR-153/GO;Norte;Engavetamento;3;;;;;;;;;;3;;;;
12/01/2015;19:12:00;362;sem vítima;505;BR-153/GO;Sul;;1;;;;;;;;;;1;;;;
12/01/2015;19:15:00;365;sem vítima;876;BR-262/MG;Oeste;Colisão Traseira;2;;;;;;;;;;2;;;;
13/01/2015;06:09:00;66;com vítima;573;BR-153/GO;Norte;Capotamento;1;;;;;;;;;;0;4;;;
13/01/2015;07:15:00;92;sem vítima;549;BR-262/MG;Oeste;Colisão Lateral;3;;;;;;;;;;8;;;;
13/01/2015;08:08:00;106;sem vítima;506;BR-153/GO;Norte;Colisão Traseira;3;;;;;;;;;;3;;;;
13/01/2015;08:47:00;131;sem vítima;782,5;BR-262/MG;Leste;Colisão Traseira;1;;1;;;;;;;;4;;;;
13/01/2015;11:29:00;214;com vítima;555;BR-153/GO;Sul;Colisão Traseira;1;;1;;;;;;;;0;2;;;
13/01/2015;14:19:00;262;com vítima;18;BR-153/MG;Norte;Colisão Frontal;1;;1;;;;;;;;1;1;;;
13/01/2015;15:39:00;294;com vítima;480;BR-262/MG;Leste;Saida de Pista;1;;;1;;;;;;;1;1;;;
13/01/2015;18:14:00;368;sem vítima;504,5;BR-153/GO;Norte;Colisão Traseira;2;;;;;;;;;;2;;;;
14/01/2015;03:41:00;42;sem vítima;378,6;BR-262/MG;Leste;Saida de Pista;;;1;;;;;;;;1;;;;
14/01/2015;07:15:00;70;com vítima;13;BR-060/DF;Norte;Colisão Traseira;1;;1;;;;;;;;2;1;;;
14/01/2015;07:28:00;75;com vítima;358;BR-262/MG;Leste;Saida de Pista;1;;1;;;;;;;;1;;1;;
14/01/2015;07:48:00;82;com vítima;82;BR-153/MG;Sul;Tombamento;;;1;;;;;;;;0;1;;;
14/01/2015;07:58:00;90;sem vítima;95;BR-060/GO;Norte;Colisão Lateral;2;;;;;;;;;;2;;;;
14/01/2015;11:03:00;189;sem vítima;499;BR-153/GO;Norte;Colisão Traseira;2;;;;;;;;;;3;;;;
14/01/2015;11:26:00;198;com vítima;440;BR-262/MG;Oeste;Colisão Traseira;;;1;1;;;;;;;1;1;;;
14/01/2015;11:45:00;206;sem vítima;114;BR-060/GO;Sul;Tombamento;;;1;;;;;;;;1;;;;
14/01/2015;12:36:00;215;com vítima;115,8;BR-060/GO;Sul;Colisão Lateral;1;;;;;;;;;;0;1;;;
14/01/2015;12:37:00;216;com vítima;80,7;BR-153/MG;Sul;Colisão Lateral;1;;1;;;;;;;;0;5;;;
14/01/2015;14:43:00;250;sem vítima;363;BR-262/MG;Leste;Colisão Lateral;2;;1;;;;;;;;3;;;;
14/01/2015;16:58:00;317;com vítima;596,76;BR-153/GO;Norte;Saida de Pista;1;;;;;;;;;;0;;2;;
14/01/2015;21:08:00;431;com vítima;118;BR-060/GO;Norte;Colisão Frontal;2;;;;;;;;;;0;2;;;
14/01/2015;21:39:00;439;com vítima;128;BR-060/GO;Sul;;;;;1;;;;;;;0;1;;;
14/01/2015;22:05:00;442;com vítima;108;BR-153/MG;Norte;Colisão Frontal;1;;;1;;;;;;;1;;1;;
14/01/2015;23:14:00;450;com vítima;17,7;BR-153/MG;Norte;Saida de Pista;1;;;;;;;;;;0;1;;;
15/01/2015;23:07:00;16;sem vítima;677;BR-262/MG;Leste;Colisão Traseira;;;2;;;;;;;;2;;;;
15/01/2015;03:46:00;25;com vítima;703;BR-262/MG;Oeste;Choque - Outros;;;2;;;;;;;;1;1;;;
15/01/2015;06:00:00;56;sem vítima;656,3;BR-153/GO;Norte;;1;;;;;;;;;;1;;;;
15/01/2015;07:47:00;90;com vítima;39,5;BR-153/MG;Sul;Capotamento;1;;;;;;;;;;0;4;;;
15/01/2015;08:15:00;107;sem vítima;508;BR-153/GO;Norte;Colisão Traseira;3;;;;;;;;;;3;;;;
15/01/2015;08:41:00;130;com vítima;575,4;BR-262/MG;Leste;Capotamento;1;;;;;;;;;;0;2;;;
15/01/2015;09:07:00;139;sem vítima;508;BR-153/GO;Norte;Colisão Traseira;2;;;;;;;;;;2;;;;
15/01/2015;12:19:00;230;sem vítima;621;BR-153/GO;Norte;Saida de Pista;1;;;;;;;;;;1;;;;
15/01/2015;13:40:00;261;sem vítima;639,3;BR-153/GO;Norte;Colisão Traseira;1;;1;;;;;;;;2;;;;
15/01/2015;14:00:00;268;sem vítima;643;BR-153/GO;Norte;Saida de Pista;1;;;;;;;;;;1;;;;
15/01/2015;13:50:00;269;com vítima;133;BR-060/GO;Norte;Saida de Pista;1;;;;;;;;;;0;1;;;
15/01/2015;15:46:00;311;sem vítima;803;BR-262/MG;Leste;;1;;;;;;;;;;1;;;;
15/01/2015;17:35:00;362;com vítima;69,07;BR-153/MG;Sul;Saida de Pista;;;1;;;;;;;;0;2;;;
15/01/2015;17:31:00;451;com vítima;95;BR-060/GO;Sul;Saida de Pista;;;1;;;;;;;;0;3;;;
16/01/2015;00:20:00;1;sem vítima;504;BR-153/GO;Sul;;1;;;;;;;;;;1;;;;
16/01/2015;01:41:00;12;com vítima;28;BR-153/MG;Norte;Atropelamento de Animal;1;;;;;;;;;;0;4;;;
16/01/2015;07:02:00;90;com vítima;510;BR-153/GO;Norte;Queda de Moto;;;;1;;;;;;;0;1;;;
16/01/2015;09:54:00;203;com vítima;527;BR-153/GO;Norte;Colisão Traseira;;;2;;;;;;;;1;1;;;
16/01/2015;11:02:00;258;sem vítima;527;BR-153/GO;Norte;Colisão Traseira;2;;;;;;;;;;2;;;;
16/01/2015;12:56:00;289;sem vítima;359,8;BR-262/MG;Leste;Colisão Transversal;1;;;1;;;;;;;2;;;;
16/01/2015;13:02:00;290;com vítima;96;BR-060/GO;Sul;Saida de Pista;2;;;;;;;;;;1;2;;;
16/01/2015;13:43:00;299;sem vítima;185;BR-153/MG;Norte;Colisão Traseira;3;;;;;;;;;;4;;;;
16/01/2015;15:25:00;328;sem vítima;12;BR-060/DF;Norte;Colisão Traseira;2;;;;;;;;;;2;;;;
16/01/2015;15:38:00;333;sem vítima;128;BR-060/GO;Sul;Colisão Traseira;2;;;;;;;;;;2;;;;
16/01/2015;16:21:00;353;com vítima;53,5;BR-060/GO;Sul;Capotamento;1;;;;;;;;;;0;2;;;
16/01/2015;17:56:00;382;com vítima;51,8;BR-060/GO;Sul;Capotamento;1;;;;;;;;;;0;2;1;;
16/01/2015;18:39:00;391;com vítima;506,5;BR-153/GO;Sul;Engavetamento;5;;;;;;;;;;5;1;;;
16/01/2015;19:46:00;407;sem vítima;197,7;BR-153/MG;Norte;Choque - Suporte de Sinalização;1;;;;;;;;;;1;;;;
16/01/2015;21:18:00;436;com vítima;24,5;BR-060/GO;Sul;Queda de Moto;;;;1;;;;;;;0;;;;1
16/01/2015;21:35:00;444;com vítima;234;BR-153/MG;Norte;Queda de Moto;;;;1;;;;;;;0;2;;;
16/01/2015;22:29:00;452;com vítima;137;BR-060/GO;Sul;Colisão Frontal;;;;1;1;;;;;;1;;;;1
16/01/2015;23:18:00;475;sem vítima;885;BR-262/MG;Leste;Saida de Pista;1;;;;;;;;;;1;;;;
17/01/2015;02:23:00;26;com vítima;38;BR-060/GO;Sul;Saida de Pista;1;;;;;;;;;;0;5;;;
17/01/2015;03:41:00;39;sem vítima;96;BR-060/GO;Sul;;1;;;;;;;;;;1;;;;
17/01/2015;06:26:00;56;com vítima;46,4;BR-060/GO;Sul;Saida de Pista;1;;;;;;;;;;0;2;;;
17/01/2015;06:42:00;60;com vítima;552;BR-153/GO;Sul;Colisão Traseira;;;1;;;;;;;;0;1;;;
17/01/2015;09:17:00;134;sem vítima;527;BR-153/GO;Norte;Colisão Traseira;3;;;;;;;;;;3;;;;
17/01/2015;09:32:00;148;sem vítima;1;BR-060/DF;Sul;Queda;;;;1;;;;;;;2;;;;
17/01/2015;10:45:00;185;sem vítima;109;BR-060/GO;Norte;Colisão Lateral;1;;1;;;;;;;;2;;;;
17/01/2015;11:03:00;187;sem vítima;58;BR-153/MG;Sul;;1;;;;;;;;;;1;;;;
17/01/2015;11:22:00;198;com vítima;52;BR-153/MG;Norte;Saida de Pista;1;;;;;;;;;;0;2;;;
17/01/2015;14:51:00;246;sem vítima;675,2;BR-153/GO;Sul;Colisão Lateral;1;;1;;;;;;;;2;;;;
17/01/2015;15:33:00;271;com vítima;511;BR-262/MG;Leste;Saida de Pista;1;;1;;;;;;;;1;1;;;
17/01/2015;17:41:00;318;com vítima;382;BR-262/MG;Oeste;Outros - sequências;;;1;;;;;;;;0;1;;;
17/01/2015;18:02:00;324;com vítima;755;BR-262/MG;Oeste;Colisão Lateral;1;;1;;;;;;;;1;;;1;1
17/01/2015;18:00:00;327;com vítima;89;BR-060/GO;Sul;Colisão Traseira;1;;;;;;;;;1;2;1;;;
17/01/2015;21:05:00;383;com vítima;574;BR-153/GO;Norte;Capotamento;;;1;;;;;;;;0;;;;1
18/01/2015;04:56:00;51;sem vítima;4;BR-060/DF;Norte;Colisão Traseira;2;;;;;;;;;;2;;;;
18/01/2015;08:02:00;80;com vítima;34,7;BR-060/GO;Sul;Saida de Pista;1;;;;;;;;;;0;;1;;
18/01/2015;11:16:00;147;sem vítima;129;BR-060/GO;Sul;Saida de Pista;1;;;;;;;;;;3;;;;
18/01/2015;15:51:00;229;com vítima;380;BR-262/MG;Leste;Capotamento;1;;;;;;;;;;1;1;;;
18/01/2015;16:42:00;248;com vítima;115,5;BR-060/GO;Norte;Colisão Lateral;1;;;1;;;;;;;1;;1;;
18/01/2015;16:54:00;253;sem vítima;448;BR-262/MG;Leste;Queda de Ciclista;;;;1;;;;;;;1;;;;
18/01/2015;17:00:00;257;sem vítima;488,5;BR-262/MG;Leste;Saida de Pista;1;;;;;;;;;;1;;;;
18/01/2015;18:00:00;286;com vítima;89;BR-060/GO;Sul;Colisão Traseira;1;;;1;;;;;;;1;;1;;
18/01/2015;18:53:00;298;sem vítima;525;BR-153/GO;Norte;;1;;;;;;;;;;1;;;;
18/01/2015;19:16:00;306;sem vítima;19;BR-060/GO;Norte;Saida de Pista;1;;;;;;;;;;1;;;;
18/01/2015;20:25:00;340;com vítima;239,8;BR-153/MG;Sul;Colisão Traseira;2;;;;;;;;;;0;7;;;
18/01/2015;21:22:00;354;sem vítima;87;BR-060/GO;Sul;Saida de Pista;1;;;;;;;;;;4;;;;
18/01/2015;21:48:00;359;com vítima;597;BR-153/GO;Sul;Colisão Lateral;1;;;;;1;;;;;2;2;;;
19/01/2015;23:45:00;8;sem vítima;477;BR-262/MG;Leste;Colisão Lateral;1;;1;;;;;;;;2;;;;
19/01/2015;04:47:00;61;com vítima;46,1;BR-153/MG;Norte;Saida de Pista;1;;;;;;;;;;0;1;;;
19/01/2015;07:37:00;102;sem vítima;4,6;BR-060/DF;Sul;Colisão Traseira;1;;;;1;;;;;;3;;;;
19/01/2015;10:36:00;189;com vítima;64;BR-153/MG;Sul;Saida de Pista;1;;;;;;;;;;0;2;;;
19/01/2015;10:46:00;195;com vítima;509;BR-262/MG;Leste;Tombamento;;;1;;;;;;;;0;1;;;1
19/01/2015;21:50:00;311;com vítima;120;BR-153/MG;Sul;Colisão Traseira;1;;;;;;;;;;0;1;;;
19/01/2015;23:46:00;321;com vítima;112,5;BR-153/MG;Norte;Colisão Traseira;1;;1;;;;;;;;1;1;;;
20/01/2015;05:46:00;68;com vítima;490;BR-153/GO;Sul;Colisão Lateral;;;;1;;1;;;;;1;1;;;
20/01/2015;06:25:00;73;sem vítima;461,1;BR-262/MG;Oeste;Tombamento;1;;;;;;;;;;1;;;;
20/01/2015;18:55:00;77;com vítima;117;BR-153/MG;Norte;Saida de Pista;2;;;;;;;;;;0;4;;;
20/01/2015;08:35:00;109;sem vítima;414;BR-262/MG;Oeste;Colisão Lateral;;;1;;;;;;;1;2;;;;
20/01/2015;11:10:00;180;com vítima;121,6;BR-060/GO;Norte;Capotamento;1;;;;;;;;;;0;1;;;
20/01/2015;11:13:00;183;sem vítima;116;BR-060/GO;Norte;;1;;;;;;;;;;1;;;;
20/01/2015;16:24:00;318;com vítima;52;BR-153/MG;Norte;Carreta deu L;;;1;;;;;;;;0;1;;;
20/01/2015;16:32:00;320;sem vítima;502;BR-153/GO;Sul;Colisão Lateral;1;;1;;;;;;;;2;;;;
20/01/2015;21:17:00;329;sem vítima;94;BR-060/GO;Norte;Colisão Traseira;2;;;;;;;;;;2;;;;
20/01/2015;17:50:00;346;com vítima;7,8;BR-153/MG;Norte;Colisão Traseira;2;;;;;;;;;;0;3;;;
20/01/2015;18:32:00;361;sem vítima;93;BR-060/GO;Norte;Colisão Lateral;1;;1;;;;;;;;2;;;;
20/01/2015;18:41:00;363;sem vítima;556,9;BR-153/GO;Norte;Capotamento;1;;;;;;;;;;1;;;;
20/01/2015;17:15:00;383;sem vítima;11;BR-060/DF;Norte;Saida de Pista;1;;;;;;;;;;1;;;;
20/01/2015;20:28:00;435;sem vítima;103;BR-060/GO;Norte;Choque - Objeto sobre a pista;1;;;;;;;;;;2;;;;
20/01/2015;21:40:00;474;com vítima;514;BR-153/GO;Norte;Colisão Traseira;2;;;;;;;;;;1;1;;;
21/01/2015;05:44:00;40;sem vítima;370;BR-262/MG;Leste;;;;1;;;;;;;;1;;;;
21/01/2015;05:48:00;41;sem vítima;382;BR-262/MG;Leste;Saida de Pista;;;1;;;;;;;;1;;;;
21/01/2015;08:14:00;62;com vítima;95;BR-060/GO;Norte;Capotamento;1;;;;;;;;;;0;1;;;
21/01/2015;08:27:00;66;sem vítima;674;BR-262/MG;Oeste;Carreta deu L;;;1;;;;;;;;1;;;;
21/01/2015;11:30:00;151;com vítima;428;BR-262/MG;Oeste;Capotamento;1;;;;;;;;;;2;2;;;
21/01/2015;16:17:00;232;com vítima;358,5;BR-262/MG;Oeste;Capotamento;;;1;;;;;;;;0;1;1;;
21/01/2015;16:18:00;235;com vítima;95;BR-060/GO;Sul;Capotamento;1;;;;;;;;;;0;;1;;
21/01/2015;17:21:00;272;com vítima;113;BR-060/GO;Sul;Colisão Traseira;;;1;1;;;;;;;2;;1;;
21/01/2015;18:35:00;306;sem vítima;499,5;BR-153/GO;Sul;Colisão Traseira;2;;;;;;;;;;2;;;;
21/01/2015;19:00:00;318;com vítima;498,5;BR-153/GO;Sul;Colisão Traseira;2;;;;;;;;;;2;1;;;
21/01/2015;20:19:00;348;sem vítima;56,7;BR-060/GO;Sul;Choque - Defensa, barreira ou "submarino";1;;;;;;;;;;2;;;;
21/01/2015;17:21:00;358;com vítima;113;BR-060/GO;Norte;Colisão Frontal;1;;2;;;;;;;;2;;;;1
21/01/2015;20:58:00;363;sem vítima;505;BR-153/GO;Sul;Queda de Moto;;;;1;;;;;;;1;;;;
21/01/2015;21:46:00;375;sem vítima;388;BR-262/MG;Leste;Saida de Pista;1;;;;;;;;;;1;;;;
21/01/2015;15:00:00;376;sem vítima;509,5;BR-153/GO;Norte;Colisão Traseira;;;4;;;;;;;;4;;;;
22/01/2015;01:00:00;24;com vítima;361;BR-262/MG;Oeste;Saida de Pista;1;;;;;;;;;;0;1;;;
22/01/2015;04:02:00;44;com vítima;82,5;BR-060/GO;Sul;Saida de Pista;1;;;;;;;;;;0;2;;;