data;horario;n_da_ocorrencia;tipo_de_ocorrencia;km;trecho;sentido;tipo_de_acidente;automovel;bicicleta;caminhao;moto;onibus;outros;tracao_animal;transporte_de_cargas_especiais;trator_maquinas;utilitarios;ilesos;levemente_feridos;moderadamente_feridos;gravemente_feridos;mortos
22/01/2015;07:14:00;73;com vítima;114;BR-060/GO;Sul;Saida de Pista;1;;;;;;;;;;0;;1;;
22/01/2015;08:15:00;112;sem vítima;702;BR-153/GO;Norte;Saida de Pista;1;;;;;;;;;;1;;;;
22/01/2015;09:06:00;127;com vítima;495;BR-262/MG;Leste;Choque - Arvore;1;;;;;1;;;;;0;3;;;
22/01/2015;12:08:00;189;sem vítima;659;BR-153/GO;Sul;Colisão Traseira;1;;1;;;;;;;;2;;;;
22/01/2015;12:35:00;195;com vítima;815;BR-262/MG;Leste;Capotamento;;;;1;;;;;;;0;1;2;;
22/01/2015;13:17:00;204;com vítima;501;BR-153/GO;Sul;Queda de Moto;;;;1;;;;;;;0;1;;;
22/01/2015;13:00:00;213;com vítima;532;BR-153/GO;Norte;Saida de Pista;1;;;;;;;;;;0;1;;;
22/01/2015;14:09:00;216;com vítima;502;BR-153/GO;Sul;Colisão Traseira;;;;1;;1;;;;;1;1;;;
22/01/2015;16:25:00;268;sem vítima;88;BR-153/MG;Sul;Colisão Lateral;1;;1;;;;;;;;2;;;;
22/01/2015;16:15:00;272;com vítima;820,1;BR-262/MG;Leste;Colisão Frontal;2;;;;;;;;;;1;;2;;
22/01/2015;16:41:00;273;sem vítima;96;BR-060/GO;Norte;;1;;;;;;;;;;1;;;;
22/01/2015;18:33:00;328;com vítima;9,7;BR-060/DF;Norte;Saida de Pista;1;;;;;;;;;;0;5;;;
22/01/2015;19:41:00;362;com vítima;29;BR-060/DF;Sul;Saida de Pista;1;;;;;;;;;;0;2;;;
22/01/2015;22:24:00;405;sem vítima;129,3;BR-060/GO;Sul;Saida de Pista;1;;;;;;;;;;2;;;;
22/01/2015;22:37:00;411;com vítima;58;BR-153/MG;Sul;Colisão Traseira;;;2;;;;;;;;1;1;;;
23/01/2015;03:00:00;24;com vítima;58;BR-153/MG;Norte;Tombamento;;;1;;;;;;;;0;1;;;
23/01/2015;06:19:00;51;com vítima;644;BR-153/GO;Norte;Tombamento;1;;;;;;;;;;0;1;;;
23/01/2015;06:35:00;53;sem vítima;580;BR-262/MG;Leste;Saida de Pista;;;1;;;;;;;;1;;;;
23/01/2015;07:48:00;68;com vítima;137;BR-060/GO;Norte;Colisão Lateral;;;;2;;;;;;;1;;;1;
23/01/2015;09:20:00;115;sem vítima;575;BR-262/MG;Leste;Carreta deu L;;;2;;;;;;;;2;;;;
23/01/2015;09:59:00;147;sem vítima;575,4;BR-262/MG;Leste;Capotamento;1;;;;;;;;;;4;;;;
23/01/2015;10:25:00;161;sem vítima;549;BR-262/MG;Leste;Saida de Pista;1;;;;;;;;;;3;;;;
23/01/2015;10:25:00;227;sem vítima;549;BR-262/MG;Leste;Saida de Pista;1;;;;;;;;;;1;;;;
23/01/2015;12:45:00;235;sem vítima;136;BR-060/GO;Norte;Colisão Traseira;2;;;;;;;;;;2;;;;
23/01/2015;11:47:00;242;sem vítima;585,8;BR-262/MG;Leste;Saida de Pista;1;;;;;;;;;;1;;;;
23/01/2015;11:47:00;244;sem vítima;585,4;BR-262/MG;Leste;Saida de Pista;1;;;;;;;;;;2;;;;
23/01/2015;13:30:00;262;com vítima;12;BR-153/MG;Sul;Saida de Pista;1;;;;;;;;;;0;1;;;
23/01/2015;15:24:00;287;com vítima;87;BR-060/GO;Sul;Saida de Pista;1;;;;;;;;;;0;1;;;
23/01/2015;16:07:00;309;com vítima;30;BR-060/DF;Norte;Saida de Pista;1;;;;;;;;;;0;2;;;
23/01/2015;16:13:00;312;sem vítima;30;BR-060/DF;Sul;;1;;;;;;;;;;1;;;;
23/01/2015;17:38:00;341;com vítima;96;BR-060/GO;Norte;Colisão Traseira;1;;1;;;;;;;;0;2;;;
23/01/2015;17:57:00;350;sem vítima;355,3;BR-262/MG;Leste;Capotamento;1;;;;;;;;;;1;;;;
23/01/2015;18:16:00;358;com vítima;461;BR-262/MG;Leste;Queda de Moto;;;;1;;;;;;;0;1;1;;
23/01/2015;20:16:00;400;com vítima;408;BR-262/MG;Oeste;Capotamento;1;;;;;;;;;;3;1;;;
23/01/2015;17:15:00;409;sem vítima;377;BR-262/MG;Leste;Saida de Pista;1;;;;;;;;;;1;;;;
23/01/2015;20:24:00;412;sem vítima;62;BR-060/GO;Sul;Colisão Traseira;2;;;;;;;;;;2;;;;
23/01/2015;22:02:00;435;sem vítima;649;BR-262/MG;Leste;Saida de Pista;1;;;;;;;;;;1;;;;
24/01/2015;23:53:00;5;sem vítima;405;BR-262/MG;Oeste;Saida de Pista;1;;;;;;;;;;1;;;;
24/01/2015;00:35:00;16;com vítima;127,4;BR-060/GO;Norte;Tombamento;;;1;;;;;;;;0;;1;;
24/01/2015;04:10:00;49;com vítima;31;BR-060/DF;Norte;Colisão Traseira;;;2;;;;;;;;1;2;;;
24/01/2015;06:27:00;64;sem vítima;384;BR-262/MG;Oeste;Capotamento;1;;;;;;;;;;1;;;;
24/01/2015;06:57:00;77;sem vítima;396;BR-262/MG;Leste;;;;;1;;;;;;;1;;;;
24/01/2015;07:30:00;89;sem vítima;382,7;BR-262/MG;Leste;Saida de Pista;1;;;;;;;;;;2;;;;
24/01/2015;07:30:00;91;sem vítima;571;BR-262/MG;Oeste;Choque - Talude;1;;;;;;;;;;2;;;;
24/01/2015;07:54:00;102;sem vítima;402,7;BR-262/MG;Oeste;Capotamento;1;;;;;;;;;;2;;;;
24/01/2015;10:00:00;171;sem vítima;575,2;BR-262/MG;Leste;Capotamento;1;;;;;;;;;;5;;;;
24/01/2015;11:26:00;203;sem vítima;497;BR-262/MG;Leste;Queda de Moto;;;;1;;;;;;;1;;;;
24/01/2015;11:28:00;204;sem vítima;584;BR-153/GO;Norte;Colisão Lateral;1;;1;;;;;;;;2;;;;
24/01/2015;11:52:00;208;sem vítima;16;BR-153/MG;Norte;Saida de Pista;1;;;;;;;;;;1;;;;
24/01/2015;13:26:00;239;sem vítima;4,9;BR-060/GO;Sul;Colisão Traseira;1;;1;;;;;;;;2;;;;
24/01/2015;13:26:00;241;com vítima;4,9;BR-060/GO;Sul;Colisão Traseira;;;1;;1;;;;;;1;5;;;
24/01/2015;14:35:00;262;com vítima;95,5;BR-060/GO;Sul;Colisão Lateral;;;;1;1;;;;;;1;1;;;
24/01/2015;15:11:00;282;sem vítima;591;BR-262/MG;Leste;Saida de Pista;1;;;;;;;;;;2;;;;
24/01/2015;15:54:00;314;com vítima;639;BR-153/GO;Norte;Colisão Transversal;1;;1;;;;;;;;1;1;;;
24/01/2015;16:05:00;338;sem vítima;592,5;BR-262/MG;Leste;Saida de Pista;1;;;;;;;;;;1;;;;
24/01/2015;15:10:00;344;com vítima;587;BR-262/MG;Leste;Saida de Pista;1;;;;;;;;;;2;2;;;
24/01/2015;16:51:00;347;com vítima;12;BR-060/DF;Norte;Queda;;1;;;;;;;;;0;1;;;
24/01/2015;16:30:00;354;com vítima;566;BR-262/MG;Oeste;Colisão Lateral;2;;;;;;;;;;1;2;;;
24/01/2015;17:11:00;363;sem vítima;386,6;BR-262/MG;Leste;Saida de Pista;1;;;;;;;;;;1;;;;
24/01/2015;17:39:00;375;sem vítima;27;BR-060/GO;Norte;Saida de Pista;1;;;;;;;;;;1;;;;
24/01/2015;17:52:00;384;com vítima;501;BR-153/GO;Sul;Queda;;;;1;;;;;;;0;2;;;
24/01/2015;17:54:00;386;sem vítima;24;BR-060/DF;Norte;Saida de Pista;1;;;;;;;;;;1;;;;
24/01/2015;18:25:00;398;sem vítima;470;BR-262/MG;Leste;Saida de Pista;1;;;;;;;;;;1;;;;
24/01/2015;17:45:00;401;sem vítima;2,4;BR-060/DF;Sul;Saida de Pista;1;;;;;;;;;;1;;;;
24/01/2015;19:35:00;427;sem vítima;28,8;BR-060/DF;Norte;Engavetamento;4;;1;;;;;;;;8;;;;
24/01/2015;21:04:00;444;sem vítima;498;BR-153/GO;Sul;Colisão Lateral;1;;1;;;;;;;;2;;;;
24/01/2015;16:08:00;453;sem vítima;353;BR-262/MG;Oeste;;1;;;;;;;;;;1;;;;
24/01/2015;16:08:00;455;com vítima;353;BR-262/MG;Oeste;Colisão Traseira;2;;;;;;;;;;2;2;;;
24/01/2015;22:23:00;461;com vítima;96;BR-060/GO;Norte;Colisão Traseira;2;;;;;;;;;;2;1;;;
24/01/2015;23:57:00;478;sem vítima;109;BR-060/GO;Sul;Saida de Pista;1;;;;;;;;;;1;;;;
25/01/2015;00:00:00;8;sem vítima;385;BR-262/MG;Oeste;Capotamento;1;;;;;;;;;;1;;;;
25/01/2015;03:42:00;53;sem vítima;501;BR-153/GO;Sul;Choque - Defensa, barreira ou "submarino";1;;;;;;;;;;1;;;;
25/01/2015;04:29:00;66;sem vítima;353;BR-262/MG;Leste;Saida de Pista;1;;;;;;;;;;1;;;;
25/01/2015;06:45:00;81;sem vítima;700;BR-153/GO;Sul;;1;;;;;;;;;;1;;;;
25/01/2015;08:47:00;123;sem vítima;454,2;BR-262/MG;Leste;Saida de Pista;1;;;;;;;;;;1;;;;
25/01/2015;10:30:00;152;sem vítima;516;BR-153/GO;Sul;Colisão Traseira;2;;;;;;;;;;6;;;;
25/01/2015;12:52:00;193;sem vítima;542;BR-153/GO;Sul;Saida de Pista;1;;;;;;;;;;1;;;;
25/01/2015;13:56:00;208;sem vítima;62,4;BR-060/GO;Sul;Saida de Pista;1;;;;;;;;;;1;;;;
25/01/2015;15:36:00;237;com vítima;380;BR-262/MG;Leste;Saida de Pista;1;;;;;;;;;;3;1;1;;
25/01/2015;16:18:00;257;sem vítima;110,5;BR-060/GO;Sul;Colisão Traseira;2;;;;;;;;;;5;;;;
25/01/2015;15:40:00;280;sem vítima;380;BR-262/MG;Oeste;Saida de Pista;1;;;;;;;;;;1;;;;
25/01/2015;18:48:00;316;sem vítima;129,4;BR-060/GO;Sul;Colisão Traseira;2;;;;;;;;;;2;;;;
25/01/2015;15:00:00;330;sem vítima;423,1;BR-262/MG;Leste;;1;;;;;;;;;;1;;;;
25/01/2015;14:35:00;355;sem vítima;359;BR-262/MG;Leste;Queda de Moto;;;;1;;;;;;;1;;;;
25/01/2015;21:46:00;363;com vítima;502;BR-153/GO;Norte;Queda de Moto;;;;1;;;;;;;0;;2;;
25/01/2015;23:21:00;379;sem vítima;382;BR-262/MG;Oeste;Saida de Pista;1;;;;;;;;;;1;;;;
26/01/2015;01:26:00;23;com vítima;47;BR-060/GO;Sul;Choque - Defensa, barreira ou "submarino";1;;;;;;;;;;0;3;;;
26/01/2015;04:51:00;54;sem vítima;132;BR-060/GO;Sul;Saida de Pista;;;1;;;;;;;;2;;;;
26/01/2015;07:11:00;79;sem vítima;507;BR-153/GO;Norte;Colisão Lateral;2;;;;;;;;;;3;;;;
26/01/2015;07:16:00;80;sem vítima;361;BR-262/MG;Leste;Atropelamento de Animal;1;;;;;;;;;;1;;;;
26/01/2015;07:54:00;93;sem vítima;510;BR-153/GO;Norte;;2;;;;;;;;;;2;;;;
26/01/2015;08:34:00;117;com vítima;93,2;BR-060/GO;Sul;Colisão Traseira;2;;;;;;;;;;2;1;;;
26/01/2015;09:39:00;156;sem vítima;127,5;BR-060/GO;Sul;Colisão Traseira;2;;;;;;;;;;2;;;;
26/01/2015;10:15:00;174;com vítima;645,3;BR-153/GO;Norte;Capotamento;1;;;;;;;;;;0;1;;;
26/01/2015;10:19:00;178;sem vítima;91;BR-060/GO;Sul;Colisão Lateral;1;;1;;;;;;;;3;;;;
26/01/2015;10:02:00;187;sem vítima;99;BR-060/GO;Norte;;1;;;;;;;;;;1;;;;
26/01/2015;14:22:00;248;sem vítima;457;BR-262/MG;Leste;Colisão Frontal;1;;;;1;;;;;;2;;;;
26/01/2015;17:00:00;307;sem vítima;29;BR-060/GO;Sul;;1;;;;;;;;;;1;;;;
26/01/2015;17:10:00;310;com vítima;28,5;BR-060/DF;Sul;Capotamento;1;;;;;;;;;;0;4;;;
26/01/2015;17:26:00;320;sem vítima;492,8;BR-153/GO;Sul;Choque - Defensa, barreira ou "submarino";;;1;;;;;;;;1;;;;
26/01/2015;17:40:00;329;com vítima;595;BR-262/MG;Leste;Capotamento;;;1;;;;;;;;0;1;;;
26/01/2015;17:02:00;350;sem vítima;28,5;BR-060/DF;Sul;Saida de Pista;1;;;;;;;;;;1;;;;
26/01/2015;18:56:00;357;sem vítima;432;BR-262/MG;Leste;Saida de Pista;1;;;;;;;;;;1;;;;
26/01/2015;18:57:00;358;sem vítima;574;BR-262/MG;Leste;Saida de Pista;1;;;;;;;;;;1;;;;
26/01/2015;19:36:00;371;sem vítima;402;BR-262/MG;Leste;Saida de Pista;1;;;;;;;;;;1;;;;
26/01/2015;19:40:00;374;com vítima;578;BR-262/MG;Leste;Capotamento;1;;;;;;;;;;1;2;;;
26/01/2015;20:30:00;399;com vítima;427;BR-262/MG;Leste;Capotamento;1;;;;;;;;;;0;1;;;
26/01/2015;21:15:00;401;com vítima;18;BR-153/MG;Norte;Saida de Pista;1;;;;;;;;;;0;2;;;
27/01/2015;06:00:00;57;sem vítima;678,2;BR-262/MG;Oeste;Saida de Pista;1;;;;;;;;;;1;;;;
27/01/2015;08:01:00;73;com vítima;25;BR-060/DF;Sul;Saida de Pista;1;;;;;;;;;;1;;1;;
27/01/2015;07:44:00;82;com vítima;501;BR-153/GO;Norte;Colisão Traseira;;;;1;;1;;;;;1;1;;;
27/01/2015;08:10:00;93;sem vítima;565,9;BR-153/GO;Norte;;1;;;;;;;;;;1;;;;
27/01/2015;09:18:00;129;com vítima;40;BR-153/MG;Norte;Saida de Pista;1;;;;;;;;;;0;3;;;
27/01/2015;11:09:00;196;sem vítima;134;BR-060/GO;Sul;;;;;1;;;;;;;1;;;;
27/01/2015;13:21:00;199;sem vítima;582,2;BR-262/MG;Leste;Saida de Pista;1;;;;;;;;;;1;;;;
27/01/2015;12:29:00;230;sem vítima;11,9;BR-060/DF;Norte;Saida de Pista;1;;;;;;;;;;1;;;;
27/01/2015;13:17:00;251;sem vítima;28,6;BR-060/GO;Sul;Saida de Pista;1;;;;;;;;;;3;;;;
27/01/2015;13:31:00;257;sem vítima;105;BR-060/GO;Sul;Saida de Pista;1;;;;;;;;;;5;;;;
27/01/2015;13:32:00;258;com vítima;509;BR-153/GO;Sul;Queda de Moto;;;;1;;;;;;;0;1;;;
27/01/2015;14:21:00;269;com vítima;4,1;BR-153/MG;Norte;Choque - Defensa, barreira ou "submarino";1;;;;;;;;;;0;1;;;
27/01/2015;15:15:00;288;com vítima;560;BR-153/GO;Sul;Capotamento;1;;;;;;;;;;0;1;;;
27/01/2015;15:24:00;289;com vítima;586;BR-262/MG;Leste;Saida de Pista;1;;;;;;;;;;0;2;;;
27/01/2015;16:40:00;310;sem vítima;556;BR-153/GO;Norte;Saida de Pista;;;;;;1;;;;1;2;;;;
27/01/2015;17:15:00;316;com vítima;2,26;BR-060/DF;Sul;Colisão Lateral;1;;;1;;;;;;;2;1;;;
27/01/2015;17:35:00;323;sem vítima;380;BR-262/MG;Leste;Saida de Pista;2;;;;;;;;;;2;;;;
27/01/2015;18:47:00;343;sem vítima;382;BR-262/MG;Oeste;Saida de Pista;1;;;;;;;;;;1;;;;
27/01/2015;19:20:00;347;sem vítima;410;BR-262/MG;Leste;Saida de Pista;1;;;;;;;;;;1;;;;
27/01/2015;20:46:00;367;com vítima;402;BR-262/MG;Oeste;Capotamento;1;;;;;;;;;;0;2;;;
27/01/2015;21:43:00;380;sem vítima;399;BR-262/MG;Leste;Saida de Pista;1;;;;;;;;;;1;;;;
27/01/2015;21:45:00;392;com vítima;391;BR-262/MG;Oeste;Saida de Pista;1;;;;;;;;;;0;2;;;
27/01/2015;22:28:00;396;com vítima;356;BR-262/MG;Leste;Capotamento;1;;;;;;;;;;0;1;;;
28/01/2015;08:57:00;140;com vítima;535;BR-153/GO;Sul;Queda de Moto;;;;1;;;;;;;0;1;;;
28/01/2015;11:28:00;221;sem vítima;133;BR-060/GO;Norte;Saida de Pista;;;1;;;;;;;;1;;;;
28/01/2015;13:26:00;259;com vítima;595;BR-262/MG;Oeste;Choque - Elemento de Drenagem;1;;;;;;;;;;0;2;;;
28/01/2015;15:08:00;300;sem vítima;508;BR-153/GO;Norte;Colisão Traseira;2;;;;;2;;;;;4;;;;
28/01/2015;15:20:00;306;sem vítima;683,1;BR-153/GO;Sul;Saida de Pista;1;;;;;;;;;;1;;;;
28/01/2015;15:24:00;307;com vítima;587;BR-262/MG;Leste;Saida de Pista;1;;;;;;;;;;0;1;;;
28/01/2015;15:30:00;312;sem vítima;583;BR-262/MG;Leste;;1;;;;;;;;;;1;;;;
28/01/2015;15:40:00;327;com vítima;588;BR-262/MG;Oeste;Choque - Defensa, barreira ou "submarino";1;;;;;;;;;;0;2;;;
28/01/2015;15:28:00;328;sem vítima;430;BR-262/MG;Oeste;Saida de Pista;1;;;;;;;;;;1;;;;
28/01/2015;16:23:00;343;com vítima;28,5;BR-060/DF;Norte;Capotamento;1;;;;;;;;;;0;3;;;
28/01/2015;16:42:00;347;com vítima;579,3;BR-262/MG;Oeste;Capotamento;1;;;;;;;;;;0;;1;;
28/01/2015;17:05:00;352;sem vítima;451,5;BR-262/MG;Oeste;Saida de Pista;1;;;;;;;;;;2;;;;
28/01/2015;17:10:00;353;com vítima;604;BR-153/GO;Sul;Capotamento;;;;;;;;;;1;0;2;;;
28/01/2015;17:11:00;354;sem vítima;500,5;BR-153/GO;Norte;Colisão Traseira;1;;;;;1;;;;;2;;;;
28/01/2015;17:25:00;357;com vítima;661;BR-153/GO;Sul;Atropelamento - Andarilho;;;1;;;;;;;;1;1;;;
28/01/2015;17:28:00;361;sem vítima;133,2;BR-060/GO;Sul;Saida de Pista;;;1;;;;;;;;1;;;;
28/01/2015;17:29:00;362;sem vítima;604;BR-153/GO;Norte;;1;;;;;;;;;;1;;;;
28/01/2015;17:39:00;364;com vítima;574,5;BR-262/MG;Oeste;Colisão Frontal;;;2;;;;;;;;1;;1;;
28/01/2015;19:23:00;389;com vítima;134;BR-060/GO;Sul;Queda de Moto;;;;1;;;;;;;0;1;;;
29/01/2015;16:45:00;11;sem vítima;593,5;BR-262/MG;Leste;Saida de Pista;1;;;;;;;;;;1;;;;
29/01/2015;16:40:00;25;sem vítima;368;BR-262/MG;Oeste;Saida de Pista;1;;;;;;;;;;1;;;;
29/01/2015;19:30:00;27;com vítima;382;BR-262/MG;Oeste;Saida de Pista;1;;;;;;;;;;0;1;;;
29/01/2015;19:30:00;29;com vítima;382;BR-262/MG;Oeste;Saida de Pista;1;;;;;;;;;;0;1;;;
29/01/2015;06:45:00;58;sem vítima;403;BR-262/MG;Oeste;Saida de Pista;1;;;;;;;;;;1;;;;
29/01/2015;09:32:00;148;sem vítima;644;BR-153/GO;Norte;Colisão Traseira;;;2;;;;;;;;2;;;;
29/01/2015;13:00:00;227;com vítima;582,7;BR-262/MG;Leste;Colisão Frontal;1;;1;;;;;;;;2;;;;1
29/01/2015;13:05:00;230;com vítima;583,2;BR-262/MG;Leste;Capotamento;1;;;;;;;;;;1;2;;;
29/01/2015;14:39:00;253;sem vítima;396;BR-262/MG;Leste;Colisão Traseira;1;;1;;;;;;;;2;;;;
29/01/2015;15:05:00;272;com vítima;598;BR-153/GO;Norte;Tombamento;;;1;;;;;;;;0;2;;;
29/01/2015;17:05:00;349;sem vítima;21,8;BR-060/GO;Sul;Atropelamento de Animal;1;;;;;;;;;;1;;;;
29/01/2015;18:59:00;383;com vítima;494;BR-153/GO;Sul;Queda de Moto;;;;1;;;;;;;0;1;;;
29/01/2015;23:07:00;445;sem vítima;29,9;BR-060/GO;Sul;Colisão Traseira;2;;;;;;;;;;2;;;;
30/01/2015;08:00:00;127;sem vítima;763;BR-262/MG;Oeste;Capotamento;1;;;;;1;;;;;7;;;;
30/01/2015;09:15:00;159;com vítima;114;BR-153/MG;Sul;Colisão Traseira;2;;;;;;;;;;0;2;;;
30/01/2015;11:18:00;208;com vítima;7,5;BR-060/DF;Sul;Atropelamento - Andarilho;1;;;;;;;;;;1;1;;;
30/01/2015;13:10:00;243;com vítima;509;BR-153/GO;Sul;Colisão Traseira;3;;;;;;;;;;2;;1;;
30/01/2015;13:56:00;261;com vítima;486;BR-262/MG;Leste;Colisão Frontal;2;;;;;;;;;;0;1;;1;
30/01/2015;14:15:00;266;com vítima;575;BR-262/MG;Leste;Colisão Frontal;;;2;;;;;;;;1;;1;;
30/01/2015;14:27:00;267;com vítima;600;BR-153/GO;Sul;Colisão Traseira;1;;;;;;;;;;0;1;;;
30/01/2015;15:58:00;305;com vítima;111;BR-060/GO;Sul;Outros - sequências;2;;3;;;;;;;;4;1;;;
30/01/2015;17:41:00;351;sem vítima;94;BR-060/GO;Norte;Colisão Lateral;1;;1;;;;;;;;2;;;;
30/01/2015;17:51:00;354;sem vítima;496,5;BR-153/GO;Norte;Queda de Moto;;;;1;;;;;;;1;;;;
30/01/2015;18:08:00;369;com vítima;369;BR-262/MG;Oeste;Tombamento;;;1;;;;;;;;0;1;;;
30/01/2015;18:50:00;381;com vítima;130,6;BR-153/MG;Sul;Choque - Elemento de Drenagem;1;;;;;;;;;;1;1;;;
30/01/2015;19:30:00;405;com vítima;810;BR-262/MG;Oeste;Colisão Traseira;;;;1;;1;;;;;1;;1;;
30/01/2015;20:48:00;426;com vítima;6,6;BR-060/DF;Sul;Atropelamento - Andarilho;;;1;;;;;;;;1;;;;1
30/01/2015;21:21:00;430;sem vítima;508;BR-153/GO;Sul;Colisão Lateral;1;;;1;;;;;;;2;;;;
31/01/2015;04:26:00;59;com vítima;700,7;BR-153/GO;Norte;Capotamento;1;;;;;;;;;;0;1;;;
31/01/2015;06:39:00;70;sem vítima;519;BR-153/GO;Sul;Colisão Traseira;;;;1;;1;;;;;2;;;;
31/01/2015;07:15:00;86;com vítima;800;BR-262/MG;Oeste;Outros - sequências;2;;;;;;;;;;1;2;;;
31/01/2015;07:42:00;101;sem vítima;800;BR-262/MG;Oeste;Engavetamento;2;;;;;1;;;;;4;;;;
31/01/2015;08:15:00;121;com vítima;73;BR-060/GO;Sul;Engavetamento;4;;2;;1;;;;;;6;6;;1;
31/01/2015;12:13:00;223;com vítima;364;BR-262/MG;Leste;Queda de Moto;;;;1;;;;;;;0;1;;;
31/01/2015;14:04:00;258;com vítima;40,4;BR-060/GO;Norte;Capotamento;1;;;;;;;;;;0;2;;;
31/01/2015;14:19:00;261;sem vítima;89;BR-060/GO;Sul;Colisão Traseira;2;;;;;;;;;;2;;;;
31/01/2015;14:34:00;266;com vítima;47;BR-153/MG;Sul;Capotamento;1;;;;;;;;;;0;2;;;
31/01/2015;14:55:00;272;com vítima;849;BR-262/MG;Leste;Colisão Frontal;;;2;;;;;;;;0;1;1;;
31/01/2015;15:14:00;280;com vítima;435;BR-262/MG;Oeste;Saida de Pista;1;;;;;;;;;;0;1;;;
31/01/2015;15:23:00;282;sem vítima;544;BR-153/GO;Sul;Saida de Pista;1;;;;;;;;;;1;;;;
31/01/2015;16:10:00;304;com vítima;124;BR-153/MG;Norte;Saida de Pista;;;1;;;;;;;;0;1;;;
31/01/2015;17:06:00;316;com vítima;800;BR-262/MG;Oeste;Saida de Pista;1;;;;;;;;;;0;1;;;
31/01/2015;18:24:00;347;sem vítima;94;BR-060/GO;Sul;Colisão Traseira;1;;;;1;;;;;;2;;;;
31/01/2015;17:58:00;362;com vítima;592,2;BR-262/MG;Leste;Capotamento;1;;;;;;;;;;0;1;;;
31/01/2015;22:30:00;433;com vítima;462;BR-262/MG;Oeste;Saida de Pista;1;;;;;;;;;;0;2;;;
31/01/2015;23:21:00;438;sem vítima;512;BR-153/GO;Norte;Colisão Lateral;1;;;;;;;;;;1;;;;
31/01/2015;23:41:00;439;com vítima;123;BR-060/GO;Norte;Queda de Moto;;;;1;;;;;;;0;1;;;
01/02/2015;09:26:00;139;com vítima;2,3;BR-060/DF;Norte;Colisão Traseira;2;;;;;;;;;;0;6;;;
01/02/2015;04:55:00;41;sem vítima;28;BR-060/GO;Sul;Capotamento;1;;;;;;;;;;1;;;;
01/02/2015;12:53:00;210;com vítima;389;BR-262/MG;Oeste;Colisão Frontal;1;;;1;;;;;;;1;;1;;
01/02/2015;16:04:00;254;com vítima;24,1;BR-153/MG;Norte;Queda de Moto;;;;1;;;;;;;0;1;;;
01/02/2015;06:38:00;55;com vítima;398,8;BR-262/MG;Leste;Outros - sequências;1;;;;;;;;;;0;;1;;
01/02/2015;18:22:00;299;sem vítima;400;BR-262/MG;Leste;Colisão Lateral;1;;1;;;;;;;;2;;;;
01/02/2015;21:45:00;373;com vítima;439,8;BR-262/MG;Leste;Colisão Traseira;1;;;;;1;;;;;1;;;;1
01/02/2015;22:32:00;387;com vítima;505,5;BR-153/GO;Sul;Queda de Moto;;;;1;;;;;;;0;1;;;
01/02/2015;16:57:00;274;com vítima;7,4;BR-060/DF;Norte;Colisão Traseira;2;;;;;;;;;;2;1;;;
01/02/2015;17:49:00;289;sem vítima;510;BR-153/GO;Sul;Colisão Traseira;1;;;;1;;;;;;2;;;;
01/02/2015;22:45:00;392;sem vítima;548;BR-262/MG;Oeste;Tombamento;;;1;;;;;;;;1;;;;
01/02/2015;02:22:00;19;com vítima;96;BR-060/GO;Norte;Capotamento;1;;;;;;;;;;0;1;;;
01/02/2015;06:35:00;54;com vítima;97,5;BR-060/GO;Sul;Colisão Traseira;1;;;1;;;;;;;0;2;;;
01/02/2015;02:47:00;20;com vítima;110;BR-060/GO;Sul;Atropelamento - Animal;1;;;;;;;;;;2;1;;;
01/02/2015;22:19:00;383;sem vítima;626;BR-262/MG;Oeste;Colisão Traseira;;;2;;;;;;;;2;;;;
01/02/2015;15:35:00;243;com vítima;136,8;BR-060/GO;Norte;Queda de Ciclista;;;;1;;;;;;;0;2;;;
02/02/2015;18:11:00;324;sem vítima;499;BR-153/GO;Sul;Colisão Traseira;;;3;;;;;;;;3;;;;
02/02/2015;00:39:00;13;com vítima;45;BR-060/GO;Sul;Saida de Pista;1;;;;;;;;;;0;;1;;
02/02/2015;11:23:00;194;com vítima;84,5;BR-060/GO;Sul;Saida de Pista;1;;;;;;;;;1;0;2;;;
02/02/2015;14:12:00;241;sem vítima;509;BR-153/GO;Norte;Outros - sequências;2;;;;;;;;;;2;;;;
02/02/2015;11:29:00;197;com vítima;493,8;BR-262/MG;Leste;Saida de Pista;1;;;;;1;;;;;1;1;;;
02/02/2015;19:16:00;344;sem vítima;522,4;BR-153/GO;Sul;Saida de Pista;1;;;;;1;;;;;2;;;;
02/02/2015;14:41:00;250;sem vítima;590;BR-153/GO;Sul;Colisão Traseira;1;;2;;;;;;;;3;;;;
02/02/2015;19:22:00;349;com vítima;666,3;BR-153/GO;Sul;Queda de Ciclista;;;;1;;;;;;;0;2;;;
02/02/2015;07:39:00;78;com vítima;861;BR-262/MG;Oeste;Saida de Pista;;;;1;;;;;;;0;1;;;
02/02/2015;17:29:00;305;com vítima;696,2;BR-153/GO;Norte;Choque - Elemento de Drenagem;;;1;;;;;;;;0;;1;;
02/02/2015;12:29:00;221;com vítima;700;BR-153/GO;Sul;Atropelamento - Ciclista;;;1;;;;;;;;1;1;;;
03/02/2015;16:12:00;312;com vítima;494,1;BR-153/GO;Sul;Queda de Moto;;;;1;;;;;;;0;1;;;
03/02/2015;17:40:00;351;sem vítima;496;BR-153/GO;Norte;Choque - Defensa, barreira ou "submarino";;;;;;;;;;1;1;;;;
03/02/2015;17:26:00;346;sem vítima;499;BR-153/GO;Sul;Colisão Traseira;1;;;;;1;;;;;2;;;;
03/02/2015;17:45:00;355;sem vítima;500;BR-153/GO;Sul;Engavetamento;4;;;;;;;;;;4;;;;
03/02/2015;18:35:00;374;sem vítima;40,6;BR-060/GO;Sul;Colisão Traseira;;;2;;;;;;;;2;;;;
03/02/2015;16:20:00;315;com vítima;40,7;BR-060/GO;Norte;Colisão Traseira;2;;;;;;;;;;2;1;;;