data;horario;n_da_ocorrencia;tipo_de_ocorrencia;km;trecho;sentido;tipo_de_acidente;automovel;bicicleta;caminhao;moto;onibus;outros;tracao_animal;transporte_de_cargas_especiais;trator_maquinas;utilitarios;ilesos;levemente_feridos;moderadamente_feridos;gravemente_feridos;mortos
03/02/2015;08:10:00;98;com vítima;501;BR-153/GO;Sul;Colisão Traseira;;;1;1;;;;;;;1;1;;;
03/02/2015;06:40:00;65;com vítima;442;BR-262/MG;Leste;Atropelamento - Ciclista;;1;;1;;;;;;;0;3;;;
03/02/2015;00:02:00;15;sem vítima;507;BR-153/GO;Sul;Choque - Defensa, barreira ou "submarino";1;;;;;;;;;;1;;;;
03/02/2015;16:02:00;309;sem vítima;507;BR-153/GO;Sul;Colisão Traseira;;;2;;;;;;;;2;;;;
03/02/2015;11:40:00;214;com vítima;540;BR-262/MG;Leste;Saida de Pista;1;;;;;;;;;;1;1;;;
03/02/2015;15:07:00;284;sem vítima;516;BR-153/GO;Sul;Capotamento;1;;;;;;;;;;1;;;;
03/02/2015;10:57:00;199;com vítima;197;BR-153/MG;Sul;Colisão Lateral;2;;;;;;;;;;0;3;;;
03/02/2015;23:42:00;448;com vítima;600;BR-153/GO;Sul;Atropelamento - Animal;1;;;;;;;;;;0;2;;;
04/02/2015;17:49:00;282;com vítima;16;BR-060/GO;Norte;Colisão Traseira;2;;;;;;;;;;2;1;;;
04/02/2015;17:18:00;264;sem vítima;33;BR-060/GO;Norte;Saida de Pista;1;;;;;1;;;;;2;;;;
04/02/2015;19:26:00;319;sem vítima;40;BR-060/GO;Norte;Colisão Traseira;1;;1;;;;;;;;2;;;;
04/02/2015;18:38:00;302;sem vítima;390;BR-262/MG;Leste;Colisão Lateral;2;;;;;;;;;;2;;;;
04/02/2015;12:01:00;169;com vítima;24,4;BR-153/MG;Sul;Capotamento;1;;;;;;;;;;0;2;;;
04/02/2015;23:12:00;363;sem vítima;43;BR-060/GO;Norte;Saida de Pista;1;;;;;;;;;;1;;;;
04/02/2015;08:15:00;75;com vítima;514;BR-153/GO;Norte;Colisão Lateral;1;;;1;;;;;;;0;2;;;
04/02/2015;18:50:00;307;sem vítima;549;BR-262/MG;Oeste;Saida de Pista;1;;;;;;;;;;1;;;;
04/02/2015;17:16:00;295;sem vítima;574;BR-262/MG;Oeste;Saida de Pista;1;;;;;;;;;;2;;;;
04/02/2015;17:19:00;266;sem vítima;576;BR-262/MG;Leste;Colisão Lateral;;;2;;;;;;;;2;;;;
04/02/2015;18:02:00;301;sem vítima;578;BR-262/MG;Leste;Saida de Pista;1;;;;;;;;;;1;;;;
04/02/2015;16:58:00;257;sem vítima;591;BR-262/MG;Oeste;Saida de Pista;1;;;;;;;;;;1;;;;
04/02/2015;16:40:00;249;sem vítima;592;BR-262/MG;Leste;Capotamento;1;;;;;;;;;;1;;;;
04/02/2015;13:24:00;201;sem vítima;583;BR-153/GO;Norte;Saida de Pista;1;;;;;;;;;;1;;;;
04/02/2015;07:56:00;67;sem vítima;593;BR-153/GO;Sul;Colisão Lateral;1;;1;;;;;;;;2;;;;
04/02/2015;13:16:00;196;com vítima;595;BR-153/GO;Norte;Saida de Pista;1;;;;;;;;;;0;2;;;
04/02/2015;19:29:00;320;sem vítima;28,5;BR-060/DF;Norte;Capotamento;1;;;;;1;;;;;2;;;;
05/02/2015;21:38:00;439;sem vítima;358;BR-262/MG;Leste;Colisão Lateral;1;;;;;1;;;;;2;;;;
05/02/2015;07:57:00;100;com vítima;367;BR-262/MG;Oeste;Saida de Pista;1;;;;;;;;;;0;1;;;
05/02/2015;06:27:00;72;com vítima;400;BR-262/MG;Leste;Atropelamento - Usuário;1;;;;;;;;;;1;;1;;
05/02/2015;20:10:00;417;com vítima;47,7;BR-060/GO;Norte;Capotamento;2;;;;;;;;;;1;1;1;;
05/02/2015;12:25:00;238;com vítima;48;BR-060/GO;Norte;Saida de Pista;1;;;;;;;;;;0;1;;;
05/02/2015;20:51:00;431;sem vítima;442;BR-262/MG;Oeste;Saida de Pista;1;;;;;;;;;;1;;;;
05/02/2015;21:50:00;440;com vítima;448,9;BR-262/MG;Leste;Saida de Pista;;;1;;;;;;;;0;2;;;
05/02/2015;15:14:00;301;sem vítima;461;BR-262/MG;Leste;Colisão Traseira;2;;;;;;;;;;6;;;;
05/02/2015;17:58:00;367;sem vítima;508;BR-153/GO;Sul;Queda de Moto;;;;1;;;;;;;2;;;;
05/02/2015;15:22:00;308;sem vítima;477;BR-262/MG;Oeste;Tombamento;;;1;;;1;;;;;2;;;;
05/02/2015;17:05:00;344;sem vítima;513;BR-153/GO;Sul;Colisão Traseira;2;;;;;1;;;;;3;;;;
05/02/2015;17:10:00;345;com vítima;526;BR-262/MG;Leste;Capotamento;1;;;;;;;;;;0;1;;;
05/02/2015;06:27:00;70;com vítima;95;BR-060/GO;Sul;Colisão Traseira;;;;1;;;;;;;0;1;;;
05/02/2015;17:11:00;347;com vítima;111;BR-153/MG;Sul;Saida de Pista;1;;;;;;;;;;0;1;;;
05/02/2015;16:30:00;376;com vítima;574,1;BR-262/MG;Oeste;Saida de Pista;1;;;;;;;;;;0;1;;;
05/02/2015;16:37:00;333;com vítima;575;BR-262/MG;Leste;Choque - Talude;1;;;;;;;;;;1;1;;;
05/02/2015;16:59:00;341;com vítima;583;BR-262/MG;Oeste;Capotamento;1;;;;;;;;;;0;2;;;
05/02/2015;12:49:00;253;sem vítima;587;BR-262/MG;Leste;Saida de Pista;1;;;;;;;;;;1;;;;
05/02/2015;13:18:00;265;com vítima;587,2;BR-262/MG;Leste;Capotamento;1;;;;;;;;;;0;2;;;
05/02/2015;14:10:00;277;sem vítima;108,3;BR-060/GO;Sul;Capotamento;;;1;;;;;;;;1;;;;
05/02/2015;13:02:00;319;sem vítima;591;BR-262/MG;Oeste;Saida de Pista;1;;;;;;;;;;1;;;;
05/02/2015;14:38:00;286;sem vítima;592;BR-262/MG;Leste;Saida de Pista;1;;;;;;;;;;2;;;;
05/02/2015;13:25:00;269;sem vítima;575;BR-153/GO;Sul;Saida de Pista;1;;;;;;;;;;1;;;;
05/02/2015;13:07:00;258;sem vítima;593;BR-262/MG;Leste;Saida de Pista;1;;;;;;;;;;1;;;;
05/02/2015;18:47:00;394;sem vítima;598;BR-262/MG;Oeste;Capotamento;1;;;;;;;;;;1;;;;
05/02/2015;19:36:00;410;sem vítima;115;BR-060/GO;Sul;Saida de Pista;;;1;;;;;;;;1;;;;
05/02/2015;14:15:00;280;sem vítima;779;BR-262/MG;Oeste;Saida de Pista;;;1;;;;;;;;1;;;;
05/02/2015;10:34:00;188;sem vítima;123;BR-060/GO;Norte;Objeto lançado contra veículo;1;;1;;;;;;;;2;;;;
05/02/2015;18:06:00;372;com vítima;814;BR-262/MG;Leste;Colisão Traseira;;;;;;;;;;2;4;1;;;
05/02/2015;14:53:00;292;com vítima;858;BR-262/MG;Leste;Capotamento;1;;;;;;;;;;0;2;;;
06/02/2015;07:08:00;87;sem vítima;13;BR-153/MG;Sul;Saida de Pista;1;;;;;;;;;;1;;;;
06/02/2015;07:38:00;96;sem vítima;381;BR-262/MG;Leste;Saida de Pista;1;;;;;;;;;;1;;;;
06/02/2015;07:45:00;194;sem vítima;381;BR-262/MG;Leste;Saida de Pista;1;;;;;;;;;;1;;;;
06/02/2015;12:51:00;247;com vítima;385;BR-262/MG;Oeste;Capotamento;1;;;;;;;;;;0;3;;;
06/02/2015;14:00:00;402;sem vítima;500;BR-153/GO;Norte;Engavetamento;3;;;;;;;;;;3;;;;
06/02/2015;18:40:00;371;sem vítima;500,5;BR-153/GO;Sul;Colisão Traseira;1;;1;;;;;;;;2;;;;
06/02/2015;13:25:00;230;sem vítima;501;BR-153/GO;Norte;Outros - sequências;1;;1;;;;;;;;2;;;;
06/02/2015;17:28:00;310;com vítima;501,6;BR-153/GO;Sul;Colisão Traseira;1;;1;;;;;;;;2;2;;;
06/02/2015;07:09:00;86;com vítima;42;BR-153/MG;Norte;Saida de Pista;1;;;;;;;;;;0;1;;;
06/02/2015;14:35:00;253;sem vítima;56,7;BR-060/GO;Sul;Saida de Pista;1;;;;;;;;;;2;;;;
06/02/2015;08:04:00;111;sem vítima;505;BR-153/GO;Norte;Colisão Traseira;1;;;;;;;;;;2;;;;
06/02/2015;12:33:00;215;com vítima;505;BR-153/GO;Norte;Colisão Traseira;1;;;1;;;;;;;1;1;;;
06/02/2015;14:30:00;251;sem vítima;4,6;BR-060/DF;Sul;Colisão Traseira;2;;;;;;;;;1;3;;;;
06/02/2015;23:30:00;438;com vítima;74;BR-060/GO;Norte;Saida de Pista;1;;;;;;;;;;0;1;;;
06/02/2015;21:18:00;414;sem vítima;75;BR-060/GO;Norte;Saida de Pista;1;;;;;;;;;;1;;;;
06/02/2015;07:47:00;101;sem vítima;79;BR-060/GO;Norte;Saida de Pista;1;;;;;;;;;;1;;;;
06/02/2015;15:33:00;271;com vítima;476;BR-262/MG;Leste;Choque - Poste;1;;2;;;;;;;;3;1;;;
06/02/2015;08:03:00;110;com vítima;67;BR-153/MG;Norte;Outros - sequências;;;1;;;;;;;;0;1;;;
06/02/2015;04:47:00;60;sem vítima;93;BR-060/GO;Norte;;;;1;;;;;;;;1;;;;
06/02/2015;23:02:00;433;com vítima;529;BR-262/MG;Oeste;Saida de Pista;;;1;;;;;;;;0;1;;;
06/02/2015;07:56:00;105;com vítima;538;BR-262/MG;Oeste;Saida de Pista;1;;;;;;;;;;0;2;;;
06/02/2015;10:28:00;174;com vítima;134;BR-153/MG;Sul;Outros - sequências;;;1;;;;;;;;0;1;;;
06/02/2015;19:05:00;369;sem vítima;99;BR-060/GO;Norte;Colisão Traseira;3;;;;;;;;;;3;;;;
06/02/2015;13:10:00;227;com vítima;586;BR-262/MG;Leste;Capotamento;1;;;;;;;;;;0;1;;;
06/02/2015;13:08:00;226;sem vítima;18;BR-060/DF;Norte;Saida de Pista;1;;;;;;;;;;2;;;;
06/02/2015;11:50:00;204;sem vítima;589,5;BR-262/MG;Leste;Capotamento;;;;;;1;;;;1;2;;;;
06/02/2015;17:53:00;326;com vítima;24;BR-060/DF;Norte;Capotamento;1;;;;;;;;;;0;1;;;
06/02/2015;12:06:00;211;com vítima;591,5;BR-262/MG;Leste;Saida de Pista;1;;;;;;;;;;0;1;;;
06/02/2015;09:22:00;139;sem vítima;632;BR-262/MG;Oeste;Saida de Pista;1;;;;;;;;;;1;;;;
06/02/2015;13:53:00;243;com vítima;597;BR-153/GO;Norte;Saida de Pista;1;;;;;;;;;;0;3;;;
06/02/2015;10:36:00;180;sem vítima;28;BR-060/DF;Norte;Choque - Talude;;;1;;;;;;;;1;;;;
06/02/2015;19:19:00;375;com vítima;28;BR-060/DF;Norte;Saida de Pista;1;;;;;;;;;;1;2;;;
06/02/2015;17:36:00;316;sem vítima;28,5;BR-060/DF;Norte;Saida de Pista;1;;;;;;;;;;1;;;;
06/02/2015;05:12:00;68;sem vítima;120;BR-060/GO;Norte;Choque - Objeto sobre a pista;1;;;;;;;;;;1;;;;
06/02/2015;09:09:00;136;com vítima;628,2;BR-153/GO;Norte;Capotamento;1;;;;;;;;;;0;2;;;
07/02/2015;05:51:00;47;com vítima;491;BR-153/GO;Sul;Colisão Traseira;1;;;1;;;;;;;1;1;;;
07/02/2015;05:26:00;45;com vítima;497;BR-153/GO;Norte;Capotamento;1;;;;;;;;;;0;1;;;
07/02/2015;02:20:00;34;sem vítima;380;BR-262/MG;Leste;Saida de Pista;1;;;;;;;;;;1;;;;
07/02/2015;04:50:00;44;com vítima;380;BR-262/MG;Oeste;Saida de Pista;1;;;;;;;;;;0;1;;;
07/02/2015;18:20:00;313;sem vítima;385;BR-262/MG;Leste;Saida de Pista;1;;;;;;;;;;1;;;;
07/02/2015;04:11:00;36;com vítima;503;BR-153/GO;Norte;Colisão Lateral;1;;;;;;;;;;0;1;;;
07/02/2015;14:32:00;206;com vítima;56,5;BR-060/GO;Norte;Colisão Lateral;1;;3;;;;;;;;2;4;;;
07/02/2015;14:17:00;201;sem vítima;504;BR-153/GO;Sul;Colisão Traseira;2;;;;;;;;;;2;;;;
07/02/2015;07:35:00;80;com vítima;442;BR-262/MG;Oeste;Saida de Pista;1;;;;;;;;;;0;1;;;
07/02/2015;04:03:00;32;com vítima;507;BR-153/GO;Norte;Choque - Outros;;;;1;;;;;;;0;;;1;
07/02/2015;23:10:00;371;sem vítima;474;BR-262/MG;Oeste;Atropelamento - Animal;1;;;;;;;;;;1;;;;
07/02/2015;00:53:00;7;com vítima;502;BR-262/MG;Leste;Saida de Pista;;;1;;;;;;;;0;1;;;
07/02/2015;14:00:00;199;com vítima;522;BR-262/MG;Oeste;Outros - sequências;1;;;;;;;;;;0;1;;;
07/02/2015;19:24:00;329;sem vítima;514;BR-153/GO;Norte;Colisão Traseira;1;;1;;;;;;;;2;;;;
07/02/2015;02:12:00;20;com vítima;101;BR-060/GO;Norte;Choque - Elemento de Drenagem;;;1;;;;;;;;0;1;;;
07/02/2015;07:49:00;84;com vítima;19;BR-060/DF;Norte;Tombamento;;;;;;;;;;1;0;1;;;
07/02/2015;14:42:00;210;com vítima;109;BR-060/GO;Norte;Saida de Pista;1;;;;;;;;;;0;2;;;
07/02/2015;22:24:00;365;com vítima;591;BR-262/MG;Leste;Tombamento;;;1;;;;;;;;0;1;;;
07/02/2015;14:01:00;197;com vítima;111;BR-060/GO;Norte;Saida de Pista;1;;;;;;;;;;0;1;;;
07/02/2015;07:31:00;74;com vítima;584,6;BR-153/GO;Sul;Saida de Pista;1;;;;;;;;;;0;1;;;
07/02/2015;15:22:00;227;sem vítima;610;BR-153/GO;Norte;Colisão Traseira;2;;;;;;;;;;2;;;;
07/02/2015;02:06:00;19;com vítima;614;BR-153/GO;Norte;Capotamento;1;;;;;;;;;;0;1;;;
07/02/2015;11:49:00;150;sem vítima;28,4;BR-060/DF;Sul;Capotamento;1;;;;;;;;;;4;;;;
07/02/2015;14:21:00;202;sem vítima;119;BR-060/GO;Norte;Saida de Pista;1;;;;;;;;;;1;;;;
07/02/2015;22:21:00;363;sem vítima;647;BR-153/GO;Norte;;1;;;;;;;;;;1;;;;
07/02/2015;07:21:00;70;com vítima;802,5;BR-262/MG;Oeste;Saida de Pista;1;;;;;;;;;;0;1;;;
08/02/2015;05:38:00;78;com vítima;493;BR-153/GO;Sul;Capotamento;2;;;;;;;;;;0;4;;;
08/02/2015;07:08:00;100;sem vítima;380;BR-262/MG;Leste;Saida de Pista;1;;;;;;;;;;4;;;;
08/02/2015;16:36:00;303;com vítima;380;BR-262/MG;Leste;Capotamento;1;;;;;;;;;;0;1;;;
08/02/2015;09:48:00;163;sem vítima;382;BR-262/MG;Oeste;Choque - Defensa, barreira ou "submarino";1;;;;;;;;;;1;;;;
08/02/2015;15:02:00;252;sem vítima;385;BR-262/MG;Oeste;Saida de Pista;1;;;;;;;;;;1;;;;
08/02/2015;11:30:00;200;com vítima;425,6;BR-262/MG;Leste;Capotamento;1;;;;;;;;;;0;1;;;
08/02/2015;21:10:00;417;com vítima;507;BR-153/GO;Norte;Queda;;;;1;;;;;;;0;2;;;
08/02/2015;11:01:00;183;com vítima;89,9;BR-060/GO;Sul;Saida de Pista;1;;;;;;;;;;0;1;;;
08/02/2015;10:35:00;175;sem vítima;549;BR-262/MG;Leste;Saida de Pista;1;;;;;;;;;;1;;;;
08/02/2015;10:51:00;186;com vítima;554;BR-262/MG;Leste;Colisão Lateral;1;;1;;;;;;;;1;2;;;
08/02/2015;18:39:00;361;com vítima;583;BR-262/MG;Leste;Saida de Pista;1;;;;;;;;;;0;2;;;
08/02/2015;07:42:00;116;com vítima;585;BR-262/MG;Oeste;Saida de Pista;1;;;;;;;;;;0;2;;;
08/02/2015;19:25:00;373;com vítima;586;BR-262/MG;Leste;Saida de Pista;1;;;;;;;;;;0;3;;;
08/02/2015;17:37:00;333;com vítima;558;BR-153/GO;Norte;Saida de Pista;;;;;;;;;;1;0;2;;;
08/02/2015;09:32:00;159;sem vítima;108;BR-060/GO;Norte;Colisão Lateral;2;;;;;;;;;;2;;;;
08/02/2015;14:48:00;244;sem vítima;108;BR-060/GO;Norte;Engavetamento;3;;;;;1;;;;;4;;;;
08/02/2015;14:13:00;234;sem vítima;112;BR-060/GO;Norte;Colisão Traseira;2;;;;;;;;;;2;;;;
08/02/2015;02:18:00;37;sem vítima;729;BR-262/MG;Leste;Saida de Pista;1;;;;;;;;;;1;;;;
08/02/2015;19:16:00;394;com vítima;831;BR-262/MG;Leste;Saida de Pista;1;;;;;;;;;;1;3;;;
09/02/2015;22:33:00;433;sem vítima;355;BR-262/MG;Leste;Colisão Lateral;1;;;;;1;;;;;2;;;;
09/02/2015;06:39:00;64;com vítima;360;BR-262/MG;Oeste;Saida de Pista;1;;;;;;;;;;0;1;;;
09/02/2015;10:27:00;160;com vítima;24;BR-153/MG;Norte;Saida de Pista;1;;;;;;;;;;0;2;;;
09/02/2015;12:43:00;205;sem vítima;500,7;BR-153/GO;Norte;Colisão Lateral;1;;1;;;;;;;;2;;;;
09/02/2015;11:01:00;174;com vítima;39,1;BR-153/MG;Sul;Capotamento;1;;;;;;;;;;0;3;1;;
09/02/2015;11:05:00;177;com vítima;450;BR-262/MG;Leste;Outros - sequências;1;;1;;;;;;;1;0;4;;;
09/02/2015;22:39:00;435;sem vítima;463;BR-262/MG;Oeste;Colisão Traseira;2;;;;;;;;;;2;;;;
09/02/2015;07:09:00;73;com vítima;576,2;BR-262/MG;Oeste;Saida de Pista;1;;;;;;;;;;1;1;;;
09/02/2015;08:35:00;121;com vítima;582;BR-262/MG;Oeste;Saida de Pista;1;;;;;;;;;;0;3;;;
09/02/2015;13:50:00;236;com vítima;582;BR-262/MG;Leste;Saida de Pista;;;;;;;;;;1;0;2;;;
09/02/2015;08:37:00;118;com vítima;592,2;BR-262/MG;Oeste;Choque - Defensa, barreira ou "submarino";;;;;;;;;;1;0;1;;;
09/02/2015;18:34:00;377;com vítima;116;BR-060/GO;Norte;Capotamento;1;;;;;;;;;;0;;;1;
10/02/2015;18:47:00;352;sem vítima;499;BR-153/GO;Sul;Colisão Lateral;2;;;;;;;;;;2;;;;
10/02/2015;08:33:00;107;sem vítima;499,8;BR-153/GO;Sul;Saida de Pista;1;;;;;;;;;;1;;;;
10/02/2015;10:12:00;161;com vítima;500;BR-153/GO;Sul;Colisão Traseira;1;;;1;;;;;;;1;1;;;
10/02/2015;10:27:00;167;com vítima;409,2;BR-262/MG;Oeste;Saida de Pista;;;1;;;;;;;;0;1;;;
10/02/2015;13:11:00;216;com vítima;48;BR-060/GO;Sul;Colisão Traseira;;;2;;;;;;;;2;2;;;
10/02/2015;17:07:00;317;com vítima;442;BR-262/MG;Leste;Colisão Frontal;;;;1;1;;;;;;1;;;1;
10/02/2015;19:41:00;376;sem vítima;76;BR-153/MG;Sul;Choque - Talude;;;1;;;;;;;;1;;;;
10/02/2015;11:09:00;182;com vítima;573;BR-262/MG;Leste;Saida de Pista;;;1;;;;;;;;0;1;;;
10/02/2015;15:36:00;273;sem vítima;632;BR-262/MG;Leste;Colisão Traseira;;;1;;1;;;;;;3;;;;
10/02/2015;08:21:00;96;com vítima;126;BR-060/GO;Sul;Queda de Moto;;;;1;;;;;;;0;1;;;
10/02/2015;17:48:00;334;com vítima;803;BR-262/MG;Leste;Atropelamento - Morador;;;;1;;;;;;;1;1;;;
10/02/2015;10:54:00;176;com vítima;815;BR-262/MG;Oeste;Colisão Traseira;2;;;;;;;;;;0;3;;;
11/02/2015;17:06:00;344;com vítima;494;BR-153/GO;Sul;Queda de Moto;;;;1;;;;;;;0;1;;;
11/02/2015;12:51:00;229;sem vítima;48;BR-060/GO;Sul;Colisão Traseira;1;;;;;1;;;;;2;;;;
11/02/2015;12:45:00;225;com vítima;458;BR-262/MG;Leste;Colisão Traseira;1;;1;;;;;;;;1;1;;;
11/02/2015;11:22:00;195;sem vítima;520;BR-153/GO;Norte;Saida de Pista;1;;;;;;;;;;1;;;;
11/02/2015;07:43:00;78;com vítima;575;BR-262/MG;Leste;Colisão Frontal;;;1;;;;;;;1;1;1;;;
11/02/2015;14:57:00;287;sem vítima;536,7;BR-153/GO;Sul;Saida de Pista;1;;;;;;;;;;1;;;;
11/02/2015;09:09:00;119;com vítima;590;BR-262/MG;Leste;Capotamento;1;;;;;;;;;;0;1;;;
11/02/2015;10:27:00;160;com vítima;597,8;BR-153/GO;Sul;Saida de Pista;1;;;;;;;;;;0;2;;;
11/02/2015;13:52:00;254;com vítima;667;BR-262/MG;Leste;Capotamento;1;;1;;;;;;;;1;1;;;
11/02/2015;03:41:00;43;com vítima;913;BR-262/MG;Oeste;Tombamento;;;2;;;;;;;;1;1;;;
12/02/2015;08:00:00;80;com vítima;0,3;BR-060/DF;Sul;Atropelamento - Andarilho;;;;;;1;;;;;1;;;;1
12/02/2015;12:26:00;207;sem vítima;360;BR-262/MG;Oeste;Saida de Pista;1;;;;;;;;;;1;;;;
12/02/2015;18:06:00;371;com vítima;496;BR-153/GO;Norte;Colisão Lateral;1;;;1;;;;;;;1;1;1;;
12/02/2015;20:12:00;415;com vítima;500;BR-153/GO;Sul;Queda de Moto;;;;1;;;;;;;1;1;;;
12/02/2015;15:56:00;305;com vítima;4;BR-060/DF;Norte;Queda de Moto;;;;1;;1;;;;;2;1;;;
12/02/2015;07:53:00;74;com vítima;501;BR-153/GO;Norte;Colisão Traseira;2;;;;;;;;;;0;2;;;
12/02/2015;08:40:00;99;com vítima;411,2;BR-262/MG;Leste;Saida de Pista;1;;;;;;;;;;0;;;1;
12/02/2015;15:32:00;289;com vítima;58;BR-153/MG;Norte;Outros - sequências;;;3;;;;;;;;1;3;;;
12/02/2015;16:35:00;321;sem vítima;5,3;BR-060/DF;Sul;Colisão Traseira;2;;;;;;;;;;2;;;;
12/02/2015;08:24:00;91;com vítima;508;BR-153/GO;Sul;Colisão Lateral;1;;1;;;;;;;;0;2;;;
12/02/2015;16:09:00;310;sem vítima;473;BR-262/MG;Leste;Colisão Traseira;1;;1;;;;;;;;2;;;;
12/02/2015;19:08:00;393;sem vítima;508,9;BR-153/GO;Norte;Colisão Traseira;2;;;;;;;;;;2;;;;
12/02/2015;20:46:00;431;sem vítima;510;BR-153/GO;Norte;Colisão Lateral;1;;1;;;;;;;;2;;;;
12/02/2015;00:35:00;8;com vítima;523,8;BR-153/GO;Norte;Colisão Traseira;;;2;;;;;;;;1;1;;;
12/02/2015;21:42:00;444;sem vítima;584;BR-153/GO;Norte;Capotamento;1;;;;;;;;;;1;;;;
12/02/2015;00:17:00;7;sem vítima;861;BR-262/MG;Oeste;Saida de Pista;1;;;;;;;;;;1;;;;
13/02/2015;17:00:00;355;sem vítima;381;BR-262/MG;Oeste;Colisão Traseira;2;;;;;;;;;;2;;;;
13/02/2015;15:32:00;305;com vítima;382;BR-262/MG;Oeste;Capotamento;1;;;;;;;;;;2;2;;;
13/02/2015;18:09:00;383;sem vítima;501;BR-153/GO;Sul;Colisão Traseira;2;;;;;;;;;;2;;;;
13/02/2015;15:13:00;296;sem vítima;508;BR-153/GO;Norte;Colisão Traseira;2;;;;;;;;;;2;;;;
13/02/2015;20:25:00;459;sem vítima;94;BR-060/GO;Norte;Colisão Transversal;;;2;;;1;;;;;3;;;;
13/02/2015;17:38:00;364;sem vítima;516;BR-153/GO;Sul;Tombamento;;;1;;;;;;;;1;;;;
13/02/2015;19:04:00;410;sem vítima;516;BR-153/GO;Sul;Colisão Traseira;;;;;;1;;;;1;2;;;;
13/02/2015;21:30:00;8;sem vítima;123;BR-153/MG;Norte;Colisão Traseira;;;;;1;;;;;1;2;;;;
13/02/2015;15:06:00;291;com vítima;556;BR-153/GO;Sul;Capotamento;;;;;;;;;;1;0;;2;;
13/02/2015;07:28:00;86;sem vítima;637;BR-262/MG;Leste;Tombamento;;;1;;;;;;;;1;;;;
13/02/2015;18:35:00;397;sem vítima;118;BR-060/GO;Sul;Colisão Traseira;1;;1;;;;;;;;2;;;;
13/02/2015;14:21:00;267;sem vítima;126,5;BR-060/GO;Norte;Queda de Moto;;;;1;;;;;;;1;;;;
13/02/2015;14:20:00;265;com vítima;641,5;BR-153/GO;Norte;Capotamento;1;;;;;;;;;;0;;1;;
13/02/2015;14:24:00;268;sem vítima;642;BR-153/GO;Sul;;1;;;;;;;;;;1;;;;
13/02/2015;15:13:00;295;sem vítima;133,8;BR-060/GO;Sul;Choque - Defensa, barreira ou "submarino";1;;;;;;;;;;1;;;;
14/02/2015;12:45:00;211;sem vítima;374;BR-262/MG;Oeste;Colisão Lateral;2;;;;;;;;;;2;;;;
14/02/2015;20:40:00;463;com vítima;375;BR-262/MG;Oeste;Colisão Traseira;1;1;;;;;;;;;1;1;;;
14/02/2015;17:59:00;370;sem vítima;382;BR-262/MG;Leste;Colisão Traseira;2;;;;;;;;;;2;;;;
14/02/2015;12:28:00;201;sem vítima;3;BR-060/DF;Norte;Colisão Traseira;2;;;;;;;;;;2;;;;
14/02/2015;06:31:00;50;sem vítima;32;BR-060/GO;Sul;Colisão Frontal;1;;;;;;;;;;1;;;;
14/02/2015;06:41:00;55;sem vítima;396;BR-262/MG;Leste;Choque - Outros;1;;;;;;;;;;1;;;;
14/02/2015;09:04:00;115;sem vítima;403;BR-262/MG;Oeste;Outros - sequências;1;;;;;;;;;;1;;;;
14/02/2015;18:59:00;411;com vítima;4,2;BR-060/DF;Norte;Colisão Lateral;2;;;;;;;;;;0;2;;;
14/02/2015;09:22:00;131;sem vítima;437;BR-262/MG;Oeste;Colisão Traseira;2;;;;;;;;;;2;;;;
14/02/2015;05:15:00;47;com vítima;58;BR-153/MG;Sul;Colisão Traseira;1;;1;;;;;;;;1;1;;;
14/02/2015;04:25:00;38;sem vítima;480;BR-262/MG;Oeste;Capotamento;1;;;;;;;;;;1;;;;
14/02/2015;20:51:00;467;sem vítima;523;BR-262/MG;Leste;Colisão Transversal;2;;;;;;;;;;2;;;;
14/02/2015;10:13:00;155;sem vítima;12;BR-060/DF;Norte;Engavetamento;7;;;;;;;;;;7;;;;
14/02/2015;22:20:00;492;com vítima;532;BR-153/GO;Sul;;;;;1;;;;;;;0;1;;;
14/02/2015;13:19:00;226;com vítima;142;BR-153/MG;Sul;Objeto lançado contra veículo;1;;;;;;;;;;1;1;;;
14/02/2015;04:20:00;46;com vítima;101;BR-060/GO;Sul;Saida de Pista;1;;;;;;;;;;0;1;;;
14/02/2015;22:00:00;489;sem vítima;109;BR-060/GO;Sul;Saida de Pista;1;;;;;;;;;;2;;;;
14/02/2015;14:32:00;247;com vítima;612;BR-262/MG;Leste;Capotamento;1;;;;;;;;;;1;1;;;
14/02/2015;00:08:00;2;sem vítima;691;BR-262/MG;Leste;Colisão Traseira;2;;;;;;;;;;2;;;;
14/02/2015;11:29:00;178;sem vítima;814;BR-262/MG;Leste;Queda de Ciclista;;;;1;;1;;;;;2;;;;
14/02/2015;11:12:00;174;com vítima;900;BR-262/MG;Leste;Colisão Traseira;;;2;;;1;;;;;1;3;;;
14/02/2015;20:20:00;458;sem vítima;900;BR-262/MG;Oeste;Saida de Pista;1;;;;;;;;;;1;;;;
15/02/2015;16:09:00;257;com vítima;2,9;BR-060/GO;Sul;Capotamento;1;;;;;;;;;;0;3;;1;
15/02/2015;13:56:00;207;com vítima;1;BR-153/MG;Norte;Colisão Traseira;1;;1;;;;;;;;1;1;;;
15/02/2015;20:56:00;369;com vítima;368;BR-262/MG;Oeste;Atropelamento - Outros;1;;;1;;;;;;;1;;;1;
15/02/2015;09:02:00;121;com vítima;394;BR-262/MG;Oeste;Colisão Lateral;2;;;;;;;;;;1;2;;;
15/02/2015;18:15:00;359;sem vítima;399;BR-262/MG;Leste;Saida de Pista;1;;;;;;;;;;4;;;;
15/02/2015;09:49:00;146;com vítima;59;BR-060/GO;Norte;Colisão Traseira;;;;2;;;;;;;0;2;;;