data;horario;n_da_ocorrencia;tipo_de_ocorrencia;km;trecho;sentido;tipo_de_acidente;automovel;bicicleta;caminhao;moto;onibus;outros;tracao_animal;transporte_de_cargas_especiais;trator_maquinas;utilitarios;ilesos;levemente_feridos;moderadamente_feridos;gravemente_feridos;mortos
12/03/2015;02:23:00;32;sem vítima;554;BR-153/GO;Norte;Saida de Pista;1;;;;;;;;;;1;;;;
12/03/2015;06:23:00;63;com vítima;558;BR-153/GO;Norte;Colisão Lateral;2;;;;;;;;;;2;3;;;
12/03/2015;07:05:00;76;sem vítima;612;BR-262/MG;Oeste;Carreta deu L;;;1;;;;;;;;1;;;;
12/03/2015;23:03:00;470;sem vítima;704;BR-262/MG;Leste;Saida de Pista;1;;;;;;;;;;1;;;;
12/03/2015;15:59:00;318;com vítima;649;BR-153/GO;Sul;Colisão Lateral;1;;1;;;;;;;;0;3;;;
13/03/2015;08:53:00;183;com vítima;26;BR-060/GO;Sul;Saida de Pista;1;;;;;;;;;;0;2;;;
13/03/2015;15:40:00;398;sem vítima;29,3;BR-060/GO;Norte;Saida de Pista;1;;;;;;;;;;1;;;;
13/03/2015;15:45:00;417;sem vítima;29,3;BR-060/GO;Norte;Saida de Pista;1;;;;;;;;;;1;;;;
13/03/2015;08:02:00;146;sem vítima;499,8;BR-153/GO;Sul;Engavetamento;2;;;;;1;;;;2;5;;;;
13/03/2015;20:44:00;541;sem vítima;42;BR-060/GO;Norte;Saida de Pista;1;;;;;1;;;;;2;;;;
13/03/2015;18:22:00;478;sem vítima;501;BR-153/GO;Norte;Colisão Traseira;2;;;;;;;;;;2;;;;
13/03/2015;18:31:00;481;sem vítima;505;BR-153/GO;Sul;Colisão Traseira;2;;;;;;;;;;2;;;;
13/03/2015;18:20:00;579;sem vítima;505;BR-153/GO;Norte;Engavetamento;3;;;;;;;;;;3;;;;
13/03/2015;17:24:00;449;com vítima;444;BR-262/MG;Leste;Colisão Lateral;2;;;;;;;;;;1;2;;;
13/03/2015;11:18:00;278;sem vítima;72;BR-060/GO;Norte;Saida de Pista;1;;;;;1;;;;;2;;;;
13/03/2015;19:05:00;500;sem vítima;506;BR-153/GO;Sul;Engavetamento;3;;;;;1;;;;;4;;;;
13/03/2015;22:36:00;590;com vítima;73;BR-060/GO;Norte;Queda;;;;1;;;;;;;0;;;1;
13/03/2015;08:22:00;157;com vítima;462;BR-262/MG;Oeste;Colisão Lateral;2;;;;;;;;;;0;3;;;
13/03/2015;18:49:00;490;sem vítima;507;BR-153/GO;Norte;Engavetamento;5;;1;;;;;;;;6;;;;
13/03/2015;18:57:00;494;com vítima;507,4;BR-153/GO;Norte;Queda de Moto;;;;1;;;;;;;0;1;;;
13/03/2015;15:23:00;389;com vítima;582;BR-262/MG;Oeste;Capotamento;1;;;;;;;;;;0;1;;;
13/03/2015;03:35:00;63;sem vítima;557;BR-153/GO;Sul;Saida de Pista;;;1;;;;;;;;1;;;;
13/03/2015;10:00:00;237;com vítima;587;BR-262/MG;Leste;Saida de Pista;1;;1;;;;;;;;0;5;;;
13/03/2015;17:07:00;441;com vítima;168;BR-153/MG;Norte;Saida de Pista;1;;;;;;;;;;0;2;;;
13/03/2015;16:29:00;425;sem vítima;26;BR-060/DF;Sul;Engavetamento;2;;;;;1;;;;;3;;;;
13/03/2015;07:28:00;117;com vítima;608;BR-262/MG;Leste;Carreta deu L;;;1;;;;;;;;0;1;;;
13/03/2015;10:51:00;263;sem vítima;611,5;BR-153/GO;Norte;Saida de Pista;1;;;;;;;;;;1;;;;
13/03/2015;06:25:00;83;com vítima;222,2;BR-153/MG;Sul;Saida de Pista;1;;;;;;;;;;0;1;;;
13/03/2015;09:15:00;202;sem vítima;123,5;BR-060/GO;Sul;Colisão Lateral;1;;1;;;;;;;;3;;;;
13/03/2015;10:15:00;244;com vítima;830;BR-262/MG;Leste;Colisão Transversal;1;;2;;;;;;;;0;4;;;
13/03/2015;16:17:00;419;com vítima;245;BR-153/MG;Sul;Colisão Transversal;1;;;;;1;;;;;1;1;;;
13/03/2015;07:10:00;105;com vítima;246;BR-153/MG;Sul;Capotamento;1;;;;;;;;;;0;1;;;
14/03/2015;10:42:00;187;com vítima;365;BR-262/MG;Leste;Capotamento;1;;;;;;;;;;0;1;;;
14/03/2015;07:05:00;80;sem vítima;28;BR-060/GO;Norte;Capotamento;1;;;;;;;;;;2;;;;
14/03/2015;03:05:00;47;sem vítima;38;BR-060/GO;Norte;Saida de Pista;1;;;;;;;;;;1;;;;
14/03/2015;15:25:00;321;com vítima;392;BR-262/MG;Oeste;Colisão Traseira;1;;1;;;1;;;;;1;4;;;
14/03/2015;21:22:00;413;com vítima;420;BR-262/MG;Leste;Colisão Transversal;2;;;;;;;;;;2;;1;;
14/03/2015;08:30:00;152;com vítima;472;BR-262/MG;Leste;Colisão Transversal;1;;1;;;;;;;;1;1;;;
14/03/2015;20:27:00;401;com vítima;479;BR-262/MG;Oeste;Colisão Transversal;;;;1;1;;;;;;1;;1;;
14/03/2015;06:56:00;75;sem vítima;509,8;BR-153/GO;Norte;Colisão Traseira;1;;;;1;;;;;;3;;;;
14/03/2015;03:19:00;49;sem vítima;111;BR-153/MG;Sul;Queda de Moto;;;;1;;;;;;;1;;;;
14/03/2015;05:08:00;63;sem vítima;557;BR-153/GO;Sul;Saida de Pista;;;1;;;;;;;;1;;;;
14/03/2015;12:46:00;229;com vítima;18,7;BR-060/DF;Norte;Saida de Pista;1;;;;;;;;;;0;1;;;
14/03/2015;15:41:00;286;com vítima;779;BR-262/MG;Oeste;Tombamento;;;2;;;;;;;;0;2;;;
14/03/2015;14:46:00;264;com vítima;865;BR-262/MG;Oeste;Tombamento;1;;;;;1;;;;;1;1;;;
14/03/2015;21:31:00;415;com vítima;244,8;BR-153/MG;Sul;Saida de Pista;1;;;;;;;;;;0;2;;;
15/03/2015;17:26:00;309;com vítima;360;BR-262/MG;Leste;Capotamento;1;;;;;;;;;;0;1;;;
15/03/2015;17:40:00;384;sem vítima;360;BR-262/MG;Leste;Colisão Traseira;2;;;;;;;;;;2;;;;
15/03/2015;19:22:00;368;com vítima;363;BR-262/MG;Leste;Colisão Frontal;2;;1;;;;;;;;0;3;;;
15/03/2015;18:33:00;356;com vítima;32;BR-060/GO;Norte;Colisão Traseira;1;;;1;;1;;;;;3;1;;;
15/03/2015;05:25:00;65;com vítima;38,8;BR-060/GO;Norte;Saida de Pista;1;;;;;;;;;;0;;2;;
15/03/2015;21:20:00;393;com vítima;503;BR-153/GO;Sul;Colisão Traseira;;;;1;;1;;;;;1;1;;;
15/03/2015;01:34:00;16;com vítima;59;BR-060/GO;Sul;Queda de Moto;;;;1;;;;;;;0;;1;;
15/03/2015;14:35:00;219;sem vítima;477;BR-262/MG;Leste;Queda de Ciclista;;;;1;;;;;;;1;;;;
15/03/2015;20:00:00;379;sem vítima;92;BR-060/GO;Norte;Saida de Pista;1;;;;;;;;;;1;;;;
15/03/2015;17:39:00;321;com vítima;96;BR-060/GO;Norte;Colisão Traseira;1;;;;;1;;;;;2;3;;;
15/03/2015;11:07:00;178;com vítima;574;BR-153/GO;Sul;Saida de Pista;1;;;;;;;;;;0;2;1;;
15/03/2015;19:40:00;375;com vítima;27;BR-060/DF;Norte;Colisão Traseira;2;;;;;;;;;;0;4;;;
15/03/2015;15:13:00;236;com vítima;665;BR-262/MG;Oeste;Colisão Lateral;1;;;;;;;;;1;1;;2;2;1
15/03/2015;00:54:00;8;sem vítima;801,5;BR-262/MG;Leste;Capotamento;1;;;;;;;;;;1;;;;
15/03/2015;22:03:00;403;com vítima;243;BR-153/MG;Sul;Colisão Frontal;1;;;;;;;;;;0;2;;;
16/03/2015;06:54:00;74;com vítima;0,4;BR-060/GO;Norte;Capotamento;1;;;;;;;;;;0;;1;;
16/03/2015;03:11:00;42;com vítima;5;BR-153/MG;Sul;Saida de Pista;;;1;;;1;;;;;1;1;;;
16/03/2015;19:15:00;416;com vítima;496;BR-153/GO;Norte;Queda de Moto;;;;1;;;;;;;0;;;1;
16/03/2015;08:17:00;102;sem vítima;505;BR-153/GO;Norte;Engavetamento;4;;;;;;;;;;4;;;;
16/03/2015;21:32:00;458;com vítima;461;BR-262/MG;Oeste;Colisão Traseira;;;2;;;;;;;;0;2;;;
16/03/2015;02:56:00;35;com vítima;512;BR-153/GO;Norte;Queda de Moto;;;;1;;;;;;;0;1;;;
16/03/2015;10:21:00;178;sem vítima;513;BR-153/GO;Sul;Capotamento;1;;;;;;;;;;1;;;;
16/03/2015;17:09:00;366;sem vítima;514;BR-153/GO;Sul;Colisão Lateral;1;;1;;;;;;;;2;;;;
16/03/2015;21:07:00;451;sem vítima;516;BR-153/GO;Norte;Colisão Traseira;1;;;1;;1;;;;;3;;;;
16/03/2015;18:30:00;400;sem vítima;101;BR-060/GO;Norte;Colisão Traseira;2;;;;;;;;;;2;;;;
16/03/2015;14:57:00;292;sem vítima;558;BR-153/GO;Sul;Capotamento;1;;;;;;;;;;1;;;;
16/03/2015;12:04:00;225;com vítima;566,3;BR-153/GO;Sul;Queda de Ciclista;;;;1;;;;;;;0;1;;;
16/03/2015;16:06:00;325;sem vítima;24,2;BR-060/DF;Norte;Saida de Pista;;;;;;;;;;1;1;;;;
16/03/2015;20:50:00;443;sem vítima;114;BR-060/GO;Norte;Choque - Elemento de Drenagem;1;;;;;;;;;;1;;;;
16/03/2015;07:33:00;84;sem vítima;597;BR-153/GO;Sul;Capotamento;1;;;;;;;;;;3;;;;
16/03/2015;16:54:00;357;sem vítima;120;BR-060/GO;Sul;Saida de Pista;;;1;;;;;;;;1;;;;
16/03/2015;16:55:00;433;com vítima;120;BR-060/GO;Sul;Saida de Pista;;;1;;;1;;;;;1;1;;;
16/03/2015;09:55:00;167;sem vítima;901;BR-262/MG;Leste;Saida de Pista;1;;;;;;;;;;1;;;;
17/03/2015;16:08:00;382;sem vítima;491,5;BR-153/GO;Norte;Choque - Defensa, barreira ou "submarino";1;;;;;;;;;;1;;;;
17/03/2015;12:42:00;298;sem vítima;49;BR-060/GO;Sul;Saida de Pista;1;;;;;;;;;;1;;;;
17/03/2015;16:50:00;402;sem vítima;57,3;BR-060/GO;Sul;Capotamento;1;;;;;1;;;;;2;;;;
17/03/2015;08:09:00;156;sem vítima;479;BR-262/MG;Leste;Colisão Traseira;3;;;;;;;;;;8;;;;
17/03/2015;22:25:00;504;sem vítima;483;BR-262/MG;Oeste;Colisão Traseira;2;;;;;;;;;;2;;;;
17/03/2015;17:57:00;436;com vítima;524;BR-262/MG;Oeste;Colisão Traseira;1;;1;;;;;;;;0;3;;;
17/03/2015;07:17:00;133;sem vítima;548;BR-262/MG;Leste;Saida de Pista;;;1;;;;;;;;1;;;;
17/03/2015;14:14:00;329;sem vítima;530;BR-153/GO;Norte;Choque - Outros;;;1;;;;;;;;1;;;;
17/03/2015;18:04:00;440;sem vítima;531;BR-153/GO;Norte;Saida de Pista;1;;;;;;;;;;1;;;;
17/03/2015;13:35:00;321;sem vítima;97;BR-060/GO;Norte;Saida de Pista;;;1;;;;;;;;1;;;;
17/03/2015;19:47:00;468;sem vítima;537;BR-153/GO;Sul;Colisão Traseira;1;;1;;;;;;;;2;;;;
17/03/2015;20:06:00;472;sem vítima;544,5;BR-153/GO;Sul;Choque - Outros;1;;;;;1;;;;;2;;;;
17/03/2015;15:18:00;356;sem vítima;583;BR-262/MG;Oeste;Saida de Pista;1;;;;;;;;;;1;;;;
17/03/2015;09:06:00;188;sem vítima;554;BR-153/GO;Sul;Colisão Traseira;;;1;;;;;;;;1;;;;
17/03/2015;17:16:00;417;sem vítima;557;BR-153/GO;Sul;Saida de Pista;1;;;;;;;;;;1;;;;
17/03/2015;07:42:00;143;sem vítima;108;BR-060/GO;Norte;Colisão Traseira;1;;1;;;;;;;;2;;;;
17/03/2015;07:19:00;134;sem vítima;171,9;BR-153/MG;Norte;Tombamento;;;1;;;;;;;;1;;;;
17/03/2015;13:27:00;316;sem vítima;185,2;BR-153/MG;Sul;Saida de Pista;;;1;;;;;;;;1;;;;
17/03/2015;18:06:00;443;sem vítima;584;BR-153/GO;Sul;Capotamento;;;;;;;;;;1;1;;;;
17/03/2015;18:10:00;444;sem vítima;584;BR-153/GO;Norte;Saida de Pista;1;;;;;;;;;;1;;;;
17/03/2015;13:26:00;315;sem vítima;186;BR-153/MG;Norte;Saida de Pista;;;1;;;;;;;;1;;;;
17/03/2015;22:54:00;509;sem vítima;607;BR-153/GO;Norte;Saida de Pista;;;1;;;;;;;;1;;;;
17/03/2015;08:04:00;154;com vítima;119;BR-060/GO;Sul;Colisão Frontal;1;;1;;;;;;;;2;;1;;
17/03/2015;21:30:00;508;sem vítima;786;BR-262/MG;Leste;Colisão Lateral;1;;1;;;;;;;;3;;;;
17/03/2015;19:20:00;493;sem vítima;670;BR-153/GO;Norte;Choque - Defensa, barreira ou "submarino";;;;;;1;;;;1;2;;;;
17/03/2015;19:30:00;458;com vítima;876;BR-262/MG;Leste;Colisão Traseira;1;;;1;;;;;;;2;;;1;
18/03/2015;19:28:00;584;sem vítima;495;BR-153/GO;Sul;Colisão Traseira;1;;;1;;;;;;;2;;;;
18/03/2015;14:39:00;422;sem vítima;395;BR-262/MG;Leste;Tombamento;;;1;;;;;;;;1;;;;
18/03/2015;07:14:00;156;com vítima;504;BR-153/GO;Norte;Queda de Moto;;;;1;;1;;;;;1;1;;;
18/03/2015;21:41:00;615;sem vítima;472;BR-262/MG;Oeste;Saida de Pista;1;;;;;;;;;;1;;;;
18/03/2015;10:39:00;302;sem vítima;109;BR-153/MG;Norte;;1;;;;;;;;;;1;;;;
18/03/2015;20:53:00;607;sem vítima;515,7;BR-153/GO;Norte;Colisão Traseira;2;;;;;;;;;;2;;;;
18/03/2015;19:14:00;576;sem vítima;96;BR-060/GO;Sul;Saida de Pista;1;;;;;;;;;;1;;;;
18/03/2015;17:40:00;551;com vítima;574;BR-262/MG;Leste;Saida de Pista;1;;;;;;;;;;1;2;;;
18/03/2015;17:15:00;509;com vítima;575,8;BR-262/MG;Leste;Capotamento;1;;;;;;;;;;0;1;;;
18/03/2015;12:18:00;365;sem vítima;99;BR-060/GO;Norte;Capotamento;1;;;;;;;;;;2;;;;
18/03/2015;16:55:00;502;sem vítima;563,5;BR-153/GO;Sul;Saida de Pista;1;;;;;;;;;;1;;;;
18/03/2015;19:37:00;589;sem vítima;109;BR-060/GO;Sul;Saida de Pista;1;;;;;;;;;;1;;;;
18/03/2015;15:05:00;443;com vítima;593;BR-262/MG;Leste;Capotamento;1;;;;;;;;;;0;2;;;
18/03/2015;05:49:00;114;sem vítima;579;BR-153/GO;Norte;Saida de Pista;;;1;;;;;;;;1;;;;
18/03/2015;17:58:00;538;sem vítima;588;BR-153/GO;Norte;Saida de Pista;1;;;;;;;;;;1;;;;
18/03/2015;16:41:00;493;com vítima;597;BR-153/GO;Sul;Capotamento;1;;;;;;;;;;0;3;;;
18/03/2015;18:37:00;565;sem vítima;751;BR-262/MG;Leste;Saida de Pista;;;1;;;;;;;;1;;;;
18/03/2015;18:06:00;542;com vítima;618,05;BR-153/GO;Norte;Colisão Lateral;;;1;;;;;;;;0;1;;;
18/03/2015;06:08:00;132;sem vítima;223;BR-153/MG;Norte;Colisão Traseira;1;;1;;;;;;;;2;;;;
18/03/2015;14:06:00;413;com vítima;813;BR-262/MG;Leste;Colisão Lateral;1;;;;;1;;;;;1;1;;;
19/03/2015;16:33:00;337;sem vítima;496;BR-153/GO;Norte;Colisão Traseira;;;3;;;;;;;;3;;;;
19/03/2015;16:45:00;341;sem vítima;28;BR-060/GO;Norte;;1;;;;;;;;;;1;;;;
19/03/2015;13:02:00;253;sem vítima;499,5;BR-153/GO;Sul;Engavetamento;3;;;;;;;;;;3;;;;
19/03/2015;11:50:00;228;com vítima;500;BR-153/GO;Norte;Colisão Traseira;;;1;;1;;;;;;2;3;;;
19/03/2015;12:45:00;243;sem vítima;500;BR-153/GO;Sul;Engavetamento;3;;;;;;;;;;3;;;;
19/03/2015;19:48:00;426;sem vítima;500;BR-153/GO;Sul;Colisão Traseira;2;;;;;;;;;;2;;;;
19/03/2015;12:47:00;245;com vítima;503;BR-153/GO;Norte;Colisão Traseira;1;;;1;;;;;;;1;;1;;
19/03/2015;18:40:00;406;sem vítima;504;BR-153/GO;Norte;Colisão Traseira;2;;;;;;;;;;3;;;;
19/03/2015;16:17:00;334;sem vítima;49;BR-153/MG;Sul;Saida de Pista;1;;;;;;;;;;1;;;;
19/03/2015;11:20:00;220;com vítima;449;BR-262/MG;Leste;Colisão Traseira;2;;;;;;;;;;1;1;;;
19/03/2015;22:49:00;477;com vítima;452,7;BR-262/MG;Leste;Saida de Pista;1;;;;;;;;;;0;1;;;
19/03/2015;16:30:00;345;sem vítima;82,5;BR-060/GO;Norte;;1;;;;;;;;;;1;;;;
19/03/2015;10:38:00;200;com vítima;76;BR-153/MG;Norte;Outros - sequências;1;;;;;;;;;;0;1;;;
19/03/2015;12:23:00;238;sem vítima;509;BR-153/GO;Sul;Engavetamento;4;;;;;1;;;;;5;;;;
19/03/2015;19:19:00;415;com vítima;93;BR-060/GO;Norte;Choque - Defensa, barreira ou "submarino";1;;;;;;;;;;0;;1;;
19/03/2015;15:21:00;313;sem vítima;553,3;BR-262/MG;Leste;Tombamento;;;1;;;;;;;;1;;;;
19/03/2015;08:08:00;134;sem vítima;583;BR-262/MG;Leste;Saida de Pista;1;;;;;;;;;;1;;;;
19/03/2015;12:53:00;248;com vítima;140;BR-153/MG;Sul;Saida de Pista;;;1;;;;;;;;0;1;;;
19/03/2015;02:51:00;50;sem vítima;673;BR-262/MG;Leste;Choque - Elemento de Drenagem;;;1;;;;;;;;1;;;;
19/03/2015;16:17:00;335;com vítima;28,3;BR-060/DF;Norte;Capotamento;;;;;;;;;;1;0;1;;;
19/03/2015;19:00:00;115;sem vítima;752;BR-262/MG;Leste;Saida de Pista;;;1;;;;;;;;1;;;;
19/03/2015;16:15:00;481;com vítima;236;BR-153/MG;Norte;Colisão Traseira;2;;;;;;;;;;1;4;;;
19/03/2015;14:17:00;283;com vítima;656;BR-153/GO;Sul;Saida de Pista;;;1;;;;;;;;1;1;;;
19/03/2015;11:55:00;237;sem vítima;831;BR-262/MG;Leste;Atropelamento - Animal;1;;;;;;;;;;1;;;;
19/03/2015;15:01:00;303;sem vítima;133;BR-060/GO;Sul;Saida de Pista;;;1;;;;;;;;1;;;;
20/03/2015;18:41:00;424;sem vítima;357;BR-262/MG;Oeste;Saida de Pista;1;;;;;;;;;;1;;;;
20/03/2015;19:45:00;461;sem vítima;13;BR-060/GO;Norte;Colisão Traseira;;;;;;;;;;2;2;;;;
20/03/2015;03:39:00;43;com vítima;9;BR-153/MG;Sul;Outros - sequências;;;1;;;;;;;;0;1;;;
20/03/2015;23:37:00;531;com vítima;381;BR-262/MG;Oeste;Saida de Pista;1;;;;;;;;;;0;1;;;
20/03/2015;15:40:00;350;sem vítima;28;BR-153/MG;Norte;Outros - sequências;;;1;;;;;;;;1;;;;
20/03/2015;15:38:00;349;sem vítima;28,3;BR-153/MG;Norte;Saida de Pista;1;;;;;;;;;;1;;;;
20/03/2015;21:45:00;494;sem vítima;34;BR-153/MG;Sul;;;;;1;;;;;;;1;;;;
20/03/2015;14:35:00;329;sem vítima;448;BR-262/MG;Leste;Saida de Pista;1;;;;;;;;;;2;;;;
20/03/2015;16:15:00;364;sem vítima;506,5;BR-153/GO;Norte;Colisão Traseira;1;;1;;;;;;;;2;;;;
20/03/2015;10:36:00;199;sem vítima;459,1;BR-262/MG;Leste;Colisão Traseira;;;2;;;;;;;;2;;;;
20/03/2015;20:04:00;465;sem vítima;86;BR-060/GO;Norte;Saida de Pista;;;;;;;;;;1;1;;;;
20/03/2015;20:09:00;466;sem vítima;518;BR-262/MG;Oeste;Saida de Pista;1;;;;;;;;;;2;;;;
20/03/2015;13:33:00;304;com vítima;93;BR-060/GO;Norte;Colisão Lateral;1;;;;;1;;;;;1;1;;;
20/03/2015;05:21:00;77;com vítima;523;BR-262/MG;Leste;Colisão Lateral;1;;1;;;;;;;;2;3;;;
20/03/2015;19:57:00;464;com vítima;514;BR-153/GO;Norte;Colisão Lateral;2;;;;;;;;;;1;1;;;
20/03/2015;23:30:00;526;com vítima;548;BR-262/MG;Leste;Tombamento;;;;;;;;;;1;0;1;;;
20/03/2015;21:20:00;490;com vítima;549;BR-262/MG;Leste;Saida de Pista;1;;;;;;;;;;0;2;;;
20/03/2015;22:47:00;515;sem vítima;555;BR-262/MG;Oeste;Saida de Pista;1;;;;;;;;;;1;;;;
20/03/2015;04:10:00;52;com vítima;533,1;BR-153/GO;Norte;Choque - Defensa, barreira ou "submarino";1;;;;;;;;;;0;1;;;
20/03/2015;13:08:00;298;com vítima;582;BR-262/MG;Leste;Saida de Pista;1;;;;;;;;;;0;1;;;
20/03/2015;19:19:00;440;sem vítima;558;BR-153/GO;Norte;Saida de Pista;1;;;;;;;;;;1;;;;
20/03/2015;07:45:00;119;com vítima;25;BR-060/DF;Norte;Capotamento;;;;;;;;;;1;0;1;;;
20/03/2015;16:13:00;363;com vítima;180;BR-153/MG;Sul;Colisão Traseira;;;3;;;;;;;;2;1;;;
20/03/2015;15:19:00;343;com vítima;663;BR-262/MG;Oeste;Saida de Pista;;;1;;;;;;;;0;1;;;
20/03/2015;23:56:00;536;com vítima;210;BR-153/MG;Norte;Saida de Pista;1;;;;;;;;;;0;1;;;
20/03/2015;18:41:00;425;com vítima;119;BR-060/GO;Norte;Colisão Lateral;1;;;1;;;;;;;1;;1;1;
20/03/2015;19:32:00;451;sem vítima;120;BR-060/GO;Sul;Atropelamento - Animal;;;;;1;;;;;;1;;;;
20/03/2015;07:26:00;117;com vítima;636;BR-153/GO;Norte;Tombamento;1;;;;;;;;;;0;1;;;
20/03/2015;08:05:00;130;com vítima;814;BR-262/MG;Leste;Queda de Moto;;;;1;;;;;;;0;2;;;
21/03/2015;19:53:00;531;com vítima;398;BR-262/MG;Oeste;Colisão Lateral;;;;2;;;;;;;0;3;;;
21/03/2015;17:36:00;478;com vítima;28;BR-153/MG;Norte;Saida de Pista;1;;;;;;;;;;0;4;;;
21/03/2015;15:31:00;398;com vítima;501;BR-153/GO;Sul;Colisão Traseira;;;1;1;;1;;;;;2;;1;;
21/03/2015;10:48:00;254;com vítima;28,7;BR-153/MG;Norte;Saida de Pista;;;1;;;;;;;;0;1;;;
21/03/2015;03:58:00;65;com vítima;503;BR-153/GO;Norte;Queda de Moto;;;;1;;;;;;;0;;;1;
21/03/2015;20:04:00;537;sem vítima;447;BR-262/MG;Leste;Tombamento;1;;;;;;;;;;1;;;;
21/03/2015;15:56:00;409;sem vítima;82;BR-060/GO;Norte;Saida de Pista;1;;;;;1;;;;;2;;;;
21/03/2015;14:45:00;369;sem vítima;86;BR-060/GO;Norte;Colisão Traseira;2;;;;;1;;;;;6;;;;
21/03/2015;13:11:00;337;sem vítima;480;BR-262/MG;Leste;;;;1;;;;;;;;1;;;;
21/03/2015;13:07:00;335;sem vítima;94;BR-153/MG;Norte;Colisão Lateral;;;3;;;;;;;;3;;;;
21/03/2015;19:00:00;431;sem vítima;517;BR-262/MG;Oeste;Colisão Traseira;;;2;;;;;;;;2;;;;
21/03/2015;22:08:00;568;com vítima;97;BR-060/GO;Sul;Colisão Traseira;1;;;1;;;;;;;1;1;;;
21/03/2015;13:19:00;342;sem vítima;582;BR-262/MG;Leste;Saida de Pista;1;;;;;;;;;;1;;;;
21/03/2015;21:33:00;560;com vítima;557;BR-153/GO;Sul;Saida de Pista;1;;;;;;;;;;0;5;;;
21/03/2015;19:11:00;514;sem vítima;101;BR-060/GO;Norte;Saida de Pista;1;;;;;;;;;;1;;;;
21/03/2015;18:41:00;502;com vítima;101;BR-060/GO;Sul;Outros - sequências;;1;;;;2;;;;;2;1;;;
21/03/2015;22:15:00;571;sem vítima;593;BR-153/GO;Sul;Saida de Pista;;;1;;;;;;;;1;;;;
21/03/2015;10:49:00;255;sem vítima;117;BR-060/GO;Norte;Colisão Lateral;;;1;;;;;;;1;2;;;;
22/03/2015;07:40:00;138;sem vítima;357,5;BR-262/MG;Leste;Saida de Pista;1;;;;;;;;;;2;;;;
22/03/2015;13:15:00;248;com vítima;359;BR-262/MG;Oeste;Atropelamento - Ambulante;1;;;;;1;;;;;2;;1;;
22/03/2015;00:38:00;12;sem vítima;2,9;BR-060/DF;Norte;Colisão Lateral;2;;;;;;;;;;2;;;;
22/03/2015;01:20:00;31;sem vítima;2,9;BR-060/DF;Norte;Colisão Traseira;2;;;;;;;;;;2;;;;
22/03/2015;15:24:00;297;sem vítima;382;BR-262/MG;Oeste;Colisão Traseira;2;;;;;;;;;;2;;;;
22/03/2015;04:14:00;73;sem vítima;448;BR-262/MG;Leste;Colisão Frontal;2;;;;;;;;;;2;;;;
22/03/2015;17:45:00;365;sem vítima;506;BR-153/GO;Sul;Colisão Transversal;2;;;;;;;;;;2;;;;
22/03/2015;16:10:00;310;com vítima;78;BR-060/GO;Norte;Saida de Pista;1;;;;;1;;;;;4;1;;;
22/03/2015;16:30:00;322;com vítima;508;BR-153/GO;Norte;Engavetamento;4;;;;;;;;;;3;1;;;
22/03/2015;06:12:00;94;com vítima;58,2;BR-153/MG;Sul;Tombamento;;;1;;;;;;;;0;1;;;
22/03/2015;18:45:00;407;com vítima;94;BR-153/MG;Sul;Colisão Lateral;1;;2;;;;;;;;1;3;;;
22/03/2015;17:27:00;357;com vítima;111,4;BR-153/MG;Norte;Colisão Lateral;1;;1;;;;;;;;1;1;;;
22/03/2015;16:21:00;316;com vítima;558,1;BR-153/GO;Norte;Saida de Pista;1;;;;;;;;;;2;1;;;
22/03/2015;20:45:00;427;com vítima;106;BR-060/GO;Norte;Queda de Moto;;;;1;;;;;;;0;2;;;
22/03/2015;19:08:00;397;com vítima;174,8;BR-153/MG;Sul;Colisão Lateral;2;;;;;;;;;;1;1;;;
22/03/2015;19:22:00;399;sem vítima;583;BR-153/GO;Norte;Saida de Pista;;;;;;1;;;;1;2;;;;
22/03/2015;15:13:00;293;sem vítima;595;BR-153/GO;Norte;Saida de Pista;1;;;;;;;;;;1;;;;
22/03/2015;17:30:00;369;com vítima;207;BR-153/MG;Norte;Choque - Outros;1;;1;;;;;;;;1;3;2;;
22/03/2015;22:47:00;478;sem vítima;118;BR-060/GO;Norte;Colisão Lateral;2;;;;;;;;;;2;;;;
22/03/2015;15:15:00;307;com vítima;824;BR-262/MG;Leste;Queda de Moto;;;;1;;;;;;;0;;1;1;
22/03/2015;12:50:00;228;com vítima;136;BR-060/GO;Sul;Saida de Pista;1;;;;;1;;;;;1;1;;;
22/03/2015;04:58:00;81;sem vítima;702;BR-153/GO;Norte;Saida de Pista;1;;;;;;;;;;1;;;;
23/03/2015;00:58:00;27;com vítima;359;BR-262/MG;Leste;Saida de Pista;1;;;;;;;;;;0;1;;;
23/03/2015;23:07:00;521;sem vítima;360;BR-262/MG;Leste;Saida de Pista;1;;;;;;;;;;1;;;;
23/03/2015;07:01:00;154;com vítima;368;BR-262/MG;Leste;Saida de Pista;1;;;;;;;;;;0;1;;;
23/03/2015;12:19:00;251;com vítima;4;BR-060/DF;Norte;Saida de Pista;1;;;;;;;;;;0;1;;;
23/03/2015;08:42:00;126;sem vítima;501;BR-153/GO;Sul;Queda de Moto;;;;1;;;;;;;1;;;;
23/03/2015;07:00:00;87;com vítima;508;BR-153/GO;Norte;Colisão Traseira;3;;;;;;;;;;0;3;;;
23/03/2015;08:45:00;94;com vítima;511;BR-153/GO;Norte;Colisão Traseira;2;;;;;;;;;;0;2;;;
23/03/2015;18:14:00;434;com vítima;512,308;BR-153/GO;Norte;Outros - sequências;;;1;1;;;;;;;1;;;;1
23/03/2015;08:30:00;115;sem vítima;512,9;BR-153/GO;Norte;Saida de Pista;;;;;;;;;;1;1;;;;