data;horario;n_da_ocorrencia;tipo_de_ocorrencia;km;trecho;sentido;tipo_de_acidente;automovel;bicicleta;caminhao;moto;onibus;outros;tracao_animal;transporte_de_cargas_especiais;trator_maquinas;utilitarios;ilesos;levemente_feridos;moderadamente_feridos;gravemente_feridos;mortos
18/04/2015;14:39:00;476;sem vítima;362;BR-262/MG;Leste;Saida de Pista;1;;;;;;;;;;1;;;;
18/04/2015;06:43:00;116;sem vítima;10,4;BR-060/GO;Norte;Saida de Pista;1;;;;;;;;;;1;;;;
18/04/2015;23:42:00;781;com vítima;497;BR-153/GO;Sul;Colisão Traseira;1;;;;1;;;;;;1;2;;;
18/04/2015;01:34:00;30;sem vítima;382;BR-262/MG;Oeste;Colisão Lateral;1;;;;;1;;;;;2;;;;
18/04/2015;21:08:00;712;sem vítima;398,8;BR-262/MG;Oeste;Colisão Traseira;2;;;;;;;;;;2;;;;
18/04/2015;19:02:00;655;com vítima;437;BR-262/MG;Leste;Queda de Moto;;;;1;;;;;;;1;1;;;
18/04/2015;06:54:00;136;sem vítima;58;BR-153/MG;Sul;Tombamento;;;1;;;;;;;;1;;;;
18/04/2015;10:42:00;306;sem vítima;58;BR-153/MG;Norte;Colisão Traseira;1;;;;;;;;;1;2;;;;
18/04/2015;13:08:00;417;sem vítima;82,8;BR-060/GO;Norte;Saida de Pista;1;;;;;;;;;;1;;;;
18/04/2015;09:43:00;252;com vítima;509;BR-153/GO;Norte;Colisão Lateral;;;;1;;1;;;;;1;1;;;
18/04/2015;03:18:00;50;sem vítima;487;BR-262/MG;Leste;Atropelamento - Animal;1;;;;;;;;;;1;;;;
18/04/2015;04:20:00;70;com vítima;547,8;BR-262/MG;Leste;Tombamento;;;1;;;;;;;;0;1;;;
18/04/2015;00:40:00;12;com vítima;146;BR-153/MG;Sul;Outros - sequências;;;1;;;;;;;;0;1;;;
18/04/2015;10:04:00;269;com vítima;553;BR-153/GO;Sul;Atropelamento - Ciclista;1;1;;;;;;;;;1;;1;;
18/04/2015;11:02:00;330;sem vítima;612;BR-153/GO;Norte;Colisão Traseira;1;;1;;;;;;;;2;;;;
18/04/2015;19:21:00;662;com vítima;670;BR-153/GO;Norte;Tombamento;;;1;;;;;;;;0;1;;;
18/04/2015;12:38:00;395;com vítima;840;BR-262/MG;Oeste;Colisão Traseira;;;;1;;1;;;;;1;1;;;
18/04/2015;22:05:00;746;com vítima;681,2;BR-153/GO;Norte;Outros - sequências;1;;;;;;;;;;1;2;;;
19/04/2015;14:26:00;351;sem vítima;18,8;BR-060/GO;Norte;Saida de Pista;1;;;;;;;;;;1;;;;
19/04/2015;21:25:00;596;sem vítima;19,3;BR-060/GO;Sul;Outros - sequências;2;;;;;1;;;;;3;;;;
19/04/2015;06:20:00;120;sem vítima;496;BR-153/GO;Norte;Colisão Frontal;2;;;;;;;;;;2;;;;
19/04/2015;06:20:00;119;com vítima;381;BR-262/MG;Oeste;Capotamento;1;;;;;;;;;;1;1;;;
19/04/2015;01:45:00;30;sem vítima;382;BR-262/MG;Oeste;Atropelamento - Animal;1;;;;;;;;;;1;;;;
19/04/2015;18:13:00;513;com vítima;28;BR-153/MG;Norte;Capotamento;1;;;;;;;;;;0;6;;;
19/04/2015;11:00:00;248;sem vítima;449,9;BR-262/MG;Leste;Engavetamento;2;;;;;;;;;1;3;;;;
19/04/2015;20:53:00;583;com vítima;506,8;BR-153/GO;Norte;Colisão Traseira;1;;1;;;;;;;;1;1;;;
19/04/2015;20:07:00;570;com vítima;548;BR-262/MG;Leste;Colisão Transversal;;;2;;;;;;;;1;1;;;
19/04/2015;09:14:00;178;com vítima;532;BR-153/GO;Norte;Queda de Moto;;;;1;;;;;;;0;1;;;
19/04/2015;14:08:00;339;sem vítima;587;BR-262/MG;Oeste;Colisão Lateral;1;;;;1;;;;;;2;;;;
19/04/2015;12:28:00;298;com vítima;589;BR-262/MG;Leste;Tombamento;;;1;;;;;;;;0;;;;1
19/04/2015;13:26:00;325;sem vítima;590,2;BR-262/MG;Leste;Saida de Pista;1;;;;;;;;;;1;;;;
19/04/2015;13:35:00;327;sem vítima;583;BR-153/GO;Norte;Outros - sequências;;;2;;;;;;;;2;;;;
19/04/2015;05:59:00;117;com vítima;113,8;BR-060/GO;Sul;Tombamento;;;1;;;;;;;;0;1;;;
19/04/2015;22:55:00;613;com vítima;197,05;BR-153/MG;Sul;Colisão Traseira;;;;;;;;;;2;1;2;;;
20/04/2015;15:15:00;329;com vítima;0,5;BR-153/MG;Norte;Carreta deu L;;;1;;;;;;;;0;1;;;
20/04/2015;16:33:00;375;com vítima;382;BR-262/MG;Oeste;Saida de Pista;1;;;;;;;;;;0;1;;;
20/04/2015;17:09:00;424;sem vítima;4,6;BR-060/DF;Norte;Colisão Traseira;2;;;;;;;;;;2;;;;
20/04/2015;21:45:00;539;com vítima;444;BR-262/MG;Leste;Atropelamento - Usuário;1;;;;;;;;;;1;1;;;
20/04/2015;07:40:00;88;sem vítima;72,7;BR-060/GO;Sul;Saida de Pista;1;;;;;;;;;;1;;;;
20/04/2015;19:46:00;473;com vítima;6;BR-060/DF;Sul;Engavetamento;4;;;;;;;;;;1;3;;;
20/04/2015;10:50:00;210;com vítima;516;BR-153/GO;Norte;Colisão Lateral;1;;;1;;;;;;;1;1;;;
20/04/2015;13:23:00;287;sem vítima;579,2;BR-262/MG;Oeste;Saida de Pista;;;;;1;;;;;;1;;;;
20/04/2015;20:21:00;494;com vítima;586;BR-262/MG;Oeste;Outros - sequências;1;;;;;;;;;;0;4;;;
20/04/2015;13:05:00;276;com vítima;590;BR-262/MG;Leste;Saida de Pista;1;;;;;;;;;;0;2;;;
20/04/2015;12:28:00;262;com vítima;592;BR-262/MG;Oeste;Capotamento;1;;;;;;;;;;0;1;;;
20/04/2015;21:56:00;546;com vítima;584,1;BR-153/GO;Norte;Saida de Pista;1;;;;;;;;;;3;3;;;
20/04/2015;17:13:00;400;sem vítima;675;BR-262/MG;Leste;Capotamento;1;;;;;;;;;;3;;;;
20/04/2015;13:23:00;286;com vítima;133,5;BR-060/GO;Norte;Colisão Traseira;;;2;;;;;;;;1;1;;;
20/04/2015;14:25:00;310;sem vítima;133,5;BR-060/GO;Norte;Colisão Traseira;1;;1;;;;;;;;2;;;;
20/04/2015;01:55:00;37;com vítima;137;BR-060/GO;Sul;Queda de Moto;;;;1;;;;;;;0;;1;;
21/04/2015;14:18:00;535;sem vítima;4;BR-060/DF;Norte;Saida de Pista;1;;;;;1;;;;;2;;;;
21/04/2015;15:51:00;618;sem vítima;441,3;BR-262/MG;Leste;Colisão Lateral;2;;;;;;;;;;2;;;;
21/04/2015;18:21:00;758;com vítima;477,7;BR-262/MG;Oeste;Colisão Transversal;;;1;1;;;;;;;0;2;;;1
21/04/2015;16:03:00;629;com vítima;503;BR-262/MG;Leste;Queda de Moto;;;;1;;;;;;;0;2;;;
21/04/2015;08:29:00;183;com vítima;563,8;BR-262/MG;Oeste;Tombamento;;;1;;;;;;;;0;;1;;
21/04/2015;07:57:00;155;sem vítima;11,3;BR-060/DF;Norte;Colisão Lateral;1;;1;;;;;;;;2;;;;
21/04/2015;16:47:00;674;sem vítima;531;BR-153/GO;Sul;Capotamento;1;;;;;1;;;;;2;;;;
21/04/2015;16:25:00;657;sem vítima;16;BR-060/DF;Norte;Tombamento;;;1;;;;;;;;1;;;;
21/04/2015;14:00:00;520;com vítima;593;BR-262/MG;Leste;Choque - Talude;1;;;;;;;;;;0;3;;;
21/04/2015;11:39:00;398;sem vítima;114;BR-060/GO;Sul;Saida de Pista;1;;;;;;;;;;1;;;;
21/04/2015;14:23:00;542;sem vítima;667;BR-262/MG;Oeste;Choque - Defensa, barreira ou "submarino";1;;;;;1;;;;;2;;;;
21/04/2015;20:35:00;817;sem vítima;129;BR-060/GO;Norte;Choque - Defensa, barreira ou "submarino";1;;;;;;;;;;1;;;;
21/04/2015;19:00:00;778;com vítima;866;BR-262/MG;Oeste;Outros - sequências;2;;;1;;;;;;;0;2;;1;
21/04/2015;19:33:00;799;sem vítima;866,4;BR-262/MG;Oeste;Engavetamento;3;;;;;;;;;;3;;;;
22/04/2015;11:45:00;412;sem vítima;34,9;BR-060/GO;Norte;Saida de Pista;1;;;;;;;;;;1;;;;
22/04/2015;04:45:00;92;com vítima;476;BR-262/MG;Oeste;Outros - sequências;;;2;;;;;;;;1;;1;;
22/04/2015;22:04:00;796;com vítima;509;BR-153/GO;Sul;Queda de Moto;;;;1;;;;;;;0;2;;;
22/04/2015;16:02:00;597;sem vítima;91,5;BR-060/GO;Norte;Atropelamento - Animal;1;;;;;;;;;;1;;;;
22/04/2015;13:48:00;486;com vítima;511;BR-153/GO;Sul;Queda de Moto;;;;1;;;;;;;1;1;;;
22/04/2015;05:31:00;103;com vítima;513,1;BR-153/GO;Norte;Saida de Pista;1;;;;;;;;;;0;2;;;
22/04/2015;12:58:00;454;com vítima;513,5;BR-153/GO;Norte;Queda de Moto;;;;1;;;;;;;0;1;;;
22/04/2015;13:13:00;463;sem vítima;95;BR-060/GO;Norte;Colisão Traseira;2;;;;;1;;;;;3;;;;
22/04/2015;12:13:00;430;com vítima;522;BR-153/GO;Sul;Saida de Pista;;;;;;;;;;1;1;1;;;
22/04/2015;04:26:00;90;com vítima;560,7;BR-153/GO;Sul;Tombamento;;;2;;;;;;;;1;1;1;;
22/04/2015;06:01:00;108;com vítima;111;BR-060/GO;Sul;Queda de Moto;;;;1;;;;;;;0;2;;;
22/04/2015;05:48:00;106;sem vítima;635;BR-262/MG;Leste;Saida de Pista;1;;;;;;;;;;1;;;;
22/04/2015;16:05:00;600;sem vítima;689,2;BR-262/MG;Leste;Colisão Traseira;1;;;;;;;;;;1;;;;
22/04/2015;18:33:00;699;com vítima;812;BR-262/MG;Oeste;Atropelamento - Ciclista;1;1;;;;;;;;;0;1;;1;
22/04/2015;00:51:00;15;sem vítima;240;BR-153/MG;Sul;Saida de Pista;1;;;;;;;;;;1;;;;
23/04/2015;11:21:00;368;sem vítima;495;BR-153/GO;Sul;Saida de Pista;1;;;;;;;;;;1;;;;
23/04/2015;07:57:00;182;sem vítima;495,3;BR-153/GO;Sul;Colisão Traseira;2;;;;;;;;;;2;;;;
23/04/2015;10:00:00;310;sem vítima;500,05;BR-153/GO;Sul;Colisão Lateral;1;;;;;1;;;;;2;;;;
23/04/2015;23:20:00;741;sem vítima;402;BR-262/MG;Oeste;Saida de Pista;1;;;;;;;;;;1;;;;
23/04/2015;10:14:00;320;com vítima;43,3;BR-060/GO;Sul;Colisão Traseira;1;;;1;;;;;;;1;;1;;
23/04/2015;16:41:00;529;com vítima;433,5;BR-262/MG;Oeste;Choque - Defensa, barreira ou "submarino";1;;;;;;;;;;0;2;;;
23/04/2015;08:40:00;217;sem vítima;503,8;BR-153/GO;Norte;Colisão Lateral;1;;1;;;;;;;;2;;;;
23/04/2015;19:21:00;636;com vítima;462;BR-262/MG;Oeste;Colisão Traseira;3;;;;;;;;;;0;3;;;
23/04/2015;16:50:00;538;sem vítima;480;BR-262/MG;Leste;Colisão Traseira;2;;;;;;;;;;2;;;;
23/04/2015;12:01:00;384;com vítima;509;BR-153/GO;Sul;Queda de Moto;1;;;1;;;;;;;1;1;;;
23/04/2015;19:12:00;633;com vítima;510,8;BR-153/GO;Norte;Queda de Moto;;;;1;;;;;;;0;1;1;;
23/04/2015;19:30:00;648;sem vítima;511;BR-153/GO;Norte;Colisão Traseira;2;;;;;;;;;;2;;;;
23/04/2015;18:33:00;611;sem vítima;580;BR-262/MG;Oeste;Saida de Pista;1;;;;;;;;;;1;;;;
23/04/2015;10:04:00;314;sem vítima;544;BR-153/GO;Norte;Colisão Lateral;1;;1;;;;;;;;2;;;;
23/04/2015;17:45:00;570;sem vítima;608,3;BR-262/MG;Oeste;Saida de Pista;;;1;;;;;;;;1;;;;
23/04/2015;02:08:00;30;sem vítima;189;BR-153/MG;Sul;Colisão Lateral;;;2;;;;;;;;2;;;;
23/04/2015;17:13:00;550;com vítima;193,5;BR-153/MG;Sul;Colisão Traseira;;;1;;1;;;;;;0;2;;;
24/04/2015;15:45:00;461;sem vítima;2,3;BR-060/GO;Norte;Saida de Pista;1;;;;;;;;;;1;;;;
24/04/2015;20:01:00;609;com vítima;363;BR-262/MG;Oeste;Capotamento;1;;;;;1;;;;;1;1;;;
24/04/2015;20:16:00;616;sem vítima;365;BR-262/MG;Leste;;1;;;;;;;;;;1;;;;
24/04/2015;15:01:00;434;com vítima;21;BR-153/MG;Norte;Saida de Pista;;;1;;;;;;;;0;2;;;
24/04/2015;06:44:00;100;sem vítima;38,6;BR-153/MG;Sul;Colisão Traseira;2;;;;;;;;;;2;;;;
24/04/2015;18:25:00;565;sem vítima;503,8;BR-153/GO;Norte;Colisão Traseira;2;;;;;;;;;;2;;;;
24/04/2015;15:10:00;443;com vítima;51;BR-153/MG;Norte;Saida de Pista;1;;;;;;;;;;0;2;;;
24/04/2015;13:39:00;385;sem vítima;89;BR-060/GO;Sul;Colisão Traseira;2;;;;;;;;;;2;;;;
24/04/2015;20:18:00;618;sem vítima;510;BR-153/GO;Sul;Colisão Lateral;2;;;;;;;;;;2;;;;
24/04/2015;19:32:00;596;sem vítima;514;BR-262/MG;Leste;Objeto lançado contra veículo;1;;1;;;;;;;;2;;;;
24/04/2015;20:00:00;608;sem vítima;515;BR-153/GO;Norte;Colisão Traseira;2;;;;;;;;;;2;;;;
24/04/2015;14:31:00;417;com vítima;96;BR-060/GO;Sul;Outros - sequências;1;;;1;;;;;;;1;1;;;
24/04/2015;18:38:00;573;sem vítima;536;BR-153/GO;Norte;Colisão Traseira;2;;;;;;;;;;2;;;;
24/04/2015;19:57:00;604;sem vítima;101,6;BR-060/GO;Norte;Colisão Traseira;2;;;;;;;;;;2;;;;
24/04/2015;13:53:00;398;sem vítima;109;BR-060/GO;Sul;Saida de Pista;1;;;;;1;;;;;2;;;;
24/04/2015;04:24:00;70;com vítima;609;BR-153/GO;Norte;Saida de Pista;1;;;;;;;;;;0;2;;;
24/04/2015;15:32:00;456;sem vítima;28,5;BR-060/DF;Norte;Saida de Pista;1;;;;;;;;;;1;;;;
24/04/2015;19:10:00;587;com vítima;799;BR-262/MG;Leste;Colisão Frontal;1;1;;;;;;;;;0;2;;;1
24/04/2015;05:07:00;76;sem vítima;902;BR-262/MG;Leste;Saida de Pista;1;;;;;;;;;;1;;;;
25/04/2015;08:07:00;146;sem vítima;495;BR-153/GO;Norte;Colisão Traseira;1;;;;;1;;;;;2;;;;
25/04/2015;15:44:00;562;com vítima;391,9;BR-262/MG;Oeste;Objeto lançado contra veículo;1;;1;;;1;;;;;2;1;;;
25/04/2015;13:00:00;460;com vítima;407,2;BR-262/MG;Leste;Tombamento;;;1;;;;;;;;0;2;;;
25/04/2015;23:48:00;786;com vítima;417;BR-262/MG;Oeste;Saida de Pista;1;;;;;;;;;;0;1;;;
25/04/2015;19:01:00;672;com vítima;509;BR-153/GO;Norte;Engavetamento;1;;1;1;;;;;;;2;1;;;
25/04/2015;21:00:00;722;sem vítima;510;BR-153/GO;Sul;Saida de Pista;1;;;;;;;;;;1;;;;
25/04/2015;23:21:00;778;com vítima;92;BR-060/GO;Norte;Saida de Pista;1;;;;;;;;;;0;2;;;
25/04/2015;00:55:00;20;com vítima;114;BR-153/MG;Sul;Outros - sequências;;;2;;;;;;;;1;1;;;
25/04/2015;00:55:00;44;sem vítima;114;BR-153/MG;Norte;Colisão Traseira;;;4;;;;;;;;4;;;;
25/04/2015;16:52:00;596;com vítima;586;BR-262/MG;Leste;Capotamento;1;;;;;;;;;;2;2;;;
25/04/2015;17:22:00;612;sem vítima;586;BR-262/MG;Leste;Saida de Pista;1;;;;;;;;;;1;;;;
25/04/2015;16:20:00;576;sem vítima;19,1;BR-060/DF;Norte;Saida de Pista;1;;;;;;;;;;1;;;;
25/04/2015;16:57:00;601;sem vítima;104,9;BR-060/GO;Sul;Saida de Pista;1;;;;;;;;;;1;;;;
25/04/2015;17:05:00;635;sem vítima;104,9;BR-060/GO;Sul;Saida de Pista;1;;;;;;;;;;1;;;;
25/04/2015;18:50:00;666;com vítima;584;BR-153/GO;Norte;Saida de Pista;1;;;;;;;;;;1;1;;;
25/04/2015;01:22:00;29;sem vítima;689;BR-262/MG;Oeste;Saida de Pista;;;1;;;;;;;;1;;;;
25/04/2015;23:44:00;788;com vítima;219;BR-153/MG;Norte;Atropelamento - Usuário;;;;;1;;;;;;1;;;;1
25/04/2015;00:42:00;14;com vítima;620,9;BR-153/GO;Norte;Saida de Pista;1;;;;;;;;;;0;1;;;
25/04/2015;14:06:00;482;sem vítima;621;BR-153/GO;Norte;Capotamento;1;;;;;;;;;;1;;;;
25/04/2015;14:50:00;524;com vítima;237,5;BR-153/MG;Norte;Colisão Lateral;;;1;;;1;;;;;1;1;;;
25/04/2015;11:12:00;357;sem vítima;246,7;BR-153/MG;Sul;Colisão Lateral;;;2;;;1;;;;;3;;;;
26/04/2015;21:49:00;613;com vítima;1;BR-153/MG;Sul;Colisão Traseira;1;;1;;;;;;;;0;3;;;
26/04/2015;21:42:00;608;com vítima;13;BR-153/MG;Sul;Saida de Pista;1;;;;;;;;;;0;3;;;
26/04/2015;05:20:00;87;sem vítima;433;BR-262/MG;Oeste;Capotamento;1;;;;;;;;;;2;;;;
26/04/2015;23:40:00;4;sem vítima;4,4;BR-060/DF;Sul;Colisão Traseira;2;;;;;;;;;;2;;;;
26/04/2015;02:00:00;45;com vítima;72;BR-060/GO;Sul;Capotamento;1;;;;;;;;;;0;;2;;
26/04/2015;19:12:00;549;sem vítima;92;BR-060/GO;Sul;Outros - sequências;1;;;;;1;;;;;2;;;;
26/04/2015;19:40:00;563;sem vítima;92;BR-060/GO;Sul;Colisão Lateral;1;;1;;;;;;;;2;;;;
26/04/2015;17:17:00;505;com vítima;94;BR-060/GO;Sul;Queda de Moto;;;;1;;;;;;;0;1;;;
26/04/2015;14:55:00;430;sem vítima;24,5;BR-060/DF;Norte;Saida de Pista;1;;;;;;;;;;1;;;;
26/04/2015;19:30:00;553;sem vítima;110;BR-060/GO;Sul;Saida de Pista;1;;;;;;;;;;1;;;;
26/04/2015;04:51:00;78;sem vítima;818,5;BR-262/MG;Leste;Capotamento;1;;;;;;;;;;2;;;;
27/04/2015;04:50:00;164;sem vítima;364;BR-262/MG;Leste;Capotamento;1;;;;;1;;;;;2;;;;
27/04/2015;11:41:00;359;sem vítima;372;BR-262/MG;Oeste;Capotamento;1;;;;;;;;;;1;;;;
27/04/2015;08:36:00;232;com vítima;498;BR-153/GO;Norte;Queda de Moto;;;;1;;1;;;;;1;1;;;
27/04/2015;14:01:00;430;com vítima;27;BR-153/MG;Norte;Tombamento;;;2;;;;;;;;1;2;;;
27/04/2015;07:37:00;199;sem vítima;502,3;BR-153/GO;Norte;Colisão Traseira;2;;;;;;;;;;2;;;;
27/04/2015;07:59:00;210;sem vítima;42,5;BR-153/MG;Sul;Tombamento;;;1;;;;;;;;1;;;;
27/04/2015;22:20:00;682;sem vítima;505,8;BR-153/GO;Sul;Choque - Defensa, barreira ou "submarino";;;1;;;;;;;;1;;;;
27/04/2015;07:37:00;198;sem vítima;506;BR-153/GO;Norte;Engavetamento;3;;;;;;;;;;3;;;;
27/04/2015;18:11:00;578;sem vítima;508,3;BR-153/GO;Sul;Colisão Lateral;1;;1;;;;;;;;2;;;;
27/04/2015;18:40:00;590;com vítima;508,4;BR-153/GO;Norte;Queda de Moto;;;;1;;;;;;;0;1;;;
27/04/2015;14:43:00;451;com vítima;510;BR-153/GO;Sul;Colisão Traseira;2;;;;;;;;;;0;1;1;;
27/04/2015;10:09:00;309;com vítima;94;BR-153/MG;Sul;Saida de Pista;;;1;;;;;;;;0;;1;;
27/04/2015;09:11:00;264;sem vítima;520,3;BR-153/GO;Norte;Capotamento;1;;;;;1;;;;;2;;;;
27/04/2015;23:24:00;706;sem vítima;102;BR-060/GO;Sul;;1;;;;;;;;;;1;;;;
27/04/2015;04:58:00;165;sem vítima;583;BR-153/GO;Norte;Outros - sequências;1;;;;;;;;;;1;;;;
27/04/2015;16:19:00;506;com vítima;635;BR-262/MG;Oeste;Colisão Lateral;2;;;;;1;;;;;1;2;;;
27/04/2015;14:47:00;454;sem vítima;595;BR-153/GO;Sul;Saida de Pista;1;;;;;;;;;;3;;;;
27/04/2015;09:48:00;293;com vítima;605;BR-153/GO;Sul;Capotamento;1;;;;;1;;;;;1;1;;;
27/04/2015;18:00:00;570;com vítima;131,9;BR-060/GO;Sul;Colisão Lateral;1;;1;;;;;;;;1;1;;;
28/04/2015;20:39:00;592;sem vítima;378;BR-262/MG;Leste;Colisão Traseira;1;;1;;;;;;;;2;;;;
28/04/2015;18:59:00;556;sem vítima;498;BR-153/GO;Sul;Engavetamento;2;;;;;3;;;;;5;;;;
28/04/2015;08:49:00;206;sem vítima;500,3;BR-153/GO;Sul;Colisão Traseira;1;;;;;1;;;;;2;;;;
28/04/2015;22:07:00;619;sem vítima;501;BR-153/GO;Sul;Colisão Lateral;;;;;;;;;;1;1;;;;
28/04/2015;16:47:00;484;sem vítima;73,4;BR-060/GO;Norte;Choque - Defensa, barreira ou "submarino";1;;;;;;;;;;1;;;;
28/04/2015;16:31:00;470;sem vítima;75;BR-060/GO;Norte;Saida de Pista;1;;;;;;;;;;1;;;;
28/04/2015;17:00:00;488;sem vítima;75;BR-060/GO;Norte;Tombamento;;;1;;;;;;;;1;;;;
28/04/2015;09:59:00;267;com vítima;509;BR-153/GO;Norte;Colisão Traseira;;;;2;;;;;;;1;1;;;
28/04/2015;17:28:00;511;sem vítima;509,1;BR-153/GO;Norte;Engavetamento;4;;;;;;;;;;4;;;;
28/04/2015;15:26:00;431;sem vítima;548,5;BR-262/MG;Leste;Saida de Pista;1;;;;;;;;;;1;;;;
28/04/2015;23:51:00;658;sem vítima;13;BR-060/DF;Norte;Queda;1;;;;;;;;;;1;;;;
28/04/2015;16:04:00;452;sem vítima;579,5;BR-262/MG;Leste;Carreta deu L;;;1;;;;;;;;1;;;;
28/04/2015;18:40:00;542;com vítima;20;BR-060/DF;Norte;Capotamento;1;;;;;;;;;;0;1;;;
28/04/2015;11:50:00;342;com vítima;118;BR-060/GO;Sul;Saida de Pista;1;;;;;;;;;;0;1;;1;1
28/04/2015;19:22:00;568;sem vítima;749;BR-262/MG;Oeste;Colisão Traseira;2;;;;;;;;;;2;;;;
28/04/2015;22:47:00;639;com vítima;621;BR-153/GO;Sul;Outros - sequências;1;;;;;;;;;;0;2;1;;
29/04/2015;07:47:00;152;com vítima;495;BR-153/GO;Norte;Colisão Traseira;;;;1;;1;;;;;1;1;;;
29/04/2015;18:25:00;629;sem vítima;369;BR-262/MG;Leste;Saida de Pista;1;;;;;1;;;;;3;;;;
29/04/2015;19:29:00;654;com vítima;500;BR-153/GO;Sul;Colisão Traseira;2;;;;;;;;;;1;3;;;
29/04/2015;19:45:00;690;sem vítima;500;BR-153/GO;Sul;Colisão Traseira;1;;1;;;;;;;;2;;;;
29/04/2015;15:39:00;536;sem vítima;42,6;BR-060/GO;Sul;Colisão Lateral;1;;1;;;;;;;;2;;;;
29/04/2015;19:16:00;651;sem vítima;501;BR-153/GO;Sul;;2;;;;;;;;;;2;;;;
29/04/2015;08:25:00;186;sem vítima;508;BR-153/GO;Norte;;1;;;;;1;;;;;2;;;;
29/04/2015;09:13:00;247;sem vítima;508;BR-153/GO;Norte;Colisão Traseira;1;;;;;1;;;;;2;;;;
29/04/2015;09:57:00;284;sem vítima;91,5;BR-153/MG;Sul;Tombamento;;;1;;;1;;;;;2;;;;
29/04/2015;11:04:00;347;com vítima;513,8;BR-153/GO;Norte;Colisão Frontal;1;;;1;;;;;;;1;;;1;
29/04/2015;15:07:00;504;sem vítima;587;BR-262/MG;Oeste;Outros - sequências;1;;;;;;;;;;3;;;;
29/04/2015;14:58:00;498;com vítima;590;BR-262/MG;Oeste;Colisão Frontal;1;;1;;;;;;;;1;1;;;
29/04/2015;15:01:00;500;sem vítima;592;BR-262/MG;Oeste;Saida de Pista;1;;;;;;;;;;1;;;;
29/04/2015;18:00:00;616;sem vítima;750;BR-262/MG;Leste;Saida de Pista;;;1;;;;;;;;1;;;;
29/04/2015;10:20:00;330;sem vítima;786;BR-262/MG;Leste;Colisão Traseira;;;1;;;1;;;;;2;;;;
29/04/2015;00:07:00;7;sem vítima;815;BR-262/MG;Oeste;Saida de Pista;1;;;;;;;;;;3;;;;
30/04/2015;07:16:00;228;com vítima;495;BR-153/GO;Sul;Colisão Lateral;1;;;1;;1;;;;;2;1;;;
30/04/2015;03:58:00;148;com vítima;380;BR-262/MG;Oeste;Saida de Pista;1;;;;;;;;;;0;;1;;
30/04/2015;17:01:00;667;com vítima;381;BR-262/MG;Leste;Capotamento;1;;;;;;;;;;0;1;;;
30/04/2015;19:46:00;753;com vítima;28;BR-060/GO;Norte;Colisão Traseira;2;;;;;;;;;;2;2;;;
30/04/2015;21:47:00;837;com vítima;29,8;BR-060/GO;Sul;Colisão Traseira;1;;1;;;;;;;;2;1;;;
30/04/2015;03:06:00;118;com vítima;58;BR-153/MG;Sul;Tombamento;;;1;;;;;;;;0;1;;;
30/04/2015;09:57:00;374;com vítima;464,2;BR-262/MG;Oeste;Choque - Poste;1;;;;;;;;;;0;5;;;
30/04/2015;05:53:00;205;sem vítima;508,3;BR-153/GO;Norte;Colisão Lateral;1;;;;;1;;;;;2;;;;
30/04/2015;18:53:00;735;com vítima;92,3;BR-060/GO;Norte;Colisão Lateral;;;;2;;;;;;;0;;2;;
30/04/2015;07:40:00;240;com vítima;512;BR-153/GO;Norte;Queda de Moto;;;;1;;;;;;;0;1;;;
30/04/2015;10:33:00;402;com vítima;512,6;BR-153/GO;Norte;Colisão Lateral;1;;1;;;;;;;;1;1;;;
30/04/2015;20:06:00;762;com vítima;520;BR-153/GO;Sul;Choque - Outros;1;;1;;;;;;;;1;1;;;
30/04/2015;07:58:00;249;com vítima;531;BR-153/GO;Norte;Queda de Moto;;;;1;;;;;;;0;;1;;
30/04/2015;06:36:00;218;sem vítima;104,7;BR-060/GO;Sul;Saida de Pista;1;;;;;;;;;;1;;;;
30/04/2015;19:11:00;740;sem vítima;607,8;BR-153/GO;Norte;Colisão Traseira;2;;;;;1;;;;;3;;;;
30/04/2015;19:16:00;742;sem vítima;118;BR-060/GO;Sul;Colisão Lateral;2;;;;;;;;;;2;;;;
30/04/2015;19:57:00;775;sem vítima;119,9;BR-060/GO;Norte;Colisão Traseira;2;;;;;;;;;;2;;;;
30/04/2015;16:19:00;638;com vítima;818;BR-262/MG;Leste;Engavetamento;2;;1;;1;;;;;;0;4;1;;
01/05/2015;11:39:00;381;com vítima;23;BR-060/GO;Norte;Colisão Lateral;2;;;;;;;;;;1;1;;;
01/05/2015;04:32:00;97;sem vítima;378,5;BR-262/MG;Leste;Saida de Pista;1;;;;;;;;;;1;;;;
01/05/2015;19:22:00;617;com vítima;16;BR-153/MG;Norte;Queda de Moto;;;;1;;;;;;;0;;;1;
01/05/2015;19:51:00;626;sem vítima;44;BR-060/GO;Sul;Colisão Traseira;2;;;;;;;;;;2;;;;
01/05/2015;06:20:00;138;sem vítima;30;BR-153/MG;Sul;Colisão Traseira;2;;;;;;;;;;2;;;;
01/05/2015;08:51:00;223;com vítima;502,8;BR-153/GO;Norte;Colisão Lateral;1;;;;;;;;;1;1;1;;;
01/05/2015;07:07:00;147;com vítima;87;BR-060/GO;Norte;Tombamento;;;1;;;;;;;;0;1;;;
01/05/2015;08:32:00;211;sem vítima;88;BR-060/GO;Norte;Colisão Traseira;2;;;;;;;;;;2;;;;
01/05/2015;10:58:00;349;sem vítima;88;BR-060/GO;Norte;Colisão Lateral;;;;;;2;;;;;2;;;;
01/05/2015;15:26:00;491;com vítima;548,2;BR-262/MG;Leste;Capotamento;1;;;;;;;;;;1;3;;;
01/05/2015;10:55:00;345;sem vítima;11;BR-060/DF;Sul;Colisão Traseira;1;;;;;1;;;;;2;;;;