data;horario;n_da_ocorrencia;tipo_de_ocorrencia;km;trecho;sentido;tipo_de_acidente;automovel;bicicleta;caminhao;moto;onibus;outros;tracao_animal;transporte_de_cargas_especiais;trator_maquinas;utilitarios;ilesos;levemente_feridos;moderadamente_feridos;gravemente_feridos;mortos
13/06/2015;03:15:00;51;com vítima;6,4;BR-153/MG;Sul;Saida de Pista;;;1;;;;;;;;0;1;;;
13/06/2015;06:36:00;127;sem vítima;369;BR-262/MG;Oeste;Saida de Pista;1;;;;;;;;;;2;;;;
13/06/2015;12:21:00;335;com vítima;498,5;BR-153/GO;Norte;Colisão Traseira;1;;;;1;;;;;;1;1;;;
13/06/2015;07:31:00;138;sem vítima;408;BR-262/MG;Leste;Queda de Ciclista;;;;1;;;;;;;2;;;;
13/06/2015;22:10:00;723;sem vítima;412;BR-262/MG;Oeste;Saida de Pista;1;;;;;;;;;;1;;;;
13/06/2015;15:09:00;454;com vítima;435;BR-262/MG;Oeste;Capotamento;1;;;;;1;;;;;1;3;;;
13/06/2015;22:48:00;743;com vítima;523;BR-262/MG;Oeste;Colisão Transversal;2;;;;;;;;;;5;2;;;
13/06/2015;17:15:00;558;sem vítima;95;BR-060/GO;Sul;Outros - sequências;;;;2;;1;;;;;4;;;;
13/06/2015;17:21:00;562;com vítima;542;BR-153/GO;Sul;Capotamento;1;;;;;;;;;;0;3;2;;
13/06/2015;02:40:00;44;com vítima;638;BR-262/MG;Oeste;Saida de Pista;1;;;;;;;;;;0;;;1;1
13/06/2015;21:11:00;696;com vítima;701,1;BR-153/GO;Norte;Colisão Frontal;1;;;1;;;;;;;0;1;;;1
14/06/2015;16:17:00;351;sem vítima;1,9;BR-153/MG;Norte;Colisão Lateral;;;2;;;;;;;;2;;;;
14/06/2015;01:50:00;42;com vítima;3;BR-060/DF;Sul;Colisão Traseira;2;;;;;;;;;;4;;;;1
14/06/2015;04:45:00;73;com vítima;500;BR-153/GO;Norte;Queda de Moto;;;;1;;;;;;;0;;;;1
14/06/2015;20:28:00;472;com vítima;394;BR-262/MG;Leste;Atropelamento - Morador;1;;;;;;;;;;0;1;;1;
14/06/2015;04:22:00;68;com vítima;84;BR-060/GO;Sul;Saida de Pista;1;;;;;;;;;;0;2;;;
14/06/2015;01:20:00;35;sem vítima;508;BR-262/MG;Oeste;Saida de Pista;1;;;;;;;;;;1;;;;
14/06/2015;04:44:00;72;com vítima;536,1;BR-153/GO;Sul;Queda de Moto;;;;1;;;;;;;0;2;;;
14/06/2015;16:42:00;364;sem vítima;102;BR-060/GO;Norte;Colisão Lateral;1;;;;;2;;;;1;4;;;;
14/06/2015;19:49:00;451;com vítima;561;BR-153/GO;Norte;Capotamento;1;;;;;1;;;;;2;1;;;
14/06/2015;01:09:00;33;com vítima;186,5;BR-153/MG;Sul;Saida de Pista;1;;;;;;;;;;0;1;1;;
14/06/2015;21:42:00;492;com vítima;723;BR-262/MG;Leste;Outros - sequências;1;;;;;;;;;;0;5;;;
14/06/2015;12:54:00;254;sem vítima;119;BR-060/GO;Norte;Saida de Pista;1;;;;;1;;;;;2;;;;
14/06/2015;10:24:00;171;com vítima;768,3;BR-262/MG;Leste;Saida de Pista;1;;1;;;;;;;;1;3;;;
14/06/2015;10:55:00;185;sem vítima;131;BR-060/GO;Norte;Colisão Traseira;2;;;;;;;;;1;3;;;;
15/06/2015;08:00:00;105;sem vítima;494;BR-153/GO;Sul;Colisão Traseira;2;;;;;;;;;;2;;;;
15/06/2015;14:29:00;329;com vítima;495,7;BR-153/GO;Norte;Colisão Lateral;1;;1;;;;;;;;2;1;;;
15/06/2015;14:26:00;328;sem vítima;500;BR-153/GO;Norte;Colisão Lateral;1;;1;;;;;;;;2;;;;
15/06/2015;20:08:00;484;sem vítima;500,7;BR-153/GO;Sul;Colisão Traseira;1;;1;;;;;;;;2;;;;
15/06/2015;03:58:00;59;sem vítima;48;BR-060/GO;Sul;Outros - sequências;;;1;;;;;;;;1;;;;
15/06/2015;19:03:00;459;sem vítima;69;BR-060/GO;Sul;Saida de Pista;1;;;;;1;;;;;2;;;;
15/06/2015;20:20:00;486;com vítima;80;BR-060/GO;Sul;Capotamento;2;;;;;;;;;;1;1;;;
15/06/2015;16:27:00;400;sem vítima;6;BR-060/DF;Sul;Saida de Pista;1;;;;;1;;;;;2;;;;
15/06/2015;16:57:00;415;com vítima;469;BR-262/MG;Oeste;Capotamento;1;;;;;;;;;;0;1;;;
15/06/2015;18:41:00;452;com vítima;519;BR-262/MG;Leste;Capotamento;1;;;;;;;;;;0;1;;;
15/06/2015;18:06:00;442;com vítima;513;BR-153/GO;Norte;Colisão Traseira;1;;;1;;;;;;;1;1;;;
15/06/2015;18:37:00;450;com vítima;527,5;BR-153/GO;Sul;Colisão Traseira;1;;1;;;;;;;;2;1;;;
15/06/2015;14:25:00;326;sem vítima;107;BR-060/GO;Norte;Choque - Defensa, barreira ou "submarino";;;1;;;;;;;;1;;;;
15/06/2015;17:11:00;423;com vítima;113;BR-060/GO;Norte;Colisão Traseira;2;;;;;;;;;;1;3;;;
15/06/2015;23:20:00;557;sem vítima;129;BR-060/GO;Sul;Colisão Traseira;1;;1;;;;;;;;2;;;;
15/06/2015;19:08:00;460;com vítima;656;BR-153/GO;Sul;Capotamento;1;;;;;;;;;;3;1;;;
15/06/2015;13:30:00;309;com vítima;829;BR-262/MG;Leste;Queda de Moto;;;;1;;;;;;;0;;1;1;
15/06/2015;16:49:00;412;com vítima;136;BR-060/GO;Norte;Outros - sequências;1;;;;;;;;;;0;1;;;
16/06/2015;11:14:00;330;com vítima;0,3;BR-060/DF;Sul;Capotamento;1;;;;;;;;;;0;1;;;
16/06/2015;12:04:00;363;sem vítima;498;BR-153/GO;Norte;Choque - Defensa, barreira ou "submarino";1;;;;;;;;;;1;;;;
16/06/2015;14:42:00;442;com vítima;46,7;BR-060/GO;Sul;Engavetamento;2;;1;;;;;;;1;3;3;;;
16/06/2015;08:20:00;155;com vítima;502;BR-153/GO;Sul;Colisão Traseira;2;;;;;;;;;;1;1;;;
16/06/2015;12:02:00;362;com vítima;513;BR-153/GO;Norte;Queda de Moto;;;;1;;;;;;;0;1;;;
16/06/2015;15:46:00;480;sem vítima;109;BR-060/GO;Sul;Saida de Pista;1;;;;;1;;;;;4;;;;
16/06/2015;17:41:00;540;sem vítima;606,9;BR-262/MG;Leste;Saida de Pista;;;1;;;;;;;;2;;;;
16/06/2015;23:06:00;669;sem vítima;621;BR-153/GO;Norte;Colisão Frontal;;;1;;;;;;;;1;;;;
16/06/2015;23:20:00;694;sem vítima;621,1;BR-153/GO;Norte;Colisão Frontal;;;1;;;;;;;;1;;;;
17/06/2015;18:48:00;592;com vítima;1;BR-153/MG;Norte;Colisão Lateral;1;;;1;;;;;;;1;2;;;
17/06/2015;09:18:00;254;sem vítima;362;BR-262/MG;Oeste;Colisão Traseira;2;;;;;;;;;;2;;;;
17/06/2015;14:03:00;421;sem vítima;43;BR-060/GO;Norte;Colisão Traseira;1;;1;;;;;;;;2;;;;
17/06/2015;07:54:00;175;sem vítima;31,7;BR-153/MG;Sul;Colisão Traseira;2;;;;;;;;;;2;;;;
17/06/2015;07:00:00;151;com vítima;32;BR-153/MG;Norte;Tombamento;1;;;;;;;;;;0;;;1;
17/06/2015;03:00:00;68;com vítima;428;BR-262/MG;Leste;Colisão Traseira;;;2;;;;;;;;1;1;;;
17/06/2015;06:56:00;150;com vítima;432;BR-262/MG;Leste;Tombamento;;;1;;;;;;;;0;1;;;
17/06/2015;18:41:00;589;com vítima;438;BR-262/MG;Leste;Outros - sequências;1;;;;;1;;;;;2;;;;1
17/06/2015;18:51:00;594;sem vítima;506,2;BR-153/GO;Norte;Colisão Traseira;1;;;;;1;;;;;2;;;;
17/06/2015;13:32:00;406;sem vítima;95;BR-060/GO;Norte;Colisão Lateral;2;;;;;;;;;;2;;;;
17/06/2015;14:25:00;436;sem vítima;549;BR-262/MG;Leste;Saida de Pista;1;;;;;;;;;;1;;;;
17/06/2015;22:23:00;714;com vítima;138,5;BR-153/MG;Sul;Colisão Traseira;;;2;;;;;;;;3;1;;;
17/06/2015;18:11:00;574;com vítima;15,5;BR-060/DF;Norte;Queda;1;;;1;;;;;;;1;;1;;
17/06/2015;12:11:00;363;com vítima;100;BR-060/GO;Sul;Queda de Moto;;;;1;;;;;;;0;1;;;
17/06/2015;17:21:00;546;sem vítima;100;BR-060/GO;Sul;Colisão Traseira;1;;;;;1;;;;;2;;;;
17/06/2015;16:28:00;514;com vítima;632,8;BR-153/GO;Norte;Capotamento;;;;;;;;;;1;0;;1;;
18/06/2015;20:57:00;627;com vítima;1,8;BR-153/MG;Sul;Queda de Moto;;;;1;;;;;;;1;;;1;
18/06/2015;15:37:00;457;sem vítima;494;BR-153/GO;Sul;Colisão Lateral;;;2;;;;;;;;2;;;;
18/06/2015;11:39:00;336;sem vítima;2,8;BR-153/MG;Sul;Colisão Lateral;2;;;;;;;;;;2;;;;
18/06/2015;14:13:00;402;sem vítima;23;BR-060/GO;Sul;Colisão Lateral;2;;;;;;;;;;2;;;;
18/06/2015;17:39:00;525;sem vítima;383;BR-262/MG;Leste;Saida de Pista;1;;;;;;;;;;1;;;;
18/06/2015;17:39:00;526;sem vítima;383;BR-262/MG;Oeste;;1;;;;;;;;;;1;;;;
18/06/2015;17:31:00;523;sem vítima;504,8;BR-153/GO;Sul;Colisão Traseira;1;;2;;;;;;;;3;;;;
18/06/2015;08:23:00;174;sem vítima;506,7;BR-153/GO;Sul;Choque - Defensa, barreira ou "submarino";1;;;;;;;;;;1;;;;
18/06/2015;15:24:00;449;com vítima;462;BR-262/MG;Oeste;Engavetamento;2;;1;;;;;;;;0;4;;;
18/06/2015;07:03:00;118;sem vítima;509;BR-153/GO;Norte;Colisão Lateral;1;;;;;1;;;;;2;;;;
18/06/2015;07:16:00;123;sem vítima;510;BR-153/GO;Norte;Engavetamento;3;;1;;;;;;;;4;;;;
18/06/2015;15:59:00;473;com vítima;512;BR-153/GO;Sul;Colisão Traseira;1;;;1;;;;;;;1;1;;;
18/06/2015;09:46:00;258;sem vítima;9,5;BR-060/DF;Norte;Capotamento;1;;;;;;;;;;1;;;;
18/06/2015;20:37:00;613;sem vítima;554;BR-262/MG;Leste;Saida de Pista;1;;;;;;;;;;1;;;;
18/06/2015;15:52:00;468;com vítima;578;BR-262/MG;Oeste;Capotamento;1;;;;;;;;;;0;4;1;1;
18/06/2015;16:15:00;482;sem vítima;578;BR-262/MG;Oeste;Tombamento;;;1;;;;;;;;1;;;;
18/06/2015;18:39:00;555;sem vítima;101;BR-060/GO;Sul;Engavetamento;3;;;;;;;;;;3;;;;
18/06/2015;12:42:00;369;com vítima;190;BR-153/MG;Sul;Outros - sequências;1;;2;;;;;;;;1;1;;;1
18/06/2015;08:52:00;212;sem vítima;195;BR-153/MG;Sul;Colisão Traseira;;;2;;;;;;;;2;;;;
19/06/2015;16:01:00;423;sem vítima;4;BR-153/MG;Norte;Colisão Frontal;;;;;1;;;;;1;2;;;;
19/06/2015;13:40:00;342;com vítima;39;BR-060/GO;Norte;Capotamento;2;;;;;;;;;;0;2;;;
19/06/2015;17:04:00;458;com vítima;44,1;BR-153/MG;Sul;Atropelamento - Usuário;1;;;;;;;;;;1;;;;1
19/06/2015;17:08:00;461;sem vítima;47,049;BR-153/MG;Sul;;;;1;;;;;;;;1;;;;
19/06/2015;07:38:00;112;sem vítima;506;BR-153/GO;Norte;Colisão Traseira;2;;;;;;;;;;2;;;;
19/06/2015;10:30:00;243;sem vítima;506;BR-153/GO;Norte;Choque - Suporte de Sinalização;1;;;;;;;;;;1;;;;
19/06/2015;05:01:00;75;com vítima;75;BR-060/GO;Norte;Tombamento;;;1;;;;;;;;1;1;;;
19/06/2015;09:51:00;217;sem vítima;472,5;BR-262/MG;Leste;Colisão Traseira;;;2;;;;;;;;2;;;;
19/06/2015;23:32:00;645;com vítima;515,1;BR-153/GO;Sul;Queda de Moto;;;;1;;;;;;;0;1;;;
19/06/2015;06:19:00;88;com vítima;592;BR-262/MG;Leste;Colisão Transversal;1;;1;;;;;;;;1;1;;;3
19/06/2015;17:36:00;473;com vítima;602;BR-262/MG;Leste;Outros - sequências;;;1;;;1;;;;;1;1;;;
19/06/2015;11:47:00;289;com vítima;632;BR-262/MG;Oeste;Queda de Moto;;;;1;;;;;;;0;;1;1;
19/06/2015;11:58:00;291;sem vítima;633;BR-262/MG;Leste;;;;;1;;;;;;;1;;;;
19/06/2015;16:47:00;450;com vítima;644;BR-262/MG;Leste;Capotamento;1;;;;;;;;;;0;4;;;
19/06/2015;09:13:00;177;sem vítima;116;BR-060/GO;Norte;Colisão Traseira;2;;;;;;;;;;2;;;;
19/06/2015;14:30:00;360;com vítima;732;BR-262/MG;Leste;Choque - Arvore;1;;;;;;;;;;0;2;;;
19/06/2015;11:03:00;262;sem vítima;119;BR-060/GO;Norte;Colisão Lateral;2;;;;;;;;;;2;;;;
19/06/2015;06:37:00;94;sem vítima;821;BR-262/MG;Oeste;Atropelamento - Animal;1;;;;;;;;;;1;;;;
20/06/2015;22:26:00;747;com vítima;1;BR-153/MG;Norte;Colisão Lateral;1;;1;;;;;;;;1;1;;;
20/06/2015;19:04:00;677;sem vítima;21;BR-060/GO;Norte;;1;;;;;;;;;;1;;;;
20/06/2015;15:08:00;515;com vítima;32;BR-060/GO;Norte;Colisão Traseira;1;;;1;;;;;;;1;1;;;
20/06/2015;16:37:00;596;com vítima;438;BR-262/MG;Leste;Atropelamento - Funcionário;1;;;;;;;;;;0;;1;;
20/06/2015;05:11:00;108;com vítima;510;BR-153/GO;Sul;Queda de Moto;;;;1;;;;;;;0;;;1;
20/06/2015;19:28:00;686;sem vítima;93;BR-060/GO;Sul;Colisão Traseira;2;;;;;;;;;;2;;;;
20/06/2015;14:37:00;480;sem vítima;517;BR-153/GO;Sul;Colisão Traseira;1;;1;;;;;;;;2;;;;
20/06/2015;03:17:00;85;com vítima;119;BR-153/MG;Sul;Saida de Pista;1;;;;;;;;;;0;1;;;
20/06/2015;15:45:00;548;com vítima;17;BR-060/DF;Norte;Queda de Moto;;;;1;;;;;;;0;2;;;
20/06/2015;04:30:00;104;sem vítima;590;BR-262/MG;Leste;Saida de Pista;1;;;;;;;;;;1;;;;
20/06/2015;17:57:00;645;com vítima;580;BR-153/GO;Norte;Queda de Ciclista;;;;1;;;;;;;0;;1;;
20/06/2015;02:33:00;56;com vítima;803;BR-262/MG;Oeste;Queda de Moto;;;;1;;;;;;;0;;1;;
20/06/2015;08:07:00;187;com vítima;825;BR-262/MG;Leste;Queda de Moto;;;;1;;;;;;;0;1;;;
20/06/2015;18:00:00;648;sem vítima;673,2;BR-153/GO;Sul;Carreta deu L;;;1;;;;;;;;1;;;;
20/06/2015;18:38:00;667;sem vítima;886;BR-262/MG;Oeste;;1;;;;;;;;;;1;;;;
21/06/2015;01:01:00;50;com vítima;370;BR-262/MG;Leste;Queda de Moto;;;;1;;1;;;;;1;2;;;
21/06/2015;22:58:00;675;sem vítima;438;BR-262/MG;Oeste;Saida de Pista;1;;;;;;;;;;2;;;;
21/06/2015;15:19:00;449;sem vítima;462,7;BR-262/MG;Leste;Outros - sequências;1;;;;1;1;;;;;3;;;;
21/06/2015;07:07:00;167;sem vítima;477,8;BR-262/MG;Leste;Colisão Lateral;2;;;;;;;;;;2;;;;
21/06/2015;16:39:00;492;com vítima;538,2;BR-153/GO;Norte;Queda de Moto;;;;1;;;;;;;0;2;;;
21/06/2015;14:24:00;414;com vítima;689;BR-262/MG;Oeste;Outros - sequências;1;;;;;;;;;;0;3;;;
21/06/2015;07:26:00;171;sem vítima;802,4;BR-262/MG;Leste;Colisão Traseira;2;;;;;;;;;;3;;;;
22/06/2015;07:33:00;131;sem vítima;493;BR-153/GO;Sul;Colisão Lateral;;;2;;;;;;;;2;;;;
22/06/2015;19:12:00;501;com vítima;17;BR-153/MG;Norte;Saida de Pista;;;1;;;;;;;;0;1;;;
22/06/2015;00:34:00;15;com vítima;500;BR-153/GO;Norte;Choque - Defensa, barreira ou "submarino";;;;1;;;;;;;0;;1;;
22/06/2015;07:19:00;126;com vítima;515;BR-153/GO;Norte;Choque - Suporte de Sinalização;;;;1;;1;;;;;1;;;1;
22/06/2015;22:10:00;577;com vítima;563;BR-262/MG;Leste;Saida de Pista;1;;;;;;;;;;0;1;;;
22/06/2015;13:19:00;347;sem vítima;118;BR-060/GO;Sul;Colisão Lateral;1;;1;;;;;;;;2;;;;
22/06/2015;03:57:00;80;sem vítima;776;BR-262/MG;Leste;Capotamento;1;;;;;;;;;;1;;;;
22/06/2015;07:21:00;128;com vítima;810;BR-262/MG;Leste;Colisão Traseira;1;;;1;;;;;;;1;1;;;
23/06/2015;06:15:00;107;sem vítima;490;BR-153/GO;Sul;Colisão Lateral;;1;1;;;;;;;;2;;;;
23/06/2015;14:56:00;369;sem vítima;16;BR-060/GO;Norte;Outros - sequências;2;;;;;;;;;;2;;;;
23/06/2015;18:57:00;482;com vítima;504,5;BR-153/GO;Sul;Queda de Ciclista;;;;1;;;;;;;0;1;;;
23/06/2015;07:48:00;136;sem vítima;506;BR-153/GO;Norte;Colisão Traseira;2;;;;;;;;;;2;;;;
23/06/2015;15:38:00;389;sem vítima;451,5;BR-262/MG;Leste;Colisão Traseira;;;2;;;;;;;;2;;;;
23/06/2015;11:43:00;275;sem vítima;86;BR-060/GO;Sul;Tombamento;;;1;;;1;;;;;2;;;;
23/06/2015;18:07:00;460;sem vítima;510;BR-153/GO;Sul;Colisão Traseira;2;;;;;;;;;;2;;;;
23/06/2015;06:39:00;121;sem vítima;513,5;BR-153/GO;Sul;Colisão Lateral;1;;1;;;;;;;;2;;;;
23/06/2015;07:50:00;137;sem vítima;554;BR-262/MG;Oeste;Saida de Pista;;;1;;;;;;;;1;;;;
23/06/2015;16:53:00;429;com vítima;632;BR-262/MG;Oeste;Colisão Lateral;;;;;1;;;;;1;1;;2;;
23/06/2015;06:16:00;108;sem vítima;650;BR-262/MG;Oeste;Colisão Lateral;;;1;;;1;;;;;2;;;;
23/06/2015;17:32:00;445;com vítima;746;BR-262/MG;Leste;Tombamento;;;1;;;;;;;;0;1;;;
23/06/2015;12:30:00;306;com vítima;119;BR-060/GO;Norte;Colisão Traseira;1;;;1;;;;;;;1;;1;;
23/06/2015;06:32:00;113;com vítima;765;BR-262/MG;Oeste;Colisão Frontal;2;;;;;;;;;;0;1;;1;1
23/06/2015;17:41:00;451;com vítima;133,7;BR-060/GO;Norte;Saida de Pista;1;;;;;1;;;;;1;3;1;;
23/06/2015;12:15:00;292;com vítima;137,7;BR-060/GO;Sul;Atropelamento - Ambulante;;;1;;;;;;;;1;;;;1
24/06/2015;05:53:00;82;com vítima;491,5;BR-153/GO;Norte;Queda de Moto;;;;1;;;;;;;0;1;;;
24/06/2015;19:04:00;513;sem vítima;30,3;BR-060/GO;Sul;Colisão Traseira;;;1;;;1;;;;;2;;;;
24/06/2015;16:29:00;435;sem vítima;51,3;BR-060/GO;Sul;Colisão Traseira;1;;;;;1;;;;;2;;;;
24/06/2015;07:55:00;119;com vítima;506;BR-153/GO;Norte;Colisão Traseira;1;;;1;;;;;;;1;1;;;
24/06/2015;20:52:00;549;com vítima;477;BR-262/MG;Oeste;Outros - sequências;1;;1;;;;;;;;0;2;;;
24/06/2015;21:27:00;565;com vítima;553;BR-262/MG;Leste;Saida de Pista;;;1;;;;;;;;0;2;;;
24/06/2015;10:07:00;210;com vítima;606;BR-153/GO;Norte;Capotamento;1;;;;;;;;;;0;2;;;
24/06/2015;03:25:00;46;com vítima;612,8;BR-153/GO;Sul;Outros - sequências;;;;;;;;;;1;0;;2;1;1
24/06/2015;21:32:00;568;sem vítima;697,7;BR-153/GO;Norte;Colisão Frontal;1;;1;;;;;;;;2;;;;
25/06/2015;14:10:00;403;com vítima;498;BR-153/GO;Sul;Queda de Moto;;;;1;;1;;;;;1;1;;;
25/06/2015;16:11:00;500;sem vítima;389;BR-262/MG;Oeste;Choque - Cancela de Pedagio;;;1;;;;;;;;1;;;;
25/06/2015;18:14:00;568;sem vítima;500;BR-153/GO;Sul;Colisão Lateral;;;1;;;1;;;;;2;;;;
25/06/2015;23:55:00;729;sem vítima;443;BR-262/MG;Leste;Tombamento;;;1;;;;;;;;2;;;;
25/06/2015;10:55:00;270;com vítima;506;BR-153/GO;Sul;Colisão Traseira;1;;;1;;;;;;;1;1;;;
25/06/2015;11:42:00;307;sem vítima;462;BR-262/MG;Leste;Saida de Pista;;;1;;;1;;;;;3;;;;
25/06/2015;18:16:00;569;sem vítima;96,5;BR-060/GO;Norte;Colisão Traseira;2;;;;;;;;;;2;;;;
25/06/2015;17:43:00;553;com vítima;96,8;BR-060/GO;Sul;Colisão Traseira;2;;;1;;;;;;;2;;1;;
25/06/2015;16:45:00;521;com vítima;100;BR-060/GO;Norte;Colisão Traseira;1;;;1;;;;;;;1;1;;;
25/06/2015;03:40:00;74;sem vítima;116,9;BR-060/GO;Sul;Colisão Lateral;;;2;;;;;;;;2;;;;
25/06/2015;20:52:00;643;sem vítima;782;BR-262/MG;Leste;Tombamento;;;1;;;1;;;;;2;;;;
25/06/2015;17:10:00;536;com vítima;876;BR-262/MG;Leste;Colisão Lateral;1;;;1;;;;;;;0;2;;;
25/06/2015;14:58:00;445;com vítima;699;BR-153/GO;Norte;Capotamento;;;;1;;;;;;;1;;1;;
26/06/2015;08:15:00;150;sem vítima;495;BR-153/GO;Sul;Colisão Traseira;2;;;;;;;;;;2;;;;
26/06/2015;15:04:00;380;sem vítima;369;BR-262/MG;Leste;Colisão Traseira;1;;;;;;;;;1;2;;;;
26/06/2015;20:26:00;550;com vítima;395;BR-262/MG;Leste;Queda de Moto;;;;1;;;;;;;0;2;;;
26/06/2015;18:33:00;489;com vítima;506;BR-153/GO;Norte;Queda de Moto;;;;1;;;;;;;0;1;;;
26/06/2015;20:08:00;541;sem vítima;475;BR-262/MG;Leste;Saida de Pista;1;;;;;;;;;;1;;;;
26/06/2015;03:47:00;66;sem vítima;92;BR-060/GO;Sul;Choque - Poste;;;;;;1;;;;1;3;;;;
26/06/2015;11:05:00;253;com vítima;144,6;BR-153/MG;Norte;Colisão Traseira;;;2;;;;;;;;1;1;;;
26/06/2015;17:01:00;438;sem vítima;655;BR-262/MG;Leste;Colisão Traseira;2;;;;;;;;;;2;;;;
26/06/2015;13:34:00;329;sem vítima;694,5;BR-262/MG;Leste;Saida de Pista;1;;;;;;;;;;1;;;;
27/06/2015;00:20:00;11;sem vítima;359;BR-262/MG;Oeste;Atropelamento - Animal;1;;;;;;;;;;1;;;;
27/06/2015;10:38:00;235;sem vítima;493;BR-153/GO;Norte;Engavetamento;1;;;;;2;;;;;3;;;;
27/06/2015;14:12:00;341;sem vítima;493;BR-153/GO;Norte;Colisão Lateral;1;;1;;;;;;;;2;;;;
27/06/2015;08:59:00;168;com vítima;493,3;BR-153/GO;Sul;Colisão Traseira;1;;;1;;;;;;;1;1;;;
27/06/2015;19:04:00;519;com vítima;369;BR-262/MG;Leste;Colisão Lateral;;;1;1;;;;;;;1;1;;;1
27/06/2015;07:55:00;135;com vítima;497;BR-153/GO;Norte;Queda de Moto;;;;1;;1;;;;;1;1;;;
27/06/2015;19:18:00;523;com vítima;3;BR-060/DF;Sul;Colisão Transversal;1;;;1;;;;;;;0;3;;1;
27/06/2015;20:53:00;577;sem vítima;399;BR-262/MG;Leste;Atropelamento - Animal;;;;;;;;;;1;2;;;;
27/06/2015;19:14:00;521;sem vítima;25,4;BR-153/MG;Norte;Atropelamento - Animal;;;1;;;;;;;;1;;;;
27/06/2015;21:13:00;590;com vítima;501;BR-153/GO;Norte;Choque - Defensa, barreira ou "submarino";;;;1;;;;;;;0;1;;;
27/06/2015;14:48:00;363;com vítima;6;BR-060/DF;Sul;Saida de Pista;;;;;;;;;;1;0;4;;;
27/06/2015;20:00:00;548;sem vítima;567;BR-262/MG;Leste;Carreta deu L;;;1;;;;;;;;1;;;;
27/06/2015;08:04:00;138;com vítima;580;BR-153/GO;Norte;Saida de Pista;1;;;;;;;;;;0;1;;;
27/06/2015;18:30:00;510;sem vítima;632;BR-262/MG;Leste;Colisão Lateral;1;;1;;;;;;;;2;;;;
27/06/2015;07:16:00;112;com vítima;655;BR-262/MG;Leste;Colisão Traseira;;;;1;;1;;;;;1;1;;;
27/06/2015;00:07:00;3;sem vítima;628,5;BR-153/GO;Sul;Saida de Pista;;;;;1;;;;;;1;;;;
27/06/2015;07:37:00;125;com vítima;791;BR-262/MG;Oeste;Saida de Pista;1;;;;;;;;;;0;;;1;
27/06/2015;09:58:00;210;sem vítima;800;BR-262/MG;Leste;Tombamento;;;1;;;;;;;;1;;;;
28/06/2015;20:51:00;582;com vítima;2,5;BR-060/DF;Sul;Saida de Pista;1;;;;;;;;;;0;1;;;
28/06/2015;00:29:00;22;com vítima;3;BR-060/DF;Sul;Outros - sequências;2;;;;;;;;;;0;2;;;
28/06/2015;01:13:00;36;com vítima;5;BR-060/DF;Sul;Outros - sequências;1;;;;;1;;;;;1;1;;;
28/06/2015;20:34:00;575;sem vítima;513;BR-153/GO;Sul;Colisão Lateral;1;;;1;;;;;;;2;;;;
28/06/2015;18:57:00;518;sem vítima;148;BR-153/MG;Norte;Colisão Lateral;1;;;;;1;;;;;2;;;;
28/06/2015;16:40:00;455;com vítima;623,3;BR-153/GO;Sul;Saida de Pista;;;;;;;;;;1;0;2;;;
28/06/2015;18:54:00;514;com vítima;802;BR-262/MG;Leste;Atropelamento - Ciclista;;;;;;1;;;;;0;;;1;
28/06/2015;17:29:00;479;com vítima;815;BR-262/MG;Leste;Colisão Lateral;2;;;;;;;;;;6;1;;;
28/06/2015;20:44:00;580;sem vítima;659,7;BR-153/GO;Sul;Atropelamento - Animal;1;;;;;;;;;;1;;;;
28/06/2015;20:08:00;558;com vítima;698;BR-153/GO;Norte;Queda de Moto;;;;1;;;;;;;0;1;;;
29/06/2015;10:14:00;250;sem vítima;26;BR-060/GO;Sul;Colisão Traseira;2;;;;;;;;;;2;;;;
29/06/2015;21:27:00;728;sem vítima;512;BR-262/MG;Leste;Choque - Suporte de Sinalização;;;1;;;;;;;;1;;;;
29/06/2015;22:27:00;753;com vítima;94;BR-060/GO;Norte;Capotamento;1;;;;;;;;;;0;1;;;
29/06/2015;17:31:00;597;com vítima;96,5;BR-060/GO;Sul;Colisão Lateral;1;;;;;;;;;1;1;1;;;
29/06/2015;17:50:00;618;com vítima;96,5;BR-060/GO;Sul;Colisão Transversal;1;;;1;;;;;;;1;1;;;
29/06/2015;21:18:00;723;com vítima;649;BR-262/MG;Leste;Tombamento;;;1;;;;;;;;0;1;;;
29/06/2015;04:18:00;99;com vítima;778;BR-262/MG;Leste;Outros - sequências;1;;;;;;;;;;0;;1;;
29/06/2015;15:45:00;520;sem vítima;804;BR-262/MG;Oeste;Colisão Traseira;2;;;;;;;;;;2;;;;
30/06/2015;17:01:00;493;com vítima;495;BR-153/GO;Norte;Colisão Traseira;1;;;1;;;;;;;1;1;;;
30/06/2015;12:19:00;349;sem vítima;498;BR-153/GO;Sul;Colisão Traseira;2;;;;;;;;;;2;;;;
30/06/2015;06:44:00;129;com vítima;501;BR-153/GO;Norte;Outros - sequências;2;;;1;;;;;;;2;1;;;
30/06/2015;07:57:00;162;com vítima;506;BR-153/GO;Norte;Colisão Traseira;1;;;1;;;;;;;1;2;;;
30/06/2015;11:46:00;329;sem vítima;510;BR-153/GO;Sul;Colisão Traseira;2;;;;;;;;;;2;;;;
30/06/2015;08:45:00;199;com vítima;707;BR-262/MG;Leste;Tombamento;;;1;;;;;;;;0;1;;;
30/06/2015;08:53:00;213;com vítima;620,9;BR-153/GO;Norte;Outros - sequências;1;;1;;;;;;;;0;3;;;
30/06/2015;17:54:00;528;com vítima;801;BR-262/MG;Oeste;Colisão Traseira;1;;;1;;;;;;;0;1;1;;