data;horario;n_da_ocorrencia;tipo_de_ocorrencia;km;trecho;sentido;tipo_de_acidente;automovel;bicicleta;caminhao;moto;onibus;outros;tracao_animal;transporte_de_cargas_especiais;trator_maquinas;utilitarios;ilesos;levemente_feridos;moderadamente_feridos;gravemente_feridos;mortos
04/08/2015;08:20:00;167;sem vítima;510,5;BR-153/GO;Sul;Colisão Traseira;1;;;;;1;;;;;2;;;;
04/08/2015;08:05:00;156;sem vítima;511,2;BR-153/GO;Sul;Colisão Traseira;2;;;;;;;;;;2;;;;
04/08/2015;08:52:00;198;sem vítima;511,2;BR-153/GO;Sul;Colisão Traseira;2;;;;;;;;;;2;;;;
04/08/2015;15:15:00;449;sem vítima;554;BR-262/MG;Oeste;Tombamento;;;1;;;;;;;;1;;;;
04/08/2015;07:39:00;142;sem vítima;556;BR-262/MG;Oeste;Colisão Traseira;;;2;;;;;;;;2;;;;
04/08/2015;11:11:00;309;com vítima;227,9;BR-153/MG;Norte;Colisão Traseira;;;2;;;;;;;;1;;;2;
04/08/2015;09:51:00;243;com vítima;136;BR-060/GO;Sul;Outros - sequências;7;1;4;1;;;;;;3;3;16;1;;
04/08/2015;07:11:00;125;com vítima;136,8;BR-060/GO;Sul;Atropelamento - Usuário;;;;1;;;;;;;1;;1;;
05/08/2015;09:21:00;200;com vítima;496;BR-153/GO;Norte;Queda de Moto;;;;1;;;;;;1;1;;1;;
05/08/2015;14:46:00;423;sem vítima;4,2;BR-060/DF;Sul;Colisão Traseira;2;;;;;;;;;;2;;;;
05/08/2015;06:03:00;101;com vítima;71;BR-060/GO;Sul;Colisão Traseira;1;;2;;;;;;;;0;5;;;
05/08/2015;06:20:00;103;com vítima;510;BR-153/GO;Norte;Queda de Moto;;;;1;;;;;;;0;;1;;
05/08/2015;06:43:00;109;com vítima;512;BR-153/GO;Norte;Queda de Moto;;;;1;;;;;;;1;1;;;
05/08/2015;18:37:00;559;sem vítima;94;BR-060/GO;Norte;Colisão Lateral;1;;1;;;;;;;;2;;;;
05/08/2015;19:55:00;591;com vítima;514,2;BR-153/GO;Norte;Colisão Transversal;1;;;1;;;;;;;1;1;;;
05/08/2015;07:41:00;125;com vítima;186,4;BR-153/MG;Sul;Saida de Pista;1;;;;;;;;;;0;1;;;
05/08/2015;18:46:00;564;com vítima;118,5;BR-060/GO;Sul;Queda de Moto;;;;1;;;;;;;0;1;;;
06/08/2015;13:20:00;344;com vítima;492;BR-153/GO;Sul;Colisão Traseira;1;;;1;;;;;;;1;;;1;
06/08/2015;08:04:00;126;sem vítima;494;BR-153/GO;Sul;Engavetamento;1;;1;;;;;;;1;4;;;;
06/08/2015;18:56:00;560;com vítima;1;BR-060/DF;Sul;Queda de Moto;;;;1;;;;;;;0;1;;;
06/08/2015;19:34:00;576;sem vítima;3;BR-153/MG;Norte;Saida de Pista;1;;;;;;;;;;1;;;;
06/08/2015;08:34:00;152;sem vítima;495;BR-153/GO;Sul;Colisão Traseira;1;;;;;;;;;1;2;;;;
06/08/2015;12:11:00;301;sem vítima;498;BR-153/GO;Sul;Carreta deu L;;;1;;;;;;;;1;;;;
06/08/2015;17:25:00;498;sem vítima;15,8;BR-153/MG;Sul;Saida de Pista;1;;;;;;;;;;1;;;;
06/08/2015;18:16:00;539;sem vítima;499,5;BR-153/GO;Sul;Colisão Lateral;2;;;;;;;;;;2;;;;
06/08/2015;18:08:00;531;sem vítima;407;BR-262/MG;Leste;Carreta deu L;;;1;;;;;;;;1;;;;
06/08/2015;07:05:00;100;com vítima;4;BR-060/DF;Sul;Colisão Lateral;;;1;;;;;;;1;1;1;;;
06/08/2015;08:41:00;158;sem vítima;32,9;BR-153/MG;Sul;Colisão Traseira;1;;;;;;;;;;2;;;;
06/08/2015;09:26:00;188;sem vítima;508;BR-153/GO;Norte;Colisão Traseira;2;;;;;;;;;;2;;;;
06/08/2015;18:59:00;561;com vítima;508;BR-153/GO;Sul;Colisão Lateral;;;;2;;;;;;;0;2;;;
06/08/2015;00:55:00;14;com vítima;510;BR-153/GO;Norte;Colisão Lateral;1;;;1;;;;;;;1;;1;;
06/08/2015;14:41:00;395;sem vítima;92,4;BR-060/GO;Sul;Colisão Lateral;2;;;;;;;;;;2;;;;
06/08/2015;05:42:00;70;sem vítima;531;BR-153/GO;Sul;Saida de Pista;1;;;;;1;;;;;2;;;;
06/08/2015;17:45:00;515;com vítima;543;BR-153/GO;Sul;Outros - sequências;1;;;;;;;;;;0;3;;;
06/08/2015;11:36:00;289;sem vítima;546;BR-153/GO;Sul;Saida de Pista;;;1;;;;;;;;1;;;;
06/08/2015;08:44:00;159;sem vítima;129;BR-060/GO;Norte;Colisão Lateral;;;1;;;;;;;1;2;;;;
06/08/2015;11:28:00;285;sem vítima;697,5;BR-153/GO;Sul;Tombamento;;;1;;;;;;;;1;;;;
07/08/2015;20:47:00;673;com vítima;491;BR-153/GO;Sul;Queda de Moto;;;;1;;1;;;;;1;;1;;
07/08/2015;19:00:00;621;sem vítima;496;BR-153/GO;Sul;Engavetamento;3;;;;;;;;;;3;;;;
07/08/2015;17:57:00;575;sem vítima;498,5;BR-153/GO;Sul;Engavetamento;3;;;;;;;;;;3;;;;
07/08/2015;23:36:00;735;com vítima;388,7;BR-262/MG;Oeste;Tombamento;;;1;;;;;;;;0;;1;;
07/08/2015;20:51:00;675;com vítima;45;BR-060/GO;Norte;Colisão Traseira;1;;1;;;;;;;;0;6;;;
07/08/2015;02:16:00;40;com vítima;431;BR-262/MG;Oeste;Capotamento;1;;;;;;;;;;0;1;;;
07/08/2015;21:39:00;696;com vítima;445,3;BR-262/MG;Oeste;Atropelamento - Usuário;;;;1;;;;;;;0;;;2;1
07/08/2015;18:15:00;588;com vítima;489,55;BR-262/MG;Leste;Capotamento;2;;;;;;;;;;1;1;;;
07/08/2015;11:08:00;320;com vítima;510;BR-153/GO;Norte;Colisão Lateral;1;;;1;;;;;;;0;2;1;;
07/08/2015;00:12:00;5;sem vítima;504;BR-262/MG;Oeste;Saida de Pista;;;1;;;;;;;;1;;;;
07/08/2015;14:34:00;439;com vítima;572;BR-262/MG;Leste;Colisão Lateral;1;;;1;;;;;;;1;1;;;
07/08/2015;15:04:00;461;sem vítima;576;BR-153/GO;Sul;Capotamento;1;;;;;;;;;;1;;;;
07/08/2015;20:31:00;665;com vítima;245,2;BR-153/MG;Sul;Queda de Ciclista;;1;;;;;;;;;0;1;;;
08/08/2015;15:21:00;446;sem vítima;0,1;BR-060/GO;Sul;Saida de Pista;;;;;;;;;;1;1;;;;
08/08/2015;13:45:00;388;com vítima;491,8;BR-153/GO;Sul;Queda de Moto;;;;1;;;;;;;0;1;;;
08/08/2015;12:20:00;350;com vítima;380;BR-262/MG;Oeste;Queda de Moto;;;;1;;;;;;;0;1;1;;
08/08/2015;02:26:00;62;com vítima;399;BR-262/MG;Leste;Outros - sequências;;;;;1;;;;;;0;6;;;2
08/08/2015;06:25:00;130;com vítima;412;BR-262/MG;Leste;Capotamento;1;;;;;;;;;;0;2;;;
08/08/2015;13:59:00;397;com vítima;419;BR-262/MG;Oeste;Capotamento;1;;;;;;;;;;0;1;;;
08/08/2015;14:17:00;408;com vítima;38,5;BR-153/MG;Sul;Saida de Pista;1;;;;;;;;;;0;1;;;
08/08/2015;20:10:00;586;sem vítima;503;BR-153/GO;Sul;Engavetamento;4;;;;;;;;;;4;;;;
08/08/2015;19:47:00;581;sem vítima;449;BR-262/MG;Oeste;Colisão Traseira;1;;1;;;;;;;;2;;;;
08/08/2015;09:29:00;246;com vítima;75,5;BR-060/GO;Sul;Outros - sequências;1;;;;;1;;;;;1;5;;;
08/08/2015;13:20:00;378;com vítima;507;BR-153/GO;Norte;Choque - Poste;1;;;;;;;;;;0;2;;;
08/08/2015;06:26:00;132;sem vítima;514;BR-153/GO;Norte;Colisão Lateral;2;;;;;;;;;;2;;;;
08/08/2015;10:28:00;287;sem vítima;518;BR-153/GO;Norte;Saida de Pista;1;;;;;1;;;;;2;;;;
08/08/2015;19:16:00;564;sem vítima;577;BR-262/MG;Oeste;Colisão Transversal;1;;1;;;;;;;;2;;;;
08/08/2015;15:37:00;451;com vítima;21,3;BR-060/DF;Norte;Outros - sequências;1;;;;;;;;;;0;3;;;
08/08/2015;15:40:00;456;sem vítima;113;BR-060/GO;Norte;Engavetamento;4;;;;;;;;;;4;;;;
08/08/2015;09:29:00;247;com vítima;667;BR-262/MG;Leste;Colisão Traseira;2;;;;;;;;;;0;9;1;;
08/08/2015;10:46:00;297;com vítima;696,6;BR-153/GO;Norte;Outros - sequências;1;;1;;;;;;;;0;4;;;
08/08/2015;15:58:00;473;sem vítima;876;BR-262/MG;Leste;Colisão Transversal;1;;;1;;;;;;;2;;;;
09/08/2015;00:16:00;6;sem vítima;359;BR-262/MG;Oeste;Atropelamento - Animal;1;;;;;;;;;;1;;;;
09/08/2015;21:36:00;573;com vítima;20,2;BR-060/GO;Norte;Outros - sequências;1;;;;;;;;;;0;1;;;
09/08/2015;19:18:00;502;sem vítima;496;BR-153/GO;Norte;Colisão Traseira;2;;;;;;;;;;2;;;;
09/08/2015;03:20:00;75;sem vítima;373;BR-262/MG;Oeste;Saida de Pista;1;;;;;;;;;;1;;;;
09/08/2015;04:02:00;84;com vítima;20;BR-153/MG;Sul;Saida de Pista;;;1;;;;;;;;0;1;;;
09/08/2015;02:49:00;69;sem vítima;38;BR-060/GO;Norte;Saida de Pista;1;;;;;;;;;;2;;;;
09/08/2015;04:41:00;92;com vítima;44;BR-060/GO;Sul;Outros - sequências;1;;;;;;;;;;0;2;;;
09/08/2015;12:06:00;286;sem vítima;57,2;BR-060/GO;Sul;Colisão Traseira;2;;;;;;;;;;2;;;;
09/08/2015;15:57:00;392;com vítima;82;BR-060/GO;Norte;Outros - sequências;1;;;;;;;;;;0;1;;;
09/08/2015;16:21:00;402;com vítima;88;BR-060/GO;Norte;Colisão Lateral;1;;;1;;;;;;;1;;;1;
09/08/2015;15:14:00;369;sem vítima;118;BR-060/GO;Norte;Colisão Lateral;2;;;;;;;;;;2;;;;
09/08/2015;07:01:00;122;com vítima;741;BR-262/MG;Leste;Saida de Pista;;;1;;;;;;;;0;1;;;
09/08/2015;17:41:00;445;sem vítima;123;BR-060/GO;Norte;Outros - sequências;1;;;;;;;;;;1;;;;
09/08/2015;16:58:00;420;sem vítima;813;BR-262/MG;Leste;Saida de Pista;1;;;;;1;;;;;2;;;;
09/08/2015;17:56:00;456;com vítima;131;BR-060/GO;Sul;Queda de Moto;;;;1;;;;;;;0;2;;;
09/08/2015;14:24:00;345;com vítima;685,9;BR-153/GO;Sul;Colisão Traseira;1;;;;;;;;;;1;4;;;
10/08/2015;12:36:00;324;sem vítima;493,2;BR-153/GO;Norte;Colisão Lateral;1;;;;;;;;;;1;;;;
10/08/2015;05:15:00;81;com vítima;494;BR-153/GO;Sul;Choque - Defensa, barreira ou "submarino";1;;;;;;;;;;0;1;;;
10/08/2015;09:45:00;204;sem vítima;494;BR-153/GO;Sul;Colisão Lateral;;;2;;;;;;;;2;;;;
10/08/2015;07:28:00;106;com vítima;369;BR-262/MG;Leste;Capotamento;1;;;;;;;;;;0;1;;;
10/08/2015;06:55:00;95;sem vítima;380,5;BR-262/MG;Leste;Queda de Moto;;;;1;;;;;;;2;;;;
10/08/2015;23:17:00;638;sem vítima;382;BR-262/MG;Oeste;Saida de Pista;1;;;;;1;;;;;2;;;;
10/08/2015;04:46:00;77;sem vítima;398;BR-262/MG;Leste;Carreta deu L;;;1;;;;;;;;1;;;;
10/08/2015;18:05:00;513;com vítima;507,9;BR-153/GO;Sul;Queda de Moto;;;;1;;1;;;;;1;1;;;
10/08/2015;10:17:00;230;sem vítima;477;BR-262/MG;Leste;Saida de Pista;1;;;;;;;;;;1;;;;
10/08/2015;07:06:00;98;com vítima;96;BR-060/GO;Sul;Colisão Traseira;;;1;1;;;;;;;1;1;;;
10/08/2015;10:49:00;260;sem vítima;97;BR-060/GO;Norte;Saida de Pista;;;;;;;;;;1;1;;;;
10/08/2015;12:56:00;329;sem vítima;573;BR-153/GO;Norte;Saida de Pista;1;;;;;;;;;;4;;;;
10/08/2015;07:47:00;116;sem vítima;600,8;BR-262/MG;Leste;Colisão Traseira;2;;;;;;;;;;2;;;;
10/08/2015;19:28:00;554;com vítima;111;BR-060/GO;Norte;Outros - sequências;2;;;;;1;;;;;1;3;1;;
10/08/2015;19:31:00;555;sem vítima;584;BR-153/GO;Norte;Outros - sequências;1;;;;;;;;;;1;;;;
10/08/2015;22:32:00;618;sem vítima;615;BR-262/MG;Leste;Saida de Pista;;;;1;;;;;;;1;;;;
11/08/2015;19:49:00;559;sem vítima;3,3;BR-060/GO;Sul;Saida de Pista;1;;;;;;;;;;1;;;;
11/08/2015;08:39:00;166;sem vítima;364;BR-262/MG;Leste;Colisão Lateral;2;;;;;;;;;;2;;;;
11/08/2015;17:13:00;491;com vítima;3;BR-060/DF;Sul;Queda de Moto;1;;;1;;;;;;;0;4;;;
11/08/2015;16:31:00;464;sem vítima;500,8;BR-153/GO;Norte;Colisão Traseira;2;;;;;1;;;;;3;;;;
11/08/2015;15:44:00;435;com vítima;63;BR-060/GO;Sul;Outros - sequências;1;;;;;;;;;;0;3;;;
11/08/2015;22:12:00;619;sem vítima;456;BR-262/MG;Oeste;Saida de Pista;1;;;;;;;;;;1;;;;
11/08/2015;07:25:00;118;sem vítima;101;BR-060/GO;Sul;Colisão Traseira;2;;;;;;;;;;2;;;;
11/08/2015;09:00:00;181;sem vítima;195;BR-153/MG;Sul;Choque - Defensa, barreira ou "submarino";;;1;;;;;;;;1;;;;
11/08/2015;05:28:00;84;com vítima;677;BR-153/GO;Sul;Colisão Traseira;;;2;;;;;;;;1;1;;;
11/08/2015;07:04:00;108;com vítima;31;BR-060/DF;Sul;Queda de Moto;;;;1;;;;;;;0;;1;;
11/08/2015;10:40:00;259;com vítima;877;BR-262/MG;Leste;Queda de Moto;1;;;1;;;;;;;1;;1;;
12/08/2015;17:22:00;518;sem vítima;1,6;BR-060/DF;Norte;Outros - sequências;2;;;;;;;;;;2;;;;
12/08/2015;22:38:00;683;com vítima;20,5;BR-060/GO;Sul;Outros - sequências;1;;1;;;;;;;;1;;;1;
12/08/2015;18:36:00;565;sem vítima;498,3;BR-153/GO;Sul;Engavetamento;3;;;;;;;;;;3;;;;
12/08/2015;01:14:00;34;sem vítima;383;BR-262/MG;Leste;Saida de Pista;;;1;;;;;;;;1;;;;
12/08/2015;18:41:00;568;sem vítima;506,7;BR-153/GO;Norte;Colisão Traseira;1;;;;;3;;;;;4;;;;
12/08/2015;08:25:00;168;com vítima;553;BR-153/GO;Norte;Atropelamento - Funcionário;;;;;;1;;;;;1;1;;;
12/08/2015;18:08:00;547;sem vítima;594,5;BR-153/GO;Sul;Saida de Pista;;;1;;;;;;;;1;;;;
13/08/2015;23:57:00;626;sem vítima;2;BR-060/DF;Sul;Colisão Traseira;2;;;;;;;;;;3;;;;
13/08/2015;05:50:00;72;com vítima;58;BR-060/GO;Sul;Colisão Traseira;1;;;1;;;;;;;1;1;;;
13/08/2015;16:01:00;410;com vítima;504;BR-153/GO;Sul;Outros - sequências;1;;;1;;;;;;;1;;;2;
13/08/2015;13:02:00;303;com vítima;7;BR-060/DF;Norte;Colisão Traseira;;;2;;;;;;;;1;1;;;
13/08/2015;22:29:00;599;com vítima;492;BR-262/MG;Leste;Saida de Pista;1;;;;;;;;;;0;3;;;
13/08/2015;08:26:00;126;sem vítima;93;BR-060/GO;Norte;Colisão Traseira;2;;;;;;;;;;2;;;;
13/08/2015;14:04:00;340;com vítima;538;BR-262/MG;Oeste;Outros - sequências;1;;;;;;;;;;0;2;1;1;
13/08/2015;23:57:00;627;sem vítima;516;BR-153/GO;Norte;Colisão Traseira;1;;1;;;;;;;;2;;;;
13/08/2015;19:26:00;516;sem vítima;100;BR-060/GO;Sul;Objeto lançado contra veículo;1;;;;;;;;;;1;;;;
13/08/2015;14:17:00;348;com vítima;30;BR-060/DF;Sul;Atropelamento - Morador;;;1;;;;;;;;1;;1;;
13/08/2015;10:34:00;209;com vítima;837;BR-262/MG;Leste;Colisão Lateral;1;;1;;;;;;;;1;1;;;
13/08/2015;13:48:00;326;com vítima;698;BR-153/GO;Norte;Colisão Lateral;;;;2;;;;;;;2;;1;;
13/08/2015;00:23:00;9;com vítima;246,7;BR-153/MG;Norte;Atropelamento - Animal;;;;;;;;;;1;0;3;;;
14/08/2015;07:14:00;81;com vítima;360;BR-262/MG;Leste;Colisão Traseira;1;;;1;;;;;;;1;1;;;
14/08/2015;09:44:00;183;com vítima;496;BR-153/GO;Sul;Colisão Lateral;;;;1;;;;;;1;1;1;;;
14/08/2015;07:08:00;77;com vítima;3;BR-060/DF;Norte;Engavetamento;4;;;;;;;;;;5;2;;;
14/08/2015;07:43:00;95;sem vítima;500;BR-153/GO;Sul;Engavetamento;7;;;;;1;;;;;8;;;;
14/08/2015;00:06:00;2;com vítima;408;BR-262/MG;Leste;Colisão Lateral;1;;1;;;;;;;;0;2;;;
14/08/2015;17:30:00;463;sem vítima;48;BR-060/GO;Sul;Saida de Pista;1;;;;;;;;;;1;;;;
14/08/2015;22:26:00;612;sem vítima;6;BR-060/DF;Sul;Colisão Traseira;1;;;1;;;;;;;2;;;;
14/08/2015;14:07:00;338;com vítima;73,5;BR-153/MG;Norte;Outros - sequências;;;1;;;;;;;;0;1;;;
14/08/2015;21:46:00;598;sem vítima;479;BR-262/MG;Leste;Outros - sequências;2;;;;;;;;;;2;;;;
14/08/2015;10:47:00;235;com vítima;510;BR-153/GO;Norte;Engavetamento;6;;;;;;;;;;4;3;;;
14/08/2015;14:33:00;353;com vítima;94;BR-060/GO;Sul;Queda de Moto;;;;1;;;;;;;0;1;;;
14/08/2015;07:36:00;91;com vítima;514;BR-153/GO;Sul;Colisão Lateral;1;;;1;;;;;;;1;1;;;
14/08/2015;22:22:00;607;sem vítima;17;BR-060/DF;Sul;Saida de Pista;1;;;;;;;;;;1;;;;
14/08/2015;14:11:00;342;sem vítima;640;BR-153/GO;Norte;Carreta deu L;;;1;;;;;;;;1;;;;
14/08/2015;00:20:00;5;sem vítima;658,4;BR-153/GO;Norte;Saida de Pista;1;;;;;1;;;;;2;;;;
14/08/2015;16:25:00;413;sem vítima;134;BR-060/GO;Norte;Colisão Traseira;2;;;;;;;;;;2;;;;
15/08/2015;05:07:00;85;com vítima;490;BR-153/GO;Norte;Queda de Moto;;;;1;;;;;;;0;2;;;
15/08/2015;15:59:00;423;sem vítima;360;BR-262/MG;Leste;Engavetamento;2;;1;;;;;;;;3;;;;
15/08/2015;09:29:00;184;com vítima;34,8;BR-060/GO;Sul;Engavetamento;3;;;;;;;;;;3;2;;;
15/08/2015;16:07:00;428;sem vítima;48;BR-060/GO;Norte;Saida de Pista;;;;;;;;;;1;1;;;;
15/08/2015;00:53:00;14;sem vítima;4,3;BR-060/DF;Sul;Saida de Pista;1;;;;;1;;;;;2;;;;
15/08/2015;01:21:00;25;sem vítima;461,8;BR-262/MG;Oeste;Saida de Pista;1;;;;;;;;;;1;;;;
15/08/2015;08:41:00;154;sem vítima;539,4;BR-262/MG;Leste;Saida de Pista;1;;;;;;;;;;1;;;;
15/08/2015;08:32:00;151;com vítima;515;BR-153/GO;Sul;Colisão Lateral;;1;;;;1;;;;;1;1;;;
15/08/2015;02:57:00;50;com vítima;572;BR-153/GO;Sul;Saida de Pista;;;;1;;;;;;;0;1;;;
15/08/2015;04:11:00;72;sem vítima;596;BR-153/GO;Norte;Capotamento;1;;;;;;;;;;2;;;;
15/08/2015;00:00:00;1;com vítima;121;BR-060/GO;Sul;Saida de Pista;1;;;;;;;;;;0;1;;;
15/08/2015;21:44:00;584;sem vítima;804;BR-262/MG;Oeste;Saida de Pista;1;;;;;;;;;;1;;;;
15/08/2015;22:05:00;589;sem vítima;805;BR-262/MG;Oeste;Colisão Lateral;1;;;1;;;;;;;2;;;;
15/08/2015;14:52:00;378;com vítima;137;BR-060/GO;Sul;Outros - sequências;1;;2;;;;;;;;2;;;1;
16/08/2015;16:54:00;439;com vítima;356;BR-262/MG;Leste;Capotamento;1;;;;;;;;;;0;1;;;
16/08/2015;17:56:00;471;sem vítima;356;BR-262/MG;Leste;Colisão Traseira;1;;;;;;;;;;1;;;;
16/08/2015;18:19:00;481;sem vítima;495;BR-153/GO;Sul;Colisão Traseira;2;;;;;;;;;;2;;;;
16/08/2015;02:36:00;52;com vítima;26;BR-060/GO;Sul;Saida de Pista;1;;;;;;;;;;1;1;;;
16/08/2015;14:40:00;356;sem vítima;382;BR-262/MG;Leste;Saida de Pista;1;;;;;;;;;;1;;;;
16/08/2015;04:15:00;74;sem vítima;398;BR-262/MG;Leste;Saida de Pista;1;;;;;;;;;;1;;;;
16/08/2015;03:22:00;63;com vítima;404;BR-262/MG;Oeste;Saida de Pista;1;;;;;;;;;;0;;1;;
16/08/2015;07:13:00;110;sem vítima;45;BR-060/GO;Norte;Colisão Traseira;1;;;;;1;;;;;2;;;;
16/08/2015;19:11:00;510;com vítima;29;BR-153/MG;Sul;Atropelamento - Animal;1;;;;;;;;;;0;2;;;
16/08/2015;19:23:00;516;com vítima;54;BR-060/GO;Norte;Outros - sequências;1;;;;;;;;;;0;;;1;1
16/08/2015;17:23:00;453;com vítima;433;BR-262/MG;Leste;Capotamento;1;;;;;1;;;;;1;2;;;
16/08/2015;18:28:00;484;com vítima;439;BR-262/MG;Oeste;Queda de Moto;1;;;1;;;;;;;1;1;;1;
16/08/2015;04:08:00;71;sem vítima;66;BR-060/GO;Sul;Saida de Pista;1;;;;;;;;;;1;;;;
16/08/2015;03:59:00;68;sem vítima;443;BR-262/MG;Leste;Saida de Pista;1;;;;;;;;;;1;;;;
16/08/2015;15:08:00;372;com vítima;4,8;BR-060/DF;Sul;Outros - sequências;1;;;;;1;;;;;1;2;;;
16/08/2015;08:12:00;130;sem vítima;506;BR-153/GO;Norte;Colisão Traseira;1;;1;;;;;;;;2;;;;
16/08/2015;18:58:00;503;com vítima;89;BR-060/GO;Norte;Colisão Lateral;2;;;;;;;;;;2;1;;;
16/08/2015;04:49:00;80;com vítima;8,9;BR-060/DF;Sul;Outros - sequências;2;;;;;;;;;;1;1;;2;1
16/08/2015;09:49:00;188;com vítima;539;BR-262/MG;Oeste;Tombamento;;;1;;;;;;;;0;1;;;
16/08/2015;03:04:00;60;sem vítima;97;BR-060/GO;Sul;Colisão Traseira;1;;1;;;;;;;;2;;;;
16/08/2015;17:38:00;458;sem vítima;600,1;BR-153/GO;Sul;Colisão Traseira;1;;1;;;;;;;;2;;;;
16/08/2015;10:00:00;195;com vítima;238;BR-153/MG;Sul;Tombamento;1;;;;;;;;;;0;1;;;
16/08/2015;18:42:00;492;com vítima;687;BR-153/GO;Sul;Colisão Traseira;2;;;;;;;;;;0;5;;;
17/08/2015;19:36:00;549;sem vítima;494;BR-153/GO;Sul;Colisão Traseira;1;;;1;;;;;;;3;;;;
17/08/2015;00:22:00;4;com vítima;3,5;BR-060/DF;Norte;Queda de Moto;;;;1;;;;;;;0;2;;;
17/08/2015;21:24:00;591;com vítima;41;BR-060/GO;Norte;Tombamento;;;1;;;;;;;;0;1;;;
17/08/2015;17:50:00;497;sem vítima;500;BR-153/GO;Sul;Colisão Traseira;2;;;;;;;;;;2;;;;
17/08/2015;18:42:00;528;com vítima;419;BR-262/MG;Oeste;Atropelamento - Animal;;;;1;;1;;;;;1;;;;1
17/08/2015;08:06:00;155;sem vítima;503,4;BR-153/GO;Sul;Colisão Lateral;1;;1;;;;;;;;2;;;;
17/08/2015;00:02:00;1;sem vítima;505;BR-153/GO;Norte;Saida de Pista;1;;;;;;;;;;1;;;;
17/08/2015;15:50:00;426;com vítima;58;BR-153/MG;Norte;Engavetamento;;;2;;;;;;;1;0;4;;;
17/08/2015;10:58:00;263;com vítima;509;BR-153/GO;Norte;Colisão Lateral;;;1;1;;;;;;;1;;2;;
17/08/2015;18:29:00;518;sem vítima;513;BR-262/MG;Leste;Saida de Pista;1;;;;;;;;;;1;;;;
17/08/2015;11:30:00;283;com vítima;529,5;BR-262/MG;Leste;Outros - sequências;1;;;;;;;;;;0;1;1;;
17/08/2015;00:41:00;7;sem vítima;553,5;BR-262/MG;Leste;Saida de Pista;;;1;;;;;;;;1;;;;
17/08/2015;04:15:00;86;sem vítima;813;BR-262/MG;Oeste;Capotamento;1;;;;;;;;;;1;;;;
17/08/2015;13:26:00;337;com vítima;658,4;BR-153/GO;Sul;Outros - sequências;1;;;;;;;;;;0;1;;;
17/08/2015;19:56:00;559;sem vítima;817;BR-262/MG;Leste;Saida de Pista;;;1;;;;;;;;1;;;;
18/08/2015;07:15:00;109;sem vítima;32;BR-060/GO;Norte;Colisão Transversal;1;;;;;1;;;;;2;;;;
18/08/2015;22:41:00;634;com vítima;435;BR-262/MG;Leste;Capotamento;;;;;;;;;;1;0;2;;;
18/08/2015;07:22:00;113;com vítima;441,8;BR-262/MG;Oeste;Outros - sequências;1;;;;;1;;;;;1;1;;;
18/08/2015;16:34:00;460;com vítima;69,6;BR-153/MG;Sul;Tombamento;;;1;;;;;;;;0;1;;;
18/08/2015;21:13:00;609;com vítima;520;BR-262/MG;Leste;Colisão Lateral;1;;1;;;;;;;;1;2;;;
18/08/2015;14:59:00;395;sem vítima;108;BR-060/GO;Sul;Colisão Lateral;1;;1;;;;;;;;2;;;;
18/08/2015;20:51:00;598;com vítima;638;BR-262/MG;Oeste;Choque - Arvore;;;;;;;;;;1;0;2;1;1;
19/08/2015;06:03:00;88;com vítima;361;BR-262/MG;Leste;Saida de Pista;1;;;;;;;;;;0;;;;1
19/08/2015;17:12:00;456;sem vítima;498;BR-153/GO;Norte;Outros - sequências;;;1;;;1;;;;;2;;;;
19/08/2015;02:22:00;43;com vítima;3;BR-060/DF;Sul;Queda de Moto;;;;1;;;;;;;0;1;;;
19/08/2015;13:51:00;344;com vítima;503;BR-153/GO;Norte;Outros - sequências;;;1;1;;;;;;;1;1;;;
19/08/2015;11:22:00;273;com vítima;441;BR-262/MG;Leste;Colisão Traseira;;;;1;;;;;;1;1;2;;;
19/08/2015;08:33:00;164;sem vítima;479,4;BR-262/MG;Leste;Colisão Traseira;1;;;;;;;;;;1;;;;
19/08/2015;00:55:00;18;com vítima;76;BR-153/MG;Norte;Saida de Pista;;;1;;;;;;;;0;1;;;
19/08/2015;15:02:00;382;sem vítima;92,7;BR-060/GO;Sul;Tombamento;;;1;;;;;;;;1;;;;
19/08/2015;20:28:00;539;sem vítima;13;BR-060/DF;Norte;Queda de Moto;;;;1;;;;;;;1;;;;
19/08/2015;20:47:00;545;com vítima;582;BR-262/MG;Leste;Colisão Lateral;1;;1;;;;;;;;1;5;;;
20/08/2015;19:07:00;577;sem vítima;497;BR-153/GO;Sul;Engavetamento;3;;;;;;;;;;3;;;;
20/08/2015;19:40:00;620;sem vítima;497;BR-153/GO;Sul;Colisão Lateral;1;;1;;;;;;;;2;;;;
20/08/2015;17:51:00;532;sem vítima;499;BR-153/GO;Sul;Engavetamento;3;;;;;;;;;;3;;;;
20/08/2015;19:21:00;586;com vítima;51,4;BR-060/GO;Norte;Queda de Moto;;;;1;;;;;;;0;2;;;
20/08/2015;22:09:00;658;sem vítima;504;BR-153/GO;Norte;Colisão Traseira;2;;;;;;;;;;6;;;;
20/08/2015;17:11:00;507;sem vítima;553;BR-262/MG;Leste;Tombamento;;;1;;;;;;;;1;;;;
20/08/2015;14:49:00;404;com vítima;530;BR-153/GO;Norte;Queda de Moto;;;;1;;;;;;;0;;1;;
20/08/2015;16:10:00;467;sem vítima;126;BR-060/GO;Norte;Colisão Lateral;1;;1;;;;;;;;2;;;;
20/08/2015;05:49:00;88;com vítima;666,8;BR-153/GO;Norte;Tombamento;;;1;;;1;;;;;1;1;;;
21/08/2015;09:35:00;229;com vítima;490;BR-153/GO;Norte;Queda de Moto;;;;1;;;;;;;0;1;;;
21/08/2015;15:16:00;441;com vítima;490;BR-153/GO;Norte;Colisão Lateral;;;;1;;1;;;;;1;;1;;