data;horario;n_da_ocorrencia;tipo_de_ocorrencia;km;trecho;sentido;tipo_de_acidente;automovel;bicicleta;caminhao;moto;onibus;outros;tracao_animal;transporte_de_cargas_especiais;trator_maquinas;utilitarios;ilesos;levemente_feridos;moderadamente_feridos;gravemente_feridos;mortos
21/09/2015;07:39:00;125;sem vítima;490;BR-153/GO;Norte;Colisão Lateral;1;;1;;;;;;;;2;;;;
21/09/2015;12:54:00;343;sem vítima;358,6;BR-262/MG;Leste;Saida de Pista;1;;;;;;;;;;1;;;;
21/09/2015;12:52:00;341;sem vítima;359;BR-262/MG;Leste;Saida de Pista;1;;;;;;;;;;1;;;;
21/09/2015;17:24:00;521;com vítima;494;BR-153/GO;Norte;Queda de Moto;;;;1;;;;;;;0;1;;;
21/09/2015;06:55:00;109;sem vítima;12;BR-060/GO;Norte;Colisão Traseira;2;;;;;;;;;;3;;;;
21/09/2015;19:03:00;594;com vítima;372;BR-262/MG;Oeste;Colisão Traseira;;;;1;;1;;;;;2;1;;;
21/09/2015;20:06:00;614;com vítima;414;BR-262/MG;Oeste;Atropelamento - Usuário;;;1;;;1;;;;;1;;;1;
21/09/2015;10:35:00;251;sem vítima;96;BR-060/GO;Norte;Colisão Traseira;2;;;;;;;;;;2;;;;
21/09/2015;03:18:00;58;sem vítima;568;BR-262/MG;Leste;Tombamento;;;1;;;;;;;;1;;;;
21/09/2015;08:36:00;162;com vítima;101;BR-060/GO;Sul;Colisão Transversal;1;;1;;;;;;;;0;2;;;
21/09/2015;02:59:00;52;sem vítima;820;BR-262/MG;Leste;Capotamento;1;;;;;;;;;;1;;;;
21/09/2015;06:36:00;98;sem vítima;838;BR-262/MG;Oeste;Queda de Moto;;;;1;;;;;;;1;;;;
22/09/2015;19:20:00;588;com vítima;498,5;BR-153/GO;Sul;Choque - Defensa, barreira ou "submarino";1;;;;;;;;;;0;1;;;
22/09/2015;11:55:00;292;sem vítima;34;BR-060/GO;Sul;Tombamento;;;1;;;;;;;;1;;;;
22/09/2015;16:53:00;508;com vítima;506;BR-153/GO;Sul;Colisão Lateral;;;;2;;;;;;;0;2;;;
22/09/2015;18:27:00;564;com vítima;93;BR-060/GO;Norte;Colisão Traseira;;;;1;;1;;;;;1;1;;;
22/09/2015;14:00:00;387;sem vítima;94;BR-060/GO;Sul;;;;;1;;;;;;;1;;;;
22/09/2015;07:35:00;90;sem vítima;10;BR-060/DF;Norte;Capotamento;1;;;;;1;;;;;3;;;;
22/09/2015;18:16:00;557;com vítima;520;BR-153/GO;Sul;Colisão Lateral;;;1;1;;;;;;;1;1;;;
22/09/2015;19:21:00;590;sem vítima;562;BR-262/MG;Leste;Saida de Pista;;;1;;;;;;;;3;;;;
22/09/2015;19:03:00;578;sem vítima;107;BR-060/GO;Norte;Colisão Traseira;2;;;;;;;;;;2;;;;
22/09/2015;09:11:00;163;sem vítima;633;BR-153/GO;Sul;Colisão Traseira;1;;1;;;;;;;;2;;;;
22/09/2015;16:22:00;486;sem vítima;30;BR-060/DF;Sul;Saida de Pista;1;;;;;;;;;;1;;;;
23/09/2015;20:55:00;595;sem vítima;496;BR-153/GO;Sul;Outros - sequências;1;;1;;;;;;;;2;;;;
23/09/2015;08:39:00;144;sem vítima;510;BR-153/GO;Norte;Colisão Traseira;3;;;;;;;;;;3;;;;
23/09/2015;22:58:00;635;com vítima;510;BR-153/GO;Norte;Outros - sequências;1;;1;;;;;;;;0;3;;;
23/09/2015;22:21:00;627;sem vítima;92;BR-060/GO;Norte;Saida de Pista;1;;;;;;;;;;1;;;;
23/09/2015;08:38:00;142;com vítima;93;BR-060/GO;Sul;Colisão Traseira;1;;;1;;;;;;;1;1;;;
23/09/2015;08:08:00;123;com vítima;574,6;BR-153/GO;Norte;Capotamento;1;;;;;;;;;;0;1;1;;
23/09/2015;21:57:00;616;sem vítima;599;BR-153/GO;Sul;Outros - sequências;;;2;;;;;;;;2;;;;
23/09/2015;20:35:00;588;com vítima;707;BR-262/MG;Leste;Saida de Pista;1;;;;;;;;;;0;2;;;
24/09/2015;10:46:00;257;com vítima;368,4;BR-262/MG;Leste;Queda de Moto;;;;1;;;;;;;0;1;;;
24/09/2015;12:14:00;313;com vítima;62,2;BR-060/GO;Norte;Saida de Pista;1;;;;;;;;;;0;1;;;
24/09/2015;04:18:00;68;com vítima;507;BR-153/GO;Sul;Queda de Moto;;;;1;;;;;;;0;2;;;
24/09/2015;12:13:00;311;sem vítima;508;BR-153/GO;Sul;Colisão Traseira;;;2;;;;;;;;2;;;;
24/09/2015;13:10:00;346;com vítima;508,8;BR-153/GO;Sul;Colisão Traseira;1;;;1;;;;;;;1;1;;;
24/09/2015;16:48:00;485;sem vítima;570;BR-262/MG;Oeste;Tombamento;;;1;;;;;;;;1;;;;
24/09/2015;13:21:00;349;sem vítima;572;BR-262/MG;Oeste;Colisão Transversal;1;;1;;;;;;;;5;;;;
24/09/2015;11:53:00;302;com vítima;100;BR-060/GO;Norte;Colisão Lateral;1;;;1;;;;;;;0;2;;;
24/09/2015;20:06:00;604;sem vítima;158;BR-153/MG;Norte;Capotamento;1;;;;;;;;;;1;;;;
24/09/2015;20:45:00;620;sem vítima;113;BR-060/GO;Sul;Saida de Pista;;;1;;;;;;;;1;;;;
24/09/2015;15:40:00;443;com vítima;241,9;BR-153/MG;Norte;Colisão Lateral;;;3;;;;;;;;2;;1;;
25/09/2015;13:02:00;377;sem vítima;0;BR-153/MG;Norte;Saida de Pista;1;;;;;;;;;;1;;;;
25/09/2015;13:29:00;390;com vítima;366;BR-262/MG;Oeste;Queda de Moto;;;;1;;;;;;;0;1;1;;
25/09/2015;05:10:00;90;sem vítima;369;BR-262/MG;Oeste;Colisão Traseira;1;;;;1;;;;;;2;;;;
25/09/2015;22:23:00;681;sem vítima;396;BR-262/MG;Leste;Saida de Pista;1;;;;;;;;;;1;;;;
25/09/2015;00:30:00;14;sem vítima;45;BR-153/MG;Norte;Colisão Traseira;;;2;;;;;;;;2;;;;
25/09/2015;19:47:00;612;com vítima;440;BR-262/MG;Leste;Colisão Traseira;1;;;1;;;;;;;1;;;1;
25/09/2015;04:52:00;88;com vítima;476;BR-262/MG;Leste;Saida de Pista;;;1;;;1;;;;;1;1;;;
25/09/2015;16:16:00;489;com vítima;95;BR-060/GO;Sul;Queda de Moto;;;;1;;;;;;;0;1;;;
25/09/2015;18:56:00;592;com vítima;96;BR-060/GO;Sul;Queda de Moto;;;;1;;;;;;;0;2;1;;
25/09/2015;15:25:00;460;com vítima;99;BR-060/GO;Sul;Tombamento;;;1;;;;;;;;0;1;;;
25/09/2015;17:06:00;514;com vítima;104;BR-060/GO;Sul;Saida de Pista;1;;;;;;;;;;0;1;;;
25/09/2015;13:23:00;387;sem vítima;597;BR-153/GO;Norte;Saida de Pista;1;;;;;;;;;;1;;;;
25/09/2015;12:47:00;370;sem vítima;600;BR-153/GO;Norte;Tombamento;;;1;;;;;;;;1;;;;
25/09/2015;17:31:00;535;com vítima;632,7;BR-153/GO;Sul;Queda de Moto;;;;1;;;;;;;0;2;;;
25/09/2015;02:16:00;51;com vítima;656;BR-153/GO;Sul;Saida de Pista;;;1;;;;;;;;0;1;;;
26/09/2015;16:14:00;433;com vítima;364;BR-262/MG;Leste;Capotamento;1;;;;;;;;;;0;;;;1
26/09/2015;13:55:00;326;com vítima;25,6;BR-060/GO;Sul;Queda de Moto;;;;1;;;;;;;0;;;1;
26/09/2015;06:50:00;96;com vítima;378;BR-262/MG;Oeste;Saida de Pista;1;;;;;;;;;;0;3;;;
26/09/2015;17:35:00;488;sem vítima;42;BR-060/GO;Norte;Colisão Traseira;1;;;;;1;;;;;2;;;;
26/09/2015;03:12:00;47;sem vítima;501;BR-153/GO;Norte;Outros - sequências;1;;;;;;;;;;1;;;;
26/09/2015;04:10:00;59;com vítima;504;BR-153/GO;Norte;Queda de Moto;;;;1;;;;;;;0;;1;;
26/09/2015;15:50:00;410;sem vítima;45,9;BR-153/MG;Sul;Saida de Pista;;;;;;;;;;1;4;;;;
26/09/2015;14:50:00;372;com vítima;93;BR-060/GO;Sul;Colisão Traseira;;;1;1;;;;;;;1;1;;;
26/09/2015;05:20:00;72;com vítima;115;BR-153/MG;Sul;Saida de Pista;;;;;;;;;;1;0;1;;;
26/09/2015;12:20:00;270;sem vítima;553;BR-153/GO;Sul;Colisão Traseira;1;;1;;;;;;;;2;;;;
26/09/2015;17:08:00;468;sem vítima;116;BR-060/GO;Sul;Outros - sequências;1;;1;;;;;;;;2;;;;
26/09/2015;18:10:00;513;sem vítima;120;BR-060/GO;Norte;Saida de Pista;1;;;;;;;;;;1;;;;
26/09/2015;02:36:00;40;com vítima;30;BR-060/DF;Norte;Choque - Defensa, barreira ou "submarino";1;;;;;;;;;;0;2;;;
27/09/2015;23:34:00;570;com vítima;1,8;BR-060/GO;Norte;Colisão Lateral;1;;;;;;;;;1;0;5;;;
27/09/2015;15:30:00;343;com vítima;360;BR-262/MG;Leste;Outros - sequências;2;;;;;;;;;;1;1;;;
27/09/2015;20:08:00;505;sem vítima;3;BR-060/DF;Sul;Colisão Lateral;1;;;;;;;;;1;2;;;;
27/09/2015;06:35:00;59;sem vítima;425,5;BR-262/MG;Leste;Saida de Pista;1;;;;;;;;;;1;;;;
27/09/2015;07:22:00;71;com vítima;47;BR-153/MG;Norte;Saida de Pista;1;;;;;;;;;;0;3;;;
27/09/2015;13:47:00;280;com vítima;462;BR-262/MG;Oeste;Colisão Lateral;2;;;;;;;;;;4;2;;;
27/09/2015;23:09:00;564;sem vítima;523;BR-262/MG;Leste;Colisão Transversal;;;1;;;;;;;1;2;;;;
27/09/2015;17:22:00;406;com vítima;586;BR-262/MG;Oeste;Capotamento;1;;;;;;;;;;0;2;;;
27/09/2015;17:22:00;418;sem vítima;586;BR-262/MG;Oeste;Saida de Pista;;;;;;;;;;1;1;;;;
27/09/2015;03:19:00;38;sem vítima;101;BR-060/GO;Sul;Saida de Pista;1;;;;;;;;;;1;;;;
27/09/2015;19:20:00;484;sem vítima;104;BR-060/GO;Sul;Colisão Traseira;2;;;;;;;;;;2;;;;
27/09/2015;10:17:00;167;com vítima;166;BR-153/MG;Norte;Saida de Pista;1;;;;;;;;;;0;2;;;
27/09/2015;16:17:00;368;com vítima;589,9;BR-262/MG;Oeste;Carreta deu L;;;1;;;;;;;;2;1;;;
27/09/2015;16:07:00;365;sem vítima;591;BR-262/MG;Oeste;Saida de Pista;1;;;;;;;;;;1;;;;
27/09/2015;23:10:00;565;com vítima;801;BR-262/MG;Oeste;Queda de Moto;1;;;1;;;;;;;1;;1;;
27/09/2015;22:12:00;546;com vítima;833;BR-262/MG;Leste;Queda de Moto;;;;1;;;;;;;0;;1;;
28/09/2015;00:03:00;700;com vítima;29;BR-060/GO;Sul;Colisão Traseira;;;2;;;;;;;;1;;1;;
28/09/2015;06:50:00;91;sem vítima;38;BR-153/MG;Norte;Saida de Pista;1;;;;;;;;;;1;;;;
28/09/2015;16:57:00;517;com vítima;460;BR-262/MG;Leste;Capotamento;1;;;;;1;;;;;1;1;;;
28/09/2015;08:57:00;170;sem vítima;584;BR-262/MG;Leste;Saida de Pista;1;;;;;;;;;;1;;;;
28/09/2015;09:13:00;184;com vítima;584;BR-262/MG;Leste;Saida de Pista;1;;;;;;;;;;0;1;;;
28/09/2015;15:57:00;473;com vítima;564;BR-153/GO;Norte;Outros - sequências;1;;;;;;;;;;0;1;;;
28/09/2015;12:16:00;314;sem vítima;652;BR-262/MG;Leste;Capotamento;1;;;;;;;;;;1;;;;
28/09/2015;07:29:00;112;com vítima;630;BR-153/GO;Norte;Capotamento;;;;;1;;;;;;0;;;4;
28/09/2015;12:22:00;320;sem vítima;800,5;BR-262/MG;Leste;Colisão Traseira;2;;;;;;;;;;2;;;;
28/09/2015;19:50:00;598;sem vítima;135;BR-060/GO;Sul;Outros - sequências;;;1;;;;;;;;1;;;;
29/09/2015;13:35:00;330;sem vítima;359;BR-262/MG;Leste;Saida de Pista;1;;;;;;;;;;1;;;;
29/09/2015;20:08:00;503;sem vítima;362;BR-262/MG;Oeste;Atropelamento - Animal;;;1;;;;;;;;1;;;;
29/09/2015;08:19:00;135;sem vítima;500;BR-153/GO;Norte;Colisão Lateral;1;;;;1;;;;;;2;;;;
29/09/2015;04:43:00;50;com vítima;45;BR-060/GO;Norte;Saida de Pista;1;;;;;;;;;;0;1;;;
29/09/2015;23:43:00;578;sem vítima;46,5;BR-060/GO;Norte;Carreta deu L;;;1;;;;;;;;1;;;;
29/09/2015;14:22:00;354;com vítima;504;BR-153/GO;Norte;Queda de Moto;;;;1;;;;;;;0;1;;;
29/09/2015;19:47:00;496;sem vítima;60;BR-060/GO;Norte;Atropelamento - Animal;1;;;;;;;;;;1;;;;
29/09/2015;14:20:00;352;sem vítima;441;BR-262/MG;Leste;Colisão Traseira;2;;;;;;;;;;2;;;;
29/09/2015;18:27:00;459;com vítima;505;BR-153/GO;Norte;Colisão Lateral;1;;;1;;;;;;;1;1;;;
29/09/2015;15:31:00;377;com vítima;93;BR-060/GO;Norte;Outros - sequências;2;;;;;;;;;;1;2;;;
29/09/2015;05:43:00;67;sem vítima;94;BR-060/GO;Norte;Saida de Pista;;;;;;;;;;1;1;;;;
29/09/2015;15:30:00;376;com vítima;516,6;BR-153/GO;Norte;Saida de Pista;1;;;;;;;;;;1;;1;;
29/09/2015;01:15:00;20;com vítima;23,4;BR-060/DF;Norte;Outros - sequências;1;;;;;;;;;;0;1;;;
29/09/2015;17:57:00;448;sem vítima;588,4;BR-153/GO;Norte;Outros - sequências;1;;;;;;;;;;1;;;;
29/09/2015;01:47:00;23;com vítima;116;BR-060/GO;Sul;Saida de Pista;;;1;;;;;;;;0;1;;;
29/09/2015;04:50:00;51;com vítima;785;BR-262/MG;Oeste;Capotamento;;;1;;;;;;;;0;1;;;
30/09/2015;13:37:00;363;com vítima;356;BR-262/MG;Leste;Capotamento;1;;;;;;;;;;0;;;1;
30/09/2015;21:39:00;590;sem vítima;367;BR-262/MG;Leste;Colisão Lateral;1;;;;;;;;;;1;;;;
30/09/2015;08:10:00;158;sem vítima;501;BR-153/GO;Norte;Colisão Traseira;2;;;;;1;;;;;3;;;;
30/09/2015;13:07:00;349;sem vítima;501;BR-153/GO;Norte;Colisão Traseira;;;2;;;;;;;;2;;;;
30/09/2015;18:36:00;521;sem vítima;508;BR-153/GO;Norte;Engavetamento;1;;;;;;;;;2;3;;;;
30/09/2015;18:52:00;531;sem vítima;509;BR-262/MG;Leste;Saida de Pista;;;1;;;;;;;;1;;;;
30/09/2015;07:47:00;128;sem vítima;511,3;BR-153/GO;Sul;Colisão Traseira;1;;;;;1;;;;;2;;;;
30/09/2015;19:43:00;553;com vítima;533;BR-153/GO;Sul;Atropelamento - Morador;;;;;;1;;;;;1;;;;1
30/09/2015;14:42:00;388;sem vítima;99;BR-060/GO;Sul;Colisão Lateral;1;;1;;;;;;;;2;;;;
30/09/2015;19:49:00;554;sem vítima;747;BR-262/MG;Oeste;Atropelamento - Animal;1;;;;;;;;;;1;;;;
30/09/2015;15:43:00;428;sem vítima;121,2;BR-060/GO;Sul;Saida de Pista;;;1;;;;;;;;1;;;;
30/09/2015;00:13:00;4;com vítima;658,5;BR-153/GO;Sul;Saida de Pista;;;1;;;;;;;;0;1;;;
01/10/2015;18:53:00;546;com vítima;501;BR-153/GO;Sul;Atropelamento - Usuário;1;;;;;;;;;;1;;;1;
01/10/2015;07:35:00;95;sem vítima;507;BR-153/GO;Norte;Engavetamento;3;;;;;;;;;;3;;;;
01/10/2015;17:17:00;478;com vítima;58;BR-153/MG;Sul;Colisão Traseira;;;2;;;;;;;;0;3;;;
01/10/2015;14:11:00;344;com vítima;509,2;BR-153/GO;Sul;Queda de Moto;;;;1;;;;;;;0;1;;;
01/10/2015;22:40:00;631;com vítima;544;BR-262/MG;Oeste;Queda de Moto;;;;1;;;;;;;0;;1;;
01/10/2015;08:43:00;148;com vítima;111,8;BR-153/MG;Sul;Colisão Transversal;;;2;;;;;;;;1;1;;;
01/10/2015;08:05:00;109;com vítima;95;BR-060/GO;Norte;Colisão Traseira;;;1;1;;;;;;;1;;;;1
01/10/2015;11:42:00;261;sem vítima;95;BR-060/GO;Norte;Colisão Traseira;;;1;;;1;;;;;2;;;;
01/10/2015;07:14:00;85;sem vítima;127,9;BR-153/MG;Sul;Colisão Traseira;;;2;;;;;;;;2;;;;
01/10/2015;16:37:00;448;sem vítima;104;BR-060/GO;Sul;Capotamento;1;;;;;;;;;;1;;;;
01/10/2015;02:59:00;24;com vítima;623;BR-262/MG;Leste;Saida de Pista;;;1;;;;;;;;0;1;;;
01/10/2015;15:29:00;401;com vítima;239,5;BR-153/MG;Sul;Outros - sequências;1;;;;;;;;;;1;1;;;
01/10/2015;12:35:00;296;sem vítima;833;BR-262/MG;Oeste;Saida de Pista;1;;;;;;;;;;1;;;;
01/10/2015;13:40:00;328;sem vítima;31,3;BR-060/DF;Norte;Colisão Traseira;1;;1;;;;;;;;2;;;;
01/10/2015;20:09:00;575;com vítima;138;BR-060/GO;Sul;Queda de Moto;;;;1;;;;;;;0;1;1;;
02/10/2015;17:24:00;518;sem vítima;360;BR-262/MG;Oeste;Tombamento;;;1;;;;;;;;1;;;;
02/10/2015;21:24:00;649;com vítima;362;BR-262/MG;Leste;Atropelamento - Animal;1;;;;;;;;;;0;1;;;
02/10/2015;23:15:00;695;sem vítima;382;BR-262/MG;Oeste;Choque - Defensa, barreira ou "submarino";1;;;;;;;;;;1;;;;
02/10/2015;07:04:00;80;sem vítima;503,3;BR-153/GO;Norte;Colisão Lateral;1;;1;;;;;;;;2;;;;
02/10/2015;18:23:00;564;com vítima;507,7;BR-153/GO;Sul;Colisão Traseira;1;;;1;;;;;;;1;2;;;
02/10/2015;18:49:00;575;sem vítima;508;BR-153/GO;Norte;Colisão Traseira;1;;;;;2;;;;;3;;;;
02/10/2015;21:54:00;660;sem vítima;479;BR-262/MG;Oeste;Colisão Traseira;1;;1;;;;;;;;2;;;;
02/10/2015;19:59:00;611;sem vítima;165,2;BR-153/MG;Sul;Tombamento;;;1;;;;;;;;1;;;;
02/10/2015;17:27:00;522;com vítima;602;BR-153/GO;Norte;Capotamento;1;;;;;;;;;;0;1;;;
02/10/2015;20:16:00;621;com vítima;708;BR-262/MG;Leste;Colisão Lateral;;;;1;;1;;;;;1;;;1;
02/10/2015;04:34:00;49;com vítima;739;BR-262/MG;Leste;Colisão Traseira;1;;;;;1;;;;;1;1;;;
03/10/2015;20:09:00;579;sem vítima;4,5;BR-060/GO;Sul;Saida de Pista;1;;;;;;;;;;1;;;;
03/10/2015;16:33:00;458;sem vítima;16;BR-060/GO;Sul;Colisão Traseira;1;;;;;1;;;;;2;;;;
03/10/2015;15:55:00;437;sem vítima;4;BR-060/DF;Norte;Engavetamento;4;;;;;;;;;;4;;;;
03/10/2015;20:31:00;587;com vítima;444;BR-262/MG;Oeste;Saida de Pista;1;;;;;;;;;;0;5;;;
03/10/2015;11:45:00;295;sem vítima;506;BR-153/GO;Sul;Queda de Moto;;;;1;;;;;;;2;;;;
03/10/2015;05:07:00;74;com vítima;91;BR-060/GO;Sul;Choque - Defensa, barreira ou "submarino";1;;;;;;;;;;0;1;;;
03/10/2015;17:54:00;511;com vítima;513;BR-153/GO;Norte;Tombamento;;;1;;;;;;;;1;2;;;
03/10/2015;09:47:00;221;com vítima;94;BR-060/GO;Sul;Colisão Traseira;1;;;1;;;;;;;0;2;;;
03/10/2015;20:20:00;584;sem vítima;27;BR-060/DF;Sul;Objeto lançado contra veículo;1;;;;;;;;;1;2;;;;
03/10/2015;17:42:00;504;com vítima;649;BR-262/MG;Leste;Capotamento;1;;;;;;;;;;0;1;1;;
03/10/2015;15:46:00;428;sem vítima;29,9;BR-060/DF;Norte;Colisão Traseira;1;;;;;;;;;1;2;;;;
04/10/2015;15:32:00;343;com vítima;9;BR-060/GO;Sul;Outros - sequências;;;1;;;;;;;1;1;4;;;
04/10/2015;04:03:00;80;sem vítima;364;BR-262/MG;Oeste;Saida de Pista;1;;;;;;;;;;1;;;;
04/10/2015;09:57:00;189;sem vítima;18,5;BR-060/GO;Sul;Queda de Moto;;;;1;;;;;;;1;;;;
04/10/2015;19:48:00;481;com vítima;31,8;BR-060/GO;Sul;Colisão Lateral;1;;;;;1;;;;;1;1;;;
04/10/2015;22:45:00;535;com vítima;32;BR-060/GO;Norte;Atropelamento - Morador;1;;;;;;;;;;0;1;1;;
04/10/2015;20:54:00;502;sem vítima;430;BR-262/MG;Leste;Colisão Transversal;1;;;;;1;;;;;2;;;;
04/10/2015;03:10:00;70;com vítima;504;BR-153/GO;Sul;Colisão Lateral;2;;;;;;;;;;1;1;;;
04/10/2015;00:08:00;7;sem vítima;442;BR-262/MG;Oeste;Colisão Lateral;1;;;;;1;;;;;2;;;;
04/10/2015;09:36:00;180;com vítima;94;BR-060/GO;Sul;Colisão Frontal;1;1;;;;;;;;;1;;;1;
04/10/2015;17:05:00;395;com vítima;594;BR-262/MG;Leste;Saida de Pista;;;1;;;;;;;;0;1;;;
04/10/2015;10:21:00;205;com vítima;112;BR-060/GO;Sul;Saida de Pista;1;;;;;;;;;;0;1;;;
04/10/2015;19:15:00;475;com vítima;112;BR-060/GO;Sul;Queda de Ciclista;;;;1;;;;;;;0;2;;;
05/10/2015;12:42:00;318;sem vítima;493;BR-153/GO;Sul;Colisão Traseira;2;;;;;;;;;;2;;;;
05/10/2015;21:36:00;597;com vítima;497;BR-153/GO;Norte;Colisão Traseira;1;;;1;;;;;;;1;1;;;
05/10/2015;22:45:00;616;com vítima;501;BR-153/GO;Sul;Queda de Moto;;;;1;;;;;;;0;1;;;
05/10/2015;12:03:00;292;sem vítima;502;BR-153/GO;Norte;Colisão Traseira;;;1;;;;;;;1;2;;;;
05/10/2015;07:44:00;91;sem vítima;502,8;BR-153/GO;Norte;Engavetamento;3;;;;;1;;;;1;5;;;;
05/10/2015;10:13:00;216;sem vítima;84;BR-060/GO;Sul;Capotamento;1;;;;;;;;;;1;;;;
05/10/2015;21:19:00;590;com vítima;479;BR-262/MG;Leste;Outros - sequências;1;;;;;;;;;1;0;2;;;
05/10/2015;10:58:00;254;sem vítima;648;BR-262/MG;Oeste;Colisão Traseira;;;2;;;;;;;;2;;;;
06/10/2015;08:37:00;132;sem vítima;490;BR-153/GO;Norte;Colisão Traseira;2;;;;;;;;;;2;;;;
06/10/2015;18:19:00;505;com vítima;501,5;BR-153/GO;Norte;Atropelamento - Usuário;;;;1;;;;;;;1;;2;;
06/10/2015;05:57:00;61;sem vítima;63,5;BR-060/GO;Norte;Saida de Pista;1;;;;;;;;;;1;;;;
06/10/2015;16:53:00;454;com vítima;506;BR-153/GO;Sul;Queda de Moto;;;;1;;1;;;;;1;1;;;
06/10/2015;00:47:00;11;com vítima;84;BR-060/GO;Sul;Colisão Traseira;2;;;;;;;;;;0;3;;;
06/10/2015;12:32:00;295;com vítima;597,7;BR-153/GO;Sul;Saida de Pista;1;;;;;;;;;;0;;;1;
06/10/2015;22:31:00;616;sem vítima;708;BR-262/MG;Leste;Saida de Pista;1;;;;;;;;;;1;;;;
06/10/2015;04:18:00;48;sem vítima;129;BR-060/GO;Sul;Outros - sequências;1;;;;;;;;;;1;;;;
06/10/2015;16:02:00;425;com vítima;899;BR-262/MG;Leste;Queda de Ciclista;;;;1;;;;;;;0;2;;;
07/10/2015;20:28:00;619;com vítima;361,5;BR-262/MG;Oeste;Colisão Traseira;1;;;;;1;;;;;1;1;;;
07/10/2015;18:45:00;570;com vítima;362;BR-262/MG;Leste;Queda de Ciclista;;;;1;;;;;;;0;2;;;
07/10/2015;09:23:00;207;sem vítima;372;BR-262/MG;Leste;Capotamento;1;;;;;1;;;;;2;;;;
07/10/2015;16:23:00;478;sem vítima;27,8;BR-060/GO;Sul;Carreta deu L;;;1;;;;;;;;1;;;;
07/10/2015;19:06:00;585;com vítima;388;BR-262/MG;Leste;Capotamento;1;;;;;;;;;;0;1;;;
07/10/2015;04:01:00;61;com vítima;27;BR-153/MG;Norte;Colisão Traseira;1;;2;;;;;;;;1;2;;;
07/10/2015;14:08:00;381;com vítima;502,8;BR-153/GO;Sul;Colisão Lateral;;;1;1;;;;;;;1;1;;;
07/10/2015;22:48:00;674;sem vítima;507;BR-153/GO;Sul;Queda de Moto;;;;1;;;;;;;2;;;;
07/10/2015;11:55:00;296;com vítima;471,9;BR-262/MG;Oeste;Queda de Moto;;;;1;;;;;;;0;1;;;
07/10/2015;17:30:00;516;sem vítima;509;BR-153/GO;Norte;Colisão Traseira;2;;;;;1;;;;;3;;;;
07/10/2015;05:54:00;85;sem vítima;565;BR-262/MG;Leste;Saida de Pista;1;;;;;;;;;;4;;;;
07/10/2015;20:55:00;627;sem vítima;548;BR-153/GO;Norte;Atropelamento - Animal;1;;;;;;;;;;1;;;;
07/10/2015;08:37:00;174;sem vítima;558;BR-153/GO;Norte;Saida de Pista;1;;;;;;;;;;1;;;;
07/10/2015;17:40:00;525;sem vítima;167,5;BR-153/MG;Sul;Saida de Pista;1;;;;;;;;;;1;;;;
07/10/2015;07:27:00;120;sem vítima;584;BR-153/GO;Sul;Tombamento;;;1;;;;;;;;1;;;;
07/10/2015;17:31:00;518;com vítima;197;BR-153/MG;Sul;Colisão Transversal;1;;1;;;;;;;;2;1;;;
07/10/2015;13:24:00;350;sem vítima;230;BR-153/MG;Norte;Saida de Pista;;;1;;;;;;;;1;;;;
07/10/2015;05:27:00;78;sem vítima;660;BR-153/GO;Sul;Choque - Poste;;;1;;;;;;;;1;;;;
08/10/2015;07:52:00;125;com vítima;5,1;BR-060/GO;Norte;Capotamento;1;;;;;;;;;;0;1;1;;3
08/10/2015;07:45:00;121;com vítima;363,6;BR-262/MG;Oeste;Colisão Traseira;;;;1;;1;;;;;1;1;;;
08/10/2015;16:22:00;469;sem vítima;19;BR-060/GO;Norte;Tombamento;;;1;;;;;;;;1;;;;
08/10/2015;10:34:00;224;com vítima;368;BR-262/MG;Leste;Tombamento;1;;;;;;;;;;0;1;;;
08/10/2015;21:10:00;643;com vítima;496;BR-153/GO;Sul;Colisão Lateral;;;;2;;;;;;1;1;4;;;
08/10/2015;16:34:00;478;com vítima;25,8;BR-060/GO;Sul;Outros - sequências;1;;;;;;;;;;0;1;;;
08/10/2015;12:55:00;322;com vítima;499;BR-153/GO;Sul;Colisão Lateral;1;;;1;;;;;;;1;1;;;
08/10/2015;15:36:00;443;sem vítima;48;BR-060/GO;Sul;Colisão Traseira;;;2;;;;;;;;2;;;;
08/10/2015;07:11:00;102;sem vítima;53;BR-060/GO;Norte;Saida de Pista;1;;;;;;;;;;1;;;;
08/10/2015;09:00:00;157;com vítima;504;BR-153/GO;Norte;Choque - Defensa, barreira ou "submarino";;;;1;;;;;;;0;1;;;
08/10/2015;19:05:00;584;com vítima;580;BR-262/MG;Oeste;Saida de Pista;1;;;;;;;;;;0;1;;;
08/10/2015;19:47:00;607;com vítima;147,1;BR-153/MG;Sul;Saida de Pista;;;2;;;1;;;;;2;1;;;
08/10/2015;20:45:00;12;sem vítima;557;BR-153/GO;Norte;Colisão Traseira;;;2;;;;;;;;2;;;;
08/10/2015;11:00:00;245;sem vítima;107;BR-060/GO;Norte;Colisão Lateral;;;2;;;;;;;;2;;;;
08/10/2015;10:14:00;206;com vítima;127;BR-060/GO;Norte;Saida de Pista;1;;;;;1;;;;;1;1;;;
08/10/2015;21:08:00;641;sem vítima;133;BR-060/GO;Norte;Atropelamento - Animal;1;;;;;1;;;;;2;;;;
08/10/2015;21:10:00;646;sem vítima;133;BR-060/GO;Norte;Atropelamento - Animal;1;;;;;;;;;;1;;;;
09/10/2015;07:30:00;108;com vítima;362;BR-262/MG;Leste;Capotamento;1;;;;;;;;;;0;;1;;
09/10/2015;14:12:00;405;com vítima;362;BR-262/MG;Leste;Saida de Pista;;;1;;;;;;;;0;1;;;