data;horario;n_da_ocorrencia;tipo_de_ocorrencia;km;trecho;sentido;tipo_de_acidente;automovel;bicicleta;caminhao;moto;onibus;outros;tracao_animal;transporte_de_cargas_especiais;trator_maquinas;utilitarios;ilesos;levemente_feridos;moderadamente_feridos;gravemente_feridos;mortos
24/10/2015;07:42:00;121;com vítima;245,7;BR-153/MG;Sul;Capotamento;1;;;;;;;;;;0;1;;;
25/10/2015;16:19:00;403;sem vítima;50,2;BR-060/GO;Norte;Saida de Pista;1;;;;;;;;;;1;;;;
25/10/2015;15:55:00;392;com vítima;38;BR-153/MG;Sul;Saida de Pista;1;;;;;;;;;;0;5;;;
25/10/2015;17:04:00;434;com vítima;430;BR-262/MG;Leste;Queda de Ciclista;;;;1;;1;;;;;1;2;;;
25/10/2015;06:41:00;109;com vítima;433;BR-262/MG;Leste;Saida de Pista;1;;;;;;;;;;1;1;;;
25/10/2015;08:58:00;157;com vítima;61;BR-060/GO;Norte;Colisão Lateral;1;;;1;;;;;;;1;2;;;
25/10/2015;05:30:00;97;sem vítima;505,3;BR-153/GO;Norte;Choque - Defensa, barreira ou "submarino";;;;;;;;;;1;1;;;;
25/10/2015;19:25:00;497;com vítima;96;BR-060/GO;Sul;Colisão Lateral;1;;;1;;;;;;;1;1;;;
25/10/2015;17:15:00;442;com vítima;563,8;BR-153/GO;Norte;Outros - sequências;1;;;;;;;;;;0;2;;1;
25/10/2015;17:45:00;455;com vítima;583;BR-153/GO;Norte;Saida de Pista;1;;;;;;;;;;0;1;;;
25/10/2015;17:07:00;436;com vítima;668,5;BR-262/MG;Oeste;Saida de Pista;1;;;;;1;;;;;1;1;;;
25/10/2015;18:06:00;466;com vítima;605;BR-153/GO;Norte;Saida de Pista;;;1;;;;;;;;0;1;1;;
25/10/2015;15:38:00;383;com vítima;126;BR-060/GO;Norte;Queda de Moto;;;;1;;;;;;;0;2;;;
25/10/2015;18:49:00;487;com vítima;800;BR-262/MG;Oeste;Saida de Pista;;;;1;;1;;;;;2;;1;;
25/10/2015;05:55:00;102;sem vítima;693;BR-153/GO;Norte;Saida de Pista;1;;;;;;;;;;1;;;;
25/10/2015;02:32:00;72;sem vítima;138;BR-060/GO;Norte;Saida de Pista;1;;;;;;;;;;1;;;;
26/10/2015;18:14:00;541;com vítima;493;BR-153/GO;Sul;Queda de Moto;1;;;1;;;;;;;1;1;;;
26/10/2015;21:43:00;650;sem vítima;493;BR-153/GO;Norte;Capotamento;1;;;;;;;;;;1;;;;
26/10/2015;07:24:00;111;com vítima;360;BR-262/MG;Leste;Saida de Pista;1;;;;;;;;;;0;3;;;
26/10/2015;08:19:00;151;com vítima;497;BR-153/GO;Norte;Colisão Traseira;2;;;;;;;;;;1;1;;;
26/10/2015;14:54:00;381;com vítima;417;BR-262/MG;Leste;Capotamento;1;;;;;;;;;;0;1;1;;
26/10/2015;15:07:00;388;com vítima;34,2;BR-153/MG;Sul;Queda de Moto;;;;1;;;;;;;0;1;;;
26/10/2015;00:26:00;11;sem vítima;441,5;BR-262/MG;Leste;Saida de Pista;1;;;;;;;;;;2;;;;
26/10/2015;17:54:00;510;sem vítima;508;BR-153/GO;Norte;Engavetamento;5;;;;;;;;;;5;;;;
26/10/2015;16:45:00;474;com vítima;508,5;BR-153/GO;Sul;Queda de Moto;;;;1;;;;;;;0;2;;;
26/10/2015;08:28:00;156;sem vítima;509;BR-153/GO;Norte;Colisão Traseira;2;;;;;;;;;;2;;;;
26/10/2015;20:41:00;610;com vítima;491;BR-262/MG;Oeste;Tombamento;;;1;;;;;;;;0;1;;;
26/10/2015;20:46:00;616;com vítima;529;BR-262/MG;Oeste;Outros - sequências;1;;;;;;;;;;0;1;;;
26/10/2015;18:54:00;568;com vítima;536;BR-262/MG;Leste;Colisão Traseira;;;2;;;;;;;;0;2;;;
26/10/2015;00:18:00;7;sem vítima;514;BR-153/GO;Norte;Colisão Lateral;2;;;;;;;;;;2;;;;
26/10/2015;17:37:00;499;com vítima;544;BR-153/GO;Sul;Saida de Pista;1;;;;;;;;;;1;2;;;
26/10/2015;15:24:00;391;sem vítima;585;BR-153/GO;Sul;Saida de Pista;1;;;;;;;;;;1;;;;
26/10/2015;15:32:00;397;sem vítima;585;BR-153/GO;Norte;;1;;;;;;;;;;1;;;;
26/10/2015;16:39:00;467;com vítima;653;BR-262/MG;Leste;Queda de Ciclista;;1;;;;;;;;;0;1;;;
26/10/2015;15:59:00;418;sem vítima;119,4;BR-060/GO;Norte;Tombamento;;;1;;;;;;;;1;;;;
26/10/2015;16:30:00;460;sem vítima;119,4;BR-060/GO;Sul;Colisão Lateral;1;;;;;1;;;;;2;;;;
26/10/2015;15:45:00;400;com vítima;119,7;BR-060/GO;Norte;Colisão Traseira;1;;;1;;;;;;;1;1;;;
26/10/2015;17:20:00;490;com vítima;239,4;BR-153/MG;Sul;Saida de Pista;;;1;;;;;;;;0;1;;;
27/10/2015;17:31:00;543;com vítima;358;BR-262/MG;Leste;Tombamento;;;1;;;;;;;;1;2;;;
27/10/2015;18:02:00;557;com vítima;378;BR-262/MG;Leste;Saida de Pista;1;;;;;;;;;;0;2;;;
27/10/2015;18:52:00;599;sem vítima;378;BR-262/MG;Leste;Colisão Traseira;1;;1;;;;;;;;2;;;;
27/10/2015;07:54:00;128;com vítima;500;BR-153/GO;Sul;Colisão Lateral;;;1;1;;1;;;;;2;;1;;
27/10/2015;20:22:00;627;sem vítima;405;BR-262/MG;Oeste;Saida de Pista;1;;;;;;;;;;1;;;;
27/10/2015;21:35:00;656;com vítima;46;BR-060/GO;Norte;Outros - sequências;;;1;;;;;;;;0;2;;;
27/10/2015;15:03:00;435;sem vítima;58;BR-153/MG;Norte;Outros - sequências;;;;;;;;;;1;1;;;;
27/10/2015;14:16:00;397;com vítima;508,5;BR-153/GO;Norte;Queda de Moto;;;;1;;;;;;;0;1;;;
27/10/2015;17:29:00;538;com vítima;89;BR-153/MG;Norte;Colisão Frontal;;;2;;;;;;;;0;2;;;
27/10/2015;12:53:00;354;com vítima;512;BR-153/GO;Sul;Queda de Moto;;;;1;;;;;;;0;1;;;
27/10/2015;14:49:00;430;sem vítima;534;BR-262/MG;Leste;Tombamento;;;1;;;;;;;;1;;;;
27/10/2015;14:35:00;416;sem vítima;99;BR-060/GO;Sul;Colisão Traseira;2;;;;;;;;;;2;;;;
27/10/2015;08:18:00;149;sem vítima;101;BR-060/GO;Norte;Colisão Lateral;2;;;;;;;;;;2;;;;
27/10/2015;18:36:00;577;com vítima;588;BR-262/MG;Oeste;Saida de Pista;1;;;;;;;;;;0;1;;;
27/10/2015;21:28:00;652;com vítima;109;BR-060/GO;Sul;Saida de Pista;1;;;;;;;;;;0;1;;;
27/10/2015;17:26:00;535;com vítima;575,3;BR-153/GO;Sul;Saida de Pista;;;1;;;;;;;;0;1;;;
27/10/2015;18:26:00;571;sem vítima;594;BR-262/MG;Leste;Saida de Pista;;;1;;;;;;;;1;;;;
27/10/2015;01:05:00;30;sem vítima;633;BR-262/MG;Oeste;Saida de Pista;1;;;;;;;;;;1;;;;
27/10/2015;17:15:00;528;com vítima;678;BR-262/MG;Oeste;Capotamento;1;;;;;;;;;;0;1;;;
27/10/2015;09:39:00;213;com vítima;649,34;BR-153/GO;Sul;Capotamento;1;;;;;;;;;;0;3;;;
28/10/2015;07:13:00;98;sem vítima;496;BR-153/GO;Sul;Colisão Traseira;1;;;;;;;;;1;2;;;;
28/10/2015;23:12:00;640;sem vítima;497,5;BR-153/GO;Norte;Choque - Defensa, barreira ou "submarino";1;;;;;;;;;;1;;;;
28/10/2015;21:08:00;583;com vítima;25;BR-153/MG;Norte;Saida de Pista;1;;1;;;;;;;;1;1;;;
28/10/2015;21:50:00;606;com vítima;25;BR-153/MG;Norte;Saida de Pista;1;;;;;;;;;;0;2;;;
28/10/2015;21:52:00;608;com vítima;502;BR-153/GO;Norte;Colisão Traseira;;;;1;;;;;;;0;2;;;
28/10/2015;02:11:00;29;com vítima;503;BR-153/GO;Sul;Colisão Lateral;1;;;;;;;;1;;4;2;;;
28/10/2015;07:59:00;117;com vítima;510;BR-153/GO;Norte;Colisão Lateral;1;;;1;;;;;;;1;1;;;
28/10/2015;12:26:00;291;com vítima;548;BR-262/MG;Oeste;Colisão Lateral;2;;;;;;;;;;0;2;;;
28/10/2015;09:14:00;175;com vítima;549;BR-262/MG;Oeste;Saida de Pista;;;1;;;;;;;;0;1;;;
28/10/2015;13:54:00;337;com vítima;568;BR-262/MG;Leste;Outros - sequências;2;;;;;;;;;;0;3;1;;
28/10/2015;15:02:00;379;sem vítima;580;BR-262/MG;Leste;Saida de Pista;1;;;;;;;;;;1;;;;
28/10/2015;09:15:00;181;com vítima;586;BR-262/MG;Oeste;Saida de Pista;1;;;;;;;;;;0;1;;;
28/10/2015;04:52:00;69;sem vítima;105;BR-060/GO;Sul;Colisão Traseira;;;1;;;1;;;;;2;;;;
28/10/2015;13:48:00;333;sem vítima;591,5;BR-262/MG;Leste;Colisão Lateral;;;2;;;;;;;;2;;;;
28/10/2015;09:07:00;170;com vítima;593;BR-262/MG;Leste;Saida de Pista;1;;;;;;;;;;0;2;;;
28/10/2015;09:03:00;167;com vítima;611;BR-262/MG;Leste;Carreta deu L;;;1;;;;;;;;0;1;;;
28/10/2015;06:30:00;92;sem vítima;127;BR-060/GO;Sul;Saida de Pista;1;;;;;;;;;;1;;;;
29/10/2015;17:56:00;527;com vítima;27;BR-060/GO;Norte;Outros - sequências;1;;;;;1;;;;;1;1;;;
29/10/2015;15:30:00;422;com vítima;29;BR-060/GO;Sul;Outros - sequências;;;;;;;;;;1;0;3;;;
29/10/2015;13:21:00;336;com vítima;502;BR-153/GO;Norte;Colisão Traseira;;;;1;;;;;;1;2;1;;;
29/10/2015;07:46:00;110;sem vítima;506;BR-153/GO;Norte;Colisão Traseira;2;;;;;;;;;;2;;;;
29/10/2015;18:02:00;535;com vítima;506;BR-153/GO;Sul;Choque - Suporte de Sinalização;;;;1;;;;;;;0;1;;;
29/10/2015;18:49:00;564;com vítima;78;BR-060/GO;Norte;Outros - sequências;1;;;;;;;;;;0;1;;;
29/10/2015;02:28:00;51;com vítima;486;BR-262/MG;Oeste;Saida de Pista;1;;;;;;;;;;0;2;;;
29/10/2015;14:59:00;397;com vítima;508;BR-262/MG;Leste;Colisão Traseira;1;;1;;;;;;;;1;2;;;
29/10/2015;20:27:00;618;com vítima;94,8;BR-060/GO;Sul;Atropelamento - Ciclista;1;1;;;;;;;;;1;;;;1
29/10/2015;05:45:00;91;com vítima;557;BR-153/GO;Sul;Capotamento;1;;;;;;;;;;0;1;;2;2
29/10/2015;20:56:00;634;com vítima;857;BR-262/MG;Leste;Colisão Lateral;1;;1;;;;;;;;1;;;1;1
29/10/2015;13:22:00;337;com vítima;244;BR-153/MG;Norte;Colisão Frontal;2;;;;;;;;;;1;3;;;
30/10/2015;17:30:00;569;sem vítima;497;BR-153/GO;Norte;Colisão Traseira;;;;1;;1;;;;;2;;;;
30/10/2015;09:49:00;211;sem vítima;13,7;BR-153/MG;Sul;Saida de Pista;1;;;;;;;;;;1;;;;
30/10/2015;18:40:00;619;sem vítima;498,6;BR-153/GO;Sul;Engavetamento;1;;;;;3;;;;;4;;;;
30/10/2015;19:35:00;662;sem vítima;28;BR-060/GO;Norte;Queda de Moto;;;;1;;;;;;;1;;;;
30/10/2015;08:24:00;152;sem vítima;22,7;BR-153/MG;Norte;Saida de Pista;1;;;;;;;;;;1;;;;
30/10/2015;02:04:00;41;com vítima;31,8;BR-060/GO;Norte;Capotamento;1;;;;;;;;;;0;1;;;
30/10/2015;18:55:00;630;sem vítima;38;BR-060/GO;Norte;Engavetamento;2;;1;;;;;;;;3;;;;
30/10/2015;19:20:00;661;sem vítima;45;BR-060/GO;Norte;Colisão Traseira;1;;;;;1;;;;;2;;;;
30/10/2015;18:54:00;627;sem vítima;47,5;BR-060/GO;Norte;Engavetamento;2;;2;;;;;;;;4;;;;
30/10/2015;08:46:00;172;sem vítima;53,3;BR-060/GO;Sul;Saida de Pista;1;;;;;;;;;;1;;;;
30/10/2015;13:18:00;344;sem vítima;504;BR-153/GO;Sul;Queda de Moto;;;;1;;;;;;;1;;;;
30/10/2015;17:12:00;558;sem vítima;504;BR-153/GO;Sul;Colisão Lateral;1;;;;;1;;;;;2;;;;
30/10/2015;15:32:00;450;com vítima;505;BR-153/GO;Sul;Colisão Traseira;;;;2;;;;;;;0;1;1;;
30/10/2015;16:58:00;550;sem vítima;69;BR-060/GO;Sul;Engavetamento;2;;1;;;;;;;;3;;;;
30/10/2015;17:29:00;567;com vítima;506;BR-153/GO;Sul;Queda de Moto;;;;1;;1;;;;;1;1;1;;
30/10/2015;22:24:00;745;sem vítima;506;BR-153/GO;Sul;Choque - Defensa, barreira ou "submarino";1;;;;;;;;;;1;;;;
30/10/2015;23:38:00;771;sem vítima;506;BR-153/GO;Sul;Colisão Lateral;1;;1;;;;;;;;2;;;;
30/10/2015;04:38:00;71;com vítima;462,2;BR-262/MG;Leste;Colisão Traseira;;;;;;1;;;;1;2;1;;;
30/10/2015;20:34:00;689;com vítima;507;BR-153/GO;Norte;Queda de Moto;;;;1;;;;;;;0;2;;;
30/10/2015;22:25:00;751;com vítima;478;BR-262/MG;Leste;Colisão Frontal;;;1;1;;;;;;;1;;1;;
30/10/2015;16:54:00;546;sem vítima;89;BR-060/GO;Sul;Colisão Traseira;1;;1;;;;;;;;2;;;;
30/10/2015;20:23:00;684;sem vítima;514;BR-153/GO;Norte;;1;;;;;;;;;1;2;;;;
30/10/2015;15:47:00;468;com vítima;545,5;BR-153/GO;Sul;Queda de Moto;;;;1;;;;;;;0;1;;;
30/10/2015;16:08:00;502;sem vítima;23;BR-060/DF;Norte;Colisão Lateral;2;;;;;;;;;;2;;;;
30/10/2015;13:56:00;377;com vítima;25;BR-060/DF;Norte;;;;;;;;;;;1;0;1;;;
30/10/2015;01:53:00;37;com vítima;702;BR-262/MG;Leste;Tombamento;;;1;;;;;;;;0;;;;1
30/10/2015;09:12:00;182;sem vítima;663,1;BR-153/GO;Sul;Outros - sequências;;;1;;;;;;;;1;;;;
30/10/2015;07:13:00;100;sem vítima;667,5;BR-153/GO;Sul;Saida de Pista;1;;;;;;;;;;3;;;;
31/10/2015;07:53:00;135;com vítima;496;BR-153/GO;Norte;Colisão Traseira;1;;;;;1;;;;;1;1;;;
31/10/2015;15:01:00;430;sem vítima;28,4;BR-060/GO;Norte;Saida de Pista;1;;;;;;;;;;1;;;;
31/10/2015;03:23:00;62;com vítima;34;BR-060/GO;Norte;Capotamento;1;;;;;;;;;;0;4;;;
31/10/2015;02:44:00;52;com vítima;41;BR-060/GO;Norte;Saida de Pista;;;1;;;;;;;;0;2;;;
31/10/2015;17:45:00;551;com vítima;413;BR-262/MG;Oeste;Outros - sequências;1;;;;;;;;;;0;2;;;
31/10/2015;14:29:00;411;sem vítima;48;BR-060/GO;Sul;Saida de Pista;1;;;;;;;;;;1;;;;
31/10/2015;16:57:00;521;com vítima;432;BR-262/MG;Oeste;Outros - sequências;1;;;;;1;;;;;1;2;;;
31/10/2015;01:06:00;23;com vítima;504,5;BR-153/GO;Sul;Queda de Moto;;;;1;;;;;;;0;1;;;
31/10/2015;19:59:00;620;sem vítima;505;BR-153/GO;Sul;Engavetamento;3;;2;;;;;;;1;6;;;;
31/10/2015;11:04:00;267;sem vítima;464;BR-262/MG;Leste;Colisão Lateral;;;;;;;;;;2;2;;;;
31/10/2015;13:43:00;380;com vítima;492;BR-262/MG;Leste;Outros - sequências;1;;;;;;;;;1;0;2;1;;
31/10/2015;06:06:00;95;com vítima;505;BR-262/MG;Leste;Choque - Objeto sobre a pista;;;;;;;;;;1;0;2;;;
31/10/2015;12:35:00;312;sem vítima;92;BR-060/GO;Norte;Capotamento;1;;;;;;;;;;1;;;;
31/10/2015;10:02:00;229;com vítima;109;BR-153/MG;Sul;Capotamento;1;;;;;;;;;;0;3;;;
31/10/2015;05:18:00;81;com vítima;117;BR-153/MG;Norte;Colisão Lateral;1;;;;;1;;;;;1;3;;;
31/10/2015;10:53:00;261;sem vítima;533;BR-153/GO;Norte;Saida de Pista;1;;;;;;;;;;1;;;;
31/10/2015;09:04:00;196;com vítima;537;BR-153/GO;Norte;Saida de Pista;1;;;;;;;;;;0;1;;;
31/10/2015;02:41:00;49;com vítima;148;BR-153/MG;Sul;Saida de Pista;;;;;;;;;;1;0;3;;;
31/10/2015;10:50:00;260;sem vítima;101;BR-060/GO;Norte;Choque - Defensa, barreira ou "submarino";1;;;;;;;;;;1;;;;
31/10/2015;18:42:00;577;sem vítima;104,9;BR-060/GO;Sul;Saida de Pista;1;;;;;;;;;;1;;;;
31/10/2015;12:53:00;333;com vítima;180;BR-153/MG;Norte;Saida de Pista;1;;;;;;;;;;0;1;;;
31/10/2015;21:30:00;659;com vítima;584;BR-153/GO;Norte;Capotamento;1;;;;;;;;;;1;1;;;
31/10/2015;18:15:00;569;sem vítima;590;BR-153/GO;Sul;Colisão Lateral;1;;1;;;;;;;;2;;;;
31/10/2015;19:25:00;597;sem vítima;131;BR-060/GO;Norte;Saida de Pista;1;;;;;;;;;;1;;;;
31/10/2015;18:59:00;582;sem vítima;243;BR-153/MG;Norte;Saida de Pista;1;;;;;;;;;;1;;;;
01/11/2015;22:58:00;458;com vítima;7,9;BR-153/MG;Norte;Saida de Pista;1;;;;;;;;;;0;1;;;
01/11/2015;18:36:00;374;com vítima;371;BR-262/MG;Oeste;Capotamento;1;;;;;1;;;;;1;;1;;
01/11/2015;09:52:00;157;com vítima;382;BR-262/MG;Leste;Queda de Moto;;;;1;;;;;;;0;1;;;
01/11/2015;22:10:00;450;com vítima;28,4;BR-153/MG;Sul;Outros - sequências;;;1;;;;;;;;0;1;;;
01/11/2015;17:41:00;345;com vítima;52;BR-060/GO;Norte;Capotamento;;;;;;;;;;1;0;2;;;
01/11/2015;17:13:00;336;sem vítima;444;BR-262/MG;Oeste;Colisão Lateral;1;;;1;;;;;;;2;;;;
01/11/2015;16:32:00;310;com vítima;9,3;BR-060/DF;Sul;Colisão Traseira;2;;;;;;;;;;0;3;;;
01/11/2015;18:42:00;379;sem vítima;563,5;BR-262/MG;Leste;Saida de Pista;1;;;;;;;;;;1;;;;
01/11/2015;18:05:00;360;com vítima;530;BR-153/GO;Norte;Outros - sequências;1;;;;;;;;;;1;1;;;
01/11/2015;16:17:00;304;sem vítima;99;BR-060/GO;Sul;Colisão Traseira;2;;;;;;;;;;2;;;;
01/11/2015;15:30:00;289;sem vítima;585,5;BR-262/MG;Leste;Capotamento;1;;;;;;;;;;2;;;;
01/11/2015;17:03:00;326;com vítima;585,5;BR-262/MG;Oeste;Saida de Pista;1;;;;;;;;;;0;1;;;
01/11/2015;15:48:00;308;sem vítima;23;BR-060/DF;Sul;Saida de Pista;1;;;;;;;;;;1;;;;
01/11/2015;17:55:00;357;com vítima;593;BR-262/MG;Leste;Capotamento;1;;;;;;;;;;0;1;;;
01/11/2015;12:52:00;236;com vítima;176,7;BR-153/MG;Norte;Colisão Frontal;;;2;;;;;;;;0;1;1;;
01/11/2015;22:30:00;453;com vítima;26;BR-060/DF;Norte;Colisão Traseira;1;;1;;;;;;;;1;1;;;
01/11/2015;11:01:00;183;com vítima;589;BR-153/GO;Sul;Queda de Moto;;;;1;;;;;;;0;2;;;
01/11/2015;17:11:00;333;com vítima;687;BR-262/MG;Oeste;Colisão Frontal;1;;1;;;;;;;;0;1;;1;
01/11/2015;18:45:00;381;com vítima;28,5;BR-060/DF;Sul;Outros - sequências;1;;;;;;;;;;0;1;;;
02/11/2015;09:14:00;146;sem vítima;491,8;BR-153/GO;Norte;Saida de Pista;1;;;;;;;;;;1;;;;
02/11/2015;14:45:00;350;com vítima;18,4;BR-060/GO;Sul;Saida de Pista;1;;;;;;;;;;0;1;1;1;
02/11/2015;07:27:00;86;com vítima;28,2;BR-060/GO;Norte;Capotamento;1;;;;;;;;;;0;1;;;
02/11/2015;21:49:00;601;sem vítima;500;BR-153/GO;Sul;Engavetamento;3;;;;;;;;;;8;;;;
02/11/2015;04:36:00;56;sem vítima;40,5;BR-153/MG;Sul;Saida de Pista;1;;;;;;;;;;1;;;;
02/11/2015;10:39:00;179;com vítima;45;BR-153/MG;Norte;Choque - Outros;1;;1;;;;;;;;1;4;;;
02/11/2015;15:33:00;379;com vítima;479;BR-262/MG;Leste;Engavetamento;3;;;;;;;;;;4;4;;;
02/11/2015;20:45:00;581;com vítima;94;BR-060/GO;Sul;Colisão Traseira;1;;;1;;1;;;;;2;1;;;
02/11/2015;15:50:00;392;com vítima;515,3;BR-153/GO;Sul;Colisão Lateral;;;1;1;;;;;;;1;;1;1;
02/11/2015;00:52:00;17;com vítima;529;BR-153/GO;Sul;Outros - sequências;1;;;;;;;;;;0;1;;;
02/11/2015;18:28:00;493;sem vítima;130,5;BR-153/MG;Norte;Saida de Pista;1;;1;;;;;;;;2;;;;
02/11/2015;21:40:00;598;com vítima;551,9;BR-153/GO;Norte;Queda de Moto;;;;1;;;;;;;0;1;;;
02/11/2015;17:06:00;440;com vítima;150;BR-153/MG;Norte;Colisão Traseira;2;;1;;;;;;;;1;3;;;
02/11/2015;09:21:00;148;com vítima;560;BR-153/GO;Norte;Saida de Pista;1;;;;;;;;;;0;1;1;;
02/11/2015;16:55:00;433;sem vítima;590;BR-262/MG;Leste;Saida de Pista;1;;;;;;;;;;3;;;;
02/11/2015;16:44:00;424;sem vítima;592;BR-262/MG;Leste;Saida de Pista;1;;;;;;;;;;4;;;;
02/11/2015;17:34:00;456;sem vítima;625;BR-262/MG;Leste;Colisão Traseira;2;;;;;;;;;;2;;;;
02/11/2015;05:40:00;71;sem vítima;30;BR-060/DF;Norte;Saida de Pista;;;;;;;;;;1;1;;;;
02/11/2015;19:19:00;526;sem vítima;30;BR-060/DF;Norte;Colisão Traseira;1;;;;;;;;;1;2;;;;
02/11/2015;17:19:00;447;sem vítima;906;BR-262/MG;Oeste;Saida de Pista;1;;;;;1;;;;;4;;;;
03/11/2015;07:11:00;96;sem vítima;493;BR-153/GO;Norte;Colisão Traseira;1;;;1;;;;;;;2;;;;
03/11/2015;15:55:00;406;com vítima;75,5;BR-153/MG;Norte;Saida de Pista;;;1;;;;;;;;0;1;;;
03/11/2015;07:06:00;94;com vítima;554;BR-262/MG;Leste;Saida de Pista;1;;;;;;;;;;0;2;;;
03/11/2015;04:11:00;56;sem vítima;584;BR-262/MG;Oeste;Saida de Pista;1;;;;;;;;;;1;;;;
03/11/2015;00:06:00;2;com vítima;146;BR-153/MG;Norte;Tombamento;;;1;;;;;;;;1;1;1;;
03/11/2015;06:28:00;82;sem vítima;591,8;BR-262/MG;Leste;Saida de Pista;1;;;;;;;;;;3;;;;
03/11/2015;08:43:00;145;sem vítima;594,5;BR-262/MG;Leste;Saida de Pista;1;;;;;;;;;;5;;;;
03/11/2015;15:21:00;385;com vítima;604;BR-153/GO;Sul;Saida de Pista;1;;;;;;;;;;0;1;;;
03/11/2015;05:53:00;76;com vítima;634,7;BR-153/GO;Sul;Capotamento;;;1;;;;;;;;0;2;;;
03/11/2015;10:18:00;213;com vítima;661,2;BR-153/GO;Sul;Saida de Pista;1;;;;;;;;;;0;1;;;
03/11/2015;13:11:00;314;com vítima;246;BR-153/MG;Sul;Colisão Frontal;2;;;;;;;;;;0;7;;;
04/11/2015;11:37:00;269;com vítima;93;BR-060/GO;Norte;Colisão Lateral;1;;;1;;;;;;;1;1;;;
04/11/2015;16:58:00;478;sem vítima;577,8;BR-153/GO;Sul;Capotamento;1;;;;;;;;;;1;;;;
04/11/2015;18:45:00;522;com vítima;659,3;BR-153/GO;Norte;Outros - sequências;1;;;;;;;;;;0;;1;;
05/11/2015;05:26:00;81;com vítima;0;BR-060/GO;Norte;Outros - sequências;;;2;;;;;;;;1;;;;1
05/11/2015;11:08:00;239;sem vítima;0;BR-153/MG;Norte;Outros - sequências;1;;1;;;;;;;;2;;;;
05/11/2015;07:54:00;123;sem vítima;494;BR-153/GO;Sul;Engavetamento;3;;;;;;;;;;3;;;;
05/11/2015;19:08:00;538;sem vítima;495;BR-153/GO;Sul;Colisão Traseira;2;;;;;;;;;;2;;;;
05/11/2015;19:50:00;557;sem vítima;495,1;BR-153/GO;Sul;Colisão Traseira;1;;;;;;;;;1;2;;;;
05/11/2015;12:39:00;295;com vítima;13;BR-153/MG;Norte;Saida de Pista;1;;;;;;;;;;1;1;;;
05/11/2015;16:35:00;438;sem vítima;499,7;BR-153/GO;Sul;Queda de Moto;;;;1;;;;;;;1;;;;
05/11/2015;17:34:00;481;com vítima;645,5;BR-153/GO;Norte;Saida de Pista;1;;;;;;;;;;0;1;;;
06/11/2015;19:41:00;526;sem vítima;355;BR-262/MG;Leste;Saida de Pista;1;;;;;;;;;;1;;;;
06/11/2015;20:53:00;587;sem vítima;10;BR-060/GO;Norte;Outros - sequências;3;;;;;;;;;;3;;;;
06/11/2015;08:48:00;147;com vítima;497;BR-153/GO;Sul;Capotamento;1;;;;;1;;;;;1;3;;;
06/11/2015;15:43:00;389;com vítima;59;BR-060/GO;Norte;Outros - sequências;1;;;;;;;;;;0;1;;;
06/11/2015;08:00:00;119;sem vítima;505;BR-153/GO;Norte;Colisão Traseira;1;;;;;1;;;;;2;;;;
06/11/2015;17:49:00;460;sem vítima;4,6;BR-060/DF;Norte;Colisão Traseira;3;;;;;;;;;;3;;;;
06/11/2015;17:34:00;455;com vítima;506,5;BR-153/GO;Norte;Outros - sequências;;;1;1;;;;;;;1;1;;;
06/11/2015;20:46:00;581;sem vítima;458;BR-262/MG;Leste;Saida de Pista;1;;;;;;;;;;2;;;;
06/11/2015;20:08:00;545;com vítima;83;BR-060/GO;Norte;Saida de Pista;1;;;;;1;;;;;1;;1;;
06/11/2015;16:21:00;415;sem vítima;95;BR-060/GO;Norte;Colisão Traseira;2;;;;;;;;;;3;;;;
06/11/2015;15:49:00;395;sem vítima;582;BR-262/MG;Oeste;Outros - sequências;2;;1;;;;;;;;3;;;;
06/11/2015;14:25:00;344;com vítima;111;BR-060/GO;Sul;Outros - sequências;3;;1;;;;;;;;3;;1;;
06/11/2015;15:58:00;401;sem vítima;608;BR-262/MG;Leste;Saida de Pista;1;;;;;;;;;;1;;;;
07/11/2015;11:58:00;269;com vítima;13;BR-060/GO;Norte;Queda de Moto;;;;1;;;;;;;0;;;1;
07/11/2015;06:37:00;69;com vítima;373;BR-262/MG;Oeste;Colisão Traseira;1;;1;;;;;;;;2;1;2;;
07/11/2015;19:06:00;533;com vítima;438,3;BR-262/MG;Leste;Colisão Traseira;2;;;;;;;;;;1;1;;;
07/11/2015;21:01:00;579;sem vítima;506;BR-153/GO;Sul;Saida de Pista;1;;;;;;;;;;1;;;;
07/11/2015;08:02:00;108;sem vítima;95;BR-060/GO;Sul;Choque - Outros;1;;;;;;;;;;1;;;;
07/11/2015;08:48:00;141;sem vítima;546;BR-153/GO;Norte;Capotamento;1;;;;;;;;;;1;;;;
07/11/2015;15:41:00;401;sem vítima;586;BR-262/MG;Oeste;Saida de Pista;1;;;;;;;;;;1;;;;
07/11/2015;18:09:00;502;sem vítima;586;BR-262/MG;Leste;Saida de Pista;1;;;;;;;;;;1;;;;
07/11/2015;19:44:00;549;sem vítima;102,8;BR-060/GO;Sul;Outros - sequências;1;;;;;;;;;;1;;;;
07/11/2015;18:44:00;515;sem vítima;590;BR-262/MG;Leste;Saida de Pista;1;;;;;;;;;;1;;;;
07/11/2015;14:55:00;370;sem vítima;592;BR-262/MG;Oeste;Saida de Pista;;;;;;;;;;1;1;;;;
07/11/2015;19:08:00;535;com vítima;27;BR-060/DF;Sul;Capotamento;1;;;;;;;;;;0;1;;;
07/11/2015;05:28:00;56;sem vítima;128;BR-060/GO;Sul;;1;;;;;;;;;;1;;;;