data;horario;n_da_ocorrencia;tipo_de_ocorrencia;km;trecho;sentido;tipo_de_acidente;automovel;bicicleta;caminhao;moto;onibus;outros;tracao_animal;transporte_de_cargas_especiais;trator_maquinas;utilitarios;ilesos;levemente_feridos;moderadamente_feridos;gravemente_feridos;mortos
22/11/2015;20:52:00;515;sem vítima;66,8;BR-060/GO;Sul;Atropelamento - Animal;1;;;;;;;;;;1;;;;
22/11/2015;12:15:00;254;com vítima;506,7;BR-153/GO;Sul;Colisão Traseira;1;;;;1;;;;;;1;1;;;
22/11/2015;12:08:00;250;com vítima;111;BR-060/GO;Norte;Saida de Pista;1;;;;;;;;;;0;1;;;
22/11/2015;07:07:00;93;sem vítima;26;BR-060/DF;Sul;Saida de Pista;1;;;;;;;;;;1;;;;
22/11/2015;02:06:00;35;com vítima;618;BR-262/MG;Leste;Outros - sequências;1;;;;;;;;;;0;1;;1;
22/11/2015;08:10:00;122;com vítima;587,1;BR-153/GO;Sul;Saida de Pista;2;;;;;;;;;;0;2;;;
22/11/2015;08:03:00;115;com vítima;593;BR-153/GO;Norte;Saida de Pista;1;;;;;;;;;;0;1;;;
22/11/2015;09:56:00;170;com vítima;672;BR-262/MG;Oeste;Queda de Ciclista;;1;;;;;;;;;0;;;1;
22/11/2015;03:58:00;56;sem vítima;659;BR-153/GO;Norte;Saida de Pista;1;;;;;;;;;;1;;;;
23/11/2015;10:59:00;247;sem vítima;2;BR-060/DF;Norte;Colisão Traseira;2;;;;;;;;;;2;;;;
23/11/2015;12:21:00;291;sem vítima;367;BR-262/MG;Leste;;1;;;;;;;;;;1;;;;
23/11/2015;20:41:00;572;com vítima;377;BR-262/MG;Leste;Atropelamento - Usuário;1;;;;;;;;;;1;;;1;
23/11/2015;13:31:00;312;com vítima;382;BR-262/MG;Leste;Saida de Pista;1;;;;;;;;;;1;1;;;
23/11/2015;05:38:00;58;sem vítima;408;BR-262/MG;Leste;Saida de Pista;1;;;;;1;;;;;3;;;;
23/11/2015;09:00:00;156;com vítima;433,7;BR-262/MG;Leste;Saida de Pista;1;;;;;;;;;;0;;1;;
23/11/2015;22:22:00;606;com vítima;471;BR-262/MG;Oeste;Tombamento;;;1;;;;;;;;0;1;;;
23/11/2015;20:39:00;571;sem vítima;519;BR-262/MG;Leste;Saida de Pista;1;;;;;;;;;;1;;;;
23/11/2015;15:13:00;370;com vítima;545;BR-262/MG;Oeste;Outros - sequências;;;;;;1;;;;1;1;2;;;
23/11/2015;12:32:00;293;com vítima;549;BR-262/MG;Leste;Saida de Pista;;;1;;;;;;;;0;1;;;
23/11/2015;23:12:00;625;sem vítima;517;BR-153/GO;Sul;Saida de Pista;1;;;;;1;;;;;2;;;;
23/11/2015;06:31:00;80;sem vítima;97;BR-060/GO;Norte;Colisão Traseira;1;;;;1;;;;;;2;;;;
23/11/2015;16:09:00;411;com vítima;583;BR-262/MG;Oeste;Saida de Pista;1;;;;;;;;;;0;1;;;
23/11/2015;15:45:00;389;com vítima;597;BR-262/MG;Oeste;Outros - sequências;1;;;;;;;;;;0;1;;;
23/11/2015;16:47:00;439;sem vítima;608;BR-262/MG;Oeste;Outros - sequências;;;1;;;;;;;;1;;;;
23/11/2015;17:03:00;450;sem vítima;615;BR-262/MG;Leste;Saida de Pista;1;;;;;;;;;;1;;;;
23/11/2015;17:53:00;472;sem vítima;648;BR-262/MG;Oeste;Saida de Pista;1;;;;;;;;;;1;;;;
23/11/2015;20:55:00;575;com vítima;245;BR-153/MG;Norte;Colisão Lateral;2;;;;;;;;;;1;1;;;
24/11/2015;15:39:00;394;com vítima;490,4;BR-153/GO;Norte;Tombamento;;;1;;;;;;;;0;2;;;
24/11/2015;14:28:00;356;sem vítima;2;BR-060/DF;Sul;Colisão Lateral;1;;1;;;;;;;;2;;;;
24/11/2015;20:53:00;537;sem vítima;382;BR-262/MG;Oeste;Saida de Pista;1;;;;;;;;;;2;;;;
24/11/2015;17:25:00;435;sem vítima;29;BR-060/GO;Norte;Saida de Pista;1;;;;;;;;;;1;;;;
24/11/2015;10:14:00;240;sem vítima;398;BR-262/MG;Oeste;Colisão Traseira;1;;1;;;;;;;;2;;;;
24/11/2015;15:57:00;397;sem vítima;501,2;BR-153/GO;Sul;Colisão Traseira;2;;;;;;;;;;2;;;;
24/11/2015;07:55:00;124;com vítima;502,5;BR-153/GO;Norte;Colisão Traseira;3;;;;;;;;;;2;1;;;
24/11/2015;15:28:00;391;sem vítima;429;BR-262/MG;Leste;Colisão Lateral;1;;1;;;;;;;;2;;;;
24/11/2015;10:53:00;257;sem vítima;83;BR-060/GO;Norte;Outros - sequências;1;;;;;;;;;;1;;;;
24/11/2015;17:27:00;437;sem vítima;551;BR-262/MG;Leste;Colisão Lateral;;;2;;;;;;;;2;;;;
24/11/2015;20:05:00;519;sem vítima;522;BR-153/GO;Norte;Queda de Moto;;;;1;;;;;;;1;;;;
24/11/2015;17:44:00;454;sem vítima;12;BR-060/DF;Norte;Choque - Poste;;;;;;;;;;1;1;;;;
24/11/2015;02:02:00;32;com vítima;652;BR-262/MG;Oeste;Colisão Lateral;;;1;;;1;;;;;1;1;;;
24/11/2015;22:25:00;586;com vítima;117;BR-060/GO;Sul;Outros - sequências;1;;;;;;;;;;0;1;;;
24/11/2015;19:32:00;504;sem vítima;122;BR-060/GO;Norte;Colisão Traseira;;;;;;;;;;1;1;;;;
24/11/2015;18:10:00;468;com vítima;654;BR-153/GO;Sul;Saida de Pista;;;1;;;;;;;;0;1;;;
24/11/2015;09:23:00;197;com vítima;236;BR-153/MG;Norte;Atropelamento - Ambulante;;;2;;;;;;;;2;;;;1
24/11/2015;09:38:00;210;com vítima;239;BR-153/MG;Norte;Colisão Traseira;2;;;;;;;;;;1;1;;;
24/11/2015;07:37:00;114;com vítima;680;BR-153/GO;Norte;Saida de Pista;1;;;;;;;;;;0;1;;;
24/11/2015;14:47:00;371;sem vítima;243;BR-153/MG;Sul;Saida de Pista;;;1;;;;;;;;1;;;;
24/11/2015;12:28:00;311;sem vítima;702;BR-153/GO;Norte;Colisão Traseira;;;2;;;;;;;;2;;;;
25/11/2015;17:49:00;390;sem vítima;493;BR-153/GO;Sul;Colisão Traseira;;;1;;;;;;;1;2;;;;
25/11/2015;17:40:00;386;sem vítima;495;BR-153/GO;Sul;Choque - Poste;1;;;;;;;;;;1;;;;
25/11/2015;12:38:00;226;com vítima;14;BR-153/MG;Norte;Queda de Moto;1;;;;;;;;;;1;1;;;
25/11/2015;17:41:00;387;sem vítima;440;BR-262/MG;Leste;Saida de Pista;1;;;;;;;;;;1;;;;
25/11/2015;16:42:00;353;com vítima;75;BR-060/GO;Norte;Saida de Pista;1;;;;;;;;;;0;1;;;
25/11/2015;18:53:00;427;sem vítima;92;BR-060/GO;Sul;Choque - Outros;;;1;;;;;;;;1;;;;
25/11/2015;08:19:00;91;sem vítima;554;BR-262/MG;Leste;Saida de Pista;;;1;;;;;;;;1;;;;
25/11/2015;07:45:00;73;sem vítima;96;BR-060/GO;Sul;Colisão Traseira;1;;;1;;;;;;;2;;;;
25/11/2015;18:10:00;404;com vítima;103,5;BR-060/GO;Sul;Queda de Moto;;;;1;;;;;;;0;2;;;
25/11/2015;11:36:00;203;sem vítima;600;BR-262/MG;Leste;Colisão Traseira;;;2;;;;;;;;2;;;;
25/11/2015;17:00:00;417;sem vítima;690;BR-262/MG;Leste;Colisão Traseira;1;;1;;;;;;;;2;;;;
25/11/2015;00:07:00;1;com vítima;682;BR-153/GO;Sul;Colisão Traseira;;;2;;;;;;;;0;2;;;
26/11/2015;08:04:00;94;com vítima;495;BR-153/GO;Sul;Colisão Traseira;3;;;;;;;;;;3;1;;;
26/11/2015;14:17:00;357;sem vítima;2;BR-060/DF;Sul;Colisão Traseira;1;;;1;;;;;;;2;;;;
26/11/2015;19:53:00;564;com vítima;502;BR-153/GO;Sul;Engavetamento;5;;;;;;;;;;5;1;;;
26/11/2015;06:35:00;66;com vítima;504;BR-153/GO;Norte;Queda de Ciclista;;;;1;1;;;;;;1;1;;;
26/11/2015;07:27:00;73;com vítima;508;BR-153/GO;Norte;Colisão Traseira;;;;2;;1;;;;;2;2;;;
26/11/2015;12:35:00;294;sem vítima;509;BR-153/GO;Norte;Colisão Traseira;2;;1;;;;;;;;3;;;;
26/11/2015;07:59:00;89;sem vítima;510;BR-153/GO;Norte;Colisão Traseira;2;;;;;;;;;;2;;;;
26/11/2015;08:35:00;118;sem vítima;510;BR-153/GO;Sul;Tombamento;;;1;;;;;;;;1;;;;
26/11/2015;17:02:00;474;sem vítima;94;BR-060/GO;Norte;Saida de Pista;1;;;;;;;;;;1;;;;
26/11/2015;18:27:00;525;com vítima;95;BR-060/GO;Sul;Colisão Traseira;;;;1;;1;;;;;2;1;;;
26/11/2015;19:48:00;562;com vítima;126;BR-153/MG;Sul;Tombamento;;;1;;;;;;;;0;1;;;
26/11/2015;17:24:00;493;sem vítima;113,8;BR-060/GO;Sul;Saida de Pista;1;;;;;;;;;;1;;;;
26/11/2015;01:40:00;20;com vítima;667;BR-262/MG;Oeste;Outros - sequências;1;;;;;;;;;;0;2;;;
26/11/2015;17:28:00;498;sem vítima;116;BR-060/GO;Sul;Saida de Pista;;;1;;;;;;;;1;;;;
26/11/2015;16:47:00;546;sem vítima;826,7;BR-262/MG;Oeste;Colisão Lateral;3;;;;;;;;;;3;;;;
27/11/2015;16:18:00;406;com vítima;491,1;BR-153/GO;Norte;Colisão Transversal;;;;1;;;;;;1;1;1;;;
27/11/2015;22:45:00;627;com vítima;1;BR-060/DF;Sul;Colisão Traseira;2;;;;;;;;;;0;4;;;
27/11/2015;07:01:00;86;com vítima;19;BR-060/GO;Sul;Capotamento;1;;;;;;;;;;0;1;;;
27/11/2015;07:03:00;88;sem vítima;19;BR-060/GO;Sul;;1;;;;;;;;;;1;;;;
27/11/2015;07:11:00;92;sem vítima;19;BR-060/GO;Sul;Colisão Traseira;1;;;;;1;;;;;2;;;;
27/11/2015;08:53:00;165;sem vítima;498,9;BR-153/GO;Norte;Colisão Traseira;3;;;;;;;;;;3;;;;
27/11/2015;09:34:00;195;sem vítima;16,8;BR-153/MG;Sul;Colisão Traseira;2;;;;;;;;;;2;;;;
27/11/2015;20:40:00;559;sem vítima;499;BR-153/GO;Sul;Colisão Traseira;1;;;1;;;;;;;2;;;;
27/11/2015;23:27:00;653;sem vítima;500;BR-153/GO;Norte;Colisão Traseira;2;;;;;;;;;;2;;;;
27/11/2015;12:14:00;280;com vítima;34;BR-153/MG;Norte;Colisão Lateral;1;;1;;;;;;;;1;1;;;
27/11/2015;17:22:00;449;sem vítima;503;BR-153/GO;Sul;Engavetamento;3;;;;;;;;;;3;;;;
27/11/2015;22:49:00;629;sem vítima;433;BR-262/MG;Leste;Choque - Objeto sobre a pista;2;;;;;;;;;;2;;;;
27/11/2015;18:51:00;497;sem vítima;506;BR-153/GO;Norte;Colisão Traseira;2;;;;;;;;;;2;;;;
27/11/2015;21:54:00;599;sem vítima;506;BR-153/GO;Norte;Engavetamento;2;;;;;;;;;;2;;;;
27/11/2015;16:11:00;399;sem vítima;55;BR-153/MG;Norte;Colisão Traseira;1;;1;;;;;;;;2;;;;
27/11/2015;13:47:00;331;com vítima;507;BR-153/GO;Sul;Colisão Traseira;1;;;1;;;;;;;1;1;;;
27/11/2015;09:25:00;190;com vítima;513;BR-153/GO;Norte;Colisão Traseira;3;;;;;;;;;;1;2;;;
27/11/2015;18:30:00;486;sem vítima;94,2;BR-060/GO;Norte;Colisão Transversal;1;;1;;;;;;;;2;;;;
27/11/2015;17:44:00;462;sem vítima;564;BR-153/GO;Norte;Capotamento;1;;;;;;;;;;2;;;;
27/11/2015;13:19:00;316;com vítima;164;BR-153/MG;Norte;Outros - sequências;1;;;;;1;;;;;1;1;;;
27/11/2015;17:11:00;439;sem vítima;108,2;BR-060/GO;Norte;Saida de Pista;1;;;;;;;;;;1;;;;
27/11/2015;19:09:00;510;sem vítima;25,9;BR-060/DF;Norte;Saida de Pista;1;;;;;;;;;;1;;;;
27/11/2015;00:42:00;9;sem vítima;650;BR-262/MG;Oeste;Colisão Traseira;;;2;;;;;;;;2;;;;
27/11/2015;16:28:00;412;com vítima;618;BR-153/GO;Norte;Outros - sequências;1;;;;;;;;;;0;1;;;
27/11/2015;20:57:00;570;com vítima;751;BR-262/MG;Leste;Tombamento;;;1;;;;;;;;0;;2;;
27/11/2015;17:53:00;468;sem vítima;628;BR-153/GO;Norte;Saida de Pista;1;;;;;;;;;;1;;;;
27/11/2015;09:42:00;201;sem vítima;127;BR-060/GO;Sul;Saida de Pista;1;;;;;;;;;;1;;;;
27/11/2015;16:23:00;409;sem vítima;133;BR-060/GO;Sul;Saida de Pista;;;1;;;;;;;;1;;;;
27/11/2015;13:24:00;318;sem vítima;852;BR-262/MG;Leste;Capotamento;1;;;;;;;;;;1;;;;
28/11/2015;03:02:00;65;sem vítima;2;BR-060/GO;Norte;Saida de Pista;1;;;;;;;;;;1;;;;
28/11/2015;22:41:00;656;sem vítima;361;BR-262/MG;Leste;Outros - sequências;1;;;;;;;;;;1;;;;
28/11/2015;22:59:00;667;com vítima;11;BR-060/GO;Sul;Capotamento;1;;;;;;;;;;0;1;1;;
28/11/2015;01:10:00;29;com vítima;19;BR-153/MG;Norte;Outros - sequências;1;;;;;;;;;;0;1;;;
28/11/2015;16:38:00;453;com vítima;499;BR-153/GO;Norte;Queda de Moto;;;;1;;;;;;;0;1;;;
28/11/2015;14:41:00;388;sem vítima;500,9;BR-153/GO;Norte;Colisão Traseira;2;;;;;;;;;;2;;;;
28/11/2015;11:58:00;286;com vítima;48,9;BR-060/GO;Norte;Outros - sequências;1;;;;;;;;;;0;2;;;
28/11/2015;16:08:00;439;com vítima;427,7;BR-262/MG;Leste;Queda de Moto;;;;1;;;;;;;0;2;;;
28/11/2015;12:40:00;315;com vítima;460;BR-262/MG;Leste;Colisão Lateral;;;1;;;1;;;;;1;;1;;
28/11/2015;14:31:00;380;sem vítima;499;BR-262/MG;Leste;Carreta deu L;;;1;;;;;;;;1;;;;
28/11/2015;09:29:00;204;com vítima;584;BR-262/MG;Leste;Colisão Lateral;2;;;;;;;;;;5;2;;;
28/11/2015;09:38:00;207;sem vítima;586;BR-262/MG;Oeste;Saida de Pista;1;;;;;;;;;;1;;;;
28/11/2015;21:07:00;619;sem vítima;592;BR-262/MG;Oeste;Capotamento;1;;;;;;;;;;1;;;;
28/11/2015;23:44:00;685;com vítima;612,7;BR-153/GO;Norte;Tombamento;;;1;;;1;;;;;1;1;;;
28/11/2015;23:06:00;670;sem vítima;127;BR-060/GO;Norte;Choque - Arvore;1;;;;;;;;;;1;;;;
29/11/2015;18:04:00;463;sem vítima;360;BR-262/MG;Oeste;Saida de Pista;1;;;;;;;;;;3;;;;
29/11/2015;21:05:00;540;com vítima;373;BR-262/MG;Leste;Colisão Traseira;;;1;;;;;;;1;0;3;;;
29/11/2015;20:16:00;513;sem vítima;381;BR-262/MG;Oeste;Saida de Pista;1;;;;;;;;;;1;;;;
29/11/2015;23:17:00;574;com vítima;38;BR-060/GO;Sul;Choque - Elemento de Drenagem;1;;;;;;;;;;0;2;;;
29/11/2015;17:39:00;446;com vítima;439,7;BR-262/MG;Leste;Capotamento;1;;;;;;;;;;0;1;;;
29/11/2015;06:27:00;125;com vítima;62,8;BR-060/GO;Norte;Outros - sequências;1;;;;;;;;;;0;1;;;
29/11/2015;08:28:00;166;com vítima;65;BR-060/GO;Norte;Outros - sequências;1;;;;;;;;;;0;1;;;
29/11/2015;20:28:00;517;sem vítima;508;BR-153/GO;Sul;Saida de Pista;;;;;;;;;;1;1;;;;
29/11/2015;20:58:00;537;sem vítima;508;BR-153/GO;Sul;Colisão Traseira;2;;;;;;;;;;2;;;;
29/11/2015;09:25:00;194;sem vítima;486,5;BR-262/MG;Leste;Colisão Traseira;2;;;;;;;;;;7;;;;
29/11/2015;07:54:00;148;sem vítima;514;BR-262/MG;Oeste;Saida de Pista;1;;;;;;;;;;1;;;;
29/11/2015;16:46:00;414;sem vítima;521,9;BR-153/GO;Norte;Saida de Pista;;;;;;;;;;1;1;;;;
29/11/2015;05:12:00;109;com vítima;96,7;BR-060/GO;Sul;Saida de Pista;1;;;;;;;;;;0;1;;;
29/11/2015;15:00:00;356;sem vítima;124,3;BR-153/MG;Sul;Outros - sequências;1;;1;;;;;;;;2;;;;
29/11/2015;17:55:00;457;sem vítima;583;BR-262/MG;Oeste;Saida de Pista;1;;;;;;;;;;1;;;;
29/11/2015;13:38:00;311;com vítima;587;BR-262/MG;Oeste;Capotamento;1;;;;;;;;;;0;4;;;
29/11/2015;17:24:00;434;sem vítima;592,5;BR-262/MG;Oeste;Saida de Pista;1;;;;;;;;;;1;;;;
29/11/2015;20:41:00;524;com vítima;631;BR-262/MG;Oeste;Saida de Pista;1;;;;;;;;;;0;1;;;
29/11/2015;19:30:00;490;sem vítima;116;BR-060/GO;Sul;Saida de Pista;;;1;;;;;;;;3;;;;
29/11/2015;19:40:00;496;sem vítima;116;BR-060/GO;Sul;Saida de Pista;1;;;;;;;;;;5;;;;
29/11/2015;21:56:00;550;sem vítima;118;BR-060/GO;Sul;Colisão Lateral;;;;;1;1;;;;;2;;;;
29/11/2015;16:21:00;396;sem vítima;801;BR-262/MG;Oeste;Colisão Traseira;2;;;;;;;;;;2;;;;
30/11/2015;23:08:00;663;sem vítima;496,3;BR-153/GO;Norte;Colisão Traseira;2;;;;;;;;;;2;;;;
30/11/2015;19:47:00;576;sem vítima;4;BR-060/DF;Sul;Engavetamento;2;;;;;1;;;;;3;;;;
30/11/2015;17:15:00;498;com vítima;413;BR-262/MG;Oeste;Colisão Traseira;;;1;1;;;;;;;1;1;1;;
30/11/2015;23:22:00;668;sem vítima;48;BR-060/GO;Norte;Saida de Pista;;;1;;;;;;;;1;;;;
30/11/2015;07:11:00;98;com vítima;526;BR-153/GO;Norte;Queda de Moto;;;;1;;;;;;;1;1;;;
30/11/2015;07:11:00;99;sem vítima;526;BR-153/GO;Norte;;;;;1;;;;;;;1;;;;
30/11/2015;18:53:00;551;com vítima;549;BR-153/GO;Sul;Outros - sequências;1;;;;;;;;;;0;2;1;;
30/11/2015;06:10:00;76;com vítima;99;BR-060/GO;Sul;Queda de Moto;;;;1;;;;;;;0;1;;;
30/11/2015;15:27:00;423;com vítima;183,1;BR-153/MG;Sul;Outros - sequências;;;1;;;;;;;;0;1;;;
30/11/2015;16:25:00;462;com vítima;587;BR-153/GO;Norte;Outros - sequências;;;1;;;;;;;;0;4;;;
30/11/2015;19:35:00;573;sem vítima;113;BR-060/GO;Norte;Engavetamento;3;;;;;;;;;;3;;;;
30/11/2015;17:32:00;507;com vítima;750;BR-262/MG;Leste;Saida de Pista;1;;;;;;;;;;0;1;;;
30/11/2015;05:07:00;72;sem vítima;685;BR-153/GO;Sul;Choque - Outros;;;1;;;;;;;;1;;;;
01/12/2015;10:01:00;234;com vítima;56;BR-060/GO;Sul;Saida de Pista;1;;;;;;;;;;0;1;;;
01/12/2015;21:15:00;592;com vítima;55;BR-153/MG;Norte;Outros - sequências;1;;1;;;;;;;;1;1;;;
01/12/2015;11:15:00;281;sem vítima;467,9;BR-262/MG;Leste;Colisão Traseira;1;;;;;1;;;;;2;;;;
01/12/2015;16:33:00;459;com vítima;578;BR-262/MG;Oeste;Saida de Pista;1;;;;;;;;;;0;1;;;
01/12/2015;16:55:00;473;com vítima;582,5;BR-262/MG;Leste;Saida de Pista;1;;;;;;;;;;1;1;;;
01/12/2015;16:01:00;444;com vítima;583;BR-262/MG;Leste;Saida de Pista;1;;;;;;;;;;0;1;;;
01/12/2015;22:29:00;621;com vítima;619;BR-153/GO;Norte;Colisão Traseira;1;;1;;;;;;;;1;1;;;
01/12/2015;15:20:00;420;sem vítima;825;BR-262/MG;Oeste;Colisão Frontal;1;;;;;1;;;;;2;;;;
01/12/2015;10:38:00;258;com vítima;138;BR-060/GO;Norte;Colisão Transversal;1;;;;1;;;;;;2;1;;;
02/12/2015;17:29:00;473;sem vítima;383;BR-262/MG;Leste;Saida de Pista;;;;;;;;;;1;1;;;;
02/12/2015;13:27:00;342;sem vítima;419;BR-262/MG;Oeste;Saida de Pista;1;;;;;;;;;;2;;;;
02/12/2015;15:30:00;423;sem vítima;505,2;BR-153/GO;Norte;Colisão Traseira;1;;;;1;;;;;;2;;;;
02/12/2015;05:46:00;88;com vítima;506;BR-153/GO;Sul;Queda de Moto;;;;1;;1;;;;;1;1;;;
02/12/2015;16:27:00;448;com vítima;453;BR-262/MG;Oeste;Colisão Transversal;;;;1;1;;;;;;1;;1;;
02/12/2015;18:01:00;478;sem vítima;462;BR-262/MG;Oeste;Colisão Traseira;3;;;;;;;;;;3;;;;
02/12/2015;14:15:00;377;com vítima;468,02;BR-262/MG;Oeste;Outros - sequências;;;1;;1;;;;;;7;2;;;
02/12/2015;08:05:00;145;sem vítima;479,6;BR-262/MG;Leste;Engavetamento;1;;;;;2;;;;1;4;;;;
02/12/2015;14:13:00;375;sem vítima;499;BR-262/MG;Leste;Saida de Pista;1;;;;;;;;;;1;;;;
02/12/2015;17:18:00;467;sem vítima;553;BR-153/GO;Sul;Colisão Traseira;;;1;;;;;;;1;2;;;;
02/12/2015;12:44:00;324;sem vítima;101;BR-060/GO;Norte;Colisão Transversal;1;;;;;1;;;;1;3;;;;
02/12/2015;06:18:00;98;com vítima;570;BR-153/GO;Norte;Colisão Traseira;;;;1;;;;;;;0;;1;;
02/12/2015;13:29:00;345;sem vítima;597;BR-262/MG;Oeste;Saida de Pista;;;1;;;;;;;;1;;;;
02/12/2015;17:11:00;465;sem vítima;616;BR-262/MG;Leste;Saida de Pista;;;;;;;;;;1;1;;;;
02/12/2015;17:12:00;466;sem vítima;618;BR-262/MG;Leste;;1;;;;;;;;;;1;;;;
02/12/2015;15:32:00;424;sem vítima;595;BR-153/GO;Norte;Saida de Pista;;;1;;;;;;;1;2;;;;
02/12/2015;04:30:00;75;com vítima;634;BR-153/GO;Norte;Tombamento;;;1;;;;;;;;0;2;;;
02/12/2015;04:28:00;74;com vítima;877;BR-262/MG;Oeste;Choque - Outros;;;;1;;;;;;;0;1;;;
03/12/2015;10:43:00;236;sem vítima;0,1;BR-060/DF;Norte;Colisão Traseira;1;;;;;1;;;;;2;;;;
03/12/2015;05:57:00;71;sem vítima;493;BR-153/GO;Norte;Saida de Pista;;;1;;;;;;;;1;;;;
03/12/2015;22:25:00;599;sem vítima;362;BR-262/MG;Oeste;Saida de Pista;;;;;;;;;;1;1;;;;
03/12/2015;23:42:00;620;sem vítima;14;BR-060/GO;Sul;Queda de Moto;;;;1;;;;;;;1;;;;
03/12/2015;16:07:00;428;sem vítima;500,5;BR-153/GO;Sul;Engavetamento;4;;;;;;;;;;4;;;;
03/12/2015;19:34:00;535;sem vítima;510;BR-153/GO;Sul;Colisão Traseira;2;;;;;;;;;;2;;;;
03/12/2015;06:38:00;79;com vítima;521;BR-262/MG;Leste;Saida de Pista;;;1;;;;;;;;0;1;;;
03/12/2015;17:04:00;468;sem vítima;515;BR-153/GO;Norte;Saida de Pista;;;;;;;;;;1;1;;;;
03/12/2015;20:32:00;563;sem vítima;521,5;BR-153/GO;Norte;Saida de Pista;1;;;;;;;;;;1;;;;
03/12/2015;07:27:00;92;com vítima;597;BR-262/MG;Oeste;Capotamento;1;;;;;;;;;;0;;;1;1
03/12/2015;17:01:00;466;sem vítima;643;BR-262/MG;Oeste;Saida de Pista;1;;;;;;;;;;1;;;;
03/12/2015;06:43:00;81;sem vítima;647;BR-262/MG;Leste;Saida de Pista;;;;;;;;;;1;1;;;;
03/12/2015;16:51:00;457;sem vítima;648;BR-262/MG;Oeste;Saida de Pista;;;1;;;;;;;;1;;;;
03/12/2015;13:56:00;360;sem vítima;701;BR-262/MG;Leste;Saida de Pista;;;1;;;;;;;;2;;;;
03/12/2015;23:51:00;624;sem vítima;811;BR-262/MG;Oeste;Saida de Pista;1;;;;;;;;;;1;;;;
04/12/2015;21:46:00;604;sem vítima;365;BR-262/MG;Oeste;Saida de Pista;1;;;;;;;;;;1;;;;
04/12/2015;08:54:00;160;sem vítima;495;BR-153/GO;Sul;Saida de Pista;1;;;;;;;;;;1;;;;
04/12/2015;20:07:00;544;sem vítima;368;BR-262/MG;Oeste;Saida de Pista;1;;;;;;;;;;1;;;;
04/12/2015;10:37:00;235;sem vítima;9;BR-153/MG;Sul;Colisão Traseira;2;;;;;;;;;;2;;;;
04/12/2015;20:06:00;546;sem vítima;372;BR-262/MG;Leste;;1;;;;;;;;;;1;;;;
04/12/2015;09:18:00;173;sem vítima;25;BR-060/GO;Norte;Colisão Traseira;1;;;;;1;;;;1;3;;;;
04/12/2015;01:05:00;20;com vítima;20;BR-153/MG;Norte;Outros - sequências;;;1;;;1;;;;;1;1;;;
04/12/2015;07:55:00;106;sem vítima;22;BR-153/MG;Norte;Saida de Pista;1;;;;;;;;;;1;;;;
04/12/2015;11:44:00;272;sem vítima;31;BR-060/GO;Norte;Colisão Lateral;1;;;1;;;;;;;2;;;;
04/12/2015;16:41:00;453;sem vítima;43;BR-060/GO;Sul;Colisão Traseira;2;;;;;;;;;;2;;;;
04/12/2015;10:02:00;202;sem vítima;437;BR-262/MG;Leste;Saida de Pista;1;;1;;;;;;;;3;;;;
04/12/2015;19:48:00;542;com vítima;505,5;BR-153/GO;Sul;Colisão Traseira;;;;1;;1;;;;;1;1;;;
04/12/2015;16:28:00;441;com vítima;510,3;BR-153/GO;Sul;Choque - Veiculo parado na pista;;;1;1;;;;;;;1;1;;;
04/12/2015;22:07:00;599;com vítima;509;BR-262/MG;Oeste;Saida de Pista;;;1;;;;;;;;0;1;;;
04/12/2015;02:01:00;40;sem vítima;514;BR-153/GO;Norte;Capotamento;1;;;;;;;;;;2;;;;
04/12/2015;21:50:00;590;sem vítima;547;BR-262/MG;Leste;Saida de Pista;1;;;;;;;;;;1;;;;
04/12/2015;11:49:00;275;sem vítima;95;BR-060/GO;Sul;Saida de Pista;1;;;;;1;;;;;2;;;;
04/12/2015;22:35:00;627;sem vítima;582;BR-262/MG;Leste;Saida de Pista;1;;;;;;;;;;1;;;;
04/12/2015;20:31:00;558;sem vítima;583;BR-262/MG;Leste;Colisão Lateral;;;;;;;;;;1;1;;;;
04/12/2015;05:41:00;74;sem vítima;100;BR-060/GO;Sul;Colisão Traseira;1;;2;;;;;;;;3;;;;
04/12/2015;19:15:00;559;sem vítima;586,5;BR-262/MG;Leste;Colisão Lateral;1;;;;;;;;;;2;;;;
04/12/2015;15:16:00;388;sem vítima;186;BR-153/MG;Norte;Colisão Lateral;;;1;;;;;;;1;2;;;;
04/12/2015;16:03:00;420;sem vítima;599,6;BR-153/GO;Sul;Saida de Pista;1;;;;;;;;;;1;;;;
04/12/2015;01:17:00;24;com vítima;695;BR-262/MG;Leste;Outros - sequências;1;;;;;;;;;;0;;;1;
04/12/2015;18:44:00;508;sem vítima;766;BR-262/MG;Leste;Colisão Lateral;1;;;;;;;;;;1;;;;
04/12/2015;16:34:00;450;sem vítima;769;BR-262/MG;Leste;Saida de Pista;;;1;;;;;;;;1;;;;
04/12/2015;19:22:00;525;com vítima;770;BR-262/MG;Oeste;Saida de Pista;1;;;;;;;;;;0;1;;;
05/12/2015;09:33:00;186;sem vítima;357;BR-262/MG;Oeste;Saida de Pista;;;1;;;1;;;;;2;;;;
05/12/2015;18:40:00;531;sem vítima;380,5;BR-262/MG;Leste;Saida de Pista;1;;;;;;;;;;1;;;;
05/12/2015;18:52:00;445;sem vítima;381;BR-262/MG;Leste;Saida de Pista;1;;;;;;;;;;1;;;;
05/12/2015;22:09:00;512;sem vítima;382;BR-262/MG;Oeste;Choque - Defensa, barreira ou "submarino";1;;;;;;;;;;1;;;;
05/12/2015;01:10:00;27;sem vítima;388;BR-262/MG;Oeste;Capotamento;1;;;;;;;;;;1;;;;