data;horario;n_da_ocorrencia;tipo_de_ocorrencia;km;trecho;sentido;tipo_de_acidente;automovel;bicicleta;caminhao;moto;onibus;outros;tracao_animal;transporte_de_cargas_especiais;trator_maquinas;utilitarios;ilesos;levemente_feridos;moderadamente_feridos;gravemente_feridos;mortos
05/12/2015;17:50:00;431;sem vítima;388;BR-262/MG;Oeste;Saida de Pista;1;;;;;;;;;;1;;;;
05/12/2015;08:20:00;130;sem vítima;47,9;BR-060/GO;Norte;Saida de Pista;;;1;;;;;;;;1;;;;
05/12/2015;20:54:00;486;com vítima;444;BR-262/MG;Leste;Saida de Pista;1;;;;;;;;;;0;1;;;
05/12/2015;22:32:00;521;sem vítima;5;BR-060/DF;Sul;Colisão Traseira;2;;;;;;;;;;2;;;;
05/12/2015;15:13:00;351;com vítima;491;BR-262/MG;Oeste;Colisão Frontal;2;;;;;;;;;;2;3;;1;
05/12/2015;11:26:00;242;sem vítima;92,3;BR-060/GO;Norte;Colisão Traseira;1;;;;;1;;;;;2;;;;
05/12/2015;13:55:00;313;sem vítima;560;BR-262/MG;Leste;Saida de Pista;1;;;;;;;;;;1;;;;
05/12/2015;18:11:00;424;com vítima;523;BR-153/GO;Norte;Queda de Moto;;;;1;;;;;;;0;2;;;
05/12/2015;18:08:00;422;sem vítima;121,6;BR-153/MG;Sul;Colisão Traseira;;;2;;;;;;;;2;;;;
05/12/2015;18:09:00;423;com vítima;574;BR-262/MG;Leste;Saida de Pista;1;;;;;;;;;;0;1;;;
05/12/2015;00:24:00;11;sem vítima;97,5;BR-060/GO;Sul;Outros - sequências;2;;;;;;;;;;2;;;;
05/12/2015;15:00:00;343;sem vítima;582;BR-262/MG;Oeste;Saida de Pista;1;;;;;;;;;;2;;;;
05/12/2015;15:09:00;347;sem vítima;585;BR-262/MG;Oeste;Saida de Pista;1;;;;;;;;;;1;;;;
05/12/2015;16:32:00;379;sem vítima;166;BR-153/MG;Norte;Saida de Pista;1;;;;;;;;;;1;;;;
05/12/2015;18:15:00;427;sem vítima;116;BR-060/GO;Norte;Saida de Pista;1;;;;;;;;;;1;;;;
05/12/2015;07:21:00;92;sem vítima;116,5;BR-060/GO;Norte;Saida de Pista;1;;;;;;;;;;1;;;;
05/12/2015;19:02:00;447;sem vítima;622,4;BR-153/GO;Norte;Saida de Pista;1;;;;;;;;;;1;;;;
05/12/2015;18:20:00;441;com vítima;814;BR-262/MG;Leste;Colisão Traseira;1;1;;;;;;;;;1;1;;;
05/12/2015;22:13:00;514;com vítima;136,8;BR-060/GO;Norte;Colisão Frontal;1;;;1;;;;;;;0;1;;;1
05/12/2015;08:33:00;139;sem vítima;698,5;BR-153/GO;Norte;Colisão Traseira;;;2;;;;;;;;2;;;;
06/12/2015;19:12:00;431;com vítima;5;BR-060/GO;Norte;Outros - sequências;1;;;;;;;;;;0;2;;;
06/12/2015;16:00:00;320;com vítima;6,8;BR-060/GO;Norte;Outros - sequências;;;;;;;;;;1;0;2;;;
06/12/2015;01:11:00;22;sem vítima;4,6;BR-153/MG;Norte;;1;;;;;;;;;;1;;;;
06/12/2015;05:18:00;70;com vítima;496;BR-153/GO;Sul;Colisão Traseira;;;;1;;1;;;;;1;1;;;
06/12/2015;03:39:00;57;sem vítima;376;BR-262/MG;Oeste;Saida de Pista;1;;;;;;;;;;1;;;;
06/12/2015;20:05:00;465;sem vítima;380;BR-262/MG;Leste;Saida de Pista;1;;;;;;;;;;1;;;;
06/12/2015;12:13:00;252;com vítima;498;BR-153/GO;Sul;Colisão Traseira;2;;;;;;;;;;0;2;;;
06/12/2015;10:11:00;201;com vítima;381;BR-262/MG;Oeste;Saida de Pista;;;;1;;;;;;;0;;1;;
06/12/2015;00:30:00;10;com vítima;18,5;BR-153/MG;Sul;Saida de Pista;1;;;;;;;;;;0;1;;;
06/12/2015;14:16:00;284;com vítima;34;BR-060/GO;Sul;Colisão Lateral;2;;;;;;;;;;1;1;;;
06/12/2015;13:27:00;270;com vítima;432;BR-262/MG;Leste;Colisão Lateral;;;;1;;1;;;;;1;2;;;
06/12/2015;23:32:00;530;sem vítima;504;BR-153/GO;Norte;Choque - Suporte de Sinalização;1;;;;;;;;;;1;;;;
06/12/2015;09:00:00;142;sem vítima;64;BR-060/GO;Norte;Capotamento;;;;;;;;;;1;1;;;;
06/12/2015;20:24:00;469;com vítima;462;BR-262/MG;Oeste;Colisão Traseira;1;;1;;;;;;;;1;3;;;
06/12/2015;13:37:00;272;sem vítima;507;BR-153/GO;Sul;Engavetamento;2;;1;;;;;;;;3;;;;
06/12/2015;02:29:00;43;sem vítima;58;BR-153/MG;Sul;;;;1;;;;;;;;1;;;;
06/12/2015;08:50:00;143;sem vítima;476;BR-262/MG;Leste;Saida de Pista;1;;;;;;;;;;1;;;;
06/12/2015;02:16:00;39;sem vítima;105,5;BR-153/MG;Norte;;;;1;;;;;;;;1;;;;
06/12/2015;21:39:00;498;sem vítima;553;BR-262/MG;Oeste;Saida de Pista;;;2;;;;;;;;2;;;;
06/12/2015;10:41:00;221;com vítima;519,52;BR-153/GO;Sul;Saida de Pista;1;;;;;;;;;;3;;1;;
06/12/2015;03:33:00;55;sem vítima;568;BR-262/MG;Leste;Capotamento;;;;;;;;;;1;1;;;;
06/12/2015;09:05:00;147;sem vítima;573;BR-262/MG;Leste;Outros - sequências;1;;;;;;;;;;1;;;;
06/12/2015;14:42:00;296;com vítima;563;BR-153/GO;Norte;Tombamento;;;1;;;;;;;;0;1;;;
06/12/2015;07:17:00;98;sem vítima;589;BR-262/MG;Oeste;Outros - sequências;1;;;;;;;;;;1;;;;
06/12/2015;08:12:00;113;sem vítima;607;BR-262/MG;Leste;Outros - sequências;1;;;;;;;;;;1;;;;
06/12/2015;11:40:00;249;com vítima;586;BR-153/GO;Norte;Capotamento;;;;;;;;;;1;0;1;;;
06/12/2015;11:40:00;258;com vítima;587;BR-153/GO;Norte;Capotamento;1;;;;;;;;;;0;1;;;
06/12/2015;17:27:00;371;com vítima;26,2;BR-060/DF;Sul;Saida de Pista;;;;;;;;;;1;0;2;;;
06/12/2015;08:17:00;115;sem vítima;800;BR-262/MG;Leste;Outros - sequências;1;;;;;1;;;;;2;;;;
06/12/2015;12:16:00;253;com vítima;801;BR-262/MG;Leste;Colisão Lateral;;;;2;;;;;;;1;1;;;
06/12/2015;08:30:00;118;com vítima;816;BR-262/MG;Oeste;Queda de Ciclista;;1;;;;;;;;;0;;;;1
06/12/2015;22:35:00;511;com vítima;696;BR-153/GO;Sul;Colisão Traseira;2;;;;;;;;;;1;4;;;
06/12/2015;08:40:00;123;sem vítima;881;BR-262/MG;Oeste;Outros - sequências;1;;;;;;;;;;1;;;;
06/12/2015;22:57:00;522;sem vítima;885;BR-262/MG;Oeste;Saida de Pista;1;;;;;;;;;;1;;;;
07/12/2015;16:46:00;447;sem vítima;491;BR-153/GO;Norte;Colisão Lateral;;;;1;;;;;;1;2;;;;
07/12/2015;23:21:00;609;sem vítima;366;BR-262/MG;Leste;Colisão Traseira;2;;;;;;;;;;2;;;;
07/12/2015;17:33:00;469;sem vítima;25,9;BR-060/GO;Sul;Saida de Pista;1;;;;;;;;;;1;;;;
07/12/2015;03:21:00;45;sem vítima;396;BR-262/MG;Oeste;Colisão Traseira;;;1;;;;;;;1;2;;;;
07/12/2015;14:34:00;373;sem vítima;400,5;BR-262/MG;Leste;Outros - sequências;1;;;;;;;;;;1;;;;
07/12/2015;21:26:00;563;sem vítima;412;BR-262/MG;Oeste;Saida de Pista;;;;;;;;;;1;1;;;;
07/12/2015;19:03:00;502;sem vítima;48;BR-060/GO;Norte;Outros - sequências;2;;;;;;;;;;2;;;;
07/12/2015;18:41:00;496;sem vítima;438;BR-262/MG;Leste;Outros - sequências;1;;;;;;;;;;1;;;;
07/12/2015;07:16:00;93;sem vítima;55;BR-153/MG;Norte;Carreta deu L;;;1;;;;;;;;1;;;;
07/12/2015;17:43:00;474;sem vítima;465;BR-262/MG;Oeste;Outros - sequências;;;2;;;;;;;;2;;;;
07/12/2015;05:30:00;69;sem vítima;84;BR-060/GO;Sul;Choque - Objeto sobre a pista;1;;;;;;;;;;1;;;;
07/12/2015;01:26:00;26;sem vítima;10;BR-060/DF;Sul;Saida de Pista;1;;;;;;;;;;1;;;;
07/12/2015;16:28:00;604;sem vítima;113,3;BR-153/MG;Norte;Colisão Traseira;2;;;;;;;;;;2;;;;
07/12/2015;16:30:00;439;com vítima;114;BR-153/MG;Norte;Colisão Traseira;1;;;;;;;;;1;1;1;;;
07/12/2015;18:25:00;494;sem vítima;582;BR-262/MG;Oeste;Saida de Pista;;;1;;;;;;;;1;;;;
07/12/2015;19:50:00;523;sem vítima;146;BR-153/MG;Sul;Saida de Pista;1;;;;;;;;;;1;;;;
07/12/2015;17:40:00;486;sem vítima;586;BR-262/MG;Leste;Saida de Pista;;;;;;;;;;1;1;;;;
07/12/2015;19:57:00;518;com vítima;591;BR-262/MG;Oeste;Saida de Pista;;;1;;;;;;;;0;1;;;
07/12/2015;18:59:00;570;sem vítima;667;BR-262/MG;Leste;Saida de Pista;;;;;;;;;;1;1;;;;
08/12/2015;16:58:00;406;sem vítima;506,2;BR-153/GO;Norte;Colisão Traseira;2;;;;;;;;;;2;;;;
08/12/2015;07:44:00;90;sem vítima;507;BR-153/GO;Norte;Colisão Traseira;1;;1;;;;;;;;2;;;;
08/12/2015;14:44:00;336;com vítima;91;BR-060/GO;Sul;Outros - sequências;1;;;;;1;;;;;1;1;;;
08/12/2015;17:52:00;433;com vítima;598;BR-153/GO;Norte;Outros - sequências;1;;;;;;;;;;0;1;;;
08/12/2015;08:03:00;101;sem vítima;662;BR-262/MG;Leste;Choque - Objeto sobre a pista;1;;;;;;;;;;1;;;;
08/12/2015;18:48:00;476;sem vítima;631;BR-153/GO;Sul;Saida de Pista;1;;;;;;;;;;1;;;;
08/12/2015;01:58:00;34;com vítima;135,8;BR-060/GO;Sul;Outros - sequências;1;;;;;;;;;;0;1;;;
09/12/2015;08:25:00;109;sem vítima;491;BR-153/GO;Sul;;;;;1;;;;;;;1;;;;
09/12/2015;18:00:00;429;sem vítima;494;BR-153/GO;Sul;Choque - Defensa, barreira ou "submarino";1;;;;;;;;;;1;;;;
09/12/2015;22:23:00;560;com vítima;500;BR-153/GO;Norte;Queda de Moto;;;;1;;;;;;;0;1;;;
09/12/2015;07:48:00;77;sem vítima;505;BR-153/GO;Norte;Colisão Traseira;1;;;;;1;;;;;2;;;;
09/12/2015;22:57:00;575;com vítima;507;BR-153/GO;Sul;Atropelamento - Animal;;;;1;;;;;;;0;1;;;
09/12/2015;20:52:00;520;sem vítima;58;BR-153/MG;Sul;Outros - sequências;;;2;;;;;;;;2;;;;
09/12/2015;21:35:00;539;com vítima;511;BR-153/GO;Sul;Colisão Traseira;1;;;1;;;;;;;1;1;;;
09/12/2015;07:03:00;51;com vítima;512;BR-153/GO;Sul;Colisão Traseira;;;;1;;1;;;;;1;1;;;
09/12/2015;11:02:00;168;sem vítima;13;BR-060/DF;Sul;Colisão Traseira;;1;;;;1;;;;;2;;;;
09/12/2015;07:09:00;52;sem vítima;583;BR-153/GO;Sul;Saida de Pista;1;;;;;;;;;;1;;;;
09/12/2015;05:58:00;32;sem vítima;198,3;BR-153/MG;Norte;Atropelamento - Animal;1;;;;;;;;;;1;;;;
09/12/2015;08:18:00;103;com vítima;136;BR-060/GO;Norte;Atropelamento - Usuário;;;1;;;;;;;;1;;;1;
09/12/2015;08:33:00;114;sem vítima;137,5;BR-060/GO;Sul;;;;;;;;;;;;1;;;;
09/12/2015;21:32:00;538;com vítima;702;BR-153/GO;Norte;Atropelamento - Usuário;1;;;;;;;;;;1;1;;;
09/12/2015;03:56:00;20;sem vítima;138;BR-060/GO;Sul;Outros - sequências;1;;;;;1;;;;;2;;;;
10/12/2015;08:40:00;136;sem vítima;0,1;BR-060/DF;Norte;Colisão Traseira;1;;;1;;;;;;;2;;;;
10/12/2015;18:34:00;473;sem vítima;395;BR-262/MG;Leste;Saida de Pista;1;;;;;;;;;;1;;;;
10/12/2015;14:16:00;323;sem vítima;407,8;BR-262/MG;Oeste;Saida de Pista;1;;;;;;;;;;1;;;;
10/12/2015;17:36:00;436;com vítima;418;BR-262/MG;Oeste;Outros - sequências;;;;;;;;;;1;0;1;1;;
10/12/2015;15:28:00;354;sem vítima;507;BR-153/GO;Sul;Choque - Talude;;;;;;1;;;;1;2;;;;
10/12/2015;01:11:00;17;com vítima;6;BR-060/DF;Sul;Choque - Suporte de Sinalização;1;;;;;;;;;;1;1;;;
10/12/2015;07:37:00;98;sem vítima;470;BR-262/MG;Leste;Saida de Pista;;;1;;;;;;;;1;;;;
10/12/2015;21:09:00;532;sem vítima;538;BR-262/MG;Oeste;Saida de Pista;;;1;;;;;;;;1;;;;
10/12/2015;17:40:00;440;sem vítima;583,5;BR-262/MG;Oeste;Outros - sequências;;;;;;;;;;1;1;;;;
10/12/2015;14:18:00;324;com vítima;585;BR-262/MG;Oeste;Capotamento;1;;;;;;;;;;0;1;;;
10/12/2015;14:09:00;319;com vítima;589;BR-262/MG;Oeste;Outros - sequências;;;;;;;;;;1;0;3;;;
10/12/2015;17:35:00;435;sem vítima;594;BR-262/MG;Oeste;Colisão Lateral;;;2;;;;;;;;2;;;;
10/12/2015;09:24:00;171;sem vítima;600;BR-262/MG;Leste;Colisão Lateral;1;;1;;;;;;;;2;;;;
10/12/2015;03:56:00;45;sem vítima;666;BR-262/MG;Oeste;Atropelamento - Animal;1;;;;;;;;;;1;;;;
11/12/2015;20:20:00;580;com vítima;1,5;BR-060/DF;Sul;Atropelamento - Andarilho;;;;;;1;;;;;1;;1;;
11/12/2015;11:44:00;248;sem vítima;498;BR-153/GO;Norte;Colisão Lateral;1;;1;;;;;;;;2;;;;
11/12/2015;12:27:00;281;sem vítima;498,5;BR-153/GO;Sul;Colisão Frontal;2;;1;;;;;;;;3;;;;
11/12/2015;02:38:00;17;sem vítima;382;BR-262/MG;Leste;Choque - Veiculo parado no acostamento;;;2;;;;;;;;2;;;;
11/12/2015;21:31:00;611;com vítima;501,5;BR-153/GO;Norte;Colisão Lateral;;;1;1;;;;;;;1;1;;;
11/12/2015;12:35:00;285;sem vítima;502;BR-153/GO;Norte;Colisão Traseira;2;;;;;;;;;;2;;;;
11/12/2015;20:02:00;564;com vítima;437;BR-262/MG;Leste;Queda de Ciclista;;;;1;;;;;;;0;;;;1
11/12/2015;16:52:00;457;sem vítima;438;BR-262/MG;Leste;Outros - sequências;1;;;;;;;;;;1;;;;
11/12/2015;02:38:00;16;sem vítima;50;BR-153/MG;Norte;Colisão Traseira;;;2;;;;;;;;4;;;;
11/12/2015;17:08:00;468;sem vítima;475,5;BR-262/MG;Oeste;Colisão Lateral;1;;1;;;;;;;;2;;;;
11/12/2015;19:19:00;544;com vítima;508,9;BR-153/GO;Sul;Queda de Moto;;;;1;;;;;;;0;1;;;
11/12/2015;23:29:00;648;sem vítima;95;BR-060/GO;Norte;Saida de Pista;1;;;;;;;;;;1;;;;
11/12/2015;00:03:00;1;sem vítima;532;BR-153/GO;Norte;Saida de Pista;1;;;;;;;;;;1;;;;
11/12/2015;17:34:00;483;sem vítima;580;BR-262/MG;Oeste;Saida de Pista;1;;;;;;;;;;1;;;;
11/12/2015;22:13:00;626;sem vítima;31;BR-060/DF;Sul;Saida de Pista;1;;;;;;;;;;1;;;;
12/12/2015;21:05:00;548;sem vítima;2;BR-060/DF;Sul;Outros - sequências;1;;;;;1;;;;;2;;;;
12/12/2015;04:14:00;38;sem vítima;405;BR-262/MG;Leste;Capotamento;1;;;;;;;;;;1;;;;
12/12/2015;09:15:00;142;sem vítima;458;BR-262/MG;Leste;Soterramento;1;;;;;;;;;;1;;;;
12/12/2015;17:52:00;461;sem vítima;85;BR-153/MG;Norte;Colisão Traseira;;;2;;;;;;;;2;;;;
12/12/2015;21:57:00;569;com vítima;93,5;BR-060/GO;Sul;Atropelamento - Outros;2;;;;;;;;;;2;;1;;
12/12/2015;12:26:00;247;sem vítima;94,8;BR-060/GO;Norte;Colisão Traseira;;;;;;1;;;;1;2;;;;
12/12/2015;13:28:00;289;sem vítima;698;BR-262/MG;Oeste;Atropelamento - Animal;1;;;;;;;;;;1;;;;
12/12/2015;08:27:00;96;sem vítima;118,5;BR-060/GO;Sul;Colisão Traseira;3;;;;;;;;;;3;;;;
13/12/2015;06:25:00;44;com vítima;492;BR-153/GO;Sul;Saida de Pista;1;;;;;;;;;;0;1;;;
13/12/2015;04:26:00;30;sem vítima;494;BR-153/GO;Norte;Saida de Pista;1;;;;;1;;;;;2;;;;
13/12/2015;19:25:00;431;com vítima;413;BR-262/MG;Leste;Outros - sequências;1;;;;;;;;;;2;3;;;
13/12/2015;08:14:00;81;sem vítima;434;BR-262/MG;Leste;Saida de Pista;1;;;;;;;;;;3;;;;
13/12/2015;06:57:00;52;com vítima;444;BR-262/MG;Oeste;Colisão Frontal;;;;1;;;;;;1;1;1;;;
13/12/2015;16:10:00;339;com vítima;469,7;BR-262/MG;Leste;Saida de Pista;1;;;;;;;;;;0;;;1;
13/12/2015;16:52:00;360;sem vítima;480;BR-262/MG;Oeste;Saida de Pista;;;1;;;;;;;;1;;;;
13/12/2015;08:25:00;83;sem vítima;108;BR-153/MG;Norte;Saida de Pista;1;;;;;;;;;;1;;;;
13/12/2015;17:52:00;400;sem vítima;548;BR-262/MG;Leste;Saida de Pista;;;1;;;;;;;;1;;;;
13/12/2015;12:06:00;221;com vítima;525;BR-153/GO;Norte;Colisão Traseira;2;;;;;;;;;;2;2;;;
13/12/2015;18:18:00;408;com vítima;584;BR-262/MG;Oeste;Saida de Pista;1;;;;;;;;;;0;1;;;
13/12/2015;09:52:00;129;sem vítima;108;BR-060/GO;Norte;Saida de Pista;1;;;;;;;;;;1;;;;
13/12/2015;16:03:00;331;sem vítima;590;BR-262/MG;Oeste;;;;;1;;;;;;;1;;;;
13/12/2015;16:03:00;330;com vítima;592;BR-262/MG;Leste;Queda de Moto;;;;1;;;;;;;0;1;;;
13/12/2015;02:29:00;22;sem vítima;584;BR-153/GO;Sul;Saida de Pista;1;;;;;;;;;;1;;;;
13/12/2015;15:44:00;323;sem vítima;816;BR-262/MG;Leste;Saida de Pista;1;;;;;;;;;;1;;;;
14/12/2015;14:57:00;342;sem vítima;357;BR-262/MG;Oeste;Saida de Pista;1;;;;;1;;;;;2;;;;
14/12/2015;13:40:00;306;sem vítima;359;BR-262/MG;Oeste;Colisão Traseira;1;;1;;;;;;;;2;;;;
14/12/2015;16:02:00;370;sem vítima;17;BR-060/GO;Norte;Capotamento;1;;;;;;;;;;1;;;;
14/12/2015;17:08:00;405;sem vítima;405;BR-262/MG;Oeste;Saida de Pista;1;;;;;;;;;;2;;;;
14/12/2015;20:29:00;499;sem vítima;63;BR-060/GO;Norte;Atropelamento - Animal;;;;;1;;;;;;1;;;;
14/12/2015;23:21:00;557;sem vítima;64;BR-060/GO;Norte;Atropelamento - Animal;1;;;;;;;;;;1;;;;
14/12/2015;18:12:00;441;com vítima;509;BR-153/GO;Norte;Colisão Traseira;;;1;1;;;;;;;1;;1;;
14/12/2015;08:26:00;97;sem vítima;81;BR-153/MG;Norte;Colisão Traseira;2;;;;;;;;;;3;;;;
14/12/2015;02:55:00;24;sem vítima;513;BR-153/GO;Sul;Outros - sequências;2;;;;;;;;;;2;;;;
14/12/2015;17:37:00;424;sem vítima;527;BR-153/GO;Norte;Queda de Moto;;;;1;;;;;;;1;;;;
14/12/2015;20:32:00;502;com vítima;99,8;BR-060/GO;Sul;Atropelamento - Andarilho;1;;;;;;;;;;1;;;;1
14/12/2015;17:17:00;415;sem vítima;20;BR-060/DF;Norte;Outros - sequências;1;;;;;;;;;;1;;;;
14/12/2015;15:15:00;354;sem vítima;107;BR-060/GO;Sul;Colisão Traseira;1;;;;;;;;;1;2;;;;
14/12/2015;15:02:00;346;com vítima;613;BR-153/GO;Sul;Saida de Pista;1;;;;;;;;;;0;2;;;
14/12/2015;16:00:00;369;sem vítima;623;BR-153/GO;Sul;Queda de Ciclista;;;;1;;;;;;;1;;;;
14/12/2015;17:48:00;429;sem vítima;768;BR-262/MG;Oeste;Outros - sequências;2;;1;;;;;;;;5;;;;
15/12/2015;21:58:00;495;sem vítima;495;BR-153/GO;Norte;Choque - Defensa, barreira ou "submarino";1;;;;;;;;;;1;;;;
15/12/2015;13:37:00;294;com vítima;372;BR-262/MG;Oeste;Capotamento;1;;;;;;;;;;0;1;;;
15/12/2015;13:53:00;304;com vítima;372;BR-262/MG;Leste;Colisão Traseira;2;;;;;;;;;;2;1;;;
15/12/2015;11:44:00;223;com vítima;2,5;BR-060/DF;Norte;Saida de Pista;1;;;;;;;;;;0;1;;;
15/12/2015;10:40:00;186;sem vítima;429;BR-262/MG;Leste;Colisão Traseira;2;;;;;;;;;;2;;;;
15/12/2015;20:29:00;469;sem vítima;44;BR-153/MG;Norte;Engavetamento;;;3;;;;;;;;3;;;;
15/12/2015;15:07:00;339;sem vítima;58;BR-153/MG;Norte;Tombamento;;;1;;;;;;;;1;;;;
15/12/2015;10:36:00;183;com vítima;515;BR-153/GO;Sul;Saida de Pista;;;1;1;;;;;;;1;1;;;
15/12/2015;23:48:00;538;sem vítima;123,5;BR-153/MG;Sul;;1;;;;;;;;;;1;;;;
15/12/2015;07:10:00;87;com vítima;134;BR-153/MG;Sul;Tombamento;;;1;;;;;;;;0;1;;;
15/12/2015;17:03:00;386;com vítima;125;BR-060/GO;Norte;Colisão Traseira;;;2;;;;;;;;1;1;;;
15/12/2015;15:52:00;359;sem vítima;229;BR-153/MG;Sul;Outros - sequências;;;1;;;;;;;;1;;;;
15/12/2015;14:57:00;332;sem vítima;128;BR-060/GO;Norte;Outros - sequências;;;;;;;;;;1;1;;;;
15/12/2015;14:53:00;330;com vítima;803,5;BR-262/MG;Oeste;Saida de Pista;1;;;;;;;;;;0;1;;;
16/12/2015;08:11:00;98;com vítima;496;BR-153/GO;Sul;Colisão Transversal;;;;1;;1;;;;;1;1;;;
16/12/2015;07:21:00;67;sem vítima;42;BR-060/GO;Sul;Choque - Defensa, barreira ou "submarino";1;;;;;;;;;;1;;;;
16/12/2015;17:58:00;459;sem vítima;500,5;BR-153/GO;Sul;Colisão Traseira;2;;;;;;;;;;2;;;;
16/12/2015;14:18:00;332;sem vítima;408;BR-262/MG;Leste;Colisão Traseira;2;;1;;;;;;;;3;;;;
16/12/2015;16:56:00;424;sem vítima;429,9;BR-262/MG;Leste;Saida de Pista;1;;;;;;;;;;1;;;;
16/12/2015;18:27:00;482;sem vítima;66;BR-153/MG;Norte;Outros - sequências;;;2;;;;;;;1;3;;;;
16/12/2015;17:05:00;427;sem vítima;88;BR-060/GO;Norte;Colisão Traseira;2;;;;;;;;;;2;;;;
16/12/2015;10:23:00;200;sem vítima;89;BR-060/GO;Norte;Colisão Traseira;2;;;;;;;;;;2;;;;
16/12/2015;05:42:00;37;com vítima;526;BR-262/MG;Leste;Saida de Pista;1;;;;;;;;;;0;5;;;
16/12/2015;21:39:00;578;sem vítima;539;BR-262/MG;Oeste;Saida de Pista;;;1;;;;;;;;1;;;;
16/12/2015;12:45:00;282;sem vítima;516,7;BR-153/GO;Sul;Outros - sequências;1;;;;;;;;;;1;;;;
16/12/2015;21:59:00;586;sem vítima;559;BR-262/MG;Oeste;Saida de Pista;;;1;;;;;;;;1;;;;
16/12/2015;23:07:00;605;sem vítima;522;BR-153/GO;Norte;Colisão Traseira;2;;;;;;;;;;4;;;;
16/12/2015;17:26:00;439;com vítima;96;BR-060/GO;Norte;Outros - sequências;3;;;;;;;;;;1;2;;;
16/12/2015;17:55:00;457;sem vítima;568;BR-262/MG;Oeste;Saida de Pista;1;;;;;;;;;;1;;;;
16/12/2015;19:50:00;532;com vítima;578;BR-262/MG;Leste;Outros - sequências;;;2;;;;;;;;0;1;1;;1
16/12/2015;20:57:00;563;sem vítima;147;BR-153/MG;Sul;Outros - sequências;;;1;;;;;;;;1;;;;
16/12/2015;10:41:00;210;sem vítima;558,8;BR-153/GO;Sul;Colisão Traseira;;;2;;;;;;;;2;;;;
16/12/2015;17:46:00;451;com vítima;599;BR-153/GO;Norte;Capotamento;1;;;;;1;;;;;1;1;;;
16/12/2015;11:01:00;217;sem vítima;125;BR-060/GO;Norte;Outros - sequências;1;;;;;;;;;;1;;;;
16/12/2015;14:39:00;343;sem vítima;693,3;BR-153/GO;Sul;Outros - sequências;1;;;;;;;;;;1;;;;
17/12/2015;21:21:00;528;sem vítima;1;BR-060/DF;Sul;Outros - sequências;3;;;;;;;;;;3;;;;
17/12/2015;21:02:00;520;sem vítima;425;BR-262/MG;Leste;Saida de Pista;1;;;;;;;;;;1;;;;
17/12/2015;07:44:00;73;com vítima;508;BR-153/GO;Sul;Colisão Traseira;1;;;1;;;;;;;1;1;;;
17/12/2015;12:12:00;237;sem vítima;88;BR-060/GO;Norte;Colisão Lateral;1;;1;;;;;;;;2;;;;
17/12/2015;02:42:00;29;com vítima;109;BR-153/MG;Sul;Colisão Lateral;;;1;1;;;;;;;0;1;;;1
17/12/2015;09:58:00;165;com vítima;575;BR-262/MG;Oeste;Colisão Lateral;;;2;;;;;;;;1;3;;;
17/12/2015;04:42:00;35;sem vítima;15,5;BR-060/DF;Norte;Atropelamento - Animal;1;;;;;;;;;;1;;;;
17/12/2015;18:15:00;438;sem vítima;586;BR-262/MG;Leste;Saida de Pista;1;;;;;;;;;;1;;;;
17/12/2015;00:02:00;1;sem vítima;225;BR-153/MG;Norte;Saida de Pista;1;;;;;;;;;;1;;;;
18/12/2015;14:55:00;367;com vítima;18,5;BR-060/GO;Norte;Choque - Defensa, barreira ou "submarino";;;1;;;;;;;;0;1;;;
18/12/2015;14:41:00;354;com vítima;368;BR-262/MG;Leste;Colisão Lateral;2;;;;;;;;;;1;1;;;
18/12/2015;14:00:00;334;sem vítima;496;BR-153/GO;Norte;Colisão Traseira;;;;1;1;;;;;;2;;;;
18/12/2015;17:50:00;473;sem vítima;499;BR-153/GO;Sul;Engavetamento;4;;;;;;;;;;4;;;;
18/12/2015;14:36:00;350;sem vítima;22,7;BR-153/MG;Norte;Saida de Pista;1;;;;;;;;;;1;;;;
18/12/2015;15:05:00;375;com vítima;385;BR-262/MG;Oeste;Saida de Pista;1;;;;;;;;;;0;2;;;
18/12/2015;11:47:00;231;sem vítima;39;BR-060/GO;Norte;Choque - Defensa, barreira ou "submarino";1;;;;;;;;;;1;;;;
18/12/2015;23:45:00;652;sem vítima;25;BR-153/MG;Sul;Colisão Traseira;1;;1;;;;;;;;2;;;;
18/12/2015;20:43:00;640;sem vítima;412;BR-262/MG;Oeste;Saida de Pista;1;;;;;;;;;;1;;;;
18/12/2015;03:45:00;33;sem vítima;48;BR-060/GO;Norte;Atropelamento - Animal;;;1;;;;;;;;1;;;;
18/12/2015;22:19:00;616;sem vítima;422;BR-262/MG;Leste;Outros - sequências;;;1;;;;;;;;2;;;;
18/12/2015;12:48:00;258;com vítima;506;BR-153/GO;Sul;Colisão Traseira;1;;;1;;;;;;;1;1;;;
18/12/2015;19:30:00;531;sem vítima;460;BR-262/MG;Leste;Tombamento;;;1;;;;;;;;2;;;;
18/12/2015;01:39:00;17;com vítima;478;BR-262/MG;Leste;Colisão Lateral;1;;1;;;;;;;;1;1;;;
18/12/2015;01:04:00;13;com vítima;480;BR-262/MG;Leste;Colisão Lateral;;;1;;;1;;;;;1;2;;;
18/12/2015;19:19:00;522;com vítima;104,2;BR-153/MG;Sul;Capotamento;1;;;;;;;;;;0;;1;;
18/12/2015;02:55:00;28;sem vítima;132;BR-153/MG;Sul;Atropelamento - Animal;1;;;;;;;;;;1;;;;