data;horario;n_da_ocorrencia;tipo_de_ocorrencia;km;trecho;sentido;tipo_de_acidente;automovel;bicicleta;caminhao;moto;onibus;outros;tracao_animal;transporte_de_cargas_especiais;trator_maquinas;utilitarios;ilesos;levemente_feridos;moderadamente_feridos;gravemente_feridos;mortos
29/12/2015;17:36:00;335;com vítima;580;BR-153/GO;Norte;Saida de Pista;1;;;;;;;;;;0;1;;;
29/12/2015;16:50:00;312;sem vítima;587;BR-153/GO;Sul;Tombamento;;;1;;;;;;;;1;;;;
29/12/2015;09:16:00;110;sem vítima;640;BR-262/MG;Leste;Atropelamento - Animal;1;;;;;;;;;;1;;;;
29/12/2015;18:49:00;388;sem vítima;591;BR-153/GO;Sul;Saida de Pista;1;;;;;;;;;;1;;;;
29/12/2015;23:55:00;501;sem vítima;767;BR-262/MG;Leste;Saida de Pista;1;;;;;;;;;;1;;;;
29/12/2015;23:54:00;500;sem vítima;29;BR-060/DF;Norte;Choque - Defensa, barreira ou "submarino";1;;;;;;;;;;2;;;;
29/12/2015;05:16:00;30;sem vítima;851;BR-262/MG;Oeste;Saida de Pista;1;;;;;;;;;;2;;;;
29/12/2015;18:20:00;373;sem vítima;136,5;BR-060/GO;Sul;Engavetamento;3;;;;;;;;;;3;;;;
30/12/2015;07:24:00;73;sem vítima;0,2;BR-060/DF;Sul;Saida de Pista;1;;;;;;;;;;1;;;;
30/12/2015;12:03:00;400;sem vítima;381;BR-262/MG;Oeste;Tombamento;;;1;;;;;;;;1;;;;
30/12/2015;09:17:00;212;sem vítima;395;BR-262/MG;Leste;;;;;;;;;;;1;1;;;;
30/12/2015;09:05:00;189;sem vítima;405;BR-262/MG;Leste;Outros - sequências;1;;;;;;;;;;1;;;;
30/12/2015;19:44:00;649;sem vítima;510;BR-153/GO;Norte;Queda de Ciclista;;;;1;;;;;;;1;;;;
30/12/2015;19:06:00;626;com vítima;521;BR-262/MG;Oeste;Outros - sequências;1;;;;;;;;;;0;1;;;
30/12/2015;08:08:00;112;sem vítima;548;BR-262/MG;Leste;Carreta deu L;;;1;;;;;;;;1;;;;
30/12/2015;11:18:00;351;sem vítima;548;BR-262/MG;Oeste;Saida de Pista;;;;;;;;;;1;1;;;;
30/12/2015;09:44:00;258;sem vítima;515;BR-153/GO;Norte;Colisão Lateral;2;;;;;;;;;;2;;;;
30/12/2015;09:45:00;259;sem vítima;549;BR-262/MG;Leste;Saida de Pista;1;;;;;;;;;;1;;;;
30/12/2015;16:12:00;539;sem vítima;519,5;BR-153/GO;Sul;Saida de Pista;1;;;;;;;;;;1;;;;
30/12/2015;06:13:00;55;com vítima;583;BR-262/MG;Leste;Colisão Frontal;1;;1;;;;;;;;0;1;;1;
30/12/2015;11:04:00;343;sem vítima;99;BR-060/GO;Sul;Saida de Pista;2;;;;;;;;;;2;;;;
30/12/2015;19:50:00;654;com vítima;552;BR-153/GO;Norte;Saida de Pista;1;;;;;;;;;;3;1;;;
30/12/2015;09:30:00;243;sem vítima;591;BR-262/MG;Leste;Saida de Pista;1;;;;;;;;;;1;;;;
30/12/2015;15:19:00;501;sem vítima;593;BR-262/MG;Leste;;1;;;;;;;;;;1;;;;
30/12/2015;15:19:00;500;com vítima;593,7;BR-262/MG;Oeste;Outros - sequências;1;;1;;;;;;;;1;1;1;1;
30/12/2015;08:47:00;146;sem vítima;594;BR-262/MG;Leste;Saida de Pista;;;;;;;;;;1;1;;;;
30/12/2015;07:43:00;87;sem vítima;600;BR-262/MG;Leste;Saida de Pista;1;;;;;;;;;;1;;;;
30/12/2015;12:01:00;396;sem vítima;600,8;BR-262/MG;Leste;Saida de Pista;1;;;;;;;;;;1;;;;
30/12/2015;18:06:00;600;com vítima;583,3;BR-153/GO;Sul;Capotamento;;;;;;;;;;1;1;1;;;
30/12/2015;15:27:00;509;sem vítima;589;BR-153/GO;Sul;Saida de Pista;1;;;;;;;;;;1;;;;
30/12/2015;00:14:00;5;sem vítima;114,6;BR-060/GO;Sul;Saida de Pista;1;;;;;;;;;;1;;;;
30/12/2015;16:11:00;537;com vítima;656;BR-262/MG;Oeste;Outros - sequências;;;1;;;1;;;;;1;2;;;
30/12/2015;16:59:00;564;sem vítima;605;BR-153/GO;Sul;Saida de Pista;1;;;;;;;;;;1;;;;
31/12/2015;20:16:00;471;com vítima;498;BR-153/GO;Sul;Queda de Ciclista;;;;1;;;;;;;0;2;;;
31/12/2015;16:18:00;361;sem vítima;29;BR-060/GO;Norte;Saida de Pista;1;;;;;;;;;;1;;;;
31/12/2015;13:46:00;282;sem vítima;39,2;BR-060/GO;Sul;Outros - sequências;1;;;;;1;;;;;3;;;;
31/12/2015;14:18:00;298;com vítima;437,5;BR-262/MG;Oeste;Saida de Pista;1;;;;;;;;;;0;1;;;
31/12/2015;16:03:00;350;sem vítima;445,5;BR-262/MG;Leste;Saida de Pista;1;;;;;;;;;;1;;;;
31/12/2015;21:11:00;489;com vítima;506;BR-153/GO;Norte;Colisão Lateral;;;;1;;1;;;;;1;2;;;
31/12/2015;07:54:00;113;sem vítima;510;BR-153/GO;Norte;Colisão Traseira;1;;;1;;;;;;;2;;;;
31/12/2015;13:51:00;284;com vítima;95;BR-060/GO;Sul;Outros - sequências;;;1;;;1;;;;;1;1;;;
31/12/2015;01:54:00;20;com vítima;525;BR-153/GO;Norte;Queda de Moto;;;;1;;;;;;;0;;;1;
31/12/2015;18:20:00;410;com vítima;534,1;BR-153/GO;Norte;Capotamento;;;;;;;;;;1;0;2;;;
31/12/2015;19:31:00;444;sem vítima;15;BR-060/DF;Norte;Atropelamento - Animal;1;;;;;;;;;;1;;;;
31/12/2015;11:31:00;222;sem vítima;553;BR-153/GO;Norte;Colisão Traseira;;;1;;;;;;;1;2;;;;
31/12/2015;08:30:00;131;sem vítima;600;BR-262/MG;Oeste;Colisão Traseira;2;;;;;;;;;;2;;;;
31/12/2015;14:56:00;319;com vítima;679;BR-262/MG;Leste;Outros - sequências;1;;;;;;;;;;0;1;;;
31/12/2015;03:08:00;33;com vítima;777;BR-262/MG;Oeste;Outros - sequências;1;;;;;;;;;;0;1;2;;
31/12/2015;16:14:00;359;com vítima;822;BR-262/MG;Oeste;Saida de Pista;;;;1;;;;;;;0;2;;;
31/12/2015;02:18:00;25;com vítima;134;BR-060/GO;Norte;Queda de Moto;;;;1;;;;;;;0;1;;;
01/01/2016;02:57:00;20;com vítima;2,1;BR-060/GO;Norte;Outros - sequências;1;;;;;;;;;;0;1;2;;
01/01/2016;08:42:00;66;com vítima;402;BR-262/MG;Leste;Tombamento;;;1;;;;;;;;0;1;;;
01/01/2016;08:17:00;59;sem vítima;410,5;BR-262/MG;Oeste;Saida de Pista;1;;;;;;;;;;1;;;;
01/01/2016;12:39:00;148;sem vítima;48;BR-060/GO;Sul;Saida de Pista;1;;;;;;;;;;1;;;;
01/01/2016;12:53:00;150;sem vítima;502;BR-153/GO;Norte;Colisão Traseira;2;;;;;;;;;;2;;;;
01/01/2016;20:01:00;295;sem vítima;4,3;BR-060/DF;Sul;Saida de Pista;1;;;;;;;;;;1;;;;
01/01/2016;01:35:00;10;sem vítima;46;BR-153/MG;Sul;Saida de Pista;1;;;;;;;;;;2;;;;
01/01/2016;20:19:00;306;sem vítima;506;BR-153/GO;Sul;Saida de Pista;1;;;;;;;;;;1;;;;
01/01/2016;07:38:00;42;sem vítima;82;BR-060/GO;Sul;Outros - sequências;4;;;;;;;;;;9;;;;
01/01/2016;16:49:00;222;com vítima;549;BR-262/MG;Leste;Outros - sequências;1;;;;;;;;;;0;2;;;
01/01/2016;14:29:00;172;sem vítima;517,5;BR-153/GO;Sul;Saida de Pista;1;;;;;;;;;;2;;;;
01/01/2016;14:03:00;167;sem vítima;527;BR-153/GO;Norte;Saida de Pista;;;;;;;;;;1;2;;;;
01/01/2016;05:52:00;36;com vítima;533,5;BR-153/GO;Sul;Capotamento;1;;;;;;;;;;0;4;;;
01/01/2016;02:37:00;19;com vítima;545,3;BR-153/GO;Sul;Capotamento;1;;;;;;;;;;0;;;;1
01/01/2016;13:04:00;152;sem vítima;25;BR-060/DF;Norte;Outros - sequências;1;;1;;;;;;;;2;;;;
01/01/2016;17:53:00;245;sem vítima;694;BR-262/MG;Oeste;Queda;;;;1;;;;;;;1;;;;
01/01/2016;18:00:00;249;com vítima;127;BR-060/GO;Norte;Outros - sequências;1;;;;;;;;;;0;2;;;
01/01/2016;04:01:00;26;sem vítima;137,8;BR-060/GO;Sul;Colisão Lateral;3;;;;;;;;;;3;;;;
02/01/2016;22:56:00;427;com vítima;2,9;BR-153/MG;Sul;Saida de Pista;1;;;;;;;;;;0;1;;;
02/01/2016;15:34:00;256;sem vítima;381;BR-262/MG;Oeste;Saida de Pista;1;;;;;;;;;;1;;;;
02/01/2016;15:58:00;264;com vítima;45;BR-060/GO;Norte;Outros - sequências;;;1;;;;;;;;0;1;1;;
02/01/2016;18:14:00;317;sem vítima;500;BR-262/MG;Oeste;Saida de Pista;1;;;;;;;;;;1;;;;
02/01/2016;19:50:00;354;sem vítima;508;BR-262/MG;Oeste;Saida de Pista;1;;;;;;;;;;1;;;;
02/01/2016;15:08:00;238;sem vítima;92;BR-060/GO;Sul;Capotamento;1;;;;;;;;;;1;;;;
02/01/2016;21:20:00;394;com vítima;516;BR-262/MG;Leste;;1;;;;;;;;;;0;1;;;
02/01/2016;14:29:00;220;com vítima;555;BR-262/MG;Leste;Outros - sequências;1;;;;;;;;;;0;4;;;
02/01/2016;14:29:00;247;sem vítima;555;BR-262/MG;Leste;Saida de Pista;1;;;;;;;;;;1;;;;
02/01/2016;16:16:00;271;sem vítima;558;BR-262/MG;Leste;Choque - Talude;1;;;;;;;;;;1;;;;
02/01/2016;16:48:00;284;sem vítima;582;BR-262/MG;Leste;Saida de Pista;1;;;;;;;;;;1;;;;
02/01/2016;16:42:00;280;sem vítima;593;BR-262/MG;Oeste;Colisão Traseira;3;;;;;;;;;;3;;;;
02/01/2016;22:58:00;428;com vítima;615;BR-262/MG;Leste;Tombamento;;;1;;;1;;;;;1;1;;;
02/01/2016;11:19:00;143;sem vítima;685;BR-262/MG;Oeste;Colisão Lateral;1;;;;;;;;;1;4;;;;
02/01/2016;15:33:00;254;com vítima;618;BR-153/GO;Norte;Saida de Pista;;;;1;;;;;;;0;;1;;
02/01/2016;21:34:00;398;sem vítima;224;BR-153/MG;Sul;Outros - sequências;2;;;;;;;;;;4;;;;
03/01/2016;19:05:00;491;com vítima;490;BR-153/GO;Sul;Colisão Lateral;1;;;;;1;;;;;1;2;;;
03/01/2016;11:01:00;199;sem vítima;491,5;BR-153/GO;Norte;Choque - Defensa, barreira ou "submarino";;;1;;;;;;;;1;;;;
03/01/2016;15:25:00;345;com vítima;380;BR-262/MG;Leste;Saida de Pista;1;;;;;;;;;;0;2;;;
03/01/2016;17:31:00;429;com vítima;382;BR-262/MG;Leste;Outros - sequências;1;;;;;1;;;;;1;1;;;
03/01/2016;16:16:00;388;com vítima;395;BR-262/MG;Oeste;Colisão Traseira;2;;;;;;;;;;0;2;;;
03/01/2016;15:39:00;360;com vítima;441;BR-262/MG;Leste;Outros - sequências;1;;;;;;;;;;0;1;;;
03/01/2016;07:19:00;66;sem vítima;52;BR-153/MG;Norte;Colisão Traseira;2;;;;;;;;;;2;;;;
03/01/2016;08:03:00;87;com vítima;508;BR-153/GO;Sul;Queda de Moto;;;;1;;;;;;;0;1;;;
03/01/2016;14:53:00;330;sem vítima;509;BR-153/GO;Norte;Colisão Traseira;1;;;;;;;;;;1;;;;
03/01/2016;16:00:00;374;sem vítima;517;BR-262/MG;Leste;Saida de Pista;1;;;;;;;;;;1;;;;
03/01/2016;21:28:00;557;com vítima;524;BR-262/MG;Leste;Colisão Lateral;1;;;;;;;;;1;1;2;;;
03/01/2016;15:31:00;353;com vítima;134;BR-153/MG;Norte;Outros - sequências;;;2;;;;;;;;1;2;;;
03/01/2016;06:20:00;52;sem vítima;553;BR-153/GO;Norte;Atropelamento - Animal;1;;;;;;;;;;1;;;;
03/01/2016;13:29:00;289;sem vítima;107;BR-060/GO;Sul;Colisão Traseira;2;;;;;;;;;;2;;;;
03/01/2016;21:16:00;550;sem vítima;617;BR-262/MG;Oeste;Atropelamento - Animal;1;;;;;;;;;;1;;;;
03/01/2016;08:19:00;101;sem vítima;192;BR-153/MG;Norte;Saida de Pista;1;;;;;;;;;;1;;;;
03/01/2016;15:19:00;340;com vítima;123;BR-060/GO;Norte;Saida de Pista;1;;;;;;;;;;0;5;;;
03/01/2016;15:38:00;359;com vítima;131;BR-060/GO;Norte;Colisão Traseira;1;;;;1;1;;;;;1;2;;;
04/01/2016;06:21:00;34;com vítima;382;BR-262/MG;Leste;Saida de Pista;1;;;;;;;;;;0;2;;;
04/01/2016;19:23:00;382;sem vítima;388;BR-262/MG;Oeste;Saida de Pista;1;;;;;;;;;;1;;;;
04/01/2016;06:41:00;35;com vítima;501;BR-153/GO;Norte;Queda de Moto;1;;;;;;;;;;0;1;;;
04/01/2016;08:52:00;105;com vítima;426,5;BR-262/MG;Leste;Saida de Pista;1;;;;;;;;;;0;1;;;
04/01/2016;14:09:00;230;sem vítima;52;BR-060/GO;Norte;Colisão Traseira;1;;;1;;;;;;;2;;;;
04/01/2016;18:36:00;367;sem vítima;39;BR-153/MG;Norte;Colisão Lateral;;;1;;;;;;;1;2;;;;
04/01/2016;13:15:00;217;com vítima;55;BR-060/GO;Norte;Capotamento;1;;;;;;;;;;0;1;;;
04/01/2016;13:03:00;212;com vítima;504;BR-153/GO;Sul;Outros - sequências;4;;2;;;;;;;;4;3;;;
04/01/2016;13:03:00;431;sem vítima;504;BR-153/GO;Sul;Engavetamento;2;;1;;;1;;;;;4;;;;
04/01/2016;13:00:00;343;com vítima;504,2;BR-153/GO;Sul;Colisão Traseira;1;;1;;;;;;;;1;;1;;
04/01/2016;21:41:00;439;sem vítima;439;BR-262/MG;Leste;Saida de Pista;1;;;;;;;;;;1;;;;
04/01/2016;09:19:00;116;com vítima;78;BR-060/GO;Norte;Saida de Pista;;;1;;;1;;;;;1;1;;;
04/01/2016;07:51:00;59;sem vítima;509;BR-153/GO;Norte;Colisão Traseira;3;;;;;1;;;;;4;;;;
04/01/2016;11:29:00;181;com vítima;499;BR-262/MG;Leste;Saida de Pista;1;;;;;;;;;;0;2;;;
04/01/2016;05:42:00;32;sem vítima;539;BR-262/MG;Oeste;Saida de Pista;1;;;;;1;;;;;2;;;;
04/01/2016;07:18:00;48;com vítima;549;BR-262/MG;Leste;Saida de Pista;2;;;;;;;;;;2;2;;;
04/01/2016;18:46:00;370;sem vítima;95,3;BR-060/GO;Norte;;1;;1;;;;;;;;2;;;;
04/01/2016;22:32:00;452;sem vítima;564;BR-262/MG;Leste;Outros - sequências;1;;1;;;;;;;;2;;;;
04/01/2016;12:05:00;194;com vítima;582;BR-262/MG;Leste;Colisão Lateral;2;;;;;;;;;;1;4;;;
04/01/2016;07:28:00;52;sem vítima;150;BR-153/MG;Norte;Saida de Pista;1;;;;;;;;;;1;;;;
04/01/2016;13:31:00;219;com vítima;592,1;BR-262/MG;Oeste;Saida de Pista;1;;;;;;;;;;0;3;;;
04/01/2016;12:00:00;191;com vítima;593;BR-262/MG;Leste;Outros - sequências;;;;;;;;;;1;0;3;;;
04/01/2016;12:45:00;207;sem vítima;113;BR-060/GO;Sul;Saida de Pista;1;;;;;;;;;;1;;;;
04/01/2016;12:04:00;193;com vítima;711;BR-262/MG;Leste;Saida de Pista;1;;;;;;;;;;0;1;;;
04/01/2016;15:16:00;257;com vítima;118;BR-060/GO;Norte;Saida de Pista;1;;;;;;;;;;0;1;;;
04/01/2016;15:08:00;249;sem vítima;752,5;BR-262/MG;Leste;Saida de Pista;1;;;;;;;;;;1;;;;
04/01/2016;16:56:00;315;com vítima;644,2;BR-153/GO;Sul;Outros - sequências;1;;;;;;;;;;0;3;;;
05/01/2016;16:40:00;327;com vítima;360;BR-262/MG;Oeste;Colisão Lateral;;;1;1;;;;;;;1;;1;;
05/01/2016;15:50:00;308;com vítima;496,9;BR-153/GO;Sul;Outros - sequências;1;;1;1;;;;;;;2;;;;1
05/01/2016;18:42:00;386;sem vítima;29;BR-060/GO;Sul;Saida de Pista;1;;;;;;;;;;1;;;;
05/01/2016;06:29:00;48;sem vítima;3;BR-060/DF;Norte;Colisão Traseira;1;;;1;;;;;;;2;;;;
05/01/2016;07:49:00;72;sem vítima;3;BR-060/DF;Norte;Colisão Lateral;2;;;;;;;;;;2;;;;
05/01/2016;13:53:00;259;com vítima;46;BR-060/GO;Norte;Saida de Pista;1;;;;;;;;;;0;1;;;
05/01/2016;04:49:00;41;com vítima;533;BR-153/GO;Sul;Colisão Lateral;;;1;;;;;;;;0;;1;;
05/01/2016;07:27:00;62;sem vítima;101;BR-060/GO;Norte;Colisão Traseira;1;;;;;1;;;;;2;;;;
05/01/2016;16:05:00;313;sem vítima;583;BR-153/GO;Sul;Saida de Pista;1;;;;;;;;;;2;;;;
05/01/2016;12:04:00;214;sem vítima;186;BR-153/MG;Sul;Engavetamento;2;;1;;;;;;;;3;;;;
05/01/2016;17:27:00;351;sem vítima;116;BR-060/GO;Sul;Saida de Pista;1;;;;;;;;;;1;;;;
05/01/2016;07:07:00;57;com vítima;612;BR-153/GO;Norte;Outros - sequências;1;;;;;;;;;;0;2;;;
05/01/2016;13:15:00;242;sem vítima;122;BR-060/GO;Norte;Outros - sequências;;;1;;;;;;;;1;;;;
05/01/2016;17:34:00;352;com vítima;628,2;BR-153/GO;Norte;Saida de Pista;;;;;;;;;;1;0;1;;;
05/01/2016;20:32:00;428;com vítima;698;BR-153/GO;Sul;Colisão Frontal;1;1;;;;;;;;;1;1;;;
06/01/2016;19:58:00;466;sem vítima;15;BR-060/GO;Sul;Colisão Traseira;2;;;;;;;;;;2;;;;
06/01/2016;13:25:00;273;com vítima;7;BR-153/MG;Sul;Outros - sequências;1;;;;;;;;;;0;1;;;
06/01/2016;11:56:00;234;com vítima;14;BR-153/MG;Sul;Queda de Ciclista;;;;1;;;;;;;0;1;;;
06/01/2016;16:21:00;348;sem vítima;50;BR-153/MG;Sul;Saida de Pista;1;;;;;;;;;;1;;;;
06/01/2016;18:11:00;402;sem vítima;522;BR-153/GO;Sul;Saida de Pista;1;;;;;;;;;;1;;;;
06/01/2016;22:05:00;505;com vítima;573;BR-153/GO;Norte;Outros - sequências;;;;;;;;;;1;0;4;;;
06/01/2016;20:39:00;481;com vítima;615;BR-153/GO;Norte;Outros - sequências;;;;;;;;;;1;0;;1;;
06/01/2016;11:30:00;218;sem vítima;129;BR-060/GO;Norte;Saida de Pista;1;;;;;;;;;;1;;;;
06/01/2016;13:52:00;282;com vítima;136,5;BR-060/GO;Sul;Colisão Transversal;;;;2;;;;;;;1;1;;;
07/01/2016;21:04:00;538;sem vítima;1;BR-153/MG;Norte;Choque - Outros;1;;;;;;;;;;1;;;;
07/01/2016;02:11:00;35;sem vítima;368;BR-262/MG;Oeste;Choque - Defensa, barreira ou "submarino";1;;;;;;;;;;1;;;;
07/01/2016;13:29:00;305;sem vítima;38,4;BR-060/GO;Norte;Saida de Pista;1;;;;;;;;;;2;;;;
07/01/2016;16:26:00;394;com vítima;46,4;BR-060/GO;Norte;Capotamento;1;;;;;;;;;;0;2;;;
07/01/2016;02:28:00;43;com vítima;501;BR-153/GO;Sul;Outros - sequências;1;;1;;;;;;;;0;2;;1;
07/01/2016;18:14:00;454;com vítima;34;BR-153/MG;Sul;Queda de Moto;;;;1;;;;;;;0;1;;;
07/01/2016;17:02:00;416;com vítima;504;BR-153/GO;Sul;Queda de Moto;;;;1;;;;;;;0;1;;;
07/01/2016;16:25:00;392;sem vítima;504,6;BR-153/GO;Norte;Outros - sequências;1;;;;1;;;;;;2;;;;
07/01/2016;14:26:00;330;sem vítima;461;BR-262/MG;Oeste;Colisão Traseira;1;;;;;1;;;;;2;;;;
07/01/2016;21:09:00;541;sem vítima;511;BR-153/GO;Norte;Choque - Poste;1;;;;;;;;;;1;;;;
07/01/2016;08:35:00;136;sem vítima;526,7;BR-262/MG;Leste;Colisão Traseira;1;;;;;1;;;;;2;;;;
07/01/2016;07:11:00;88;sem vítima;553;BR-262/MG;Leste;Colisão Lateral;1;;1;;;;;;;;2;;;;
07/01/2016;21:28:00;548;com vítima;586;BR-262/MG;Leste;Saida de Pista;1;;;;;;;;;;0;4;;;
07/01/2016;06:32:00;80;com vítima;566,3;BR-153/GO;Norte;Saida de Pista;;;1;;;;;;;;1;1;;;
07/01/2016;12:51:00;287;sem vítima;586;BR-153/GO;Sul;Saida de Pista;1;;;;;;;;;;1;;;;
07/01/2016;09:53:00;188;com vítima;636;BR-262/MG;Leste;Colisão Traseira;1;;;;;1;;;;;2;1;;;
07/01/2016;16:50:00;409;sem vítima;189,8;BR-153/MG;Norte;Colisão Traseira;;;2;;;;;;;;2;;;;
07/01/2016;07:53:00;103;sem vítima;117;BR-060/GO;Norte;Saida de Pista;;;;;;;;;;1;1;;;;
07/01/2016;22:39:00;577;sem vítima;623;BR-153/GO;Norte;Colisão Frontal;;;;;;;;;;1;1;;;;
07/01/2016;15:35:00;364;sem vítima;227;BR-153/MG;Norte;Colisão Traseira;;;2;;;;;;;;2;;;;
07/01/2016;16:51:00;410;sem vítima;631;BR-153/GO;Norte;Colisão Lateral;;;2;;;;;;;;2;;;;
07/01/2016;15:23:00;358;com vítima;131;BR-060/GO;Norte;Saida de Pista;1;;;;;;;;;;0;1;;;
07/01/2016;14:50:00;345;com vítima;699;BR-153/GO;Norte;Colisão Traseira;;;1;;1;;;;;;1;;1;;
08/01/2016;11:27:00;219;sem vítima;357;BR-262/MG;Leste;Colisão Traseira;3;;;;;;;;;;3;;;;
08/01/2016;09:59:00;167;com vítima;508;BR-262/MG;Oeste;Outros - sequências;;;1;;;;;;;;0;;;;1
08/01/2016;08:07:00;92;com vítima;96;BR-060/GO;Norte;Colisão Traseira;1;;;1;;;;;;;1;1;;;
08/01/2016;09:26:00;149;sem vítima;14;BR-060/DF;Norte;Saida de Pista;1;;;;;;;;;;1;;;;
08/01/2016;13:46:00;274;sem vítima;544;BR-153/GO;Sul;Saida de Pista;1;;;;;;;;;;1;;;;
08/01/2016;14:59:00;308;com vítima;17;BR-060/DF;Norte;Saida de Pista;;;;1;;;;;;;0;1;;;
08/01/2016;12:30:00;243;com vítima;587;BR-262/MG;Leste;Outros - sequências;1;;;;;;;;;;0;5;;;
08/01/2016;17:26:00;385;sem vítima;107,9;BR-060/GO;Sul;Choque - Defensa, barreira ou "submarino";;;;;;;;;;1;1;;;;
08/01/2016;13:10:00;255;sem vítima;592;BR-262/MG;Leste;Saida de Pista;1;;;;;;;;;;1;;;;
08/01/2016;11:59:00;228;sem vítima;594;BR-262/MG;Leste;Outros - sequências;1;;;;;;;;;;1;;;;
08/01/2016;13:27:00;268;com vítima;628,7;BR-153/GO;Sul;Outros - sequências;1;;;;;;;;;;0;2;;;
08/01/2016;17:20:00;392;sem vítima;130;BR-060/GO;Sul;Colisão Traseira;1;;;;;;;;;1;2;;;;
08/01/2016;00:13:00;5;sem vítima;691;BR-153/GO;Sul;Colisão Lateral;;;1;;;;;;;;1;;;;
08/01/2016;00:04:00;4;sem vítima;693;BR-153/GO;Sul;Colisão Frontal;;;1;;;;;;;;1;;;;
08/01/2016;20:37:00;465;sem vítima;699;BR-153/GO;Norte;;1;;;;;;;;;;1;;;;
08/01/2016;20:37:00;464;com vítima;702;BR-153/GO;Norte;Outros - sequências;1;;;;;1;;;;;1;3;;;
09/01/2016;23:59:00;536;com vítima;356;BR-262/MG;Oeste;Colisão Traseira;2;;;;;;;;;;0;3;1;;
09/01/2016;06:18:00;48;com vítima;11;BR-060/GO;Norte;Choque - Defensa, barreira ou "submarino";1;;;;;;;;;;0;2;;;
09/01/2016;16:38:00;381;sem vítima;13;BR-060/GO;Norte;Colisão Traseira;;;4;;;;;;;;4;;;;
09/01/2016;20:30:00;469;sem vítima;3;BR-060/DF;Sul;Colisão Traseira;2;;;;;;;;;;2;;;;
09/01/2016;06:16:00;47;com vítima;501;BR-153/GO;Norte;Queda de Ciclista;;;;1;;;;;;;0;1;;;
09/01/2016;22:47:00;515;com vítima;430;BR-262/MG;Oeste;Saida de Pista;1;;;;;;;;;;0;2;;;
09/01/2016;15:07:00;336;com vítima;484;BR-262/MG;Oeste;Saida de Pista;1;;;;;;;;;;0;1;;;
09/01/2016;11:19:00;208;sem vítima;508;BR-262/MG;Leste;Saida de Pista;1;;;;;;;;;;1;;;;
09/01/2016;13:45:00;299;sem vítima;545;BR-262/MG;Leste;Saida de Pista;1;;;;;;;;;;1;;;;
09/01/2016;09:19:00;129;com vítima;547;BR-262/MG;Oeste;Carreta deu L;;;1;;;1;;;;;1;2;;;
09/01/2016;01:50:00;21;com vítima;515;BR-153/GO;Norte;Queda de Moto;;;;1;;;;;;;0;1;;;
09/01/2016;00:32:00;13;sem vítima;551;BR-262/MG;Leste;Saida de Pista;;;1;;;;;;;;1;;;;
09/01/2016;03:19:00;26;sem vítima;120;BR-153/MG;Sul;Colisão Traseira;;;1;;1;;;;;;2;;;;
09/01/2016;23:47:00;533;sem vítima;530;BR-153/GO;Norte;Saida de Pista;1;;;;;;;;;;1;;;;
09/01/2016;02:56:00;24;sem vítima;548;BR-153/GO;Norte;Saida de Pista;;;3;;;;;;;;3;;;;
09/01/2016;12:58:00;259;sem vítima;583;BR-262/MG;Leste;Saida de Pista;1;;;;;;;;;;1;;;;
09/01/2016;17:56:00;417;com vítima;153,8;BR-153/MG;Norte;Capotamento;;;;;;;;;;1;0;1;;;
09/01/2016;12:08:00;237;sem vítima;587;BR-262/MG;Leste;Saida de Pista;1;;;;;;;;;;1;;;;
09/01/2016;11:16:00;207;com vítima;611;BR-262/MG;Leste;Saida de Pista;;;1;;;;;;;;0;1;;;1
09/01/2016;08:16:00;85;sem vítima;694;BR-262/MG;Oeste;Saida de Pista;1;;;;;1;;;;;3;;;;
09/01/2016;22:00:00;500;sem vítima;699;BR-262/MG;Leste;Atropelamento - Animal;1;;;;;;;;;;1;;;;
09/01/2016;08:38:00;102;sem vítima;723;BR-262/MG;Oeste;Colisão Traseira;2;;;;;;;;;;3;;;;
09/01/2016;10:55:00;194;sem vítima;792;BR-262/MG;Oeste;Colisão Lateral;;;1;;;1;;;;;2;;;;
09/01/2016;09:12:00;122;sem vítima;227;BR-153/MG;Norte;Colisão Traseira;;;2;;;;;;;;2;;;;
09/01/2016;22:41:00;513;sem vítima;801;BR-262/MG;Oeste;Saida de Pista;1;;;;;;;;;;1;;;;
09/01/2016;08:47:00;107;sem vítima;136;BR-060/GO;Norte;;;;;1;;;;;;;1;;;;
09/01/2016;07:45:00;68;sem vítima;703;BR-153/GO;Sul;Colisão Lateral;1;;1;;;;;;;;2;;;;
10/01/2016;13:58:00;251;sem vítima;1;BR-060/DF;Sul;Colisão Traseira;2;;;;;;;;;;2;;;;
10/01/2016;15:43:00;309;sem vítima;365;BR-262/MG;Leste;Choque - Defensa, barreira ou "submarino";1;;;;;1;;;;;2;;;;
10/01/2016;17:50:00;405;sem vítima;19;BR-060/GO;Norte;Saida de Pista;1;;;;;;;;;;1;;;;
10/01/2016;20:45:00;498;sem vítima;25;BR-060/GO;Sul;Choque - Defensa, barreira ou "submarino";1;;;;;;;;;;1;;;;
10/01/2016;17:29:00;387;com vítima;497;BR-153/GO;Norte;Outros - sequências;2;;1;;;;;;;;1;2;1;;
10/01/2016;15:33:00;300;com vítima;404;BR-262/MG;Oeste;Queda de Moto;;;;1;;1;;;;;1;2;;;
10/01/2016;20:38:00;496;sem vítima;29;BR-153/MG;Norte;Saida de Pista;1;;;;;;;;;;5;;;;
10/01/2016;15:47:00;315;sem vítima;32,9;BR-153/MG;Sul;Saida de Pista;1;;;;;;;;;;1;;;;