data;horario;n_da_ocorrencia;tipo_de_ocorrencia;km;trecho;sentido;tipo_de_acidente;automovel;bicicleta;caminhao;moto;onibus;outros;tracao_animal;transporte_de_cargas_especiais;trator_maquinas;utilitarios;ilesos;levemente_feridos;moderadamente_feridos;gravemente_feridos;mortos
10/01/2016;14:55:00;278;sem vítima;69;BR-060/GO;Sul;Saida de Pista;1;;;;;;;;;;1;;;;
10/01/2016;13:11:00;221;com vítima;99;BR-060/GO;Sul;Queda de Ciclista;;;;1;;;;;;;1;1;;;
10/01/2016;12:45:00;209;sem vítima;116;BR-060/GO;Sul;Queda de Ciclista;;;;1;;;;;;;1;;;;
10/01/2016;06:44:00;58;sem vítima;614;BR-153/GO;Norte;Saida de Pista;1;;;;;;;;;;1;;;;
10/01/2016;06:31:00;56;com vítima;703;BR-153/GO;Sul;Colisão Frontal;1;;;;;;;;;1;1;1;;;
11/01/2016;12:03:00;266;com vítima;47;BR-060/GO;Norte;Saida de Pista;1;;;;;;;;;;0;1;;;
11/01/2016;00:41:00;14;sem vítima;506;BR-153/GO;Norte;Colisão Traseira;2;;;;;;;;;;2;;;;
11/01/2016;17:26:00;464;com vítima;463,9;BR-262/MG;Oeste;Saida de Pista;1;;;;;;;;;;0;;1;;
11/01/2016;22:39:00;590;sem vítima;507;BR-153/GO;Sul;Saida de Pista;1;;;;;;;;;;1;;;;
11/01/2016;08:32:00;103;sem vítima;508,4;BR-153/GO;Norte;Colisão Traseira;1;;;;;1;;;;;2;;;;
11/01/2016;17:56:00;486;com vítima;104;BR-153/MG;Sul;Capotamento;1;;;;;;;;;;0;1;;;
11/01/2016;18:45:00;510;sem vítima;548;BR-262/MG;Leste;Saida de Pista;1;;;;;;;;;;1;;;;
11/01/2016;16:18:00;413;sem vítima;560;BR-262/MG;Leste;Saida de Pista;;;1;;;1;;;;;2;;;;
11/01/2016;04:53:00;47;com vítima;578;BR-262/MG;Leste;Colisão Transversal;;;2;;;;;;;;0;1;;1;1
11/01/2016;20:38:00;550;sem vítima;580;BR-262/MG;Oeste;Saida de Pista;1;;;;;;;;;;2;;;;
11/01/2016;08:10:00;86;sem vítima;137,5;BR-153/MG;Sul;Saida de Pista;1;;;;;;;;;;1;;;;
11/01/2016;19:13:00;521;sem vítima;590;BR-262/MG;Leste;Saida de Pista;1;;;;;;;;;;1;;;;
11/01/2016;06:06:00;56;com vítima;748;BR-262/MG;Leste;Colisão Traseira;1;;1;;;;;;;;0;2;;2;2
11/01/2016;15:39:00;385;com vítima;674,4;BR-153/GO;Sul;Saida de Pista;1;;;;;;;;;;0;4;;;
12/01/2016;16:53:00;327;com vítima;497;BR-153/GO;Norte;Outros - sequências;;;2;1;;;;;;;2;;;1;
12/01/2016;22:06:00;476;sem vítima;498;BR-153/GO;Norte;Colisão Traseira;1;;;;;1;;;;;2;;;;
12/01/2016;13:44:00;243;sem vítima;382;BR-262/MG;Oeste;Saida de Pista;1;;;;;;;;;;1;;;;
12/01/2016;08:51:00;90;com vítima;384;BR-262/MG;Oeste;Saida de Pista;1;;;;;;;;;;2;1;;;
12/01/2016;10:32:00;161;sem vítima;384;BR-262/MG;Oeste;Saida de Pista;1;;;;;;;;;;1;;;;
12/01/2016;13:10:00;217;sem vítima;414,5;BR-262/MG;Leste;Saida de Pista;1;;;;;;;;;;3;;;;
12/01/2016;21:11:00;450;sem vítima;501;BR-153/GO;Norte;Saida de Pista;1;;;;;;;;;;1;;;;
12/01/2016;11:38:00;183;sem vítima;75;BR-060/GO;Norte;Queda de Ciclista;;;;1;;;;;;;1;;;;
12/01/2016;13:50:00;251;com vítima;463;BR-262/MG;Leste;Outros - sequências;1;;;;;;;;;;0;2;;;
12/01/2016;11:33:00;179;com vítima;87;BR-060/GO;Norte;Capotamento;1;;;;;;;;;;0;1;1;;
12/01/2016;13:42:00;242;sem vítima;499;BR-262/MG;Oeste;Saida de Pista;1;;;;;;;;;;3;;;;
12/01/2016;12:31:00;204;sem vítima;549;BR-262/MG;Leste;Saida de Pista;1;;;;;;;;;;1;;;;
12/01/2016;12:08:00;199;sem vítima;582;BR-262/MG;Oeste;Saida de Pista;1;;;;;;;;;;1;;;;
12/01/2016;08:40:00;81;sem vítima;585,5;BR-262/MG;Oeste;Saida de Pista;;;1;;;;;;;;2;;;;
12/01/2016;09:56:00;128;sem vítima;150;BR-153/MG;Norte;Saida de Pista;1;;;;;;;;;;1;;;;
12/01/2016;14:32:00;275;sem vítima;590;BR-262/MG;Leste;Saida de Pista;;;;;;;;;;1;1;;;;
12/01/2016;10:42:00;158;sem vítima;593;BR-262/MG;Oeste;Capotamento;1;;;;;;;;;;1;;;;
12/01/2016;16:03:00;314;sem vítima;578;BR-153/GO;Norte;Capotamento;1;;;;;;;;;;1;;;;
12/01/2016;09:54:00;127;sem vítima;181;BR-153/MG;Norte;Saida de Pista;1;;;;;;;;;;1;;;;
12/01/2016;16:25:00;319;sem vítima;604;BR-153/GO;Sul;Capotamento;1;;;;;;;;;;1;;;;
12/01/2016;17:25:00;347;sem vítima;800;BR-262/MG;Oeste;Saida de Pista;1;;;;;;;;;;1;;;;
12/01/2016;06:15:00;29;sem vítima;840,5;BR-262/MG;Leste;Saida de Pista;;;;;1;;;;;;32;;;;
12/01/2016;10:40:00;156;sem vítima;690;BR-153/GO;Sul;Saida de Pista;;;1;;;;;;;;1;;;;
13/01/2016;07:01:00;37;com vítima;362;BR-262/MG;Oeste;Atropelamento - Usuário;1;;;;;;;;;;1;;1;;
13/01/2016;15:01:00;287;sem vítima;28;BR-060/GO;Sul;Saida de Pista;1;;;;;;;;;;1;;;;
13/01/2016;13:00:00;236;com vítima;405,4;BR-262/MG;Oeste;Saida de Pista;1;;;;;;;;;;0;1;;;
13/01/2016;11:30:00;194;sem vítima;426,5;BR-262/MG;Leste;Saida de Pista;1;;;;;;;;;;1;;;;
13/01/2016;07:32:00;44;sem vítima;451;BR-262/MG;Leste;Colisão Traseira;1;;;;;2;;;;;3;;;;
13/01/2016;17:33:00;374;com vítima;511,3;BR-153/GO;Sul;Queda de Moto;;;;1;;;;;;;1;;1;;
13/01/2016;18:23:00;414;com vítima;511,3;BR-153/GO;Sul;Queda de Moto;;;;1;;;;;;;0;2;;;
13/01/2016;13:59:00;263;sem vítima;546;BR-262/MG;Leste;Outros - sequências;;;;;;;;;;1;1;;;;
13/01/2016;15:16:00;293;sem vítima;519;BR-153/GO;Sul;Saida de Pista;1;;;;;;;;;;2;;;;
13/01/2016;13:24:00;247;com vítima;535;BR-153/GO;Sul;Colisão Traseira;1;;1;;;;;;;;1;1;;;
13/01/2016;12:14:00;217;com vítima;151;BR-153/MG;Norte;Capotamento;1;;;;;;;;;;0;2;;;
13/01/2016;13:57:00;260;sem vítima;595,3;BR-262/MG;Leste;Saida de Pista;1;;;;;1;;;;;4;;;;
13/01/2016;15:58:00;314;com vítima;193,1;BR-153/MG;Sul;Outros - sequências;1;;1;;;;;;;;1;2;2;;
13/01/2016;20:02:00;462;com vítima;227;BR-153/MG;Norte;Colisão Traseira;1;;1;;;;;;;;1;1;;;
13/01/2016;13:39:00;253;sem vítima;856;BR-262/MG;Oeste;;;;2;;;1;;;;;3;;;;
14/01/2016;12:57:00;239;sem vítima;4,8;BR-060/GO;Norte;Capotamento;1;;;;;;;;;;1;;;;
14/01/2016;13:08:00;246;com vítima;25,6;BR-060/GO;Sul;Saida de Pista;1;;;;;;;;;;1;1;;;
14/01/2016;11:07:00;187;com vítima;414;BR-262/MG;Oeste;Capotamento;1;;;;;;;;;;0;1;1;;
14/01/2016;15:46:00;320;sem vítima;429,2;BR-262/MG;Oeste;Outros - sequências;1;;;;;;;;;;2;;;;
14/01/2016;15:20:00;304;sem vítima;432;BR-262/MG;Leste;Saida de Pista;1;;;;;;;;;;2;;;;
14/01/2016;22:24:00;482;sem vítima;505;BR-153/GO;Norte;Colisão Lateral;2;;;;;;;;;;2;;;;
14/01/2016;16:20:00;330;com vítima;443;BR-262/MG;Leste;Outros - sequências;1;;;;;;;;;;1;1;;;
14/01/2016;16:35:00;341;com vítima;537,9;BR-262/MG;Oeste;Outros - sequências;1;;;;;;;;;;0;1;;;
14/01/2016;15:30:00;310;com vítima;549;BR-262/MG;Oeste;Colisão Frontal;2;;;;;;;;;;0;;3;3;
14/01/2016;16:37:00;342;sem vítima;123;BR-153/MG;Norte;Saida de Pista;;;1;;;;;;;;1;;;;
14/01/2016;10:36:00;166;sem vítima;578;BR-262/MG;Leste;Colisão Lateral;1;;1;;;;;;;;2;;;;
14/01/2016;13:02:00;240;com vítima;797,5;BR-262/MG;Leste;Saida de Pista;1;;;;;;;;;;2;1;1;;
14/01/2016;13:04:00;242;sem vítima;815;BR-262/MG;Leste;Capotamento;1;;;;;;;;;;1;;;;
14/01/2016;17:21:00;362;sem vítima;29,6;BR-060/DF;Sul;Saida de Pista;1;;;;;;;;;;1;;;;
14/01/2016;13:16:00;248;sem vítima;900;BR-262/MG;Leste;Saida de Pista;;;1;;;1;;;;;3;;;;
15/01/2016;18:34:00;446;sem vítima;9,8;BR-060/GO;Norte;Saida de Pista;1;;;;;;;;;;1;;;;
15/01/2016;01:59:00;35;sem vítima;366;BR-262/MG;Leste;Saida de Pista;1;;;;;;;;;;1;;;;
15/01/2016;23:06:00;558;sem vítima;379;BR-262/MG;Leste;Saida de Pista;;;;;;;;;;1;1;;;;
15/01/2016;07:03:00;80;sem vítima;391;BR-262/MG;Oeste;Saida de Pista;1;;;;;;;;;;1;;;;
15/01/2016;05:54:00;67;com vítima;419;BR-262/MG;Leste;Saida de Pista;1;;;;;;;;;;0;1;;;
15/01/2016;16:32:00;387;sem vítima;76;BR-153/MG;Norte;Capotamento;1;;;;;;;;;;1;;;;
15/01/2016;14:15:00;318;sem vítima;485;BR-262/MG;Oeste;Outros - sequências;1;;;;;1;;;;;2;;;;
15/01/2016;14:27:00;326;com vítima;485;BR-262/MG;Oeste;Colisão Transversal;1;;1;;;;;;;;1;;2;;
15/01/2016;14:43:00;332;com vítima;486;BR-262/MG;Leste;Colisão Traseira;;;2;;;;;;;;1;;1;;
15/01/2016;19:32:00;471;sem vítima;486,3;BR-262/MG;Oeste;Colisão Traseira;1;;;;;1;;;;;2;;;;
15/01/2016;16:01:00;375;com vítima;487;BR-262/MG;Oeste;Outros - sequências;2;;1;;;;;;;1;2;;3;;
15/01/2016;07:57:00;96;sem vítima;89;BR-060/GO;Norte;Saida de Pista;;;1;;;;;;;;1;;;;
15/01/2016;20:18:00;493;sem vítima;8;BR-060/DF;Sul;Queda de Ciclista;;;;1;;1;;;;;2;;;;
15/01/2016;12:18:00;246;sem vítima;92,3;BR-060/GO;Norte;Saida de Pista;;;1;;;;;;;;1;;;;
15/01/2016;19:03:00;463;sem vítima;529,4;BR-153/GO;Sul;Saida de Pista;1;;;;;;;;;;1;;;;
15/01/2016;13:29:00;289;sem vítima;97;BR-060/GO;Norte;Colisão Traseira;1;;;;;;;;;1;2;;;;
15/01/2016;13:43:00;297;sem vítima;578;BR-262/MG;Leste;Saida de Pista;1;;;;;1;;;;;2;;;;
15/01/2016;04:53:00;62;com vítima;100;BR-060/GO;Norte;Capotamento;1;;;;;;;;;;0;2;;;
15/01/2016;04:53:00;65;sem vítima;100;BR-060/GO;Norte;Colisão Lateral;;;1;;;;;;;;1;;;;
15/01/2016;00:35:00;11;sem vítima;639;BR-262/MG;Leste;Tombamento;;;1;;;;;;;;1;;;;
15/01/2016;19:09:00;466;com vítima;651;BR-262/MG;Leste;Colisão Frontal;1;;1;;;;;;;;1;2;;;
15/01/2016;01:30:00;21;com vítima;749;BR-262/MG;Oeste;Tombamento;;;1;;;;;;;;0;1;;;
15/01/2016;23:53:00;576;sem vítima;791;BR-262/MG;Leste;Saida de Pista;1;;;;;;;;;;1;;;;
15/01/2016;16:51:00;399;sem vítima;673,7;BR-153/GO;Norte;Saida de Pista;;;1;;;;;;;;1;;;;
15/01/2016;20:06:00;485;sem vítima;30,5;BR-060/DF;Sul;Colisão Traseira;2;;;;;;;;;;2;;;;
15/01/2016;10:50:00;203;sem vítima;903;BR-262/MG;Oeste;Outros - sequências;1;;1;;;;;;;;2;;;;
16/01/2016;19:21:00;388;sem vítima;496;BR-153/GO;Norte;Colisão Lateral;1;;1;;;;;;;;2;;;;
16/01/2016;13:46:00;242;com vítima;372;BR-262/MG;Oeste;Outros - sequências;1;;;;;;;;;;0;;1;;
16/01/2016;15:54:00;308;com vítima;382;BR-262/MG;Oeste;Saida de Pista;1;;;;;;;;;;1;1;;;
16/01/2016;14:20:00;254;sem vítima;382,5;BR-262/MG;Oeste;Colisão Traseira;2;;;;;;;;;;2;;;;
16/01/2016;14:42:00;266;sem vítima;409,2;BR-262/MG;Leste;Saida de Pista;1;;;;;;;;;;1;;;;
16/01/2016;14:26:00;258;sem vítima;34;BR-153/MG;Sul;Colisão Lateral;1;;1;;;;;;;;2;;;;
16/01/2016;20:01:00;411;sem vítima;429;BR-262/MG;Leste;Saida de Pista;1;;;;;;;;;;1;;;;
16/01/2016;16:08:00;310;sem vítima;441;BR-262/MG;Leste;Saida de Pista;1;;;;;1;;;;;2;;;;
16/01/2016;08:39:00;113;com vítima;443;BR-262/MG;Leste;Saida de Pista;1;;;;;;;;;;0;1;;;
16/01/2016;18:28:00;365;sem vítima;463;BR-262/MG;Oeste;Saida de Pista;;;;;;;;;;1;1;;;;
16/01/2016;15:35:00;293;sem vítima;79,8;BR-060/GO;Norte;Engavetamento;3;;;;;;;;;;3;;;;
16/01/2016;18:27:00;364;sem vítima;476,2;BR-262/MG;Leste;Choque - Suporte de Sinalização;;;2;;;1;;;;;3;;;;
16/01/2016;23:20:00;465;com vítima;96;BR-060/GO;Sul;Colisão Traseira;1;;;1;;;;;;;1;1;;;
16/01/2016;15:43:00;298;sem vítima;98;BR-060/GO;Sul;Colisão Lateral;1;;;;;1;;;;;2;;;;
16/01/2016;17:49:00;349;sem vítima;582;BR-262/MG;Leste;Saida de Pista;1;;;;;;;;;;3;;;;
16/01/2016;10:54:00;176;com vítima;585;BR-262/MG;Leste;Saida de Pista;1;;;;;;;;;;0;5;;;
16/01/2016;07:58:00;95;com vítima;23;BR-060/DF;Norte;Outros - sequências;1;;;;;;;;;;1;;1;;
16/01/2016;15:46:00;299;sem vítima;588;BR-262/MG;Leste;Saida de Pista;1;;;;;;;;;;2;;;;
16/01/2016;08:56:00;119;sem vítima;111;BR-060/GO;Norte;Saida de Pista;1;;;;;;;;;;1;;;;
16/01/2016;12:20:00;212;sem vítima;186;BR-153/MG;Norte;Outros - sequências;1;;;;;;;;;;1;;;;
16/01/2016;16:05:00;306;sem vítima;632;BR-262/MG;Oeste;Saida de Pista;1;;;;;;;;;;3;;;;
16/01/2016;16:45:00;330;com vítima;679;BR-262/MG;Leste;Saida de Pista;1;;;;;;;;;;0;4;;;
16/01/2016;17:11:00;336;sem vítima;792;BR-262/MG;Leste;;1;;;;;;;;;;1;;;;
16/01/2016;15:49:00;300;com vítima;793;BR-262/MG;Leste;Saida de Pista;1;;;;;;;;;;0;;1;;
17/01/2016;22:30:00;487;sem vítima;6;BR-153/MG;Sul;Saida de Pista;1;;;;;;;;;;2;;;;
17/01/2016;06:04:00;50;com vítima;496;BR-153/GO;Sul;Queda de Moto;;;;1;;;;;;;0;1;;;
17/01/2016;12:53:00;222;sem vítima;380,1;BR-262/MG;Oeste;Saida de Pista;1;;;;;;;;;;1;;;;
17/01/2016;06:32:00;59;sem vítima;382;BR-262/MG;Oeste;Saida de Pista;1;;;;;;;;;;1;;;;
17/01/2016;06:49:00;61;sem vítima;382;BR-262/MG;Oeste;Saida de Pista;;;;;;;;;;1;1;;;;
17/01/2016;09:18:00;115;sem vítima;382;BR-262/MG;Oeste;Saida de Pista;1;;;;;;;;;;1;;;;
17/01/2016;21:54:00;472;sem vítima;396;BR-262/MG;Leste;Atropelamento - Animal;1;;;;;;;;;;1;;;;
17/01/2016;13:32:00;246;sem vítima;25;BR-153/MG;Sul;Saida de Pista;1;;;;;;;;;;1;;;;
17/01/2016;06:06:00;51;sem vítima;429,5;BR-262/MG;Leste;Saida de Pista;1;;;;;;;;;;4;;;;
17/01/2016;09:00:00;102;sem vítima;504;BR-153/GO;Sul;Saida de Pista;1;;;;;;;;;;1;;;;
17/01/2016;11:46:00;186;sem vítima;73;BR-060/GO;Sul;Outros - sequências;1;;;;;;;;;;1;;;;
17/01/2016;09:44:00;127;sem vítima;508;BR-153/GO;Sul;Capotamento;1;;;;;;;;;;1;;;;
17/01/2016;17:34:00;359;com vítima;89,2;BR-153/MG;Norte;Saida de Pista;;;;;;;;;;1;0;1;;;
17/01/2016;20:32:00;434;sem vítima;94;BR-153/MG;Sul;Saida de Pista;1;;;;;;;;;;1;;;;
17/01/2016;12:31:00;208;com vítima;580;BR-262/MG;Oeste;Saida de Pista;;;1;;;;;;;;0;2;;;
17/01/2016;11:02:00;165;sem vítima;544,6;BR-153/GO;Sul;Capotamento;;;;;;;;;;1;1;;;;
17/01/2016;18:33:00;384;sem vítima;586;BR-262/MG;Leste;Saida de Pista;1;;;;;;;;;;1;;;;
17/01/2016;16:34:00;330;sem vítima;624;BR-262/MG;Leste;Saida de Pista;1;;;;;;;;;;1;;;;
17/01/2016;10:46:00;156;com vítima;113;BR-060/GO;Sul;Saida de Pista;;;;;;;;;;1;0;1;;;
17/01/2016;07:21:00;68;sem vítima;113,2;BR-060/GO;Sul;Saida de Pista;1;;;;;;;;;;1;;;;
17/01/2016;15:09:00;285;sem vítima;676;BR-262/MG;Leste;Saida de Pista;1;;;;;;;;;;1;;;;
17/01/2016;10:13:00;141;sem vítima;729;BR-262/MG;Leste;Saida de Pista;1;;;;;1;;;;;5;;;;
17/01/2016;08:58:00;101;sem vítima;119;BR-060/GO;Norte;Colisão Traseira;2;;;;;;;;;;2;;;;
17/01/2016;14:18:00;263;com vítima;628;BR-153/GO;Norte;Saida de Pista;1;;;;;;;;;;0;3;1;;
17/01/2016;16:45:00;336;sem vítima;29;BR-060/DF;Norte;Saida de Pista;1;;;;;;;;;;1;;;;
17/01/2016;17:11:00;347;sem vítima;29;BR-060/DF;Norte;Colisão Traseira;1;;;;;;;;;1;2;;;;
17/01/2016;12:09:00;200;com vítima;30;BR-060/DF;Sul;Capotamento;;;;;;;;;;1;0;5;;;
17/01/2016;13:26:00;243;com vítima;848;BR-262/MG;Leste;Saida de Pista;1;;;;;;;;;;0;;4;1;
18/01/2016;11:51:00;207;com vítima;0;BR-153/MG;Sul;Colisão Transversal;;;2;;;;;;;;1;1;;;
18/01/2016;10:48:00;175;sem vítima;491;BR-153/GO;Norte;Saida de Pista;1;;;;;;;;;;1;;;;
18/01/2016;12:10:00;214;sem vítima;382;BR-262/MG;Oeste;Saida de Pista;1;;;;;;;;;;1;;;;
18/01/2016;19:11:00;431;sem vítima;389;BR-262/MG;Leste;Colisão Traseira;;;;;;2;;;;;2;;;;
18/01/2016;18:57:00;419;sem vítima;4;BR-060/DF;Sul;Colisão Lateral;1;;;;1;;;;;;2;;;;
18/01/2016;10:35:00;163;sem vítima;48;BR-060/GO;Sul;Colisão Traseira;2;;;;;;;;;;2;;;;
18/01/2016;19:36:00;438;sem vítima;58,2;BR-060/GO;Norte;Outros - sequências;;;1;;;;;;;;1;;;;
18/01/2016;18:24:00;411;sem vítima;439;BR-262/MG;Leste;Saida de Pista;1;;;;;;;;;;1;;;;
18/01/2016;04:51:00;31;sem vítima;492;BR-262/MG;Leste;Colisão Lateral;1;;1;;;;;;;;2;;;;
18/01/2016;09:15:00;119;sem vítima;512,83;BR-262/MG;Leste;Engavetamento;3;;;;;;;;;;6;;;;
18/01/2016;19:11:00;426;sem vítima;515,5;BR-262/MG;Oeste;Saida de Pista;1;;;;;;;;;;1;;;;
18/01/2016;20:58:00;475;sem vítima;525;BR-262/MG;Leste;Saida de Pista;1;;;;;;;;;;1;;;;
18/01/2016;07:14:00;52;com vítima;547;BR-262/MG;Oeste;Tombamento;;;1;;;;;;;;0;;1;;
18/01/2016;09:02:00;112;com vítima;549;BR-262/MG;Leste;Engavetamento;2;;2;;;;;;;;0;5;;;1
18/01/2016;18:27:00;412;sem vítima;531;BR-153/GO;Norte;Capotamento;1;;;;;;;;;;1;;;;
18/01/2016;19:40:00;440;sem vítima;544;BR-153/GO;Sul;Outros - sequências;;;2;;;;;;;;2;;;;
18/01/2016;09:06:00;114;com vítima;109;BR-060/GO;Sul;Engavetamento;2;;1;;;;;;;;7;;1;;
18/01/2016;09:21:00;124;sem vítima;617;BR-153/GO;Norte;Saida de Pista;1;;;;;;;;;;1;;;;
18/01/2016;14:38:00;288;sem vítima;682;BR-153/GO;Sul;Saida de Pista;1;;;;;;;;;;1;;;;
19/01/2016;13:56:00;330;sem vítima;492;BR-153/GO;Norte;Saida de Pista;1;;;;;;;;;;1;;;;
19/01/2016;20:48:00;605;com vítima;495;BR-153/GO;Norte;Saida de Pista;1;;;;;1;;;;;1;;1;;
19/01/2016;09:57:00;186;sem vítima;2,3;BR-060/DF;Sul;Colisão Traseira;1;;;1;;;;;;;3;;;;
19/01/2016;15:36:00;396;sem vítima;388,5;BR-262/MG;Leste;Outros - sequências;1;;;;;;;;;;1;;;;
19/01/2016;17:13:00;466;sem vítima;500,9;BR-153/GO;Sul;Colisão Traseira;;;1;;;;;;;1;2;;;;
19/01/2016;18:51:00;535;com vítima;45;BR-060/GO;Norte;Saida de Pista;;;1;;;;;;;;0;1;;;
19/01/2016;16:54:00;452;sem vítima;419;BR-262/MG;Oeste;Saida de Pista;1;;;;;;;;;;1;;;;
19/01/2016;16:10:00;426;sem vítima;425,8;BR-262/MG;Oeste;Saida de Pista;1;;;;;;;;;;1;;;;
19/01/2016;07:33:00;86;com vítima;436;BR-262/MG;Oeste;Saida de Pista;1;;;;;;;;;;0;;1;;
19/01/2016;07:45:00;93;com vítima;69;BR-060/GO;Norte;Capotamento;1;;;;;;;;;;1;1;;;
19/01/2016;18:07:00;510;sem vítima;83;BR-060/GO;Norte;Saida de Pista;1;;;;;;;;;;1;;;;
19/01/2016;11:26:00;251;sem vítima;476;BR-262/MG;Leste;Engavetamento;3;;;;;;;;;;6;;;;
19/01/2016;01:51:00;33;com vítima;492;BR-262/MG;Oeste;Tombamento;;;;;1;;;;;;0;3;1;;
19/01/2016;08:04:00;101;com vítima;499;BR-262/MG;Leste;Saida de Pista;1;;;;;;;;;;0;2;;;
19/01/2016;14:20:00;342;sem vítima;532;BR-262/MG;Oeste;;1;;;;;;;;;;1;;;;
19/01/2016;14:11:00;336;sem vítima;534;BR-262/MG;Oeste;Saida de Pista;1;;;;;;;;;;1;;;;
19/01/2016;18:18:00;521;sem vítima;530,3;BR-153/GO;Norte;Outros - sequências;1;;;;;;;;;;1;;;;
19/01/2016;13:34:00;324;sem vítima;580;BR-262/MG;Oeste;Saida de Pista;1;;;;;;;;;;3;;;;
19/01/2016;19:38:00;566;com vítima;587;BR-262/MG;Leste;Outros - sequências;1;;;;;;;;;;0;1;;;
19/01/2016;08:19:00;110;sem vítima;564;BR-153/GO;Norte;Capotamento;1;;;;;;;;;;1;;;;
19/01/2016;17:04:00;457;sem vítima;593,8;BR-262/MG;Leste;Saida de Pista;1;;;;;;;;;;1;;;;
19/01/2016;11:46:00;268;sem vítima;618,5;BR-153/GO;Sul;Saida de Pista;1;;;;;1;;;;;2;;;;
19/01/2016;13:28:00;322;com vítima;125;BR-060/GO;Sul;Engavetamento;2;;1;;1;;;;;;3;1;;;
20/01/2016;08:01:00;88;sem vítima;494;BR-153/GO;Norte;Colisão Traseira;;;2;;;;;;;;2;;;;
20/01/2016;09:33:00;134;sem vítima;53;BR-060/GO;Norte;Saida de Pista;1;;;;;;;;;;2;;;;
20/01/2016;17:03:00;450;sem vítima;548;BR-262/MG;Leste;Tombamento;;;1;;;;;;;;2;;;;
20/01/2016;16:59:00;446;sem vítima;515;BR-153/GO;Sul;Outros - sequências;1;;;;;1;;;;;2;;;;
20/01/2016;07:38:00;73;com vítima;579;BR-153/GO;Norte;Outros - sequências;;;1;;;1;;;;;1;1;;;
20/01/2016;10:19:00;173;sem vítima;26;BR-060/DF;Norte;Saida de Pista;1;;;;;;;;;;2;;;;
20/01/2016;13:05:00;267;sem vítima;611;BR-262/MG;Leste;Saida de Pista;1;;;;;;;;;;1;;;;
20/01/2016;21:20:00;566;sem vítima;236;BR-153/MG;Sul;Saida de Pista;;;;;;;;;;1;1;;;;
20/01/2016;07:44:00;75;com vítima;810;BR-262/MG;Leste;Queda de Ciclista;;;;;;;;;;;0;;1;;
20/01/2016;07:38:00;74;com vítima;29,7;BR-060/DF;Norte;Capotamento;1;;;;;;;;;;0;1;;;
20/01/2016;01:15:00;19;sem vítima;30;BR-060/DF;Sul;Saida de Pista;1;;;;;;;;;;1;;;;
21/01/2016;10:16:00;318;sem vítima;365;BR-262/MG;Oeste;Saida de Pista;;;;;1;;;;;;1;;;;
21/01/2016;12:25:00;396;com vítima;495;BR-153/GO;Sul;Engavetamento;1;;2;;;;;;;;2;1;;;
21/01/2016;19:11:00;578;com vítima;495,5;BR-153/GO;Norte;Colisão Transversal;1;;;1;;;;;;;1;2;;;
21/01/2016;14:40:00;451;com vítima;369,8;BR-262/MG;Oeste;Colisão Traseira;2;;;;;2;;;;;2;2;;;
21/01/2016;15:23:00;471;com vítima;47,1;BR-060/GO;Norte;Saida de Pista;;;1;;;;;;;;0;;1;;
21/01/2016;13:13:00;414;com vítima;503;BR-153/GO;Sul;Queda de Moto;;;;1;;;;;;;0;1;;;
21/01/2016;13:33:00;422;com vítima;514;BR-153/GO;Norte;Colisão Traseira;2;;;;;;;;;;2;1;;;
21/01/2016;12:31:00;399;com vítima;632;BR-262/MG;Oeste;Saida de Pista;1;;;;;;;;;;0;1;1;;
21/01/2016;13:38:00;425;sem vítima;115;BR-060/GO;Norte;Saida de Pista;1;;;;;;;;;;1;;;;
21/01/2016;07:09:00;205;com vítima;637;BR-153/GO;Norte;Colisão Traseira;1;;1;;;;;;;;1;;1;;
22/01/2016;13:58:00;313;com vítima;21;BR-060/GO;Norte;Capotamento;1;;;;;;;;;;0;;;1;
22/01/2016;17:47:00;460;sem vítima;389,6;BR-262/MG;Leste;Colisão Traseira;2;;;;;;;;;;2;;;;
22/01/2016;06:39:00;67;com vítima;25;BR-153/MG;Sul;Colisão Lateral;;;1;;;;;;;1;1;;;2;
22/01/2016;05:04:00;52;com vítima;433;BR-262/MG;Leste;Outros - sequências;1;;;;;;;;;;0;1;;;
22/01/2016;18:59:00;509;sem vítima;79;BR-060/GO;Norte;Engavetamento;4;;;;;;;;;;4;;;;
22/01/2016;18:47:00;501;sem vítima;82,4;BR-060/GO;Norte;Saida de Pista;1;;;;;;;;;;1;;;;
22/01/2016;20:13:00;557;com vítima;92,3;BR-060/GO;Sul;Atropelamento - Outros;1;;;;;;;;;;1;;1;;
22/01/2016;19:25:00;530;com vítima;520;BR-262/MG;Leste;Colisão Transversal;2;;;;;;;;;;2;2;;;
22/01/2016;20:52:00;575;com vítima;582;BR-262/MG;Leste;Capotamento;1;;;;;;;;;;0;3;;;
22/01/2016;20:55:00;576;sem vítima;582;BR-262/MG;Oeste;;1;;;;;;;;;;1;;;;
22/01/2016;02:39:00;38;sem vítima;558;BR-153/GO;Norte;Tombamento;;;1;;;1;;;;;2;;;;
22/01/2016;12:41:00;279;sem vítima;626;BR-262/MG;Leste;Saida de Pista;1;;;;;;;;;;1;;;;
22/01/2016;11:04:00;223;com vítima;672;BR-262/MG;Leste;Queda de Moto;;;;1;;;;;;;0;1;;;
22/01/2016;08:25:00;117;sem vítima;736;BR-262/MG;Leste;Colisão Traseira;;;1;;;1;;;;1;3;;;;
22/01/2016;20:39:00;570;com vítima;763;BR-262/MG;Oeste;Capotamento;;;;;;;;;;1;0;1;;;
22/01/2016;19:41:00;540;sem vítima;803;BR-262/MG;Leste;Outros - sequências;1;;;;;;;;;;1;;;;