data;horario;n_da_ocorrencia;tipo_de_ocorrencia;km;trecho;sentido;tipo_de_acidente;automovel;bicicleta;caminhao;moto;onibus;outros;tracao_animal;transporte_de_cargas_especiais;trator_maquinas;utilitarios;ilesos;levemente_feridos;moderadamente_feridos;gravemente_feridos;mortos
07/02/2016;10:22:00;162;sem vítima;593;BR-262/MG;Oeste;Saida de Pista;1;;;;;;;;;;4;;;;
07/02/2016;02:45:00;31;com vítima;582,2;BR-153/GO;Norte;Colisão Traseira;2;;;;;;;;;;1;3;;;
07/02/2016;00:23:00;3;com vítima;610;BR-153/GO;Sul;Colisão Traseira;1;;;1;;;;;;;1;1;;;
07/02/2016;13:36:00;261;sem vítima;623;BR-153/GO;Norte;Saida de Pista;1;;;;;;;;;;4;;;;
07/02/2016;02:14:00;25;sem vítima;660;BR-153/GO;Norte;Saida de Pista;1;;;;;;;;;;1;;;;
07/02/2016;19:33:00;405;com vítima;240;BR-153/MG;Norte;Saida de Pista;1;;;;;;;;;;0;1;;;
07/02/2016;21:04:00;443;sem vítima;240;BR-153/MG;Norte;Colisão Traseira;1;;;;;1;;;;;2;;;;
07/02/2016;22:18:00;468;com vítima;889;BR-262/MG;Oeste;Saida de Pista;1;;;;;;;;;;0;2;;;
08/02/2016;17:36:00;355;sem vítima;492;BR-153/GO;Norte;Colisão Traseira;1;;;;;1;;;;;2;;;;
08/02/2016;19:14:00;407;sem vítima;24;BR-153/MG;Norte;Saida de Pista;1;;;;;;;;;;1;;;;
08/02/2016;06:15:00;32;sem vítima;82;BR-153/MG;Norte;Saida de Pista;1;;;;;1;;;;;2;;;;
08/02/2016;10:23:00;150;sem vítima;524,6;BR-153/GO;Norte;Saida de Pista;1;;;;;;;;;;2;;;;
08/02/2016;06:33:00;33;sem vítima;563;BR-153/GO;Norte;Outros - sequências;;;1;;;;;;;;1;;;;
08/02/2016;10:28:00;155;sem vítima;193;BR-153/MG;Norte;Saida de Pista;;;;;;;;;;1;1;;;;
08/02/2016;10:10:00;142;com vítima;598;BR-153/GO;Sul;Atropelamento - Animal;;;1;;;;;;;;0;1;;;
08/02/2016;17:27:00;344;com vítima;663;BR-153/GO;Norte;Colisão Traseira;1;;1;;;;;;;;2;3;;;
09/02/2016;12:50:00;198;com vítima;18;BR-060/GO;Norte;Colisão Traseira;1;;;1;;;;;;;1;;1;;
09/02/2016;07:29:00;51;sem vítima;424;BR-262/MG;Leste;Saida de Pista;1;;;;;;;;;;1;;;;
09/02/2016;16:52:00;340;com vítima;45,9;BR-153/MG;Norte;Capotamento;;;1;;;;;;;;0;1;;;
09/02/2016;17:45:00;378;sem vítima;50;BR-153/MG;Sul;Saida de Pista;1;;;;;;;;;;1;;;;
09/02/2016;14:52:00;274;sem vítima;506,5;BR-153/GO;Sul;Choque - Defensa, barreira ou "submarino";1;;;;;;;;;;1;;;;
09/02/2016;20:02:00;457;com vítima;89;BR-060/GO;Sul;Colisão Traseira;2;;;;;;;;;;4;1;;;
09/02/2016;08:44:00;87;sem vítima;509;BR-153/GO;Sul;Choque - Defensa, barreira ou "submarino";1;;;;;;;;;;1;;;;
09/02/2016;08:58:00;122;sem vítima;509;BR-153/GO;Norte;Colisão Traseira;2;;;;;;;;;;2;;;;
09/02/2016;13:37:00;223;sem vítima;104;BR-153/MG;Norte;Saida de Pista;1;;;;;;;;;;5;;;;
09/02/2016;18:16:00;400;sem vítima;13;BR-060/DF;Norte;Colisão Traseira;2;;;;;;;;;;2;;;;
09/02/2016;06:37:00;43;sem vítima;625,2;BR-262/MG;Leste;Atropelamento - Animal;1;;;;;;;;;;1;;;;
09/02/2016;14:29:00;262;sem vítima;587;BR-153/GO;Norte;Saida de Pista;1;;;;;;;;;;1;;;;
09/02/2016;05:05:00;30;sem vítima;823;BR-262/MG;Leste;Choque - Defensa, barreira ou "submarino";1;;;;;;;;;;1;;;;
09/02/2016;05:16:00;31;sem vítima;693;BR-153/GO;Sul;Saida de Pista;1;;;;;;;;;;1;;;;
10/02/2016;16:16:00;347;com vítima;357;BR-262/MG;Oeste;Colisão Traseira;1;;;1;;;;;;;1;2;;;
10/02/2016;17:47:00;401;sem vítima;359;BR-262/MG;Leste;Colisão Traseira;1;;;;;1;;;;;2;;;;
10/02/2016;05:21:00;42;com vítima;20,5;BR-060/GO;Norte;Outros - sequências;;;1;;;;;;;;0;2;;;
10/02/2016;12:26:00;231;com vítima;422;BR-262/MG;Oeste;Queda de Moto;;;;1;;;;;;;0;2;;;
10/02/2016;19:40:00;467;sem vítima;72,5;BR-060/GO;Sul;Saida de Pista;;;;;;;;;;1;1;;;;
10/02/2016;12:01:00;218;com vítima;506;BR-153/GO;Norte;Queda de Moto;;;;1;;;;;;;1;1;;;
10/02/2016;23:41:00;560;com vítima;506,5;BR-153/GO;Sul;Colisão Traseira;;;;1;;1;;;;;1;2;;;
10/02/2016;15:22:00;313;sem vítima;83;BR-060/GO;Norte;Outros - sequências;2;;;;;;;;;;2;;;;
10/02/2016;11:16:00;199;sem vítima;509,8;BR-153/GO;Sul;Choque - Defensa, barreira ou "submarino";1;;;;;;;;;;1;;;;
10/02/2016;22:25:00;544;sem vítima;18;BR-060/DF;Sul;Colisão Traseira;1;;1;;;;;;;;2;;;;
10/02/2016;11:26:00;203;sem vítima;110;BR-060/GO;Norte;Capotamento;1;;;;;;;;;;1;;;;
10/02/2016;10:41:00;178;sem vítima;606;BR-153/GO;Sul;Capotamento;1;;;;;;;;;;2;;;;
10/02/2016;18:40:00;438;com vítima;787;BR-262/MG;Oeste;Colisão Traseira;2;;;;;;;;;;0;3;1;;
10/02/2016;14:57:00;299;com vítima;134;BR-060/GO;Norte;Outros - sequências;1;;;;;;;;;;0;1;;;
10/02/2016;13:37:00;255;com vítima;137;BR-060/GO;Sul;Choque - Defensa, barreira ou "submarino";1;;;;;;;;;;1;1;;;
11/02/2016;13:19:00;254;com vítima;4,6;BR-060/GO;Norte;Outros - sequências;1;;1;;;;;;;;0;2;;;
11/02/2016;18:09:00;396;com vítima;499;BR-153/GO;Sul;Queda de Moto;;;;1;;;;;;;0;;1;;
11/02/2016;07:58:00;91;sem vítima;502;BR-153/GO;Norte;Saida de Pista;1;;;;;;;;;;1;;;;
11/02/2016;20:35:00;456;com vítima;502;BR-153/GO;Sul;Atropelamento - Sem Informação;;;;;;1;;;;;1;1;;;
11/02/2016;09:47:00;168;sem vítima;91,5;BR-060/GO;Norte;Colisão Traseira;1;;1;;;;;;;;2;;;;
11/02/2016;10:11:00;184;com vítima;114;BR-153/MG;Norte;Colisão Frontal;;;2;;;;;;;;1;;;;1
11/02/2016;07:06:00;74;com vítima;96;BR-060/GO;Norte;Capotamento;1;;;;;;;;;;0;1;;;
11/02/2016;20:50:00;463;com vítima;592;BR-262/MG;Oeste;Colisão Frontal;1;;1;;;;;;;;1;3;;;
11/02/2016;18:08:00;395;com vítima;615;BR-262/MG;Oeste;Colisão Frontal;;;2;;;;;;;;0;2;;;
11/02/2016;17:30:00;378;com vítima;114,5;BR-060/GO;Sul;Outros - sequências;1;;;;;;;;;;0;1;;;
11/02/2016;06:38:00;66;sem vítima;138;BR-060/GO;Norte;Saida de Pista;1;;;;;;;;;;1;;;;
12/02/2016;00:37:00;20;sem vítima;358;BR-262/MG;Leste;Saida de Pista;1;;;;;;;;;;1;;;;
12/02/2016;22:23:00;548;com vítima;8;BR-060/GO;Sul;Colisão Traseira;;;;1;;;;;;1;1;1;;;
12/02/2016;15:22:00;318;com vítima;496;BR-153/GO;Norte;Queda de Moto;;;;1;;;;;;;1;1;;;
12/02/2016;12:21:00;232;sem vítima;498;BR-153/GO;Norte;Queda de Moto;;;;1;;;;;;;1;;;;
12/02/2016;22:27:00;549;sem vítima;498;BR-153/GO;Sul;Colisão Traseira;1;;;;;1;;;;;2;;;;
12/02/2016;21:45:00;533;sem vítima;382;BR-262/MG;Oeste;Saida de Pista;1;;;;;;;;;;1;;;;
12/02/2016;14:15:00;292;sem vítima;387;BR-262/MG;Oeste;Saida de Pista;1;;;;;;;;;;1;;;;
12/02/2016;21:02:00;511;sem vítima;390;BR-262/MG;Oeste;Saida de Pista;1;;;;;;;;;;4;;;;
12/02/2016;15:17:00;317;com vítima;412;BR-262/MG;Leste;Atropelamento - Usuário;1;;;;;;;;;;1;;;1;
12/02/2016;18:10:00;426;com vítima;34;BR-153/MG;Sul;Saida de Pista;;;1;;;;;;;;1;1;;;
12/02/2016;17:03:00;388;com vítima;439;BR-262/MG;Oeste;Saida de Pista;1;;;;;;;;;;1;1;;;
12/02/2016;20:29:00;497;sem vítima;81;BR-060/GO;Norte;Saida de Pista;1;;;;;;;;;;2;;;;
12/02/2016;19:32:00;467;com vítima;92;BR-060/GO;Sul;Colisão Lateral;;;;2;;;;;;;1;1;;;
12/02/2016;21:58:00;539;com vítima;101;BR-060/GO;Norte;Colisão Frontal;1;;;1;;;;;;;1;;1;;
12/02/2016;23:55:00;572;sem vítima;775;BR-262/MG;Leste;Saida de Pista;1;;;;;;;;;;2;;;;
12/02/2016;09:32:00;142;sem vítima;127;BR-060/GO;Sul;Saida de Pista;1;;;;;;;;;;2;;;;
12/02/2016;13:34:00;270;com vítima;136;BR-060/GO;Sul;Outros - sequências;1;;;;;;;;;;1;1;;;
13/02/2016;04:52:00;28;com vítima;4,1;BR-060/GO;Norte;Outros - sequências;;;1;;;;;;;;0;2;;;
13/02/2016;14:13:00;275;sem vítima;359;BR-262/MG;Oeste;Colisão Traseira;2;;;;;;;;;;2;;;;
13/02/2016;17:19:00;374;com vítima;19;BR-060/GO;Sul;Engavetamento;2;;;1;;;;;;;2;1;;;
13/02/2016;21:05:00;477;sem vítima;4,7;BR-060/DF;Sul;Colisão Traseira;2;;;;;;;;;;2;;;;
13/02/2016;12:59:00;249;sem vítima;446;BR-262/MG;Leste;Saida de Pista;1;;;;;;;;;;1;;;;
13/02/2016;16:08:00;340;sem vítima;73;BR-060/GO;Norte;Saida de Pista;1;;;;;;;;;;1;;;;
13/02/2016;14:17:00;279;com vítima;507,8;BR-153/GO;Sul;Colisão Traseira;1;;;1;;;;;;;2;1;;;
13/02/2016;19:41:00;440;com vítima;499;BR-262/MG;Oeste;Outros - sequências;1;;;;;;;;;;0;2;;;
13/02/2016;16:23:00;351;sem vítima;511,5;BR-153/GO;Sul;Colisão Traseira;1;;1;;;;;;;;2;;;;
13/02/2016;18:29:00;399;sem vítima;94;BR-060/GO;Norte;Saida de Pista;1;;;;;;;;;;1;;;;
13/02/2016;17:56:00;387;sem vítima;106;BR-060/GO;Norte;Saida de Pista;1;;;;;;;;;;1;;;;
13/02/2016;04:14:00;23;com vítima;108,5;BR-060/GO;Sul;Queda de Moto;;;;1;;;;;;;0;1;;;
13/02/2016;20:55:00;468;com vítima;210,2;BR-153/MG;Norte;Colisão Lateral;;;1;;;;;;;1;2;;1;;2
13/02/2016;09:21:00;126;sem vítima;722;BR-262/MG;Oeste;Saida de Pista;1;;;;;;;;;;1;;;;
13/02/2016;05:56:00;40;com vítima;118;BR-060/GO;Norte;Colisão Traseira;2;;;;;;;;;;2;1;;;
13/02/2016;17:57:00;391;com vítima;29,3;BR-060/DF;Sul;Capotamento;;;;;;;;;;1;0;;1;;
14/02/2016;17:21:00;327;sem vítima;4;BR-153/MG;Norte;Saida de Pista;1;;;;;1;;;;;2;;;;
14/02/2016;12:51:00;195;com vítima;372,5;BR-262/MG;Leste;Saida de Pista;1;;;;;1;;;;;1;1;;;
14/02/2016;08:32:00;89;com vítima;373;BR-262/MG;Oeste;Saida de Pista;1;;;;;;;;;;0;1;;;
14/02/2016;02:50:00;27;sem vítima;28,5;BR-060/GO;Norte;Saida de Pista;1;;;;;;;;;;1;;;;
14/02/2016;14:16:00;228;com vítima;29;BR-060/GO;Norte;Queda de Moto;;;;1;;;;;;;0;2;;;
14/02/2016;20:51:00;439;sem vítima;30;BR-060/GO;Sul;Colisão Traseira;1;;;;;1;;;;;2;;;;
14/02/2016;03:04:00;28;com vítima;503;BR-153/GO;Sul;Choque - Defensa, barreira ou "submarino";;;;1;;;;;;;0;;;1;
14/02/2016;18:07:00;352;sem vítima;42;BR-153/MG;Sul;Saida de Pista;1;;;;;1;;;;;5;;;;
14/02/2016;17:29:00;333;com vítima;507;BR-153/GO;Norte;Colisão Traseira;;;;1;;1;;;;;1;1;;;
14/02/2016;13:04:00;198;sem vítima;82;BR-060/GO;Sul;Saida de Pista;1;;;;;;;;;;1;;;;
14/02/2016;15:19:00;262;sem vítima;519,3;BR-153/GO;Sul;Saida de Pista;1;;;;;;;;;;1;;;;
14/02/2016;15:16:00;260;sem vítima;583;BR-262/MG;Leste;Saida de Pista;1;;;;;;;;;;1;;;;
14/02/2016;15:05:00;256;sem vítima;586;BR-262/MG;Leste;Saida de Pista;;;;;;;;;;1;1;;;;
14/02/2016;14:33:00;236;com vítima;587;BR-262/MG;Leste;Outros - sequências;;;1;;;;;;;;0;1;;;
14/02/2016;20:25:00;432;com vítima;107;BR-060/GO;Sul;Colisão Traseira;1;;;;;;;;;1;0;3;;;
14/02/2016;15:06:00;257;sem vítima;590;BR-262/MG;Leste;Saida de Pista;;;;;;;;;;1;1;;;;
14/02/2016;23:24:00;486;sem vítima;25;BR-060/DF;Norte;Outros - sequências;;;2;;;;;;;;2;;;;
14/02/2016;19:10:00;396;sem vítima;592;BR-153/GO;Norte;Saida de Pista;1;;;;;;;;;;1;;;;
14/02/2016;14:27:00;233;sem vítima;114,5;BR-060/GO;Sul;Saida de Pista;1;;;;;;;;;;1;;;;
14/02/2016;20:32:00;431;com vítima;798;BR-262/MG;Oeste;Colisão Frontal;2;;;;;;;;;;0;;2;;
14/02/2016;12:29:00;188;com vítima;811;BR-262/MG;Oeste;Queda de Ciclista;;1;;;;;;;;;0;1;;;
14/02/2016;14:24:00;231;sem vítima;131,5;BR-060/GO;Norte;Saida de Pista;1;;;;;;;;;;1;;;;
15/02/2016;16:00:00;339;sem vítima;46,3;BR-060/GO;Norte;Saida de Pista;1;;;;;;;;;;1;;;;
15/02/2016;08:02:00;82;sem vítima;502;BR-153/GO;Norte;Colisão Traseira;1;;;;;;;;;;1;;;;
15/02/2016;17:53:00;405;com vítima;506;BR-153/GO;Norte;Colisão Traseira;2;;;;;;;;;;1;2;;;
15/02/2016;18:22:00;416;sem vítima;452;BR-262/MG;Oeste;Saida de Pista;;;;;;;;;;1;1;;;;
15/02/2016;02:12:00;17;sem vítima;6,3;BR-060/DF;Norte;Tombamento;;;2;;;;;;;;2;;;;
15/02/2016;15:18:00;326;com vítima;76,6;BR-153/MG;Norte;Outros - sequências;;;3;;;;;;;;1;1;;1;
15/02/2016;07:22:00;60;sem vítima;509;BR-153/GO;Sul;Queda de Moto;;;;1;;1;;;;;2;;;;
15/02/2016;08:23:00;101;com vítima;97;BR-060/GO;Sul;Queda de Moto;1;;;1;;1;;;;;2;1;;;
16/02/2016;15:06:00;306;sem vítima;6,9;BR-153/MG;Sul;Saida de Pista;;;1;;;1;;;;;2;;;;
16/02/2016;13:39:00;257;com vítima;502;BR-153/GO;Norte;Queda de Moto;;;;1;;;;;;;0;2;;;
16/02/2016;22:01:00;498;com vítima;58;BR-153/MG;Sul;Capotamento;;;1;;;;;;;;0;1;1;;
16/02/2016;18:26:00;415;sem vítima;74,1;BR-153/MG;Norte;Saida de Pista;;;1;;;;;;;;1;;;;
16/02/2016;13:29:00;250;com vítima;497;BR-262/MG;Oeste;Saida de Pista;1;;;;;;;;;;0;1;;;
16/02/2016;12:52:00;228;sem vítima;554;BR-262/MG;Leste;Capotamento;1;;;;;;;;;;1;;;;
16/02/2016;11:37:00;191;sem vítima;555,9;BR-262/MG;Oeste;Capotamento;1;;;;;;;;;;1;;;;
16/02/2016;14:00:00;267;sem vítima;582;BR-262/MG;Leste;Saida de Pista;;;;;;;;;;1;1;;;;
16/02/2016;13:55:00;264;sem vítima;586;BR-262/MG;Oeste;Outros - sequências;;;1;;;;;;;;1;;;;
16/02/2016;00:23:00;3;com vítima;158,5;BR-153/MG;Norte;Tombamento;;;1;;;;;;;;0;1;;;
16/02/2016;13:40:00;259;com vítima;591;BR-262/MG;Oeste;Saida de Pista;1;;;;;;;;;;1;1;;;
16/02/2016;12:00:00;201;sem vítima;633;BR-262/MG;Oeste;Saida de Pista;1;;;;;;;;;;1;;;;
16/02/2016;14:37:00;289;com vítima;685,2;BR-153/GO;Sul;Tombamento;;;1;;;;;;;;1;1;;;
17/02/2016;11:52:00;208;sem vítima;1;BR-060/DF;Norte;Outros - sequências;1;;;;;;;;;;1;;;;
17/02/2016;14:07:00;273;sem vítima;494;BR-153/GO;Norte;Outros - sequências;1;;;;;;;;;;1;;;;
17/02/2016;07:57:00;50;sem vítima;502;BR-153/GO;Sul;Engavetamento;2;;;;;;;;;1;3;;;;
17/02/2016;05:15:00;29;com vítima;433;BR-262/MG;Leste;Colisão Traseira;;;1;;;1;;;;;1;;1;;
17/02/2016;09:11:00;100;com vítima;448,5;BR-262/MG;Oeste;Saida de Pista;1;;;;;;;;;;0;1;;;
17/02/2016;19:27:00;457;sem vítima;92;BR-060/GO;Sul;Saida de Pista;;;;;;;;;;1;1;;;;
17/02/2016;21:21:00;508;com vítima;109;BR-060/GO;Norte;Queda de Moto;;;;1;;;;;;;0;1;;;
17/02/2016;14:01:00;268;sem vítima;727;BR-262/MG;Oeste;Queda de Moto;;;;1;;;;;;;1;;;;
18/02/2016;08:14:00;82;com vítima;364;BR-262/MG;Oeste;Saida de Pista;1;;;;;;;;;;0;1;;;
18/02/2016;09:04:00;114;sem vítima;382;BR-262/MG;Leste;Saida de Pista;1;;;;;;;;;;1;;;;
18/02/2016;18:08:00;410;sem vítima;500;BR-153/GO;Sul;Colisão Traseira;1;;;;;;;;;1;2;;;;
18/02/2016;11:06:00;201;com vítima;404;BR-262/MG;Oeste;Colisão Traseira;1;;1;;;;;;;;1;1;;;
18/02/2016;18:30:00;423;sem vítima;404,5;BR-262/MG;Oeste;Saida de Pista;;;;;;;;;;1;1;;;;
18/02/2016;19:09:00;446;sem vítima;405;BR-262/MG;Oeste;Saida de Pista;1;;;;;;;;;;1;;;;
18/02/2016;10:12:00;155;sem vítima;502,5;BR-153/GO;Norte;Colisão Traseira;1;;;1;;;;;;;2;;;;
18/02/2016;17:54:00;402;com vítima;53;BR-060/GO;Norte;Outros - sequências;1;;;;;;;;;;0;;1;;
18/02/2016;15:25:00;313;com vítima;76;BR-060/GO;Norte;Tombamento;;;1;;;;;;;;0;1;;;
18/02/2016;18:03:00;408;sem vítima;473;BR-262/MG;Oeste;Colisão Traseira;;;3;;;;;;;;4;;;;
18/02/2016;17:19:00;388;sem vítima;551;BR-262/MG;Oeste;Saida de Pista;1;;;;;;;;;;1;;;;
19/02/2016;16:04:00;363;sem vítima;498,8;BR-153/GO;Sul;Engavetamento;3;;;;;;;;;;3;;;;
19/02/2016;14:11:00;302;com vítima;49,8;BR-060/GO;Norte;Outros - sequências;;;;;;;;;;1;0;;1;;
19/02/2016;14:00:00;306;sem vítima;7,6;BR-060/DF;Norte;Colisão Traseira;2;;;;;;;;;;2;;;;
19/02/2016;19:43:00;477;com vítima;92;BR-060/GO;Norte;Colisão Lateral;1;;;1;;;;;;;1;1;;;
19/02/2016;17:58:00;421;com vítima;98;BR-060/GO;Sul;Outros - sequências;2;;;;;;;;;;0;2;;;
19/02/2016;13:45:00;288;sem vítima;101;BR-060/GO;Sul;Outros - sequências;1;;;1;;;;;;;2;;;;
20/02/2016;12:34:00;225;com vítima;358;BR-262/MG;Oeste;Queda de Moto;;;;1;;;;;;;0;2;;;
20/02/2016;12:33:00;224;com vítima;380;BR-262/MG;Leste;Queda de Moto;;;;1;;;;;;;0;1;;;
20/02/2016;07:14:00;66;sem vítima;380,5;BR-262/MG;Oeste;Saida de Pista;1;;;;;;;;;;1;;;;
20/02/2016;17:27:00;372;com vítima;36;BR-060/GO;Sul;Capotamento;1;;;;;;;;;;0;1;1;;
20/02/2016;03:43:00;37;sem vítima;409;BR-262/MG;Leste;Saida de Pista;1;;;;;;;;;;1;;;;
20/02/2016;18:31:00;417;sem vítima;417;BR-262/MG;Oeste;Colisão Traseira;2;;;;;;;;;;3;;;;
20/02/2016;20:19:00;475;sem vítima;528;BR-153/GO;Norte;Saida de Pista;1;;;;;;;;;;1;;;;
20/02/2016;14:42:00;288;sem vítima;578;BR-262/MG;Leste;Carreta deu L;;;1;;;;;;;;1;;;;
20/02/2016;15:40:00;326;sem vítima;579,2;BR-262/MG;Leste;Colisão Traseira;2;;;;;1;;;;;3;;;;
20/02/2016;19:02:00;434;sem vítima;24;BR-060/DF;Norte;Outros - sequências;1;;;;;;;;;;1;;;;
20/02/2016;13:18:00;248;com vítima;584;BR-153/GO;Sul;Tombamento;;;1;;;;;;;;0;;;;1
20/02/2016;17:29:00;380;sem vítima;186;BR-153/MG;Sul;Outros - sequências;;;1;;;;;;;;1;;;;
20/02/2016;23:06:00;551;com vítima;603;BR-153/GO;Sul;Outros - sequências;1;;;;;;;;;;0;2;;;
20/02/2016;23:47:00;558;com vítima;132,9;BR-060/GO;Sul;Capotamento;1;;;;;;;;;;0;2;;;
20/02/2016;13:57:00;262;com vítima;871;BR-262/MG;Oeste;Outros - sequências;1;;;;;;;;;;0;;1;;
21/02/2016;13:58:00;253;sem vítima;11,2;BR-060/GO;Norte;Colisão Traseira;2;;;;;;;;;;2;;;;
21/02/2016;07:21:00;62;com vítima;362,8;BR-262/MG;Oeste;Queda de Ciclista;;;;1;;;;;;;0;;1;;
21/02/2016;12:34:00;219;sem vítima;497;BR-153/GO;Sul;Saida de Pista;1;;;;;;;;;;1;;;;
21/02/2016;05:03:00;30;sem vítima;3;BR-060/DF;Norte;Saida de Pista;1;;;;;;;;;;1;;;;
21/02/2016;12:11:00;235;sem vítima;43,1;BR-060/GO;Norte;Colisão Traseira;2;;;;;;;;;;2;;;;
21/02/2016;16:20:00;312;sem vítima;508,6;BR-262/MG;Leste;Saida de Pista;1;;;;;;;;;;4;;;;
21/02/2016;16:54:00;325;com vítima;508,65;BR-262/MG;Oeste;Outros - sequências;1;;1;;;;;;;;2;;;;3
21/02/2016;22:04:00;449;com vítima;552;BR-262/MG;Leste;Saida de Pista;;;1;;;;;;;;0;1;;;
21/02/2016;12:50:00;228;sem vítima;26;BR-060/DF;Norte;Queda de Ciclista;;;;1;;;;;;;1;;;;
21/02/2016;14:30:00;269;com vítima;118;BR-060/GO;Sul;Choque - Arvore;;1;;;;;;;;;0;1;;;
21/02/2016;15:36:00;300;sem vítima;126;BR-060/GO;Sul;Outros - sequências;2;;;;;;;;;;2;;;;
21/02/2016;13:20:00;241;sem vítima;129;BR-060/GO;Sul;Tombamento;1;;;;;1;;;;;2;;;;
21/02/2016;23:33:00;470;com vítima;654;BR-153/GO;Norte;Colisão Traseira;;;2;;;;;;;;1;1;;;
21/02/2016;13:05:00;231;sem vítima;810;BR-262/MG;Leste;Saida de Pista;1;;;;;;;;;;1;;;;
21/02/2016;13:51:00;249;sem vítima;131;BR-060/GO;Norte;Colisão Lateral;2;;;;;;;;;;2;;;;
22/02/2016;07:31:00;87;com vítima;496;BR-153/GO;Norte;Colisão Traseira;1;;;1;;;;;;;1;1;;;
22/02/2016;18:20:00;449;sem vítima;419;BR-262/MG;Leste;Saida de Pista;1;;;;;;;;;;1;;;;
22/02/2016;18:39:00;458;sem vítima;419;BR-262/MG;Leste;Saida de Pista;1;;;;;;;;;;1;;;;
22/02/2016;18:06:00;443;sem vítima;421;BR-262/MG;Oeste;Saida de Pista;;;;;;;;;;1;1;;;;
22/02/2016;07:01:00;71;com vítima;426;BR-262/MG;Oeste;Colisão Traseira;1;;1;;;;;;;;1;3;;;
22/02/2016;17:07:00;414;com vítima;448;BR-262/MG;Leste;Saida de Pista;1;;;;;;;;;;0;;1;;
22/02/2016;23:35:00;538;sem vítima;89;BR-060/GO;Sul;Capotamento;1;;;;;;;;;;1;;;;
22/02/2016;12:02:00;260;com vítima;101,1;BR-153/MG;Sul;Engavetamento;1;;1;1;;;;;;;2;;1;;
22/02/2016;20:19:00;489;sem vítima;583;BR-262/MG;Oeste;Saida de Pista;;;;;;;;;;1;3;;;;
22/02/2016;19:04:00;468;sem vítima;584;BR-262/MG;Oeste;Saida de Pista;;;;;;;;;;1;1;;;;
22/02/2016;08:59:00;136;sem vítima;565;BR-153/GO;Sul;Tombamento;1;;;;;;;;;;1;;;;
22/02/2016;22:36:00;524;sem vítima;107,9;BR-060/GO;Sul;Colisão Traseira;;;2;;;;;;;;2;;;;
22/02/2016;17:20:00;420;sem vítima;595;BR-262/MG;Leste;Saida de Pista;1;;;;;;;;;;1;;;;
22/02/2016;18:28:00;452;sem vítima;630;BR-153/GO;Sul;Colisão Traseira;;;2;;;;;;;;2;;;;
22/02/2016;22:36:00;525;sem vítima;847;BR-262/MG;Leste;Saida de Pista;1;;;;;;;;;;2;;;;
23/02/2016;15:25:00;418;sem vítima;372;BR-262/MG;Leste;Colisão Lateral;1;;1;;;;;;;;2;;;;
23/02/2016;21:14:00;581;com vítima;78;BR-153/MG;Sul;Outros - sequências;;;2;;;;;;;;0;;;;2
23/02/2016;20:06:00;554;sem vítima;563,5;BR-262/MG;Leste;Tombamento;;;1;;;;;;;;1;;;;
24/02/2016;11:47:00;236;com vítima;465;BR-262/MG;Oeste;Colisão Transversal;2;;1;1;;;;;;;3;;1;;
24/02/2016;13:31:00;292;sem vítima;478;BR-262/MG;Leste;Colisão Lateral;2;;;;;;;;;;3;;;;
24/02/2016;15:14:00;355;sem vítima;524,8;BR-262/MG;Oeste;Colisão Traseira;;;3;;;;;;;;3;;;;
24/02/2016;22:52:00;538;com vítima;548;BR-262/MG;Oeste;Colisão Traseira;;;2;;;;;;;;0;2;;;
24/02/2016;15:58:00;367;com vítima;130;BR-153/MG;Sul;Colisão Transversal;1;;1;;;;;;;;1;1;;;
24/02/2016;14:59:00;343;sem vítima;590;BR-262/MG;Leste;Saida de Pista;;;;;;;;;;1;1;;;;
24/02/2016;08:26:00;104;sem vítima;111;BR-060/GO;Norte;Colisão Lateral;1;;1;;;;;;;;2;;;;
24/02/2016;00:51:00;8;sem vítima;602;BR-153/GO;Sul;Tombamento;;;1;;;;;;;;1;;;;
25/02/2016;19:01:00;420;sem vítima;5;BR-060/GO;Sul;Outros - sequências;1;;;;;1;;;;;2;;;;
25/02/2016;19:30:00;427;sem vítima;5;BR-060/GO;Sul;Colisão Traseira;;;2;;;;;;;;2;;;;
25/02/2016;02:16:00;17;sem vítima;367,5;BR-262/MG;Oeste;Saida de Pista;1;;;;;;;;;;1;;;;
25/02/2016;14:07:00;273;sem vítima;3;BR-060/DF;Sul;Outros - sequências;1;;1;;;;;;;;2;;;;
25/02/2016;20:36:00;452;sem vítima;43,1;BR-060/GO;Norte;Colisão Traseira;;;2;;;;;;;;2;;;;
25/02/2016;15:33:00;319;sem vítima;414;BR-262/MG;Leste;Saida de Pista;1;;;;;;;;;;1;;;;
25/02/2016;19:56:00;439;sem vítima;460;BR-262/MG;Oeste;Outros - sequências;2;;1;;;;;;;;3;;;;
25/02/2016;15:22:00;312;sem vítima;547,2;BR-262/MG;Leste;Saida de Pista;1;;;;;;;;;;1;;;;
25/02/2016;17:33:00;381;sem vítima;548;BR-262/MG;Leste;Saida de Pista;;;;;;;;;;1;1;;;;
25/02/2016;12:07:00;207;com vítima;10,5;BR-060/DF;Sul;Outros - sequências;;;1;;;;;;;1;2;1;;;
25/02/2016;14:42:00;292;sem vítima;554;BR-262/MG;Leste;Saida de Pista;1;;;;;;;;;;1;;;;
25/02/2016;17:31:00;380;com vítima;578;BR-262/MG;Leste;Outros - sequências;1;;1;;;;;;;;1;2;1;;
25/02/2016;16:38:00;355;sem vítima;585;BR-262/MG;Oeste;Outros - sequências;1;;;;;;;;;;1;;;;