data;horario;n_da_ocorrencia;tipo_de_ocorrencia;km;trecho;sentido;tipo_de_acidente;automovel;bicicleta;caminhao;moto;onibus;outros;tracao_animal;transporte_de_cargas_especiais;trator_maquinas;utilitarios;ilesos;levemente_feridos;moderadamente_feridos;gravemente_feridos;mortos
25/02/2016;17:59:00;395;sem vítima;586;BR-262/MG;Leste;Saida de Pista;1;;;;;;;;;;1;;;;
25/02/2016;13:07:00;233;sem vítima;593;BR-262/MG;Leste;Outros - sequências;1;;;;;;;;;;1;;;;
25/02/2016;20:24:00;448;sem vítima;595;BR-262/MG;Leste;Carreta deu L;;;1;;;;;;;;1;;;;
25/02/2016;14:42:00;294;com vítima;617;BR-262/MG;Leste;Outros - sequências;;;;;;1;;;;1;1;1;1;;
25/02/2016;20:45:00;455;com vítima;114;BR-060/GO;Norte;Queda de Moto;;;;1;;;;;;;0;1;;;
26/02/2016;19:17:00;507;com vítima;495,5;BR-153/GO;Norte;Queda de Ciclista;;;;1;;;;;;;0;1;;;
26/02/2016;00:16:00;7;com vítima;405;BR-262/MG;Leste;Capotamento;1;;;;;;;;;;0;4;;;
26/02/2016;22:04:00;580;com vítima;417;BR-262/MG;Leste;Outros - sequências;;;;1;;;;;;;0;;1;;
26/02/2016;08:46:00;105;sem vítima;418;BR-262/MG;Oeste;Colisão Traseira;1;;;;;;;;;1;2;;;;
26/02/2016;16:03:00;388;com vítima;504,3;BR-153/GO;Norte;Colisão Traseira;1;;;1;;;;;;;1;1;;;
26/02/2016;16:25:00;403;com vítima;484;BR-262/MG;Leste;Colisão Lateral;1;;1;;;;;;;;1;1;;;
26/02/2016;13:34:00;307;sem vítima;9,2;BR-060/DF;Sul;Saida de Pista;1;;;;;;;;;;1;;;;
26/02/2016;22:19:00;583;com vítima;536;BR-262/MG;Oeste;Saida de Pista;;;1;;;;;;;;0;;;1;
26/02/2016;08:16:00;83;com vítima;94;BR-060/GO;Sul;Colisão Traseira;2;;;;;;;;;;2;1;;;
26/02/2016;09:52:00;162;sem vítima;514;BR-153/GO;Norte;Colisão Lateral;1;;1;;;;;;;;2;;;;
26/02/2016;17:41:00;459;sem vítima;110;BR-153/MG;Norte;Colisão Traseira;2;;;;;;;;;;3;;;;
26/02/2016;07:05:00;56;com vítima;96;BR-060/GO;Sul;Colisão Traseira;1;;1;;;;;;;;2;2;;;
26/02/2016;17:06:00;432;sem vítima;575;BR-262/MG;Leste;Saida de Pista;1;;;;;;;;;;1;;;;
26/02/2016;16:21:00;401;sem vítima;584;BR-262/MG;Leste;Saida de Pista;;;;;;;;;;1;1;;;;
26/02/2016;08:30:00;93;sem vítima;101;BR-060/GO;Norte;Colisão Lateral;;;1;;;1;;;;;2;;;;
26/02/2016;15:28:00;376;sem vítima;105;BR-060/GO;Sul;Colisão Traseira;2;;;;;;;;;;2;;;;
26/02/2016;18:30:00;481;sem vítima;620;BR-262/MG;Leste;Tombamento;;;1;;;;;;;;1;;;;
27/02/2016;14:42:00;297;sem vítima;366,8;BR-262/MG;Leste;Saida de Pista;1;;;;;;;;;;1;;;;
27/02/2016;18:42:00;429;com vítima;382;BR-262/MG;Leste;Outros - sequências;1;;;;;;;;;;1;1;;;
27/02/2016;01:49:00;22;sem vítima;33,8;BR-060/GO;Norte;Saida de Pista;1;;;;;;;;;;1;;;;
27/02/2016;04:11:00;37;com vítima;35;BR-060/GO;Norte;Saida de Pista;1;;;;;;;;;;0;;1;;
27/02/2016;12:01:00;222;com vítima;38;BR-060/GO;Sul;Carreta deu L;;;1;;;;;;;;0;1;;;
27/02/2016;20:03:00;472;com vítima;27;BR-153/MG;Norte;Queda de Moto;1;;;1;;;;;;;1;1;;;
27/02/2016;03:00:00;32;sem vítima;442;BR-262/MG;Oeste;Colisão Lateral;2;;;;;;;;;;2;;;;
27/02/2016;04:15:00;38;sem vítima;450,5;BR-262/MG;Oeste;Choque - Arvore;1;;;;;;;;;;1;;;;
27/02/2016;14:39:00;293;com vítima;77,9;BR-060/GO;Sul;Capotamento;;;;;;;;;;1;0;1;;;
27/02/2016;16:10:00;343;com vítima;508;BR-153/GO;Norte;Tombamento;;;1;;;;;;;;0;1;;;
27/02/2016;19:13:00;444;sem vítima;88;BR-060/GO;Norte;Colisão Traseira;1;;1;;;;;;;;2;;;;
27/02/2016;02:26:00;28;com vítima;492;BR-262/MG;Oeste;Choque - Arvore;1;;;;;;;;;;0;;;1;
27/02/2016;00:30:00;7;com vítima;92;BR-060/GO;Norte;Atropelamento - Morador;1;;;;;1;;;;;2;;;1;
27/02/2016;15:05:00;306;com vítima;9,2;BR-060/DF;Sul;Outros - sequências;1;;;;;;;;;;0;1;;;
27/02/2016;14:37:00;291;sem vítima;530;BR-262/MG;Oeste;Saida de Pista;1;;;;;;;;;;3;;;;
27/02/2016;16:34:00;355;com vítima;525;BR-153/GO;Norte;Colisão Traseira;1;;;;;;;;;1;1;2;;;
27/02/2016;13:54:00;272;com vítima;533;BR-153/GO;Sul;Queda de Moto;;;;1;;;;;;;0;1;;;
27/02/2016;14:43:00;298;sem vítima;585;BR-262/MG;Leste;Tombamento;;;1;;;;;;;;1;;;;
28/02/2016;15:01:00;267;sem vítima;10;BR-060/GO;Sul;Colisão Traseira;1;;;;;1;;;;;2;;;;
28/02/2016;22:56:00;481;sem vítima;2;BR-060/DF;Sul;Outros - sequências;2;;;;;1;;;;;3;;;;
28/02/2016;14:14:00;247;sem vítima;379;BR-262/MG;Oeste;Outros - sequências;1;;;;;;;;;;1;;;;
28/02/2016;14:26:00;253;sem vítima;382,4;BR-262/MG;Oeste;Saida de Pista;1;;;;;;;;;;1;;;;
28/02/2016;14:41:00;260;sem vítima;388;BR-262/MG;Leste;Saida de Pista;1;;;;;;;;;;1;;;;
28/02/2016;03:08:00;17;com vítima;408;BR-262/MG;Leste;Queda de Moto;;;;1;;;;;;;0;2;;;
28/02/2016;16:01:00;297;com vítima;419;BR-262/MG;Leste;Outros - sequências;1;;;;;;;;;;0;3;1;;
28/02/2016;05:30:00;30;sem vítima;421;BR-262/MG;Oeste;Saida de Pista;1;;;;;;;;;;1;;;;
28/02/2016;14:05:00;240;sem vítima;45,9;BR-153/MG;Sul;Carreta deu L;;;1;;;1;;;;;2;;;;
28/02/2016;04:11:00;22;sem vítima;443;BR-262/MG;Leste;Saida de Pista;1;;;;;;;;;;1;;;;
28/02/2016;06:03:00;35;sem vítima;471,2;BR-262/MG;Leste;Engavetamento;3;;;;;;;;;;3;;;;
28/02/2016;05:56:00;33;sem vítima;472,8;BR-262/MG;Oeste;Colisão Lateral;1;;1;;;;;;;;2;;;;
28/02/2016;08:47:00;93;sem vítima;508;BR-153/GO;Sul;Colisão Traseira;2;;;;;;;;;;2;;;;
28/02/2016;11:52:00;192;sem vítima;90,5;BR-060/GO;Norte;Colisão Lateral;2;;;;;;;;;;2;;;;
28/02/2016;14:54:00;264;sem vítima;499;BR-262/MG;Leste;Saida de Pista;1;;;;;;;;;;1;;;;
28/02/2016;15:40:00;288;com vítima;500;BR-262/MG;Leste;Outros - sequências;2;;;;;;;;;;1;1;;;
28/02/2016;15:22:00;279;sem vítima;501;BR-262/MG;Leste;Colisão Traseira;3;;;;;;;;;;3;;;;
28/02/2016;12:35:00;204;sem vítima;546;BR-262/MG;Oeste;Saida de Pista;1;;;;;;;;;;1;;;;
28/02/2016;08:12:00;73;com vítima;524;BR-153/GO;Sul;Queda de Moto;;;;1;;;;;;;0;1;;;
28/02/2016;22:27:00;473;sem vítima;172;BR-153/MG;Sul;Saida de Pista;1;;;;;;;;;;1;;;;
28/02/2016;14:27:00;254;sem vítima;611;BR-262/MG;Leste;Colisão Traseira;2;;;;;;;;;;2;;;;
28/02/2016;08:49:00;96;com vítima;686;BR-262/MG;Oeste;Colisão Frontal;1;;1;;;;;;;;0;2;;;
28/02/2016;15:16:00;277;sem vítima;760,5;BR-262/MG;Oeste;Outros - sequências;1;;;;;1;;;;;2;;;;
28/02/2016;17:38:00;342;com vítima;787,5;BR-262/MG;Oeste;Saida de Pista;1;;;;;;;;;;0;1;;;
28/02/2016;18:29:00;372;com vítima;793;BR-262/MG;Leste;Colisão Traseira;3;;;;;;;;;;4;1;;;
28/02/2016;05:46:00;32;com vítima;843;BR-262/MG;Oeste;Outros - sequências;1;;;;;;;;;;0;1;;;
28/02/2016;19:43:00;405;sem vítima;242;BR-153/MG;Sul;Outros - sequências;1;;;;;;;;;;1;;;;
29/02/2016;07:31:00;54;com vítima;0,4;BR-060/DF;Sul;Colisão Traseira;3;;;;;;;;;;2;1;;;
29/02/2016;08:40:00;107;sem vítima;0,4;BR-060/DF;Sul;Engavetamento;3;;;;;;;;;;3;;;;
29/02/2016;12:07:00;229;sem vítima;363,6;BR-262/MG;Leste;Colisão Traseira;;;2;;;;;;;;2;;;;
29/02/2016;20:43:00;442;com vítima;498;BR-153/GO;Sul;Outros - sequências;;;;;;;;;;1;0;1;;;
29/02/2016;17:57:00;386;com vítima;501,3;BR-153/GO;Norte;Queda de Moto;;;;1;;1;;;;;1;1;;;
29/02/2016;14:42:00;294;com vítima;50;BR-060/GO;Norte;Capotamento;1;;;;;;;;;;4;1;;;
29/02/2016;16:54:00;354;com vítima;507;BR-153/GO;Norte;Colisão Traseira;1;;;1;;;;;;;0;2;;;
29/02/2016;21:41:00;463;com vítima;509;BR-153/GO;Sul;Colisão Traseira;;;;1;;1;;;;;1;2;;;
29/02/2016;16:54:00;355;com vítima;95;BR-060/GO;Norte;Colisão Traseira;2;;;;;;;;;;2;1;;;
29/02/2016;09:40:00;131;com vítima;553;BR-262/MG;Leste;Tombamento;;;1;;;;;;;;0;1;;;
29/02/2016;12:11:00;232;sem vítima;127;BR-153/MG;Sul;Colisão Traseira;1;;1;;;;;;;;2;;;;
29/02/2016;19:01:00;406;sem vítima;532,7;BR-153/GO;Norte;Saida de Pista;1;;;;;;;;;;1;;;;
29/02/2016;13:59:00;278;sem vítima;593;BR-262/MG;Leste;Outros - sequências;;;;;;;;;;1;1;;;;
29/02/2016;14:35:00;291;com vítima;576;BR-153/GO;Norte;Capotamento;1;;;;;;;;;;0;5;;;
29/02/2016;19:47:00;424;sem vítima;608,5;BR-262/MG;Oeste;Saida de Pista;;;;;;;;;;1;1;;;;
29/02/2016;17:39:00;374;sem vítima;589;BR-153/GO;Sul;Saida de Pista;1;;;;;;;;;;1;;;;
29/02/2016;15:03:00;304;com vítima;125;BR-060/GO;Norte;Saida de Pista;1;;;;;1;;;;;1;1;;;
29/02/2016;13:11:00;258;com vítima;234,9;BR-153/MG;Sul;Saida de Pista;1;;;;;;;;;;1;1;;;
29/02/2016;14:33:00;290;sem vítima;667;BR-153/GO;Sul;Saida de Pista;1;;;;;;;;;;1;;;;
29/02/2016;11:59:00;224;com vítima;833;BR-262/MG;Leste;Colisão Lateral;2;;;;;;;;;;0;;1;;1
29/02/2016;06:17:00;34;sem vítima;135;BR-060/GO;Norte;Colisão Traseira;;;1;;;;;;;1;3;;;;
01/03/2016;18:28:00;445;sem vítima;21;BR-153/MG;Norte;Saida de Pista;1;;;;;;;;;;2;;;;
01/03/2016;18:11:00;438;com vítima;63;BR-060/GO;Sul;Choque - Objeto não identificado;1;;;;;;;;;;0;4;;;
01/03/2016;00:09:00;3;com vítima;79;BR-060/GO;Norte;Saida de Pista;1;;;;;;;;;;0;1;;;
01/03/2016;15:15:00;337;com vítima;466,5;BR-262/MG;Leste;Outros - sequências;1;;2;;;;;;;1;0;4;;;1
01/03/2016;07:37:00;88;com vítima;478;BR-262/MG;Oeste;Colisão Lateral;1;;;;;;;;;1;0;2;;;
01/03/2016;05:13:00;55;sem vítima;512;BR-262/MG;Oeste;Colisão Lateral;;;1;;;1;;;;;4;;;;
01/03/2016;19:20:00;461;com vítima;95;BR-060/GO;Norte;Queda de Moto;;;1;1;;;;;;;1;1;;;
01/03/2016;17:10:00;399;sem vítima;544;BR-153/GO;Sul;Saida de Pista;1;;;;;;;;;;4;;;;
01/03/2016;07:26:00;83;sem vítima;107;BR-060/GO;Sul;Colisão Traseira;;;1;1;;;;;;;2;;;;
01/03/2016;16:00:00;362;sem vítima;114;BR-060/GO;Sul;Tombamento;;;1;;;;;;;;1;;;;
01/03/2016;17:27:00;410;com vítima;596;BR-153/GO;Norte;Saida de Pista;1;;;;;;;;;;0;1;;;
01/03/2016;17:47:00;420;com vítima;600;BR-153/GO;Norte;Tombamento;;;1;;;;;;;;0;1;;;
02/03/2016;18:15:00;435;com vítima;491;BR-153/GO;Norte;Colisão Traseira;2;;;;;;;;;;1;1;;;
02/03/2016;19:05:00;460;sem vítima;491;BR-153/GO;Sul;Colisão Traseira;1;;;;;1;;;;;2;;;;
02/03/2016;15:20:00;340;sem vítima;386;BR-262/MG;Oeste;Saida de Pista;1;;;;;;;;;;1;;;;
02/03/2016;17:48:00;415;sem vítima;395;BR-262/MG;Oeste;Carreta deu L;;;1;;;;;;;;1;;;;
02/03/2016;11:14:00;239;com vítima;501;BR-153/GO;Norte;Queda de Moto;;;1;1;;;;;;;1;2;;;
02/03/2016;14:38:00;325;com vítima;439;BR-262/MG;Leste;Saida de Pista;1;;;;;;;;;;1;1;;;
02/03/2016;00:44:00;8;com vítima;70;BR-060/GO;Norte;Capotamento;1;;;;;;;;;;0;4;;;
02/03/2016;15:53:00;357;sem vítima;72;BR-060/GO;Norte;Saida de Pista;1;;;;;;;;;;1;;;;
02/03/2016;04:28:00;41;sem vítima;73;BR-060/GO;Norte;Tombamento;;;1;;;;;;;;1;;;;
02/03/2016;20:02:00;484;sem vítima;482;BR-262/MG;Oeste;Colisão Traseira;2;;;;;;;;;;2;;;;
02/03/2016;20:17:00;491;com vítima;7;BR-060/DF;Sul;Atropelamento - Morador;;;;;;1;;;;;1;;;;1
02/03/2016;07:26:00;86;com vítima;492;BR-262/MG;Leste;Colisão Traseira;2;;;;;;;;;;1;1;;;
02/03/2016;20:25:00;499;com vítima;512;BR-153/GO;Sul;Colisão Traseira;1;;;1;;;;;;;1;1;;;
03/03/2016;23:58:00;473;com vítima;2;BR-153/MG;Sul;Outros - sequências;;;2;;;;;;;;0;1;;1;
03/03/2016;06:47:00;37;com vítima;496;BR-153/GO;Sul;Colisão Traseira;1;;;1;;;;;;;1;1;;;
03/03/2016;19:04:00;375;com vítima;47;BR-060/GO;Norte;Outros - sequências;1;;1;;;1;;;;;1;2;2;;
03/03/2016;02:48:00;10;sem vítima;48,1;BR-060/GO;Norte;Saida de Pista;1;;;;;;;;;;1;;;;
03/03/2016;07:45:00;56;sem vítima;504;BR-153/GO;Norte;Colisão Lateral;1;;1;;;;;;;;2;;;;
03/03/2016;09:39:00;128;com vítima;457;BR-262/MG;Oeste;Saida de Pista;1;;;;;;;;;;0;2;;;
03/03/2016;16:13:00;294;sem vítima;7;BR-060/DF;Sul;Colisão Lateral;1;;;1;;;;;;;2;;;;
03/03/2016;05:22:00;23;sem vítima;535,8;BR-262/MG;Leste;Queda de Moto;;;;1;;;;;;;1;;;;
03/03/2016;14:08:00;241;com vítima;93,4;BR-060/GO;Norte;Colisão Traseira;1;;1;;;;;;;;0;3;;;
03/03/2016;08:34:00;87;sem vítima;227,9;BR-153/MG;Norte;Colisão Lateral;1;;1;;;;;;;;3;;;;
04/03/2016;09:28:00;170;sem vítima;0;BR-060/DF;Sul;Colisão Traseira;1;;;;;;;;;;1;;;;
04/03/2016;21:24:00;550;sem vítima;359;BR-262/MG;Oeste;Saida de Pista;;;1;;;;;;;;1;;;;
04/03/2016;08:03:00;100;sem vítima;494;BR-153/GO;Sul;Colisão Traseira;1;;;1;;;;;;;2;;;;
04/03/2016;19:56:00;503;sem vítima;19;BR-060/GO;Norte;Saida de Pista;1;;;;;;;;;;1;;;;
04/03/2016;15:43:00;367;sem vítima;369,6;BR-262/MG;Leste;Outros - sequências;;;1;;;;;;;;1;;;;
04/03/2016;12:09:00;271;sem vítima;28;BR-060/GO;Norte;Capotamento;1;;;;;;;;;;1;;;;
04/03/2016;10:19:00;202;sem vítima;17;BR-153/MG;Norte;Saida de Pista;1;;;;;;;;;;1;;;;
04/03/2016;19:37:00;490;sem vítima;399;BR-262/MG;Leste;Capotamento;1;;;;;;;;;;1;;;;
04/03/2016;20:55:00;537;sem vítima;419;BR-262/MG;Leste;Saida de Pista;1;;;;;;;;;;1;;;;
04/03/2016;21:41:00;556;sem vítima;42;BR-153/MG;Sul;Saida de Pista;1;;;;;;;;;;1;;;;
04/03/2016;00:00:00;1;com vítima;505;BR-153/GO;Sul;Colisão Traseira;1;;;1;;;;;;;1;1;;;
04/03/2016;20:51:00;533;sem vítima;505;BR-153/GO;Sul;Colisão Traseira;1;;;;;;;;;1;2;;;;
04/03/2016;23:44:00;581;sem vítima;70;BR-060/GO;Sul;Capotamento;1;;;;;;;;;;1;;;;
04/03/2016;14:18:00;332;sem vítima;52;BR-153/MG;Sul;Saida de Pista;;;;;;;;;;1;1;;;;
04/03/2016;07:59:00;96;com vítima;9;BR-060/DF;Norte;Queda de Moto;;;;1;;;;;;;0;1;;;
04/03/2016;22:18:00;564;com vítima;93;BR-060/GO;Sul;Colisão Frontal;1;;;1;;;;;;;2;1;;;
04/03/2016;17:24:00;430;sem vítima;94;BR-060/GO;Norte;Saida de Pista;1;;;;;;;;;;1;;;;
04/03/2016;16:18:00;384;com vítima;577;BR-262/MG;Leste;Colisão Transversal;1;;1;;;;;;;;2;;1;;
04/03/2016;19:18:00;482;sem vítima;583;BR-262/MG;Leste;Saida de Pista;;;;;;;;;;1;1;;;;
04/03/2016;17:35:00;434;sem vítima;585;BR-262/MG;Leste;Capotamento;1;;;;;;;;;;1;;;;
04/03/2016;13:10:00;300;com vítima;150;BR-153/MG;Norte;Capotamento;1;;;;;;;;;;0;1;;;
04/03/2016;12:52:00;294;sem vítima;586;BR-262/MG;Oeste;Saida de Pista;1;;;;;;;;;;1;;;;
04/03/2016;12:43:00;288;sem vítima;589;BR-262/MG;Leste;Saida de Pista;1;;;;;;;;;;1;;;;
04/03/2016;12:48:00;291;sem vítima;590;BR-262/MG;Leste;Saida de Pista;1;;;;;;;;;;1;;;;
04/03/2016;16:53:00;408;sem vítima;593;BR-262/MG;Oeste;Saida de Pista;;;;;;;;;;1;1;;;;
04/03/2016;19:12:00;478;sem vítima;594;BR-262/MG;Leste;Tombamento;;;1;;;;;;;;1;;;;
04/03/2016;16:13:00;383;sem vítima;630;BR-262/MG;Leste;Saida de Pista;1;;;;;;;;;;1;;;;
04/03/2016;17:57:00;445;com vítima;218,6;BR-153/MG;Sul;Saida de Pista;1;;;;;;;;;;0;4;;;
04/03/2016;21:03:00;542;com vítima;119,2;BR-060/GO;Norte;Outros - sequências;;;1;;;;;;;;0;;;;1
04/03/2016;16:18:00;395;sem vítima;29;BR-060/DF;Norte;Saida de Pista;1;;;;;;;;;;1;;;;
05/03/2016;09:00:00;138;com vítima;354,7;BR-262/MG;Leste;Saida de Pista;1;;;;;;;;;;0;3;;;
05/03/2016;17:20:00;421;com vítima;21;BR-060/GO;Sul;Colisão Frontal;1;;;1;;;;;;;1;1;;;
05/03/2016;17:28:00;425;com vítima;376,9;BR-262/MG;Leste;Choque - Defensa, barreira ou "submarino";1;;;;;;;;;;0;;1;;
05/03/2016;14:29:00;332;com vítima;28;BR-153/MG;Norte;Saida de Pista;1;;;;;;;;;;0;1;;;
05/03/2016;20:20:00;488;sem vítima;504;BR-153/GO;Norte;Colisão Traseira;1;;;;;1;;;;;2;;;;
05/03/2016;22:45:00;538;sem vítima;505;BR-153/GO;Norte;Choque - Defensa, barreira ou "submarino";1;;;;;;;;;;1;;;;
05/03/2016;06:31:00;63;sem vítima;63,8;BR-153/MG;Norte;Saida de Pista;;;;;;;;;;1;1;;;;
05/03/2016;19:15:00;469;sem vítima;478;BR-262/MG;Oeste;Colisão Lateral;2;;;;;;;;;;5;;;;
05/03/2016;16:52:00;405;com vítima;538;BR-262/MG;Leste;Saida de Pista;;;1;;;;;;;;0;;;;1
05/03/2016;17:41:00;431;com vítima;550,8;BR-262/MG;Leste;Colisão Frontal;1;;1;;;;;;;;0;1;;1;1
05/03/2016;11:21:00;227;com vítima;554;BR-262/MG;Leste;Capotamento;1;;;;;;;;;;1;1;;;
05/03/2016;00:10:00;1;sem vítima;586;BR-262/MG;Oeste;Saida de Pista;1;;;;;;;;;;2;;;;
05/03/2016;05:35:00;53;sem vítima;24;BR-060/DF;Sul;Saida de Pista;1;;;;;;;;;;1;;;;
05/03/2016;06:57:00;74;com vítima;668,5;BR-262/MG;Leste;Colisão Traseira;;;1;;;1;;;;;1;1;;;
05/03/2016;08:27:00;113;com vítima;121;BR-060/GO;Sul;Capotamento;1;;;;;;;;;;0;1;;;
05/03/2016;11:42:00;234;com vítima;233,1;BR-153/MG;Sul;Queda de Moto;1;;;1;;;;;;;1;1;;;
05/03/2016;14:21:00;325;sem vítima;29,5;BR-060/DF;Norte;Saida de Pista;1;;;;;;;;;;2;;;;
06/03/2016;17:05:00;340;com vítima;359;BR-262/MG;Leste;Colisão Lateral;1;;;;;;;;;;1;1;;;
06/03/2016;14:44:00;267;sem vítima;16;BR-060/GO;Norte;Outros - sequências;1;;;;;1;;;;;2;;;;
06/03/2016;08:04:00;68;sem vítima;368;BR-262/MG;Leste;Saida de Pista;1;;;;;;;;;;1;;;;
06/03/2016;08:08:00;72;sem vítima;368;BR-262/MG;Leste;Saida de Pista;1;;;;;;;;;;1;;;;
06/03/2016;17:26:00;352;sem vítima;501;BR-153/GO;Norte;Colisão Traseira;;;;;;;;;;2;2;;;;
06/03/2016;16:29:00;322;com vítima;440,5;BR-262/MG;Oeste;Queda de Moto;;;;1;;;;;;;0;;1;;
06/03/2016;07:57:00;67;com vítima;64;BR-060/GO;Sul;Saida de Pista;1;;;;;;;;;;0;1;;;
06/03/2016;14:37:00;262;com vítima;81;BR-060/GO;Norte;Saida de Pista;;;;1;;;;;;;0;1;;;
06/03/2016;15:55:00;303;sem vítima;94;BR-153/MG;Sul;Colisão Traseira;1;;1;;;;;;;;5;;;;
06/03/2016;18:18:00;374;sem vítima;512;BR-153/GO;Norte;Colisão Traseira;1;;;;;1;;;;;2;;;;
06/03/2016;18:26:00;378;sem vítima;525;BR-153/GO;Norte;Outros - sequências;;;1;;;;;;;;1;;;;
06/03/2016;07:13:00;48;sem vítima;141;BR-153/MG;Norte;Colisão Lateral;;;2;;;;;;;;2;;;;
06/03/2016;14:36:00;261;com vítima;587;BR-262/MG;Oeste;Carreta deu L;;;1;;;;;;;;0;1;;;
06/03/2016;16:04:00;309;sem vítima;580;BR-153/GO;Sul;Saida de Pista;1;;;;;;;;;;1;;;;
06/03/2016;15:23:00;283;sem vítima;584;BR-153/GO;Norte;Saida de Pista;;;;;;;;;;1;1;;;;
06/03/2016;15:26:00;285;com vítima;584;BR-153/GO;Norte;Outros - sequências;;;1;;;;;;;;0;;1;;
06/03/2016;20:52:00;444;sem vítima;210;BR-153/MG;Sul;Saida de Pista;;;;;;;;;;1;1;;;;
06/03/2016;06:42:00;43;com vítima;732;BR-262/MG;Leste;Saida de Pista;1;;;;;;;;;;0;1;;;
06/03/2016;23:44:00;493;com vítima;125;BR-060/GO;Norte;Queda de Moto;;;;1;;;;;;;1;;1;;
06/03/2016;21:08:00;455;sem vítima;802;BR-262/MG;Leste;Saida de Pista;;;;1;;;;;;;1;;;;
06/03/2016;21:41:00;463;sem vítima;802;BR-262/MG;Leste;Saida de Pista;1;;;;;;;;;;1;;;;
06/03/2016;16:20:00;317;sem vítima;812;BR-262/MG;Oeste;Colisão Lateral;;;1;;;;;;;;1;;;;
06/03/2016;14:18:00;250;sem vítima;661;BR-153/GO;Norte;Saida de Pista;;;1;;;;;;;;1;;;;
06/03/2016;19:49:00;417;sem vítima;695;BR-153/GO;Sul;Saida de Pista;1;;;;;;;;;;1;;;;
07/03/2016;17:07:00;380;sem vítima;354;BR-262/MG;Leste;;1;;;;;;;;;;1;;;;
07/03/2016;08:43:00;113;sem vítima;490;BR-153/GO;Norte;Colisão Traseira;1;;;;;;;;;1;2;;;;
07/03/2016;08:03:00;88;com vítima;495;BR-153/GO;Norte;Colisão Lateral;;;;2;;;;;;;1;1;;;
07/03/2016;12:01:00;220;sem vítima;497;BR-153/GO;Sul;Colisão Lateral;1;;1;;;;;;;;2;;;;
07/03/2016;08:37:00;106;sem vítima;498;BR-153/GO;Norte;Colisão Traseira;1;;1;;;;;;;;2;;;;
07/03/2016;10:52:00;186;sem vítima;39;BR-060/GO;Sul;Saida de Pista;1;;;;;;;;;;1;;;;
07/03/2016;14:36:00;285;sem vítima;399,7;BR-262/MG;Leste;Outros - sequências;1;;;;;;;;;;1;;;;
07/03/2016;05:48:00;36;com vítima;438;BR-262/MG;Leste;Saida de Pista;1;;;;;;;;;;0;1;;;
07/03/2016;15:00:00;301;com vítima;506;BR-153/GO;Sul;Choque - Outros;1;;;1;;;;;;;1;1;;;
07/03/2016;17:43:00;390;sem vítima;78,2;BR-153/MG;Norte;Saida de Pista;;;1;;;;;;;;1;;;;
07/03/2016;14:12:00;275;sem vítima;500;BR-262/MG;Oeste;Saida de Pista;1;;;;;;;;;;1;;;;
07/03/2016;06:05:00;42;com vítima;526;BR-262/MG;Leste;Tombamento;;;1;;;;;;;;0;1;;;
07/03/2016;02:24:00;17;com vítima;547;BR-262/MG;Leste;Capotamento;1;;;;;;;;;;0;1;;;
07/03/2016;04:15:00;23;com vítima;547;BR-262/MG;Leste;Saida de Pista;1;;;;;;;;;;0;1;;;
07/03/2016;14:17:00;277;sem vítima;95;BR-060/GO;Sul;Saida de Pista;;;1;;;;;;;;1;;;;
07/03/2016;20:17:00;442;com vítima;536;BR-153/GO;Sul;Colisão Traseira;1;;;;;2;;;;;3;1;;;
07/03/2016;13:39:00;258;sem vítima;582;BR-262/MG;Oeste;Saida de Pista;1;;;;;;;;;;1;;;;
07/03/2016;07:31:00;67;com vítima;593;BR-262/MG;Leste;Outros - sequências;1;;;;;;;;;;0;1;;;
07/03/2016;16:07:00;341;com vítima;111,5;BR-060/GO;Norte;Saida de Pista;1;;;;;;;;;;0;2;;;
07/03/2016;17:04:00;379;sem vítima;773;BR-262/MG;Leste;Colisão Transversal;1;;;;;;;;;1;2;;;;
07/03/2016;10:13:00;163;sem vítima;130;BR-060/GO;Norte;Saida de Pista;1;;;;;;;;;;1;;;;
07/03/2016;07:01:00;59;com vítima;691;BR-153/GO;Norte;Colisão Traseira;;;2;;;;;;;;1;1;;;
08/03/2016;04:48:00;30;sem vítima;7;BR-153/MG;Sul;Saida de Pista;;;;;;;;;;1;1;;;;
08/03/2016;18:45:00;457;com vítima;499;BR-153/GO;Sul;Colisão Traseira;;;;1;;2;;;;;2;2;;;
08/03/2016;17:51:00;419;sem vítima;506;BR-153/GO;Norte;Colisão Traseira;1;;1;;;;;;;;3;;;;
08/03/2016;06:45:00;42;sem vítima;29;BR-060/DF;Norte;Saida de Pista;1;;;;;;;;;;1;;;;
08/03/2016;09:50:00;155;com vítima;232;BR-153/MG;Sul;Colisão Traseira;2;;;;;;;;;;0;4;1;;
08/03/2016;08:58:00;117;com vítima;239;BR-153/MG;Norte;Colisão Traseira;1;;1;;;;;;;;0;2;1;;
08/03/2016;15:24:00;337;sem vítima;133;BR-060/GO;Sul;Saida de Pista;1;;;;;1;;;;;2;;;;
08/03/2016;10:30:00;172;sem vítima;858;BR-262/MG;Oeste;Colisão Traseira;;;2;;;;;;;;2;;;;
09/03/2016;02:02:00;20;sem vítima;360,5;BR-262/MG;Leste;Saida de Pista;1;;;;;;;;;;1;;;;
09/03/2016;09:47:00;163;sem vítima;494;BR-153/GO;Norte;Colisão Traseira;2;;;;;;;;;1;3;;;;
09/03/2016;16:55:00;430;sem vítima;382;BR-262/MG;Leste;Queda de Moto;;;;1;;;;;;;2;;;;
09/03/2016;21:55:00;573;sem vítima;502;BR-153/GO;Norte;Colisão Lateral;;;;2;;;;;;;2;;;;
09/03/2016;13:32:00;315;com vítima;81;BR-060/GO;Sul;Saida de Pista;;;1;;;;;;;;0;2;;;