data;horario;n_da_ocorrencia;tipo_de_ocorrencia;km;trecho;sentido;tipo_de_acidente;automovel;bicicleta;caminhao;moto;onibus;outros;tracao_animal;transporte_de_cargas_especiais;trator_maquinas;utilitarios;ilesos;levemente_feridos;moderadamente_feridos;gravemente_feridos;mortos
09/03/2016;10:31:00;199;sem vítima;87;BR-060/GO;Norte;Saida de Pista;1;;;;;;;;;;1;;;;
09/03/2016;04:55:00;39;sem vítima;79,1;BR-153/MG;Sul;Tombamento;;;1;;;;;;;;1;;;;
09/03/2016;13:28:00;313;sem vítima;104,8;BR-153/MG;Norte;Colisão Frontal;1;;2;;;;;;;;3;;;;
09/03/2016;09:42:00;160;sem vítima;513,2;BR-153/GO;Sul;Colisão Traseira;1;;1;;;;;;;;2;;;;
09/03/2016;20:02:00;530;com vítima;564;BR-153/GO;Norte;Saida de Pista;1;;;;;;;;;;0;1;;;
09/03/2016;20:18:00;539;com vítima;692;BR-262/MG;Leste;Colisão Transversal;2;;;;;;;;;;0;2;;;
10/03/2016;08:03:00;87;sem vítima;0;BR-060/DF;Norte;Colisão Traseira;1;;;1;;;;;;;2;;;;
10/03/2016;11:31:00;259;com vítima;366;BR-262/MG;Oeste;Saida de Pista;1;;;;;1;;;;;1;1;;;
10/03/2016;12:34:00;296;sem vítima;382;BR-262/MG;Leste;Saida de Pista;1;;;;;;;;;;1;;;;
10/03/2016;17:43:00;465;sem vítima;500,4;BR-153/GO;Sul;Colisão Traseira;;;;;1;;;;;1;2;;;;
10/03/2016;07:10:00;59;com vítima;423;BR-262/MG;Leste;Atropelamento - Ciclista;;1;;;;1;;;;;1;1;;;
10/03/2016;07:56:00;81;sem vítima;504;BR-153/GO;Norte;Colisão Traseira;2;;;;;;;;;;2;;;;
10/03/2016;09:34:00;177;sem vítima;46,3;BR-153/MG;Sul;Saida de Pista;;;1;;;;;;;;1;;;;
10/03/2016;08:24:00;113;com vítima;513;BR-153/GO;Norte;Colisão Lateral;;;1;1;;;;;;;1;1;;;
10/03/2016;07:23:00;63;com vítima;514;BR-153/GO;Sul;Colisão Lateral;1;;;1;;;;;;;0;2;;;
10/03/2016;22:11:00;588;sem vítima;586;BR-262/MG;Oeste;Saida de Pista;;;;;;;;;;1;3;;;;
10/03/2016;06:25:00;41;com vítima;109;BR-060/GO;Sul;Colisão Traseira;2;;;;;;;;;;0;2;;;
10/03/2016;02:11:00;28;sem vítima;580;BR-153/GO;Sul;Saida de Pista;;;;;;;;;;1;1;;;;
10/03/2016;09:25:00;164;sem vítima;653;BR-262/MG;Leste;Saida de Pista;;;1;;;1;;;;;2;;;;
10/03/2016;13:15:00;313;sem vítima;690;BR-262/MG;Leste;Colisão Traseira;1;;2;;;;;;;;3;;;;
10/03/2016;15:06:00;370;com vítima;630;BR-153/GO;Norte;Saida de Pista;;;;1;;;;;;;1;1;;;
10/03/2016;13:28:00;321;com vítima;125;BR-060/GO;Sul;Queda de Moto;;;;1;;1;;;;;1;2;;;
10/03/2016;19:37:00;521;sem vítima;799;BR-262/MG;Leste;Saida de Pista;;;1;;;1;;;;;2;;;;
10/03/2016;19:10:00;510;com vítima;800;BR-262/MG;Oeste;Colisão Lateral;1;;;;;;;;;1;2;1;;;
10/03/2016;06:44:00;50;com vítima;822;BR-262/MG;Leste;Outros - sequências;1;;;;;;;;;;0;;2;;
11/03/2016;05:51:00;43;sem vítima;9;BR-060/GO;Norte;Capotamento;1;;;;;;;;;;1;;;;
11/03/2016;16:13:00;388;sem vítima;494;BR-153/GO;Norte;Colisão Traseira;2;;;;;1;;;;;3;;;;
11/03/2016;18:40:00;476;sem vítima;495;BR-153/GO;Sul;Engavetamento;2;;;;;1;;;;;3;;;;
11/03/2016;07:35:00;76;sem vítima;382;BR-262/MG;Oeste;Saida de Pista;1;;;;;;;;;;1;;;;
11/03/2016;01:07:00;14;com vítima;387;BR-262/MG;Oeste;Saida de Pista;1;;;;;1;;;;;1;1;;;
11/03/2016;16:53:00;408;sem vítima;3;BR-060/DF;Sul;Colisão Traseira;1;;;;;1;;;;;2;;;;
11/03/2016;06:39:00;53;sem vítima;399;BR-262/MG;Oeste;Colisão Lateral;2;;;;;;;;;;2;;;;
11/03/2016;11:56:00;250;com vítima;405;BR-262/MG;Oeste;Colisão Lateral;1;;1;;;;;;;;1;1;;;
11/03/2016;04:05:00;34;com vítima;417;BR-262/MG;Leste;Colisão Traseira;1;;;1;;;;;;;1;;1;;
11/03/2016;15:55:00;381;sem vítima;501,5;BR-153/GO;Sul;Colisão Traseira;;;2;;;;;;;;2;;;;
11/03/2016;20:35:00;543;sem vítima;504,5;BR-153/GO;Norte;Outros - sequências;1;;;;;1;;;;;2;;;;
11/03/2016;19:30:00;504;com vítima;72;BR-060/GO;Sul;Saida de Pista;1;;;;;;;;;;0;;1;;
11/03/2016;10:21:00;197;sem vítima;492;BR-262/MG;Oeste;Outros - sequências;1;;;;;1;;;;;2;;;;
11/03/2016;23:03:00;600;sem vítima;548;BR-262/MG;Leste;Saida de Pista;1;;;;;;;;;;1;;;;
11/03/2016;19:39:00;511;sem vítima;101;BR-060/GO;Sul;Colisão Traseira;1;;;;;;;;;1;2;;;;
11/03/2016;21:15:00;559;com vítima;102;BR-060/GO;Norte;Saida de Pista;1;;;;;;;;;;0;1;;;
11/03/2016;09:17:00;155;sem vítima;587;BR-262/MG;Leste;Saida de Pista;1;;;;;;;;;;1;;;;
11/03/2016;17:15:00;425;sem vítima;587;BR-262/MG;Oeste;Outros - sequências;;;;;;;;;;1;1;;;;
11/03/2016;17:40:00;441;com vítima;570;BR-153/GO;Sul;Saida de Pista;;;;;;;;;;1;0;1;;;
11/03/2016;08:48:00;130;com vítima;594;BR-262/MG;Leste;Outros - sequências;;;;;;;;;;1;0;1;;;
11/03/2016;14:08:00;320;sem vítima;607,2;BR-262/MG;Leste;Outros - sequências;1;;;;;;;;;;1;;;;
11/03/2016;14:01:00;315;com vítima;210;BR-153/MG;Sul;Tombamento;;;1;;;;;;;;0;1;;;
11/03/2016;21:07:00;555;sem vítima;129;BR-060/GO;Norte;Saida de Pista;1;;;;;;;;;;2;;;;
11/03/2016;15:01:00;348;sem vítima;30;BR-060/DF;Sul;Saida de Pista;1;;;;;;;;;;1;;;;
11/03/2016;13:02:00;290;com vítima;30,5;BR-060/DF;Sul;Colisão Traseira;1;;;;;1;;;;;2;1;;;
11/03/2016;13:32:00;301;sem vítima;882;BR-262/MG;Leste;Saida de Pista;;;1;;;;;;;;1;;;;
12/03/2016;14:47:00;333;com vítima;0;BR-060/GO;Sul;Saida de Pista;1;;;;;;;;;;0;1;;;
12/03/2016;15:43:00;361;sem vítima;8,5;BR-060/GO;Sul;Saida de Pista;1;;;;;;;;;;2;;;;
12/03/2016;10:12:00;180;com vítima;377,8;BR-262/MG;Leste;Saida de Pista;1;;;;;;;;;;0;1;;;
12/03/2016;11:12:00;216;sem vítima;29;BR-060/GO;Norte;Saida de Pista;1;;;;;;;;;;1;;;;
12/03/2016;12:13:00;251;sem vítima;385;BR-262/MG;Leste;Saida de Pista;1;;;;;;;;;;1;;;;
12/03/2016;14:31:00;327;com vítima;385;BR-262/MG;Oeste;Outros - sequências;1;;;;;;;;;;0;1;;;
12/03/2016;14:56:00;336;sem vítima;388;BR-262/MG;Oeste;Saida de Pista;1;;;;;;;;;;1;;;;
12/03/2016;14:26:00;325;sem vítima;395;BR-262/MG;Leste;Capotamento;1;;;;;;;;;;1;;;;
12/03/2016;17:11:00;404;com vítima;408;BR-262/MG;Leste;Capotamento;1;;;;;;;;;;0;2;;;
12/03/2016;05:38:00;53;sem vítima;427;BR-262/MG;Oeste;Saida de Pista;1;;;;;;;;;;2;;;;
12/03/2016;13:12:00;279;sem vítima;431;BR-262/MG;Leste;Saida de Pista;;;;;;;;;;1;1;;;;
12/03/2016;15:07:00;339;com vítima;56;BR-060/GO;Norte;Saida de Pista;1;;;;;;;;;;0;1;1;;
12/03/2016;03:04:00;34;com vítima;435;BR-262/MG;Leste;Capotamento;1;;;;;;;;;;0;5;;;
12/03/2016;14:03:00;303;sem vítima;504;BR-153/GO;Norte;;;;;1;;;;;;;1;;;;
12/03/2016;08:00:00;98;sem vítima;45,5;BR-153/MG;Norte;Saida de Pista;1;;1;;;;;;;;3;;;;
12/03/2016;21:05:00;517;com vítima;447;BR-262/MG;Oeste;Colisão Traseira;1;;;1;;;;;;;1;1;;;
12/03/2016;14:17:00;332;sem vítima;506;BR-153/GO;Sul;Colisão Traseira;1;;1;;;;;;;;2;;;;
12/03/2016;16:08:00;367;sem vítima;57;BR-153/MG;Norte;Saida de Pista;1;;;;;;;;;;1;;;;
12/03/2016;12:53:00;268;sem vítima;89;BR-060/GO;Sul;Saida de Pista;1;;;;;;;;;;1;;;;
12/03/2016;14:44:00;330;com vítima;508,5;BR-262/MG;Leste;Capotamento;1;;;;;;;;;;0;1;;;
12/03/2016;23:36:00;559;com vítima;93;BR-060/GO;Sul;Queda de Moto;;;;1;;;;;;;0;1;;;
12/03/2016;16:44:00;391;sem vítima;542;BR-153/GO;Sul;Saida de Pista;1;;;;;;;;;;4;;;;
12/03/2016;14:20:00;319;sem vítima;543,8;BR-153/GO;Sul;Saida de Pista;1;;;;;;;;;;2;;;;
12/03/2016;14:13:00;309;sem vítima;583;BR-262/MG;Leste;Outros - sequências;1;;;;;;;;;;1;;;;
12/03/2016;09:42:00;161;com vítima;585;BR-262/MG;Oeste;Outros - sequências;;;;;;;;;;1;0;1;;;
12/03/2016;14:36:00;329;sem vítima;557,2;BR-153/GO;Sul;Saida de Pista;1;;;;;;;;;;1;;;;
12/03/2016;15:23:00;348;com vítima;18;BR-060/DF;Sul;Saida de Pista;1;;;;;;;;;;0;1;;;
12/03/2016;20:19:00;495;com vítima;20,7;BR-060/DF;Norte;Atropelamento - Andarilho;;;;;;1;;;;;1;;;;1
12/03/2016;15:09:00;340;com vítima;561;BR-153/GO;Sul;Outros - sequências;1;;;;;;;;;;1;1;;;
12/03/2016;09:04:00;138;com vítima;587;BR-262/MG;Oeste;Outros - sequências;;;2;;;;;;;;1;;;1;
12/03/2016;17:21:00;411;sem vítima;574;BR-153/GO;Norte;Saida de Pista;1;;;;;;;;;;1;;;;
12/03/2016;09:29:00;152;com vítima;607;BR-262/MG;Leste;Outros - sequências;;;;;;;;;;1;0;1;;;
12/03/2016;12:04:00;242;sem vítima;116;BR-060/GO;Sul;Saida de Pista;1;;;;;;;;;;1;;;;
12/03/2016;15:35:00;357;com vítima;756;BR-262/MG;Leste;;1;;;;;;;;;;0;2;;;
12/03/2016;12:54:00;269;sem vítima;128;BR-060/GO;Sul;Saida de Pista;;;1;;;;;;;;1;;;;
12/03/2016;12:08:00;247;sem vítima;815;BR-262/MG;Oeste;Saida de Pista;1;;;;;;;;;;1;;;;
13/03/2016;08:42:00;105;sem vítima;10;BR-060/GO;Sul;Capotamento;1;;;;;;;;;;1;;;;
13/03/2016;13:33:00;215;com vítima;367;BR-262/MG;Oeste;Saida de Pista;1;;;;;;;;;;0;1;;;
13/03/2016;19:11:00;396;sem vítima;20;BR-060/GO;Norte;Colisão Traseira;2;;;;;;;;;;3;;;;
13/03/2016;16:09:00;292;sem vítima;370;BR-262/MG;Leste;Saida de Pista;1;;;;;;;;;;1;;;;
13/03/2016;09:28:00;125;sem vítima;380;BR-262/MG;Oeste;Queda de Moto;;;;1;;;;;;;1;;;;
13/03/2016;17:45:00;349;sem vítima;382;BR-262/MG;Oeste;Saida de Pista;1;;;;;;;;;;1;;;;
13/03/2016;01:18:00;15;com vítima;505;BR-153/GO;Sul;Queda de Moto;;;;1;;;;;;;0;1;;;
13/03/2016;12:13:00;188;sem vítima;506;BR-153/GO;Sul;Queda de Moto;;;;1;;;;;;;1;;;;
13/03/2016;21:53:00;461;sem vítima;463;BR-262/MG;Leste;Saida de Pista;1;;;;;;;;;;2;;;;
13/03/2016;00:19:00;6;com vítima;507,8;BR-153/GO;Sul;Queda de Moto;;;;1;;;;;;;0;1;;;
13/03/2016;17:10:00;327;sem vítima;509;BR-262/MG;Leste;Colisão Traseira;1;;1;;;;;;;;2;;;;
13/03/2016;19:45:00;414;sem vítima;9;BR-060/DF;Norte;Saida de Pista;1;;;;;;;;;;1;;;;
13/03/2016;17:48:00;351;com vítima;96;BR-060/GO;Norte;Saida de Pista;1;;;;;;;;;;0;1;;;
13/03/2016;02:06:00;18;sem vítima;12;BR-060/DF;Norte;Choque - Poste;1;;;;;;;;;;1;;;;
13/03/2016;08:01:00;85;com vítima;144;BR-153/MG;Norte;Colisão Traseira;;;2;;;;;;;;1;1;;;
13/03/2016;04:36:00;41;sem vítima;108,5;BR-060/GO;Norte;Capotamento;1;;;;;;;;;;1;;;;
13/03/2016;04:31:00;38;com vítima;582;BR-153/GO;Sul;Queda de Moto;;;;1;;;;;;;0;1;;;
13/03/2016;02:59:00;23;sem vítima;639;BR-262/MG;Leste;Saida de Pista;;;1;;;;;;;;1;;;;
13/03/2016;00:36:00;8;sem vítima;646;BR-262/MG;Leste;Saida de Pista;;;1;;;;;;;;1;;;;
13/03/2016;22:07:00;467;sem vítima;705;BR-262/MG;Oeste;Saida de Pista;1;;;;;;;;;;2;;;;
13/03/2016;01:57:00;17;com vítima;634,7;BR-153/GO;Sul;Outros - sequências;1;;;;;;;;;;0;;;;1
14/03/2016;19:13:00;494;sem vítima;490;BR-153/GO;Sul;Saida de Pista;;;;;;;;;;1;1;;;;
14/03/2016;15:41:00;361;sem vítima;14,7;BR-060/GO;Sul;Saida de Pista;1;;;;;;;;;;1;;;;
14/03/2016;07:19:00;49;sem vítima;497;BR-153/GO;Norte;;;;;;;2;;;;;2;;;;
14/03/2016;08:11:00;73;sem vítima;498;BR-153/GO;Sul;Colisão Traseira;6;;;;;;;;;;6;;;;
14/03/2016;04:10:00;25;com vítima;382;BR-262/MG;Oeste;Saida de Pista;1;;;;;;;;;;0;1;;;
14/03/2016;07:57:00;65;sem vítima;501;BR-153/GO;Sul;Colisão Traseira;;;;;;2;;;;;2;;;;
14/03/2016;08:17:00;77;sem vítima;501,5;BR-153/GO;Norte;Queda de Moto;;;;1;;1;;;;;3;;;;
14/03/2016;07:01:00;45;sem vítima;506;BR-153/GO;Norte;Colisão Traseira;2;;;;;;;;;;2;;;;
14/03/2016;07:37:00;55;com vítima;506;BR-153/GO;Sul;Queda de Ciclista;;;;1;;;;;;;0;1;;;
14/03/2016;18:36:00;476;sem vítima;85;BR-060/GO;Sul;Saida de Pista;1;;;;;;;;;;1;;;;
14/03/2016;12:49:00;248;com vítima;488;BR-262/MG;Oeste;Saida de Pista;1;;;;;1;;;;;1;3;;;
14/03/2016;04:53:00;27;sem vítima;578;BR-153/GO;Sul;Saida de Pista;;;1;;;;;;;;1;;;;
14/03/2016;02:50:00;22;com vítima;597;BR-153/GO;Norte;Choque - Talude;1;;;;;;;;;;0;;;;1
14/03/2016;14:57:00;328;sem vítima;227;BR-153/MG;Sul;Colisão Lateral;;;2;;;;;;;;2;;;;
14/03/2016;06:05:00;37;com vítima;649;BR-153/GO;Sul;Saida de Pista;;;;;;;;;;1;0;3;;;
15/03/2016;21:00:00;523;com vítima;372;BR-262/MG;Oeste;Colisão Traseira;;;;1;;1;;;;;1;1;;;
15/03/2016;21:40:00;538;sem vítima;26,8;BR-060/GO;Sul;Outros - sequências;1;;;;;;;;;;2;;;;
15/03/2016;06:51:00;38;com vítima;43,5;BR-060/GO;Sul;Saida de Pista;1;;;;;;;;;;0;1;;;
15/03/2016;20:41:00;519;sem vítima;434;BR-262/MG;Leste;Saida de Pista;1;;;;;;;;;;1;;;;
15/03/2016;13:50:00;308;com vítima;60;BR-060/GO;Norte;Colisão Lateral;2;;;;;;;;;;1;1;;;
15/03/2016;18:15:00;453;sem vítima;109;BR-153/MG;Norte;Colisão Lateral;1;;;;;1;;;;;2;;;;
15/03/2016;17:46:00;437;com vítima;532;BR-153/GO;Norte;Colisão Lateral;1;;;1;;;;;;;1;1;1;;
15/03/2016;19:44:00;494;com vítima;553;BR-153/GO;Norte;Colisão Traseira;1;;;;;1;;;;;2;;1;;
15/03/2016;19:17:00;480;sem vítima;625;BR-153/GO;Norte;Colisão Traseira;1;;;;;1;;;;;2;;;;
15/03/2016;10:47:00;213;com vítima;770;BR-262/MG;Oeste;Colisão Traseira;1;;;;;1;;;;;1;2;;;
15/03/2016;12:39:00;278;com vítima;657,6;BR-153/GO;Sul;Colisão Lateral;1;;1;;;;;;;;1;1;;;
16/03/2016;20:29:00;492;com vítima;13;BR-060/GO;Norte;Colisão Traseira;;;2;;;;;;;;1;1;;1;
16/03/2016;14:11:00;295;com vítima;14;BR-153/MG;Sul;Colisão Traseira;1;;1;;;;;;;;1;1;1;;
16/03/2016;12:55:00;253;com vítima;432,3;BR-262/MG;Oeste;Saida de Pista;;;1;;;;;;;;0;;1;1;
16/03/2016;21:27:00;512;com vítima;528;BR-262/MG;Oeste;Colisão Lateral;;;2;;;;;;;;0;2;;;
16/03/2016;10:32:00;181;com vítima;213,8;BR-153/MG;Norte;Colisão Traseira;1;;1;;;;;;;;2;1;;;
16/03/2016;12:07:00;236;sem vítima;119;BR-060/GO;Norte;Colisão Lateral;1;;1;;;;;;;;2;;;;
16/03/2016;20:07:00;483;sem vítima;788;BR-262/MG;Oeste;Colisão Traseira;1;;;;;1;;;;;2;;;;
16/03/2016;04:24:00;23;sem vítima;244;BR-153/MG;Norte;Saida de Pista;1;;;;;;;;;;1;;;;
16/03/2016;09:22:00;139;com vítima;699;BR-153/GO;Sul;Queda de Moto;;;;1;;;;;;;0;1;1;;
16/03/2016;17:11:00;386;com vítima;138;BR-060/GO;Norte;Colisão Lateral;;;;2;;;;;;;1;1;;;
17/03/2016;21:24:00;511;com vítima;16;BR-153/MG;Sul;Colisão Traseira;;;2;;;;;;;;1;1;;;
17/03/2016;07:42:00;95;sem vítima;501,2;BR-153/GO;Norte;Colisão Traseira;2;;;;;;;;;;2;;;;
17/03/2016;07:19:00;82;com vítima;430;BR-262/MG;Oeste;Tombamento;;;1;;;;;;;;0;1;;;
17/03/2016;04:43:00;45;sem vítima;46;BR-153/MG;Sul;Carreta deu L;;;1;;;;;;;;1;;;;
17/03/2016;09:52:00;206;com vítima;527;BR-262/MG;Leste;Capotamento;1;;;;;;;;;;1;2;;;
17/03/2016;07:44:00;96;sem vítima;138;BR-153/MG;Norte;Tombamento;;;1;;;;;;;;1;;;;
17/03/2016;21:08:00;506;sem vítima;793;BR-262/MG;Leste;Colisão Traseira;1;;1;;;;;;;;3;;;;
17/03/2016;16:15:00;402;com vítima;691;BR-153/GO;Norte;Saida de Pista;1;;1;;;;;;;;1;2;;;
18/03/2016;12:20:00;266;sem vítima;356;BR-262/MG;Oeste;Capotamento;1;;;;;;;;;;2;;;;
18/03/2016;22:46:00;579;com vítima;4;BR-060/GO;Sul;Engavetamento;5;;4;;;;;;;;7;3;;1;
18/03/2016;22:03:00;567;sem vítima;5;BR-060/GO;Sul;Colisão Traseira;1;;1;;;;;;;;2;;;;
18/03/2016;19:06:00;500;sem vítima;499,3;BR-153/GO;Sul;Outros - sequências;3;;;;;;;;;;3;;;;
18/03/2016;15:28:00;378;com vítima;508;BR-153/GO;Sul;Queda de Moto;;;;1;;;;;;;0;1;;;
18/03/2016;12:11:00;257;sem vítima;97;BR-060/GO;Norte;Colisão Lateral;1;;1;;;;;;;;2;;;;
18/03/2016;19:03:00;498;com vítima;166;BR-153/MG;Norte;Colisão Traseira;2;;;;;;;;;;0;3;;;
18/03/2016;15:55:00;397;com vítima;590;BR-262/MG;Leste;Outros - sequências;1;;;;;;;;;;0;1;;;
18/03/2016;16:21:00;410;sem vítima;592;BR-262/MG;Oeste;Saida de Pista;1;;;;;;;;;;1;;;;
18/03/2016;15:46:00;392;sem vítima;594;BR-262/MG;Leste;Saida de Pista;;;1;;;1;;;;;2;;;;
18/03/2016;20:28:00;531;sem vítima;112,2;BR-060/GO;Norte;Colisão Traseira;2;;;;;1;;;;;4;;;;
18/03/2016;14:37:00;341;com vítima;586,9;BR-153/GO;Sul;Saida de Pista;1;;;;;1;;;;;1;1;;;
18/03/2016;17:04:00;433;sem vítima;803,1;BR-262/MG;Oeste;Saida de Pista;;;;;1;;;;;;5;;;;
18/03/2016;23:26:00;593;sem vítima;820;BR-262/MG;Leste;Capotamento;1;;;;;;;;;;1;;;;
18/03/2016;22:38:00;578;com vítima;136;BR-060/GO;Sul;Colisão Lateral;;;;1;;1;;;;;1;1;;;
19/03/2016;22:03:00;482;sem vítima;4;BR-060/GO;Sul;Outros - sequências;;;1;;;;;;;;1;;;;
19/03/2016;06:13:00;62;sem vítima;494;BR-153/GO;Sul;Colisão Traseira;2;;;;;;;;;;2;;;;
19/03/2016;06:19:00;64;com vítima;393;BR-262/MG;Leste;Colisão Traseira;;;2;;;;;;;;0;1;1;;
19/03/2016;12:21:00;296;com vítima;395;BR-262/MG;Oeste;Outros - sequências;;;;;;;;;;1;0;1;;;
19/03/2016;16:06:00;403;sem vítima;42,6;BR-060/GO;Sul;Colisão Lateral;;;;2;;1;;;;;3;;;;
19/03/2016;22:19:00;594;com vítima;398;BR-262/MG;Oeste;Capotamento;1;;;;;;;;;;0;;1;;
19/03/2016;23:57:00;618;com vítima;417;BR-262/MG;Leste;Capotamento;1;;;;;1;;;;;1;1;;;
19/03/2016;23:56:00;617;sem vítima;427;BR-262/MG;Leste;Saida de Pista;;;;;;;;;;1;1;;;;
19/03/2016;11:14:00;257;com vítima;447;BR-262/MG;Leste;Outros - sequências;;;1;;;;;;;;0;1;;;
19/03/2016;11:39:00;274;com vítima;509;BR-153/GO;Norte;Colisão Traseira;1;;;1;;;;;;;1;1;;;
19/03/2016;19:46:00;510;sem vítima;492;BR-262/MG;Leste;Saida de Pista;1;;;;;;;;;;1;;;;
19/03/2016;13:25:00;330;com vítima;549;BR-262/MG;Oeste;Saida de Pista;;;1;;;;;;;;0;;1;;
19/03/2016;03:15:00;40;com vítima;108,4;BR-060/GO;Norte;Capotamento;1;;;;;;;;;;0;1;;;
19/03/2016;01:52:00;29;sem vítima;593;BR-262/MG;Leste;Saida de Pista;;;1;;;;;;;;1;;;;
19/03/2016;16:58:00;424;sem vítima;801,8;BR-262/MG;Oeste;Colisão Traseira;1;;;;;1;;;;;2;;;;
19/03/2016;19:30:00;507;sem vítima;802;BR-262/MG;Oeste;Colisão Traseira;2;;;;;;;;;;2;;;;
19/03/2016;14:33:00;359;sem vítima;803;BR-262/MG;Oeste;Colisão Lateral;;;2;;;;;;;;2;;;;
19/03/2016;18:09:00;476;sem vítima;660,1;BR-153/GO;Sul;Tombamento;;;1;;;;;;;;1;;;;
19/03/2016;03:36:00;44;sem vítima;684;BR-153/GO;Norte;Outros - sequências;2;;;;;;;;;;2;;;;
19/03/2016;18:50:00;492;com vítima;876;BR-262/MG;Leste;Colisão Transversal;1;;;1;;;;;;;1;2;;;
20/03/2016;17:10:00;363;sem vítima;7,6;BR-060/GO;Sul;Saida de Pista;1;;1;;;;;;;;2;;;;
20/03/2016;18:00:00;391;sem vítima;496;BR-153/GO;Sul;Colisão Traseira;2;;;;;;;;;;5;;;;
20/03/2016;11:29:00;189;com vítima;387;BR-262/MG;Leste;Queda de Moto;;;;1;;;;;;;0;1;;;
20/03/2016;11:11:00;183;sem vítima;80;BR-060/GO;Sul;Colisão Traseira;1;;1;;;;;;;;2;;;;
20/03/2016;18:43:00;413;sem vítima;504;BR-262/MG;Leste;Saida de Pista;1;;;;;1;;;;;2;;;;
20/03/2016;12:39:00;225;com vítima;94;BR-060/GO;Sul;Queda;;;;1;;;;;;;0;;;1;
20/03/2016;17:45:00;388;sem vítima;542;BR-153/GO;Norte;Queda de Moto;;;;1;;;;;;;2;;;;
20/03/2016;15:29:00;308;sem vítima;614,5;BR-153/GO;Norte;Outros - sequências;;;1;;;1;;;;;2;;;;
20/03/2016;15:45:00;317;com vítima;614,5;BR-153/GO;Norte;Outros - sequências;1;;;;;;;;;;0;1;;;
20/03/2016;13:05:00;235;com vítima;801;BR-262/MG;Oeste;Colisão Traseira;1;;;1;;;;;;;1;1;;;
20/03/2016;11:48:00;200;com vítima;672;BR-153/GO;Sul;Saida de Pista;1;;;;;;;;;;0;1;;;
21/03/2016;07:15:00;64;sem vítima;369;BR-262/MG;Leste;Colisão Lateral;1;;;;1;;;;;;2;;;;
21/03/2016;19:03:00;489;sem vítima;499,8;BR-153/GO;Sul;Colisão Traseira;2;;;;;;;;;;2;;;;
21/03/2016;07:58:00;87;sem vítima;43;BR-060/GO;Sul;Colisão Traseira;2;;;;;;;;;;2;;;;
21/03/2016;00:50:00;9;sem vítima;595;BR-153/GO;Norte;Saida de Pista;1;;;;;;;;;;2;;;;
21/03/2016;02:09:00;17;sem vítima;119;BR-060/GO;Norte;Saida de Pista;1;;;;;;;;;;1;;;;
21/03/2016;07:36:00;74;com vítima;773;BR-262/MG;Leste;Outros - sequências;2;;;;;;;;;;0;2;;;
21/03/2016;22:54:00;564;com vítima;630,1;BR-153/GO;Sul;Colisão Traseira;;;2;;;;;;;;0;;;1;1
21/03/2016;17:08:00;438;com vítima;801,5;BR-262/MG;Leste;Colisão Transversal;;;1;;;;1;;;;0;2;;;1
22/03/2016;09:28:00;174;com vítima;359;BR-262/MG;Leste;Queda de Ciclista;;;;1;;;;;;;0;1;;;
22/03/2016;15:46:00;416;sem vítima;359;BR-262/MG;Leste;Colisão Lateral;1;;;;;;;;;;1;;;;
22/03/2016;22:03:00;579;sem vítima;8,8;BR-060/GO;Norte;Capotamento;1;;;;;;;;;;1;;;;
22/03/2016;15:48:00;417;sem vítima;3,6;BR-153/MG;Sul;Saida de Pista;1;;1;;;;;;;;2;;;;
22/03/2016;08:27:00;118;sem vítima;31;BR-060/GO;Norte;Colisão Lateral;;;1;;;1;;;;;2;;;;
22/03/2016;08:35:00;128;com vítima;85;BR-060/GO;Norte;Capotamento;1;;;;;;;;;;0;1;;;
22/03/2016;13:30:00;339;com vítima;514;BR-153/GO;Norte;Saida de Pista;1;;;;;;;;;;0;1;;;
22/03/2016;15:43:00;414;com vítima;533;BR-153/GO;Norte;Colisão Traseira;1;;;;;1;;;;;1;1;;;
22/03/2016;10:04:00;199;sem vítima;97;BR-060/GO;Norte;Colisão Traseira;1;;;1;;;;;;;2;;;;
22/03/2016;16:43:00;443;com vítima;545;BR-153/GO;Sul;Saida de Pista;1;;;;;;;;;;0;1;;;
22/03/2016;11:41:00;282;sem vítima;107;BR-060/GO;Norte;Colisão Traseira;1;;1;;;;;;;;2;;;;
22/03/2016;15:10:00;394;sem vítima;701;BR-153/GO;Norte;Colisão Traseira;;;2;;;;;;;;2;;;;
23/03/2016;09:39:00;185;sem vítima;491;BR-153/GO;Norte;Engavetamento;3;;;;;;;;;;3;;;;
23/03/2016;05:35:00;60;com vítima;368;BR-262/MG;Oeste;Capotamento;1;;;;;;;;;;0;1;;;
23/03/2016;09:20:00;173;sem vítima;368;BR-262/MG;Leste;;;;1;;;;;;;;1;;;;
23/03/2016;15:35:00;404;sem vítima;10,52;BR-153/MG;Norte;Saida de Pista;1;;;;;;;;;;1;;;;
23/03/2016;09:00:00;161;com vítima;499;BR-153/GO;Sul;Outros - sequências;2;;;;;1;;;;;1;2;;;
23/03/2016;12:08:00;291;com vítima;500;BR-153/GO;Norte;Colisão Lateral;1;;1;;;;;;;;0;2;;;
23/03/2016;03:46:00;44;sem vítima;424;BR-262/MG;Leste;Queda de Moto;;;;1;;;;;;;1;;;;
23/03/2016;11:41:00;280;sem vítima;431,5;BR-262/MG;Leste;Saida de Pista;1;;;;;;;;;;1;;;;
23/03/2016;07:00:00;76;com vítima;507;BR-153/GO;Norte;Colisão Traseira;2;;;;;1;;;;;1;2;;;
23/03/2016;15:26:00;402;com vítima;529,8;BR-153/GO;Sul;Queda de Moto;;;;1;;;;;;;0;1;;;
23/03/2016;04:02:00;46;sem vítima;580;BR-262/MG;Leste;Saida de Pista;1;;;;;;;;;;1;;;;