data;horario;n_da_ocorrencia;tipo_de_ocorrencia;km;trecho;sentido;tipo_de_acidente;automovel;bicicleta;caminhao;moto;onibus;outros;tracao_animal;transporte_de_cargas_especiais;trator_maquinas;utilitarios;ilesos;levemente_feridos;moderadamente_feridos;gravemente_feridos;mortos
23/03/2016;13:08:00;326;sem vítima;586;BR-262/MG;Leste;Saida de Pista;1;;;;;;;;;;1;;;;
23/03/2016;17:04:00;450;sem vítima;119,5;BR-060/GO;Norte;Choque - Outros;1;;;;;1;;;;;2;;;;
23/03/2016;10:17:00;214;sem vítima;128;BR-060/GO;Sul;Queda de Ciclista;;;;1;;;;;;;1;;;;
23/03/2016;22:20:00;611;sem vítima;804,9;BR-262/MG;Oeste;Choque - Defensa, barreira ou "submarino";;;1;;;;;;;;1;;;;
24/03/2016;15:03:00;336;com vítima;1;BR-060/GO;Norte;Outros - sequências;1;;;;;;;;;;0;1;;;
24/03/2016;14:35:00;313;sem vítima;3;BR-060/GO;Sul;Saida de Pista;1;;;;;;;;;;1;;;;
24/03/2016;03:01:00;23;sem vítima;361;BR-262/MG;Oeste;;1;;;;;;;;;;1;;;;
24/03/2016;10:27:00;188;com vítima;3,8;BR-153/MG;Sul;Queda de Moto;;;;1;;;;;;;0;;1;;
24/03/2016;12:09:00;231;sem vítima;380;BR-262/MG;Oeste;Capotamento;1;;;;;;;;;;1;;;;
24/03/2016;09:20:00;157;sem vítima;388,5;BR-262/MG;Leste;Saida de Pista;1;;;;;;;;;;1;;;;
24/03/2016;09:56:00;175;sem vítima;392,4;BR-262/MG;Oeste;Saida de Pista;1;;;;;;;;;;3;;;;
24/03/2016;09:59:00;176;com vítima;500,3;BR-153/GO;Sul;Queda de Ciclista;1;;;1;;;;;;;1;1;;;
24/03/2016;08:52:00;133;sem vítima;419;BR-262/MG;Oeste;Capotamento;1;;;;;;;;;;1;;;;
24/03/2016;07:46:00;93;com vítima;69,9;BR-060/GO;Sul;Saida de Pista;1;;;;;;;;;;3;1;;;
24/03/2016;07:48:00;95;com vítima;58;BR-153/MG;Sul;Tombamento;;;1;;;;;;;;0;1;;;
24/03/2016;06:22:00;53;com vítima;538;BR-262/MG;Leste;Outros - sequências;1;;;;;;;;;;4;1;;;
24/03/2016;21:16:00;545;sem vítima;518;BR-153/GO;Sul;Queda de Moto;;;;1;;;;;;;1;;;;
24/03/2016;04:03:00;30;sem vítima;554;BR-262/MG;Oeste;Tombamento;;;1;;;;;;;;1;;;;
24/03/2016;03:06:00;25;sem vítima;575;BR-262/MG;Oeste;Saida de Pista;1;;;;;;;;;;1;;;;
24/03/2016;05:32:00;40;sem vítima;586;BR-262/MG;Leste;Carreta deu L;;;1;;;;;;;;1;;;;
24/03/2016;05:32:00;62;sem vítima;586;BR-262/MG;Leste;Saida de Pista;;;1;;;;;;;;1;;;;
24/03/2016;07:49:00;96;sem vítima;107;BR-060/GO;Sul;Colisão Traseira;2;;;;;;;;;;2;;;;
24/03/2016;18:18:00;456;sem vítima;196,4;BR-153/MG;Sul;Saida de Pista;1;;;;;;;;;;1;;;;
24/03/2016;07:24:00;79;com vítima;763;BR-262/MG;Leste;Saida de Pista;1;;;;;1;;;;;1;1;;;
24/03/2016;18:40:00;468;com vítima;642,8;BR-153/GO;Sul;Queda de Ciclista;;;;1;;;;;;;1;1;;;
24/03/2016;10:37:00;191;sem vítima;246,6;BR-153/MG;Sul;Colisão Lateral;1;;1;;;;;;;1;4;;;;
25/03/2016;14:11:00;363;sem vítima;0;BR-060/DF;Norte;Outros - sequências;3;;;;;;;;;;3;;;;
25/03/2016;02:30:00;29;com vítima;375;BR-262/MG;Oeste;Saida de Pista;1;;;;;;;;;;0;1;;;
25/03/2016;10:20:00;229;sem vítima;27;BR-060/GO;Sul;Colisão Lateral;;;;1;;1;;;;;2;;;;
25/03/2016;06:17:00;55;sem vítima;3;BR-060/DF;Sul;Colisão Lateral;2;;;;;;;;;;2;;;;
25/03/2016;12:42:00;310;com vítima;43;BR-060/GO;Sul;Saida de Pista;1;;;;;;;;;;3;1;;;
25/03/2016;12:53:00;317;com vítima;46,8;BR-060/GO;Norte;Saida de Pista;1;;;;;;;;;;0;3;;;
25/03/2016;14:35:00;378;sem vítima;449,5;BR-262/MG;Oeste;Colisão Transversal;2;;;;;;;;;;2;;;;
25/03/2016;05:18:00;48;com vítima;87;BR-060/GO;Sul;Colisão Traseira;1;;1;;;;;;;;1;1;;;
25/03/2016;18:29:00;504;com vítima;150;BR-153/MG;Norte;Capotamento;1;;;;;;;;;;0;3;;;
25/03/2016;18:19:00;480;com vítima;587;BR-262/MG;Oeste;Capotamento;1;;;;;;;;;;0;1;;;
25/03/2016;17:04:00;464;sem vítima;605,3;BR-262/MG;Leste;Saida de Pista;1;;;;;;;;;;3;;;;
25/03/2016;13:40:00;347;com vítima;597;BR-153/GO;Norte;Outros - sequências;1;;;;;;;;;;0;3;;;
25/03/2016;12:28:00;304;com vítima;205;BR-153/MG;Norte;Capotamento;1;;;;;;;;;;0;4;;;
25/03/2016;09:04:00;182;sem vítima;693,4;BR-262/MG;Oeste;Saida de Pista;1;;;;;;;;;;3;;;;
25/03/2016;21:32:00;577;sem vítima;799;BR-262/MG;Leste;Saida de Pista;1;;;;;;;;;;3;;;;
25/03/2016;19:10:00;518;sem vítima;801;BR-262/MG;Leste;Saida de Pista;1;;;;;;;;;;1;;;;
25/03/2016;16:24:00;445;sem vítima;29,5;BR-060/DF;Norte;Choque - Defensa, barreira ou "submarino";1;;;;;;;;;;1;;;;
25/03/2016;17:30:00;473;sem vítima;859;BR-262/MG;Leste;Saida de Pista;1;;;;;;;;;;1;;;;
26/03/2016;16:12:00;344;com vítima;12,6;BR-060/GO;Norte;Saida de Pista;1;;;;;;;;;;1;1;;;
26/03/2016;04:41:00;38;sem vítima;25;BR-060/GO;Sul;Capotamento;1;;;;;;;;;;1;;;;
26/03/2016;15:51:00;336;sem vítima;382;BR-262/MG;Oeste;Outros - sequências;1;;;;;;;;;;1;;;;
26/03/2016;10:08:00;161;sem vítima;3;BR-060/DF;Sul;Atropelamento - Ciclista;1;1;;;;;;;;;2;;;;
26/03/2016;15:57:00;341;sem vítima;438;BR-262/MG;Leste;Outros - sequências;1;;;;;;;;;;2;;;;
26/03/2016;23:57:00;508;sem vítima;441;BR-262/MG;Leste;Saida de Pista;1;;;;;1;;;;;2;;;;
26/03/2016;21:15:00;465;com vítima;505;BR-153/GO;Norte;Colisão Traseira;;;;2;;;;;;;1;1;;;
26/03/2016;21:03:00;452;com vítima;505,3;BR-153/GO;Norte;Colisão Traseira;1;;;1;;;;;;;2;;1;;
26/03/2016;15:13:00;317;com vítima;73;BR-060/GO;Norte;Colisão Traseira;;;1;;3;;;;;;3;;1;;
26/03/2016;13:05:00;256;sem vítima;88,9;BR-060/GO;Sul;Saida de Pista;1;;;;;;;;;;1;;;;
26/03/2016;07:00:00;62;com vítima;564;BR-262/MG;Leste;Outros - sequências;1;;;;;;;;;;0;2;;;
26/03/2016;06:49:00;60;com vítima;574;BR-262/MG;Oeste;Capotamento;1;;;;;;;;;;1;2;;;
26/03/2016;10:49:00;183;com vítima;574;BR-262/MG;Leste;Saida de Pista;;;1;;;;;;;;0;3;;;
26/03/2016;14:10:00;291;sem vítima;576;BR-262/MG;Oeste;Saida de Pista;1;;;;;;;;;;2;;;;
26/03/2016;10:14:00;165;com vítima;578;BR-262/MG;Leste;Atropelamento - Animal;1;;;;;;;;;;0;1;;;
26/03/2016;09:24:00;129;com vítima;582;BR-262/MG;Oeste;Colisão Lateral;;;2;;;;;;;;1;1;;;
26/03/2016;09:35:00;137;com vítima;582,5;BR-262/MG;Oeste;Outros - sequências;2;;;;;;;;;;1;2;;;
26/03/2016;14:27:00;295;sem vítima;586;BR-262/MG;Leste;Saida de Pista;1;;;;;;;;;;2;;;;
26/03/2016;20:58:00;451;com vítima;586;BR-262/MG;Leste;Colisão Traseira;;;1;;;;;;;1;0;4;;;
26/03/2016;16:30:00;348;sem vítima;593;BR-262/MG;Oeste;Saida de Pista;1;;;;;;;;;;1;;;;
26/03/2016;10:38:00;174;com vítima;610;BR-262/MG;Oeste;Saida de Pista;;;;;;;;;;1;0;1;;;
26/03/2016;14:42:00;302;com vítima;28;BR-060/DF;Norte;Saida de Pista;1;;;;;;;;;;0;2;1;;
26/03/2016;05:59:00;49;com vítima;606;BR-153/GO;Sul;Saida de Pista;1;;;;;;;;;;0;1;;;
26/03/2016;12:27:00;232;com vítima;644,4;BR-153/GO;Norte;Saida de Pista;1;;;;;;;;;;0;3;;;
26/03/2016;18:51:00;401;sem vítima;137;BR-060/GO;Sul;Colisão Frontal;2;;;;;;;;;;2;;;;
26/03/2016;11:40:00;208;sem vítima;138;BR-060/GO;Sul;Queda de Moto;;;;1;;;;;;;1;;;;
27/03/2016;18:12:00;641;sem vítima;1,1;BR-060/GO;Norte;Colisão Traseira;2;;;;;;;;;;2;;;;
27/03/2016;22:31:00;614;sem vítima;0,7;BR-153/MG;Sul;Saida de Pista;1;;;;;;;;;;1;;;;
27/03/2016;18:00:00;469;sem vítima;1,5;BR-060/DF;Norte;Colisão Traseira;2;;;;;;;;;;2;;;;
27/03/2016;15:44:00;370;com vítima;24,5;BR-060/GO;Sul;Outros - sequências;8;;;;;1;;;;;8;4;;;
27/03/2016;07:13:00;74;com vítima;377;BR-262/MG;Leste;Choque - Defensa, barreira ou "submarino";1;;;;;;;;;;0;;;1;
27/03/2016;00:03:00;1;com vítima;30,1;BR-060/GO;Sul;Queda de Moto;;;;1;;;;;;;0;1;;;
27/03/2016;15:57:00;380;sem vítima;34,4;BR-060/GO;Sul;Choque - Talude;1;;;;;;;;;;1;;;;
27/03/2016;18:35:00;492;sem vítima;35,9;BR-060/GO;Norte;Engavetamento;5;;;;;;;;;;5;;;;
27/03/2016;19:49:00;535;sem vítima;43;BR-060/GO;Sul;Colisão Lateral;1;;;;;2;;;;;3;;;;
27/03/2016;14:14:00;311;com vítima;409;BR-262/MG;Leste;Queda de Moto;;;;1;;1;;;;;1;1;;;
27/03/2016;05:22:00;51;sem vítima;425;BR-262/MG;Leste;Capotamento;1;;;;;;;;;;1;;;;
27/03/2016;15:58:00;382;com vítima;57,6;BR-060/GO;Norte;Colisão Transversal;1;;1;;;;;;;;1;2;1;;
27/03/2016;20:00:00;540;sem vítima;454;BR-262/MG;Oeste;Colisão Lateral;1;;1;;;;;;;;2;;;;
27/03/2016;16:54:00;420;sem vítima;507;BR-153/GO;Sul;Colisão Traseira;1;;;;;;;;;1;2;;;;
27/03/2016;03:53:00;40;com vítima;81,3;BR-060/GO;Norte;Queda de Ciclista;;;;1;;;;;;;0;2;;;
27/03/2016;15:34:00;364;com vítima;472;BR-262/MG;Leste;Colisão Traseira;1;;;;;1;;;;;1;2;;;
27/03/2016;16:35:00;411;com vítima;508;BR-153/GO;Sul;Queda de Moto;;;;1;;;;;;;0;2;;;
27/03/2016;20:50:00;572;com vítima;86,3;BR-060/GO;Sul;Colisão Traseira;;;1;;;;;;;1;2;1;;;
27/03/2016;16:08:00;387;com vítima;479;BR-262/MG;Leste;Outros - sequências;2;;1;;;;;;;;1;4;;;
27/03/2016;17:38:00;451;sem vítima;482;BR-262/MG;Leste;;3;;;;;;;;;;3;;;;
27/03/2016;02:42:00;32;sem vítima;96,8;BR-060/GO;Norte;Colisão Lateral;;;;2;;;;;;;2;;;;
27/03/2016;13:45:00;296;com vítima;577,5;BR-262/MG;Oeste;Colisão Lateral;1;;1;;;;;;;;1;;1;;
27/03/2016;00:57:00;10;sem vítima;134;BR-153/MG;Norte;Outros - sequências;;;1;;;1;;;;;2;;;;
27/03/2016;16:35:00;412;com vítima;583;BR-262/MG;Oeste;Saida de Pista;1;;;;;;;;;;0;3;;;
27/03/2016;13:07:00;278;com vítima;586;BR-262/MG;Leste;Outros - sequências;1;;;;;;;;;;0;3;;;
27/03/2016;13:10:00;318;sem vítima;586;BR-262/MG;Leste;Outros - sequências;1;;;;;;;;;;1;;;;
27/03/2016;17:06:00;428;sem vítima;587;BR-262/MG;Oeste;Saida de Pista;1;;;;;;;;;;1;;;;
27/03/2016;20:05:00;545;com vítima;23,5;BR-060/DF;Norte;Outros - sequências;1;;;;;;;;;;0;1;1;1;
27/03/2016;15:39:00;365;com vítima;594,8;BR-262/MG;Leste;Outros - sequências;;;1;;;;;;;1;0;7;;;
27/03/2016;04:17:00;42;sem vítima;650;BR-262/MG;Leste;Saida de Pista;1;;;;;;;;;;1;;;;
27/03/2016;15:25:00;355;sem vítima;116;BR-060/GO;Norte;Engavetamento;3;;;;;;;;;;3;;;;
27/03/2016;19:40:00;526;sem vítima;618;BR-153/GO;Sul;Saida de Pista;1;;;;;;;;;;1;;;;
27/03/2016;17:04:00;427;com vítima;628;BR-153/GO;Norte;Capotamento;;;;;;;;;;1;0;;;1;
27/03/2016;22:34:00;617;sem vítima;803;BR-262/MG;Leste;Saida de Pista;1;;;;;;;;;;1;;;;
27/03/2016;15:46:00;374;sem vítima;702;BR-153/GO;Sul;Saida de Pista;1;;;;;;;;;;4;;;;
28/03/2016;12:03:00;225;sem vítima;490;BR-153/GO;Norte;Colisão Traseira;1;;;;;;;;;1;2;;;;
28/03/2016;04:52:00;34;sem vítima;407;BR-262/MG;Oeste;Tombamento;;;1;;;;;;;;1;;;;
28/03/2016;17:45:00;411;com vítima;34;BR-153/MG;Norte;Tombamento;;;1;;;;;;;;0;5;;;
28/03/2016;01:25:00;16;com vítima;67,8;BR-060/GO;Norte;Colisão Traseira;1;;1;;;;;;;;1;1;2;1;
28/03/2016;14:41:00;304;sem vítima;445;BR-262/MG;Oeste;Tombamento;;;1;;;;;;;;1;;;;
28/03/2016;15:01:00;312;com vítima;52;BR-153/MG;Sul;Saida de Pista;1;;;;;1;;;;;1;2;;;
28/03/2016;17:54:00;418;sem vítima;62;BR-153/MG;Sul;Carreta deu L;;;1;;;;;;;;1;;;;
28/03/2016;18:14:00;431;com vítima;517;BR-153/GO;Sul;Queda de Moto;;;;1;;1;;;;;1;;1;;
28/03/2016;11:14:00;197;com vítima;137,5;BR-153/MG;Norte;Colisão Traseira;2;;1;;;;;;;;2;2;;;
28/03/2016;13:43:00;269;com vítima;558;BR-153/GO;Norte;Capotamento;;;;;;;;;;1;0;2;;;
28/03/2016;07:38:00;77;sem vítima;110,8;BR-060/GO;Norte;Saida de Pista;1;;;;;1;;;;;2;;;;
28/03/2016;06:16:00;48;com vítima;644;BR-262/MG;Leste;Outros - sequências;1;;1;;;;;;;;1;;;;1
28/03/2016;10:20:00;165;sem vítima;663,5;BR-262/MG;Leste;Engavetamento;2;;;;;;;;;1;3;;;;
28/03/2016;17:48:00;414;sem vítima;118,3;BR-060/GO;Sul;Colisão Lateral;1;;1;;;;;;;;5;;;;
28/03/2016;07:36:00;76;sem vítima;132;BR-060/GO;Sul;;1;;;;;1;;;;;2;;;;
28/03/2016;16:59:00;375;com vítima;239,9;BR-153/MG;Norte;Capotamento;1;;;;;;;;;;0;1;;;
29/03/2016;07:54:00;86;sem vítima;494;BR-153/GO;Sul;Colisão Traseira;2;;;;;;;;;;2;;;;
29/03/2016;07:51:00;81;sem vítima;495;BR-153/GO;Sul;Engavetamento;6;;;;;;;;;;6;;;;
29/03/2016;18:30:00;446;sem vítima;402;BR-262/MG;Oeste;Colisão Traseira;2;;;;;;;;;;2;;;;
29/03/2016;17:31:00;419;com vítima;506;BR-153/GO;Sul;Colisão Traseira;1;;1;;;;;;;;1;3;;;
29/03/2016;19:31:00;468;sem vítima;97;BR-060/GO;Sul;Outros - sequências;;;2;;;;;;;;2;;;;
29/03/2016;21:14:00;478;com vítima;133;BR-153/MG;Sul;Colisão Traseira;;;2;;;;;;;;1;1;;;
29/03/2016;21:19:00;481;sem vítima;135;BR-153/MG;Sul;;;;1;;;;;;;;1;;;;
29/03/2016;17:00:00;403;sem vítima;101;BR-060/GO;Sul;Colisão Lateral;1;;;1;;;;;;;2;;;;
29/03/2016;05:21:00;36;com vítima;616;BR-153/GO;Sul;Saida de Pista;;;;;;;;;;1;0;1;;;
29/03/2016;16:24:00;386;sem vítima;900;BR-262/MG;Leste;Tombamento;;;1;;;;;;;;1;;;;
30/03/2016;22:57:00;535;com vítima;362,5;BR-262/MG;Leste;Colisão Traseira;;;1;1;;;;;;;1;;;;1
30/03/2016;14:46:00;333;sem vítima;495,8;BR-153/GO;Sul;Colisão Traseira;1;;1;;;;;;;;2;;;;
30/03/2016;19:06:00;459;com vítima;498;BR-153/GO;Norte;Objeto lançado contra veículo;;;;2;;1;;;;;2;;1;;
30/03/2016;03:27:00;37;sem vítima;23,5;BR-153/MG;Norte;Tombamento;;;1;;;;;;;;1;;;;
30/03/2016;09:54:00;187;com vítima;66;BR-060/GO;Norte;Saida de Pista;1;;;;;1;;;;;2;1;;;
30/03/2016;12:09:00;262;com vítima;73,3;BR-060/GO;Norte;Capotamento;1;;;;;;;;;;0;1;;;
30/03/2016;17:53:00;433;sem vítima;506;BR-153/GO;Sul;Capotamento;1;;;;;1;;;;;2;;;;
30/03/2016;20:19:00;479;sem vítima;79,5;BR-060/GO;Norte;Capotamento;1;;;;;;;;;;1;;;;
30/03/2016;17:32:00;425;sem vítima;89;BR-060/GO;Sul;Queda de Moto;;;;1;;1;;;;;2;;;;
30/03/2016;03:30:00;38;com vítima;527;BR-153/GO;Norte;Colisão Traseira;;;1;;;;;;;1;1;1;;;
30/03/2016;06:04:00;48;sem vítima;737;BR-262/MG;Leste;Saida de Pista;;;1;;;;;;;;1;;;;
31/03/2016;19:42:00;483;sem vítima;46;BR-153/MG;Sul;Colisão Traseira;1;;;;;1;;;;;2;;;;
31/03/2016;22:38:00;551;com vítima;505;BR-153/GO;Norte;Outros - sequências;3;;;;;;;;;;4;1;;;
31/03/2016;18:20:00;447;com vítima;507;BR-153/GO;Norte;Colisão Lateral;;;;1;;1;;;;;1;1;;;
31/03/2016;20:35:00;513;com vítima;64,1;BR-153/MG;Norte;Tombamento;;;1;;;;;;;;0;1;;;
31/03/2016;18:47:00;461;com vítima;509;BR-153/GO;Sul;Atropelamento - Usuário;;;;1;;;;;;;1;1;;;
31/03/2016;09:27:00;168;com vítima;544,6;BR-153/GO;Sul;Capotamento;1;;;;;;;;;;0;1;;;
31/03/2016;03:41:00;32;com vítima;675,5;BR-153/GO;Sul;Tombamento;;;1;;;;;;;;0;1;;;
01/04/2016;22:20:00;510;com vítima;17;BR-153/MG;Sul;Saida de Pista;2;;;;;;;;;;1;;1;;
01/04/2016;19:19:00;443;sem vítima;500;BR-153/GO;Sul;Colisão Traseira;1;;1;;;;;;;;2;;;;
01/04/2016;17:43:00;405;sem vítima;500,5;BR-153/GO;Norte;Colisão Traseira;5;;;;;1;;;;;6;;;;
01/04/2016;19:23:00;445;sem vítima;66;BR-060/GO;Norte;Saida de Pista;1;;;;;;;;;;1;;;;
01/04/2016;11:04:00;186;com vítima;505,3;BR-153/GO;Sul;Queda de Moto;;;;1;;;;;;;0;1;;;
01/04/2016;16:30:00;363;sem vítima;49,7;BR-153/MG;Norte;Saida de Pista;1;;1;;;;;;;;3;;;;
01/04/2016;20:00:00;457;sem vítima;506;BR-153/GO;Sul;Queda de Moto;;;;1;;;;;;;1;;;;
01/04/2016;19:33:00;450;sem vítima;483;BR-262/MG;Leste;Saida de Pista;1;;;;;1;;;;;2;;;;
01/04/2016;02:07:00;20;sem vítima;534;BR-262/MG;Leste;Saida de Pista;;;;;;;;;;1;5;;;;
01/04/2016;22:22:00;511;sem vítima;98;BR-060/GO;Norte;Saida de Pista;1;;;;;;;;;;1;;;;
01/04/2016;11:58:00;217;sem vítima;14;BR-060/DF;Norte;Queda de Moto;;;;1;;;;;;;1;;;;
01/04/2016;07:54:00;78;sem vítima;107;BR-060/GO;Sul;Colisão Traseira;2;;;;;;;;;;2;;;;
01/04/2016;17:09:00;384;com vítima;118;BR-060/GO;Sul;Outros - sequências;3;;;;;;;;;;1;2;;;
01/04/2016;12:37:00;234;sem vítima;647;BR-153/GO;Sul;Saida de Pista;1;;;;;;;;;;1;;;;
02/04/2016;19:51:00;475;com vítima;494,2;BR-153/GO;Norte;Colisão Transversal;2;;;;;;;;;;1;2;;;
02/04/2016;19:08:00;457;sem vítima;3;BR-060/DF;Norte;Saida de Pista;1;;;;;1;;;;;2;;;;
02/04/2016;14:37:00;288;com vítima;45;BR-153/MG;Sul;Outros - sequências;;;1;;;;;;;;0;;1;;
02/04/2016;13:31:00;251;sem vítima;7;BR-060/DF;Norte;Queda de Moto;;;;1;;;;;;;1;;;;
02/04/2016;11:03:00;185;sem vítima;94;BR-153/MG;Sul;Saida de Pista;1;;;;;1;;;;;2;;;;
02/04/2016;13:36:00;252;com vítima;513,5;BR-153/GO;Norte;Colisão Traseira;1;;;1;;;;;;;0;2;;;
02/04/2016;14:38:00;289;sem vítima;592;BR-262/MG;Oeste;Saida de Pista;1;;;;;;;;;;1;;;;
02/04/2016;14:17:00;268;sem vítima;596;BR-262/MG;Leste;Saida de Pista;1;;;;;;;;;;1;;;;
02/04/2016;16:24:00;362;sem vítima;642;BR-262/MG;Oeste;Saida de Pista;1;;;;;;;;;;1;;;;
03/04/2016;09:26:00;105;com vítima;11;BR-060/GO;Sul;Queda de Moto;;;;1;;;;;;;0;1;;;
03/04/2016;15:36:00;299;sem vítima;379,9;BR-262/MG;Leste;Saida de Pista;1;;;;;;;;;;1;;;;
03/04/2016;16:48:00;346;sem vítima;35;BR-060/GO;Norte;Saida de Pista;1;;;;;;;;;;1;;;;
03/04/2016;04:21:00;32;sem vítima;38,6;BR-060/GO;Sul;Outros - sequências;1;;;;;;;;;;1;;;;
03/04/2016;14:47:00;274;com vítima;60;BR-060/GO;Sul;Colisão Traseira;1;;1;;;;;;;;1;3;;;
03/04/2016;12:48:00;211;com vítima;442;BR-262/MG;Leste;Colisão Traseira;1;;;1;;;;;;;1;1;;;
03/04/2016;14:15:00;260;com vítima;447;BR-262/MG;Oeste;Colisão Transversal;1;;;1;;;;;;;1;;;1;
03/04/2016;07:13:00;48;sem vítima;97;BR-060/GO;Norte;Colisão Traseira;2;;;;;;;;;;2;;;;
03/04/2016;09:02:00;94;com vítima;198;BR-153/MG;Sul;Colisão Traseira;;;2;;;;;;;;1;1;;;
03/04/2016;13:23:00;236;com vítima;758,5;BR-262/MG;Oeste;Outros - sequências;;;;1;;;;;;;0;1;;;
03/04/2016;21:37:00;475;com vítima;802;BR-262/MG;Leste;Atropelamento - Outros;;;;;;1;;;;;1;;;1;
04/04/2016;20:20:00;539;sem vítima;376,5;BR-262/MG;Leste;Saida de Pista;;;1;;;;;;;;1;;;;
04/04/2016;18:02:00;481;sem vítima;500;BR-153/GO;Sul;;3;;;;;;;;;;3;;;;
04/04/2016;15:07:00;390;sem vítima;55,5;BR-153/MG;Norte;Colisão Traseira;1;;;;;1;;;;;3;;;;
04/04/2016;20:39:00;546;com vítima;92;BR-060/GO;Sul;Outros - sequências;1;;;1;;;;;;;1;1;;;
04/04/2016;22:18:00;578;com vítima;100;BR-060/GO;Sul;Outros - sequências;;;1;2;;;;;;;1;2;;;1
04/04/2016;22:42:00;582;com vítima;637,9;BR-262/MG;Oeste;Tombamento;;;1;;;;;;;;0;1;;;
05/04/2016;08:11:00;117;com vítima;354;BR-262/MG;Oeste;;;1;;;;;;;;;0;;1;;
05/04/2016;15:35:00;382;com vítima;501,5;BR-153/GO;Norte;Colisão Traseira;2;;;;;;;;;;0;2;;;
05/04/2016;17:24:00;444;com vítima;502,5;BR-153/GO;Norte;Colisão Lateral;;;;1;;1;;;;;1;1;;;
05/04/2016;09:02:00;163;com vítima;54;BR-060/GO;Sul;Capotamento;1;;;;;;;;;;0;1;;;
05/04/2016;11:32:00;265;com vítima;455;BR-262/MG;Leste;Saida de Pista;1;;;;;;;;;;0;1;;;
05/04/2016;19:28:00;509;sem vítima;469;BR-262/MG;Oeste;Colisão Lateral;1;;;;1;;;;;;2;;;;
05/04/2016;07:45:00;95;sem vítima;510;BR-153/GO;Norte;Colisão Traseira;2;;;;;;;;;;2;;;;
05/04/2016;11:31:00;264;com vítima;508,8;BR-262/MG;Leste;Saida de Pista;1;;;;;;;;;;0;1;;;
05/04/2016;06:22:00;68;com vítima;658,2;BR-153/GO;Norte;Capotamento;1;;;;;;;;;;0;2;;;
05/04/2016;04:33:00;48;com vítima;240;BR-153/MG;Norte;Saida de Pista;1;;;;;;;;;;0;1;;;
05/04/2016;10:42:00;237;sem vítima;693,8;BR-153/GO;Norte;Saida de Pista;1;;;;;;;;;;1;;;;
06/04/2016;14:17:00;313;com vítima;0;BR-060/DF;Sul;Outros - sequências;2;;1;;;;;;;1;1;3;;;
06/04/2016;07:38:00;66;sem vítima;494;BR-153/GO;Sul;Engavetamento;3;;;;;;;;;;3;;;;
06/04/2016;10:34:00;214;com vítima;368,5;BR-262/MG;Oeste;Queda de Moto;;;;1;;;;;;;0;1;;;
06/04/2016;12:26:00;275;sem vítima;500;BR-153/GO;Sul;;1;;;;;;;;;;1;;;;
06/04/2016;17:26:00;402;com vítima;503;BR-153/GO;Norte;Colisão Traseira;;;;1;;1;;;;;1;1;1;;
06/04/2016;15:03:00;339;com vítima;438,3;BR-262/MG;Leste;Atropelamento - Morador;;;;;;1;;;;;2;;;;1
06/04/2016;23:59:00;537;com vítima;452;BR-262/MG;Oeste;Queda de Moto;;;;1;;;;;;;0;1;;;
06/04/2016;00:46:00;8;com vítima;508;BR-153/GO;Sul;Choque - Poste;;;1;;;;;;;;1;1;;;
06/04/2016;22:55:00;520;com vítima;631,1;BR-153/GO;Sul;Colisão Traseira;;;2;;;;;;;;1;;;1;
06/04/2016;00:32:00;5;sem vítima;815;BR-262/MG;Oeste;Saida de Pista;1;;;;;1;;;;;3;;;;
07/04/2016;18:33:00;438;sem vítima;503;BR-153/GO;Sul;Colisão Traseira;2;;;;;;;;;;2;;;;
07/04/2016;14:08:00;305;sem vítima;52;BR-153/MG;Norte;Colisão Traseira;1;;1;;;;;;;;2;;;;
07/04/2016;06:55:00;62;com vítima;75;BR-060/GO;Norte;Colisão Traseira;1;;;1;;;;;;;0;1;1;;
07/04/2016;17:33:00;409;com vítima;507;BR-153/GO;Sul;Queda de Moto;1;;;1;;;;;;;1;1;;;
07/04/2016;01:46:00;20;sem vítima;467;BR-262/MG;Oeste;Atropelamento - Animal;;;1;;;;;;;;1;;;;
07/04/2016;10:26:00;200;com vítima;554;BR-262/MG;Oeste;Tombamento;;;1;;;;;;;;0;1;;;
07/04/2016;16:09:00;364;com vítima;525;BR-153/GO;Sul;Colisão Traseira;;;2;;;;;;;;1;;1;;
07/04/2016;09:42:00;166;com vítima;647;BR-262/MG;Leste;Queda de Moto;;;;1;;;;;;;0;2;;;
07/04/2016;18:25:00;434;com vítima;802;BR-262/MG;Leste;Queda de Ciclista;;;;1;;;;;;;0;2;;;
07/04/2016;14:45:00;324;sem vítima;128;BR-060/GO;Norte;Saida de Pista;;;;;;;;;;1;1;;;;
07/04/2016;20:31:00;476;sem vítima;675;BR-153/GO;Norte;Colisão Lateral;;;1;;;1;;;;;2;;;;
08/04/2016;11:24:00;266;com vítima;14;BR-060/GO;Sul;Engavetamento;;;2;;1;;;;;;3;4;;;
08/04/2016;23:13:00;604;com vítima;31;BR-060/GO;Norte;Colisão Frontal;;;;1;;1;;;;;1;1;;;
08/04/2016;19:22:00;510;sem vítima;389;BR-262/MG;Leste;Colisão Traseira;;;2;;;;;;;;2;;;;
08/04/2016;22:51:00;598;sem vítima;47,5;BR-060/GO;Norte;Saida de Pista;1;;;;;;;;;;1;;;;
08/04/2016;07:08:00;85;com vítima;88;BR-153/MG;Norte;Outros - sequências;;;2;;;;;;;;1;1;;;
08/04/2016;10:38:00;230;sem vítima;512;BR-153/GO;Norte;Choque - Poste;1;;;;;;;;;;1;;;;
08/04/2016;01:25:00;24;sem vítima;14;BR-060/DF;Sul;Saida de Pista;1;;;;;;;;;;1;;;;