data;horario;n_da_ocorrencia;tipo_de_ocorrencia;km;trecho;sentido;tipo_de_acidente;automovel;bicicleta;caminhao;moto;onibus;outros;tracao_animal;transporte_de_cargas_especiais;trator_maquinas;utilitarios;ilesos;levemente_feridos;moderadamente_feridos;gravemente_feridos;mortos
08/04/2016;07:52:00;112;sem vítima;103,4;BR-060/GO;Sul;Saida de Pista;1;;;;;;;;;;1;;;;
08/04/2016;13:49:00;322;sem vítima;597;BR-262/MG;Leste;Saida de Pista;;;;;;;;;;1;1;;;;
08/04/2016;11:18:00;262;com vítima;213,6;BR-153/MG;Sul;Saida de Pista;;;2;;;;;;;;2;1;;;
08/04/2016;19:20:00;508;com vítima;614;BR-153/GO;Norte;Saida de Pista;;;;;;;;;;1;0;1;;;
08/04/2016;17:36:00;458;sem vítima;797;BR-262/MG;Oeste;Tombamento;;;2;;;;;;;;2;;;;
08/04/2016;11:17:00;261;com vítima;244;BR-153/MG;Sul;Colisão Lateral;2;;;;;;;;;;0;3;;;
09/04/2016;12:54:00;330;sem vítima;3,1;BR-060/GO;Norte;Saida de Pista;1;;;;;;;;;;1;;;;
09/04/2016;15:05:00;403;com vítima;1,6;BR-153/MG;Norte;Queda de Moto;;;;1;;;;;;;0;1;;;
09/04/2016;22:45:00;633;sem vítima;374;BR-262/MG;Leste;Capotamento;1;;;;;;;;;;1;;;;
09/04/2016;06:26:00;93;com vítima;426;BR-262/MG;Leste;Colisão Lateral;1;;1;;;;;;;;0;2;;;
09/04/2016;03:46:00;47;com vítima;432,7;BR-262/MG;Oeste;Capotamento;1;;;;;;;;;;0;;1;;
09/04/2016;07:39:00;121;com vítima;505,1;BR-153/GO;Sul;Queda de Moto;;;;1;;1;;;;;2;1;;;
09/04/2016;02:42:00;36;sem vítima;73;BR-060/GO;Norte;Saida de Pista;1;;;;;;;;;;1;;;;
09/04/2016;08:06:00;134;com vítima;477,8;BR-262/MG;Leste;Colisão Transversal;1;;1;;;;;;;;0;2;;;
09/04/2016;22:07:00;617;com vítima;70;BR-153/MG;Norte;Colisão Traseira;;;2;;;;;;;;1;1;;;
09/04/2016;18:48:00;526;sem vítima;89;BR-060/GO;Sul;Colisão Lateral;2;;;;;;;;;;2;;;;
09/04/2016;13:11:00;341;sem vítima;510;BR-153/GO;Sul;Colisão Transversal;2;;;;;;;;;;2;;;;
09/04/2016;18:03:00;499;com vítima;546,5;BR-153/GO;Norte;Colisão Transversal;1;;1;;;;;;;;1;;1;;
09/04/2016;21:00:00;596;sem vítima;99;BR-060/GO;Norte;Choque - Defensa, barreira ou "submarino";1;;;;;;;;;;1;;;;
09/04/2016;08:15:00;136;sem vítima;101;BR-060/GO;Sul;Colisão Lateral;1;;;;;1;;;;;2;;;;
09/04/2016;11:08:00;258;sem vítima;103;BR-060/GO;Sul;;1;;;;;;;;;;1;;;;
09/04/2016;20:35:00;577;com vítima;103;BR-060/GO;Sul;Queda de Moto;;;;1;;;;;;;1;1;;;
09/04/2016;06:49:00;101;sem vítima;111;BR-060/GO;Norte;Colisão Traseira;2;;;;;;;;;;2;;;;
09/04/2016;19:53:00;564;com vítima;631;BR-262/MG;Oeste;Queda de Moto;;;;1;;;;;;;0;1;;;
09/04/2016;14:00:00;368;com vítima;118;BR-060/GO;Norte;Queda de Moto;;;;1;;;;;;;0;1;;;
09/04/2016;15:39:00;421;com vítima;774;BR-262/MG;Leste;Queda de Moto;;;;1;;;;;;;0;2;;;
09/04/2016;09:11:00;185;sem vítima;131,1;BR-060/GO;Norte;Colisão Traseira;;;2;;;;;;;;2;;;;
10/04/2016;00:34:00;8;com vítima;365;BR-262/MG;Oeste;Queda de Moto;;;;1;;;;;;;0;1;;;
10/04/2016;14:49:00;251;sem vítima;28,3;BR-060/GO;Norte;Saida de Pista;1;;;;;;;;;;1;;;;
10/04/2016;08:45:00;100;sem vítima;43;BR-060/GO;Norte;Queda de Moto;;;;1;;;;;;;1;;;;
10/04/2016;13:13:00;212;sem vítima;405,15;BR-262/MG;Oeste;Saida de Pista;1;;;;;;;;;;1;;;;
10/04/2016;06:14:00;56;sem vítima;436;BR-262/MG;Oeste;Saida de Pista;1;;;;;;;;;;1;;;;
10/04/2016;17:18:00;341;sem vítima;77;BR-060/GO;Sul;Colisão Traseira;1;;;;;1;;;;;2;;;;
10/04/2016;17:48:00;363;sem vítima;77;BR-060/GO;Norte;Saida de Pista;1;;;;;;;;;;1;;;;
10/04/2016;19:49:00;435;sem vítima;516;BR-262/MG;Oeste;Saida de Pista;1;;;;;;;;;;1;;;;
10/04/2016;18:07:00;374;com vítima;100;BR-060/GO;Norte;Colisão Lateral;1;;;1;;;;;;;0;2;1;;
10/04/2016;15:44:00;285;com vítima;21;BR-060/DF;Sul;Saida de Pista;1;;;;;;;;;;0;3;;;
10/04/2016;13:54:00;229;sem vítima;107;BR-060/GO;Sul;Colisão Traseira;2;;;;;;;;;;2;;;;
10/04/2016;10:52:00;152;com vítima;646,5;BR-262/MG;Leste;Colisão Frontal;1;;1;;;;;;;;0;1;;1;
10/04/2016;20:11:00;446;com vítima;655;BR-262/MG;Oeste;Queda de Moto;;;;1;;;;;;;0;2;;;
10/04/2016;21:55:00;497;sem vítima;740;BR-262/MG;Leste;Saida de Pista;1;;;;;;;;;;1;;;;
11/04/2016;12:06:00;258;com vítima;0,8;BR-153/MG;Norte;Colisão Traseira;1;;;1;;;;;;;1;1;;;
11/04/2016;18:47:00;455;sem vítima;496;BR-153/GO;Sul;Colisão Traseira;4;;;;;1;;;;;5;;;;
11/04/2016;01:32:00;15;com vítima;30;BR-060/GO;Sul;Colisão Traseira;;;2;;;;;;;;1;;1;;
11/04/2016;17:25:00;416;sem vítima;3;BR-060/DF;Sul;Colisão Transversal;2;;;;;;;;;;2;;;;
11/04/2016;09:24:00;146;com vítima;4;BR-060/DF;Sul;Colisão Traseira;;;;1;;1;;;;;1;1;;;
11/04/2016;12:23:00;267;com vítima;185,6;BR-153/MG;Sul;Tombamento;;;1;;;;;;;;0;;1;;
11/04/2016;08:11:00;97;com vítima;28;BR-060/DF;Sul;Capotamento;1;;;;;;;;;;0;1;;;
11/04/2016;01:28:00;12;sem vítima;693;BR-262/MG;Oeste;Saida de Pista;1;;;;;;;;;;1;;;;
11/04/2016;11:57:00;254;com vítima;693;BR-262/MG;Leste;Tombamento;;;1;;;;;;;;0;1;;;
11/04/2016;11:06:00;225;sem vítima;126;BR-060/GO;Sul;;1;;;;;;;;;;1;;;;
11/04/2016;00:10:00;5;sem vítima;129;BR-060/GO;Norte;Colisão Traseira;2;;;;;;;;;;5;;;;
11/04/2016;03:34:00;28;com vítima;30;BR-060/DF;Sul;Colisão Traseira;1;;;;;1;;;;;2;2;;;
11/04/2016;00:53:00;9;sem vítima;876;BR-262/MG;Leste;Saida de Pista;1;;;;;;;;;;1;;;;
11/04/2016;10:40:00;212;sem vítima;880;BR-262/MG;Leste;Saida de Pista;;;1;;;;;;1;;2;;;;
12/04/2016;07:04:00;50;com vítima;491;BR-153/GO;Norte;Colisão Traseira;1;;;1;;;;;;;1;1;;;
12/04/2016;13:42:00;308;sem vítima;363;BR-262/MG;Oeste;Colisão Traseira;;;2;;;;;;;;2;;;;
12/04/2016;14:30:00;330;com vítima;18;BR-060/GO;Sul;Saida de Pista;1;;;;;;;;;;0;1;;;
12/04/2016;08:12:00;90;sem vítima;496;BR-153/GO;Norte;Colisão Lateral;2;;;;;;;;;;2;;;;
12/04/2016;18:35:00;489;com vítima;418;BR-262/MG;Oeste;Colisão Lateral;2;;;;;;;;;;0;4;;;
12/04/2016;10:13:00;178;com vítima;89;BR-060/GO;Sul;Queda de Ciclista;;;;1;;;;;;;0;1;;;
12/04/2016;19:37:00;510;com vítima;566;BR-262/MG;Oeste;Colisão Lateral;1;;1;;;;;;;;0;3;;;
12/04/2016;07:56:00;79;com vítima;529;BR-153/GO;Sul;Colisão Traseira;;;;1;;;;;;;0;1;;;
12/04/2016;10:38:00;199;com vítima;531;BR-153/GO;Norte;Colisão Lateral;;;;1;;;;;;1;1;;1;;
12/04/2016;16:34:00;409;com vítima;615;BR-153/GO;Norte;Outros - sequências;1;;;;;;;;;;0;3;1;;
12/04/2016;08:07:00;86;sem vítima;795;BR-262/MG;Leste;Saida de Pista;1;;;;;1;;;;;2;;;;
12/04/2016;19:10:00;501;sem vítima;130;BR-060/GO;Norte;;1;;;1;;;;;;;2;;;;
12/04/2016;11:51:00;244;sem vítima;131;BR-060/GO;Norte;Saida de Pista;1;;;;;;;;;;1;;;;
13/04/2016;22:51:00;573;com vítima;1;BR-060/GO;Norte;Colisão Traseira;1;;;;;1;;;;;2;;;1;
13/04/2016;17:40:00;450;com vítima;1,7;BR-153/MG;Sul;Colisão Traseira;2;;;;;;;;;;0;2;;;
13/04/2016;14:13:00;318;sem vítima;364;BR-262/MG;Oeste;Outros - sequências;1;;1;;;;;;;;2;;;;
13/04/2016;07:43:00;83;com vítima;500;BR-153/GO;Norte;Colisão Traseira;;;1;1;;;;;;;1;1;;;
13/04/2016;16:00:00;385;sem vítima;500,5;BR-153/GO;Norte;Engavetamento;2;;;;;;;;;1;3;;;;
13/04/2016;09:26:00;141;sem vítima;485;BR-262/MG;Oeste;Colisão Traseira;;;2;;;;;;;;2;;;;
13/04/2016;15:22:00;364;sem vítima;510;BR-153/GO;Norte;Colisão Lateral;1;;;;;;;;;1;2;;;;
13/04/2016;06:01:00;47;com vítima;512;BR-153/GO;Norte;Queda de Moto;;;;1;;;;;;;0;1;;;
13/04/2016;00:09:00;1;sem vítima;580;BR-262/MG;Oeste;Saida de Pista;1;;;;;;;;;;1;;;;
13/04/2016;05:28:00;40;com vítima;632;BR-262/MG;Leste;Tombamento;;;1;;;;;;;;0;1;;;
13/04/2016;01:07:00;8;sem vítima;618;BR-153/GO;Norte;Saida de Pista;1;;;;;;;;;;1;;;;
14/04/2016;17:41:00;427;sem vítima;500,5;BR-153/GO;Norte;Colisão Traseira;2;;;;;;;;;;2;;;;
14/04/2016;14:11:00;308;com vítima;405;BR-262/MG;Oeste;Queda de Ciclista;;;;1;;;;;;;0;2;;;
14/04/2016;22:11:00;532;sem vítima;411;BR-262/MG;Leste;Queda de Moto;;;;1;;;;;;;2;;;;
14/04/2016;15:41:00;358;sem vítima;7;BR-060/DF;Sul;Outros - sequências;1;;;;;;;;;;1;;;;
14/04/2016;15:27:00;349;com vítima;113;BR-060/GO;Norte;Engavetamento;1;;1;;;;;;;1;0;3;;;
14/04/2016;09:00:00;165;sem vítima;129,2;BR-060/GO;Sul;Colisão Traseira;1;;;;;;;;;1;2;;;;
14/04/2016;08:56:00;107;com vítima;129,3;BR-060/GO;Sul;Saida de Pista;1;;;;;1;;;;;1;2;;;
14/04/2016;16:10:00;380;sem vítima;850,5;BR-262/MG;Oeste;Carreta deu L;;;1;;;;;;;;1;;;;
15/04/2016;19:47:00;485;com vítima;494;BR-153/GO;Norte;Colisão Lateral;1;;1;;;;;;;;1;1;;;
15/04/2016;14:39:00;334;com vítima;494,5;BR-153/GO;Norte;Outros - sequências;1;;1;;;;;;;;0;2;;;
15/04/2016;14:38:00;333;com vítima;364,9;BR-262/MG;Oeste;Queda de Moto;;;;1;;1;;;;;1;1;;;
15/04/2016;17:37:00;434;com vítima;495;BR-153/GO;Norte;Queda de Moto;;;;1;;;;;;;0;1;;;
15/04/2016;06:04:00;34;com vítima;381,3;BR-262/MG;Oeste;Saida de Pista;1;;;;;;;;;;0;1;;;
15/04/2016;17:36:00;433;sem vítima;460;BR-262/MG;Oeste;Engavetamento;2;;;;;1;;;;;5;;;;
15/04/2016;14:08:00;311;com vítima;509;BR-153/GO;Norte;Colisão Traseira;3;;;;;;;;;;0;3;;;
15/04/2016;02:38:00;14;com vítima;94;BR-060/GO;Norte;Queda de Moto;;;;1;;;;;;;0;1;;;
15/04/2016;18:10:00;452;sem vítima;94;BR-060/GO;Norte;Colisão Lateral;1;;1;;;;;;;;2;;;;
15/04/2016;07:52:00;65;sem vítima;133;BR-060/GO;Sul;Colisão Lateral;;;2;;;;;;;;2;;;;
16/04/2016;10:59:00;175;com vítima;1,1;BR-060/GO;Sul;Queda de Moto;;;;1;;;;;;;0;;1;;
16/04/2016;11:46:00;201;com vítima;356;BR-262/MG;Leste;Capotamento;1;;;;;1;;;;;1;1;;;
16/04/2016;08:29:00;98;sem vítima;493;BR-153/GO;Norte;Queda de Moto;;;;1;;;;;;;1;;;;
16/04/2016;17:00:00;378;com vítima;21;BR-060/GO;Norte;Colisão Traseira;;;;1;;;;;;1;2;;;1;
16/04/2016;23:26:00;541;sem vítima;401;BR-262/MG;Oeste;Saida de Pista;1;;;;;;;;;;1;;;;
16/04/2016;04:43:00;48;sem vítima;442;BR-262/MG;Leste;Outros - sequências;;;1;;;;;;;;1;;;;
16/04/2016;20:40:00;486;com vítima;89;BR-153/MG;Sul;Outros - sequências;;;1;;;;;;;1;2;4;;;
16/04/2016;15:25:00;312;com vítima;96;BR-060/GO;Norte;Engavetamento;3;;;;;;;;;1;6;1;;;
16/04/2016;14:24:00;281;sem vítima;96,5;BR-060/GO;Sul;Colisão Traseira;;;;1;;1;;;;;2;;;;
16/04/2016;05:59:00;58;com vítima;26;BR-060/DF;Sul;Capotamento;2;;;;;;;;;;1;3;;;
16/04/2016;10:10:00;158;com vítima;619;BR-153/GO;Norte;Colisão Lateral;1;;1;;;;;;;;0;2;;;
17/04/2016;01:16:00;15;com vítima;16,3;BR-060/GO;Norte;Capotamento;1;;;;;;;;;;0;3;;;
17/04/2016;02:49:00;26;sem vítima;24;BR-060/GO;Norte;Saida de Pista;1;;;;;;;;;;1;;;;
17/04/2016;06:09:00;45;sem vítima;44;BR-060/GO;Sul;Saida de Pista;1;;;;;;;;;;1;;;;
17/04/2016;19:57:00;386;com vítima;89;BR-060/GO;Norte;Queda de Moto;;;;1;;;;;;;0;1;;;
17/04/2016;21:16:00;426;sem vítima;100;BR-060/GO;Sul;Colisão Traseira;1;;;1;;;;;;;2;;;;
17/04/2016;04:19:00;34;com vítima;100,4;BR-060/GO;Norte;Capotamento;1;;;;;;;;;;0;3;;;
17/04/2016;23:12:00;473;sem vítima;602,5;BR-262/MG;Leste;Tombamento;;;1;;;;;;;;1;;;;
17/04/2016;18:50:00;353;com vítima;783;BR-262/MG;Leste;Colisão Traseira;1;;1;;;;;;;;0;2;;;
17/04/2016;19:34:00;376;com vítima;800;BR-262/MG;Leste;Atropelamento - Ciclista;1;1;;;;;;;;;0;1;;;1
18/04/2016;19:49:00;463;sem vítima;495;BR-153/GO;Norte;Colisão Traseira;2;;;;;;;;;;2;;;;
18/04/2016;10:58:00;205;sem vítima;19;BR-060/GO;Sul;Colisão Traseira;1;;;;;1;;;;;2;;;;
18/04/2016;07:22:00;82;sem vítima;497;BR-153/GO;Norte;Colisão Traseira;2;;;;;;;;;;2;;;;
18/04/2016;07:58:00;97;com vítima;497;BR-153/GO;Norte;Colisão Traseira;;;;1;;1;;;;;1;1;;;
18/04/2016;08:41:00;114;com vítima;497;BR-153/GO;Norte;Colisão Lateral;1;;;1;;;;;;;1;1;;;
18/04/2016;07:30:00;87;sem vítima;497,4;BR-153/GO;Norte;Engavetamento;2;;;;;3;;;;;5;;;;
18/04/2016;22:11:00;530;sem vítima;28;BR-153/MG;Sul;Colisão Traseira;;;2;;;;;;;;2;;;;
18/04/2016;23:06:00;547;com vítima;28;BR-153/MG;Sul;Colisão Traseira;;;1;;;;;;;1;1;1;;;
18/04/2016;06:34:00;66;com vítima;437,5;BR-262/MG;Oeste;Colisão Traseira;;;;2;;;;;;;1;1;;;
18/04/2016;21:06:00;502;com vítima;468;BR-262/MG;Oeste;Saida de Pista;;;;;1;;;;;;0;1;;;
18/04/2016;08:42:00;116;sem vítima;87;BR-060/GO;Norte;Outros - sequências;;;1;;;;;;;;1;;;;
18/04/2016;07:08:00;78;com vítima;539;BR-262/MG;Leste;Outros - sequências;1;;;;;;;;;;1;3;;;
18/04/2016;20:07:00;476;sem vítima;172,8;BR-153/MG;Norte;Outros - sequências;1;;;;;;;;;;1;;;;
18/04/2016;16:25:00;367;sem vítima;898;BR-262/MG;Leste;Capotamento;1;;;;;;;;;;1;;;;
19/04/2016;08:47:00;118;sem vítima;2,5;BR-060/DF;Sul;Colisão Lateral;2;;;;;;;;;;2;;;;
19/04/2016;19:43:00;493;com vítima;395;BR-262/MG;Oeste;Colisão Transversal;2;;;;;;;;;;0;5;;;
19/04/2016;16:34:00;374;sem vítima;508,2;BR-262/MG;Leste;Outros - sequências;1;;;;;;;;;1;2;;;;
19/04/2016;07:50:00;76;sem vítima;95;BR-060/GO;Norte;Queda de Moto;;;;1;;;;;;;1;;;;
19/04/2016;02:36:00;18;com vítima;114;BR-153/MG;Sul;Tombamento;;;1;;;;;;;;1;1;;;
19/04/2016;17:01:00;393;com vítima;553,1;BR-153/GO;Norte;Colisão Traseira;2;;;;;;;;;;0;2;;;
19/04/2016;20:56:00;518;com vítima;585;BR-153/GO;Norte;Tombamento;;;1;;;;;;;;0;;;1;
19/04/2016;08:22:00;96;sem vítima;115;BR-060/GO;Norte;Colisão Traseira;2;;;;;;;;;;2;;;;
20/04/2016;19:00:00;508;com vítima;495;BR-153/GO;Sul;Colisão Lateral;1;;;1;;;;;;;0;2;;;
20/04/2016;13:59:00;332;sem vítima;496;BR-153/GO;Sul;Colisão Traseira;;;1;;;;;;;1;2;;;;
20/04/2016;08:37:00;121;com vítima;499;BR-153/GO;Sul;Colisão Traseira;1;;;;;1;;;;;2;1;;;
20/04/2016;07:34:00;88;com vítima;501;BR-153/GO;Norte;Colisão Transversal;1;;;1;;;;;;;1;;1;;
20/04/2016;22:08:00;600;com vítima;425;BR-262/MG;Leste;Tombamento;;;1;;;1;;;;;1;2;;;
20/04/2016;07:55:00;100;sem vítima;502;BR-153/GO;Norte;Colisão Traseira;2;;;;;;;;;;2;;;;
20/04/2016;17:46:00;462;com vítima;502;BR-153/GO;Sul;Colisão Traseira;1;;;1;;;;;;;1;1;;;
20/04/2016;10:41:00;224;sem vítima;505;BR-153/GO;Norte;Colisão Traseira;;;;1;1;;;;;;2;;;;
20/04/2016;05:00:00;51;com vítima;477,5;BR-262/MG;Leste;Colisão Lateral;1;;1;;;;;;;;1;1;;;
20/04/2016;20:55:00;558;sem vítima;580;BR-262/MG;Leste;Saida de Pista;1;;;;;;;;;;1;;;;
20/04/2016;15:41:00;400;com vítima;580,7;BR-153/GO;Norte;Outros - sequências;1;;;;;;;;;;0;1;;;
20/04/2016;19:36:00;529;com vítima;584;BR-153/GO;Sul;Outros - sequências;1;;;;;;;;;;0;1;1;1;
20/04/2016;19:07:00;510;com vítima;197;BR-153/MG;Sul;Saida de Pista;1;;;;;;;;;;0;1;;;
20/04/2016;11:39:00;250;com vítima;666;BR-262/MG;Leste;Saida de Pista;;;;;;;;;;1;0;;;1;
20/04/2016;04:00:00;44;sem vítima;694;BR-262/MG;Oeste;Capotamento;1;;;;;;;;;;3;;;;
20/04/2016;23:15:00;619;sem vítima;210;BR-153/MG;Sul;Saida de Pista;1;;;;;;;;;;1;;;;
20/04/2016;08:32:00;116;sem vítima;794;BR-262/MG;Oeste;Colisão Traseira;2;;;;;1;;;;1;4;;;;
21/04/2016;06:55:00;71;com vítima;3;BR-060/GO;Norte;Capotamento;1;;;;;;;;;;1;1;;;
21/04/2016;19:14:00;481;com vítima;5;BR-060/GO;Norte;Queda de Ciclista;;;;1;;;;;;;0;;1;;
21/04/2016;05:53:00;51;com vítima;360;BR-262/MG;Leste;Capotamento;1;;;;;;;;;;2;;2;;
21/04/2016;03:51:00;34;sem vítima;30;BR-060/GO;Sul;Colisão Traseira;1;;1;;;;;;;;5;;;;
21/04/2016;06:01:00;52;sem vítima;6;BR-060/DF;Norte;Saida de Pista;1;;;;;;;;;;1;;;;
21/04/2016;10:42:00;189;sem vítima;508;BR-153/GO;Norte;Capotamento;1;;;;;;;;;;1;;;;
21/04/2016;19:27:00;485;com vítima;479;BR-262/MG;Leste;Colisão Transversal;1;;;;1;;;;;;3;2;1;;
21/04/2016;10:37:00;182;sem vítima;10;BR-060/DF;Sul;Capotamento;1;;;;;;;;;;1;;;;
21/04/2016;09:07:00;124;com vítima;543;BR-153/GO;Sul;Saida de Pista;1;;;;;;;;;;0;2;1;1;
21/04/2016;08:54:00;117;sem vítima;179;BR-153/MG;Norte;Colisão Lateral;1;;1;;;;;;;;3;;;;
22/04/2016;06:54:00;58;com vítima;366;BR-262/MG;Leste;Queda de Moto;;;;1;;;;;;;0;1;;;
22/04/2016;17:56:00;395;com vítima;372;BR-262/MG;Oeste;Colisão Transversal;;;;1;;;;;;1;1;1;;;
22/04/2016;08:54:00;111;com vítima;499;BR-153/GO;Norte;Queda de Moto;;;;1;;;;;;;1;1;;;
22/04/2016;21:08:00;486;com vítima;30,1;BR-060/GO;Norte;Colisão Frontal;;;;1;;;;;;1;2;;1;;
22/04/2016;13:26:00;256;com vítima;499,4;BR-153/GO;Sul;Queda de Moto;;;;1;;;;;;;0;1;;;
22/04/2016;18:50:00;423;com vítima;59;BR-060/GO;Norte;Choque - Defensa, barreira ou "submarino";1;;;;;;;;;;0;1;;;
22/04/2016;08:55:00;114;sem vítima;476;BR-262/MG;Leste;Colisão Traseira;1;;;;;;;;;1;2;;;;
22/04/2016;08:14:00;90;sem vítima;509;BR-153/GO;Sul;Choque - Defensa, barreira ou "submarino";1;;;;;1;;;;;2;;;;
22/04/2016;05:48:00;48;com vítima;513,3;BR-153/GO;Norte;Queda de Moto;;;;1;;;;;;;0;1;;;
22/04/2016;20:42:00;471;sem vítima;532;BR-153/GO;Norte;Saida de Pista;1;;;;;;;;;;1;;;;
22/04/2016;23:07:00;525;com vítima;583;BR-262/MG;Leste;Tombamento;;;1;;;;;;;;0;1;;;1
22/04/2016;15:14:00;315;sem vítima;549;BR-153/GO;Sul;Saida de Pista;1;;;;;;;;;;1;;;;
22/04/2016;09:20:00;131;sem vítima;637;BR-153/GO;Norte;Colisão Frontal;;;1;;;;;;;1;2;;;;
23/04/2016;17:35:00;354;com vítima;378;BR-262/MG;Leste;Queda de Moto;;;;1;;1;;;;;1;2;;;
23/04/2016;09:14:00;116;com vítima;419;BR-262/MG;Leste;Colisão Lateral;1;;1;;;;;;;;1;3;;;
23/04/2016;06:09:00;51;com vítima;50;BR-153/MG;Norte;Capotamento;;;;;;;;;;1;0;;2;;
23/04/2016;20:58:00;426;com vítima;508;BR-153/GO;Norte;Queda de Moto;;;;1;;;;;;;0;1;;;
23/04/2016;23:42:00;484;com vítima;210;BR-153/MG;Sul;Saida de Pista;;;1;;;;;;;;0;2;;;
23/04/2016;16:26:00;326;com vítima;131;BR-060/GO;Norte;Colisão Traseira;1;;;1;;;;;;;1;1;;;
24/04/2016;17:29:00;418;com vítima;1;BR-153/MG;Norte;Colisão Traseira;;;1;1;;;;;;;1;1;;;
24/04/2016;10:00:00;135;com vítima;381;BR-262/MG;Leste;Queda de Ciclista;;;;1;;;;;;;0;1;;;
24/04/2016;12:10:00;204;sem vítima;3;BR-060/DF;Sul;Colisão Traseira;2;;;;;;;;;;2;;;;
24/04/2016;13:10:00;238;sem vítima;409;BR-262/MG;Oeste;Tombamento;;;1;;;;;;;;1;;;;
24/04/2016;10:31:00;150;sem vítima;417;BR-262/MG;Oeste;Saida de Pista;1;;;;;;;;;;5;;;;
24/04/2016;15:17:00;328;com vítima;423;BR-262/MG;Leste;Saida de Pista;;;;;;1;;;;1;3;2;;;
24/04/2016;15:56:00;355;sem vítima;82,3;BR-060/GO;Norte;Colisão Traseira;2;;;;;;;;;;5;;;;
24/04/2016;12:54:00;222;com vítima;58;BR-153/MG;Sul;Tombamento;;;1;;;;;;;;0;1;;;
24/04/2016;05:57:00;36;com vítima;492;BR-262/MG;Leste;Saida de Pista;1;;;;;;;;;;0;1;;;
24/04/2016;21:54:00;552;com vítima;96;BR-060/GO;Norte;Colisão Traseira;1;;;;;;;;;1;1;1;;;
24/04/2016;16:23:00;372;sem vítima;13,4;BR-060/DF;Norte;Engavetamento;4;;;;;;;;;;4;;;;
24/04/2016;08:46:00;108;com vítima;131,4;BR-153/MG;Sul;Atropelamento - Usuário;1;;;;;;;;;;0;2;1;;
24/04/2016;11:02:00;169;com vítima;591;BR-262/MG;Leste;Queda de Ciclista;;;;1;;;;;;;0;1;;;
24/04/2016;15:00:00;315;com vítima;187;BR-153/MG;Norte;Colisão Traseira;1;;;1;;;;;;;0;2;;;
24/04/2016;08:11:00;91;sem vítima;631;BR-262/MG;Oeste;Saida de Pista;1;;;;;;;;;;4;;;;
24/04/2016;06:19:00;41;sem vítima;210;BR-153/MG;Sul;Saida de Pista;1;;;;;;;;;;2;;;;
24/04/2016;18:23:00;452;sem vítima;118;BR-060/GO;Norte;Colisão Traseira;2;;;;;2;;;;;4;;;;
24/04/2016;22:37:00;570;sem vítima;651,08;BR-153/GO;Norte;Capotamento;1;;;;;;;;;;3;;;;
24/04/2016;18:13:00;444;sem vítima;820;BR-262/MG;Leste;Saida de Pista;1;;;;;;;;;;1;;;;
24/04/2016;10:54:00;163;com vítima;134;BR-060/GO;Norte;Queda de Moto;;;;1;;;;;;;0;2;;;
25/04/2016;13:36:00;283;sem vítima;500;BR-153/GO;Sul;Engavetamento;3;;;;;;;;;;3;;;;
25/04/2016;14:10:00;298;sem vítima;407,5;BR-262/MG;Oeste;Queda de Moto;;;;1;;;;;;;1;;;;
25/04/2016;07:35:00;83;com vítima;508;BR-153/GO;Norte;Colisão Traseira;1;;;1;;;;;;;1;1;;;
25/04/2016;16:16:00;380;sem vítima;508;BR-153/GO;Norte;Colisão Traseira;1;;;;;1;;;;;2;;;;
25/04/2016;08:09:00;98;sem vítima;510;BR-153/GO;Sul;Engavetamento;5;;;;;2;;;;;7;;;;
25/04/2016;14:36:00;319;sem vítima;514;BR-153/GO;Sul;Colisão Traseira;1;;;;;;;;;1;2;;;;
25/04/2016;11:52:00;233;sem vítima;97;BR-060/GO;Norte;Colisão Traseira;1;;;;;;;;;1;2;;;;
25/04/2016;12:28:00;250;sem vítima;553;BR-153/GO;Norte;Colisão Lateral;1;;1;;;;;;;;2;;;;
25/04/2016;17:06:00;408;com vítima;664;BR-262/MG;Leste;Outros - sequências;1;;1;;;1;;;;;1;4;;;
25/04/2016;15:49:00;362;sem vítima;629;BR-153/GO;Norte;Saida de Pista;;;;;;1;;;;;1;;;;
25/04/2016;03:03:00;31;com vítima;130;BR-060/GO;Sul;Atropelamento - Animal;;;;1;;;;;;;0;1;1;;
26/04/2016;10:29:00;206;com vítima;490;BR-153/GO;Norte;Queda de Moto;;;;1;;1;;;;;1;2;;;
26/04/2016;17:18:00;461;sem vítima;0,8;BR-153/MG;Sul;Choque - Outros;;;1;;;;;;;;1;;;;
26/04/2016;15:52:00;399;sem vítima;7;BR-060/GO;Norte;Colisão Traseira;;;2;;;;;;;;2;;;;
26/04/2016;12:19:00;273;com vítima;497;BR-153/GO;Norte;Colisão Traseira;1;;;1;;;;;;;0;2;;;
26/04/2016;18:40:00;507;sem vítima;497;BR-153/GO;Sul;Outros - sequências;;;1;1;;;;;;;2;;;;
26/04/2016;10:07:00;195;sem vítima;87;BR-060/GO;Sul;Colisão Traseira;2;;;;;;;;;;2;;;;
26/04/2016;17:13:00;459;com vítima;584;BR-153/GO;Sul;Saida de Pista;1;;;;;;;;;;0;1;;;
26/04/2016;10:58:00;230;com vítima;118;BR-060/GO;Sul;Colisão Transversal;1;;;1;;;;;;;1;1;;;
26/04/2016;19:02:00;519;com vítima;803;BR-262/MG;Leste;Outros - sequências;1;;;;;;;;;;0;1;1;;
26/04/2016;06:35:00;74;sem vítima;831;BR-262/MG;Oeste;Capotamento;1;;;;;;;;;;1;;;;
27/04/2016;18:04:00;409;sem vítima;501;BR-153/GO;Sul;Colisão Traseira;1;;;1;;;;;;;2;;;;
27/04/2016;12:14:00;205;com vítima;502;BR-153/GO;Sul;Colisão Traseira;1;;;1;;;;;;;1;;;1;
27/04/2016;12:22:00;208;com vítima;503;BR-153/GO;Sul;Colisão Traseira;1;;;1;;;;;;;1;;1;;