data;horario;n_da_ocorrencia;tipo_de_ocorrencia;km;trecho;sentido;tipo_de_acidente;automovel;bicicleta;caminhao;moto;onibus;outros;tracao_animal;transporte_de_cargas_especiais;trator_maquinas;utilitarios;ilesos;levemente_feridos;moderadamente_feridos;gravemente_feridos;mortos
12/05/2016;11:52:00;261;com vítima;591,3;BR-262/MG;Oeste;Colisão Frontal;1;;;;;;;;;1;1;;;;3
12/05/2016;23:59:00;589;sem vítima;701;BR-262/MG;Leste;Tombamento;;;1;;;;;;;;1;;;;
13/05/2016;20:26:00;467;com vítima;362;BR-262/MG;Leste;Saida de Pista;1;;;;;;;;;;0;3;;;
13/05/2016;17:17:00;366;sem vítima;495,8;BR-153/GO;Sul;Colisão Traseira;1;;;;;1;;;;;2;;;;
13/05/2016;10:08:00;148;sem vítima;496,2;BR-153/GO;Sul;Colisão Lateral;1;;;1;;;;;;;2;;;;
13/05/2016;17:06:00;356;com vítima;497;BR-153/GO;Norte;Carreta deu L;;;1;;;;;;;;0;1;;;
13/05/2016;17:19:00;364;sem vítima;34;BR-153/MG;Sul;Saida de Pista;1;;;;;;;;;;1;;;;
13/05/2016;17:58:00;394;com vítima;502;BR-153/GO;Norte;Colisão Traseira;;;1;1;;;;;;;1;;1;;
13/05/2016;07:33:00;64;sem vítima;67,5;BR-060/GO;Norte;Colisão Transversal;1;;;;;1;;;;;2;;;;
13/05/2016;21:37:00;501;com vítima;522;BR-262/MG;Oeste;Saida de Pista;;;;;;;;;;1;0;1;;;
13/05/2016;21:52:00;508;com vítima;548;BR-262/MG;Leste;Tombamento;;;;;;;;;;1;0;1;;;
13/05/2016;06:04:00;38;sem vítima;516;BR-153/GO;Sul;Colisão Transversal;;;;;;1;;;;1;2;;;;
13/05/2016;14:43:00;269;sem vítima;573;BR-262/MG;Leste;Saida de Pista;;;;;;;;;;1;1;;;;
13/05/2016;14:41:00;268;com vítima;574;BR-262/MG;Oeste;Outros - sequências;;;2;;;;;;;;1;1;;;
13/05/2016;15:32:00;303;sem vítima;576;BR-262/MG;Leste;Saida de Pista;1;;;;;1;;;;;2;;;;
13/05/2016;15:31:00;301;sem vítima;578;BR-262/MG;Oeste;Outros - sequências;;;1;;;1;;;;;2;;;;
13/05/2016;14:33:00;257;sem vítima;582;BR-262/MG;Leste;Saida de Pista;1;;;;;;;;;;1;;;;
13/05/2016;14:38:00;263;com vítima;582;BR-262/MG;Leste;Outros - sequências;1;;;;;;;;;;0;1;;;
13/05/2016;13:54:00;239;sem vítima;586;BR-262/MG;Leste;Saida de Pista;1;;;;;;;;;;1;;;;
13/05/2016;14:01:00;246;com vítima;586;BR-262/MG;Leste;Queda de Moto;;;;1;;;;;;;0;1;;;
13/05/2016;13:38:00;230;com vítima;104;BR-060/GO;Sul;Saida de Pista;;;1;;;;;;;;0;2;;;
13/05/2016;14:38:00;264;com vítima;587;BR-262/MG;Oeste;Outros - sequências;1;;;;;;;;;;0;1;;;
13/05/2016;14:11:00;248;com vítima;592;BR-262/MG;Leste;Capotamento;;;;;;;;;;1;0;1;;;
13/05/2016;19:14:00;429;com vítima;594;BR-262/MG;Oeste;Outros - sequências;;;1;;;;;;;;0;2;;;
13/05/2016;06:52:00;50;sem vítima;640,2;BR-262/MG;Leste;Queda de Ciclista;;;;1;;;;;;;1;;;;
13/05/2016;14:16:00;252;sem vítima;747;BR-262/MG;Oeste;Saida de Pista;;;1;;;;;;;;1;;;;
13/05/2016;14:17:00;253;com vítima;629,15;BR-153/GO;Norte;Outros - sequências;1;;;;;;;;;;0;1;;;
13/05/2016;19:00:00;425;com vítima;124;BR-060/GO;Sul;Colisão Lateral;1;;;1;;;;;;;1;;1;;
13/05/2016;19:52:00;447;com vítima;133;BR-060/GO;Sul;Colisão Traseira;;;1;;;;;;;1;1;1;;;
13/05/2016;16:58:00;352;sem vítima;134;BR-060/GO;Sul;Saida de Pista;1;;;;;;;;;;1;;;;
14/05/2016;03:11:00;28;sem vítima;373;BR-262/MG;Leste;Saida de Pista;1;;;;;;;;;;1;;;;
14/05/2016;09:58:00;163;sem vítima;389;BR-262/MG;Leste;Colisão Traseira;2;;;;;;;;;;2;;;;
14/05/2016;13:37:00;261;com vítima;500;BR-153/GO;Norte;Colisão Traseira;1;;1;;;;;;;;0;2;;;
14/05/2016;19:18:00;407;com vítima;502;BR-153/GO;Sul;Queda de Moto;;;;1;;;;;;;0;1;;;
14/05/2016;16:50:00;350;com vítima;505;BR-153/GO;Sul;Colisão Traseira;1;;;1;;;;;;;0;1;;1;
14/05/2016;14:38:00;283;sem vítima;460;BR-262/MG;Oeste;Saida de Pista;1;;;;;;;;;;1;;;;
14/05/2016;14:22:00;276;com vítima;78;BR-060/GO;Sul;Queda de Moto;;;;1;;;;;;;0;1;;;
14/05/2016;20:32:00;431;sem vítima;492;BR-262/MG;Oeste;Saida de Pista;1;;;;;1;;;;;2;;;;
14/05/2016;18:16:00;385;com vítima;662;BR-262/MG;Oeste;Tombamento;;;1;;;1;;;;;1;1;;;
14/05/2016;07:42:00;74;sem vítima;126;BR-060/GO;Sul;Saida de Pista;1;;;;;;;;;;1;;;;
14/05/2016;05:02:00;36;com vítima;31,3;BR-060/DF;Sul;Capotamento;1;;;;;;;;;;0;;1;;
15/05/2016;11:16:00;181;com vítima;382;BR-262/MG;Oeste;Queda de Moto;;;;1;;;;;;;0;1;;;
15/05/2016;18:02:00;350;sem vítima;29;BR-060/GO;Norte;Saida de Pista;1;;;;;;;;;;1;;;;
15/05/2016;11:38:00;196;com vítima;390,2;BR-262/MG;Leste;Queda de Moto;;;;1;;;;;;;0;;2;;
15/05/2016;22:03:00;429;sem vítima;430;BR-262/MG;Leste;Saida de Pista;1;;;;;;;;;;2;;;;
15/05/2016;17:47:00;342;com vítima;66;BR-060/GO;Norte;Colisão Traseira;1;;;1;;;;;;;0;1;;1;1
15/05/2016;03:35:00;22;com vítima;66,7;BR-060/GO;Norte;Saida de Pista;1;;;;;;;;;;1;1;;;
15/05/2016;09:10:00;101;sem vítima;56,3;BR-153/MG;Sul;Saida de Pista;1;;;;;;;;;;1;;;;
15/05/2016;19:13:00;373;com vítima;508;BR-153/GO;Norte;Colisão Traseira;2;;;;;;;;;;1;;1;;
15/05/2016;10:38:00;160;sem vítima;492;BR-262/MG;Oeste;Colisão Lateral;;;1;;;1;;;;;2;;;;
15/05/2016;04:06:00;26;sem vítima;97;BR-060/GO;Sul;Saida de Pista;1;;;;;;;;;;1;;;;
15/05/2016;21:35:00;419;com vítima;542,5;BR-153/GO;Sul;Queda de Moto;;;;1;;;;;;;0;1;1;;
15/05/2016;23:30:00;456;sem vítima;667;BR-262/MG;Leste;Saida de Pista;;;1;;;;;;;;1;;;;
16/05/2016;12:21:00;218;com vítima;492;BR-153/GO;Sul;Queda de Moto;;;;1;;;;;;;0;1;;;
16/05/2016;18:16:00;409;sem vítima;500,3;BR-153/GO;Sul;Colisão Traseira;;;;;1;1;;;;;2;;;;
16/05/2016;07:48:00;66;com vítima;501;BR-153/GO;Sul;Colisão Traseira;1;;;1;;;;;;;1;;1;;
16/05/2016;09:29:00;126;com vítima;59;BR-060/GO;Sul;Capotamento;;;;;;;;;;1;0;1;;;
16/05/2016;13:09:00;230;sem vítima;82;BR-060/GO;Norte;Saida de Pista;1;;;;;;;;;;1;;;;
16/05/2016;13:05:00;228;sem vítima;90;BR-060/GO;Norte;Saida de Pista;1;;;;;;;;;;1;;;;
16/05/2016;10:47:00;174;sem vítima;546;BR-262/MG;Oeste;Saida de Pista;1;;;;;;;;;;1;;;;
16/05/2016;16:13:00;335;com vítima;95;BR-060/GO;Sul;Colisão Transversal;2;;;;;;;;;;0;3;1;;
16/05/2016;15:16:00;299;com vítima;525;BR-153/GO;Sul;Saida de Pista;1;;;;;;;;;;0;1;;;
16/05/2016;07:24:00;55;com vítima;530;BR-153/GO;Norte;Queda de Moto;;;;1;;;;;;;0;1;;;
16/05/2016;10:05:00;151;sem vítima;574;BR-262/MG;Leste;Capotamento;1;;;;;;;;;;3;;;;
16/05/2016;09:43:00;136;sem vítima;578;BR-262/MG;Leste;Colisão Lateral;1;;1;;;;;;;;2;;;;
16/05/2016;13:32:00;240;sem vítima;582;BR-262/MG;Oeste;Queda de Moto;;;;1;;;;;;;1;;;;
16/05/2016;11:01:00;179;com vítima;585;BR-262/MG;Leste;Capotamento;1;;;;;;;;;;0;1;;;
16/05/2016;13:25:00;236;com vítima;585;BR-262/MG;Oeste;Tombamento;;;1;;;;;;;;0;1;;;
16/05/2016;10:11:00;155;sem vítima;586;BR-262/MG;Leste;Saida de Pista;1;;;;;;;;;;1;;;;
16/05/2016;10:06:00;193;com vítima;586;BR-262/MG;Leste;Saida de Pista;2;;;;;;;;;;0;3;;;
16/05/2016;18:08:00;402;com vítima;18,8;BR-060/DF;Sul;Saida de Pista;1;;;;;;;;;;0;4;;;
16/05/2016;10:52:00;175;sem vítima;587;BR-262/MG;Oeste;Saida de Pista;;;;;;;;;;1;1;;;;
16/05/2016;09:39:00;131;sem vítima;592;BR-262/MG;Leste;Saida de Pista;;;1;;;;;;;;1;;;;
16/05/2016;17:46:00;386;com vítima;584;BR-153/GO;Norte;Outros - sequências;1;;;;;;;;;;0;2;;;
16/05/2016;14:10:00;260;com vítima;113;BR-060/GO;Sul;Outros - sequências;;;1;;;;;;;;0;1;;;
16/05/2016;06:40:00;43;com vítima;208;BR-153/MG;Sul;Colisão Lateral;;;1;;;1;;;;;1;1;;;
16/05/2016;15:36:00;316;com vítima;625,7;BR-153/GO;Sul;Outros - sequências;;;1;;;;;;;1;0;2;;;
16/05/2016;05:36:00;32;com vítima;819;BR-262/MG;Leste;Capotamento;1;;;;;;;;;;0;;;;1
16/05/2016;00:05:00;2;sem vítima;696,6;BR-153/GO;Sul;Saida de Pista;1;;;;;;;;;;1;;;;
16/05/2016;14:33:00;274;com vítima;246;BR-153/MG;Sul;Saida de Pista;1;;;;;;;;;;0;1;;;
17/05/2016;07:38:00;93;sem vítima;25,8;BR-060/GO;Sul;Choque - Defensa, barreira ou "submarino";1;;;;;;;;;;1;;;;
17/05/2016;12:33:00;282;sem vítima;479;BR-262/MG;Oeste;Colisão Lateral;;;1;;;;;;;1;2;;;;
17/05/2016;11:00:00;239;com vítima;608;BR-153/GO;Sul;Colisão Traseira;1;;1;;;;;;;;1;;1;;
17/05/2016;12:21:00;275;sem vítima;615;BR-153/GO;Norte;Colisão Traseira;;;2;;;;;;;;2;;;;
17/05/2016;19:18:00;467;com vítima;793;BR-262/MG;Oeste;Tombamento;;;1;;;;;;;;0;1;;;
17/05/2016;20:31:00;494;com vítima;133;BR-060/GO;Norte;Outros - sequências;1;;;;;1;;;;;1;1;;;
18/05/2016;17:00:00;412;com vítima;360;BR-262/MG;Oeste;Saida de Pista;1;;;;;;;;;;0;1;;;
18/05/2016;18:10:00;453;com vítima;497;BR-153/GO;Sul;Colisão Traseira;1;;;1;;;;;;;1;1;;;
18/05/2016;11:49:00;235;sem vítima;29,2;BR-060/GO;Norte;Outros - sequências;1;;;;;;;;;;1;;;;
18/05/2016;20:35:00;513;com vítima;38;BR-060/GO;Sul;Capotamento;;;1;;;;;;;;0;1;;;
18/05/2016;17:00:00;415;com vítima;28,5;BR-153/MG;Sul;Saida de Pista;;;2;;;;;;;;0;2;;;
18/05/2016;18:23:00;458;sem vítima;501;BR-153/GO;Sul;Outros - sequências;1;;;;;;;;;;1;;;;
18/05/2016;19:26:00;484;sem vítima;501,5;BR-153/GO;Sul;Colisão Traseira;1;;;;;1;;;;;2;;;;
18/05/2016;15:33:00;359;com vítima;504,5;BR-153/GO;Norte;Colisão Transversal;1;;;1;;;;;;;1;1;;;
18/05/2016;17:59:00;448;sem vítima;505,6;BR-153/GO;Norte;Engavetamento;3;;;;;1;;;;;4;;;;
18/05/2016;15:13:00;350;sem vítima;512;BR-262/MG;Oeste;Colisão Traseira;2;;;;;;;;;;2;;;;
18/05/2016;04:52:00;25;sem vítima;96;BR-060/GO;Norte;Colisão Traseira;1;;;;;;;;;1;2;;;;
18/05/2016;16:33:00;401;com vítima;528;BR-153/GO;Norte;Queda de Moto;;;;1;;;;;;;0;1;;;
18/05/2016;13:24:00;277;com vítima;558;BR-153/GO;Norte;Queda de Moto;;;;1;;;;;;;0;2;;;
18/05/2016;16:37:00;405;sem vítima;118;BR-060/GO;Norte;Colisão Traseira;2;;;;;;;;;;2;;;;
18/05/2016;19:22:00;481;sem vítima;755;BR-262/MG;Oeste;Saida de Pista;1;;;;;1;;;;;2;;;;
18/05/2016;20:09:00;501;sem vítima;693;BR-153/GO;Sul;Outros - sequências;1;;;;;1;;;;;2;;;;
19/05/2016;19:29:00;461;sem vítima;358;BR-262/MG;Oeste;Saida de Pista;1;;;;;;;;;;1;;;;
19/05/2016;07:47:00;82;com vítima;38;BR-060/GO;Sul;Tombamento;;;1;;;;;;;;0;;;1;
19/05/2016;12:30:00;251;sem vítima;41;BR-060/GO;Norte;Capotamento;1;;;;;;;;;;1;;;;
19/05/2016;16:09:00;370;sem vítima;391;BR-262/MG;Oeste;Saida de Pista;1;;;;;;;;;;1;;;;
19/05/2016;17:47:00;421;sem vítima;414;BR-262/MG;Leste;Saida de Pista;1;;;;;;;;;;1;;;;
19/05/2016;12:36:00;256;sem vítima;424;BR-262/MG;Oeste;Colisão Traseira;;;;;;1;;;;1;2;;;;
19/05/2016;14:18:00;318;com vítima;502,5;BR-153/GO;Norte;Colisão Traseira;2;;;;;;;;;;0;2;;;
19/05/2016;06:45:00;58;com vítima;95,2;BR-060/GO;Norte;Queda de Moto;;;;1;;1;;;;;1;1;;;
19/05/2016;15:39:00;358;com vítima;567,3;BR-262/MG;Leste;Queda de Moto;;;;1;;1;;;;;1;1;;;
19/05/2016;15:15:00;342;com vítima;529,4;BR-153/GO;Sul;Outros - sequências;1;;;;;1;;;;;3;1;1;;
19/05/2016;16:49:00;387;sem vítima;582;BR-262/MG;Leste;Saida de Pista;1;;;;;;;;;;1;;;;
19/05/2016;17:08:00;391;com vítima;582,4;BR-262/MG;Leste;Outros - sequências;1;;;;;;;;;;0;1;;;
19/05/2016;07:49:00;86;com vítima;675,5;BR-262/MG;Oeste;Saida de Pista;1;;;;;;;;;;0;1;;;
19/05/2016;20:56:00;490;sem vítima;223;BR-153/MG;Sul;Outros - sequências;;;2;;;;;;;;2;;;;
19/05/2016;07:43:00;81;com vítima;799,8;BR-262/MG;Leste;Queda de Moto;;;;1;;;;;;;0;1;;;
19/05/2016;10:19:00;174;com vítima;647;BR-153/GO;Sul;Saida de Pista;1;;;;;;;;;;1;1;;;
19/05/2016;16:58:00;389;sem vítima;655;BR-153/GO;Norte;Outros - sequências;;;1;;;;;;;;1;;;;
20/05/2016;18:56:00;501;sem vítima;394;BR-262/MG;Leste;;1;;;;;;;;;;1;;;;
20/05/2016;17:20:00;448;com vítima;500;BR-153/GO;Sul;Colisão Traseira;2;;;;;;;;;;1;1;;;
20/05/2016;08:13:00;107;sem vítima;4;BR-060/DF;Sul;Colisão Lateral;1;;;;;1;;;;;2;;;;
20/05/2016;14:18:00;342;sem vítima;4;BR-060/DF;Norte;Colisão Traseira;1;;;1;;;;;;;2;;;;
20/05/2016;04:27:00;48;sem vítima;420,2;BR-262/MG;Leste;Saida de Pista;1;;;;;;;;;;2;;;;
20/05/2016;19:58:00;529;com vítima;443;BR-262/MG;Leste;Choque - Defensa, barreira ou "submarino";1;;;;;;;;;;0;1;;;
20/05/2016;21:29:00;570;com vítima;443;BR-262/MG;Leste;Choque - Defensa, barreira ou "submarino";1;;;;;;;;;;0;1;;;
20/05/2016;17:39:00;458;com vítima;517;BR-153/GO;Sul;Outros - sequências;2;;;;;;;;;;1;1;;;
20/05/2016;18:01:00;469;sem vítima;96;BR-060/GO;Sul;Outros - sequências;;;;1;;;;;;;1;;;;
20/05/2016;19:18:00;515;com vítima;584;BR-153/GO;Norte;Capotamento;1;;;;;;;;;;0;;;1;
20/05/2016;20:06:00;534;com vítima;114;BR-060/GO;Norte;Colisão Traseira;2;;;;;2;;;;;3;3;;;
20/05/2016;19:00:00;504;com vítima;115;BR-060/GO;Sul;Colisão Traseira;1;;1;;;;;;;;1;4;1;;
20/05/2016;19:47:00;527;com vítima;773;BR-262/MG;Oeste;Queda de Moto;;;;1;;;;;;;0;2;;;
20/05/2016;23:55:00;625;com vítima;801;BR-262/MG;Leste;Outros - sequências;;;;1;;;;;;;0;;1;;
20/05/2016;09:07:00;161;com vítima;136;BR-060/GO;Sul;Saida de Pista;1;;;;;;;;;;0;1;;;
21/05/2016;22:56:00;490;sem vítima;394;BR-262/MG;Oeste;Saida de Pista;1;;;;;;;;;;2;;;;
21/05/2016;03:50:00;34;com vítima;413;BR-262/MG;Leste;Queda de Moto;;;;1;;;;;;;0;1;1;;
21/05/2016;10:14:00;148;sem vítima;4,3;BR-060/DF;Sul;Colisão Lateral;2;;;;;;;;;;2;;;;
21/05/2016;09:20:00;117;sem vítima;503,7;BR-153/GO;Norte;;1;;;;;;;;;;1;;;;
21/05/2016;02:55:00;26;com vítima;440;BR-262/MG;Oeste;Saida de Pista;;;1;;;;;;;;0;1;;;
21/05/2016;05:47:00;49;sem vítima;506;BR-153/GO;Sul;Saida de Pista;1;;;;;;;;;;1;;;;
21/05/2016;17:30:00;359;sem vítima;105;BR-060/GO;Sul;Queda de Moto;;;;1;;;;;;;2;;;;
21/05/2016;13:50:00;240;sem vítima;107;BR-060/GO;Norte;Colisão Traseira;1;;1;;;;;;;;2;;;;
21/05/2016;07:45:00;82;com vítima;172,25;BR-153/MG;Norte;Saida de Pista;;;;;;;;;;1;0;1;;;
21/05/2016;18:49:00;399;com vítima;109;BR-060/GO;Sul;Colisão Traseira;2;;;;;;;;;;0;3;;;
21/05/2016;12:30:00;203;sem vítima;678;BR-262/MG;Leste;Colisão Traseira;1;;;;;;;;;1;2;;;;
21/05/2016;20:31:00;448;com vítima;714;BR-262/MG;Leste;Colisão Lateral;;;2;;;;;;;;0;2;;1;
21/05/2016;18:32:00;392;com vítima;800,1;BR-262/MG;Oeste;Colisão Traseira;1;;;1;;;;;;;0;1;;1;
21/05/2016;18:54:00;402;com vítima;801,9;BR-262/MG;Leste;Outros - sequências;1;;;;;;;;;;0;2;;;1
21/05/2016;18:55:00;403;com vítima;802;BR-262/MG;Leste;Outros - sequências;1;;;1;;;;;;;1;;;1;
21/05/2016;14:06:00;248;com vítima;234;BR-153/MG;Sul;Outros - sequências;1;;;;;1;;;;;1;4;;;
21/05/2016;11:20:00;178;sem vítima;842;BR-262/MG;Leste;Saida de Pista;1;;;;;;;;;;2;;;;
21/05/2016;06:14:00;54;sem vítima;246,3;BR-153/MG;Sul;Carreta deu L;;;1;;;;;;;;1;;;;
22/05/2016;17:14:00;377;com vítima;14;BR-060/GO;Norte;Capotamento;;;;;;;;;;1;0;3;;;
22/05/2016;09:38:00;183;com vítima;28;BR-060/GO;Sul;Colisão Lateral;1;;;1;;;;;;;1;;1;;
22/05/2016;21:31:00;485;sem vítima;28;BR-060/GO;Norte;Outros - sequências;1;;1;;;;;;;;2;;;;
22/05/2016;14:00:00;280;com vítima;37;BR-153/MG;Sul;Queda de Moto;;;;1;;;;;;;0;1;;;
22/05/2016;08:03:00;131;com vítima;502;BR-153/GO;Norte;Choque - Defensa, barreira ou "submarino";1;;;;;;;;;;0;1;;;
22/05/2016;19:42:00;438;com vítima;443;BR-262/MG;Oeste;Atropelamento - Outros;1;;;;;;;;;;1;;;1;
22/05/2016;10:05:00;196;sem vítima;8;BR-060/DF;Sul;;1;;;;;;;;;;1;;;;
22/05/2016;21:46:00;490;com vítima;801;BR-262/MG;Oeste;Colisão Traseira;2;;;;;;;;;;2;2;;;
22/05/2016;05:24:00;92;sem vítima;841;BR-262/MG;Leste;Atropelamento - Animal;1;;;;;;;;;;1;;;;
23/05/2016;13:01:00;386;sem vítima;7;BR-153/MG;Sul;Saida de Pista;1;;;;;;;;;;3;;;;
23/05/2016;08:23:00;226;sem vítima;499;BR-153/GO;Sul;Colisão Traseira;1;;;;;1;;;;;2;;;;
23/05/2016;17:54:00;537;com vítima;26;BR-153/MG;Sul;Outros - sequências;1;;;;;;;;;;0;;1;;
23/05/2016;04:04:00;135;com vítima;510;BR-153/GO;Norte;Capotamento;1;;;;;;;;;;0;1;;;
23/05/2016;10:57:00;305;com vítima;568;BR-262/MG;Oeste;Colisão Lateral;2;;;;;;;;;;0;3;;;
23/05/2016;10:47:00;298;sem vítima;101;BR-060/GO;Norte;Colisão Lateral;;;2;;;;;;;;2;;;;
24/05/2016;06:20:00;80;com vítima;357;BR-262/MG;Oeste;Atropelamento - Usuário;1;;;;;;;;;;1;;1;;
24/05/2016;17:08:00;459;sem vítima;21;BR-153/MG;Norte;Colisão Traseira;1;;;;;;;;;1;2;;;;
24/05/2016;21:02:00;551;com vítima;33,5;BR-060/GO;Norte;Colisão Traseira;1;;1;;;;;;;;0;2;;;
24/05/2016;05:16:00;61;com vítima;48;BR-060/GO;Norte;Capotamento;1;;;;;;;;;;0;1;;;
24/05/2016;16:30:00;441;com vítima;8;BR-060/DF;Sul;Saida de Pista;1;;;;;;;;;;0;3;;;
24/05/2016;10:12:00;212;com vítima;93;BR-060/GO;Sul;Colisão Traseira;1;;1;;;1;;;;;2;1;;;
24/05/2016;20:29:00;541;com vítima;516;BR-153/GO;Sul;Queda de Moto;;;;1;;;;;;;0;1;;;
24/05/2016;19:25:00;520;sem vítima;863;BR-262/MG;Oeste;Colisão Traseira;2;;;;;;;;;;2;;;;
25/05/2016;10:09:00;172;com vítima;361;BR-262/MG;Oeste;Queda de Moto;;;;1;;;;;;;0;2;;;
25/05/2016;15:52:00;389;com vítima;35,3;BR-060/GO;Norte;Colisão Traseira;1;;1;;;;;;;;1;1;;;
25/05/2016;11:54:00;246;sem vítima;389,6;BR-262/MG;Leste;Colisão Lateral;2;;;;;;;;;;2;;;;
25/05/2016;05:47:00;52;sem vítima;407;BR-262/MG;Leste;Tombamento;;;1;;;;;;;;1;;;;
25/05/2016;20:38:00;556;com vítima;441;BR-262/MG;Oeste;Queda de Moto;;;;1;;;;;;;0;1;;;
25/05/2016;17:03:00;438;com vítima;105;BR-153/MG;Sul;Capotamento;;;;;;;;;;1;0;1;;;
25/05/2016;19:30:00;522;sem vítima;538;BR-262/MG;Leste;Saida de Pista;;;;;;1;;;;1;2;;;;
25/05/2016;07:41:00;81;com vítima;94;BR-060/GO;Norte;Colisão Traseira;;;;1;;1;;;;;1;1;;;
25/05/2016;18:42:00;494;com vítima;526;BR-153/GO;Sul;Colisão Traseira;1;;;;;1;;;;;1;4;;;
25/05/2016;18:28:00;480;com vítima;96;BR-060/GO;Norte;Saida de Pista;1;;;;;;;;;;0;1;;;
25/05/2016;19:44:00;524;sem vítima;670;BR-262/MG;Leste;Colisão Traseira;1;;;;;1;;;;;2;;;;
26/05/2016;05:12:00;40;sem vítima;491;BR-153/GO;Norte;Saida de Pista;1;;;;;;;;;;1;;;;
26/05/2016;15:21:00;356;com vítima;358;BR-262/MG;Leste;Atropelamento - Outros;1;;;;;;;;;;1;1;;;
26/05/2016;20:04:00;510;com vítima;365;BR-262/MG;Leste;Saida de Pista;1;;;;;;;;;;1;1;;;
26/05/2016;15:11:00;350;com vítima;368,9;BR-262/MG;Oeste;Queda de Moto;;;;1;;;;;;;0;1;;;
26/05/2016;05:31:00;46;com vítima;23;BR-153/MG;Sul;Capotamento;1;;;;;;;;;;0;1;;;
26/05/2016;06:55:00;68;com vítima;23;BR-153/MG;Norte;Saida de Pista;1;;;;;;;;;;0;3;;;
26/05/2016;19:59:00;509;com vítima;3;BR-060/DF;Norte;Outros - sequências;1;;;;;1;;;;;1;2;;;
26/05/2016;15:59:00;387;com vítima;393;BR-262/MG;Leste;Queda de Moto;;;;1;;;;;;;0;2;;;
26/05/2016;18:59:00;490;com vítima;415;BR-262/MG;Oeste;Tombamento;;;1;;;;;;;;0;1;;;
26/05/2016;11:05:00;228;com vítima;42;BR-153/MG;Norte;Saida de Pista;1;;;;;1;;;;;1;3;1;;
26/05/2016;04:28:00;33;sem vítima;505;BR-153/GO;Sul;;2;;;;;;;;;;2;;;;
26/05/2016;05:08:00;39;com vítima;77,5;BR-153/MG;Sul;Outros - sequências;1;;;;;;;;;;0;;;;1
26/05/2016;20:26:00;519;com vítima;96,5;BR-060/GO;Sul;Colisão Lateral;1;;;;;;;;;1;0;3;;;
26/05/2016;19:18:00;492;com vítima;531;BR-153/GO;Sul;Outros - sequências;;;1;1;;;;;;;1;;1;;
26/05/2016;13:42:00;300;com vítima;566,8;BR-153/GO;Norte;Queda de Moto;;;;1;;;;;;;0;1;;;
26/05/2016;22:19:00;547;com vítima;597;BR-262/MG;Leste;Colisão Frontal;1;;1;;;;;;;;1;3;;;2
26/05/2016;14:39:00;330;sem vítima;736;BR-262/MG;Leste;Colisão Traseira;1;;1;;;;;;;;2;;;;
26/05/2016;18:28:00;472;com vítima;241;BR-153/MG;Norte;Colisão Lateral;;1;;1;;;;;;;1;1;;;
27/05/2016;17:59:00;513;sem vítima;368,5;BR-262/MG;Oeste;Saida de Pista;;;1;;;;;;;;1;;;;
27/05/2016;17:49:00;508;sem vítima;27;BR-060/GO;Sul;Saida de Pista;;;;;;;;;;1;1;;;;
27/05/2016;14:51:00;405;com vítima;433,5;BR-262/MG;Oeste;Colisão Traseira;2;;;;;;;;;;1;2;;;
27/05/2016;18:24:00;528;com vítima;69;BR-060/GO;Norte;Outros - sequências;2;;;;;;;;;;1;2;;;
27/05/2016;21:20:00;587;com vítima;58;BR-153/MG;Norte;Colisão Lateral;2;;;;;;;;;;0;2;;;
27/05/2016;16:54:00;465;com vítima;510,4;BR-153/GO;Sul;Queda de Moto;;;;1;;;;;;;1;1;;;
28/05/2016;18:07:00;401;com vítima;365;BR-262/MG;Oeste;Atropelamento - Morador;1;;;;;2;;;;;3;;;;1
28/05/2016;19:40:00;433;com vítima;371;BR-262/MG;Oeste;Outros - sequências;1;;;;;;;;;;0;1;;;
28/05/2016;22:28:00;492;sem vítima;28;BR-060/GO;Sul;Tombamento;1;;;;;;;;;;1;;;;
28/05/2016;13:45:00;261;com vítima;28,6;BR-060/GO;Sul;Colisão Traseira;1;;1;;;;;;;;0;2;;;
28/05/2016;15:27:00;324;sem vítima;425,5;BR-262/MG;Oeste;Saida de Pista;1;;;;;;;;;;1;;;;
28/05/2016;05:26:00;43;sem vítima;6,5;BR-060/DF;Sul;Capotamento;1;;;;;;;;;;1;;;;
28/05/2016;19:02:00;412;sem vítima;156;BR-153/MG;Norte;Atropelamento - Animal;1;;;;;;;;;;1;;;;
28/05/2016;14:21:00;280;com vítima;115;BR-060/GO;Sul;Queda de Moto;;;;1;;;;;;;0;2;;;
28/05/2016;18:07:00;400;com vítima;28;BR-060/DF;Sul;Outros - sequências;1;;;;;;;;;;0;1;;;
28/05/2016;11:42:00;212;com vítima;804;BR-262/MG;Oeste;Colisão Traseira;1;;;1;;;;;;;1;;1;;
29/05/2016;16:32:00;353;com vítima;355;BR-262/MG;Leste;Colisão Traseira;1;;;;;;;;;1;1;2;;;
29/05/2016;08:06:00;83;sem vítima;1;BR-153/MG;Norte;Saida de Pista;;;1;;;;;;;;1;;;;
29/05/2016;04:28:00;38;com vítima;38;BR-060/GO;Sul;Colisão Transversal;1;;;1;;;;;;;1;1;;;
29/05/2016;07:00:00;63;com vítima;392;BR-262/MG;Leste;Colisão Traseira;1;;2;;;;;;;;3;;1;;
29/05/2016;13:25:00;216;com vítima;46;BR-060/GO;Sul;Saida de Pista;1;;;;;;;;;;0;1;;;
29/05/2016;13:14:00;213;com vítima;51,5;BR-153/MG;Norte;Saida de Pista;;;1;;;;;;;;0;2;;;
29/05/2016;17:25:00;396;com vítima;578;BR-262/MG;Leste;Outros - sequências;;;;;;;;;;1;0;1;;;