data;horario;n_da_ocorrencia;tipo_de_ocorrencia;km;trecho;sentido;tipo_de_acidente;automovel;bicicleta;caminhao;moto;onibus;outros;tracao_animal;transporte_de_cargas_especiais;trator_maquinas;utilitarios;ilesos;levemente_feridos;moderadamente_feridos;gravemente_feridos;mortos
03/07/2016;17:46:00;379;sem vítima;430;BR-262/MG;Leste;Saida de Pista;1;;;;;;;;;;1;;;;
03/07/2016;18:17:00;395;sem vítima;507;BR-153/GO;Sul;Saida de Pista;1;;;;;;;;;;1;;;;
03/07/2016;11:23:00;190;com vítima;509;BR-153/GO;Sul;Queda de Moto;;;;1;;;;;;;0;1;;;
03/07/2016;07:58:00;78;sem vítima;510,3;BR-262/MG;Oeste;Saida de Pista;1;;;;;;;;;;1;;;;
03/07/2016;23:47:00;520;com vítima;535,2;BR-153/GO;Norte;Colisão Transversal;;1;;1;;;;;;;0;;1;;1
03/07/2016;21:09:00;462;com vítima;541;BR-153/GO;Norte;Colisão Traseira;1;;;;;1;;;;;1;1;;;
03/07/2016;17:51:00;384;com vítima;101;BR-060/GO;Norte;Queda de Moto;;;;1;;;;;;;0;;1;;
03/07/2016;23:18:00;509;sem vítima;564;BR-153/GO;Norte;Queda de Moto;;;;1;;;;;;;1;;;;
03/07/2016;16:14:00;326;sem vítima;109;BR-060/GO;Norte;Engavetamento;5;;;;;;;;;;5;;;;
03/07/2016;02:36:00;15;sem vítima;576,5;BR-153/GO;Sul;Saida de Pista;1;;;;;;;;;;2;;;;
03/07/2016;21:07:00;460;com vítima;580,5;BR-153/GO;Norte;Capotamento;1;;;;;;;;;;1;2;;;
03/07/2016;15:23:00;306;com vítima;606;BR-153/GO;Norte;Outros - sequências;1;;;;;;;;;;2;2;;;
03/07/2016;20:28:00;453;com vítima;765;BR-262/MG;Leste;Saida de Pista;;;;;;;;;;1;0;7;;;
03/07/2016;19:20:00;421;com vítima;802;BR-262/MG;Leste;Outros - sequências;1;;;;;;;;;;0;1;;;
03/07/2016;23:37:00;516;com vítima;131;BR-060/GO;Norte;Capotamento;1;;;;;;;;;;0;1;;;
04/07/2016;07:59:00;86;sem vítima;495;BR-153/GO;Sul;Colisão Traseira;2;;;;;;;;;;2;;;;
04/07/2016;05:08:00;24;com vítima;498;BR-153/GO;Sul;Outros - sequências;1;;;1;;;;;;;1;1;;;
04/07/2016;08:08:00;91;com vítima;499;BR-153/GO;Sul;Queda de Moto;;;;1;;;;;;;0;1;;;
04/07/2016;12:33:00;253;com vítima;33;BR-060/GO;Sul;Queda de Ciclista;;1;;;;;;;;;0;1;;;
04/07/2016;06:47:00;46;com vítima;501;BR-153/GO;Norte;Queda de Moto;;;;1;;;;;;;0;1;;;
04/07/2016;06:41:00;42;sem vítima;37;BR-153/MG;Norte;Tombamento;;;1;;;;;;;;1;;;;
04/07/2016;18:31:00;495;com vítima;441;BR-262/MG;Leste;Atropelamento - Morador;1;;;;;;;;;;2;;1;;
04/07/2016;19:31:00;514;sem vítima;441;BR-262/MG;Leste;Colisão Traseira;2;;;;;;;;;;2;;;;
04/07/2016;06:43:00;43;sem vítima;454;BR-262/MG;Leste;Outros - sequências;1;;;;;;;;;;1;;;;
04/07/2016;13:46:00;286;com vítima;5;BR-060/DF;Norte;Choque - Poste;1;;;;;;;;;;0;1;;;
04/07/2016;07:42:00;74;com vítima;620;BR-153/GO;Norte;Capotamento;1;;;;;;;;;;0;1;;;
04/07/2016;10:30:00;186;com vítima;135;BR-060/GO;Sul;Saida de Pista;;;1;;;;;;;;0;4;;;
05/07/2016;17:13:00;404;sem vítima;362;BR-262/MG;Oeste;Colisão Traseira;;;2;;;;;;;;2;;;;
05/07/2016;18:23:00;435;com vítima;2,7;BR-060/DF;Sul;Colisão Lateral;;;;1;;;;;;1;1;1;;;
05/07/2016;17:46:00;418;sem vítima;499,6;BR-153/GO;Sul;Colisão Traseira;1;;1;;;;;;;;2;;;;
05/07/2016;18:57:00;454;com vítima;74;BR-060/GO;Sul;Choque - Outros;1;;;;;;;;;;0;2;;;
05/07/2016;17:32:00;415;sem vítima;95,3;BR-060/GO;Sul;Saida de Pista;1;;;;;1;;;;;2;;;;
05/07/2016;18:31:00;436;sem vítima;97;BR-060/GO;Sul;Colisão Lateral;2;;;;;;;;;;2;;;;
05/07/2016;16:51:00;396;com vítima;555,151;BR-153/GO;Norte;Outros - sequências;1;;;;;;;;;;0;;;;1
05/07/2016;16:16:00;375;com vítima;773;BR-262/MG;Leste;Colisão Lateral;2;;;;;;;;;;0;4;;;
06/07/2016;17:31:00;434;com vítima;505;BR-153/GO;Norte;Outros - sequências;;;;1;;1;;;;;1;1;;;
06/07/2016;07:35:00;80;com vítima;506;BR-153/GO;Norte;Engavetamento;4;;;1;;;;;;;0;5;;;
06/07/2016;07:58:00;95;sem vítima;76;BR-060/GO;Sul;Saida de Pista;1;;;;;;;;;;1;;;;
06/07/2016;12:18:00;245;sem vítima;507;BR-153/GO;Sul;Colisão Traseira;2;;;;;;;;;;2;;;;
06/07/2016;13:42:00;300;com vítima;578,5;BR-262/MG;Leste;Queda de Moto;;;;1;;;;;;;0;2;;;
06/07/2016;07:48:00;105;com vítima;116,8;BR-060/GO;Norte;Queda de Moto;;;;1;;;;;;;0;1;;;
07/07/2016;18:01:00;475;com vítima;499,5;BR-153/GO;Sul;Colisão Lateral;;;1;1;;;;;;;1;1;1;;
07/07/2016;09:43:00;157;sem vítima;405;BR-262/MG;Leste;Colisão Transversal;2;;;;;1;;;;;3;;;;
07/07/2016;22:26:00;580;sem vítima;32;BR-153/MG;Norte;Tombamento;;;1;;;;;;;;1;;;;
07/07/2016;13:36:00;321;com vítima;503;BR-153/GO;Sul;Queda de Moto;;;;1;;1;;;;;1;1;;;
07/07/2016;15:35:00;396;sem vítima;551;BR-262/MG;Leste;Outros - sequências;;;2;;;;;;;;2;;;;
07/07/2016;05:45:00;39;sem vítima;601;BR-262/MG;Oeste;Colisão Traseira;;;1;;;;;;;1;2;;;;
07/07/2016;15:57:00;407;com vítima;112;BR-060/GO;Sul;Atropelamento - Funcionário;;;1;;;;;;;;1;;;1;
07/07/2016;18:18:00;484;com vítima;620;BR-262/MG;Leste;Capotamento;1;;;;;;;;;;0;1;;;
08/07/2016;16:26:00;377;com vítima;16;BR-060/GO;Norte;Saida de Pista;1;;;;;;;;;;0;4;1;;
08/07/2016;18:48:00;455;com vítima;496;BR-153/GO;Sul;Atropelamento - Andarilho;;;;;;1;;;;;1;;;1;
08/07/2016;17:30:00;416;com vítima;388;BR-262/MG;Leste;Colisão Traseira;2;;;;;;;;;;0;2;;;
08/07/2016;14:48:00;329;com vítima;394;BR-262/MG;Leste;Colisão Traseira;2;;;;;;;;;;1;1;;;
08/07/2016;15:04:00;338;sem vítima;43,1;BR-060/GO;Sul;Colisão Traseira;1;;1;;;;;;;;2;;;;
08/07/2016;07:40:00;73;com vítima;48,5;BR-060/GO;Norte;Capotamento;1;;;;;;;;;;0;2;;;
08/07/2016;20:12:00;497;sem vítima;463;BR-262/MG;Oeste;Saida de Pista;1;;;;;1;;;;;2;;;;
08/07/2016;11:50:00;231;sem vítima;75,6;BR-153/MG;Norte;Tombamento;;;1;;;;;;;;1;;;;
08/07/2016;17:14:00;405;com vítima;92;BR-060/GO;Norte;Saida de Pista;1;;;;;;;;;;0;1;;;
08/07/2016;15:24:00;344;com vítima;531,3;BR-262/MG;Leste;Outros - sequências;1;;;;;1;;;;;1;1;;;
08/07/2016;16:33:00;379;com vítima;94,4;BR-060/GO;Norte;Colisão Traseira;1;;;;;2;;;;;2;1;;;
08/07/2016;19:19:00;470;com vítima;553;BR-262/MG;Leste;Outros - sequências;1;;;;;;;;;;0;3;;;
08/07/2016;18:36:00;450;com vítima;96;BR-060/GO;Sul;Colisão Frontal;1;;;1;;;;;;;1;1;;;
08/07/2016;22:15:00;561;com vítima;541,5;BR-153/GO;Sul;Capotamento;;;1;;;;;;;;0;1;;;
08/07/2016;00:05:00;1;sem vítima;580;BR-153/GO;Norte;Capotamento;1;;;;;;;;;;1;;;;
08/07/2016;14:43:00;325;sem vítima;706,95;BR-262/MG;Leste;Colisão Traseira;;;1;;;;;;;1;2;;;;
08/07/2016;04:13:00;23;sem vítima;648;BR-153/GO;Sul;Saida de Pista;1;;;;;;;;;;1;;;;
08/07/2016;08:54:00;110;sem vítima;236;BR-153/MG;Sul;Engavetamento;1;;1;;;1;;;;1;8;;;;
09/07/2016;13:03:00;265;sem vítima;382;BR-262/MG;Oeste;Saida de Pista;1;;;;;;;;;;1;;;;
09/07/2016;05:31:00;38;sem vítima;38;BR-060/GO;Norte;Saida de Pista;1;;;;;;;;;;1;;;;
09/07/2016;22:00:00;501;com vítima;500;BR-153/GO;Sul;Queda de Moto;;;;1;;;;;;;0;2;;;
09/07/2016;13:26:00;275;sem vítima;450;BR-262/MG;Leste;Colisão Traseira;1;;;;;;;;;1;2;;;;
09/07/2016;11:49:00;218;sem vítima;458;BR-262/MG;Oeste;Colisão Lateral;1;;;1;;;;;;;2;;;;
09/07/2016;06:50:00;58;com vítima;102;BR-153/MG;Norte;Colisão Frontal;1;;1;;;;;;;;1;;1;2;1
09/07/2016;01:36:00;10;sem vítima;518;BR-153/GO;Sul;Capotamento;1;;;;;;;;;;1;;;;
09/07/2016;09:30:00;136;com vítima;118,7;BR-153/MG;Norte;Saida de Pista;1;;;;;;;;;;0;1;;;
09/07/2016;14:25:00;303;com vítima;538,073;BR-153/GO;Sul;Outros - sequências;1;;;;;;;;;;0;2;;;
09/07/2016;17:25:00;393;sem vítima;101;BR-060/GO;Sul;Colisão Traseira;2;;;;;;;;;;2;;;;
09/07/2016;16:06:00;356;sem vítima;17,5;BR-060/DF;Norte;Colisão Traseira;1;;1;;;;;;;;2;;;;
09/07/2016;10:52:00;192;com vítima;612;BR-262/MG;Oeste;Saida de Pista;;;1;;;;;;;;0;;1;;
09/07/2016;22:41:00;514;sem vítima;652;BR-262/MG;Leste;Saida de Pista;1;;;;;;;;;;3;;;;
09/07/2016;10:35:00;181;com vítima;227;BR-153/MG;Sul;Colisão Traseira;;;2;;;;;;;;0;3;;;
09/07/2016;13:59:00;290;com vítima;137;BR-060/GO;Sul;Engavetamento;2;;;;;1;;;;;2;1;;;
10/07/2016;09:58:00;186;com vítima;376,5;BR-262/MG;Leste;Queda de Moto;;;;1;;;;;;;1;1;;;
10/07/2016;13:16:00;282;com vítima;26,8;BR-060/GO;Norte;Colisão Traseira;1;;;1;;;;;;;0;2;;;
10/07/2016;20:51:00;516;com vítima;16,5;BR-153/MG;Sul;Tombamento;;;1;;;;;;;;0;1;;;
10/07/2016;18:11:00;437;sem vítima;39,107;BR-060/GO;Norte;Outros - sequências;2;;;;;;;;;;2;;;;
10/07/2016;07:18:00;82;sem vítima;55,3;BR-060/GO;Sul;Capotamento;1;;;;;;;;;;1;;;;
10/07/2016;09:49:00;178;com vítima;43;BR-153/MG;Sul;Colisão Lateral;1;;;;;;;;;1;1;1;2;;
10/07/2016;18:12:00;438;com vítima;59,689;BR-060/GO;Sul;Outros - sequências;1;;;;;;;;;;0;1;;;
10/07/2016;03:55:00;45;sem vítima;455,5;BR-262/MG;Leste;Queda de Moto;;;;1;;;;;;;1;;;;
10/07/2016;22:27:00;557;sem vítima;464;BR-262/MG;Leste;Atropelamento de Animal;;;1;;;;;;;;1;;;;
10/07/2016;14:42:00;324;sem vítima;507,2;BR-262/MG;Leste;Saida de Pista;2;;;;;;;;;;2;;;;
10/07/2016;16:07:00;362;sem vítima;527;BR-153/GO;Norte;Colisão Traseira;2;;;;;;;;;;2;;;;
10/07/2016;23:42:00;579;com vítima;128,8;BR-153/MG;Norte;Colisão Lateral;1;;;;;1;;;;;1;2;;;
10/07/2016;19:59:00;497;sem vítima;662;BR-262/MG;Oeste;Colisão Traseira;2;;;;;;;;;;2;;;;
10/07/2016;10:30:00;200;sem vítima;636,2;BR-153/GO;Norte;Saida de Pista;1;;;;;1;;;;;6;;;;
10/07/2016;09:51:00;180;sem vítima;242,4;BR-153/MG;Sul;Saida de Pista;1;;;;;;;;;;1;;;;
11/07/2016;07:38:00;70;com vítima;420;BR-262/MG;Leste;Tombamento;;;1;;;;;;;;0;;;1;
11/07/2016;19:03:00;512;sem vítima;38;BR-153/MG;Norte;Outros - sequências;3;;;;;1;;;;;4;;;;
11/07/2016;19:38:00;527;com vítima;485;BR-262/MG;Oeste;Queda de Moto;;;;1;;;;;;;0;1;;;
11/07/2016;06:50:00;45;com vítima;513;BR-153/GO;Norte;Colisão Lateral;1;;;1;1;;;;;;2;1;;;
11/07/2016;16:41:00;429;com vítima;523;BR-153/GO;Sul;Saida de Pista;1;;;;;;;;;;0;1;;;
11/07/2016;19:22:00;525;sem vítima;534;BR-153/GO;Norte;Capotamento;1;;;;;;;;;;1;;;;
11/07/2016;10:03:00;154;sem vítima;704;BR-262/MG;Leste;Saida de Pista;1;;;;;;;;;;5;;;;
11/07/2016;01:16:00;18;com vítima;213;BR-153/MG;Norte;Capotamento;;;1;;;;;;;;0;2;;;
11/07/2016;10:10:00;162;com vítima;618,4;BR-153/GO;Sul;Capotamento;1;;;;;;;;;;0;1;;;
11/07/2016;17:54:00;482;sem vítima;640;BR-153/GO;Norte;Saida de Pista;1;;;;;;;;;;1;;;;
11/07/2016;10:18:00;169;sem vítima;240;BR-153/MG;Norte;Choque - Poste;1;;1;;;;;;;;2;;;;
12/07/2016;23:36:00;637;sem vítima;14;BR-153/MG;Norte;Atropelamento de Animal;;;1;;;;;;;;1;;;;
12/07/2016;07:57:00;92;sem vítima;509;BR-153/GO;Norte;Colisão Traseira;2;;;;;;;;;;2;;;;
12/07/2016;00:36:00;7;sem vítima;534;BR-262/MG;Oeste;Saida de Pista;1;;;;;;;;;;2;;;;
12/07/2016;16:26:00;440;sem vítima;568;BR-262/MG;Leste;Colisão Lateral;1;;1;;;;;;;;2;;;;
13/07/2016;16:55:00;450;sem vítima;493;BR-153/GO;Sul;Queda de Moto;;;;1;;;;;;;1;;;;
13/07/2016;16:38:00;439;sem vítima;11,5;BR-060/GO;Norte;Saida de Pista;1;;;;;;;;;;1;;;;
13/07/2016;23:18:00;633;com vítima;497;BR-153/GO;Norte;Queda de Moto;;;;1;;;;;;;0;2;;;
13/07/2016;09:20:00;147;com vítima;15;BR-153/MG;Sul;Outros - sequências;;;2;;;;;;;;1;;1;;
13/07/2016;08:17:00;104;com vítima;498;BR-153/GO;Norte;Colisão Traseira;2;;;;;;;;;;1;1;1;;
13/07/2016;08:58:00;132;sem vítima;498;BR-153/GO;Sul;Colisão Traseira;1;;;1;;;;;;;2;;;;
13/07/2016;10:02:00;171;sem vítima;31;BR-060/GO;Sul;Colisão Traseira;1;;;;1;;;;;;2;;;;
13/07/2016;06:30:00;52;sem vítima;450;BR-262/MG;Leste;Colisão Lateral;;;1;1;;;;;;;2;;;;
13/07/2016;19:51:00;560;com vítima;53;BR-153/MG;Sul;Tombamento;;;1;;;;;;;;0;1;;;
13/07/2016;17:54:00;491;com vítima;101;BR-060/GO;Norte;Queda de Moto;;;;1;;;;;;;0;2;;;
13/07/2016;23:20:00;634;sem vítima;113,9;BR-060/GO;Sul;Outros - sequências;1;;;;;;;;;;1;;;;
13/07/2016;18:04:00;498;sem vítima;669;BR-262/MG;Oeste;Saida de Pista;;;1;;;;;;;;1;;;;
13/07/2016;09:04:00;137;sem vítima;691;BR-262/MG;Oeste;Choque - Talude;;;1;1;;;;;;;2;;;;
13/07/2016;12:14:00;260;com vítima;121,5;BR-060/GO;Norte;Queda de Moto;;;;1;;;;;;;0;1;;;
14/07/2016;15:19:00;386;sem vítima;13,7;BR-060/GO;Sul;Capotamento;1;;;;;;;;;;1;;;;
14/07/2016;06:53:00;66;sem vítima;17,6;BR-060/GO;Norte;Capotamento;1;;;;;;;;;;1;;;;
14/07/2016;18:32:00;525;com vítima;495;BR-153/GO;Norte;Atropelamento - Morador;;;;;;1;;;;;1;;;1;
14/07/2016;13:53:00;334;sem vítima;499;BR-153/GO;Norte;;;;;1;;;;;;;1;;;;
14/07/2016;13:51:00;333;com vítima;500;BR-153/GO;Norte;Queda de Moto;;;;1;;;;;;;0;2;;;
14/07/2016;20:49:00;571;sem vítima;99;BR-153/MG;Sul;Colisão Traseira;;;1;;;;;;;1;2;;;;
14/07/2016;11:05:00;223;sem vítima;537,6;BR-262/MG;Oeste;Saida de Pista;1;;;;;;;;;;1;;;;
14/07/2016;18:07:00;507;com vítima;121;BR-153/MG;Norte;Tombamento;;;2;;1;;;;;;0;3;;;
14/07/2016;19:59:00;554;sem vítima;544;BR-153/GO;Sul;Saida de Pista;1;;;;;;;;;;3;;;;
14/07/2016;01:51:00;23;sem vítima;148;BR-153/MG;Sul;Atropelamento de Animal;;;1;;;;;;;;1;;;;
14/07/2016;14:26:00;354;sem vítima;107;BR-060/GO;Sul;Colisão Lateral;1;;1;;;;;;;;2;;;;
14/07/2016;22:56:00;608;sem vítima;607,9;BR-153/GO;Sul;Tombamento;;;1;;;;;;;;1;;;;
14/07/2016;02:17:00;28;sem vítima;665,4;BR-153/GO;Sul;Atropelamento de Animal;;;;;1;;;;;;1;;;;
15/07/2016;13:27:00;325;com vítima;23;BR-153/MG;Norte;Capotamento;1;;;;;;;;;;0;1;3;;
15/07/2016;09:58:00;191;sem vítima;46;BR-060/GO;Norte;Colisão Traseira;;;2;;;;;;;;2;;;;
15/07/2016;11:34:00;255;com vítima;47;BR-060/GO;Norte;Engavetamento;5;;2;;;;;;;;6;;1;;
15/07/2016;08:03:00;110;com vítima;504,6;BR-153/GO;Norte;Colisão Traseira;2;;;;;;;;;;1;1;;;
15/07/2016;07:57:00;105;com vítima;63,3;BR-060/GO;Sul;Queda de Moto;;;;1;;;;;;;0;1;1;;
15/07/2016;09:38:00;182;sem vítima;506;BR-153/GO;Sul;Queda de Moto;1;;;1;;;;;;;2;;;;
15/07/2016;13:40:00;330;sem vítima;507;BR-153/GO;Norte;Saida de Pista;1;;;;;1;;;;;2;;;;
15/07/2016;08:48:00;148;com vítima;507,7;BR-153/GO;Norte;Colisão Lateral;1;;;1;;;;;;;1;1;;;
15/07/2016;09:31:00;175;sem vítima;510;BR-153/GO;Norte;Colisão Lateral;2;;;;;;;;;;2;;;;
15/07/2016;23:18:00;640;com vítima;93;BR-060/GO;Norte;Atropelamento - Ciclista;;1;;;;1;;;;;1;;1;;
15/07/2016;22:55:00;630;sem vítima;95;BR-060/GO;Sul;Colisão Traseira;;;1;1;;;;;;;2;;;;
15/07/2016;10:53:00;227;sem vítima;554,5;BR-262/MG;Oeste;Colisão Lateral;1;;1;;;;;;;;2;;;;
15/07/2016;22:44:00;620;sem vítima;559;BR-262/MG;Oeste;Carreta deu L;;;1;;;;;;;;1;;;;
15/07/2016;16:04:00;427;com vítima;195;BR-153/MG;Norte;Colisão Lateral;1;;1;;;;;;;;0;1;1;;
15/07/2016;13:46:00;334;sem vítima;675;BR-262/MG;Oeste;Colisão Traseira;1;;1;;;;;;;;2;;;;
15/07/2016;19:34:00;549;sem vítima;128,3;BR-060/GO;Sul;Colisão Traseira;1;;;;;;;;;;1;;;;
15/07/2016;09:34:00;184;sem vítima;678;BR-153/GO;Norte;Colisão Lateral;2;;1;;;;;;;;3;;;;
16/07/2016;12:54:00;272;com vítima;43,1;BR-060/GO;Norte;Queda de Moto;1;;;1;;;;;;;1;1;;;
16/07/2016;14:33:00;354;sem vítima;4,4;BR-060/DF;Sul;Colisão Lateral;2;;;;;;;;;;2;;;;
16/07/2016;16:34:00;435;com vítima;58;BR-060/GO;Norte;Outros - sequências;1;;;;;;;;;;0;1;;;
16/07/2016;11:47:00;238;sem vítima;68;BR-060/GO;Sul;Capotamento;1;;;;;;;;;;1;;;;
16/07/2016;19:09:00;484;com vítima;508,738;BR-262/MG;Oeste;Outros - sequências;3;;2;;;;;;;;5;;;1;2
16/07/2016;16:34:00;436;com vítima;95,5;BR-060/GO;Sul;Outros - sequências;1;;1;;;1;;;;;2;1;;;
16/07/2016;18:18:00;476;com vítima;95,5;BR-060/GO;Sul;Outros - sequências;;;1;1;;;;;;;1;;1;;
16/07/2016;13:34:00;314;com vítima;101;BR-060/GO;Norte;Queda de Moto;;;;1;;;;;;;0;2;;;
16/07/2016;22:25:00;569;com vítima;119;BR-060/GO;Norte;Outros - sequências;1;;1;;;;;;;;1;1;;;
17/07/2016;03:54:00;36;com vítima;354;BR-262/MG;Leste;Saida de Pista;1;;;;;;;;;;1;2;;;
17/07/2016;18:30:00;434;com vítima;365;BR-262/MG;Leste;Queda de Moto;1;;;1;;;;;;;1;1;;;
17/07/2016;23:56:00;572;sem vítima;495;BR-153/GO;Sul;Colisão Traseira;2;;;;;;;;;;2;;;;
17/07/2016;22:14:00;540;com vítima;369;BR-262/MG;Leste;Queda de Moto;;;;1;;;;;;;0;;1;;
17/07/2016;09:44:00;155;sem vítima;32;BR-060/GO;Sul;Colisão Lateral;1;;;1;;;;;;;2;;;;
17/07/2016;07:18:00;75;sem vítima;31,8;BR-153/MG;Norte;Saida de Pista;1;;;;;;;;;;1;;;;
17/07/2016;19:30:00;462;com vítima;440;BR-262/MG;Oeste;Outros - sequências;1;;;;;;;;;;0;1;;;
17/07/2016;16:59:00;382;sem vítima;450;BR-262/MG;Leste;Colisão Traseira;2;;;;;;;;;;2;;;;
17/07/2016;16:31:00;367;com vítima;77;BR-153/MG;Norte;;;;;1;;;;;;;0;2;;;
17/07/2016;05:42:00;50;sem vítima;513;BR-262/MG;Oeste;Saida de Pista;1;;;;;;;;;;1;;;;
17/07/2016;06:29:00;67;com vítima;513,5;BR-153/GO;Norte;Saida de Pista;1;;;;;;;;;;0;1;;;
17/07/2016;20:31:00;497;sem vítima;521,2;BR-153/GO;Sul;Outros - sequências;1;;;;;;;;;;1;;;;
17/07/2016;15:45:00;344;sem vítima;12,6;BR-060/DF;Norte;Colisão Traseira;1;;;;;1;;;;;2;;;;
17/07/2016;18:28:00;432;sem vítima;12,6;BR-060/DF;Norte;Engavetamento;3;;;;;;;;;;3;;;;
17/07/2016;08:50:00;107;sem vítima;587;BR-262/MG;Oeste;Saida de Pista;1;;;;;;;;;;1;;;;
17/07/2016;06:17:00;60;com vítima;210;BR-153/MG;Norte;Colisão Frontal;;;2;;;;;;;;2;1;;;
17/07/2016;04:13:00;39;sem vítima;220;BR-153/MG;Norte;Atropelamento de Animal;1;;;;;;;;;;1;;;;
17/07/2016;18:47:00;446;sem vítima;784;BR-262/MG;Oeste;Atropelamento de Animal;1;;;;;;;;;;1;;;;
17/07/2016;06:01:00;58;sem vítima;232;BR-153/MG;Norte;Saida de Pista;1;;;;;1;;;;;5;;;;
17/07/2016;01:19:00;20;sem vítima;842;BR-262/MG;Oeste;Saida de Pista;1;;;;;;;;;;1;;;;
18/07/2016;16:21:00;426;sem vítima;35;BR-060/GO;Norte;Colisão Traseira;1;;;;;1;;;;;2;;;;
18/07/2016;08:24:00;97;com vítima;52;BR-153/MG;Sul;Queda;;;;1;;;;;;;0;;1;;
18/07/2016;06:24:00;50;com vítima;512;BR-262/MG;Leste;Saida de Pista;1;;;;;;;;;;0;4;1;;
18/07/2016;16:53:00;446;com vítima;525;BR-153/GO;Sul;Colisão Traseira;2;;;;;;;;;;2;1;;;
18/07/2016;00:49:00;13;com vítima;16;BR-060/DF;Norte;Colisão Traseira;;;2;;;;;;;;2;;;1;
18/07/2016;08:05:00;85;sem vítima;20;BR-060/DF;Norte;Saida de Pista;1;;;;;;;;;;1;;;;
18/07/2016;16:32:00;438;sem vítima;107;BR-060/GO;Sul;Colisão Traseira;1;;1;;;1;;;;;3;;;;
18/07/2016;13:23:00;297;sem vítima;590;BR-153/GO;Norte;Saida de Pista;1;;;;;;;;;;1;;;;
18/07/2016;10:11:00;159;sem vítima;694;BR-262/MG;Oeste;Saida de Pista;1;;;;;;;;;;1;;;;
18/07/2016;21:59:00;578;sem vítima;762;BR-262/MG;Oeste;Atropelamento de Animal;1;;;;;;;;;;1;;;;
18/07/2016;17:44:00;486;sem vítima;121;BR-060/GO;Norte;Outros - sequências;1;;1;;;;;;;;2;;;;
18/07/2016;04:16:00;30;com vítima;791;BR-262/MG;Leste;Saida de Pista;;;1;;;;;;;;0;1;;;
18/07/2016;08:42:00;109;com vítima;136;BR-060/GO;Sul;Colisão Lateral;2;;;;;;;;;;0;2;;;
19/07/2016;16:45:00;479;com vítima;356;BR-262/MG;Leste;Outros - sequências;1;;1;;;;;;;;1;3;;;
19/07/2016;14:57:00;407;com vítima;404;BR-262/MG;Oeste;Outros - sequências;;;1;;;;;;;;0;2;;;
19/07/2016;12:13:00;314;sem vítima;442;BR-262/MG;Oeste;Queda de Moto;;;;1;;;;;;;1;;;;
19/07/2016;15:33:00;428;com vítima;505,2;BR-153/GO;Sul;Colisão Traseira;;;;1;;;;;;1;1;;1;;
19/07/2016;14:58:00;408;com vítima;512;BR-153/GO;Norte;Colisão Traseira;;;;1;;1;;;;;1;1;;;
19/07/2016;17:21:00;501;com vítima;513;BR-153/GO;Sul;Colisão Traseira;;;1;1;;;;;;;1;;1;;
19/07/2016;19:44:00;562;com vítima;100;BR-060/GO;Norte;Queda de Ciclista;;1;;;;;;;;;0;1;;;
19/07/2016;09:22:00;184;com vítima;559,1;BR-153/GO;Norte;Capotamento;1;;;;;;;;;;0;1;;;
19/07/2016;22:41:00;625;sem vítima;616;BR-262/MG;Leste;Atropelamento de Animal;;;;;;;;;;1;1;;;;
19/07/2016;06:59:00;68;sem vítima;648;BR-262/MG;Oeste;Saida de Pista;1;;;;;;;;;;1;;;;
19/07/2016;13:21:00;363;sem vítima;597,8;BR-153/GO;Norte;Tombamento;;;1;;;;;;;;1;;;;
19/07/2016;17:16:00;496;com vítima;802;BR-262/MG;Leste;Colisão Traseira;;1;;1;;;;;;;0;2;;;
19/07/2016;10:32:00;242;com vítima;129;BR-060/GO;Norte;Saida de Pista;1;;;;;;;;;;0;1;;;
20/07/2016;19:35:00;495;sem vítima;2,5;BR-060/DF;Sul;Colisão Traseira;2;;;;;;;;;;2;;;;
20/07/2016;15:55:00;387;sem vítima;46;BR-060/GO;Norte;Saida de Pista;1;;;;;;;;;;1;;;;
20/07/2016;17:17:00;440;sem vítima;437;BR-262/MG;Oeste;Saida de Pista;1;;;;;;;;;;1;;;;
20/07/2016;11:11:00;237;com vítima;508;BR-153/GO;Sul;Queda de Moto;;;;1;;;;;;;1;1;;;
20/07/2016;14:45:00;344;sem vítima;512;BR-153/GO;Norte;Colisão Traseira;1;;;;;;;;;1;2;;;;
20/07/2016;14:07:00;320;com vítima;513;BR-153/GO;Sul;Queda de Ciclista;;;;1;;;;;;;0;1;;;
20/07/2016;05:45:00;51;com vítima;95;BR-060/GO;Sul;Colisão Traseira;;;;2;;;;;;;0;2;;;
20/07/2016;20:00:00;510;sem vítima;553;BR-153/GO;Sul;Colisão Traseira;1;;1;;;;;;;;2;;;;
20/07/2016;20:03:00;512;sem vítima;553;BR-153/GO;Sul;Colisão Traseira;1;;1;;;;;;;;2;;;;
20/07/2016;13:24:00;300;sem vítima;172,8;BR-153/MG;Norte;Colisão Traseira;;;2;;;;;;;;2;;;;
20/07/2016;12:03:00;265;sem vítima;112,5;BR-060/GO;Norte;Colisão Traseira;1;;;;1;;;;;;2;;;;
20/07/2016;19:13:00;488;com vítima;118;BR-060/GO;Sul;Outros - sequências;2;;;;;;;;;;2;2;;;
20/07/2016;14:55:00;350;com vítima;797;BR-262/MG;Oeste;Engavetamento;1;;1;;;1;;;;;2;2;;;
20/07/2016;17:46:00;452;com vítima;693;BR-153/GO;Sul;Queda de Ciclista;;;;1;;;;;;;1;1;;;
21/07/2016;10:11:00;186;sem vítima;495;BR-153/GO;Sul;Engavetamento;2;;1;;;;;;;;3;;;;
21/07/2016;11:15:00;240;sem vítima;500,5;BR-153/GO;Sul;Colisão Traseira;2;;;;;;;;;;2;;;;
21/07/2016;16:30:00;415;sem vítima;46;BR-060/GO;Norte;Colisão Lateral;1;;;;1;;;;;;2;;;;