data;horario;n_da_ocorrencia;tipo_de_ocorrencia;km;trecho;sentido;tipo_de_acidente;automovel;bicicleta;caminhao;moto;onibus;outros;tracao_animal;transporte_de_cargas_especiais;trator_maquinas;utilitarios;ilesos;levemente_feridos;moderadamente_feridos;gravemente_feridos;mortos
26/08/2016;19:45:00;548;sem vítima;513;BR-262/MG;Oeste;Colisão Traseira;1;;1;;;;;;;;2;;;;
27/08/2016;01:21:00;22;com vítima;490,8;BR-153/GO;Norte;Queda de Moto;;;;1;;;;;;;0;;1;;
27/08/2016;06:15:00;79;com vítima;46;BR-153/MG;Sul;Capotamento;1;;;;;;;;;;0;;1;;
27/08/2016;06:47:00;91;sem vítima;650;BR-262/MG;Oeste;Capotamento;1;;;;;;;;;;3;;;;
27/08/2016;07:31:00;110;sem vítima;28;BR-060/GO;Sul;Saida de Pista;1;;;;;;;;;;1;;;;
27/08/2016;09:27:00;191;com vítima;520;BR-262/MG;Leste;Saida de Pista;1;;;;;;;;;;0;1;;;
27/08/2016;10:14:00;221;com vítima;7;BR-060/DF;Sul;Atropelamento - Sem Informação;;;;;1;;;;;;1;;;1;
27/08/2016;14:40:00;379;com vítima;539,359;BR-153/GO;Sul;Saida de Pista;1;;;;;;;;;;1;1;1;;
27/08/2016;15:34:00;422;com vítima;522,5;BR-262/MG;Leste;Carreta deu L;;;1;;;;;;;;0;1;;;
27/08/2016;16:19:00;452;sem vítima;617,9;BR-153/GO;Sul;Saida de Pista;;;1;;;;;;;;1;;;;
27/08/2016;18:15:00;522;com vítima;244;BR-153/MG;Sul;Atropelamento - Sem Informação;1;;;;;;;;;;1;1;;;
27/08/2016;18:21:00;526;sem vítima;8;BR-060/DF;Norte;Saida de Pista;1;;;;;;;;;;1;;;;
27/08/2016;19:05:00;544;sem vítima;535;BR-153/GO;Sul;Outros - sequências;1;;;;;;;;;;3;;;;
27/08/2016;19:16:00;553;sem vítima;580;BR-262/MG;Oeste;Saida de Pista;1;;;;;;;;;;1;;;;
27/08/2016;19:34:00;555;sem vítima;802,3;BR-262/MG;Leste;Saida de Pista;1;;;;;1;;;;;2;;;;
27/08/2016;19:43:00;567;sem vítima;90;BR-060/GO;Sul;Colisão Traseira;2;;;;;;;;;;2;;;;
27/08/2016;20:40:00;585;com vítima;585,82;BR-262/MG;Oeste;Tombamento;;;1;;;;;;;;0;1;;;
27/08/2016;21:42:00;614;sem vítima;579,189;BR-262/MG;Oeste;Saida de Pista;1;;;;;;;;;;1;;;;
27/08/2016;23:18:00;633;com vítima;634,4;BR-153/GO;Sul;Capotamento;1;;;;;;;;;;0;1;;;
28/08/2016;01:46:00;15;com vítima;826;BR-262/MG;Oeste;Outros - sequências;1;;;;;;;;;;0;;1;;
28/08/2016;03:30:00;25;sem vítima;1;BR-153/MG;Norte;Saida de Pista;1;;;;;;;;;;1;;;;
28/08/2016;05:46:00;51;sem vítima;392;BR-262/MG;Leste;Saida de Pista;1;;;;;;;;;;1;;;;
28/08/2016;07:12:00;78;sem vítima;506;BR-153/GO;Norte;;;;;1;;;;;;;1;;;;
28/08/2016;09:31:00;158;com vítima;384;BR-262/MG;Leste;Queda de Moto;;;;1;;;;;;;0;1;;;
28/08/2016;10:10:00;179;sem vítima;0;BR-060/DF;Sul;Saida de Pista;1;;;;;;;;;1;2;;;;
28/08/2016;12:20:00;243;com vítima;615;BR-262/MG;Leste;Saida de Pista;;;1;;;;;;;;0;1;;;
28/08/2016;14:22:00;306;com vítima;74;BR-153/MG;Sul;Colisão Traseira;;;2;;;;;;;;1;;1;;
28/08/2016;16:08:00;377;com vítima;96;BR-060/GO;Norte;Colisão Traseira;;;;1;;1;;;;;0;;2;;
28/08/2016;16:16:00;383;sem vítima;675;BR-153/GO;Sul;Saida de Pista;1;;;;;;;;;;1;;;;
28/08/2016;19:28:00;490;sem vítima;580;BR-153/GO;Norte;Colisão Lateral;1;;1;;;;;;;;2;;;;
28/08/2016;19:30:00;491;com vítima;453,5;BR-262/MG;Oeste;Outros - sequências;1;;1;;;;;;;;0;1;1;;1
28/08/2016;19:35:00;496;sem vítima;16;BR-060/DF;Norte;Saida de Pista;1;;;;;;;;;;1;;;;
28/08/2016;21:05:00;541;sem vítima;166;BR-153/MG;Sul;Saida de Pista;1;;;;;;;;;;1;;;;
28/08/2016;21:20:00;549;sem vítima;3,5;BR-060/DF;Norte;Queda de Ciclista;;;;1;;;;;;;1;;;;
28/08/2016;22:46:00;579;sem vítima;518;BR-153/GO;Sul;Tombamento;;;1;;;;;;;;1;;;;
28/08/2016;23:22:00;593;sem vítima;0,23;BR-060/GO;Norte;Colisão Traseira;1;;1;;;;;;;;2;;;;
29/08/2016;07:11:00;76;sem vítima;508;BR-153/GO;Norte;Colisão Traseira;2;;;;;;;;;;2;;;;
29/08/2016;07:23:00;81;com vítima;647;BR-153/GO;Norte;Capotamento;1;;;;;;;;;;1;3;;;
29/08/2016;08:01:00;91;sem vítima;506;BR-153/GO;Norte;Engavetamento;4;;;;;;;;;;4;;;;
29/08/2016;12:01:00;301;com vítima;479;BR-262/MG;Oeste;Colisão Lateral;1;;;1;;;;;;;1;1;;;
29/08/2016;12:34:00;312;sem vítima;37;BR-153/MG;Sul;Capotamento;2;;;;;;;;;;3;;;;
29/08/2016;14:42:00;389;sem vítima;1,2;BR-060/GO;Sul;Saida de Pista;1;;;;;;;;;;1;;;;
29/08/2016;17:22:00;486;com vítima;97;BR-060/GO;Sul;Colisão Transversal;1;;1;;;;;;;;1;;;1;
30/08/2016;05:21:00;42;sem vítima;57;BR-060/GO;Norte;Saida de Pista;1;;;;;;;;;;1;;;;
30/08/2016;07:40:00;93;com vítima;507;BR-153/GO;Norte;Colisão Traseira;1;;;1;;;;;;;1;1;;;
30/08/2016;07:47:00;104;com vítima;508;BR-153/GO;Norte;Engavetamento;2;;;1;;;;;;;2;2;;;
30/08/2016;10:01:00;192;sem vítima;41;BR-060/GO;Sul;Colisão Traseira;2;;;;;;;;;;2;;;;
30/08/2016;10:07:00;198;sem vítima;96;BR-060/GO;Norte;Colisão Traseira;;;2;;;;;;;;2;;;;
30/08/2016;15:44:00;395;sem vítima;21;BR-153/MG;Sul;Colisão Traseira;1;;1;;;;;;;;2;;;;
30/08/2016;16:25:00;419;com vítima;145,2;BR-153/MG;Norte;Saida de Pista;1;;;;;;;;;;0;2;;;
30/08/2016;16:44:00;426;com vítima;110;BR-060/GO;Norte;Queda de Moto;;;;1;;;;;;;0;1;;;
30/08/2016;16:56:00;438;sem vítima;502;BR-153/GO;Sul;Colisão Traseira;;;1;;1;;;;;;2;;;;
30/08/2016;17:22:00;454;sem vítima;802;BR-262/MG;Leste;Colisão Traseira;2;;;;;;;;;;3;;;;
30/08/2016;18:49:00;507;sem vítima;372;BR-262/MG;Leste;;1;;1;;;;;;;;2;;;;
30/08/2016;19:06:00;515;com vítima;360;BR-262/MG;Leste;Colisão Traseira;1;;;1;;;;;;;0;2;;;
30/08/2016;19:21:00;520;com vítima;64;BR-060/GO;Sul;Outros - sequências;1;;;;;;;;;;0;;;1;
30/08/2016;20:59:00;560;com vítima;94;BR-060/GO;Norte;Outros - sequências;1;;;;;;;;;;1;;1;;
30/08/2016;22:08:00;581;sem vítima;27;BR-060/DF;Sul;Choque - Outros;1;;;;;;;;;;1;;;;
30/08/2016;22:20:00;596;com vítima;39,7;BR-060/GO;Sul;Outros - sequências;1;;;;;;;;;;1;2;;1;
31/08/2016;07:48:00;78;com vítima;498;BR-153/GO;Sul;Capotamento;;;;1;;;;;;;0;2;;;
31/08/2016;08:07:00;92;sem vítima;548,222;BR-262/MG;Oeste;Tombamento;;;1;;;;;;;;1;;;;
31/08/2016;10:54:00;222;sem vítima;525;BR-262/MG;Leste;Colisão Traseira;;;2;;;;;;;;2;;;;
31/08/2016;13:27:00;300;com vítima;834;BR-262/MG;Oeste;Capotamento;1;;;;;1;;;;;1;1;;;
31/08/2016;18:03:00;489;sem vítima;590;BR-262/MG;Leste;Saida de Pista;1;;;;;;;;;;1;;;;
31/08/2016;18:24:00;505;sem vítima;92;BR-060/GO;Sul;Colisão Traseira;2;;;;;;;;;;3;;;;
31/08/2016;18:30:00;508;sem vítima;438;BR-262/MG;Oeste;Saida de Pista;;;1;;;;;;;;1;;;;
31/08/2016;18:40:00;511;com vítima;503;BR-153/GO;Norte;Colisão Traseira;1;;;1;;;;;;;1;1;;;
31/08/2016;19:39:00;543;com vítima;173,7;BR-153/MG;Norte;Saida de Pista;1;;;;;;;;;;0;2;;;
31/08/2016;19:43:00;548;sem vítima;623;BR-153/GO;Norte;Saida de Pista;1;;;;;;;;;;1;;;;
31/08/2016;21:36:00;600;sem vítima;535;BR-153/GO;Sul;Saida de Pista;1;;;;;;;;;;1;;;;
01/09/2016;09:17:00;187;com vítima;7;BR-153/MG;Sul;Capotamento;1;;;;;;;;;;1;3;;;
01/09/2016;11:39:00;313;com vítima;508;BR-153/GO;Norte;Colisão Lateral;;;;1;;1;;;;;1;1;;;
01/09/2016;12:29:00;342;com vítima;598;BR-153/GO;Norte;Colisão Traseira;1;;1;;;;;;;;1;1;;;
01/09/2016;12:36:00;345;sem vítima;32,5;BR-060/GO;Norte;Colisão Lateral;1;;;;;1;;;;;2;;;;
01/09/2016;15:23:00;447;com vítima;588,5;BR-262/MG;Leste;Saida de Pista;;;1;;;;;;;;0;1;;;
01/09/2016;16:05:00;472;com vítima;700;BR-153/GO;Sul;Queda de Ciclista;;;;1;;;;;;;0;2;;;
01/09/2016;17:46:00;541;com vítima;9;BR-153/MG;Sul;Capotamento;1;;1;;;;;;;;1;1;;;
01/09/2016;18:31:00;561;sem vítima;498;BR-153/GO;Sul;Engavetamento;3;;;;;;;;;;3;;;;
02/09/2016;06:19:00;74;com vítima;574,1;BR-153/GO;Sul;Capotamento;1;;;;;;;;;;0;2;;;
02/09/2016;06:20:00;75;com vítima;509;BR-153/GO;Norte;Colisão Traseira;1;;;1;1;;;;;;2;1;;;
02/09/2016;08:35:00;134;sem vítima;496;BR-153/GO;Norte;Engavetamento;4;;;;;;;;;;4;;;;
02/09/2016;09:11:00;155;sem vítima;495;BR-153/GO;Norte;Colisão Traseira;1;;1;;;;;;;;2;;;;
02/09/2016;10:31:00;226;com vítima;62;BR-060/GO;Norte;Saida de Pista;1;;;;;;;;;;0;1;;;
02/09/2016;14:14:00;343;com vítima;12,3;BR-060/GO;Sul;Colisão Traseira;2;;;;;;;;;;2;1;;;
02/09/2016;14:16:00;344;sem vítima;21,1;BR-060/DF;Norte;Outros - sequências;1;;;;;;;;;;5;;;;
02/09/2016;14:31:00;352;sem vítima;636,9;BR-262/MG;Oeste;Colisão Lateral;;;1;;;;;;;1;2;;;;
02/09/2016;15:02:00;374;com vítima;34;BR-060/GO;Norte;Engavetamento;;;2;;;;;;;;1;;;1;
02/09/2016;16:09:00;409;com vítima;490;BR-153/GO;Norte;Queda de Ciclista;;;;1;;;;;;;1;1;;;
02/09/2016;17:32:00;464;sem vítima;33,5;BR-060/GO;Norte;Colisão Traseira;1;;;;;;;;;1;2;;;;
02/09/2016;18:04:00;485;com vítima;694;BR-153/GO;Norte;Queda de Moto;;;1;1;;;;;;;1;1;;;
02/09/2016;18:44:00;503;com vítima;503;BR-153/GO;Norte;Colisão Traseira;;;;1;;1;;;;;1;1;;;
02/09/2016;19:03:00;517;com vítima;79;BR-060/GO;Norte;Atropelamento - Ciclista;;1;;;;1;;;;;1;;;1;
02/09/2016;19:25:00;527;sem vítima;501;BR-153/GO;Sul;Engavetamento;3;;;;;;;;;;3;;;;
02/09/2016;19:39:00;532;sem vítima;514;BR-153/GO;Norte;Colisão Lateral;2;;;;;;;;;;3;;;;
02/09/2016;19:44:00;534;com vítima;96,5;BR-060/GO;Sul;Saida de Pista;1;;;;;;;;;;0;1;;;
02/09/2016;20:08:00;542;sem vítima;376,4;BR-262/MG;Oeste;Carreta deu L;;;1;;;;;;;;1;;;;
02/09/2016;22:55:00;608;com vítima;48;BR-060/GO;Sul;Outros - sequências;;;1;1;;;;;;;1;1;;;
03/09/2016;00:12:00;4;com vítima;172,5;BR-153/MG;Norte;Saida de Pista;1;;;;;;;;;;0;2;;;
03/09/2016;03:25:00;41;sem vítima;136,4;BR-060/GO;Sul;Saida de Pista;1;;;;;;;;;;1;;;;
03/09/2016;06:27:00;85;sem vítima;4;BR-060/DF;Sul;Colisão Traseira;1;;1;;;;;;;;2;;;;
03/09/2016;10:39:00;193;sem vítima;440;BR-262/MG;Leste;Choque - Defensa, barreira ou "submarino";1;;;;;;;;;1;3;;;;
03/09/2016;13:16:00;255;com vítima;360,9;BR-262/MG;Oeste;Saida de Pista;1;;;;;;;;;;0;;1;;
03/09/2016;14:10:00;271;sem vítima;58;BR-060/GO;Sul;Colisão Traseira;1;;1;;;;;;;;2;;;;
03/09/2016;14:12:00;272;com vítima;47;BR-060/GO;Norte;Saida de Pista;;;;;;;;;;1;0;;1;1;
03/09/2016;17:51:00;375;com vítima;802;BR-262/MG;Leste;Colisão Traseira;1;;;;;;;;;1;1;1;;;
03/09/2016;21:49:00;486;com vítima;803;BR-262/MG;Leste;Colisão Traseira;1;;;1;;;;;;;1;2;;;
04/09/2016;00:29:00;6;com vítima;511,3;BR-153/GO;Sul;Outros - sequências;2;;;;;;;;;;1;1;;;
04/09/2016;05:18:00;30;sem vítima;638,1;BR-153/GO;Norte;Saida de Pista;1;;;;;;;;;;1;;;;
04/09/2016;06:15:00;42;sem vítima;225,6;BR-153/MG;Norte;Saida de Pista;1;;;;;;;;;;2;;;;
04/09/2016;14:20:00;294;com vítima;33;BR-153/MG;Sul;Atropelamento - Ciclista;;1;;1;;;;;;;0;2;1;;
04/09/2016;19:01:00;459;sem vítima;5;BR-060/GO;Sul;Choque - Outros;1;;;;;;;;;;1;;;;
04/09/2016;19:26:00;475;com vítima;235,5;BR-153/MG;Sul;Queda de Moto;;;;1;;;;;;;0;;;1;
04/09/2016;19:29:00;477;sem vítima;529;BR-153/GO;Sul;Saida de Pista;1;;;;;;;;;;1;;;;
04/09/2016;19:51:00;491;sem vítima;92;BR-060/GO;Norte;Saida de Pista;1;;;;;;;;;;2;;;;
04/09/2016;20:10:00;497;sem vítima;768;BR-262/MG;Oeste;Tombamento;;;1;;;;;;;;1;;;;
04/09/2016;21:12:00;521;sem vítima;654;BR-262/MG;Leste;Saida de Pista;1;;;;;;;;;;1;;;;
04/09/2016;21:43:00;536;sem vítima;398;BR-262/MG;Leste;Atropelamento de Animal;;;;;;;;;;1;5;;;;
05/09/2016;06:32:00;42;sem vítima;52,8;BR-060/GO;Norte;Saida de Pista;1;;;;;;;;;;1;;;;
05/09/2016;06:55:00;47;com vítima;477,8;BR-262/MG;Leste;Colisão Transversal;2;;;;;;;;;;1;1;;;
05/09/2016;07:27:00;55;sem vítima;592;BR-153/GO;Sul;Colisão Traseira;1;;1;;;;;;;;3;;;;
05/09/2016;07:58:00;69;sem vítima;496;BR-153/GO;Sul;Engavetamento;2;;;;;;;;;;3;;;;
05/09/2016;10:04:00;152;com vítima;45,1;BR-060/GO;Sul;Saida de Pista;1;;;;;;;;;;1;2;;;
05/09/2016;11:45:00;231;com vítima;837;BR-262/MG;Leste;Queda de Moto;;;;1;;;;;;;0;2;;;
05/09/2016;14:49:00;347;sem vítima;5;BR-060/GO;Sul;Saida de Pista;1;;;;;;;;;;1;;;;
05/09/2016;17:22:00;446;com vítima;500;BR-262/MG;Oeste;Outros - sequências;;;;;;;;;;1;0;1;;;
05/09/2016;18:29:00;483;com vítima;510;BR-262/MG;Leste;Atropelamento de Animal;;;;;;;;;;1;3;1;;;
06/09/2016;00:04:00;1;com vítima;51,6;BR-060/GO;Sul;Outros - sequências;;;2;;;;;;;1;1;;;2;3
06/09/2016;05:00:00;55;com vítima;89,8;BR-060/GO;Norte;Atropelamento - Ciclista;;1;1;;;;;;;;1;1;;;
06/09/2016;07:23:00;102;sem vítima;108;BR-153/MG;Sul;Colisão Lateral;;;2;;;;;;;;2;;;;
06/09/2016;07:25:00;103;com vítima;506,9;BR-153/GO;Norte;Queda de Moto;;;;1;;1;;;;;1;1;;;
06/09/2016;12:36:00;313;sem vítima;515;BR-153/GO;Norte;Saida de Pista;1;;;;;1;;;;;2;;;;
06/09/2016;15:02:00;402;sem vítima;79;BR-060/GO;Sul;Colisão Traseira;1;;;;;;;;;1;2;;;;
06/09/2016;15:26:00;412;com vítima;547,7;BR-262/MG;Oeste;Tombamento;;;1;;;;;;;;0;1;;;
06/09/2016;16:59:00;459;sem vítima;527;BR-262/MG;Oeste;Colisão Traseira;1;;;;;;;;;1;2;;;;
06/09/2016;19:35:00;538;sem vítima;634,2;BR-153/GO;Sul;Choque - Suporte de Sinalização;1;;;;;;;;;;1;;;;
06/09/2016;19:41:00;542;sem vítima;156;BR-153/MG;Norte;Colisão Traseira;;;2;;;;;;;;2;;;;
06/09/2016;20:42:00;564;sem vítima;506,7;BR-153/GO;Sul;Saida de Pista;1;;;;;1;;;;;2;;;;
07/09/2016;02:41:00;31;sem vítima;364;BR-262/MG;Oeste;Atropelamento de Animal;1;;;;;;;;;;1;;;;
07/09/2016;04:07:00;39;sem vítima;55;BR-153/MG;Sul;Saida de Pista;;;1;;;;;;;;1;;;;
07/09/2016;06:48:00;81;com vítima;58;BR-060/GO;Sul;Saida de Pista;;;;1;;;;;;;0;;1;;
07/09/2016;08:13:00;121;sem vítima;613;BR-262/MG;Leste;Colisão Transversal;1;;;;;1;;;;;3;;;;
07/09/2016;09:09:00;146;com vítima;493;BR-153/GO;Sul;Queda de Moto;;;;1;;;;;;;1;1;;;
07/09/2016;12:12:00;240;com vítima;587;BR-262/MG;Oeste;Queda de Moto;;;;1;;;;;;;0;2;;;
07/09/2016;16:19:00;390;com vítima;493,5;BR-153/GO;Sul;Queda de Moto;;;;1;;;;;;;0;1;;;
07/09/2016;17:13:00;412;com vítima;371,6;BR-262/MG;Oeste;Queda de Ciclista;;1;;;;;;;;;0;2;;;
07/09/2016;17:41:00;428;sem vítima;379,9;BR-262/MG;Oeste;Colisão Lateral;1;;;;;1;;;;;2;;;;
07/09/2016;19:50:00;479;com vítima;244;BR-153/MG;Sul;Colisão Traseira;;;1;;;;;;;1;1;1;;;
07/09/2016;21:09:00;514;com vítima;28;BR-060/DF;Sul;Queda de Moto;;;;1;;;;;;;0;1;;;
07/09/2016;21:29:00;521;com vítima;188;BR-153/MG;Norte;Colisão Traseira;;;1;;;;;;;1;1;1;;;
07/09/2016;21:39:00;529;sem vítima;483;BR-262/MG;Oeste;Tombamento;;;1;;;;;;;;1;;;;
07/09/2016;22:05:00;541;com vítima;38;BR-060/GO;Sul;Outros - sequências;;;;2;;1;;;;;1;2;;;
08/09/2016;07:51:00;126;sem vítima;503;BR-153/GO;Sul;Colisão Traseira;;;1;;1;;;;;;2;;;;
08/09/2016;07:56:00;131;sem vítima;431;BR-262/MG;Leste;Saida de Pista;1;;;;;;;;;;2;;;;
08/09/2016;11:53:00;323;com vítima;496;BR-153/GO;Sul;Colisão Lateral;1;;;2;;;;;;;2;1;;;
08/09/2016;11:56:00;325;com vítima;820;BR-262/MG;Oeste;Outros - sequências;1;;;;;;;;;1;1;8;;;
08/09/2016;19:55:00;550;com vítima;531,8;BR-262/MG;Leste;Outros - sequências;1;;1;;;;;;;;0;1;;;1
09/09/2016;01:02:00;7;com vítima;10;BR-060/GO;Sul;Outros - sequências;1;;;;;;;;;;0;2;1;;
09/09/2016;08:57:00;163;sem vítima;631;BR-153/GO;Sul;Saida de Pista;1;;;;;1;;;;;2;;;;
09/09/2016;09:01:00;166;sem vítima;664,5;BR-153/GO;Sul;Carreta deu L;;;1;;;;;;;;2;;;;
09/09/2016;09:37:00;195;com vítima;621;BR-153/GO;Norte;Colisão Traseira;2;;;;;1;;;;;6;2;;;
09/09/2016;10:07:00;227;sem vítima;788,538;BR-262/MG;Leste;Saida de Pista;1;;;;;;;;;;1;;;;
09/09/2016;13:32:00;348;sem vítima;497;BR-153/GO;Sul;Colisão Lateral;1;;1;;;;;;;;3;;;;
09/09/2016;16:32:00;473;com vítima;368;BR-262/MG;Leste;Queda de Ciclista;;;;1;;1;;;;;1;1;1;;
09/09/2016;17:00:00;492;sem vítima;628;BR-153/GO;Norte;Saida de Pista;1;;;;;;;;;;2;;;;
09/09/2016;19:23:00;568;com vítima;50;BR-060/GO;Sul;Outros - sequências;1;;;;;;;;;;0;2;;1;
09/09/2016;19:35:00;574;sem vítima;501;BR-153/GO;Sul;Colisão Traseira;;;;1;;;;;;1;2;;;;
09/09/2016;21:47:00;636;sem vítima;838;BR-262/MG;Oeste;Colisão Traseira;2;;;;;;;;;;5;;;;
10/09/2016;00:55:00;21;com vítima;458;BR-262/MG;Oeste;Colisão Lateral;;;1;;;1;;;;;1;1;;;
10/09/2016;05:27:00;54;sem vítima;402;BR-262/MG;Oeste;Atropelamento de Animal;1;;;;;;;;;;1;;;;
10/09/2016;06:13:00;66;com vítima;123;BR-060/GO;Norte;Capotamento;1;;;;;;;;;;1;1;;;
10/09/2016;07:16:00;88;com vítima;400,688;BR-262/MG;Leste;Choque - Defensa, barreira ou "submarino";1;;;;;;;;;;2;;1;;
10/09/2016;08:18:00;115;com vítima;687;BR-262/MG;Leste;Colisão Traseira;1;;;;;;;;;1;3;1;;;
10/09/2016;12:51:00;247;com vítima;501;BR-153/GO;Norte;Colisão Lateral;1;;;1;;;;;;;1;1;;;
10/09/2016;15:16:00;325;sem vítima;93,5;BR-060/GO;Norte;Colisão Traseira;1;;;;;1;;;;;2;;;;
10/09/2016;16:13:00;353;com vítima;245;BR-153/MG;Sul;Colisão Transversal;1;;;;1;;;;;;1;1;;;
10/09/2016;16:27:00;358;sem vítima;64;BR-060/GO;Norte;Saida de Pista;1;;;;;;;;;;1;;;;
10/09/2016;21:43:00;498;com vítima;1,5;BR-153/MG;Sul;Outros - sequências;2;;;;;1;;;;;1;2;;;
10/09/2016;22:16:00;510;com vítima;507,13;BR-153/GO;Sul;Outros - sequências;1;;;1;;;;;;;1;;;1;1
11/09/2016;03:40:00;34;sem vítima;508;BR-153/GO;Sul;Capotamento;1;;;;;;;;;;1;;;;
11/09/2016;05:20:00;42;com vítima;512,2;BR-153/GO;Sul;Saida de Pista;1;;;;;;;;;;0;1;;;
11/09/2016;06:03:00;52;com vítima;112;BR-153/MG;Norte;Colisão Lateral;1;;;;;1;;;;;1;2;;;
11/09/2016;06:50:00;63;com vítima;397;BR-262/MG;Oeste;Capotamento;1;;;;;;;;;;0;1;;;
11/09/2016;09:05:00;117;sem vítima;31;BR-060/DF;Sul;Colisão Lateral;1;;1;;;;;;;;2;;;;
11/09/2016;09:25:00;135;sem vítima;509;BR-153/GO;Norte;Saida de Pista;1;;;;;;;;;;1;;;;
11/09/2016;09:29:00;138;sem vítima;802;BR-262/MG;Oeste;Saida de Pista;1;;;;;;;;;;1;;;;
11/09/2016;11:31:00;208;sem vítima;693;BR-262/MG;Oeste;Colisão Traseira;2;;;;;;;;;;3;;;;
11/09/2016;13:58:00;276;com vítima;135;BR-060/GO;Norte;Queda de Ciclista;;;;1;;;;;;;0;1;;;
11/09/2016;14:16:00;284;sem vítima;676,5;BR-262/MG;Oeste;Outros - sequências;;;1;;;;;;;;1;;;;
11/09/2016;15:34:00;327;com vítima;512;BR-153/GO;Norte;Colisão Lateral;;;;2;;;;;;;0;1;1;;
11/09/2016;16:29:00;363;sem vítima;533;BR-153/GO;Norte;Saida de Pista;2;;;;;;;;;;2;;;;
11/09/2016;16:48:00;376;sem vítima;510,5;BR-262/MG;Leste;Choque - Outros;1;;;;;1;;;;;6;;;;
11/09/2016;17:02:00;390;sem vítima;11;BR-060/DF;Sul;Queda de Moto;;;;1;;;;;;;1;;;;
11/09/2016;17:36:00;411;com vítima;58,844;BR-060/GO;Norte;Outros - sequências;;;;;;;;;;1;0;;;;1
11/09/2016;17:51:00;421;sem vítima;34,5;BR-153/MG;Sul;Queda de Moto;;;;1;;;;;;;2;;;;
11/09/2016;18:17:00;444;com vítima;497;BR-153/GO;Sul;Colisão Frontal;1;;;1;;;;;;;1;1;;;
11/09/2016;22:02:00;538;com vítima;101;BR-060/GO;Norte;Colisão Traseira;1;;;1;;;;;;;2;1;;;
11/09/2016;23:53:00;570;com vítima;431;BR-262/MG;Oeste;Saida de Pista;1;;;;;1;;;;;1;1;;;
12/09/2016;06:23:00;62;sem vítima;393;BR-262/MG;Leste;Colisão Traseira;1;;;;;;;;;1;4;;;;
12/09/2016;09:04:00;152;sem vítima;499;BR-153/GO;Sul;Colisão Traseira;2;;;;;;;;;;4;;;;
12/09/2016;09:49:00;183;sem vítima;99;BR-060/GO;Sul;Colisão Traseira;1;;;;;;;;1;;2;;;;
12/09/2016;10:44:00;234;com vítima;506;BR-153/GO;Norte;Queda de Moto;;;;1;;;;;;;0;1;;;
12/09/2016;15:26:00;435;com vítima;503;BR-153/GO;Sul;Queda de Ciclista;;;;1;;;;;;;0;1;;;
12/09/2016;18:19:00;553;sem vítima;439,5;BR-262/MG;Oeste;Outros - sequências;1;;;;;;;;;;1;;;;
12/09/2016;21:59:00;645;sem vítima;496;BR-153/GO;Sul;Colisão Traseira;1;;1;;;;;;;;2;;;;
13/09/2016;02:26:00;45;com vítima;907;BR-262/MG;Oeste;Saida de Pista;1;;;;;1;;;;;1;1;;;
13/09/2016;02:29:00;46;sem vítima;117;BR-060/GO;Sul;Atropelamento de Animal;1;;;;;;;;;;1;;;;
13/09/2016;07:21:00;114;sem vítima;475;BR-262/MG;Leste;Colisão Traseira;2;;;;;;;;;;2;;;;
13/09/2016;07:27:00;117;com vítima;667;BR-153/GO;Norte;Tombamento;;;1;;;;;;;;0;1;;;
13/09/2016;10:13:00;234;sem vítima;97,4;BR-060/GO;Sul;Capotamento;1;;;;;;;;;;1;;;;
13/09/2016;10:44:00;265;com vítima;95;BR-060/GO;Norte;Queda de Ciclista;;;;1;;;;;;;0;1;;;
13/09/2016;13:18:00;360;sem vítima;432;BR-262/MG;Oeste;Colisão Traseira;;;2;;;;;;;;2;;;;
13/09/2016;16:33:00;487;com vítima;75;BR-060/GO;Sul;Queda de Moto;;;;1;;;;;;;0;1;;;
13/09/2016;21:22:00;641;com vítima;479;BR-262/MG;Oeste;Colisão Traseira;1;;1;;;;;;;;0;3;;;
13/09/2016;22:58:00;672;com vítima;99;BR-060/GO;Norte;Queda de Moto;;;;1;;;;;;;0;1;;;
14/09/2016;08:18:00;142;com vítima;423;BR-262/MG;Leste;Queda de Moto;;;;1;;;;;;;1;1;;;
14/09/2016;11:33:00;275;com vítima;503;BR-153/GO;Sul;Colisão Lateral;1;;;1;;;;;;;1;1;;;
14/09/2016;16:53:00;433;sem vítima;47,153;BR-060/GO;Sul;Outros - sequências;;;2;;;1;;;;;3;;;;
14/09/2016;18:07:00;490;com vítima;498;BR-153/GO;Sul;Queda de Moto;;;;1;;;;;;;0;1;;;
14/09/2016;19:39:00;543;sem vítima;647;BR-153/GO;Sul;Capotamento;1;;;;;;;;;;1;;;;
15/09/2016;01:15:00;25;com vítima;120;BR-153/MG;Sul;Colisão Traseira;;;2;;;;;;;;0;2;;;
15/09/2016;07:31:00;94;sem vítima;496,5;BR-153/GO;Norte;Colisão Lateral;1;;1;;;;;;;;2;;;;
15/09/2016;10:56:00;215;com vítima;502;BR-153/GO;Sul;Atropelamento - Ciclista;;1;;;;1;;;;;1;1;;;
15/09/2016;12:05:00;249;sem vítima;395;BR-262/MG;Oeste;Capotamento;;;;;;;;;;1;1;;;;
15/09/2016;14:46:00;337;sem vítima;75;BR-060/GO;Norte;Saida de Pista;1;;;;;;;;;;1;;;;
15/09/2016;17:10:00;419;com vítima;377;BR-262/MG;Leste;Outros - sequências;1;;;;;;;;;;0;1;;;
15/09/2016;19:09:00;482;com vítima;498;BR-153/GO;Sul;Engavetamento;3;;;;;1;;;;;4;1;;;
16/09/2016;01:53:00;32;com vítima;473;BR-262/MG;Oeste;Colisão Frontal;2;;;;;;;;;;1;3;;;