data;horario;n_da_ocorrencia;tipo_de_ocorrencia;km;trecho;sentido;tipo_de_acidente;automovel;bicicleta;caminhao;moto;onibus;outros;tracao_animal;transporte_de_cargas_especiais;trator_maquinas;utilitarios;ilesos;levemente_feridos;moderadamente_feridos;gravemente_feridos;mortos
15/10/2016;18:05:00;571;com vítima;519;BR-153/GO;Sul;Outros - sequências;1;;;;;;;;;;0;1;;;
15/10/2016;18:16:00;580;com vítima;581;BR-262/MG;Leste;Queda de Moto;;;;1;;;;;;;0;1;;;
15/10/2016;19:44:00;619;sem vítima;31,6;BR-060/GO;Sul;Colisão Traseira;1;;;1;;;;;;;2;;;;
15/10/2016;20:06:00;629;sem vítima;17;BR-153/MG;Sul;Saida de Pista;1;;;;;;;;;;2;;;;
15/10/2016;20:39:00;636;sem vítima;507;BR-153/GO;Norte;Queda de Ciclista;;;;1;;1;;;;;2;;;;
15/10/2016;22:19:00;665;sem vítima;391;BR-262/MG;Oeste;Saida de Pista;1;;;;;;;;;;1;;;;
15/10/2016;23:01:00;684;com vítima;148,371;BR-153/MG;Norte;Colisão Lateral;;;1;;1;;;;;;2;31;;;
16/10/2016;07:39:00;65;sem vítima;44;BR-153/MG;Sul;Saida de Pista;1;;;;;;;;;;1;;;;
16/10/2016;10:49:00;173;com vítima;80;BR-060/GO;Sul;Saida de Pista;1;;;;;;;;;;1;1;;;
16/10/2016;11:37:00;205;sem vítima;383;BR-262/MG;Oeste;Engavetamento;2;;;;;2;;;;;4;;;;
16/10/2016;12:10:00;219;sem vítima;380;BR-262/MG;Leste;Colisão Traseira;2;;;;;;;;;;2;;;;
16/10/2016;12:39:00;227;sem vítima;102;BR-153/MG;Norte;;1;;;;;;;;;;1;;;;
16/10/2016;14:10:00;290;sem vítima;2,895;BR-060/DF;Norte;Saida de Pista;1;;;;;1;;;;;2;;;;
16/10/2016;17:03:00;408;com vítima;376;BR-262/MG;Leste;Saida de Pista;;;1;;;;;;;;0;;1;;
16/10/2016;17:20:00;418;com vítima;612;BR-262/MG;Leste;Tombamento;;;1;;;1;;;;;1;1;;;
16/10/2016;17:31:00;421;sem vítima;504;BR-153/GO;Norte;Colisão Traseira;1;;;;;1;;;;;2;;;;
16/10/2016;17:38:00;426;sem vítima;215;BR-153/MG;Norte;Capotamento;1;;;;;1;;;;;2;;;;
16/10/2016;18:31:00;453;com vítima;523;BR-262/MG;Leste;Choque - Arvore;1;;;;;;;;;;0;1;;;
16/10/2016;18:49:00;466;sem vítima;575;BR-153/GO;Norte;Saida de Pista;1;;;;;;;;;;1;;;;
16/10/2016;18:55:00;472;sem vítima;594,1;BR-262/MG;Oeste;Colisão Lateral;2;;;;;;;;;;7;;;;
16/10/2016;19:14:00;484;com vítima;566;BR-153/GO;Norte;Capotamento;1;;;;;;;;;;0;3;1;;
16/10/2016;21:37:00;591;sem vítima;86;BR-060/GO;Norte;Atropelamento de Animal;1;;;;;;;;;;1;;;;
16/10/2016;22:10:00;608;sem vítima;535;BR-262/MG;Leste;Atropelamento de Animal;1;;;;;;;;;;2;;;;
17/10/2016;00:36:00;14;sem vítima;679,25;BR-153/GO;Norte;Atropelamento de Animal;1;;;;;;;;;;1;;;;
17/10/2016;06:59:00;114;sem vítima;685,3;BR-153/GO;Sul;Capotamento;1;;;;;;;;;;3;;;;
17/10/2016;07:22:00;128;com vítima;507;BR-153/GO;Norte;Engavetamento;2;;1;;;;;;;;2;1;;;
17/10/2016;08:09:00;155;sem vítima;52;BR-060/GO;Norte;Colisão Lateral;1;;;;;;;;;;1;;;;
17/10/2016;08:13:00;160;com vítima;118;BR-060/GO;Norte;Queda de Moto;;;;1;;;;;;;0;1;;;
17/10/2016;12:08:00;313;sem vítima;97;BR-060/GO;Norte;Colisão Traseira;1;;;;;;;;;1;2;;;;
17/10/2016;13:14:00;352;sem vítima;499;BR-153/GO;Norte;Colisão Traseira;1;;1;;;;;;;;2;;;;
17/10/2016;17:21:00;494;com vítima;406,811;BR-262/MG;Oeste;Queda de Moto;;;1;1;;;;;;;1;1;;;
17/10/2016;19:03:00;540;sem vítima;187;BR-153/MG;Norte;Colisão Traseira;;;1;;;;;;;1;2;;;;
17/10/2016;21:35:00;616;com vítima;496;BR-153/GO;Norte;Choque - Veiculo parado na pista;1;;;1;;;;;;;1;1;;;
18/10/2016;00:36:00;11;com vítima;220;BR-153/MG;Sul;Colisão Traseira;;;1;;;;;;;1;1;;1;;
18/10/2016;05:20:00;102;com vítima;359;BR-262/MG;Oeste;Colisão Traseira;;;1;1;;;;;;;1;1;;;
18/10/2016;16:57:00;569;sem vítima;102;BR-060/GO;Norte;Tombamento;;;1;;;;;;;;1;;;;
19/10/2016;00:11:00;3;com vítima;517;BR-262/MG;Oeste;Colisão Frontal;;;2;;;;;;;;1;;1;;
19/10/2016;09:31:00;177;sem vítima;440;BR-262/MG;Leste;Saida de Pista;1;;;;;;;;;;1;;;;
19/10/2016;09:56:00;195;com vítima;101;BR-060/GO;Sul;Colisão Lateral;1;;;1;;;;;;;1;2;;;
19/10/2016;12:21:00;298;sem vítima;554,9;BR-262/MG;Leste;Colisão Traseira;;;;;1;1;;;;;10;;;;
19/10/2016;13:48:00;383;sem vítima;502,4;BR-153/GO;Norte;Queda de Moto;1;;;1;;;;;;;2;;;;
19/10/2016;13:59:00;390;sem vítima;358;BR-262/MG;Oeste;Saida de Pista;1;;;;;;;;;;1;;;;
19/10/2016;15:31:00;478;sem vítima;33,991;BR-153/MG;Norte;Choque - Suporte de Sinalização;1;;;;;;;;;;3;;;;
19/10/2016;17:54:00;615;com vítima;680,221;BR-262/MG;Leste;Colisão Frontal;;;;1;;;;;;;0;1;;;
19/10/2016;19:35:00;680;sem vítima;728,488;BR-262/MG;Oeste;Saida de Pista;1;;1;;;;;;;;2;;;;
19/10/2016;22:01:00;734;com vítima;492;BR-153/GO;Sul;Queda de Moto;;;;1;;;;;;;0;1;;;
20/10/2016;00:01:00;1;sem vítima;129;BR-060/GO;Norte;Saida de Pista;1;;;;;;;;;;1;;;;
20/10/2016;02:00:00;51;com vítima;544,187;BR-262/MG;Oeste;Tombamento;;;1;;;;;;;;0;1;;;
20/10/2016;06:41:00;107;sem vítima;83,129;BR-060/GO;Norte;Saida de Pista;1;;;;;;;;;;1;;;;
20/10/2016;07:21:00;124;sem vítima;83,14;BR-060/GO;Norte;Choque - Outros;1;;;;;;;;;;1;;;;
20/10/2016;07:27:00;128;com vítima;701,849;BR-262/MG;Oeste;Colisão Frontal;1;;1;;;;;;;;0;1;;;1
20/10/2016;08:29:00;164;sem vítima;28;BR-153/MG;Norte;Saida de Pista;1;;;;;;;;;;3;;;;
20/10/2016;08:51:00;178;sem vítima;497,231;BR-153/GO;Norte;Colisão Traseira;;;1;;;1;;;;;2;;;;
20/10/2016;12:27:00;322;com vítima;31,106;BR-060/GO;Norte;Atropelamento - Usuário;;1;;1;;;;;;;1;;1;;
20/10/2016;16:21:00;479;sem vítima;403,306;BR-262/MG;Leste;Saida de Pista;1;;;;;;;;;;1;;;;
20/10/2016;16:34:00;488;sem vítima;405,311;BR-262/MG;Leste;Saida de Pista;1;;;;;;;;;;1;;;;
20/10/2016;18:00:00;556;sem vítima;129;BR-060/GO;Sul;Colisão Traseira;2;;;;;;;;;;2;;;;
20/10/2016;18:10:00;564;sem vítima;508;BR-153/GO;Norte;Colisão Traseira;2;;;;;;;;;1;3;;;;
20/10/2016;21:42:00;686;sem vítima;598;BR-153/GO;Sul;Outros - sequências;;;;;;;;;;1;3;;;;
20/10/2016;21:42:00;687;sem vítima;446;BR-262/MG;Leste;Capotamento;1;;;;;;;;;;1;;;;
20/10/2016;22:51:00;709;sem vítima;19;BR-060/GO;Sul;Atropelamento de Animal;1;;;;;;;;;;1;;;;
21/10/2016;04:28:00;48;sem vítima;361;BR-262/MG;Leste;Saida de Pista;1;;;;;;;;;;1;;;;
21/10/2016;07:46:00;104;com vítima;504;BR-153/GO;Sul;Queda de Moto;;;;1;;;;;;;0;1;;;
21/10/2016;08:00:00;114;sem vítima;1,375;BR-060/GO;Norte;Choque - Defensa, barreira ou "submarino";1;;;;;;;;;;1;;;;
21/10/2016;08:57:00;144;com vítima;0,4;BR-060/DF;Norte;Colisão Traseira;1;;;1;;;;;;;1;1;;;
21/10/2016;12:39:00;326;sem vítima;359;BR-262/MG;Leste;Choque - Defensa, barreira ou "submarino";1;;;;;;;;;;1;;;;
21/10/2016;15:18:00;426;com vítima;205;BR-153/MG;Sul;Choque - Arvore;1;;;;;;;;;;1;3;;;
21/10/2016;16:44:00;496;sem vítima;795;BR-262/MG;Leste;Saida de Pista;1;;;;;;;;;;1;;;;
21/10/2016;18:03:00;554;sem vítima;38,575;BR-060/GO;Norte;Outros - sequências;1;;;;;;;;;;1;;;;
21/10/2016;18:18:00;566;com vítima;212;BR-153/MG;Sul;Colisão Traseira;1;;1;;;;;;;;1;1;;;
21/10/2016;19:03:00;592;com vítima;28,5;BR-153/MG;Norte;Saida de Pista;;;1;;;;;;;;0;;1;;
21/10/2016;19:06:00;595;sem vítima;782;BR-262/MG;Leste;Tombamento;;;1;;;;;;;;1;;;;
21/10/2016;19:44:00;618;com vítima;190,732;BR-153/MG;Sul;Colisão Transversal;;;2;;;;;;;;0;1;;;1
21/10/2016;22:27:00;673;com vítima;111,1;BR-060/GO;Norte;Outros - sequências;;;;1;;1;;;;;1;;;2;
22/10/2016;02:58:00;46;sem vítima;450,009;BR-262/MG;Oeste;Colisão Lateral;1;;1;;;;;;;;3;;;;
22/10/2016;04:44:00;63;com vítima;541,5;BR-262/MG;Leste;Colisão Lateral;1;;1;;;;;;;;1;1;;;
22/10/2016;04:57:00;64;sem vítima;122,165;BR-060/GO;Sul;Saida de Pista;1;;;;;;;;;;1;;;;
22/10/2016;06:02:00;74;sem vítima;504;BR-153/GO;Norte;Colisão Traseira;1;;;;;;;;;;1;;;;
22/10/2016;06:12:00;79;com vítima;418;BR-262/MG;Leste;Outros - sequências;2;;;;;;;;;;5;2;;;
22/10/2016;06:37:00;87;sem vítima;553;BR-153/GO;Norte;Colisão Traseira;3;;;;;;;;;;3;;;;
22/10/2016;07:34:00;106;sem vítima;553;BR-262/MG;Leste;Outros - sequências;;;1;;;;;;;;1;;;;
22/10/2016;08:40:00;159;com vítima;40,986;BR-060/GO;Sul;Capotamento;1;;;;;;;;;;0;2;2;;1
22/10/2016;11:44:00;261;sem vítima;408;BR-262/MG;Oeste;Colisão Traseira;1;;1;;;;;;;;2;;;;
22/10/2016;12:28:00;273;sem vítima;426;BR-262/MG;Oeste;Saida de Pista;1;;;;;;;;;;1;;;;
22/10/2016;13:01:00;292;sem vítima;108;BR-060/GO;Norte;Colisão Lateral;1;;1;;;;;;;;2;;;;
22/10/2016;13:37:00;310;sem vítima;213;BR-153/MG;Sul;Saida de Pista;1;;;;;1;;;;;2;;;;
22/10/2016;14:38:00;348;sem vítima;363;BR-262/MG;Leste;Saida de Pista;1;;;;;;;;;;1;;;;
22/10/2016;18:47:00;518;sem vítima;583;BR-153/GO;Sul;Saida de Pista;1;;;;;;;;;;1;;;;
22/10/2016;19:09:00;528;com vítima;591;BR-153/GO;Sul;Outros - sequências;1;;;;;;;;;;3;1;;;
22/10/2016;20:17:00;562;sem vítima;690,339;BR-262/MG;Leste;Atropelamento de Animal;;;1;;;;;;;;1;;;;
22/10/2016;22:56:00;627;sem vítima;525,074;BR-262/MG;Leste;Colisão Traseira;2;;;;;;;;;;2;;;;
23/10/2016;04:30:00;57;com vítima;172,457;BR-153/MG;Norte;Capotamento;1;;;;;;;;;;0;3;;;
23/10/2016;06:00:00;67;sem vítima;469;BR-262/MG;Leste;Saida de Pista;1;;;;;;;;;;1;;;;
23/10/2016;06:30:00;73;sem vítima;412,2;BR-262/MG;Oeste;Outros - sequências;1;;;;;;;;;1;2;;;;
23/10/2016;10:31:00;176;com vítima;113,174;BR-060/GO;Sul;Queda de Moto;;;;1;;;;;;;0;2;;;
23/10/2016;10:54:00;191;sem vítima;60,716;BR-060/GO;Sul;Colisão Lateral;1;;1;;;;;;;;2;;;;
23/10/2016;13:01:00;252;sem vítima;13,7;BR-153/MG;Sul;Queda de Ciclista;;;;1;;;;;;;1;;;;
23/10/2016;14:06:00;281;sem vítima;43;BR-153/MG;Norte;;1;;;;;;;;;;1;;;;
23/10/2016;15:34:00;326;sem vítima;446;BR-262/MG;Oeste;Queda de Ciclista;;;;1;;;;;;;1;;;;
23/10/2016;18:35:00;439;sem vítima;123,108;BR-060/GO;Sul;Colisão Traseira;;;1;;;1;;;;;2;;;;
24/10/2016;00:00:00;1;com vítima;97,8;BR-153/MG;Norte;Tombamento;;;1;;;;;;;;0;1;;;
24/10/2016;10:14:00;171;sem vítima;4,25;BR-060/DF;Norte;Colisão Traseira;;1;1;;;;;;;;2;;;;
24/10/2016;10:26:00;178;com vítima;844,5;BR-262/MG;Oeste;Choque - Defensa, barreira ou "submarino";1;;;;;;;;;;0;;2;;
24/10/2016;11:46:00;233;sem vítima;491;BR-153/GO;Sul;Colisão Lateral;1;;1;;;;;;;;2;;;;
24/10/2016;13:05:00;275;sem vítima;589;BR-262/MG;Oeste;Saida de Pista;1;;;;;;;;;;1;;;;
24/10/2016;15:42:00;367;sem vítima;515,5;BR-153/GO;Sul;Colisão Lateral;1;;;;;1;;;;;2;;;;
24/10/2016;16:03:00;387;sem vítima;554,626;BR-262/MG;Leste;Tombamento;;;1;;;;;;;;1;;;;
24/10/2016;17:23:00;467;sem vítima;66;BR-060/GO;Sul;Saida de Pista;1;;;;;;;;;;1;;;;
24/10/2016;18:01:00;509;sem vítima;130,487;BR-060/GO;Sul;Colisão Traseira;1;;;;;;;;;1;2;;;;
24/10/2016;23:13:00;683;sem vítima;29;BR-153/MG;Sul;Colisão Traseira;1;;1;;;;;;;;2;;;;
25/10/2016;07:29:00;95;sem vítima;103;BR-060/GO;Sul;Saida de Pista;1;;;;;;;;;;2;;;;
25/10/2016;07:34:00;98;sem vítima;506,71;BR-153/GO;Norte;Colisão Traseira;2;;;;;;;;;;2;;;;
25/10/2016;08:02:00;118;sem vítima;504;BR-153/GO;Norte;Colisão Traseira;2;;;;;;;;;;2;;;;
25/10/2016;11:28:00;290;sem vítima;590;BR-262/MG;Leste;Saida de Pista;1;;;;;;;;;;1;;;;
25/10/2016;11:52:00;305;sem vítima;590;BR-262/MG;Leste;Saida de Pista;1;;;;;;;;;;1;;;;
25/10/2016;12:32:00;317;com vítima;404,805;BR-262/MG;Leste;Capotamento;1;;;;;;;;;;1;;1;;
25/10/2016;11:35:00;366;sem vítima;590;BR-262/MG;Leste;Saida de Pista;1;;;;;;;;;;1;;;;
25/10/2016;17:57:00;579;sem vítima;381;BR-262/MG;Leste;Saida de Pista;1;;;;;;;;;;1;;;;
25/10/2016;18:16:00;592;sem vítima;382;BR-262/MG;Oeste;Saida de Pista;1;;;;;;;;;;1;;;;
25/10/2016;18:31:00;607;sem vítima;378,8;BR-262/MG;Leste;Colisão Traseira;1;;1;;;;;;;;2;;;;
25/10/2016;23:01:00;695;sem vítima;376,263;BR-262/MG;Leste;Saida de Pista;1;;;;;;;;;;1;;;;
26/10/2016;05:13:00;58;sem vítima;508,613;BR-153/GO;Norte;Colisão Lateral;1;;1;;;;;;;;2;;;;
26/10/2016;06:35:00;66;com vítima;210;BR-153/MG;Norte;Saida de Pista;1;;;;;;;;;;0;3;;;
26/10/2016;08:21:00;129;sem vítima;504,498;BR-153/GO;Norte;Colisão Traseira;2;;;;;1;;;;;3;;;;
26/10/2016;09:49:00;214;com vítima;509;BR-153/GO;Norte;Colisão Traseira;1;;;;;1;;;;;1;1;;;
26/10/2016;11:49:00;321;com vítima;496,99;BR-153/GO;Sul;Saida de Pista;;;1;;;;;;;;0;;1;;
26/10/2016;12:25:00;339;com vítima;503;BR-153/GO;Norte;Colisão Lateral;;;;2;;;;;;;1;1;;;
26/10/2016;16:30:00;554;sem vítima;499,123;BR-153/GO;Sul;Colisão Traseira;2;;;;;;;;;;2;;;;
26/10/2016;16:34:00;561;sem vítima;580;BR-262/MG;Oeste;Tombamento;;;1;;;;;;;;1;;;;
26/10/2016;17:34:00;593;sem vítima;510;BR-153/GO;Sul;Colisão Traseira;2;;;;;;;;;;2;;;;
26/10/2016;18:16:00;616;com vítima;510;BR-153/GO;Norte;Colisão Traseira;1;;;1;;;;;;;1;1;;;
26/10/2016;18:18:00;619;com vítima;10,5;BR-153/MG;Sul;Saida de Pista;;;1;;;;;;;;0;1;;;
27/10/2016;00:07:00;3;com vítima;490,213;BR-153/GO;Norte;Outros - sequências;1;;;;;;;;;;0;1;;;
27/10/2016;02:20:00;22;com vítima;30,86;BR-060/GO;Norte;Outros - sequências;;;2;;;;;;;;1;;1;;1
27/10/2016;04:09:00;37;sem vítima;98;BR-153/MG;Sul;Saida de Pista;1;;;;;;;;;;1;;;;
27/10/2016;04:54:00;41;com vítima;51,7;BR-153/MG;Norte;Choque - Defensa, barreira ou "submarino";;;1;;;;;;;;0;1;;;
27/10/2016;06:27:00;55;sem vítima;424;BR-262/MG;Oeste;Tombamento;;;1;;;;;;;;1;;;;
27/10/2016;08:12:00;101;sem vítima;59;BR-153/MG;Sul;Saida de Pista;1;;;;;;;;;;3;;;;
27/10/2016;09:28:00;179;sem vítima;16,325;BR-060/DF;Norte;Saida de Pista;1;;;;;;;;;;2;;;;
27/10/2016;10:00:00;210;sem vítima;389;BR-262/MG;Oeste;Saida de Pista;;;1;;;;;;;;1;;;;
27/10/2016;10:27:00;232;sem vítima;829,4;BR-262/MG;Leste;Saida de Pista;;;1;;;;;;;;1;;;;
27/10/2016;17:10:00;522;sem vítima;548;BR-262/MG;Oeste;Tombamento;;;1;;;;;;;;1;;;;
27/10/2016;17:57:00;550;com vítima;405;BR-262/MG;Oeste;Colisão Lateral;1;;1;;;;;;;;0;7;;;
27/10/2016;18:00:00;552;sem vítima;499;BR-153/GO;Sul;Engavetamento;2;;;;;1;;;;;6;;;;
27/10/2016;18:21:00;562;sem vítima;576;BR-262/MG;Leste;Tombamento;;;1;;;;;;;;1;;;;
27/10/2016;21:25:00;631;sem vítima;575;BR-262/MG;Leste;;;;1;;;;;;;;1;;;;
28/10/2016;00:03:00;3;sem vítima;449;BR-262/MG;Oeste;Choque - Arvore;1;;;;;;;;;;1;;;;
28/10/2016;03:59:00;70;sem vítima;580;BR-262/MG;Oeste;Saida de Pista;1;;;;;;;;;;1;;;;
28/10/2016;06:33:00;111;sem vítima;96,191;BR-060/GO;Norte;Tombamento;1;;;;;;;;;;2;;;;
28/10/2016;06:59:00;120;sem vítima;384;BR-262/MG;Leste;Saida de Pista;;;;;;1;;;;1;2;;;;
28/10/2016;07:59:00;145;sem vítima;130;BR-060/GO;Sul;Colisão Traseira;1;;;;;1;;;;;2;;;;
28/10/2016;08:27:00;170;com vítima;510,6;BR-153/GO;Norte;Colisão Traseira;1;;1;;;;;;;;1;1;;;
28/10/2016;08:29:00;172;sem vítima;521,753;BR-153/GO;Sul;Saida de Pista;;;;;;;;;;1;1;;;;
28/10/2016;10:07:00;275;sem vítima;490,884;BR-153/GO;Norte;Colisão Lateral;1;;;;;1;;;;;2;;;;
28/10/2016;12:52:00;384;sem vítima;575,4;BR-153/GO;Sul;Saida de Pista;;;1;;;;;;;;1;;;;
28/10/2016;13:07:00;393;com vítima;1;BR-153/MG;Norte;Carreta deu L;;;1;;;;;;;;0;1;;;
28/10/2016;13:42:00;403;com vítima;99,383;BR-060/GO;Sul;Colisão Traseira;2;;;;;;;;;;1;1;;;
28/10/2016;14:59:00;451;com vítima;838;BR-262/MG;Oeste;Colisão Lateral;1;;;1;;1;;;;;3;;;1;
28/10/2016;17:36:00;539;sem vítima;18;BR-060/DF;Sul;Saida de Pista;1;;;;;;;;;;1;;;;
28/10/2016;19:34:00;608;com vítima;9,73;BR-153/MG;Norte;Choque - Elemento de Drenagem;1;;;;;;;;;;0;1;;;
28/10/2016;21:28:00;661;sem vítima;584;BR-153/GO;Norte;Atropelamento de Animal;1;;;;;;;;;;1;;;;
28/10/2016;21:51:00;672;com vítima;500,477;BR-153/GO;Norte;Queda de Moto;;;;1;;;;;;;0;2;;;
29/10/2016;06:20:00;64;sem vítima;877;BR-262/MG;Leste;Colisão Lateral;1;;1;;;;;;;;2;;;;
29/10/2016;08:11:00;110;sem vítima;360;BR-262/MG;Oeste;Saida de Pista;1;;;;;;;;;;1;;;;
29/10/2016;09:47:00;158;sem vítima;697,7;BR-153/GO;Norte;Capotamento;;1;;;;1;;;;;2;;;;
29/10/2016;10:58:00;210;com vítima;517;BR-153/GO;Norte;Outros - sequências;1;;;;;1;;;;;1;1;;;
29/10/2016;11:41:00;237;com vítima;84;BR-060/GO;Norte;Outros - sequências;2;;;;;;;;;;0;2;;;
29/10/2016;16:19:00;471;com vítima;659,038;BR-153/GO;Sul;Capotamento;1;;;;;;;;;;0;1;;;
29/10/2016;16:31:00;491;com vítima;589,72;BR-262/MG;Oeste;Tombamento;;;2;;1;;;;;;0;6;;;
29/10/2016;16:55:00;504;com vítima;468;BR-262/MG;Oeste;Queda de Moto;;;;1;;;;;;;0;1;;;
29/10/2016;17:38:00;525;com vítima;99,859;BR-060/GO;Norte;Colisão Traseira;2;;;;;;;;;;1;4;;;
29/10/2016;17:39:00;526;sem vítima;503,434;BR-153/GO;Norte;Colisão Traseira;;;1;;;1;;;;;2;;;;
29/10/2016;17:44:00;528;sem vítima;503,308;BR-153/GO;Norte;Colisão Traseira;1;;;;;1;;;;;4;;;;
29/10/2016;17:45:00;530;sem vítima;99,851;BR-060/GO;Norte;Outros - sequências;2;;1;;;;;;;;3;;;;
29/10/2016;19:22:00;571;com vítima;36,096;BR-060/GO;Sul;Outros - sequências;1;;;;;;;;;;0;;1;;
29/10/2016;21:08:00;614;com vítima;800,1;BR-262/MG;Leste;Outros - sequências;;;;;;1;;;;;1;;1;;
29/10/2016;21:29:00;618;com vítima;13,77;BR-060/GO;Sul;Colisão Traseira;1;;;;;1;;;;;1;1;;;
30/10/2016;00:11:00;5;sem vítima;495,8;BR-153/GO;Norte;Outros - sequências;1;;;;;;;;;;2;;;;
30/10/2016;00:49:00;12;sem vítima;800,826;BR-262/MG;Leste;Colisão Lateral;1;;;1;;;;;;;2;;;;
30/10/2016;00:58:00;13;sem vítima;114,691;BR-060/GO;Sul;Outros - sequências;1;;;;;;;;;;1;;;;
30/10/2016;10:34:00;272;sem vítima;435;BR-262/MG;Leste;Choque - Defensa, barreira ou "submarino";1;;;;;;;;;;1;;;;
30/10/2016;15:43:00;471;com vítima;525;BR-262/MG;Leste;Saida de Pista;;;;;;;;;;1;0;1;;;
30/10/2016;17:32:00;551;sem vítima;509;BR-153/GO;Norte;Engavetamento;3;;;;;;;;;;3;;;;
30/10/2016;17:40:00;556;sem vítima;496;BR-153/GO;Sul;Colisão Lateral;;;2;;;;;;;;2;;;;
30/10/2016;18:25:00;595;com vítima;91;BR-060/GO;Sul;Outros - sequências;1;;;;;;;;;;0;1;;;1
30/10/2016;18:30:00;597;sem vítima;366;BR-262/MG;Leste;Colisão Traseira;2;;;;;;;;;;2;;;;
30/10/2016;19:25:00;635;com vítima;114;BR-060/GO;Sul;Saida de Pista;1;;;;;;;;;;0;1;1;;
30/10/2016;22:10:00;708;sem vítima;94;BR-060/GO;Sul;Colisão Traseira;1;;;;;1;;;;;2;;;;
31/10/2016;07:36:00;100;sem vítima;592;BR-153/GO;Sul;Capotamento;1;;;;;;;;;;1;;;;
31/10/2016;07:47:00;112;com vítima;586,767;BR-262/MG;Oeste;Tombamento;1;;2;;;;;;;;2;1;;;
31/10/2016;13:39:00;472;com vítima;28,489;BR-060/GO;Sul;Colisão Traseira;1;;2;;;;;;;;2;1;;;
31/10/2016;14:20:00;523;sem vítima;608;BR-262/MG;Leste;;1;;2;;;;;;;;4;;;;
31/10/2016;16:35:00;623;sem vítima;582;BR-262/MG;Leste;Saida de Pista;;;1;;;;;;;;1;;;;
31/10/2016;16:53:00;632;sem vítima;802;BR-262/MG;Leste;Colisão Traseira;1;;1;;;1;;;;;3;;;;
31/10/2016;17:11:00;649;sem vítima;6;BR-060/GO;Norte;Saida de Pista;1;;;;;;;;;;1;;;;
31/10/2016;17:55:00;677;sem vítima;103,8;BR-060/GO;Norte;Outros - sequências;1;;;;;;;;;;2;;;;
31/10/2016;18:30:00;693;sem vítima;498,712;BR-153/GO;Sul;Colisão Traseira;2;;;;;;;;;;3;;;;
31/10/2016;18:37:00;694;com vítima;492;BR-262/MG;Oeste;Colisão Transversal;1;;1;;;;;;;;0;3;;1;
31/10/2016;20:03:00;732;com vítima;584;BR-153/GO;Sul;Capotamento;1;;;;;;;;;;0;2;;;
31/10/2016;23:24:00;826;sem vítima;520,76;BR-153/GO;Sul;Colisão Traseira;1;;;;;;;;;;1;;;;
01/11/2016;04:32:00;50;com vítima;494;BR-153/GO;Sul;Queda;;;;1;;;;;;;0;1;;;
01/11/2016;09:04:00;151;com vítima;553,5;BR-262/MG;Oeste;Outros - sequências;1;;1;;;;;;;;0;4;;;
01/11/2016;09:14:00;162;sem vítima;186;BR-153/MG;Sul;Choque - Defensa, barreira ou "submarino";;;;;;1;;;;1;2;;;;
01/11/2016;10:00:00;202;sem vítima;495;BR-153/GO;Norte;Outros - sequências;1;;1;;;;;;;;2;;;;
01/11/2016;12:16:00;318;com vítima;512;BR-153/GO;Norte;Colisão Lateral;1;;;1;;;;;;;1;1;;;
01/11/2016;12:33:00;322;sem vítima;31;BR-060/GO;Norte;Colisão Traseira;1;;;;1;;;;;;2;;;;
01/11/2016;13:08:00;351;sem vítima;97;BR-060/GO;Norte;Colisão Traseira;2;;;;;;;;;;5;;;;
01/11/2016;14:42:00;411;sem vítima;48,864;BR-060/GO;Sul;Saida de Pista;1;;;;;;;;;;1;;;;
01/11/2016;18:56:00;620;com vítima;802;BR-262/MG;Leste;Capotamento;2;;;;;;;;;;2;1;;;
01/11/2016;19:05:00;622;sem vítima;79;BR-060/GO;Sul;Saida de Pista;;;1;;;;;;;;1;;;;
01/11/2016;19:23:00;632;com vítima;530;BR-153/GO;Sul;Colisão Frontal;1;;;1;;;;;;;1;;;1;
01/11/2016;19:37:00;636;sem vítima;495;BR-153/GO;Sul;Colisão Traseira;1;;1;;;;;;;;2;;;;
01/11/2016;19:44:00;639;sem vítima;572,7;BR-153/GO;Norte;Saida de Pista;1;;;;;;;;;;1;;;;
01/11/2016;19:46:00;640;com vítima;364,4;BR-262/MG;Oeste;Atropelamento - Outros;;1;;1;;;;;;;0;;;2;
01/11/2016;21:12:00;669;sem vítima;369;BR-262/MG;Leste;Saida de Pista;1;;;;;;;;;;1;;;;
02/11/2016;05:45:00;54;sem vítima;213,3;BR-153/MG;Norte;Choque - Arvore;1;;;;;;;;;;1;;;;
02/11/2016;09:12:00;155;sem vítima;185;BR-153/MG;Sul;Saida de Pista;1;;;;;1;;;;;2;;;;
02/11/2016;09:59:00;194;sem vítima;590;BR-262/MG;Oeste;Saida de Pista;1;;;;;1;;;;;2;;;;
02/11/2016;11:01:00;236;sem vítima;506;BR-153/GO;Norte;Colisão Traseira;1;;;;;1;;;;;2;;;;
02/11/2016;14:23:00;381;com vítima;575,5;BR-262/MG;Leste;Capotamento;1;;;;;;;;;;0;1;;;
02/11/2016;16:31:00;488;com vítima;449,5;BR-262/MG;Oeste;Colisão Traseira;2;;;;;;;;;;1;6;;;
02/11/2016;17:01:00;503;com vítima;567;BR-262/MG;Leste;Colisão Transversal;;;2;;;;;;;;1;1;;;
02/11/2016;19:16:00;580;sem vítima;210;BR-153/MG;Norte;Saida de Pista;1;;;;;;;;;;1;;;;
02/11/2016;20:41:00;614;com vítima;47,833;BR-153/MG;Norte;Choque - Defensa, barreira ou "submarino";;;1;;;1;;;;;1;1;;;