data;horario;n_da_ocorrencia;tipo_de_ocorrencia;km;trecho;sentido;tipo_de_acidente;automovel;bicicleta;caminhao;moto;onibus;outros;tracao_animal;transporte_de_cargas_especiais;trator_maquinas;utilitarios;ilesos;levemente_feridos;moderadamente_feridos;gravemente_feridos;mortos
16/11/2016;10:56:00;345;com vítima;29,658;BR-060/DF;Norte;Saida de Pista;1;;;;;;;;;;1;3;;;
16/11/2016;12:40:00;406;com vítima;28,305;BR-060/DF;Sul;Colisão Lateral;;;1;;;;;;;1;1;1;2;;
16/11/2016;13:11:00;425;sem vítima;84;BR-060/GO;Sul;Atropelamento de Animal;1;;;;;;;;;;1;;;;
16/11/2016;14:31:00;470;com vítima;842;BR-262/MG;Oeste;Capotamento;1;;;;;;;;;;2;1;;;
16/11/2016;18:13:00;596;sem vítima;94,8;BR-060/GO;Sul;Outros - sequências;;;;;1;1;;;;;2;;;;
16/11/2016;18:21:00;599;sem vítima;12;BR-060/GO;Norte;Colisão Traseira;1;;1;;;;;;;;7;;;;
16/11/2016;18:41:00;611;sem vítima;95,121;BR-060/GO;Sul;Colisão Traseira;2;;;;;;;;;;2;;;;
16/11/2016;19:43:00;641;sem vítima;120;BR-153/MG;Sul;Colisão Traseira;;;2;;;;;;;;2;;;;
16/11/2016;21:57:00;696;com vítima;586,3;BR-262/MG;Leste;Colisão Traseira;;;2;;;;;;;;0;;2;;
17/11/2016;07:02:00;101;com vítima;436;BR-262/MG;Oeste;Queda de Moto;;;;1;;;;;;;0;2;;;
17/11/2016;07:35:00;115;com vítima;511;BR-153/GO;Norte;Colisão Traseira;;;;1;1;;;;;;1;1;1;;
17/11/2016;09:03:00;173;sem vítima;138;BR-060/GO;Sul;Colisão Lateral;2;;;;;;;;;;2;;;;
17/11/2016;09:43:00;206;sem vítima;75,2;BR-153/MG;Norte;Tombamento;;;1;;;1;;;;;2;;;;
17/11/2016;10:44:00;251;sem vítima;119;BR-060/GO;Norte;Colisão Lateral;2;;;;;;;;;;2;;;;
17/11/2016;11:26:00;280;sem vítima;372,433;BR-262/MG;Leste;Saida de Pista;1;;;;;;;;;;1;;;;
17/11/2016;11:54:00;299;sem vítima;359;BR-262/MG;Oeste;Saida de Pista;1;;;;;;;;;;1;;;;
17/11/2016;13:02:00;339;sem vítima;578;BR-153/GO;Norte;Saida de Pista;1;;;;;;;;;;1;;;;
17/11/2016;13:17:00;354;sem vítima;607;BR-153/GO;Norte;Tombamento;;;1;;;;;;;;1;;;;
17/11/2016;13:21:00;359;sem vítima;3,7;BR-153/MG;Norte;Tombamento;;;1;;;;;;;;1;;;;
17/11/2016;13:24:00;362;com vítima;514;BR-153/GO;Sul;Colisão Transversal;1;;;1;;;;;;;1;1;;;
17/11/2016;17:00:00;485;sem vítima;504;BR-153/GO;Norte;Colisão Traseira;;;1;;;1;;;;;2;;;;
17/11/2016;18:59:00;549;sem vítima;222,8;BR-153/MG;Norte;Saida de Pista;1;;;;;;;;;;1;;;;
17/11/2016;19:20:00;555;sem vítima;188;BR-153/MG;Sul;Saida de Pista;1;;;;;;;;;;1;;;;
18/11/2016;00:02:00;3;com vítima;524,733;BR-262/MG;Oeste;Colisão Frontal;;;2;;;;;;;;0;3;;;
18/11/2016;01:14:00;18;com vítima;391;BR-262/MG;Oeste;Saida de Pista;1;;;;;;;;;;0;5;;;
18/11/2016;01:49:00;22;sem vítima;588;BR-153/GO;Norte;Saida de Pista;;;1;;;;;;;;1;;;;
18/11/2016;02:09:00;29;sem vítima;591;BR-153/GO;Norte;Saida de Pista;;;1;;;;;;;;1;;;;
18/11/2016;02:50:00;34;sem vítima;685,6;BR-153/GO;Sul;Carreta deu L;;;1;;;;;;;;1;;;;
18/11/2016;04:19:00;50;com vítima;487,446;BR-262/MG;Oeste;Engavetamento;1;;2;;;;;;;;0;4;;;
18/11/2016;04:24:00;51;com vítima;73,743;BR-153/MG;Norte;Capotamento;1;;;;;;;;;;0;2;;1;
18/11/2016;04:33:00;52;sem vítima;580;BR-262/MG;Leste;Saida de Pista;1;;;;;;;;;;2;;;;
18/11/2016;06:48:00;97;com vítima;504;BR-153/GO;Norte;Queda de Moto;;;;1;;;;;;;0;1;;;
18/11/2016;11:55:00;432;sem vítima;554,9;BR-262/MG;Leste;Colisão Traseira;1;;1;;;;;;;;2;;;;
18/11/2016;12:28:00;468;com vítima;28,5;BR-060/DF;Norte;Capotamento;1;;;;;;;;;;0;1;;;
18/11/2016;13:39:00;507;sem vítima;409;BR-262/MG;Oeste;Saida de Pista;;;1;;;;;;;;1;;;;
18/11/2016;13:42:00;508;sem vítima;387;BR-262/MG;Oeste;Colisão Traseira;2;;;;;;;;;;2;;;;
18/11/2016;14:19:00;525;com vítima;358;BR-262/MG;Oeste;Capotamento;;;1;;;;;;;;0;1;;;
18/11/2016;15:41:00;589;com vítima;547,6;BR-262/MG;Oeste;Capotamento;;;;;;;;;;1;0;2;;;
18/11/2016;15:49:00;594;sem vítima;540;BR-262/MG;Leste;Saida de Pista;1;;;;;;;;;;3;;;;
18/11/2016;17:39:00;665;sem vítima;498,852;BR-153/GO;Sul;Engavetamento;2;;;;;;;;;;2;;;;
18/11/2016;17:47:00;674;sem vítima;543;BR-153/GO;Norte;Saida de Pista;;;1;;;;;;;;1;;;;
18/11/2016;18:22:00;692;com vítima;419;BR-262/MG;Oeste;Outros - sequências;;;;;;;;;;1;1;1;;;
18/11/2016;18:23:00;694;sem vítima;426,05;BR-262/MG;Leste;Saida de Pista;1;;;;;;;;;;2;;;;
18/11/2016;18:28:00;698;sem vítima;509;BR-153/GO;Norte;Colisão Traseira;1;;;;;;;;;;1;;;;
18/11/2016;18:28:00;699;sem vítima;419;BR-262/MG;Leste;Saida de Pista;1;;;;;;;;;;1;;;;
18/11/2016;18:30:00;701;sem vítima;96;BR-060/GO;Sul;Colisão Lateral;1;;1;;;;;;;;2;;;;
18/11/2016;18:33:00;705;com vítima;495,2;BR-153/GO;Sul;Colisão Traseira;1;;;1;;;;;;;1;1;;;
18/11/2016;18:34:00;706;sem vítima;543;BR-262/MG;Leste;Saida de Pista;1;;;;;;;;;;1;;;;
18/11/2016;18:58:00;712;sem vítima;504;BR-153/GO;Norte;Colisão Traseira;3;;;;;;;;;;3;;;;
18/11/2016;19:44:00;743;sem vítima;547,6;BR-262/MG;Leste;;1;;;;;;;;;;5;;;;
18/11/2016;19:59:00;753;sem vítima;469;BR-262/MG;Oeste;Saida de Pista;;;1;;;;;;;;1;;;;
18/11/2016;20:03:00;757;com vítima;510,895;BR-153/GO;Sul;Atropelamento - Outros;;;1;1;;;;;;;1;;;;1
18/11/2016;20:29:00;767;sem vítima;132;BR-060/GO;Norte;Outros - sequências;2;;;;;;;;;;2;;;;
18/11/2016;20:39:00;770;sem vítima;510;BR-153/GO;Sul;Engavetamento;1;;;;;3;;;;;4;;;;
18/11/2016;20:43:00;774;sem vítima;514;BR-153/GO;Norte;Colisão Traseira;;;2;;;;;;;;2;;;;
18/11/2016;20:49:00;784;com vítima;89;BR-060/GO;Norte;Colisão Lateral;;;;2;;;;;;;3;;1;;
18/11/2016;20:58:00;790;sem vítima;30,9;BR-060/GO;Sul;Atropelamento de Animal;1;;;;;;;;;;1;;;;
18/11/2016;21:05:00;805;com vítima;814;BR-262/MG;Leste;Colisão Transversal;2;;;;;;;;;;1;1;1;;
19/11/2016;00:13:00;9;sem vítima;409;BR-262/MG;Oeste;Saida de Pista;;;;;;;;;;1;1;;;;
19/11/2016;01:37:00;36;sem vítima;747,578;BR-262/MG;Leste;Tombamento;;;1;;;;;;;;1;;;;
19/11/2016;08:01:00;117;sem vítima;506;BR-153/GO;Sul;Colisão Lateral;1;;1;;;;;;;;6;;;;
19/11/2016;10:06:00;271;sem vítima;92,03;BR-060/GO;Norte;Tombamento;;;;;;;;;;1;2;;;;
19/11/2016;13:12:00;442;sem vítima;505,1;BR-153/GO;Norte;Colisão Traseira;1;;;1;;;;;;;2;;;;
19/11/2016;14:16:00;475;sem vítima;27,5;BR-060/DF;Norte;Saida de Pista;1;;;;;;;;;;1;;;;
19/11/2016;14:33:00;479;com vítima;67;BR-153/MG;Sul;Colisão Traseira;1;;1;;;;;;;;0;3;;;
19/11/2016;17:34:00;704;sem vítima;426,5;BR-262/MG;Oeste;Saida de Pista;;;;1;;;;;;;1;;;;
19/11/2016;17:45:00;715;sem vítima;548;BR-262/MG;Leste;Tombamento;;;1;;;;;;;;1;;;;
19/11/2016;17:59:00;737;sem vítima;500,7;BR-153/GO;Sul;Colisão Traseira;1;;1;;;;;;;;4;;;;
19/11/2016;18:27:00;756;com vítima;127;BR-060/GO;Sul;Colisão Traseira;1;;1;;;;;;;;5;1;;;
19/11/2016;20:01:00;800;com vítima;450;BR-262/MG;Oeste;Queda de Ciclista;;;;2;;;;;;;1;1;1;;
19/11/2016;20:46:00;831;sem vítima;773;BR-262/MG;Leste;Saida de Pista;1;;;;;;;;;;1;;;;
19/11/2016;21:07:00;843;sem vítima;45;BR-060/GO;Norte;Capotamento;1;;;;;;;;;;1;;;;
19/11/2016;21:50:00;860;com vítima;444,133;BR-262/MG;Leste;Outros - sequências;4;;;;;;;;;;3;;1;2;
19/11/2016;23:10:00;885;sem vítima;443,775;BR-262/MG;Oeste;Colisão Traseira;1;;;;;1;;;;;2;;;;
19/11/2016;23:32:00;894;com vítima;509,635;BR-153/GO;Sul;Colisão Lateral;1;;;1;;;;;;;1;2;;;
20/11/2016;01:15:00;22;sem vítima;499;BR-153/GO;Sul;Outros - sequências;1;;;;;1;;;;;2;;;;
20/11/2016;03:50:00;52;com vítima;560,72;BR-262/MG;Leste;Tombamento;;;1;;;;;;;;0;1;1;;
20/11/2016;11:01:00;360;com vítima;0,622;BR-153/MG;Norte;Queda de Moto;;;;1;;1;;;;;1;;1;;
20/11/2016;11:46:00;384;com vítima;631;BR-262/MG;Leste;Queda de Moto;;;;1;;;;;;;0;;1;;
20/11/2016;13:49:00;457;com vítima;501,277;BR-153/GO;Norte;Queda de Moto;;;;1;;;;;;;1;;1;;
20/11/2016;14:08:00;482;com vítima;382;BR-262/MG;Leste;Queda de Ciclista;;;;1;;;;;;;0;;1;;
20/11/2016;14:27:00;494;com vítima;28;BR-060/GO;Norte;Saida de Pista;1;;;;;;;;;;0;2;;;
20/11/2016;14:59:00;555;sem vítima;464,8;BR-262/MG;Leste;Queda de Moto;;;;1;;;;;;;1;;;;
20/11/2016;15:51:00;596;com vítima;60;BR-060/GO;Sul;Queda de Ciclista;;;;1;;;;;;;0;2;;;
20/11/2016;16:29:00;620;com vítima;381;BR-262/MG;Leste;Capotamento;1;;;;;;;;;;1;1;;;
20/11/2016;18:17:00;760;com vítima;61,8;BR-060/GO;Sul;Saida de Pista;1;;;;;1;;;;;1;1;;;
20/11/2016;18:48:00;770;com vítima;742;BR-262/MG;Leste;Queda de Ciclista;;;;1;;;;;;;0;1;;;
20/11/2016;20:55:00;848;com vítima;443;BR-262/MG;Leste;Capotamento;1;;;;;;;;;;0;1;;;
20/11/2016;21:46:00;873;sem vítima;507,3;BR-153/GO;Sul;Queda de Moto;;;;1;;1;;;;;2;;;;
20/11/2016;22:15:00;895;sem vítima;43;BR-060/GO;Norte;Atropelamento de Animal;;;1;;;;;;;;1;;;;
21/11/2016;05:04:00;74;com vítima;114,319;BR-060/GO;Norte;Queda de Moto;;;;1;;;;;;;0;;;;1
21/11/2016;05:42:00;78;com vítima;11;BR-153/MG;Norte;Colisão Traseira;;;1;;1;;;;;;3;3;;;
21/11/2016;07:01:00;95;sem vítima;5,629;BR-060/GO;Norte;Capotamento;;;;;;;;;;1;1;;;;
21/11/2016;08:10:00;125;com vítima;510,932;BR-153/GO;Sul;Colisão Traseira;1;;;1;;;;;;;1;1;;;
21/11/2016;09:19:00;199;com vítima;509,824;BR-153/GO;Sul;Queda de Moto;;;;1;;;;;;;0;1;;;
21/11/2016;14:18:00;458;sem vítima;514,1;BR-153/GO;Sul;Colisão Transversal;2;;;;;;;;;;2;;;;
21/11/2016;15:41:00;497;sem vítima;499;BR-153/GO;Sul;Colisão Lateral;1;;1;;;;;;;;2;;;;
21/11/2016;16:30:00;533;com vítima;495;BR-153/GO;Norte;Queda de Moto;;;;1;;;;;;;0;;;1;
21/11/2016;19:03:00;611;sem vítima;542;BR-262/MG;Leste;Colisão Traseira;2;;;;;;;;;;2;;;;
21/11/2016;19:39:00;622;com vítima;150,542;BR-153/MG;Norte;Colisão Traseira;1;;1;;;;;;;;0;2;;;
21/11/2016;22:13:00;682;sem vítima;504,8;BR-153/GO;Sul;Colisão Lateral;1;;1;;;;;;;;2;;;;
22/11/2016;07:06:00;83;sem vítima;508,842;BR-153/GO;Norte;Engavetamento;3;;;;;;;;;;3;;;;
22/11/2016;12:15:00;430;sem vítima;6,292;BR-060/DF;Sul;Saida de Pista;1;;;;;;;;;;2;;;;
22/11/2016;13:04:00;467;com vítima;28,33;BR-060/DF;Norte;Capotamento;;;;;;;;;;1;0;;1;1;
22/11/2016;13:31:00;497;com vítima;408;BR-262/MG;Oeste;Saida de Pista;1;;;;;;;;;;0;3;;;
22/11/2016;14:06:00;521;sem vítima;16,414;BR-060/GO;Sul;Choque - Defensa, barreira ou "submarino";1;;;;;1;;;;;2;;;;
22/11/2016;15:12:00;588;sem vítima;593;BR-262/MG;Oeste;Saida de Pista;1;;;;;;;;;;1;;;;
22/11/2016;15:18:00;597;sem vítima;533,5;BR-262/MG;Leste;Saida de Pista;1;;;;;;;;;;2;;;;
22/11/2016;15:47:00;611;sem vítima;480;BR-262/MG;Oeste;Saida de Pista;;;3;;;;;;;;3;;;;
22/11/2016;16:58:00;645;com vítima;702,703;BR-153/GO;Norte;Saida de Pista;1;;1;;;;;;;;0;2;;;
22/11/2016;18:51:00;707;sem vítima;385;BR-262/MG;Oeste;Saida de Pista;;;;;;;;;;1;1;;;;
22/11/2016;23:59:00;813;com vítima;811;BR-262/MG;Leste;Saida de Pista;1;;;;;;;;;;0;1;;;
23/11/2016;02:49:00;20;com vítima;363,474;BR-262/MG;Oeste;Choque - Outros;;;;1;;;;;;;0;;;;1
23/11/2016;03:16:00;22;sem vítima;364;BR-262/MG;Leste;Queda de Moto;;;;1;;;;;;;1;;;;
23/11/2016;03:50:00;31;sem vítima;855,885;BR-262/MG;Oeste;Saida de Pista;1;;;;;;;;;;1;;;;
23/11/2016;06:17:00;46;sem vítima;209,5;BR-153/MG;Sul;Saida de Pista;1;;;;;;;;;;1;;;;
23/11/2016;06:59:00;57;sem vítima;519,1;BR-262/MG;Leste;Capotamento;1;;;;;;;;;;1;;;;
23/11/2016;08:50:00;128;com vítima;498,8;BR-262/MG;Leste;Saida de Pista;1;;;;;;;;;;0;1;;;
23/11/2016;08:55:00;133;com vítima;590;BR-262/MG;Leste;Saida de Pista;;;;;;;;;;1;0;1;;;
23/11/2016;08:57:00;138;com vítima;0,804;BR-060/DF;Sul;Colisão Traseira;2;;;;;;;;;;1;2;;;
23/11/2016;09:51:00;178;sem vítima;555;BR-262/MG;Oeste;Colisão Traseira;1;;;;;;;;;1;2;;;;
23/11/2016;11:21:00;252;com vítima;590;BR-262/MG;Leste;Saida de Pista;1;;;;;;;;;;0;1;;;
23/11/2016;12:28:00;283;com vítima;608;BR-262/MG;Leste;Capotamento;;;;;;;;;;1;0;4;1;;
23/11/2016;12:48:00;298;sem vítima;608;BR-262/MG;Oeste;Saida de Pista;1;;;;;;;;;;3;;;;
23/11/2016;14:08:00;347;com vítima;429;BR-262/MG;Oeste;Saida de Pista;1;;;;;;;;;;0;2;;;
23/11/2016;14:17:00;353;sem vítima;504,027;BR-153/GO;Sul;Engavetamento;2;;1;;;;;;;;3;;;;
23/11/2016;14:27:00;359;sem vítima;353;BR-262/MG;Leste;Saida de Pista;1;;;;;;;;;;1;;;;
23/11/2016;14:45:00;373;com vítima;528;BR-262/MG;Leste;Saida de Pista;1;;;;;;;;;;0;1;;;
23/11/2016;16:35:00;425;com vítima;378;BR-262/MG;Oeste;Saida de Pista;1;;;;;;;;;;0;2;;;
23/11/2016;16:43:00;432;com vítima;378;BR-262/MG;Leste;Saida de Pista;1;;;;;;;;;;0;1;;;
23/11/2016;17:09:00;447;com vítima;378;BR-262/MG;Leste;Saida de Pista;1;;;;;;;;;;0;2;;;
23/11/2016;18:00:00;471;com vítima;679;BR-262/MG;Leste;Colisão Traseira;1;;1;;;;;;;;1;2;;;
23/11/2016;18:01:00;472;sem vítima;27;BR-060/GO;Norte;Outros - sequências;1;;;;;;;;;;1;;;;
23/11/2016;18:28:00;490;sem vítima;136,875;BR-060/GO;Sul;Outros - sequências;1;;;;;;;;;;1;;;;
23/11/2016;19:04:00;509;com vítima;531;BR-262/MG;Leste;Choque - Objeto sobre a pista;;;;1;;;;;;;0;1;;;
23/11/2016;19:05:00;511;sem vítima;563,5;BR-153/GO;Norte;Saida de Pista;1;;;;;;;;;;1;;;;
23/11/2016;23:23:00;619;sem vítima;92;BR-060/GO;Norte;Colisão Traseira;1;;;;;1;;;;;2;;;;
24/11/2016;02:59:00;47;sem vítima;593,1;BR-153/GO;Norte;Outros - sequências;1;;;;;;;;;;2;;;;
24/11/2016;06:39:00;121;sem vítima;496,617;BR-153/GO;Norte;Outros - sequências;1;;;;;;;;;;1;;;;
24/11/2016;07:46:00;174;com vítima;505;BR-153/GO;Sul;Colisão Lateral;;;;1;;1;;;;;1;1;;;
24/11/2016;08:54:00;253;sem vítima;572,609;BR-262/MG;Leste;Engavetamento;;;3;;;;;;;;3;;;;
24/11/2016;11:25:00;521;sem vítima;622,2;BR-153/GO;Norte;Tombamento;;;1;;;;;;;;1;;;;
24/11/2016;12:09:00;561;com vítima;622,2;BR-153/GO;Sul;Saida de Pista;;;;1;;;;;;;0;;;;1
24/11/2016;12:52:00;578;sem vítima;440;BR-262/MG;Oeste;Atropelamento de Animal;;;1;;;;;;;;1;;;;
24/11/2016;13:26:00;605;com vítima;25;BR-060/DF;Norte;Saida de Pista;1;;;;;;;;;;0;2;;;
24/11/2016;14:25:00;646;sem vítima;503;BR-153/GO;Sul;Queda de Moto;;;;1;;1;;;;;2;;;;
24/11/2016;14:37:00;659;sem vítima;502,8;BR-153/GO;Sul;Colisão Traseira;1;;;;;;;;;1;2;;;;
24/11/2016;14:39:00;664;sem vítima;786,165;BR-262/MG;Leste;Tombamento;;;;;;;;;1;;1;;;;
24/11/2016;16:04:00;745;sem vítima;111;BR-060/GO;Norte;Saida de Pista;;;;;;;;;;1;1;;;;
24/11/2016;16:19:00;758;sem vítima;101;BR-060/GO;Sul;Saida de Pista;1;;;;;;;;;;1;;;;
24/11/2016;18:04:00;814;sem vítima;85;BR-060/GO;Sul;Saida de Pista;1;;;;;;;;;;1;;;;
24/11/2016;18:59:00;841;sem vítima;524;BR-262/MG;Leste;Atropelamento - Outros;;;;;;1;;;;;2;;;;
24/11/2016;20:15:00;881;sem vítima;515;BR-153/GO;Norte;Colisão Lateral;2;;;;;;;;;;2;;;;
24/11/2016;21:03:00;900;com vítima;70;BR-060/GO;Norte;Queda de Moto;;;;1;;;;;;;1;1;;;
25/11/2016;00:41:00;25;sem vítima;683,8;BR-153/GO;Sul;Colisão Traseira;;;2;;;;;;;;2;;;;
25/11/2016;02:35:00;55;sem vítima;23,3;BR-153/MG;Norte;Capotamento;;;1;;;;;;;;1;;;;
25/11/2016;06:57:00;102;com vítima;504,3;BR-153/GO;Norte;Colisão Traseira;1;;;1;;;;;;;2;1;;;
25/11/2016;08:35:00;168;sem vítima;26;BR-060/GO;Sul;Saida de Pista;1;;;;;;;;;;1;;;;
25/11/2016;08:41:00;174;sem vítima;2,6;BR-060/DF;Sul;Colisão Traseira;;;2;;;;;;;;2;;;;
25/11/2016;11:54:00;390;com vítima;645;BR-153/GO;Sul;Queda de Moto;;;;1;;;;;;;0;;1;;
25/11/2016;15:30:00;490;sem vítima;24,67;BR-060/DF;Sul;Saida de Pista;1;;;;;;;;;;1;;;;
25/11/2016;16:21:00;522;com vítima;517;BR-262/MG;Leste;Colisão Lateral;;;1;;;;;;;1;1;;1;;
25/11/2016;17:29:00;554;sem vítima;101,4;BR-060/GO;Norte;Colisão Traseira;2;;1;;;;;;;;3;;;;
25/11/2016;17:32:00;556;com vítima;506,8;BR-153/GO;Norte;Engavetamento;3;;;;;2;;;;;5;1;;;
25/11/2016;17:42:00;561;sem vítima;508;BR-153/GO;Norte;Engavetamento;3;;;;;;;;;;3;;;;
25/11/2016;18:06:00;573;sem vítima;96;BR-060/GO;Norte;Colisão Traseira;2;;;;;;;;;;2;;;;
25/11/2016;23:34:00;717;com vítima;409;BR-262/MG;Oeste;Saida de Pista;1;;;;;;;;;;0;1;;;
26/11/2016;02:19:00;40;sem vítima;17;BR-153/MG;Sul;Saida de Pista;1;;;;;;;;;;1;;;;
26/11/2016;05:53:00;84;com vítima;96,938;BR-060/GO;Sul;Outros - sequências;1;;1;;;;;;;;1;1;1;;
26/11/2016;07:15:00;101;com vítima;131,949;BR-060/GO;Sul;Outros - sequências;2;;;;;;;;;;5;1;;;
26/11/2016;08:37:00;148;sem vítima;382;BR-262/MG;Oeste;Queda de Moto;;;;1;;;;;;;1;;;;
26/11/2016;08:46:00;150;sem vítima;549;BR-153/GO;Sul;Colisão Traseira;1;;;;;1;;;;;5;;;;
26/11/2016;09:16:00;168;sem vítima;1;BR-153/MG;Sul;Colisão Lateral;1;;1;;;;;;;;2;;;;
26/11/2016;09:16:00;169;com vítima;490;BR-262/MG;Oeste;Saida de Pista;1;;;;;;;;;;1;;2;;
26/11/2016;10:59:00;239;com vítima;512,2;BR-153/GO;Sul;Colisão Lateral;1;;;1;;;;;;;2;1;;;
26/11/2016;15:34:00;374;com vítima;182;BR-153/MG;Sul;Choque - Arvore;1;;;;;;;;;;1;1;;;
26/11/2016;16:19:00;397;sem vítima;105,241;BR-060/GO;Sul;Saida de Pista;1;;;;;;;;;;1;;;;
26/11/2016;17:30:00;440;com vítima;97;BR-060/GO;Norte;Queda de Moto;;;;1;;;;;;;0;1;;;
26/11/2016;20:39:00;514;com vítima;105;BR-153/MG;Sul;Atropelamento - Ciclista;;1;;;;1;;;;;1;1;;;
26/11/2016;23:05:00;570;com vítima;462,8;BR-262/MG;Oeste;Capotamento;1;;;;;;;;;;0;1;;;
27/11/2016;04:24:00;43;sem vítima;73;BR-060/GO;Sul;Saida de Pista;1;;;;;;;;;;1;;;;
27/11/2016;07:28:00;93;sem vítima;423,5;BR-262/MG;Leste;Saida de Pista;1;;;;;;;;;;1;;;;
27/11/2016;08:40:00;139;sem vítima;384;BR-262/MG;Oeste;Choque - Arvore;;;1;;;;;;;;1;;;;
27/11/2016;14:30:00;384;sem vítima;815;BR-262/MG;Oeste;Colisão Traseira;1;;;;;1;;;;;2;;;;
27/11/2016;16:47:00;537;com vítima;593;BR-262/MG;Leste;Colisão Frontal;1;;1;;;;;;;;1;;;1;
27/11/2016;17:11:00;551;sem vítima;521;BR-153/GO;Norte;Saida de Pista;;;;;1;;;;;;1;;;;
27/11/2016;17:58:00;593;sem vítima;589,2;BR-262/MG;Oeste;Tombamento;;;1;;;;;;;;1;;;;
27/11/2016;18:34:00;609;sem vítima;508;BR-153/GO;Norte;Engavetamento;4;;;;;;;;;;10;;;;
27/11/2016;19:22:00;625;sem vítima;107;BR-060/GO;Sul;Saida de Pista;1;;;;;;;;;;2;;;;
27/11/2016;20:39:00;660;sem vítima;449;BR-262/MG;Oeste;Atropelamento - Outros;;;1;;;;1;;;;2;;;;
27/11/2016;20:46:00;662;com vítima;838;BR-262/MG;Oeste;Saida de Pista;1;;;;;;;;;;3;3;;;
27/11/2016;21:06:00;676;sem vítima;14;BR-153/MG;Sul;Saida de Pista;1;;;;;;;;;;5;;;;
27/11/2016;22:03:00;687;sem vítima;6,5;BR-060/DF;Sul;Colisão Traseira;2;;;;;;;;;;2;;;;
27/11/2016;22:30:00;693;sem vítima;25;BR-060/GO;Norte;Saida de Pista;1;;;;;;;;;;1;;;;
27/11/2016;23:29:00;709;com vítima;709;BR-262/MG;Oeste;Capotamento;;;1;;;;;;;;0;;1;;
28/11/2016;05:37:00;53;com vítima;703;BR-153/GO;Norte;Colisão Frontal;1;;1;;;;;;;;1;;1;;
28/11/2016;07:58:00;120;sem vítima;19;BR-060/DF;Norte;Capotamento;;;;;;;;;;1;1;;;;
28/11/2016;08:11:00;126;sem vítima;500,2;BR-153/GO;Sul;Colisão Traseira;1;;1;;;;;;;;2;;;;
28/11/2016;09:14:00;184;com vítima;0,5;BR-060/DF;Norte;Colisão Lateral;1;;;1;;;;;;;1;1;;;
28/11/2016;11:37:00;332;sem vítima;382;BR-262/MG;Oeste;Capotamento;;;;;;;;;;1;1;;;;
28/11/2016;13:48:00;411;sem vítima;515;BR-153/GO;Norte;Colisão Lateral;2;;;;;;;;;;2;;;;
28/11/2016;14:37:00;443;com vítima;628,462;BR-153/GO;Norte;Colisão Lateral;;;2;;;;;;;;0;2;;;
28/11/2016;15:25:00;469;sem vítima;507;BR-153/GO;Norte;Queda de Ciclista;;;;1;;;;;;;2;;;;
28/11/2016;19:24:00;645;com vítima;498;BR-153/GO;Sul;Colisão Lateral;;;;1;;1;;;;;2;1;;;
29/11/2016;06:56:00;69;com vítima;70,779;BR-060/GO;Norte;Outros - sequências;1;;;;;;;;;;0;1;;;
29/11/2016;08:17:00;123;com vítima;577;BR-262/MG;Oeste;Colisão Traseira;1;;1;;;;;;;;1;;1;;
29/11/2016;12:20:00;270;com vítima;79;BR-153/MG;Sul;Outros - sequências;;;1;;;;;;;;0;1;;;
29/11/2016;13:52:00;311;sem vítima;138;BR-060/GO;Sul;Colisão Traseira;2;;;;;;;;;;2;;;;
29/11/2016;15:57:00;373;sem vítima;9,162;BR-060/DF;Sul;Saida de Pista;1;;;;;;;;;;1;;;;
29/11/2016;18:13:00;446;com vítima;0,8;BR-060/DF;Sul;Colisão Traseira;1;;;1;;;;;;;1;;1;;
29/11/2016;19:50:00;488;sem vítima;90,8;BR-060/GO;Sul;Saida de Pista;1;;;;;;;;;;1;;;;
29/11/2016;20:45:00;519;sem vítima;386;BR-262/MG;Oeste;Tombamento;1;;;;;;;;;;2;;;;
29/11/2016;20:50:00;521;sem vítima;516,4;BR-153/GO;Norte;Tombamento;;;1;;;;;;;;1;;;;
29/11/2016;21:01:00;525;com vítima;401;BR-262/MG;Leste;Saida de Pista;1;;;;;;;;;;0;1;1;;
30/11/2016;01:43:00;18;com vítima;440,8;BR-262/MG;Oeste;Colisão Traseira;1;;1;;;;;;;;0;3;;;
30/11/2016;06:59:00;61;sem vítima;511;BR-153/GO;Norte;Colisão Traseira;1;;;;;1;;;;;2;;;;
30/11/2016;07:32:00;77;sem vítima;492;BR-262/MG;Leste;Colisão Lateral;1;;1;;;;;;;;2;;;;
30/11/2016;09:58:00;178;com vítima;499;BR-153/GO;Sul;Queda de Moto;;;;1;;;;;;;0;2;;;
30/11/2016;13:19:00;293;sem vítima;584;BR-153/GO;Sul;Saida de Pista;;;1;;;;;;;;1;;;;
30/11/2016;14:10:00;313;sem vítima;118;BR-060/GO;Norte;Colisão Lateral;1;;1;;;;;;;;2;;;;
30/11/2016;14:38:00;333;com vítima;30;BR-060/DF;Sul;Objeto lançado contra veículo;1;;;;;;;;;;0;3;;;
30/11/2016;15:40:00;363;sem vítima;25;BR-060/DF;Norte;Outros - sequências;1;;;;;;;;;;1;;;;
30/11/2016;15:41:00;364;com vítima;1,8;BR-153/MG;Norte;Colisão Traseira;;;1;;;;;;;1;1;4;;;
30/11/2016;17:30:00;429;sem vítima;568;BR-153/GO;Norte;Outros - sequências;1;;;;;;;;;;2;;;;
30/11/2016;17:58:00;441;sem vítima;501;BR-153/GO;Sul;Choque - Veiculo parado no acostamento;1;;;;;;;;;1;2;;;;
30/11/2016;18:53:00;463;com vítima;618;BR-153/GO;Norte;Saida de Pista;1;;;;;;;;;;0;1;;;