data;horario;n_da_ocorrencia;tipo_de_ocorrencia;km;trecho;sentido;tipo_de_acidente;automovel;bicicleta;caminhao;moto;onibus;outros;tracao_animal;transporte_de_cargas_especiais;trator_maquinas;utilitarios;ilesos;levemente_feridos;moderadamente_feridos;gravemente_feridos;mortos
30/11/2016;19:16:00;471;com vítima;97;BR-060/GO;Norte;Colisão Traseira;1;;;1;;;;;;;1;;1;;
30/11/2016;22:55:00;551;com vítima;497;BR-153/GO;Norte;Queda de Moto;;;;1;;;;;;;0;2;;;
01/12/2016;07:27:00;80;sem vítima;692;BR-262/MG;Oeste;Colisão Traseira;;;2;;;;;;;;3;;;;
01/12/2016;07:52:00;92;com vítima;547,6;BR-262/MG;Oeste;Saida de Pista;;;;;;;;;;1;0;1;;;
01/12/2016;07:53:00;93;sem vítima;510;BR-153/GO;Sul;Colisão Lateral;1;;;1;;;;;;;2;;;;
01/12/2016;12:24:00;284;sem vítima;382;BR-262/MG;Oeste;Saida de Pista;1;;;;;;;;;;1;;;;
01/12/2016;14:09:00;341;com vítima;429;BR-262/MG;Oeste;Saida de Pista;1;;;;;;;;;;0;2;;;
01/12/2016;15:28:00;388;com vítima;395;BR-262/MG;Oeste;Choque - Defensa, barreira ou "submarino";1;;;;;;;;;;0;1;;;
01/12/2016;16:08:00;408;com vítima;380;BR-262/MG;Oeste;Saida de Pista;;;1;;;;;;;;0;1;;;
01/12/2016;16:17:00;414;sem vítima;368;BR-262/MG;Oeste;Saida de Pista;1;;;;;;;;;;1;;;;
01/12/2016;16:39:00;427;com vítima;25,512;BR-060/GO;Sul;Saida de Pista;1;;;;;;;;;;0;1;;;
01/12/2016;17:10:00;443;com vítima;7,57;BR-153/MG;Sul;Saida de Pista;;;1;;;1;;;;;1;2;;;
01/12/2016;18:19:00;473;com vítima;499,9;BR-153/GO;Sul;Engavetamento;3;;;;;;;;;;2;1;;;
01/12/2016;18:29:00;477;sem vítima;73;BR-060/GO;Sul;Tombamento;;;1;;;;;;;;2;;;;
01/12/2016;18:47:00;486;sem vítima;378,8;BR-262/MG;Leste;Saida de Pista;1;;;;;;;;;;2;;;;
01/12/2016;21:18:00;558;sem vítima;499;BR-153/GO;Sul;Colisão Traseira;1;;1;;;;;;;;2;;;;
01/12/2016;21:22:00;559;com vítima;19;BR-060/DF;Norte;Saida de Pista;1;;;;;;;;;;0;1;;;
01/12/2016;22:53:00;586;sem vítima;27;BR-060/DF;Norte;Saida de Pista;1;;;;;;;;;;2;;;;
02/12/2016;03:22:00;57;com vítima;504;BR-153/GO;Sul;Colisão Lateral;1;;1;;;;;;;;1;2;;;
02/12/2016;06:58:00;89;com vítima;673;BR-153/GO;Sul;Colisão Traseira;;;2;;;;;;;;1;;;1;
02/12/2016;07:32:00;105;com vítima;504;BR-153/GO;Norte;Colisão Lateral;1;;;1;;;;;;;2;1;;;
02/12/2016;07:50:00;114;com vítima;506;BR-153/GO;Norte;Colisão Traseira;2;;;;;;;;;1;0;4;;;
02/12/2016;10:17:00;210;sem vítima;501;BR-153/GO;Sul;Colisão Traseira;4;;;;;;;;;;7;;;;
02/12/2016;10:52:00;234;sem vítima;501;BR-153/GO;Sul;Colisão Traseira;2;;;;;;;;;;5;;;;
02/12/2016;13:54:00;338;com vítima;48;BR-060/GO;Norte;Saida de Pista;1;;;;;;;;;;2;2;;;
02/12/2016;14:37:00;367;sem vítima;13,7;BR-060/DF;Norte;Queda de Moto;;;;1;;1;;;;;2;;;;
02/12/2016;15:40:00;410;com vítima;827;BR-262/MG;Leste;Colisão Frontal;2;;;;;;;;;;0;2;1;;
02/12/2016;15:58:00;423;com vítima;136;BR-060/GO;Sul;Saida de Pista;1;;;;;;;;;;0;;1;;
02/12/2016;17:37:00;483;com vítima;719;BR-262/MG;Leste;Saida de Pista;;;;;;1;;;;1;1;1;;;
02/12/2016;17:41:00;485;com vítima;92;BR-060/GO;Sul;Queda de Moto;;;;1;;1;;;;;1;1;;;
02/12/2016;17:48:00;489;sem vítima;564,7;BR-153/GO;Sul;Tombamento;;;1;;;;;;;;1;;;;
02/12/2016;18:42:00;523;com vítima;460,5;BR-262/MG;Leste;Outros - sequências;1;;;;;;;;;;0;;2;;
02/12/2016;18:43:00;525;sem vítima;497;BR-153/GO;Sul;Engavetamento;3;;;;;;;;;;3;;;;
02/12/2016;18:44:00;527;sem vítima;604;BR-153/GO;Sul;Saida de Pista;1;;;;;;;;;;5;;;;
02/12/2016;21:29:00;603;com vítima;442,8;BR-262/MG;Leste;Outros - sequências;1;;;;;;;;;1;0;3;;;
02/12/2016;22:02:00;621;com vítima;148;BR-153/MG;Sul;Choque - Suporte de Sinalização;;;;1;;;;;;;0;1;;;
03/12/2016;03:04:00;43;sem vítima;365;BR-262/MG;Oeste;Outros - sequências;1;;;;;;;;;;1;;;;
03/12/2016;04:47:00;67;com vítima;428;BR-262/MG;Leste;Outros - sequências;;;;1;;1;;;;;1;;;;1
03/12/2016;06:06:00;83;com vítima;549,5;BR-262/MG;Leste;Colisão Frontal;;;2;;;;;;;;0;;;1;1
03/12/2016;06:39:00;92;sem vítima;6;BR-060/DF;Norte;Queda de Moto;;;;1;;;;;;;1;;;;
03/12/2016;10:01:00;175;com vítima;3;BR-060/GO;Norte;Queda de Moto;;;;1;;;;;;;0;1;;;
03/12/2016;10:03:00;179;sem vítima;640;BR-262/MG;Leste;Colisão Frontal;1;;1;;;;;;;;3;;;;
03/12/2016;12:20:00;278;com vítima;112,3;BR-060/GO;Sul;Saida de Pista;1;;;;;;;;;;0;1;;;
03/12/2016;12:21:00;279;sem vítima;112;BR-060/GO;Sul;Saida de Pista;;;1;;;;;;;;1;;;;
03/12/2016;12:41:00;285;com vítima;227,5;BR-153/MG;Norte;Saida de Pista;1;;;;;;;;;;0;1;;;
03/12/2016;12:59:00;296;sem vítima;590;BR-262/MG;Leste;Outros - sequências;;;;;;;;;;1;1;;;;
03/12/2016;13:12:00;303;com vítima;517;BR-153/GO;Sul;Saida de Pista;1;;;;;;;;;;0;5;;;
03/12/2016;13:17:00;305;sem vítima;585;BR-262/MG;Leste;Outros - sequências;;;;;;;;;;1;1;;;;
03/12/2016;13:34:00;314;sem vítima;48;BR-060/GO;Sul;Outros - sequências;1;;;;;;;;;;2;;;;
03/12/2016;13:36:00;315;sem vítima;430,6;BR-262/MG;Leste;Saida de Pista;1;;;;;;;;;;4;;;;
03/12/2016;13:40:00;316;sem vítima;442;BR-262/MG;Oeste;Saida de Pista;1;;;;;;;;;;1;;;;
03/12/2016;14:06:00;329;sem vítima;580,5;BR-153/GO;Sul;Tombamento;;;1;;;;;;;;1;;;;
03/12/2016;15:43:00;381;sem vítima;25;BR-060/GO;Sul;Outros - sequências;1;;;;;;;;;;1;;;;
03/12/2016;16:24:00;407;sem vítima;53,5;BR-060/GO;Norte;Saida de Pista;1;;;;;;;;;;1;;;;
03/12/2016;17:05:00;428;sem vítima;27;BR-060/DF;Sul;Outros - sequências;;;;;;;;;;1;1;;;;
03/12/2016;17:07:00;430;sem vítima;14;BR-060/GO;Norte;Atropelamento - Ciclista;;1;;;;1;;;;;2;;;;
03/12/2016;17:37:00;446;sem vítima;18,5;BR-060/GO;Norte;Saida de Pista;1;;;;;;;;;;1;;;;
03/12/2016;17:48:00;450;sem vítima;26,7;BR-060/DF;Norte;Colisão Transversal;2;;;;;;;;;;2;;;;
03/12/2016;19:59:00;507;sem vítima;798;BR-262/MG;Leste;Choque - Talude;1;;;;;;;;;;2;;;;
03/12/2016;20:16:00;512;com vítima;130;BR-153/MG;Norte;Saida de Pista;1;;1;;;;;;;;1;2;;;
03/12/2016;20:45:00;522;com vítima;679;BR-262/MG;Leste;Colisão Traseira;1;;;;;;;;;1;1;1;;;
03/12/2016;21:01:00;527;com vítima;32;BR-060/GO;Norte;Queda de Moto;;;;1;;1;;;;;1;;1;;
03/12/2016;21:12:00;530;sem vítima;522,4;BR-153/GO;Norte;Saida de Pista;1;;;;;;;;;;1;;;;
03/12/2016;21:58:00;547;com vítima;594;BR-262/MG;Oeste;Tombamento;;;1;;;;;;;;0;1;;;
04/12/2016;00:50:00;12;sem vítima;507,2;BR-153/GO;Norte;Colisão Traseira;1;;;1;;;;;;;2;;;;
04/12/2016;07:18:00;78;sem vítima;90;BR-060/GO;Sul;Colisão Traseira;1;;;;1;;;;;;2;;;;
04/12/2016;07:20:00;81;sem vítima;225;BR-153/MG;Sul;Colisão Traseira;;;2;;;;;;;;2;;;;
04/12/2016;07:55:00;94;com vítima;413;BR-262/MG;Leste;Saida de Pista;2;;;;;;;;;;1;2;1;1;
04/12/2016;09:37:00;150;sem vítima;150;BR-153/MG;Sul;Tombamento;;;1;;;;;;;;1;;;;
04/12/2016;11:39:00;208;sem vítima;512;BR-153/GO;Sul;;1;;;1;;;;;;;2;;;;
04/12/2016;12:56:00;244;sem vítima;117;BR-060/GO;Sul;Saida de Pista;1;;;;;;;;;;3;;;;
04/12/2016;12:54:00;245;sem vítima;90;BR-060/GO;Sul;Colisão Traseira;1;;1;;;;;;;;2;;;;
04/12/2016;13:16:00;249;sem vítima;10,7;BR-060/GO;Sul;Saida de Pista;1;;;;;;;;;;1;;;;
04/12/2016;13:59:00;267;com vítima;192,6;BR-153/MG;Sul;Tombamento;;;1;;;;;;;;1;1;;;
04/12/2016;14:57:00;298;com vítima;477;BR-262/MG;Oeste;Colisão Transversal;1;;;1;;;;;;;1;1;;;
04/12/2016;15:02:00;300;com vítima;380;BR-262/MG;Leste;Capotamento;1;;;;;;;;;;0;2;;;
04/12/2016;15:43:00;318;sem vítima;26;BR-060/DF;Sul;Saida de Pista;1;;;;;;;;;;1;;;;
04/12/2016;17:08:00;364;sem vítima;431,5;BR-262/MG;Leste;Saida de Pista;1;;;;;;;;;;1;;;;
04/12/2016;17:15:00;368;sem vítima;500,5;BR-153/GO;Sul;Saida de Pista;;;1;;;;;;;;1;;;;
04/12/2016;18:05:00;400;sem vítima;564;BR-153/GO;Norte;Saida de Pista;1;;;;;;;;;;1;;;;
04/12/2016;18:18:00;408;com vítima;728;BR-262/MG;Leste;Saida de Pista;1;;;;;;;;;;0;3;;;
04/12/2016;19:10:00;437;sem vítima;417;BR-262/MG;Leste;Saida de Pista;1;;;;;;;;;;1;;;;
04/12/2016;19:11:00;438;sem vítima;97;BR-060/GO;Norte;Colisão Traseira;2;;;;;;;;;;2;;;;
04/12/2016;19:49:00;462;com vítima;655;BR-262/MG;Oeste;Colisão Frontal;1;;1;;;;;;;;0;3;;;
04/12/2016;20:19:00;478;sem vítima;31;BR-060/GO;Sul;Colisão Lateral;1;;;;;;;;;1;2;;;;
04/12/2016;20:29:00;481;sem vítima;560;BR-262/MG;Leste;Saida de Pista;1;;;;;;;;;;1;;;;
04/12/2016;20:45:00;487;sem vítima;7;BR-060/DF;Norte;Colisão Lateral;2;;;;;;;;;;2;;;;
04/12/2016;20:46:00;488;com vítima;358;BR-262/MG;Oeste;Outros - sequências;;;;1;;;;;;2;2;;;;1
04/12/2016;21:29:00;508;sem vítima;579;BR-262/MG;Oeste;Saida de Pista;;;1;;;;;;;;1;;;;
04/12/2016;22:17:00;524;com vítima;12;BR-153/MG;Norte;Saida de Pista;1;;;;;;;;;;1;1;;;
04/12/2016;23:42:00;546;sem vítima;4;BR-060/DF;Sul;Colisão Lateral;2;;;;;1;;;;;3;;;;
05/12/2016;04:06:00;50;sem vítima;382;BR-262/MG;Leste;Saida de Pista;1;;;;;;;;;;1;;;;
05/12/2016;04:36:00;53;sem vítima;403;BR-262/MG;Oeste;Saida de Pista;1;;;;;;;;;;1;;;;
05/12/2016;07:00:00;100;com vítima;76;BR-153/MG;Norte;Saida de Pista;1;;;;;;;;;;4;1;;;
05/12/2016;07:40:00;120;sem vítima;388;BR-262/MG;Oeste;Saida de Pista;1;;;;;;;;;;1;;;;
05/12/2016;07:58:00;132;com vítima;502;BR-153/GO;Norte;Engavetamento;3;;;;;;;;;;4;1;;;
05/12/2016;08:30:00;150;com vítima;500;BR-153/GO;Sul;Colisão Lateral;;;1;1;;1;;;;;3;1;;;
05/12/2016;09:05:00;197;sem vítima;501;BR-153/GO;Sul;Colisão Traseira;1;;;;;;;;;1;2;;;;
05/12/2016;09:39:00;222;com vítima;667;BR-262/MG;Leste;Saida de Pista;1;;;;;;;;;;2;1;;;
05/12/2016;10:20:00;254;sem vítima;617;BR-262/MG;Oeste;Saida de Pista;1;;;;;;;;;;2;;;;
05/12/2016;12:13:00;354;com vítima;494;BR-153/GO;Norte;Queda de Moto;;;;1;;1;;;;;1;2;;;
05/12/2016;12:50:00;376;com vítima;480,6;BR-262/MG;Oeste;Colisão Frontal;1;;;;;;;;;1;1;;2;;
05/12/2016;13:20:00;383;com vítima;188,044;BR-153/MG;Norte;Tombamento;;;1;;;;;;;;0;1;;;
05/12/2016;13:32:00;386;sem vítima;388;BR-262/MG;Leste;Saida de Pista;1;;;;;;;;;;1;;;;
05/12/2016;13:42:00;394;sem vítima;385;BR-262/MG;Leste;Saida de Pista;1;;;;;;;;;;1;;;;
05/12/2016;13:49:00;400;sem vítima;591;BR-262/MG;Leste;Saida de Pista;1;;;;;;;;;;1;;;;
05/12/2016;13:58:00;402;com vítima;473,1;BR-262/MG;Leste;Engavetamento;1;;;;;;;;;2;2;1;;;
05/12/2016;14:12:00;406;com vítima;188,044;BR-153/MG;Norte;Outros - sequências;1;;3;;;;;;;;0;2;;;2
05/12/2016;14:25:00;416;com vítima;379;BR-262/MG;Leste;Saida de Pista;;;1;;;;;;;;0;1;;;
05/12/2016;14:58:00;435;sem vítima;380,2;BR-262/MG;Leste;Saida de Pista;1;;;;;;;;;;1;;;;
05/12/2016;18:49:00;586;sem vítima;661;BR-153/GO;Norte;Colisão Traseira;1;;1;;;;;;;;6;;;;
05/12/2016;18:52:00;588;com vítima;34;BR-153/MG;Sul;Choque - Poste;1;;;;;;;;;;0;1;;;
05/12/2016;18:53:00;589;sem vítima;442,5;BR-262/MG;Leste;Atropelamento - Ciclista;1;1;;;;;;;;;2;;;;
05/12/2016;20:15:00;618;sem vítima;92;BR-060/GO;Norte;Choque - Outros;;;;;;1;;;;;1;;;;
06/12/2016;01:59:00;34;com vítima;516;BR-153/GO;Sul;Colisão Traseira;2;;;;;;;;;;1;;1;;
06/12/2016;03:08:00;42;sem vítima;90;BR-060/GO;Norte;Saida de Pista;1;;;;;;;;;;3;;;;
06/12/2016;09:57:00;228;sem vítima;503,14;BR-153/GO;Norte;Colisão Traseira;;;1;;;;;;;1;2;;;;
06/12/2016;14:02:00;456;sem vítima;77;BR-153/MG;Norte;Outros - sequências;1;;;;;;;;;;1;;;;
06/12/2016;16:00:00;552;com vítima;134,6;BR-153/MG;Norte;Engavetamento;;;3;;1;;;;;;2;3;2;;
06/12/2016;16:21:00;564;com vítima;114;BR-060/GO;Sul;Queda de Ciclista;;;;1;1;;;;;;1;1;;;
06/12/2016;16:44:00;583;sem vítima;499,7;BR-153/GO;Norte;Colisão Traseira;2;;;;;;;;;;2;;;;
06/12/2016;17:48:00;611;sem vítima;137,9;BR-060/GO;Sul;Colisão Traseira;1;;;1;;;;;;;2;;;;
06/12/2016;18:30:00;626;com vítima;133,097;BR-060/GO;Norte;Atropelamento - Andarilho;;;1;;;;;;;;1;;;;1
06/12/2016;18:42:00;634;com vítima;380;BR-262/MG;Oeste;Queda de Moto;;;;2;;;;;;;0;1;1;;
06/12/2016;19:34:00;649;sem vítima;597;BR-153/GO;Norte;Saida de Pista;1;;;;;;;;;;4;;;;
06/12/2016;19:45:00;654;sem vítima;556;BR-153/GO;Norte;Saida de Pista;1;;;;;;;;;;1;;;;
06/12/2016;20:40:00;691;sem vítima;510;BR-153/GO;Sul;Colisão Traseira;1;;;;;1;;;;;3;;;;
06/12/2016;20:44:00;693;sem vítima;419;BR-262/MG;Leste;Saida de Pista;1;;;;;;;;;;1;;;;
06/12/2016;21:37:00;708;com vítima;507;BR-153/GO;Sul;Outros - sequências;1;;;1;;;;;;;0;;1;1;
06/12/2016;21:37:00;724;sem vítima;507;BR-153/GO;Sul;Outros - sequências;1;;2;;;;;;;;5;;;;
07/12/2016;06:34:00;46;sem vítima;99;BR-060/GO;Norte;Saida de Pista;;;1;;;;;;;;1;;;;
07/12/2016;06:59:00;54;com vítima;437;BR-262/MG;Leste;Capotamento;2;;;;;;;;;;1;1;;;
07/12/2016;07:34:00;63;sem vítima;503,676;BR-153/GO;Norte;Colisão Traseira;1;;;1;;;;;;;2;;;;
07/12/2016;08:34:00;103;com vítima;494,841;BR-153/GO;Sul;Queda de Moto;;;;1;;;;;;;0;1;;;
07/12/2016;08:47:00;110;sem vítima;138;BR-060/GO;Norte;Colisão Lateral;1;;;;;1;;;;;2;;;;
07/12/2016;13:24:00;294;com vítima;490,65;BR-153/GO;Sul;Atropelamento - Outros;1;;;;;;;;;;1;;;1;
07/12/2016;14:43:00;338;sem vítima;587;BR-262/MG;Oeste;Carreta deu L;;;1;;;;;;;;1;;;;
07/12/2016;15:00:00;351;com vítima;479;BR-262/MG;Oeste;Queda de Moto;;;;1;;;;;;;0;1;;;
07/12/2016;15:09:00;356;sem vítima;537;BR-153/GO;Sul;Saida de Pista;;;1;;;;;;;;1;;;;
07/12/2016;16:05:00;385;sem vítima;45;BR-060/GO;Norte;Outros - sequências;1;;;;;1;;;;;2;;;;
07/12/2016;16:15:00;389;sem vítima;792,3;BR-262/MG;Oeste;Colisão Traseira;2;;;;;;;;;;2;;;;
07/12/2016;16:32:00;404;sem vítima;856,5;BR-262/MG;Leste;Capotamento;1;;;;;1;;;;;4;;;;
07/12/2016;18:34:00;468;com vítima;109;BR-060/GO;Norte;Tombamento;;;1;;;;;;;;1;2;;;
08/12/2016;06:26:00;90;com vítima;473;BR-262/MG;Leste;Saida de Pista;1;;1;;;;;;;;0;2;;;
08/12/2016;07:07:00;105;sem vítima;508,395;BR-153/GO;Sul;Engavetamento;3;;3;;;;;;;;6;;;;
08/12/2016;07:27:00;113;sem vítima;507,541;BR-153/GO;Sul;Colisão Traseira;2;;;;;;;;;;2;;;;
08/12/2016;07:54:00;127;sem vítima;161;BR-153/MG;Sul;Colisão Traseira;;;2;;;;;;;;2;;;;
08/12/2016;10:43:00;236;sem vítima;113,914;BR-060/GO;Norte;Saida de Pista;;;1;;;;;;;;1;;;;
08/12/2016;12:20:00;294;sem vítima;508;BR-153/GO;Sul;Engavetamento;2;;1;;;;;;;;3;;;;
08/12/2016;12:41:00;307;sem vítima;48,2;BR-060/GO;Norte;Saida de Pista;1;;;;;;;;;;1;;;;
08/12/2016;13:10:00;323;sem vítima;630;BR-262/MG;Leste;Saida de Pista;1;;;;;;;;;;4;;;;
08/12/2016;13:53:00;343;sem vítima;28,431;BR-060/DF;Norte;Choque - Talude;;;;;;;;;;1;1;;;;
08/12/2016;14:06:00;345;sem vítima;551;BR-262/MG;Leste;Colisão Traseira;;;2;;;;;;;;2;;;;
08/12/2016;14:12:00;349;sem vítima;498;BR-153/GO;Norte;Tombamento;;;1;;;;;;;;1;;;;
08/12/2016;16:36:00;430;com vítima;369,2;BR-262/MG;Oeste;Outros - sequências;1;;1;;;;;;;;1;1;;;
08/12/2016;18:04:00;475;com vítima;91,779;BR-060/GO;Norte;Atropelamento - Morador;;;1;;;;;;;;1;;;;1
08/12/2016;22:05:00;591;sem vítima;57;BR-153/MG;Norte;Outros - sequências;;;2;;;1;;;;;3;;;;
09/12/2016;00:37:00;20;sem vítima;557,7;BR-153/GO;Norte;Colisão Traseira;1;;;;;1;;;;;2;;;;
09/12/2016;01:28:00;26;sem vítima;528;BR-153/GO;Norte;Saida de Pista;1;;;;;;;;;;1;;;;
09/12/2016;08:04:00;129;sem vítima;502,446;BR-153/GO;Norte;Engavetamento;3;;;;;;;;;;3;;;;
09/12/2016;08:23:00;145;com vítima;367,7;BR-262/MG;Oeste;Outros - sequências;1;;;;;;;;;;0;;;1;
09/12/2016;09:31:00;200;sem vítima;437;BR-262/MG;Leste;Saida de Pista;1;;;;;1;;;;;2;;;;
09/12/2016;12:44:00;318;sem vítima;356;BR-262/MG;Leste;Saida de Pista;1;;;;;;;;;;1;;;;
09/12/2016;12:49:00;319;com vítima;357;BR-262/MG;Leste;Queda de Ciclista;;;;1;;;;;;;1;1;;;
09/12/2016;13:20:00;337;sem vítima;584;BR-153/GO;Sul;Saida de Pista;1;;;;;;;;;;1;;;;
09/12/2016;13:41:00;348;com vítima;592,5;BR-153/GO;Norte;Outros - sequências;1;;;;;;;;;;0;2;;;
09/12/2016;14:52:00;384;sem vítima;537,5;BR-153/GO;Sul;Colisão Lateral;1;;1;;;;;;;;2;;;;
09/12/2016;15:04:00;393;sem vítima;586;BR-153/GO;Norte;Saida de Pista;1;;;;;;;;;;1;;;;
09/12/2016;15:14:00;397;sem vítima;584;BR-153/GO;Sul;Saida de Pista;1;;;;;;;;;;1;;;;
09/12/2016;16:05:00;422;sem vítima;23,258;BR-060/DF;Norte;Capotamento;1;;;;;;;;;;1;;;;
09/12/2016;16:24:00;438;sem vítima;549;BR-262/MG;Leste;Saida de Pista;1;;;;;;;;;;1;;;;
09/12/2016;17:10:00;464;com vítima;30;BR-060/DF;Sul;Outros - sequências;1;;;;;;;;;;1;;1;;
09/12/2016;18:26:00;507;com vítima;506;BR-153/GO;Norte;Colisão Transversal;2;;;;;;;;;;0;2;;;
09/12/2016;18:42:00;516;com vítima;130;BR-060/GO;Sul;Colisão Traseira;;;;1;;1;;;;;1;1;;;
09/12/2016;19:41:00;548;com vítima;589,958;BR-262/MG;Leste;Outros - sequências;1;;;;;;;;;;0;1;;;
09/12/2016;21:52:00;603;sem vítima;34;BR-060/GO;Norte;Saida de Pista;1;;;;;;;;;;3;;;;
09/12/2016;22:51:00;633;com vítima;825;BR-262/MG;Leste;Queda de Moto;;;;1;;1;;;;;1;1;;;
09/12/2016;23:38:00;655;com vítima;509,679;BR-153/GO;Sul;Capotamento;2;;;;;;;;;;2;3;;;
09/12/2016;23:59:00;661;sem vítima;1;BR-060/DF;Norte;Colisão Traseira;2;;;;;;;;;;2;;;;
10/12/2016;01:07:00;20;com vítima;245;BR-153/MG;Norte;Outros - sequências;1;;;;;;;;;;0;1;;;
10/12/2016;06:02:00;79;com vítima;512;BR-153/GO;Sul;Colisão Lateral;;;;2;;;;;;;0;2;;;
10/12/2016;10:05:00;197;sem vítima;42,5;BR-153/MG;Sul;Colisão Lateral;1;;;;;1;;;;;2;;;;
10/12/2016;13:57:00;353;com vítima;116;BR-060/GO;Sul;Outros - sequências;2;;;;;1;;;;;3;;2;;
10/12/2016;14:10:00;361;com vítima;109;BR-153/MG;Norte;Saida de Pista;1;;;;;;;;;;0;2;;;
10/12/2016;14:33:00;375;sem vítima;388;BR-262/MG;Oeste;Saida de Pista;1;;;;;;;;;;1;;;;
10/12/2016;14:37:00;377;sem vítima;774;BR-262/MG;Leste;Queda de Ciclista;;;;1;;;;;;;1;;;;
10/12/2016;15:30:00;406;com vítima;442;BR-262/MG;Leste;Colisão Transversal;1;;;1;;;;;;;1;1;;;
10/12/2016;15:34:00;409;sem vítima;566;BR-153/GO;Sul;Saida de Pista;1;;;;;;;;;;1;;;;
10/12/2016;15:38:00;413;sem vítima;382;BR-262/MG;Oeste;Saida de Pista;1;;;;;;;;;;1;;;;
10/12/2016;15:40:00;415;com vítima;379,5;BR-262/MG;Oeste;Saida de Pista;;;;;;;;;;1;1;1;;;
10/12/2016;15:40:00;417;sem vítima;361;BR-262/MG;Oeste;Saida de Pista;1;;;;;;;;;;1;;;;
10/12/2016;16:20:00;434;sem vítima;543;BR-153/GO;Sul;Choque - Talude;1;;;;;;;;;;1;;;;
10/12/2016;16:53:00;457;com vítima;589;BR-153/GO;Sul;Colisão Traseira;2;;;;;;;;;;2;1;;;
10/12/2016;16:57:00;460;sem vítima;610;BR-262/MG;Leste;Saida de Pista;;;1;;;;;;;;1;;;;
10/12/2016;17:24:00;470;sem vítima;3;BR-060/DF;Sul;Colisão Traseira;1;;;1;;;;;;;2;;;;
10/12/2016;17:27:00;471;sem vítima;608;BR-262/MG;Leste;Saida de Pista;;;1;;;;;;;;1;;;;
10/12/2016;17:36:00;481;sem vítima;563;BR-153/GO;Sul;Saida de Pista;1;;;;;;;;;;1;;;;
10/12/2016;18:07:00;491;sem vítima;418;BR-262/MG;Leste;Outros - sequências;1;;;;;;;;;;1;;;;
10/12/2016;18:32:00;510;com vítima;618,535;BR-153/GO;Norte;Outros - sequências;1;;;;;;;;;1;1;2;1;;1
10/12/2016;18:43:00;514;com vítima;502;BR-153/GO;Sul;Colisão Traseira;;;;1;;1;;;;;1;1;;;
10/12/2016;18:25:00;526;com vítima;618;BR-153/GO;Norte;Saida de Pista;1;;;;;;;;;;0;1;1;;
10/12/2016;18:28:00;528;com vítima;618;BR-153/GO;Norte;Saida de Pista;1;;;;;;;;;;0;2;;;
10/12/2016;20:41:00;552;com vítima;88,5;BR-060/GO;Norte;Colisão Lateral;;;;1;;1;;;;;1;1;;;
10/12/2016;20:57:00;559;com vítima;93;BR-060/GO;Sul;Atropelamento - Morador;;;;1;;;;;;;1;1;;;
10/12/2016;21:56:00;584;com vítima;800;BR-262/MG;Leste;Queda de Moto;;;;1;;;;;;;0;1;;;
10/12/2016;22:05:00;586;com vítima;216;BR-153/MG;Sul;Saida de Pista;1;;;;;;;;;;0;3;;;
10/12/2016;22:43:00;600;com vítima;47;BR-153/MG;Norte;Colisão Traseira;1;;;;;1;;;;;3;2;;;
11/12/2016;00:21:00;11;sem vítima;520;BR-153/GO;Sul;Saida de Pista;1;;;;;;;;;;1;;;;
11/12/2016;02:25:00;39;sem vítima;137,15;BR-060/GO;Norte;Colisão Lateral;2;;;;;;;;;;2;;;;
11/12/2016;02:56:00;43;com vítima;790;BR-262/MG;Oeste;Colisão Lateral;1;;1;;;;;;;;1;;1;;
11/12/2016;04:14:00;52;com vítima;414;BR-262/MG;Leste;Capotamento;1;;;;;;;;;;0;2;;;
11/12/2016;05:39:00;67;sem vítima;504,5;BR-153/GO;Norte;Colisão Traseira;1;;;;;;;;;;1;;;;
11/12/2016;07:25:00;101;com vítima;8,84;BR-153/MG;Sul;Saida de Pista;;;;;;1;;;;1;4;2;;;
11/12/2016;09:46:00;194;sem vítima;553,116;BR-262/MG;Leste;Tombamento;;;1;;;;;;;;1;;;;
11/12/2016;10:01:00;272;com vítima;4;BR-060/GO;Norte;Queda de Moto;;;;1;;;;;;;0;1;;;
11/12/2016;10:02:00;273;sem vítima;125;BR-153/MG;Norte;Colisão Lateral;1;;1;;;;;;;;2;;;;
11/12/2016;10:08:00;275;sem vítima;840;BR-262/MG;Oeste;Saida de Pista;1;;;;;;;;;;1;;;;
11/12/2016;13:09:00;392;sem vítima;29;BR-060/GO;Sul;Capotamento;1;;;;;;;;;;1;;;;
11/12/2016;13:49:00;405;com vítima;481,8;BR-262/MG;Leste;Colisão Transversal;1;;1;;;;;;;;1;1;;;
11/12/2016;14:36:00;422;sem vítima;523;BR-262/MG;Oeste;Outros - sequências;1;;;;;;;;;;1;;;;
11/12/2016;15:16:00;496;sem vítima;38;BR-060/GO;Sul;Saida de Pista;1;;;;;;;;;;3;;;;
11/12/2016;15:38:00;512;sem vítima;406;BR-262/MG;Leste;Saida de Pista;1;;;;;;;;;;1;;;;
11/12/2016;15:40:00;513;sem vítima;587;BR-262/MG;Oeste;Saida de Pista;;;1;;;;;;;;1;;;;
11/12/2016;15:46:00;516;com vítima;589;BR-153/GO;Norte;Capotamento;1;;;;;;;;;;1;2;;1;1
11/12/2016;15:59:00;530;com vítima;460;BR-262/MG;Oeste;Outros - sequências;2;;;;;;;;;;2;1;;;
11/12/2016;16:13:00;540;sem vítima;507;BR-153/GO;Sul;Choque - Defensa, barreira ou "submarino";1;;1;;;;;;;;2;;;;