data;horario;n_da_ocorrencia;tipo_de_ocorrencia;km;trecho;sentido;tipo_de_acidente;automovel;bicicleta;caminhao;moto;onibus;outros;tracao_animal;transporte_de_cargas_especiais;trator_maquinas;utilitarios;ilesos;levemente_feridos;moderadamente_feridos;gravemente_feridos;mortos
11/12/2016;16:17:00;541;sem vítima;513;BR-153/GO;Norte;Choque - Suporte de Sinalização;1;;;;;;;;;;1;;;;
11/12/2016;16:22:00;543;sem vítima;56,8;BR-060/GO;Sul;Choque - Defensa, barreira ou "submarino";1;;;;;;;;;;1;;;;
11/12/2016;16:31:00;548;sem vítima;404,5;BR-262/MG;Oeste;Colisão Lateral;2;;;;;;;;;;5;;;;
11/12/2016;16:38:00;551;com vítima;460;BR-262/MG;Oeste;Colisão Traseira;1;;;;;;;;;1;0;2;;;
11/12/2016;16:53:00;558;sem vítima;586;BR-262/MG;Leste;Colisão Lateral;2;;;;;;;;;;4;;;;
11/12/2016;17:10:00;568;sem vítima;594;BR-262/MG;Oeste;Objeto lançado contra veículo;;;1;;;;;;;;1;;;;
11/12/2016;17:30:00;578;sem vítima;586;BR-262/MG;Leste;Saida de Pista;;;;;;;;;;1;1;;;;
11/12/2016;17:39:00;581;com vítima;359;BR-262/MG;Leste;Choque - Elemento de Drenagem;1;;;;;;;;;;0;1;;;
11/12/2016;18:39:00;604;com vítima;373;BR-262/MG;Oeste;Queda de Ciclista;;;;1;;;;;;;0;2;;;
11/12/2016;20:08:00;648;sem vítima;510;BR-262/MG;Leste;Saida de Pista;;;1;;;;;;;;1;;;;
11/12/2016;21:21:00;679;sem vítima;37,5;BR-060/GO;Norte;Colisão Traseira;1;;;;1;;;;;;17;;;;
11/12/2016;23:00:00;709;com vítima;504;BR-153/GO;Sul;Queda de Moto;;;;1;;;;;;;0;1;;;
11/12/2016;23:20:00;727;sem vítima;85;BR-060/GO;Sul;Atropelamento de Animal;1;;;;;;;;;;1;;;;
12/12/2016;00:55:00;9;com vítima;416;BR-262/MG;Oeste;Atropelamento de Animal;1;;;;;;;;;;0;5;;;
12/12/2016;06:48:00;58;com vítima;129,5;BR-060/GO;Sul;Queda de Moto;;;;1;;;;;;;0;1;;;
12/12/2016;07:09:00;70;com vítima;660;BR-262/MG;Leste;Saida de Pista;1;;;;;;;;;;0;5;;;
12/12/2016;08:02:00;99;sem vítima;505;BR-153/GO;Sul;Colisão Traseira;1;;1;;;;;;;;2;;;;
12/12/2016;09:46:00;182;sem vítima;491;BR-262/MG;Leste;Colisão Lateral;;;1;;;;;;;1;2;;;;
12/12/2016;12:17:00;301;sem vítima;547;BR-262/MG;Leste;Saida de Pista;1;;;;;;;;;;1;;;;
12/12/2016;12:21:00;305;com vítima;762;BR-262/MG;Oeste;Saida de Pista;1;;;;;;;;;;0;2;;;
12/12/2016;13:22:00;338;sem vítima;118;BR-060/GO;Sul;Colisão Traseira;2;;;;;;;;;;2;;;;
12/12/2016;14:25:00;371;com vítima;654,027;BR-153/GO;Norte;Outros - sequências;1;;;;;;;;;;1;2;1;;
12/12/2016;16:18:00;441;sem vítima;589,4;BR-262/MG;Oeste;Saida de Pista;1;;;;;;;;;;5;;;;
12/12/2016;16:57:00;463;com vítima;598,8;BR-153/GO;Norte;Colisão Traseira;;;2;;;1;;;;;3;1;;;
12/12/2016;17:39:00;481;sem vítima;27,4;BR-060/GO;Norte;Saida de Pista;;;;;;1;;;;1;2;;;;
12/12/2016;20:51:00;546;com vítima;504;BR-153/GO;Sul;Outros - sequências;1;;;1;;1;;;;;2;;1;;
13/12/2016;01:12:00;18;com vítima;502;BR-153/GO;Norte;Queda de Ciclista;;;;1;;;;;;;0;1;;;
13/12/2016;04:46:00;41;sem vítima;557;BR-153/GO;Sul;Saida de Pista;1;;;;;;;;;;2;;;;
13/12/2016;06:29:00;59;com vítima;121,835;BR-060/GO;Norte;Queda de Moto;;;;1;;;;;;;0;2;;;
13/12/2016;06:46:00;64;com vítima;79;BR-153/MG;Sul;Colisão Lateral;1;;1;;;;;;;;0;;2;;2
13/12/2016;07:36:00;91;com vítima;558;BR-153/GO;Norte;Saida de Pista;;;;;;;;;;1;3;;1;;
13/12/2016;13:15:00;290;com vítima;138;BR-060/GO;Norte;Queda de Moto;;;;1;;;;;;;0;1;;;
13/12/2016;13:53:00;315;sem vítima;618,106;BR-153/GO;Norte;Outros - sequências;1;;;;;;;;;;3;;;;
13/12/2016;15:43:00;344;sem vítima;461,7;BR-262/MG;Oeste;Choque - Suporte de Sinalização;1;;;;;1;;;;;3;;;;
13/12/2016;15:55:00;349;sem vítima;634;BR-262/MG;Oeste;Saida de Pista;1;;;;;;;;;;2;;;;
13/12/2016;17:00:00;374;com vítima;594;BR-262/MG;Oeste;Colisão Frontal;;;2;;;;;;;;1;1;;;
13/12/2016;17:22:00;386;sem vítima;595;BR-262/MG;Leste;Colisão Traseira;;;2;;;;;;;1;3;;;;
13/12/2016;17:33:00;392;sem vítima;590;BR-262/MG;Leste;Saida de Pista;1;;;;;;;;;;1;;;;
13/12/2016;20:14:00;449;com vítima;497;BR-153/GO;Norte;Saida de Pista;1;;;;;;;;;;0;1;;;
13/12/2016;20:25:00;454;com vítima;112;BR-060/GO;Norte;Colisão Traseira;;;2;;;;;;;;3;1;;;
13/12/2016;20:39:00;461;sem vítima;595;BR-262/MG;Leste;Colisão Lateral;1;;;;;;;;;1;2;;;;
13/12/2016;22:10:00;483;sem vítima;803;BR-262/MG;Leste;Colisão Traseira;1;;;;;1;;;;;2;;;;
14/12/2016;03:06:00;28;com vítima;640;BR-153/GO;Sul;Saida de Pista;;;1;;;;;;;;0;1;;;
14/12/2016;03:08:00;29;com vítima;30;BR-060/DF;Norte;Saida de Pista;1;;;;;;;;;;0;1;;;
14/12/2016;05:42:00;50;sem vítima;580;BR-262/MG;Oeste;Saida de Pista;1;;;;;;;;;;1;;;;
14/12/2016;07:34:00;83;sem vítima;2,369;BR-060/DF;Sul;Outros - sequências;1;;;1;;;;;;;2;;;;
14/12/2016;09:02:00;146;com vítima;512;BR-153/GO;Sul;Queda de Moto;;;;1;;;;;;;0;1;;;
14/12/2016;09:16:00;157;com vítima;502,687;BR-262/MG;Oeste;Colisão Lateral;;;2;;;;;;;;0;1;1;;
14/12/2016;09:23:00;162;sem vítima;7,453;BR-060/DF;Norte;Tombamento;;;1;;;;;;;;1;;;;
14/12/2016;10:30:00;214;sem vítima;612,8;BR-153/GO;Sul;Capotamento;1;;;;;;;;;;2;;;;
14/12/2016;12:50:00;330;com vítima;574;BR-262/MG;Oeste;Saida de Pista;1;;;;;;;;;;0;2;;;
14/12/2016;13:56:00;355;sem vítima;711;BR-262/MG;Oeste;Choque - Arvore;;;;;;;;;;1;1;;;;
14/12/2016;14:05:00;362;sem vítima;714;BR-262/MG;Oeste;Saida de Pista;;;1;;;;;;;;1;;;;
14/12/2016;14:31:00;376;sem vítima;96,5;BR-060/GO;Sul;Colisão Traseira;1;;1;;;;;;;;2;;;;
14/12/2016;14:41:00;381;sem vítima;92,8;BR-060/GO;Sul;Choque - Defensa, barreira ou "submarino";1;;;;;1;;;;;2;;;;
14/12/2016;16:35:00;457;com vítima;197;BR-153/MG;Sul;Colisão Transversal;1;;1;;;;;;;;0;2;;;
14/12/2016;17:45:00;505;sem vítima;364;BR-262/MG;Oeste;Saida de Pista;1;;;;;;;;;;1;;;;
14/12/2016;18:44:00;544;sem vítima;510;BR-153/GO;Norte;Colisão Lateral;1;;1;;;;;;;;3;;;;
14/12/2016;21:05:00;615;com vítima;797;BR-262/MG;Leste;Outros - sequências;;;;1;;;;;;2;1;5;1;;
14/12/2016;21:57:00;637;sem vítima;17;BR-153/MG;Sul;Saida de Pista;1;;;;;;;;;;5;;;;
14/12/2016;23:34:00;658;com vítima;593,695;BR-262/MG;Oeste;Saida de Pista;1;;;;;;;;;;0;1;;;
15/12/2016;05:11:00;42;sem vítima;641;BR-153/GO;Sul;Colisão Traseira;;;2;;;;;;;;2;;;;
15/12/2016;08:01:00;108;sem vítima;594;BR-262/MG;Leste;Saida de Pista;;;1;;;;;;;;1;;;;
15/12/2016;08:36:00;135;sem vítima;493,409;BR-153/GO;Norte;Colisão Traseira;1;;;;;1;;;;;2;;;;
15/12/2016;08:36:00;137;sem vítima;4;BR-153/MG;Sul;Colisão Lateral;;;1;;;;;;;1;2;;;;
15/12/2016;08:39:00;138;sem vítima;641,5;BR-153/GO;Sul;Capotamento;1;;;;;1;;;;;4;;;;
15/12/2016;09:42:00;188;com vítima;218;BR-153/MG;Norte;Colisão Traseira;1;;1;;;;;;;;1;2;;;
15/12/2016;11:21:00;255;com vítima;459,629;BR-262/MG;Oeste;Outros - sequências;1;;1;;;;;;;;0;1;;;1
15/12/2016;12:04:00;279;com vítima;109,879;BR-060/GO;Sul;Saida de Pista;;;;1;;;;;;;0;;1;;
15/12/2016;12:07:00;282;com vítima;499,1;BR-262/MG;Oeste;Choque - Arvore;1;;;;;;;;;;1;2;1;;
15/12/2016;12:11:00;286;sem vítima;618;BR-153/GO;Norte;Saida de Pista;1;;;;;;;;;;1;;;;
15/12/2016;13:04:00;316;sem vítima;498,9;BR-262/MG;Oeste;Saida de Pista;;;;;;;;;;1;1;;;;
15/12/2016;13:13:00;319;sem vítima;589,4;BR-262/MG;Oeste;Saida de Pista;1;;;;;;;;;;1;;;;
15/12/2016;16:11:00;415;sem vítima;628;BR-153/GO;Sul;;1;;;;;;;;;;1;;;;
15/12/2016;16:16:00;419;com vítima;628;BR-153/GO;Norte;Capotamento;1;;;;;;;;;;3;1;;;
15/12/2016;16:29:00;427;sem vítima;113;BR-060/GO;Sul;Capotamento;1;;;;;;;;;;2;;;;
15/12/2016;16:58:00;445;sem vítima;561;BR-153/GO;Sul;Saida de Pista;1;;;;;;;;;;1;;;;
15/12/2016;17:13:00;450;sem vítima;382;BR-262/MG;Leste;Capotamento;1;;;;;;;;;;1;;;;
15/12/2016;17:48:00;472;sem vítima;562;BR-153/GO;Norte;Saida de Pista;;;1;;;;;;;;1;;;;
15/12/2016;17:51:00;473;sem vítima;498,5;BR-153/GO;Sul;Colisão Traseira;2;;;;;;;;;;2;;;;
15/12/2016;17:56:00;476;sem vítima;139,7;BR-153/MG;Sul;Outros - sequências;1;;;;;;;;;;4;;;;
15/12/2016;18:24:00;498;sem vítima;590;BR-262/MG;Oeste;Carreta deu L;;;1;;;;;;;;1;;;;
15/12/2016;19:18:00;523;sem vítima;583;BR-153/GO;Sul;Outros - sequências;;;;;;;;;;1;2;;;;
15/12/2016;19:25:00;524;sem vítima;508;BR-153/GO;Norte;Colisão Traseira;1;;;;;1;;;;;2;;;;
15/12/2016;20:27:00;547;sem vítima;76;BR-153/MG;Norte;Tombamento;;;1;;;;;;;;1;;;;
15/12/2016;20:50:00;554;com vítima;456;BR-262/MG;Leste;Outros - sequências;1;;1;1;;;;;;;0;2;;2;
15/12/2016;21:44:00;574;sem vítima;74,9;BR-153/MG;Sul;Saida de Pista;;;1;;;;;;;;1;;;;
15/12/2016;22:32:00;595;com vítima;506;BR-153/GO;Sul;Outros - sequências;;;;1;;;;;;;1;1;;;
15/12/2016;23:51:00;627;com vítima;455,3;BR-262/MG;Leste;Colisão Frontal;1;;1;;;;;;;;1;;1;1;
15/12/2016;22:32:00;628;com vítima;506;BR-153/GO;Sul;Colisão Traseira;2;;;;;;;;;;1;1;;;
16/12/2016;00:17:00;6;com vítima;388,8;BR-262/MG;Oeste;Colisão Traseira;;;2;;;;;;;;0;2;;;
16/12/2016;01:42:00;22;sem vítima;433;BR-262/MG;Oeste;Outros - sequências;1;;;;;;;;;;1;;;;
16/12/2016;05:43:00;72;sem vítima;382;BR-262/MG;Leste;Saida de Pista;1;;;;;;;;;;2;;;;
16/12/2016;07:25:00;105;sem vítima;20;BR-153/MG;Sul;Saida de Pista;;;1;;;1;;;;;2;;;;
16/12/2016;08:06:00;136;com vítima;768;BR-262/MG;Oeste;Saida de Pista;1;;;;;;;;;;0;3;;;
16/12/2016;09:18:00;184;sem vítima;125,247;BR-060/GO;Norte;Outros - sequências;;;1;;;;;;;;3;;;;
16/12/2016;09:36:00;196;sem vítima;494;BR-153/GO;Sul;Saida de Pista;1;;;;;;;;;;1;;;;
16/12/2016;10:00:00;204;sem vítima;3,022;BR-060/DF;Sul;Colisão Traseira;2;;;;;;;;;;2;;;;
16/12/2016;13:38:00;366;com vítima;132,036;BR-060/GO;Norte;Saida de Pista;1;;;;;;;;;;0;1;;;
16/12/2016;19:00:00;555;sem vítima;500;BR-153/GO;Norte;Colisão Traseira;2;;;;;;;;;;2;;;;
16/12/2016;19:36:00;577;sem vítima;519;BR-262/MG;Oeste;Saida de Pista;;;1;;;;;;;;1;;;;
16/12/2016;21:45:00;648;sem vítima;409;BR-262/MG;Oeste;Saida de Pista;1;;;;;;;;;;1;;;;
17/12/2016;02:55:00;97;com vítima;470;BR-262/MG;Leste;Saida de Pista;1;;;;;;;;;;0;1;;;
17/12/2016;04:15:00;120;com vítima;532;BR-262/MG;Leste;Outros - sequências;1;;;;;;;;;;0;1;;;
17/12/2016;05:23:00;127;com vítima;17;BR-153/MG;Norte;Tombamento;;;1;;;;;;;;0;1;;;
17/12/2016;12:13:00;508;sem vítima;119;BR-060/GO;Norte;Colisão Traseira;1;;;;;2;;;;;3;;;;
17/12/2016;12:28:00;537;com vítima;111,5;BR-153/MG;Sul;Colisão Lateral;1;;;;;;;;;1;0;2;;;
17/12/2016;14:23:00;654;sem vítima;598;BR-153/GO;Norte;Capotamento;1;;;;;;;;;;1;;;;
17/12/2016;14:38:00;664;com vítima;540;BR-153/GO;Sul;Capotamento;1;;;;;;;;;;0;1;1;;
17/12/2016;14:41:00;669;sem vítima;377,4;BR-262/MG;Leste;Saida de Pista;;;1;;;;;;;;1;;;;
17/12/2016;16:14:00;750;sem vítima;579;BR-153/GO;Norte;Objeto lançado contra veículo;1;;;;;;;;;;1;;;;
17/12/2016;18:06:00;849;com vítima;368;BR-262/MG;Leste;Queda de Ciclista;;;;1;;;;;;;0;1;;;
17/12/2016;19:02:00;915;sem vítima;13;BR-060/DF;Sul;Saida de Pista;1;;;;;;;;;;1;;;;
17/12/2016;20:54:00;963;sem vítima;30,201;BR-060/DF;Sul;Colisão Lateral;1;;;;1;;;;;;2;;;;
17/12/2016;20:54:00;964;sem vítima;423;BR-262/MG;Oeste;Saida de Pista;1;;;;;;;;;;1;;;;
17/12/2016;21:00:00;967;com vítima;408;BR-262/MG;Leste;Colisão Traseira;1;;;1;;;;;;;0;1;1;;
18/12/2016;00:36:00;13;com vítima;492;BR-153/GO;Norte;Capotamento;1;;;;;;;;;;0;1;;;
18/12/2016;02:46:00;33;com vítima;589,1;BR-262/MG;Oeste;Queda de Moto;;;;1;;;;;;;0;;1;;
18/12/2016;05:06:00;52;sem vítima;1;BR-060/GO;Sul;Saida de Pista;1;;;;;;;;;;1;;;;
18/12/2016;05:35:00;55;com vítima;881,8;BR-262/MG;Oeste;Saida de Pista;1;;;;;;;;;;0;1;;;
18/12/2016;07:09:00;75;com vítima;3;BR-060/DF;Sul;Colisão Transversal;;;1;1;;;;;;;1;1;;;
18/12/2016;07:10:00;76;com vítima;59;BR-153/MG;Sul;Colisão Traseira;1;;1;;;;;;;;2;1;1;;
18/12/2016;10:31:00;271;sem vítima;96,828;BR-153/MG;Norte;Tombamento;;;1;;;1;;;;;2;;;;
18/12/2016;12:36:00;390;com vítima;58;BR-060/GO;Norte;Colisão Traseira;;;;1;;;;;;1;2;1;;;
18/12/2016;12:37:00;395;com vítima;418;BR-262/MG;Leste;Choque - Suporte de Sinalização;1;;;;;;;;;;0;1;;;
18/12/2016;13:33:00;418;sem vítima;562,6;BR-153/GO;Norte;Outros - sequências;1;;;;;;;;;;1;;;;
18/12/2016;16:48:00;537;sem vítima;811;BR-262/MG;Leste;Colisão Lateral;2;;;;;;;;;;2;;;;
18/12/2016;17:14:00;549;sem vítima;89;BR-060/GO;Norte;Atropelamento - Ciclista;1;1;;;;;;;;;2;;;;
18/12/2016;17:14:00;550;sem vítima;811;BR-262/MG;Leste;Choque - Suporte de Sinalização;1;;;;;;;;;;1;;;;
18/12/2016;18:26:00;600;sem vítima;513;BR-153/GO;Norte;Colisão Traseira;1;;;1;;;;;;;2;;;;
18/12/2016;18:58:00;626;sem vítima;369,8;BR-262/MG;Leste;Saida de Pista;1;;;;;;;;;;1;;;;
18/12/2016;19:53:00;649;com vítima;88;BR-060/GO;Norte;Queda de Moto;;;;1;;;;;;;0;1;;;
18/12/2016;20:26:00;664;com vítima;4;BR-060/DF;Sul;Colisão Lateral;1;;;1;;;;;;;1;;1;;
18/12/2016;20:32:00;667;sem vítima;840;BR-262/MG;Oeste;Tombamento;;;1;;;;;;;;1;;;;
18/12/2016;20:56:00;679;sem vítima;886,5;BR-262/MG;Leste;Saida de Pista;1;;;;;;;;;;1;;;;
18/12/2016;21:28:00;697;sem vítima;511;BR-153/GO;Sul;Choque - Outros;1;;;;;;;;;;1;;;;
18/12/2016;22:28:00;724;com vítima;505;BR-153/GO;Norte;Colisão Lateral;;;1;1;;;;;;;1;1;;;
19/12/2016;04:51:00;83;sem vítima;363,034;BR-262/MG;Leste;Atropelamento de Animal;;;1;;;;;;;;1;;;;
19/12/2016;06:02:00;118;com vítima;430;BR-262/MG;Leste;Choque - Arvore;1;;;;;;;;;;1;;;2;
19/12/2016;07:06:00;166;sem vítima;375;BR-262/MG;Oeste;Saida de Pista;1;;;;;;;;;;1;;;;
19/12/2016;07:17:00;173;sem vítima;431;BR-262/MG;Leste;Tombamento;;;1;;;;;;;;1;;;;
19/12/2016;07:44:00;189;sem vítima;505,105;BR-153/GO;Norte;Colisão Traseira;2;;;;;;;;;;2;;;;
19/12/2016;07:59:00;196;com vítima;653;BR-262/MG;Leste;Saida de Pista;;;;;;;;;;1;0;1;;;
19/12/2016;08:37:00;221;com vítima;412;BR-262/MG;Leste;Outros - sequências;;;;;;;;;;1;0;1;;;
19/12/2016;16:11:00;622;sem vítima;43;BR-060/GO;Norte;Colisão Traseira;2;;;;;;;;;;2;;;;
19/12/2016;17:36:00;703;sem vítima;502;BR-153/GO;Sul;Colisão Traseira;2;;;;;;;;;;2;;;;
19/12/2016;18:25:00;736;sem vítima;477;BR-262/MG;Oeste;Colisão Lateral;2;;;;;;;;;;2;;;;
19/12/2016;18:34:00;739;sem vítima;657,7;BR-153/GO;Norte;Saida de Pista;1;;;;;;;;;;5;;;;
19/12/2016;18:05:00;756;sem vítima;503;BR-153/GO;Norte;Colisão Traseira;;;;;;3;;;;1;4;;;;
19/12/2016;18:56:00;757;sem vítima;501;BR-153/GO;Sul;Engavetamento;2;;;;;1;;;;1;4;;;;
19/12/2016;19:17:00;763;com vítima;26;BR-153/MG;Sul;Saida de Pista;1;;;;;;;;;;0;2;;;
19/12/2016;21:53:00;829;sem vítima;7;BR-153/MG;Sul;Capotamento;1;;;;;;;;;;1;;;;
19/12/2016;22:02:00;833;sem vítima;5;BR-153/MG;Sul;;1;;;;;;;;;;1;;;;
19/12/2016;23:02:00;851;com vítima;96,5;BR-060/GO;Norte;Colisão Lateral;1;;;1;;;;;;;1;1;;;
20/12/2016;06:35:00;108;sem vítima;644;BR-153/GO;Norte;Colisão Traseira;;;1;;;1;;;;;2;;;;
20/12/2016;07:18:00;125;sem vítima;802;BR-262/MG;Leste;Colisão Traseira;2;;;;;;;;;;2;;;;
20/12/2016;12:31:00;364;sem vítima;521;BR-262/MG;Leste;Saida de Pista;1;;;;;;;;;;2;;;;
20/12/2016;13:57:00;414;sem vítima;506;BR-153/GO;Norte;Colisão Lateral;2;;;;;;;;;;2;;;;
20/12/2016;14:10:00;426;com vítima;496;BR-153/GO;Sul;Colisão Traseira;1;;;1;;;;;;;1;1;;;
20/12/2016;16:01:00;534;com vítima;567;BR-153/GO;Sul;Saida de Pista;1;;1;;;;;;;;3;1;;;
20/12/2016;16:12:00;536;com vítima;56,077;BR-060/GO;Sul;Saida de Pista;1;;;;;;;;;;0;;1;;
20/12/2016;16:43:00;556;sem vítima;581;BR-153/GO;Sul;Saida de Pista;1;;;;;;;;;;1;;;;
20/12/2016;17:27:00;575;sem vítima;364;BR-262/MG;Oeste;Colisão Lateral;;;1;;1;;;;;;2;;;;
20/12/2016;18:21:00;605;sem vítima;458;BR-262/MG;Oeste;Engavetamento;4;;2;;;;;;;;8;;;;
20/12/2016;16:29:00;657;com vítima;56,077;BR-060/GO;Sul;Outros - sequências;2;;;;;;;;;;2;;1;;
21/12/2016;05:20:00;47;sem vítima;30;BR-153/MG;Norte;Outros - sequências;;;1;;;;;;;;1;;;;
21/12/2016;09:38:00;248;sem vítima;423;BR-262/MG;Leste;Choque - Outros;1;;;;;;;;;;2;;;;
21/12/2016;10:50:00;314;sem vítima;694;BR-262/MG;Leste;Colisão Traseira;1;;;;;;;;;;1;;;;
21/12/2016;11:03:00;336;sem vítima;105,434;BR-060/GO;Sul;Capotamento;1;;;;;;;;;;2;;;;
21/12/2016;11:31:00;364;sem vítima;402;BR-262/MG;Leste;Saida de Pista;;;;;;;;;;1;1;;;;
21/12/2016;11:54:00;376;sem vítima;437;BR-262/MG;Leste;Queda de Moto;;;;1;;;;;;;1;;;;
21/12/2016;16:44:00;611;sem vítima;128;BR-060/GO;Norte;Colisão Lateral;1;;;1;;;;;;;2;;;;
21/12/2016;17:02:00;627;sem vítima;673;BR-153/GO;Sul;Colisão Traseira;;;1;;;1;;;;;2;;;;
21/12/2016;18:51:00;715;sem vítima;95;BR-060/GO;Sul;Saida de Pista;1;;;;;;;;;;1;;;;
21/12/2016;19:11:00;726;sem vítima;449;BR-262/MG;Leste;Saida de Pista;;;;;;;;;;1;1;;;;
21/12/2016;19:19:00;730;sem vítima;98;BR-060/GO;Sul;Saida de Pista;1;;;;;;;;;;1;;;;
21/12/2016;20:17:00;766;com vítima;653,1;BR-262/MG;Leste;Colisão Traseira;;;2;;;;;;;;2;3;;;
21/12/2016;21:20:00;788;sem vítima;627,362;BR-153/GO;Norte;Colisão Frontal;;;1;;;;;;;;1;;;;
21/12/2016;23:53:00;845;sem vítima;72;BR-153/MG;Norte;Saida de Pista;;;1;;;;;;;;1;;;;
22/12/2016;02:24:00;48;sem vítima;412;BR-262/MG;Leste;Saida de Pista;1;;;;;;;;;;3;;;;
22/12/2016;03:39:00;63;sem vítima;52;BR-153/MG;Norte;Colisão Traseira;;;2;;;;;;;;2;;;;
22/12/2016;03:44:00;64;sem vítima;108;BR-153/MG;Norte;Saida de Pista;1;;;;;;;;;;2;;;;
22/12/2016;04:08:00;68;com vítima;160,312;BR-153/MG;Norte;Capotamento;1;;;;;;;;;;0;1;;;
22/12/2016;06:47:00;103;sem vítima;567;BR-153/GO;Norte;Saida de Pista;;;1;;;;;;;;1;;;;
22/12/2016;06:54:00;106;sem vítima;91,8;BR-153/MG;Sul;Saida de Pista;;;1;;;;;;;;1;;;;
22/12/2016;07:45:00;127;com vítima;611,124;BR-153/GO;Norte;Saida de Pista;1;;;;;;;;;;2;1;;;
22/12/2016;09:35:00;265;sem vítima;800;BR-262/MG;Leste;Colisão Traseira;1;;;;;1;;;;;2;;;;
22/12/2016;09:37:00;266;com vítima;128,458;BR-060/GO;Norte;Colisão Traseira;1;;1;;;;;;;;1;2;1;;
22/12/2016;16:40:00;582;com vítima;434;BR-262/MG;Oeste;Colisão Lateral;1;;1;;;;;;;;2;1;;;
22/12/2016;18:22:00;648;com vítima;495;BR-153/GO;Norte;Outros - sequências;;;;1;;1;;;;;2;2;;;
23/12/2016;03:20:00;49;sem vítima;511,88;BR-153/GO;Norte;Saida de Pista;1;;;;;;;;;;1;;;;
23/12/2016;03:47:00;53;sem vítima;679,3;BR-153/GO;Norte;Colisão Lateral;;;1;;;1;;;;;2;;;;
23/12/2016;06:28:00;80;com vítima;766;BR-262/MG;Leste;Saida de Pista;1;;;;;;;;;;0;1;;;
23/12/2016;08:49:00;157;com vítima;632,8;BR-153/GO;Sul;Capotamento;1;;;;;1;;;;;1;4;;;
23/12/2016;09:19:00;183;com vítima;755,095;BR-262/MG;Leste;Colisão Lateral;2;;;;;;;;;;0;2;3;;
23/12/2016;12:20:00;306;sem vítima;430;BR-262/MG;Leste;;;;;1;;;;;;;1;;;;
23/12/2016;12:34:00;312;sem vítima;49;BR-060/GO;Norte;Capotamento;1;;;;;1;;;;;2;;;;
23/12/2016;12:41:00;314;com vítima;49,6;BR-060/GO;Norte;Outros - sequências;2;;;;;;;;;1;6;1;;;
23/12/2016;16:00:00;448;sem vítima;495,5;BR-153/GO;Sul;Colisão Traseira;1;;1;;;;;;;;2;;;;
23/12/2016;16:04:00;453;sem vítima;480;BR-262/MG;Leste;Engavetamento;1;;;;;;;;;2;7;;;;
23/12/2016;16:47:00;484;sem vítima;109,224;BR-060/GO;Norte;Colisão Traseira;1;;;;;1;;;;;2;;;;
23/12/2016;17:31:00;521;com vítima;621;BR-153/GO;Sul;Colisão Traseira;2;;;;;;;;;;6;2;;;
23/12/2016;18:30:00;555;com vítima;16;BR-153/MG;Norte;Saida de Pista;1;;;;;;;;;;0;2;;;
23/12/2016;18:36:00;560;com vítima;368;BR-262/MG;Oeste;Capotamento;1;;;;;;;;;;0;;1;;
23/12/2016;20:22:00;634;sem vítima;197;BR-153/MG;Sul;Colisão Traseira;;;;;;1;;;;1;2;;;;
23/12/2016;23:26:00;736;sem vítima;227;BR-153/MG;Sul;Saida de Pista;1;;;;;;;;;;1;;;;
24/12/2016;03:46:00;58;com vítima;497;BR-153/GO;Norte;Queda de Moto;;;;1;;;;;;;0;;;1;
24/12/2016;04:38:00;63;sem vítima;3,306;BR-060/DF;Norte;Choque - Poste;1;;;;;;;;;;1;;;;
24/12/2016;08:35:00;148;sem vítima;682;BR-153/GO;Norte;Saida de Pista;1;;;;;1;;;;;3;;;;
24/12/2016;12:04:00;253;com vítima;671;BR-153/GO;Sul;Capotamento;1;;;;;;;;;;0;2;;;
24/12/2016;16:11:00;387;sem vítima;10;BR-060/DF;Norte;Queda de Moto;;;;1;;;;;;;1;;;;
24/12/2016;16:28:00;400;sem vítima;503,639;BR-153/GO;Norte;Choque - Defensa, barreira ou "submarino";1;;;;;;;;;;4;;;;
24/12/2016;16:48:00;409;sem vítima;119;BR-060/GO;Norte;Saida de Pista;1;;;;;;;;;;1;;;;
24/12/2016;17:38:00;438;sem vítima;5;BR-060/DF;Sul;Colisão Traseira;1;;;1;;;;;;;2;;;;
24/12/2016;17:59:00;452;sem vítima;676,6;BR-262/MG;Oeste;Outros - sequências;1;;;;;;;;;;5;;;;
24/12/2016;19:17:00;478;sem vítima;15;BR-060/GO;Sul;Saida de Pista;1;;;;;;;;;;1;;;;
24/12/2016;19:20:00;480;com vítima;31,874;BR-060/GO;Norte;Colisão Transversal;1;;1;;;;;;;;2;1;;;
24/12/2016;21:41:00;548;com vítima;24;BR-060/GO;Sul;Outros - sequências;1;;;;;;;;;;0;1;;;
24/12/2016;22:22:00;556;sem vítima;504;BR-153/GO;Sul;Colisão Traseira;2;;;;;;;;;;5;;;;
24/12/2016;22:50:00;565;com vítima;801;BR-262/MG;Leste;Atropelamento - Ciclista;1;1;;;;;;;;;0;1;;;1
25/12/2016;03:49:00;46;sem vítima;816;BR-262/MG;Leste;Saida de Pista;1;;;;;;;;;;1;;;;
25/12/2016;04:40:00;59;com vítima;0,885;BR-060/DF;Sul;Outros - sequências;1;;;;;;;;;;4;;;;2
25/12/2016;05:17:00;62;com vítima;507;BR-153/GO;Norte;Queda de Moto;;;;1;;;;;;;0;;1;;
25/12/2016;08:13:00;102;sem vítima;39,5;BR-153/MG;Sul;Capotamento;1;;;;;;;;;;2;;;;
25/12/2016;10:45:00;174;com vítima;499,45;BR-153/GO;Sul;Queda de Moto;;;;1;;;;;;;0;2;;;
25/12/2016;12:42:00;252;com vítima;501;BR-153/GO;Sul;Colisão Traseira;1;;;1;;;;;;;0;2;1;;