data;horario;n_da_ocorrencia;tipo_de_ocorrencia;km;trecho;sentido;tipo_de_acidente;automovel;bicicleta;caminhao;moto;onibus;outros;tracao_animal;transporte_de_cargas_especiais;trator_maquinas;utilitarios;ilesos;levemente_feridos;moderadamente_feridos;gravemente_feridos;mortos
25/12/2016;14:13:00;314;com vítima;45,222;BR-060/GO;Norte;Outros - sequências;1;;;;;;;;;;3;2;;;
25/12/2016;15:23:00;347;com vítima;527,8;BR-153/GO;Sul;Queda de Ciclista;;;;1;;;;;;;0;;2;;
25/12/2016;16:12:00;380;com vítima;100,139;BR-060/GO;Sul;Queda de Moto;;;;1;;;;;;;1;1;;;
25/12/2016;16:54:00;406;com vítima;801,14;BR-262/MG;Oeste;Outros - sequências;4;;;;;1;;;;;8;3;;1;
25/12/2016;17:48:00;441;sem vítima;60,453;BR-060/GO;Norte;Outros - sequências;2;;;;;;;;;;8;;;;
25/12/2016;18:36:00;468;sem vítima;430;BR-262/MG;Leste;Saida de Pista;1;;;;;;;;;;1;;;;
25/12/2016;18:50:00;477;sem vítima;802;BR-262/MG;Leste;Colisão Traseira;;;;;1;;;;;1;4;;;;
25/12/2016;19:39:00;506;sem vítima;382;BR-262/MG;Oeste;Saida de Pista;1;;;;;;;;;;2;;;;
25/12/2016;22:00:00;579;sem vítima;548;BR-262/MG;Leste;Saida de Pista;1;;;;;;;;;;5;;;;
25/12/2016;22:01:00;580;sem vítima;470;BR-262/MG;Oeste;Saida de Pista;1;;;;;;;;;;2;;;;
25/12/2016;22:13:00;586;sem vítima;802;BR-262/MG;Leste;Colisão Transversal;1;;;;;1;;;;;3;;;;
25/12/2016;22:37:00;599;sem vítima;443;BR-262/MG;Leste;Colisão Frontal;2;;;;;;;;;;2;;;;
25/12/2016;23:01:00;608;sem vítima;382;BR-262/MG;Oeste;Saida de Pista;1;;;;;;;;;;2;;;;
25/12/2016;23:38:00;618;sem vítima;549;BR-262/MG;Oeste;Saida de Pista;1;;;;;;;;;;1;;;;
26/12/2016;03:17:00;37;com vítima;794,5;BR-262/MG;Leste;Capotamento;1;;;;;;;;;;0;1;;;
26/12/2016;05:08:00;45;com vítima;592,3;BR-153/GO;Sul;Capotamento;1;;;;;;;;;;3;2;;;
26/12/2016;07:09:00;71;sem vítima;529;BR-262/MG;Oeste;Saida de Pista;1;;;;;;;;;;2;;;;
26/12/2016;07:31:00;73;com vítima;82,165;BR-060/GO;Sul;Capotamento;1;;;;;1;;;;;1;2;2;;
26/12/2016;07:35:00;75;sem vítima;609;BR-153/GO;Sul;Saida de Pista;1;;;;;;;;;;1;;;;
26/12/2016;10:29:00;193;com vítima;757;BR-262/MG;Oeste;Saida de Pista;1;;;;;;;;;;4;1;;;
26/12/2016;11:35:00;235;sem vítima;437;BR-262/MG;Leste;Choque - Defensa, barreira ou "submarino";1;;;;;;;;;;2;;;;
26/12/2016;13:12:00;283;sem vítima;113;BR-060/GO;Sul;Saida de Pista;1;;;;;;;;;;1;;;;
26/12/2016;13:51:00;296;sem vítima;876;BR-262/MG;Leste;Saida de Pista;1;;;;;;;;;;1;;;;
26/12/2016;14:22:00;315;com vítima;563,307;BR-153/GO;Norte;Outros - sequências;1;;1;;;;;;;;1;;1;;
26/12/2016;15:44:00;363;sem vítima;105;BR-060/GO;Norte;Colisão Traseira;1;;;;;1;;;;;2;;;;
26/12/2016;16:54:00;419;com vítima;621;BR-153/GO;Norte;Capotamento;1;;;;;;;;;;0;4;;;
26/12/2016;16:56:00;422;com vítima;217,5;BR-153/MG;Norte;Saida de Pista;1;;;;;;;;;;0;1;;;
26/12/2016;17:24:00;435;com vítima;495,21;BR-153/GO;Norte;Queda de Moto;;;;1;;;;;;;0;1;;;
26/12/2016;17:24:00;436;com vítima;594;BR-262/MG;Leste;Tombamento;;;1;;;;;;;;0;1;;;
26/12/2016;18:10:00;460;sem vítima;703;BR-153/GO;Sul;Outros - sequências;1;;2;;;;;;;;3;;;;
26/12/2016;18:24:00;471;sem vítima;838,9;BR-262/MG;Leste;;1;;1;;;;;;;;2;;;;
26/12/2016;18:57:00;490;com vítima;2;BR-060/GO;Norte;Outros - sequências;1;;;;;;;;;;0;2;;;
26/12/2016;19:00:00;491;sem vítima;105,7;BR-060/GO;Norte;Saida de Pista;1;;;;;;;;;;1;;;;
26/12/2016;19:45:00;514;sem vítima;96,872;BR-060/GO;Norte;Colisão Traseira;1;;;;;;;;;1;2;;;;
26/12/2016;21:28:00;566;sem vítima;4;BR-060/DF;Sul;Colisão Transversal;1;;1;;;;;;;;2;;;;
27/12/2016;00:06:00;2;sem vítima;353;BR-262/MG;Leste;Outros - sequências;1;;;;;;;;;;1;;;;
27/12/2016;03:27:00;27;com vítima;437;BR-262/MG;Leste;Atropelamento de Animal;1;;;;;;;;;;0;1;;;
27/12/2016;08:12:00;93;sem vítima;442;BR-262/MG;Leste;Saida de Pista;1;;;;;;;;;;1;;;;
27/12/2016;08:19:00;97;com vítima;581;BR-153/GO;Norte;Outros - sequências;1;;1;;;;;;;;1;1;1;;
27/12/2016;08:46:00;117;com vítima;500;BR-153/GO;Sul;Queda de Moto;;;;1;;;;;;;0;2;;;
27/12/2016;11:09:00;198;com vítima;0,576;BR-153/MG;Norte;Outros - sequências;;;;1;;1;;;;1;2;2;;;
27/12/2016;13:24:00;264;sem vítima;124;BR-060/GO;Norte;Saida de Pista;;;1;;;;;;;;1;;;;
27/12/2016;14:29:00;307;sem vítima;74;BR-060/GO;Sul;Saida de Pista;;;;;;;;;;1;1;;;;
27/12/2016;18:25:00;433;sem vítima;517;BR-262/MG;Leste;Colisão Traseira;;;2;;;;;;;;2;;;;
27/12/2016;19:24:00;462;sem vítima;694;BR-262/MG;Leste;Colisão Lateral;2;;;;;;;;;;2;;;;
27/12/2016;21:16:00;509;com vítima;65;BR-060/GO;Sul;Outros - sequências;1;;;;;;;;;;0;1;;;
28/12/2016;03:51:00;31;sem vítima;492;BR-262/MG;Oeste;Saida de Pista;1;;;;;;;;;;3;;;;
28/12/2016;04:57:00;35;com vítima;549,5;BR-262/MG;Leste;Colisão Lateral;1;;;;;1;;;;;1;2;;;
28/12/2016;07:21:00;61;sem vítima;510,615;BR-153/GO;Norte;Queda de Moto;;;;1;;;;;;;2;;;;
28/12/2016;07:26:00;63;sem vítima;574;BR-262/MG;Oeste;Saida de Pista;;;;;;;;;;1;1;;;;
28/12/2016;07:49:00;76;sem vítima;190,2;BR-153/MG;Sul;Colisão Traseira;1;;;;;1;;;;;2;;;;
28/12/2016;08:19:00;94;com vítima;22;BR-153/MG;Norte;Saida de Pista;;;;;;;;;;1;0;4;;;
28/12/2016;09:35:00;139;com vítima;732;BR-262/MG;Leste;Colisão Transversal;1;;1;;;;;;;;0;5;;;
28/12/2016;09:35:00;140;sem vítima;30;BR-060/DF;Norte;Colisão Lateral;2;;;;;;;;;;2;;;;
28/12/2016;12:46:00;253;com vítima;85;BR-060/GO;Norte;Outros - sequências;1;;;;;;;;;;0;1;;;
28/12/2016;13:08:00;255;sem vítima;658,3;BR-262/MG;Leste;Saida de Pista;;;1;;;;;;;;1;;;;
28/12/2016;15:29:00;334;com vítima;124,077;BR-060/GO;Sul;Outros - sequências;1;;1;;;;;;;;1;2;;;
28/12/2016;15:41:00;338;sem vítima;243;BR-153/MG;Sul;Colisão Lateral;;;;;;;;;;2;2;;;;
28/12/2016;15:49:00;340;sem vítima;11,3;BR-060/GO;Norte;Outros - sequências;1;;1;;;;;;;1;3;;;;
28/12/2016;17:31:00;382;com vítima;511;BR-153/GO;Sul;Colisão Traseira;;;;1;1;;;;;;1;;;1;
28/12/2016;18:38:00;413;sem vítima;4;BR-060/DF;Sul;Colisão Traseira;1;;;1;;;;;;;2;;;;
28/12/2016;18:45:00;420;sem vítima;134;BR-060/GO;Sul;Colisão Traseira;2;;;;;;;;;;2;;;;
28/12/2016;20:47:00;487;sem vítima;3;BR-060/DF;Sul;Queda de Moto;;;;1;;;;;;;1;;;;
28/12/2016;21:35:00;511;com vítima;128,6;BR-060/GO;Sul;Colisão Traseira;1;;1;;;;;;;;1;;1;;
28/12/2016;22:11:00;528;sem vítima;365;BR-262/MG;Oeste;Colisão Lateral;2;;;;;;;;;;2;;;;
28/12/2016;23:30:00;545;com vítima;773;BR-262/MG;Leste;Colisão Transversal;2;;;;;;;;;;0;5;1;;
29/12/2016;00:17:00;5;sem vítima;554;BR-262/MG;Oeste;Saida de Pista;1;;;;;;;;;;2;;;;
29/12/2016;05:29:00;43;sem vítima;561;BR-153/GO;Norte;Outros - sequências;1;;1;;;1;;;;;3;;;;
29/12/2016;10:21:00;212;sem vítima;48;BR-060/GO;Sul;Saida de Pista;1;;;;;;;;;;4;;;;
29/12/2016;11:33:00;269;com vítima;501;BR-153/GO;Norte;Queda de Moto;;;;1;;;;;;;0;2;;;
29/12/2016;14:41:00;378;com vítima;506;BR-153/GO;Sul;Colisão Traseira;2;;;2;;;;;;;4;1;;;
29/12/2016;16:08:00;431;com vítima;61;BR-153/MG;Sul;Choque - Outros;1;;1;;;;;;;;1;4;;;
29/12/2016;17:48:00;479;com vítima;503;BR-153/GO;Norte;Colisão Traseira;;;1;1;;;;;;;1;1;;;
29/12/2016;19:09:00;516;sem vítima;419;BR-262/MG;Oeste;Saida de Pista;1;;;;;;;;;;1;;;;
29/12/2016;20:14:00;546;sem vítima;4,5;BR-060/GO;Norte;Saida de Pista;1;;;;;;;;;;1;;;;
29/12/2016;23:49:00;609;sem vítima;452,011;BR-262/MG;Oeste;Atropelamento de Animal;1;;;;;;;;;;4;;;;
30/12/2016;03:49:00;33;sem vítima;362;BR-262/MG;Oeste;Saida de Pista;1;;;;;;;;;;1;;;;
30/12/2016;06:49:00;55;sem vítima;620;BR-262/MG;Leste;Saida de Pista;;;;;1;;;;;;9;;;;
30/12/2016;08:11:00;104;sem vítima;50,817;BR-060/GO;Norte;Outros - sequências;2;;;;;;;;;;2;;;;
30/12/2016;12:23:00;312;com vítima;12,6;BR-153/MG;Norte;Capotamento;1;;;;;;;;;;0;2;;;
30/12/2016;13:43:00;365;com vítima;183,8;BR-153/MG;Norte;Saida de Pista;;;1;;;1;;;;;2;;;1;
30/12/2016;14:03:00;378;sem vítima;598;BR-153/GO;Norte;Saida de Pista;1;;;;;;;;;;3;;;;
30/12/2016;15:29:00;460;com vítima;55;BR-153/MG;Sul;Outros - sequências;1;;;;;;;;;;0;3;;;
30/12/2016;16:31:00;531;sem vítima;96;BR-060/GO;Norte;Outros - sequências;1;;;;;;;;;;1;;;;
30/12/2016;16:33:00;532;sem vítima;91;BR-060/GO;Norte;Saida de Pista;1;;;;;;;;;;1;;;;
30/12/2016;16:37:00;534;sem vítima;97;BR-060/GO;Norte;Colisão Traseira;2;;;;;;;;;;2;;;;
30/12/2016;18:17:00;588;com vítima;150;BR-153/MG;Norte;Saida de Pista;1;;;;;;;;;;0;4;;;
30/12/2016;18:26:00;596;com vítima;568;BR-262/MG;Oeste;Saida de Pista;;;1;;;;;;;;0;2;;;
30/12/2016;19:40:00;637;com vítima;591;BR-262/MG;Oeste;Saida de Pista;1;;;;;;;;;;0;1;;;
30/12/2016;21:14:00;676;sem vítima;4;BR-060/DF;Sul;Outros - sequências;1;;;;;1;;;;;2;;;;
30/12/2016;22:07:00;701;com vítima;382;BR-262/MG;Oeste;Saida de Pista;1;;;;;;;;;;0;6;;;
31/12/2016;03:51:00;44;sem vítima;508;BR-153/GO;Sul;Saida de Pista;1;;;;;;;;;;1;;;;
31/12/2016;05:31:00;54;sem vítima;91,679;BR-060/GO;Norte;Saida de Pista;1;;;;;;;;;;1;;;;
31/12/2016;05:41:00;57;com vítima;384,5;BR-262/MG;Oeste;Capotamento;1;;;;;;;;;;0;1;;;
31/12/2016;10:01:00;145;com vítima;4;BR-153/MG;Norte;Queda de Ciclista;;1;;;;;;;;;0;;1;;
31/12/2016;15:55:00;301;com vítima;801,434;BR-262/MG;Oeste;Saida de Pista;1;;;;;;;;;;0;1;;;
31/12/2016;21:07:00;418;com vítima;353;BR-262/MG;Oeste;Colisão Frontal;1;;;;;;;;;;0;2;;;
31/12/2016;21:45:00;432;com vítima;377,5;BR-262/MG;Oeste;Colisão Traseira;1;;;;;;;;;1;1;1;;;
01/01/2017;04:11:00;41;com vítima;4,29;BR-060/DF;Sul;Colisão Traseira;2;;;;;;;;;;2;2;;;
01/01/2017;04:46:00;47;sem vítima;4,34;BR-060/DF;Norte;Colisão Traseira;2;;;;;;;;;;2;;;;
01/01/2017;05:25:00;50;com vítima;369;BR-262/MG;Oeste;Choque - Defensa, barreira ou "submarino";1;;;;;1;;;;;1;3;;;
01/01/2017;06:40:00;59;sem vítima;17;BR-153/MG;Sul;Saida de Pista;1;;;;;;;;;;1;;;;
01/01/2017;06:40:00;60;com vítima;437;BR-262/MG;Leste;Queda de Moto;;;;1;;;;;;;0;1;;;
01/01/2017;08:29:00;90;com vítima;510,847;BR-153/GO;Sul;Outros - sequências;1;;;;;;;;;;0;1;;;
01/01/2017;09:02:00;104;sem vítima;554;BR-153/GO;Norte;Queda de Moto;;;;1;;;;;;;1;;;;
01/01/2017;11:29:00;178;sem vítima;482;BR-262/MG;Oeste;Colisão Lateral;1;;1;;;;;;;;2;;;;
01/01/2017;11:54:00;187;com vítima;523,3;BR-262/MG;Leste;Colisão Transversal;2;;;;;;;;;;3;6;;;
01/01/2017;16:28:00;353;sem vítima;573,3;BR-153/GO;Norte;Saida de Pista;1;;;;;;;;;;1;;;;
01/01/2017;18:00:00;400;sem vítima;511,792;BR-153/GO;Norte;Outros - sequências;1;;;;;1;;;;;3;;;;
01/01/2017;20:56:00;487;com vítima;865;BR-262/MG;Leste;Queda de Moto;;;;1;;;;;;;0;1;;;
01/01/2017;22:56:00;536;com vítima;244;BR-153/MG;Sul;Saida de Pista;1;;;;;;;;;;1;1;;;
01/01/2017;23:56:00;550;com vítima;124,29;BR-060/GO;Norte;Queda de Moto;;;;1;;;;;;;0;;1;;
02/01/2017;13:03:00;299;sem vítima;710;BR-262/MG;Oeste;Saida de Pista;;;;;;;;;;1;1;;;;
02/01/2017;13:34:00;327;com vítima;128;BR-060/GO;Norte;Queda de Moto;;;;1;;;;;;;0;2;;;
02/01/2017;15:29:00;408;com vítima;50;BR-153/MG;Sul;Saida de Pista;1;;;;;;;;;;0;1;;;
02/01/2017;17:14:00;467;com vítima;600,8;BR-262/MG;Leste;Colisão Traseira;1;;1;;;;;;;;3;2;;;
02/01/2017;17:45:00;484;com vítima;464,2;BR-262/MG;Oeste;Outros - sequências;1;;;;;;;;;;0;1;;;
02/01/2017;17:50:00;491;sem vítima;446,5;BR-262/MG;Oeste;Atropelamento - Ciclista;1;1;;;;;;;;;2;;;;
02/01/2017;18:17:00;509;sem vítima;30,2;BR-060/DF;Sul;Colisão Traseira;1;;;;;1;;;;;2;;;;
02/01/2017;18:39:00;519;com vítima;592,85;BR-153/GO;Norte;Outros - sequências;;;1;;;;;;;;0;1;;;
02/01/2017;18:41:00;520;sem vítima;591;BR-153/GO;Norte;Saida de Pista;;;1;;;;;;;;1;;;;
02/01/2017;18:47:00;523;com vítima;496;BR-153/GO;Norte;Queda de Moto;;;;1;;;;;;;0;1;;;
02/01/2017;18:51:00;525;com vítima;101;BR-060/GO;Sul;Engavetamento;2;;1;;;;;;;;3;1;;;
02/01/2017;21:54:00;596;sem vítima;52;BR-060/GO;Norte;Outros - sequências;1;;;;;;;;;;1;;;;
03/01/2017;11:01:00;291;com vítima;143,5;BR-153/MG;Norte;Choque - Arvore;1;;;;;1;;;;;1;1;;;
03/01/2017;13:30:00;364;com vítima;3;BR-060/GO;Sul;Outros - sequências;1;;;;;;;;;;0;2;;;
03/01/2017;13:36:00;367;com vítima;360;BR-262/MG;Leste;Queda de Moto;;;1;1;;;;;;;1;;1;;1
03/01/2017;15:53:00;447;sem vítima;3,8;BR-060/GO;Norte;Saida de Pista;1;;;;;;;;;;1;;;;
03/01/2017;15:56:00;450;com vítima;866;BR-262/MG;Leste;Colisão Lateral;1;;;1;;;;;;;1;1;;;
03/01/2017;16:24:00;467;com vítima;584;BR-262/MG;Leste;Queda de Moto;1;;;;;;;;;;0;5;;;
03/01/2017;17:38:00;504;sem vítima;4;BR-060/GO;Norte;;1;;;;;;;;;;1;;;;
03/01/2017;20:04:00;572;sem vítima;815;BR-262/MG;Leste;Saida de Pista;1;;;;;;;;;;1;;;;
04/01/2017;01:48:00;13;com vítima;458,875;BR-262/MG;Leste;Outros - sequências;1;;;;;;;;;;0;2;;;
04/01/2017;05:35:00;28;com vítima;497;BR-153/GO;Sul;Queda de Moto;;;;1;;;;;;;0;1;;;
04/01/2017;06:35:00;40;sem vítima;692;BR-262/MG;Leste;Colisão Traseira;;;2;;;;;;;;2;;;;
04/01/2017;06:49:00;46;sem vítima;509;BR-153/GO;Norte;;1;;;1;;;;;;;2;;;;
04/01/2017;07:23:00;53;com vítima;514;BR-153/GO;Norte;Colisão Transversal;;;;2;;;;;;;0;2;;;
04/01/2017;07:32:00;57;sem vítima;674;BR-262/MG;Oeste;Saida de Pista;;;;;;;;;;1;1;;;;
04/01/2017;07:53:00;66;com vítima;663,01;BR-153/GO;Sul;Capotamento;1;;;;;;;;;;1;3;;;
04/01/2017;08:16:00;78;sem vítima;667;BR-153/GO;Sul;Saida de Pista;;;1;;;;;;;;1;;;;
04/01/2017;09:40:00;135;sem vítima;501;BR-153/GO;Sul;Colisão Traseira;2;;;;;;;;;;2;;;;
04/01/2017;12:03:00;225;sem vítima;579,7;BR-153/GO;Sul;Saida de Pista;1;;;;;1;;;;;2;;;;
04/01/2017;13:28:00;268;sem vítima;389;BR-262/MG;Oeste;Colisão Traseira;1;;;;;1;;;;;2;;;;
04/01/2017;13:44:00;274;sem vítima;787;BR-262/MG;Leste;Saida de Pista;;;1;;;;;;;;3;;;;
04/01/2017;14:28:00;287;com vítima;66,836;BR-060/GO;Sul;Atropelamento - Sem Informação;1;;;;;;;;;;4;;;;1
04/01/2017;14:30:00;288;com vítima;636;BR-262/MG;Oeste;Saida de Pista;1;;;;;;;;;;0;2;;;
04/01/2017;14:51:00;300;com vítima;91;BR-060/GO;Norte;Colisão Lateral;1;;;1;;;;;;;1;1;;;
04/01/2017;15:18:00;312;sem vítima;519;BR-262/MG;Leste;Colisão Traseira;2;;;;;;;;;;2;;;;
04/01/2017;15:41:00;318;sem vítima;676;BR-262/MG;Oeste;Outros - sequências;;;1;;;;;;;;1;;;;
04/01/2017;18:21:00;388;sem vítima;426;BR-262/MG;Oeste;Saida de Pista;1;;;;;;;;;;4;;;;
04/01/2017;19:17:00;425;sem vítima;381;BR-262/MG;Leste;Capotamento;1;;;;;;;;;;1;;;;
04/01/2017;21:43:00;486;com vítima;405;BR-262/MG;Oeste;Saida de Pista;1;;;;;;;;;;0;1;1;;
05/01/2017;03:54:00;41;com vítima;429,8;BR-262/MG;Oeste;Colisão Traseira;1;;2;;;;;;;;0;;2;;1
05/01/2017;08:45:00;120;sem vítima;503;BR-153/GO;Sul;Colisão Traseira;2;;;;;;;;;;2;;;;
05/01/2017;17:13:00;393;sem vítima;392;BR-262/MG;Oeste;Colisão Transversal;1;;1;;;;;;;;2;;;;
05/01/2017;17:39:00;408;com vítima;99;BR-060/GO;Sul;Choque - Defensa, barreira ou "submarino";;;;1;;;;;;;0;1;;;
05/01/2017;19:55:00;471;com vítima;506;BR-153/GO;Sul;Queda de Moto;;;;1;;;;;;;0;2;;;
05/01/2017;20:14:00;481;sem vítima;107;BR-060/GO;Sul;Colisão Traseira;1;;1;;;;;;;;2;;;;
06/01/2017;09:02:00;147;com vítima;147,8;BR-153/MG;Sul;Tombamento;;;1;;;;;;;;0;1;;;
06/01/2017;13:55:00;302;com vítima;234,8;BR-153/MG;Sul;Colisão Frontal;1;;;;;;;;;1;1;;;1;2
06/01/2017;14:50:00;338;sem vítima;234,8;BR-153/MG;Norte;Tombamento;;;1;;;;;;;;1;;;;
06/01/2017;15:06:00;353;sem vítima;125;BR-153/MG;Norte;Colisão Traseira;1;;1;;;;;;;;2;;;;
06/01/2017;16:05:00;385;sem vítima;14;BR-060/GO;Sul;Saida de Pista;1;;;;;;;;;;1;;;;
06/01/2017;16:34:00;406;com vítima;16;BR-060/DF;Norte;Capotamento;1;;;;;;;;;;1;1;1;;
06/01/2017;16:45:00;413;sem vítima;395,708;BR-262/MG;Leste;Outros - sequências;1;;;1;;;;;;;2;;;;
06/01/2017;16:46:00;414;sem vítima;98;BR-060/GO;Norte;Colisão Traseira;2;;;;;;;;;;2;;;;
06/01/2017;19:07:00;481;com vítima;98;BR-060/GO;Norte;Queda de Ciclista;;;;1;;;;;;;0;2;;;
06/01/2017;19:17:00;485;sem vítima;98;BR-060/GO;Norte;;;;;1;;;;;;;1;;;;
06/01/2017;21:38:00;551;com vítima;547;BR-262/MG;Oeste;Colisão Frontal;2;;1;;;;;;;;4;2;;;
06/01/2017;22:15:00;565;sem vítima;580;BR-262/MG;Leste;Saida de Pista;1;;;;;;;;;;1;;;;
07/01/2017;04:53:00;40;com vítima;437;BR-262/MG;Leste;Colisão Frontal;;;;1;;;;;;1;1;;1;;
07/01/2017;07:31:00;75;sem vítima;600;BR-262/MG;Leste;Colisão Traseira;1;;1;;;;;;;;2;;;;
07/01/2017;08:54:00;115;com vítima;611;BR-153/GO;Sul;Queda de Ciclista;;;;1;;;;;;;0;;1;;
07/01/2017;10:14:00;196;sem vítima;482,425;BR-262/MG;Leste;Engavetamento;1;;2;;;1;;;;;4;;;;
07/01/2017;11:06:00;249;sem vítima;557,599;BR-262/MG;Leste;Engavetamento;;;1;;;;;;;;1;;;;
07/01/2017;12:45:00;320;com vítima;498;BR-153/GO;Norte;Queda de Moto;;;;1;;;;;;;0;2;;;
07/01/2017;16:38:00;452;sem vítima;372;BR-262/MG;Leste;Colisão Lateral;;;1;;1;;;;;;2;;;;
07/01/2017;17:11:00;471;sem vítima;611;BR-262/MG;Oeste;Outros - sequências;;;;;;;;;;1;2;;;;
07/01/2017;18:17:00;504;sem vítima;512;BR-153/GO;Sul;Colisão Traseira;;;;1;;;;;;1;4;;;;
07/01/2017;21:11:00;573;com vítima;521;BR-262/MG;Leste;Colisão Traseira;1;;1;;;;;;;;0;2;;;
07/01/2017;21:33:00;581;sem vítima;510;BR-153/GO;Norte;Colisão Traseira;2;;;;;;;;;;2;;;;
07/01/2017;21:51:00;585;com vítima;371,5;BR-262/MG;Oeste;Capotamento;1;;;;;;;;;;0;1;;;
07/01/2017;22:07:00;591;sem vítima;493;BR-153/GO;Norte;Queda de Moto;;;;1;;1;;;;;3;;;;
08/01/2017;00:40:00;10;com vítima;568,119;BR-262/MG;Leste;Saida de Pista;1;;;;;;;;;;0;1;;;
08/01/2017;03:20:00;31;sem vítima;511;BR-153/GO;Norte;Saida de Pista;1;;;;;;;;;;1;;;;
08/01/2017;03:58:00;33;com vítima;768,335;BR-262/MG;Leste;Capotamento;1;;;;;;;;;;0;;1;;
08/01/2017;09:30:00;108;sem vítima;94,828;BR-060/GO;Norte;Outros - sequências;1;;;;;;;;;1;8;;;;
08/01/2017;14:26:00;242;sem vítima;104,939;BR-060/GO;Sul;Colisão Traseira;2;;;;;;;;;;7;;;;
08/01/2017;15:18:00;264;sem vítima;21;BR-060/GO;Norte;Choque - Defensa, barreira ou "submarino";1;;;;;;;;;;1;;;;
08/01/2017;15:21:00;265;com vítima;639;BR-153/GO;Norte;Saida de Pista;1;;;;;;;;;;0;1;;;
08/01/2017;16:29:00;297;sem vítima;51;BR-060/GO;Sul;Saida de Pista;1;;;;;;;;;;3;;;;
08/01/2017;16:51:00;316;com vítima;513;BR-153/GO;Sul;Queda de Ciclista;;;;1;;;;;;;0;2;;;
08/01/2017;18:36:00;387;sem vítima;589,97;BR-262/MG;Leste;Choque - Defensa, barreira ou "submarino";;;;;;;;;;1;4;;;;
08/01/2017;19:05:00;402;sem vítima;590;BR-262/MG;Oeste;Outros - sequências;1;;;;;;;;;;1;;;;
08/01/2017;20:22:00;448;com vítima;826;BR-262/MG;Leste;Colisão Frontal;2;;;;;;;;;;0;;;5;
08/01/2017;21:53:00;488;com vítima;30;BR-060/DF;Norte;Queda de Moto;;;;1;;;;;;;0;1;;;
09/01/2017;02:14:00;28;sem vítima;99;BR-060/GO;Norte;Choque - Defensa, barreira ou "submarino";1;;;;;;;;;;1;;;;
09/01/2017;07:32:00;93;sem vítima;589,907;BR-262/MG;Oeste;Capotamento;;;;;;;;;;;1;;;;
09/01/2017;07:40:00;99;com vítima;48,209;BR-060/GO;Norte;Saida de Pista;1;;;;;;;;;;1;1;;;
09/01/2017;07:46:00;103;sem vítima;903,8;BR-262/MG;Oeste;Saida de Pista;;;1;;;;;;;;2;;;;
09/01/2017;08:17:00;112;com vítima;635,271;BR-262/MG;Oeste;Capotamento;1;;;;;;;;;;0;1;;;
09/01/2017;08:52:00;132;com vítima;635;BR-262/MG;Leste;Saida de Pista;1;;;;;;;;;;0;5;;;
09/01/2017;09:27:00;153;com vítima;608;BR-262/MG;Oeste;Saida de Pista;1;;;;;;;;;;1;2;;;
09/01/2017;09:50:00;165;com vítima;103;BR-153/MG;Sul;Saida de Pista;1;;;;;;;;;;0;2;;;
09/01/2017;10:01:00;172;com vítima;494,679;BR-153/GO;Norte;Colisão Traseira;;;;1;;;;;;1;1;1;;;
09/01/2017;10:24:00;183;com vítima;583,736;BR-262/MG;Oeste;Saida de Pista;1;;;;;;;;;;1;1;;1;
09/01/2017;12:05:00;227;sem vítima;627,3;BR-153/GO;Norte;Saida de Pista;1;;;;;;;;;;3;;;;
09/01/2017;12:07:00;229;sem vítima;229,8;BR-153/MG;Sul;Saida de Pista;1;;;;;;;;;;3;;;;
09/01/2017;12:30:00;238;com vítima;59;BR-153/MG;Norte;Colisão Traseira;1;;;;;;;;;1;0;3;;;
09/01/2017;16:20:00;350;sem vítima;516,774;BR-153/GO;Sul;Saida de Pista;1;;;;;;;;;;1;;;;
09/01/2017;21:39:00;492;sem vítima;632;BR-262/MG;Oeste;Saida de Pista;1;;;;;;;;;;3;;;;
09/01/2017;21:48:00;496;sem vítima;548,7;BR-262/MG;Leste;Tombamento;;;1;;;;;;;;1;;;;
09/01/2017;22:02:00;499;com vítima;506;BR-153/GO;Sul;Queda de Moto;;;;1;;1;;;;;1;1;;;
10/01/2017;01:14:00;15;sem vítima;594,8;BR-153/GO;Sul;Atropelamento de Animal;;;1;;;;;;;;1;;;;
10/01/2017;13:18:00;386;com vítima;121;BR-060/GO;Sul;Saida de Pista;1;;;;;;;;;;0;1;;;
10/01/2017;14:22:00;418;com vítima;78;BR-060/GO;Sul;Outros - sequências;;;;;;1;;;;1;1;2;;;
10/01/2017;14:42:00;421;com vítima;554;BR-262/MG;Leste;Capotamento;1;;;;;;;;;;1;;1;1;
10/01/2017;15:26:00;435;com vítima;542;BR-262/MG;Leste;Capotamento;1;;;;;;;;;;0;1;;;
10/01/2017;15:53:00;447;sem vítima;611;BR-262/MG;Leste;Outros - sequências;;;1;;;;;;;;2;;;;
10/01/2017;16:13:00;455;sem vítima;518,8;BR-262/MG;Leste;Outros - sequências;;;1;;;;;;;;1;;;;
10/01/2017;16:19:00;458;sem vítima;519,5;BR-262/MG;Leste;Outros - sequências;;;1;;;;;;;;1;;;;
10/01/2017;16:33:00;463;sem vítima;29,259;BR-060/GO;Norte;Saida de Pista;1;;;;;;;;;;1;;;;
10/01/2017;17:25:00;478;sem vítima;505,3;BR-153/GO;Norte;Colisão Traseira;1;;;;;1;;;;;2;;;;
10/01/2017;19:47:00;535;sem vítima;188;BR-153/MG;Norte;Outros - sequências;;;1;;;;;;;;1;;;;