data;horario;n_da_ocorrencia;tipo_de_ocorrencia;km;trecho;sentido;tipo_de_acidente;automovel;bicicleta;caminhao;moto;onibus;outros;tracao_animal;transporte_de_cargas_especiais;trator_maquinas;utilitarios;ilesos;levemente_feridos;moderadamente_feridos;gravemente_feridos;mortos
10/01/2017;20:50:00;549;com vítima;412;BR-262/MG;Leste;Capotamento;1;;;;;;;;;;0;5;;;
11/01/2017;09:15:00;157;com vítima;382;BR-262/MG;Leste;Queda de Ciclista;;;;1;;;;;;;0;2;;;
11/01/2017;10:52:00;226;com vítima;50,881;BR-060/GO;Norte;Queda de Moto;;;;1;;;;;;;0;;1;;
11/01/2017;14:13:00;331;sem vítima;26;BR-060/GO;Norte;Saida de Pista;;;1;;;1;;;;;2;;;;
11/01/2017;14:54:00;371;sem vítima;25;BR-060/DF;Sul;Colisão Traseira;1;;1;;;;;;;;5;;;;
11/01/2017;15:52:00;398;com vítima;17;BR-060/GO;Norte;Queda de Moto;;;;1;;;;;;;0;2;;;
11/01/2017;16:38:00;423;com vítima;93;BR-060/GO;Sul;Colisão Traseira;1;;;1;;;;;;;1;1;;;
11/01/2017;17:27:00;438;com vítima;220;BR-153/MG;Norte;Colisão Lateral;1;;1;;;;;;;;0;1;2;;
11/01/2017;18:45:00;472;com vítima;87,55;BR-060/GO;Sul;Saida de Pista;1;;;;;;;;;;2;2;;;
11/01/2017;19:25:00;488;com vítima;381;BR-262/MG;Leste;Queda de Moto;;;;1;;;;;;;0;;1;;
11/01/2017;21:34:00;548;sem vítima;549;BR-262/MG;Oeste;Saida de Pista;;;1;;;;;;;;1;;;;
11/01/2017;23:11:00;576;com vítima;0;BR-153/MG;Norte;Atropelamento - Morador;;;;1;;;;;;;0;2;;;
12/01/2017;05:10:00;51;sem vítima;429,5;BR-262/MG;Leste;Atropelamento de Animal;;;1;;;;;;;;1;;;;
12/01/2017;05:39:00;55;sem vítima;497;BR-262/MG;Oeste;Saida de Pista;1;;;;;;;;;;1;;;;
12/01/2017;10:09:00;177;com vítima;222;BR-153/MG;Sul;Colisão Transversal;2;;;;;;;;;;1;1;;;
12/01/2017;12:08:00;260;com vítima;629,271;BR-153/GO;Norte;Tombamento;;;1;;;;;;;;0;1;;;
12/01/2017;13:39:00;320;com vítima;98,81;BR-060/GO;Norte;Outros - sequências;1;;;;;;;;;;0;2;;;
12/01/2017;14:27:00;350;sem vítima;41,786;BR-060/GO;Norte;Saida de Pista;1;;;;;;;;;;1;;;;
12/01/2017;15:47:00;394;sem vítima;46,522;BR-060/GO;Norte;Saida de Pista;;;;;;1;;;;1;4;;;;
12/01/2017;17:10:00;442;sem vítima;58,8;BR-060/GO;Norte;Saida de Pista;1;;;;;;;;;;1;;;;
12/01/2017;17:23:00;444;sem vítima;594;BR-262/MG;Oeste;Colisão Traseira;2;;;;;;;;;;2;;;;
12/01/2017;19:22:00;501;com vítima;96;BR-060/GO;Sul;Colisão Traseira;1;;;1;;;;;;;1;1;;;
13/01/2017;05:03:00;44;com vítima;509,794;BR-153/GO;Sul;Colisão Traseira;2;;;;;;;;;;1;;1;;
13/01/2017;05:24:00;50;com vítima;542,1;BR-262/MG;Oeste;Capotamento;1;;;;;;;;;;2;1;;;
13/01/2017;05:40:00;53;com vítima;34;BR-060/GO;Norte;Saida de Pista;1;;;;;;;;;;0;2;;;
13/01/2017;06:22:00;62;sem vítima;363;BR-262/MG;Leste;Colisão Traseira;1;;;;1;;;;;;2;;;;
13/01/2017;06:28:00;63;sem vítima;379;BR-262/MG;Oeste;Saida de Pista;;;;;;;;;;1;5;;;;
13/01/2017;08:39:00;123;sem vítima;25;BR-060/GO;Sul;Saida de Pista;1;;;;;;;;;;1;;;;
13/01/2017;09:50:00;161;com vítima;1,3;BR-060/GO;Norte;Capotamento;1;;;;;;;;;;0;;1;;
13/01/2017;10:49:00;193;com vítima;509;BR-153/GO;Sul;Colisão Traseira;1;;;1;;;;;;;0;3;;;
13/01/2017;11:51:00;223;com vítima;385;BR-262/MG;Oeste;Saida de Pista;1;;;;;;;;;;1;2;;;
13/01/2017;12:23:00;234;sem vítima;603,9;BR-153/GO;Sul;Saida de Pista;1;;;;;;;;;;1;;;;
13/01/2017;12:59:00;245;sem vítima;27;BR-060/GO;Norte;Saida de Pista;1;;;;;;;;;;1;;;;
13/01/2017;15:38:00;332;com vítima;425,481;BR-262/MG;Oeste;Outros - sequências;1;;;;;1;;;;;5;1;;;
13/01/2017;15:48:00;334;sem vítima;685;BR-153/GO;Norte;Colisão Traseira;1;;1;;;;;;;;2;;;;
13/01/2017;17:29:00;377;com vítima;691;BR-153/GO;Sul;Atropelamento - Ciclista;;1;;1;;;;;;;1;1;;;
13/01/2017;18:02:00;390;com vítima;505,094;BR-153/GO;Norte;Colisão Frontal;;;1;;;;1;;;;1;;1;;
13/01/2017;18:22:00;397;sem vítima;505;BR-153/GO;Norte;Colisão Traseira;1;;;;;1;;;;;2;;;;
13/01/2017;18:49:00;412;sem vítima;504,8;BR-153/GO;Norte;Colisão Traseira;1;;;;;1;;;;;2;;;;
13/01/2017;19:14:00;422;sem vítima;108;BR-153/MG;Sul;Saida de Pista;;;1;;;1;;;;;2;;;;
13/01/2017;23:32:00;518;com vítima;602,3;BR-153/GO;Norte;Outros - sequências;1;;;;;;;;;;1;1;;;
13/01/2017;23:48:00;523;com vítima;89;BR-153/MG;Sul;Tombamento;;;1;;;;;;;;0;2;;;
14/01/2017;03:02:00;29;com vítima;402;BR-262/MG;Leste;Capotamento;1;;;;;;;;;;0;1;;;
14/01/2017;04:44:00;42;sem vítima;405;BR-262/MG;Oeste;Capotamento;;;;;;;;;;1;1;;;;
14/01/2017;06:05:00;55;com vítima;93,703;BR-060/GO;Norte;Queda de Moto;;;;1;;;;;;;0;1;;;
14/01/2017;07:23:00;77;com vítima;816;BR-262/MG;Oeste;Atropelamento de Animal;;;;1;;;;;;;0;1;;;
14/01/2017;07:53:00;93;sem vítima;454;BR-262/MG;Leste;Saida de Pista;1;;;;;1;;;;;2;;;;
14/01/2017;08:54:00;126;sem vítima;101;BR-153/MG;Norte;Saida de Pista;1;;;;;;;;;;2;;;;
14/01/2017;14:41:00;333;com vítima;574,318;BR-262/MG;Oeste;Outros - sequências;1;;;;;;;;;;0;4;;;
14/01/2017;14:50:00;337;sem vítima;667;BR-153/GO;Sul;Colisão Traseira;1;;1;;;1;;;;;3;;;;
14/01/2017;15:01:00;340;sem vítima;382;BR-262/MG;Leste;Choque - Defensa, barreira ou "submarino";1;;;;;;;;;;2;;;;
14/01/2017;16:25:00;399;sem vítima;672;BR-262/MG;Leste;Queda de Moto;;;;1;;;;;;;1;;;;
14/01/2017;16:25:00;401;sem vítima;80;BR-153/MG;Sul;Saida de Pista;;;1;;;1;;;;;2;;;;
14/01/2017;16:46:00;424;com vítima;867,165;BR-262/MG;Oeste;Outros - sequências;1;;;;;;;;;;1;1;;;
14/01/2017;17:08:00;438;com vítima;113;BR-060/GO;Norte;Queda de Moto;;;;1;;;;;;;0;1;;;
14/01/2017;18:37:00;482;sem vítima;43;BR-060/GO;Norte;Colisão Traseira;1;;;;;;;;;1;2;;;;
14/01/2017;19:54:00;510;com vítima;515,3;BR-153/GO;Sul;Colisão Traseira;1;;;1;;;;;;;1;1;;;
14/01/2017;19:56:00;511;sem vítima;50;BR-153/MG;Sul;Saida de Pista;1;;;;;1;;;;;2;;;;
14/01/2017;21:23:00;545;sem vítima;366,129;BR-262/MG;Oeste;Outros - sequências;1;;;;;;;;;;2;;;;
14/01/2017;23:00:00;567;sem vítima;549,4;BR-262/MG;Oeste;;1;;;;;;;;;;1;;;;
15/01/2017;02:51:00;32;sem vítima;506;BR-153/GO;Sul;Queda de Moto;;;;1;;;;;;;1;;;;
15/01/2017;03:26:00;38;com vítima;106;BR-060/GO;Sul;Saida de Pista;1;;;;;;;;;;0;1;;;
15/01/2017;04:11:00;42;com vítima;107,353;BR-153/MG;Norte;Outros - sequências;1;;;;;;;;;;0;;;;1
15/01/2017;05:20:00;51;com vítima;516,555;BR-153/GO;Sul;Queda de Moto;;;;1;;;;;;;0;;;2;
15/01/2017;05:50:00;54;sem vítima;366,3;BR-262/MG;Oeste;Capotamento;1;;;;;;;;;;2;;;;
15/01/2017;09:02:00;122;com vítima;22,594;BR-153/MG;Sul;Colisão Frontal;2;;;;;;;;;;1;;;5;1
15/01/2017;10:58:00;185;com vítima;514,215;BR-153/GO;Norte;Queda de Moto;;;;1;;1;;;;;1;2;;;
15/01/2017;11:25:00;203;com vítima;237;BR-153/MG;Norte;Queda de Moto;;;;1;;1;;;;;1;2;;;
15/01/2017;12:09:00;231;sem vítima;510,2;BR-153/GO;Sul;Outros - sequências;2;;;;;;;;;;2;;;;
15/01/2017;13:12:00;246;com vítima;579;BR-153/GO;Norte;Queda de Moto;;;;1;;;;;;;0;;1;;
15/01/2017;13:23:00;250;sem vítima;556,767;BR-262/MG;Leste;Saida de Pista;1;;;;;;;;;;1;;;;
15/01/2017;13:55:00;259;com vítima;548,188;BR-262/MG;Oeste;Outros - sequências;1;;;;;;;;;;0;1;;;
15/01/2017;14:04:00;264;sem vítima;565,674;BR-262/MG;Leste;Outros - sequências;;;1;;;1;;;;;2;;;;
15/01/2017;14:36:00;280;sem vítima;121,811;BR-060/GO;Norte;Saida de Pista;1;;;;;;;;;;4;;;;
15/01/2017;15:33:00;308;sem vítima;504,152;BR-153/GO;Sul;Choque - Defensa, barreira ou "submarino";1;;;;;;;;;;4;;;;
15/01/2017;17:27:00;355;com vítima;97,518;BR-060/GO;Sul;Colisão Lateral;1;;;1;;;;;;;3;;1;;
15/01/2017;18:35:00;385;com vítima;611,446;BR-262/MG;Leste;Outros - sequências;1;;;;;;;;;;3;1;;;
15/01/2017;20:36:00;422;com vítima;3,763;BR-153/MG;Sul;Saida de Pista;1;;;;;;;;;;0;2;;;
15/01/2017;20:58:00;430;com vítima;539,334;BR-262/MG;Oeste;Outros - sequências;;;1;;;;;;;;0;1;;;
15/01/2017;21:40:00;443;com vítima;515,228;BR-153/GO;Norte;Outros - sequências;1;;;1;;1;;;;;3;;;1;
15/01/2017;22:29:00;460;sem vítima;137;BR-060/GO;Sul;Colisão Lateral;2;;;;;;;;;;3;;;;
15/01/2017;22:54:00;464;sem vítima;588;BR-153/GO;Sul;Colisão Traseira;2;;;;;;;;;;2;;;;
15/01/2017;23:21:00;474;com vítima;580;BR-262/MG;Leste;Capotamento;1;;;;;;;;;;0;4;;;
16/01/2017;02:23:00;20;sem vítima;85,6;BR-153/MG;Sul;Atropelamento de Animal;1;;;;;;;;;;1;;;;
16/01/2017;02:40:00;23;com vítima;36;BR-153/MG;Sul;Choque - Defensa, barreira ou "submarino";1;;;;;;;;;;0;1;;;
16/01/2017;06:14:00;49;sem vítima;21;BR-060/GO;Norte;Saida de Pista;1;;;;;;;;;;1;;;;
16/01/2017;06:21:00;52;sem vítima;494,314;BR-153/GO;Sul;Colisão Traseira;1;;1;;;;;;;;2;;;;
16/01/2017;06:36:00;53;sem vítima;597;BR-262/MG;Leste;Saida de Pista;;;1;;;1;;;;;2;;;;
16/01/2017;10:32:00;223;com vítima;26;BR-060/DF;Norte;Saida de Pista;1;;;;;;;;;;0;1;;;
16/01/2017;12:20:00;321;sem vítima;46,489;BR-060/GO;Norte;Saida de Pista;1;;;;;;;;;;2;;;;
16/01/2017;12:56:00;349;sem vítima;532,6;BR-153/GO;Norte;Saida de Pista;1;;;;;;;;;;3;;;;
16/01/2017;17:24:00;483;sem vítima;112,5;BR-060/GO;Sul;Outros - sequências;1;;;;;;;;;;1;;;;
16/01/2017;18:12:00;486;sem vítima;39;BR-153/MG;Sul;Saida de Pista;;;;;;;;;;1;3;;;;
16/01/2017;17:53:00;500;sem vítima;766;BR-262/MG;Oeste;Colisão Traseira;1;;1;;;;;;;;2;;;;
16/01/2017;20:45:00;578;sem vítima;28;BR-060/GO;Norte;Atropelamento de Animal;;;1;;;;;;;;1;;;;
16/01/2017;21:16:00;596;com vítima;420,532;BR-262/MG;Oeste;Saida de Pista;;;1;;;;;;;;0;1;;;
16/01/2017;21:33:00;600;com vítima;549,7;BR-153/GO;Sul;Outros - sequências;;;1;;;;;;;;0;2;;;
16/01/2017;22:53:00;622;com vítima;94;BR-060/GO;Sul;Outros - sequências;;;;1;;;;;;;0;1;;;
17/01/2017;03:09:00;40;com vítima;136;BR-060/GO;Sul;Capotamento;1;;;;;;;;;;1;1;;;
17/01/2017;06:29:00;64;sem vítima;593,652;BR-262/MG;Leste;Carreta deu L;;;1;;;;;;;;1;;;;
17/01/2017;07:19:00;70;com vítima;548,071;BR-262/MG;Oeste;Capotamento;1;;;;;;;;;;0;2;;;
17/01/2017;11:42:00;288;sem vítima;532;BR-153/GO;Norte;Colisão Traseira;;;2;;;;;;;;2;;;;
17/01/2017;12:52:00;335;sem vítima;26,781;BR-060/GO;Norte;Saida de Pista;1;;;;;;;;;;1;;;;
17/01/2017;13:32:00;354;com vítima;522;BR-153/GO;Sul;Queda de Ciclista;;;;1;;;;;;;1;1;;;
17/01/2017;14:06:00;370;sem vítima;67,5;BR-153/MG;Norte;Saida de Pista;1;;;;;;;;;;4;;;;
17/01/2017;14:41:00;388;sem vítima;0,2;BR-060/DF;Sul;Choque - Defensa, barreira ou "submarino";;;;;1;;;;;;1;;;;
17/01/2017;15:02:00;397;com vítima;58;BR-153/MG;Sul;Colisão Traseira;1;;2;;;;;;;;4;3;;;
17/01/2017;15:10:00;402;com vítima;494;BR-153/GO;Sul;Engavetamento;2;;1;;;;;;;;3;1;;;
17/01/2017;15:49:00;418;sem vítima;137;BR-060/GO;Sul;Colisão Traseira;;;2;;;;;;;;2;;;;
17/01/2017;16:15:00;427;sem vítima;697;BR-153/GO;Norte;Tombamento;;;1;;;;;;;;3;;;;
17/01/2017;17:16:00;456;com vítima;38,415;BR-153/MG;Norte;Capotamento;1;;;;;;;;;;1;2;;;
17/01/2017;18:18:00;485;sem vítima;46,641;BR-060/GO;Norte;Saida de Pista;;;1;;;;;;;;1;;;;
17/01/2017;18:24:00;488;com vítima;437,6;BR-262/MG;Leste;Queda de Moto;;;;1;;;;;;;0;;1;;
17/01/2017;20:32:00;539;sem vítima;2;BR-153/MG;Sul;Tombamento;;;1;;;;;;;;1;;;;
17/01/2017;21:03:00;547;com vítima;508,735;BR-153/GO;Norte;Outros - sequências;1;;1;;;;;;;;1;1;;;
17/01/2017;21:16:00;550;com vítima;196;BR-153/MG;Sul;Colisão Frontal;1;;1;;;;;;;;2;2;;;
17/01/2017;21:43:00;557;com vítima;136;BR-060/GO;Sul;Queda de Ciclista;;1;;;;;;;;;0;;1;;
17/01/2017;23:48:00;580;com vítima;514,4;BR-153/GO;Sul;Saida de Pista;;;1;;;;;;;;0;1;;;
18/01/2017;01:17:00;20;sem vítima;443;BR-262/MG;Leste;;1;;;;;;;;;;1;;;;
18/01/2017;04:32:00;48;sem vítima;684,8;BR-153/GO;Sul;Saida de Pista;1;;;;;;;;;;1;;;;
18/01/2017;04:56:00;53;com vítima;413;BR-262/MG;Leste;Colisão Traseira;;;;;;1;;;;1;1;7;1;;
18/01/2017;06:22:00;64;sem vítima;529,7;BR-153/GO;Norte;Colisão Traseira;1;;;;;1;;;;;2;;;;
18/01/2017;06:40:00;69;sem vítima;508,784;BR-153/GO;Norte;Engavetamento;8;;1;;;2;;;;;11;;;;
18/01/2017;07:42:00;89;com vítima;81,5;BR-060/GO;Norte;Saida de Pista;1;;;;;;;;;;0;4;;;
18/01/2017;07:53:00;94;sem vítima;509;BR-153/GO;Sul;Colisão Traseira;;;;;;;;;;2;2;;;;
18/01/2017;11:11:00;242;sem vítima;536;BR-153/GO;Sul;Colisão Traseira;3;;;;;;;;;;3;;;;
18/01/2017;13:05:00;334;sem vítima;133,8;BR-153/MG;Norte;Saida de Pista;;;;;;;;;;1;3;;;;
18/01/2017;14:47:00;381;com vítima;46,559;BR-060/GO;Sul;Outros - sequências;1;;1;;;;;;;;2;;;;1
18/01/2017;15:05:00;391;sem vítima;45,7;BR-060/GO;Sul;Saida de Pista;;;;;;;;;;1;1;;;;
18/01/2017;16:04:00;502;sem vítima;496;BR-153/GO;Sul;Colisão Lateral;1;;1;;;;;;;;2;;;;
18/01/2017;16:16:00;513;sem vítima;506;BR-153/GO;Sul;Colisão Traseira;2;;;;;;;;;;503;;;;
18/01/2017;16:21:00;532;sem vítima;113;BR-060/GO;Sul;Saida de Pista;1;;;;;;;;;;1;;;;
18/01/2017;17:01:00;572;sem vítima;362;BR-262/MG;Leste;Saida de Pista;1;;;;;;;;;;1;;;;
18/01/2017;17:05:00;573;sem vítima;505,9;BR-153/GO;Sul;Colisão Traseira;2;;;;;;;;;;2;;;;
18/01/2017;18:51:00;623;com vítima;604;BR-153/GO;Sul;Capotamento;1;;;;;;;;;;1;;1;;
18/01/2017;18:58:00;626;sem vítima;496;BR-153/GO;Norte;Engavetamento;2;;;;;1;;;;;3;;;;
18/01/2017;19:37:00;636;com vítima;496;BR-153/GO;Norte;Colisão Traseira;2;;;;;;;;;;1;1;;;
18/01/2017;20:27:00;648;sem vítima;590;BR-262/MG;Leste;Outros - sequências;1;;;;;;;;;;1;;;;
18/01/2017;20:53:00;659;sem vítima;607,5;BR-153/GO;Norte;Saida de Pista;1;;;;;;;;;;1;;;;
19/01/2017;00:52:00;14;com vítima;638,773;BR-262/MG;Oeste;Capotamento;;;1;;;;;;;;0;1;;;
19/01/2017;01:34:00;21;com vítima;136;BR-060/GO;Norte;Queda de Moto;;;;1;;;;;;;0;;;1;
19/01/2017;05:14:00;54;sem vítima;578,701;BR-153/GO;Norte;Colisão Traseira;;;2;;;;;;;;2;;;;
19/01/2017;06:44:00;64;sem vítima;112,896;BR-060/GO;Norte;Colisão Traseira;2;;;;;;;;;;2;;;;
19/01/2017;07:50:00;83;com vítima;549;BR-262/MG;Leste;Tombamento;;;1;;;;;;;;0;1;;;
19/01/2017;07:54:00;86;sem vítima;93,872;BR-060/GO;Sul;Engavetamento;4;;;;;;;;;1;5;;;;
19/01/2017;12:32:00;305;sem vítima;366;BR-262/MG;Oeste;Choque - Defensa, barreira ou "submarino";1;;;;;;;;;;1;;;;
19/01/2017;13:25:00;328;com vítima;368;BR-262/MG;Leste;Outros - sequências;1;;;;;;;;;;0;;;1;2
19/01/2017;14:16:00;349;sem vítima;590;BR-262/MG;Leste;Outros - sequências;1;;;;;;;;;;1;;;;
19/01/2017;15:21:00;392;com vítima;575;BR-262/MG;Oeste;Colisão Transversal;2;;;;;;;;;;3;3;;;
19/01/2017;16:23:00;427;com vítima;92;BR-060/GO;Sul;Colisão Lateral;2;;;;;;;;;;1;2;;;
19/01/2017;16:38:00;444;sem vítima;496;BR-153/GO;Norte;Outros - sequências;2;;;;;;;;;;4;;;;
19/01/2017;18:48:00;533;sem vítima;497;BR-153/GO;Sul;Colisão Traseira;1;;;;;;;;;1;2;;;;
19/01/2017;22:22:00;620;com vítima;478;BR-262/MG;Leste;Colisão Transversal;2;;;;;;;;;;0;2;;;
19/01/2017;23:19:00;633;com vítima;508,312;BR-262/MG;Leste;Tombamento;;;1;;;;;;;;0;1;;;
20/01/2017;00:02:00;2;sem vítima;638,1;BR-153/GO;Norte;Saida de Pista;1;;;;;;;;;;1;;;;
20/01/2017;06:41:00;58;com vítima;129;BR-060/GO;Sul;Colisão Traseira;2;;;;;;;;;;1;1;;;
20/01/2017;06:51:00;60;com vítima;101;BR-060/GO;Sul;Colisão Lateral;;;;1;;1;;;;;1;1;;;
20/01/2017;07:49:00;75;sem vítima;639,1;BR-262/MG;Leste;Tombamento;;;1;;;;;;;;2;;;;
20/01/2017;08:13:00;88;sem vítima;100;BR-060/GO;Norte;Colisão Lateral;2;;;;;;;;;;2;;;;
20/01/2017;09:43:00;139;com vítima;138;BR-060/GO;Sul;Colisão Traseira;1;;1;;;;;;;;1;3;1;;
20/01/2017;10:01:00;153;sem vítima;681,8;BR-153/GO;Norte;Saida de Pista;1;;;;;1;;;;;3;;;;
20/01/2017;10:37:00;165;sem vítima;107,9;BR-060/GO;Sul;;1;;1;;;;;;;;3;;;;
20/01/2017;12:05:00;214;sem vítima;543;BR-153/GO;Sul;Colisão Traseira;;;2;;;;;;;;2;;;;
20/01/2017;12:28:00;223;sem vítima;514;BR-153/GO;Norte;Colisão Traseira;2;;;;;;;;;;2;;;;
20/01/2017;13:05:00;240;sem vítima;113;BR-060/GO;Sul;Saida de Pista;1;;;;;;;;;;1;;;;
20/01/2017;16:32:00;348;com vítima;28,4;BR-153/MG;Sul;Outros - sequências;1;;;;;;;;;;0;2;;;
20/01/2017;16:52:00;358;sem vítima;95,4;BR-153/MG;Norte;Saida de Pista;1;;;;;;;;;;1;;;;
20/01/2017;17:38:00;387;sem vítima;42,7;BR-153/MG;Norte;Saida de Pista;1;;;;;;;;;;1;;;;
20/01/2017;18:10:00;407;com vítima;500;BR-153/GO;Norte;Queda de Moto;;;;1;;1;;;;;1;1;;;
20/01/2017;18:32:00;424;sem vítima;512;BR-153/GO;Norte;Colisão Traseira;2;;;;;;;;;;3;;;;
20/01/2017;18:38:00;427;com vítima;31;BR-060/DF;Norte;Saida de Pista;1;;;;;;;;;;0;1;;;
20/01/2017;20:56:00;481;sem vítima;444;BR-262/MG;Oeste;Colisão Traseira;;;2;;;;;;;;2;;;;
21/01/2017;03:17:00;27;com vítima;34;BR-060/GO;Norte;Colisão Traseira;2;;;;;;;;;;2;3;;;
21/01/2017;03:54:00;34;sem vítima;517;BR-153/GO;Sul;Saida de Pista;1;;;;;1;;;;;2;;;;
21/01/2017;04:17:00;38;sem vítima;58;BR-153/MG;Sul;Saida de Pista;;;1;;;;;;;;2;;;;
21/01/2017;07:51:00;72;com vítima;398;BR-262/MG;Leste;Colisão Lateral;1;;;1;;;;;;;1;1;;;
21/01/2017;08:33:00;111;com vítima;644;BR-262/MG;Oeste;Queda de Moto;;;;1;;;;;;;0;2;;;
21/01/2017;11:08:00;262;sem vítima;31,1;BR-060/DF;Sul;Saida de Pista;1;;;;;;;;;;1;;;;
21/01/2017;14:02:00;338;sem vítima;109,748;BR-060/GO;Sul;Colisão Traseira;2;;;;;;;;;;2;;;;
21/01/2017;14:38:00;361;sem vítima;104;BR-060/GO;Sul;Saida de Pista;1;;;;;;;;;;1;;;;
21/01/2017;14:43:00;366;com vítima;514,254;BR-153/GO;Sul;Colisão Lateral;;;1;;;1;;;;;1;1;;;
21/01/2017;15:29:00;398;com vítima;128;BR-060/GO;Norte;Saida de Pista;1;;;;;;;;;;0;1;;;
21/01/2017;16:17:00;430;sem vítima;109,115;BR-060/GO;Sul;Saida de Pista;1;;;;;;;;;;1;;;;
21/01/2017;19:01:00;515;sem vítima;516,394;BR-153/GO;Sul;Saida de Pista;1;;;;;;;;;;1;;;;
21/01/2017;20:12:00;548;sem vítima;444,85;BR-262/MG;Oeste;Queda de Ciclista;;;;1;;;;;;;1;;;;
21/01/2017;22:58:00;591;com vítima;610,008;BR-262/MG;Oeste;Colisão Traseira;1;;1;;;;;;;;1;;1;;
21/01/2017;23:06:00;593;com vítima;506;BR-153/GO;Sul;Queda de Moto;;;;1;;;;;;;0;1;;;
21/01/2017;23:33:00;601;com vítima;408;BR-262/MG;Oeste;Saida de Pista;1;;;;;;;;;;1;1;;;
22/01/2017;03:07:00;23;sem vítima;26;BR-060/GO;Sul;Saida de Pista;1;;;;;;;;;;1;;;;
22/01/2017;06:06:00;48;com vítima;663,089;BR-262/MG;Oeste;Saida de Pista;1;;;;;;;;;;0;1;;;
22/01/2017;06:14:00;50;sem vítima;367;BR-262/MG;Leste;;;;;;;;;;;1;1;;;;
22/01/2017;06:42:00;52;sem vítima;410;BR-262/MG;Oeste;Saida de Pista;;;;;;;;;;1;1;;;;
22/01/2017;07:57:00;71;sem vítima;12,164;BR-060/DF;Sul;Outros - sequências;1;;;;;;;;;;1;;;;
22/01/2017;10:45:00;174;sem vítima;364,175;BR-262/MG;Oeste;Outros - sequências;;;1;;;;;;;;1;;;;
22/01/2017;12:14:00;252;sem vítima;604;BR-153/GO;Sul;Saida de Pista;1;;;;;;;;;;4;;;;
22/01/2017;14:37:00;335;com vítima;679;BR-153/GO;Norte;Queda de Moto;;;;1;;;;;;;0;1;;;
22/01/2017;15:01:00;342;sem vítima;361,5;BR-262/MG;Leste;Outros - sequências;1;;;;;1;;;;;2;;;;
22/01/2017;15:40:00;366;sem vítima;568;BR-153/GO;Norte;Queda de Ciclista;;;;1;;;;;;;1;;;;
22/01/2017;15:53:00;372;sem vítima;503;BR-153/GO;Norte;Queda de Ciclista;;;;1;;;;;;;1;;;;
22/01/2017;17:03:00;411;sem vítima;516;BR-153/GO;Sul;Saida de Pista;1;;;;;;;;;;1;;;;
22/01/2017;17:19:00;421;sem vítima;521,2;BR-153/GO;Norte;Colisão Traseira;2;;;;;1;;;;;3;;;;
22/01/2017;19:52:00;502;com vítima;507,328;BR-153/GO;Sul;Queda de Ciclista;;;;1;;1;;;;;1;1;;;
22/01/2017;20:02:00;507;com vítima;421,455;BR-262/MG;Leste;Queda de Moto;;;;1;;;;;;;0;;1;;
22/01/2017;20:46:00;523;sem vítima;604;BR-153/GO;Sul;Saida de Pista;1;;;;;;;;;;1;;;;
22/01/2017;21:45:00;539;com vítima;493;BR-153/GO;Norte;Atropelamento - Outros;;;;;;1;;;;;1;;;1;
22/01/2017;22:10:00;551;com vítima;70,4;BR-060/GO;Norte;Outros - sequências;1;;;;;1;;;;;1;;;;1
22/01/2017;22:38:00;563;sem vítima;89,5;BR-060/GO;Norte;Saida de Pista;1;;;;;;;;;;1;;;;
23/01/2017;00:38:00;12;sem vítima;210;BR-153/MG;Norte;Saida de Pista;1;;;;;;;;;;1;;;;
23/01/2017;07:59:00;101;sem vítima;20,171;BR-060/GO;Norte;Saida de Pista;1;;;;;;;;;;1;;;;
23/01/2017;08:27:00;125;sem vítima;507;BR-153/GO;Sul;Colisão Traseira;1;;1;;;1;;;;;4;;;;
23/01/2017;12:56:00;445;com vítima;498;BR-153/GO;Sul;Colisão Traseira;1;;1;;;;;;;;0;2;;;
23/01/2017;16:52:00;548;com vítima;376;BR-262/MG;Oeste;Outros - sequências;1;;;;;1;;;;;1;3;;;
23/01/2017;17:07:00;556;sem vítima;102,6;BR-060/GO;Sul;Outros - sequências;;;;;;;;;;1;2;;;;
23/01/2017;17:29:00;565;com vítima;501,109;BR-153/GO;Norte;Colisão Traseira;1;;;1;;;;;;;0;1;1;;
23/01/2017;17:34:00;567;com vítima;593;BR-262/MG;Leste;Colisão Transversal;1;;1;;;;;;;;1;1;;;
23/01/2017;21:23:00;639;com vítima;15;BR-060/GO;Norte;Colisão Lateral;2;;;;;;;;;;2;2;;;
23/01/2017;22:56:00;655;com vítima;101;BR-060/GO;Sul;Queda de Moto;;;;1;;;;;;;0;1;;;
24/01/2017;06:35:00;59;sem vítima;405;BR-262/MG;Oeste;Colisão Lateral;2;;;;;;;;;;5;;;;
24/01/2017;06:51:00;61;com vítima;487;BR-262/MG;Oeste;Atropelamento - Usuário;;;;;;1;;;;;1;;;;1
24/01/2017;08:55:00;121;sem vítima;557,334;BR-262/MG;Oeste;Saida de Pista;1;;;;;1;;;;;2;;;;
24/01/2017;10:20:00;174;com vítima;86;BR-153/MG;Sul;Colisão Lateral;;;;;1;;;;;1;2;5;;;
24/01/2017;11:41:00;214;sem vítima;591;BR-153/GO;Sul;Outros - sequências;1;;;;;;;;;;1;;;;
24/01/2017;12:13:00;234;sem vítima;20,079;BR-060/DF;Sul;Saida de Pista;;;1;;;;;;;;1;;;;
24/01/2017;12:14:00;235;com vítima;811,65;BR-262/MG;Leste;Atropelamento - Usuário;;;;;;;;;;1;1;;1;;
24/01/2017;14:47:00;311;sem vítima;670;BR-262/MG;Oeste;Saida de Pista;1;;;;;;;;;;4;;;;