data;horario;n_da_ocorrencia;tipo_de_ocorrencia;km;trecho;sentido;tipo_de_acidente;automovel;bicicleta;caminhao;moto;onibus;outros;tracao_animal;transporte_de_cargas_especiais;trator_maquinas;utilitarios;ilesos;levemente_feridos;moderadamente_feridos;gravemente_feridos;mortos
24/01/2017;15:09:00;323;sem vítima;420;BR-262/MG;Oeste;Saida de Pista;1;;;;;;;;;;1;;;;
24/01/2017;15:15:00;324;sem vítima;482;BR-262/MG;Leste;Engavetamento;3;;;;;;;;;;3;;;;
24/01/2017;16:13:00;354;sem vítima;382;BR-262/MG;Leste;Capotamento;1;;;;;;;;;;1;;;;
24/01/2017;16:24:00;356;sem vítima;382;BR-262/MG;Leste;Colisão Traseira;1;;;;;;;;;1;2;;;;
24/01/2017;17:36:00;398;sem vítima;576;BR-262/MG;Leste;Saida de Pista;1;;;;;;;;;;2;;;;
24/01/2017;18:00:00;425;sem vítima;380;BR-262/MG;Leste;Capotamento;1;;;;;;;;;;1;;;;
24/01/2017;18:45:00;430;com vítima;172;BR-153/MG;Sul;Saida de Pista;1;;;;;;;;;;0;3;;;
24/01/2017;18:53:00;433;sem vítima;500,5;BR-153/GO;Norte;Colisão Lateral;1;;1;;;;;;;;2;;;;
24/01/2017;20:52:00;474;com vítima;801;BR-262/MG;Oeste;Outros - sequências;2;;;;;;;;;;0;2;1;;
24/01/2017;23:33:00;514;sem vítima;519;BR-153/GO;Norte;Saida de Pista;1;;;;;;;;;;1;;;;
25/01/2017;04:58:00;68;com vítima;26;BR-060/GO;Sul;Saida de Pista;1;;;;;;;;;;0;1;;;
25/01/2017;07:03:00;86;com vítima;625,132;BR-262/MG;Oeste;Colisão Lateral;1;;1;;;1;;;;;2;2;1;;
25/01/2017;08:30:00;134;sem vítima;144;BR-153/MG;Norte;Outros - sequências;;;1;;;;;;;;1;;;;
25/01/2017;13:18:00;326;sem vítima;582;BR-262/MG;Leste;Saida de Pista;;;1;;;;;;;;1;;;;
25/01/2017;13:59:00;349;sem vítima;509;BR-153/GO;Norte;Colisão Traseira;1;;;;;1;;;;;2;;;;
25/01/2017;14:07:00;353;com vítima;121,77;BR-060/GO;Sul;Capotamento;1;;;;;;;;;;0;2;;;
25/01/2017;14:13:00;356;com vítima;121,77;BR-060/GO;Sul;Capotamento;1;;;;;;;;;;0;2;;;
25/01/2017;14:19:00;358;sem vítima;670;BR-153/GO;Norte;Colisão Lateral;1;;1;;;;;;;;5;;;;
25/01/2017;15:26:00;405;sem vítima;29,806;BR-060/GO;Norte;Saida de Pista;1;;;;;;;;;;1;;;;
25/01/2017;15:35:00;411;sem vítima;37,06;BR-060/GO;Sul;Saida de Pista;1;;;;;;;;;;1;;;;
25/01/2017;16:04:00;429;sem vítima;574;BR-153/GO;Norte;Saida de Pista;;;1;;;;;;;;3;;;;
26/01/2017;00:47:00;9;com vítima;245,5;BR-153/MG;Sul;Colisão Traseira;;;1;;;;;;;1;2;;1;1;
26/01/2017;01:51:00;19;com vítima;608,134;BR-153/GO;Sul;Tombamento;;;1;;;;;;;;0;1;;;
26/01/2017;06:45:00;71;sem vítima;29,274;BR-060/DF;Norte;Saida de Pista;;;1;;;;;;;;1;;;;
26/01/2017;06:58:00;74;sem vítima;592;BR-262/MG;Leste;Saida de Pista;1;;;;;;;;;;4;;;;
26/01/2017;10:06:00;199;com vítima;3;BR-060/DF;Norte;Atropelamento - Outros;;;1;;;;;;;;3;;;;1
26/01/2017;11:42:00;278;sem vítima;52,467;BR-060/GO;Norte;Saida de Pista;1;;;;;1;;;;;2;;;;
26/01/2017;13:18:00;326;com vítima;727;BR-262/MG;Oeste;Colisão Traseira;1;;1;;;;;;;;3;1;;;
26/01/2017;13:36:00;340;sem vítima;494,815;BR-153/GO;Norte;Saida de Pista;;;;;;;;;;1;1;;;;
26/01/2017;15:29:00;406;com vítima;506,834;BR-153/GO;Norte;Queda de Ciclista;;;;1;;;;;;;0;2;;;
26/01/2017;15:41:00;417;sem vítima;424;BR-262/MG;Leste;Saida de Pista;1;;;;;;;;;;1;;;;
26/01/2017;16:42:00;451;com vítima;4,4;BR-153/MG;Norte;Outros - sequências;1;;;;;;;;;;1;1;;;
26/01/2017;17:06:00;463;sem vítima;8,7;BR-153/MG;Norte;Outros - sequências;1;;;;;;;;;;1;;;;
26/01/2017;18:31:00;515;sem vítima;500;BR-153/GO;Sul;Queda de Moto;;;;1;;;;;;;1;;;;
26/01/2017;20:34:00;593;sem vítima;811;BR-262/MG;Oeste;Colisão Frontal;;1;;1;;;;;;;2;;;;
26/01/2017;22:08:00;628;com vítima;840,023;BR-262/MG;Leste;Outros - sequências;1;;1;;;;;;;;0;1;;1;
26/01/2017;23:17:00;649;com vítima;504,488;BR-262/MG;Leste;Saida de Pista;1;;;;;;;;;;0;1;;;
27/01/2017;01:42:00;22;sem vítima;668,3;BR-153/GO;Sul;Outros - sequências;1;;;;;;;;;;1;;;;
27/01/2017;05:45:00;45;sem vítima;654,9;BR-153/GO;Norte;Colisão Traseira;1;;;;;1;;;;;3;;;;
27/01/2017;07:37:00;91;sem vítima;504,819;BR-153/GO;Norte;Engavetamento;5;;;;;;;;;;5;;;;
27/01/2017;11:18:00;344;sem vítima;504;BR-153/GO;Sul;;1;;;;;;;;;;1;;;;
27/01/2017;11:25:00;360;sem vítima;506,434;BR-153/GO;Sul;Outros - sequências;3;;1;;;;;;;2;6;;;;
27/01/2017;12:21:00;410;sem vítima;494,265;BR-153/GO;Norte;Choque - Defensa, barreira ou "submarino";1;;;;;;;;;;1;;;;
27/01/2017;12:23:00;411;com vítima;674,8;BR-153/GO;Norte;Colisão Traseira;1;;1;;;;;;;;0;2;;;
27/01/2017;12:51:00;430;sem vítima;591;BR-153/GO;Sul;Saida de Pista;;;;;;;;;;1;6;;;;
27/01/2017;14:33:00;500;com vítima;500,252;BR-153/GO;Sul;Colisão Traseira;1;;;1;;;;;;;1;1;;;
27/01/2017;14:50:00;519;sem vítima;508;BR-153/GO;Sul;Colisão Traseira;1;;;;;1;;;;;2;;;;
27/01/2017;15:49:00;561;com vítima;605,8;BR-153/GO;Norte;Saida de Pista;;;1;;;1;;;;;1;1;;;
27/01/2017;17:12:00;616;sem vítima;441,5;BR-262/MG;Leste;Saida de Pista;1;;;;;;;;;;1;;;;
27/01/2017;18:37:00;701;sem vítima;77,206;BR-060/GO;Sul;Outros - sequências;1;;;;;;;;;;2;;;;
27/01/2017;18:46:00;706;sem vítima;664,423;BR-153/GO;Sul;Outros - sequências;;;1;;;;;;;;1;;;;
28/01/2017;05:28:00;51;sem vítima;137;BR-060/GO;Sul;Saida de Pista;1;;;;;;;;;;1;;;;
28/01/2017;06:07:00;57;sem vítima;137;BR-060/GO;Norte;Capotamento;1;;;;;;;;;;1;;;;
28/01/2017;07:44:00;75;sem vítima;15,48;BR-060/DF;Norte;Choque - Poste;;;1;;;;;;;;1;;;;
28/01/2017;08:04:00;81;sem vítima;11;BR-153/MG;Sul;Saida de Pista;1;;;;;;;;;;3;;;;
28/01/2017;08:56:00;108;com vítima;451,41;BR-262/MG;Leste;Saida de Pista;1;;;;;;;;;;0;4;;;
28/01/2017;09:06:00;114;sem vítima;394;BR-262/MG;Leste;Capotamento;;;;;;1;;;;1;2;;;;
28/01/2017;13:07:00;362;sem vítima;405,047;BR-262/MG;Oeste;Saida de Pista;1;;;;;;;;;;1;;;;
28/01/2017;14:47:00;471;sem vítima;811,93;BR-262/MG;Leste;Choque - Poste;1;;;;;1;;;;;2;;;;
28/01/2017;19:42:00;649;sem vítima;514;BR-153/GO;Norte;Colisão Lateral;1;;;1;;;;;;;2;;;;
28/01/2017;20:17:00;669;com vítima;31;BR-060/DF;Sul;Queda de Moto;;;;1;;;;;;;0;;1;;
28/01/2017;20:53:00;679;com vítima;502,5;BR-153/GO;Norte;Queda de Moto;;;;1;;;;;;;0;2;;;
28/01/2017;21:11:00;689;com vítima;519,188;BR-153/GO;Norte;Outros - sequências;1;;;;;1;;;;;1;5;;;
29/01/2017;05:48:00;55;com vítima;803;BR-262/MG;Oeste;Queda de Moto;;;;1;;;;;;;0;;1;;
29/01/2017;10:26:00;206;sem vítima;108;BR-060/GO;Norte;Colisão Traseira;2;;;;;;;;;;2;;;;
29/01/2017;10:48:00;222;com vítima;14,947;BR-060/GO;Sul;Colisão Traseira;1;;;1;;;;;;1;2;;;;1
29/01/2017;13:07:00;264;sem vítima;490;BR-153/GO;Sul;Colisão Frontal;1;;;;;;;;;;1;;;;
29/01/2017;14:46:00;319;com vítima;89;BR-060/GO;Norte;Queda de Moto;;;;1;;;;;;;0;1;;;
29/01/2017;15:51:00;347;com vítima;0,592;BR-060/DF;Norte;Atropelamento - Outros;;;;;;;;;;1;1;;;;1
29/01/2017;16:07:00;357;com vítima;549,066;BR-262/MG;Oeste;Outros - sequências;5;;;;;;;;;;9;1;1;;
29/01/2017;17:49:00;425;sem vítima;1,9;BR-060/DF;Sul;;;;;1;;;;;;;1;;;;
29/01/2017;23:33:00;592;com vítima;228;BR-153/MG;Sul;Saida de Pista;1;;;;;;;;;;0;1;;;
30/01/2017;06:38:00;88;com vítima;751,603;BR-262/MG;Oeste;Capotamento;1;;;;;;;;;;1;3;;;
30/01/2017;07:00:00;104;sem vítima;391;BR-262/MG;Leste;Saida de Pista;1;;;;;;;;;;2;;;;
30/01/2017;12:44:00;395;sem vítima;483,914;BR-262/MG;Leste;Colisão Transversal;;;1;;;;;;;1;2;;;;
30/01/2017;16:26:00;559;com vítima;677;BR-153/GO;Sul;Capotamento;;;;;;;;;;1;1;;1;;
30/01/2017;17:53:00;616;com vítima;483,622;BR-262/MG;Leste;Queda de Moto;;;;1;;1;;;;;1;2;;;
30/01/2017;21:32:00;720;sem vítima;20;BR-060/GO;Norte;Choque - Objeto sobre a pista;1;;;;;;;;;;1;;;;
31/01/2017;07:00:00;79;com vítima;593,8;BR-153/GO;Norte;Colisão Traseira;1;;1;;;;;;;;1;2;1;;
31/01/2017;10:03:00;263;com vítima;107;BR-060/GO;Sul;Choque - Outros;;;1;;;;;;;;1;1;;;
31/01/2017;11:57:00;369;sem vítima;817;BR-262/MG;Leste;Saida de Pista;1;;;;;;;;;;1;;;;
31/01/2017;12:41:00;399;com vítima;368;BR-262/MG;Leste;Queda de Ciclista;;;;1;;;;;;;0;;1;;
31/01/2017;14:31:00;488;sem vítima;748;BR-262/MG;Leste;Colisão Traseira;;;2;;;;;;;;3;;;;
31/01/2017;17:29:00;640;sem vítima;71,896;BR-153/MG;Norte;Queda de Moto;;;;1;;1;;;;;2;;;;
31/01/2017;18:27:00;664;sem vítima;32;BR-060/GO;Sul;Colisão Traseira;2;;;;;;;;;;2;;;;
31/01/2017;18:41:00;668;sem vítima;506;BR-153/GO;Sul;Colisão Lateral;1;;1;;;;;;;;2;;;;
31/01/2017;22:46:00;754;sem vítima;505,3;BR-153/GO;Norte;Colisão Traseira;2;;;;;;;;;;4;;;;
01/02/2017;03:05:00;57;com vítima;549;BR-262/MG;Leste;Saida de Pista;1;;;;;;;;;;0;5;;;
01/02/2017;08:07:00;121;sem vítima;374;BR-262/MG;Leste;Saida de Pista;1;;;;;1;;;;;2;;;;
01/02/2017;10:03:00;209;sem vítima;635;BR-153/GO;Norte;Tombamento;;;1;;;;;;;;1;;;;
01/02/2017;10:55:00;280;com vítima;380;BR-262/MG;Oeste;Queda de Ciclista;;;;1;;;;;;;0;;1;;
01/02/2017;13:22:00;365;sem vítima;469,389;BR-262/MG;Leste;Saida de Pista;1;;;;;;;;;;1;;;;
01/02/2017;14:08:00;383;com vítima;663;BR-153/GO;Norte;Colisão Traseira;;;2;;;;;;;;2;1;;;
01/02/2017;14:09:00;384;sem vítima;27,223;BR-060/GO;Norte;Saida de Pista;;;;;;;;;;1;1;;;;
01/02/2017;15:00:00;419;sem vítima;219;BR-153/MG;Norte;Colisão Traseira;;;2;;;1;;;;;3;;;;
01/02/2017;17:16:00;501;sem vítima;516;BR-153/GO;Sul;Saida de Pista;1;;;;;;;;;;1;;;;
01/02/2017;17:51:00;522;sem vítima;610;BR-262/MG;Leste;Saida de Pista;;;1;;;;;;;;1;;;;
01/02/2017;19:03:00;553;com vítima;828;BR-262/MG;Leste;Colisão Traseira;2;;;;;;;;;;2;1;;;
02/02/2017;03:34:00;42;sem vítima;58;BR-153/MG;Norte;Saida de Pista;1;;;;;;;;;;1;;;;
02/02/2017;05:29:00;57;sem vítima;83,274;BR-060/GO;Norte;Outros - sequências;1;;;;;;;;;;1;;;;
02/02/2017;08:45:00;127;com vítima;493,79;BR-153/GO;Sul;Colisão Traseira;2;;1;;;;;;;;5;1;;;
02/02/2017;11:11:00;231;com vítima;575;BR-262/MG;Oeste;Capotamento;1;;;;;;;;;;0;1;;;
02/02/2017;13:41:00;304;sem vítima;60,131;BR-060/GO;Norte;Saida de Pista;1;;;;;;;;;;1;;;;
02/02/2017;18:00:00;451;sem vítima;499;BR-153/GO;Sul;Engavetamento;3;;;;;;;;;;8;;;;
02/02/2017;18:08:00;456;sem vítima;92;BR-060/GO;Sul;Colisão Traseira;2;;;;;;;;;;2;;;;
02/02/2017;18:09:00;457;sem vítima;97;BR-060/GO;Norte;Outros - sequências;1;;;;;1;;;;;2;;;;
02/02/2017;21:33:00;566;sem vítima;83;BR-060/GO;Sul;Colisão Traseira;1;;;;;1;;;;;2;;;;
02/02/2017;22:18:00;573;com vítima;502;BR-153/GO;Norte;Queda de Moto;;;;1;;;;;;;0;2;;;
02/02/2017;23:26:00;587;com vítima;508;BR-153/GO;Sul;Queda de Moto;;;;1;;;;;;;0;1;;;
02/02/2017;23:28:00;588;com vítima;502;BR-153/GO;Sul;Queda de Moto;;;;1;;;;;;;0;1;;;
03/02/2017;02:33:00;43;com vítima;548;BR-262/MG;Leste;Saida de Pista;;;1;;;;;;;;0;1;;;
03/02/2017;03:17:00;46;com vítima;450;BR-262/MG;Oeste;Saida de Pista;1;;;;;;;;;;0;1;;;
03/02/2017;03:53:00;52;sem vítima;93;BR-060/GO;Sul;Saida de Pista;1;;;;;;;;;;1;;;;
03/02/2017;04:08:00;56;sem vítima;402;BR-262/MG;Leste;Outros - sequências;1;;;;;;;;;;2;;;;
03/02/2017;07:20:00;96;sem vítima;382;BR-262/MG;Leste;Capotamento;;;;;;;;;;1;1;;;;
03/02/2017;08:05:00;127;sem vítima;612;BR-262/MG;Leste;Carreta deu L;;;1;;;1;;;;;2;;;;
03/02/2017;12:44:00;367;sem vítima;380;BR-262/MG;Leste;Outros - sequências;1;;1;;;;;;;;2;;;;
03/02/2017;12:51:00;369;sem vítima;382;BR-262/MG;Leste;Saida de Pista;;;;;;;;;;1;1;;;;
03/02/2017;14:04:00;400;com vítima;129;BR-060/GO;Sul;Colisão Traseira;2;;;;;;;;;;0;3;;;
03/02/2017;14:26:00;412;sem vítima;49,185;BR-060/GO;Sul;Outros - sequências;1;;;;;1;;;;;4;;;;
03/02/2017;14:37:00;417;sem vítima;68,7;BR-153/MG;Sul;Saida de Pista;1;;;;;;;;;;2;;;;
03/02/2017;14:59:00;438;sem vítima;14,754;BR-060/GO;Sul;Colisão Traseira;;;;;;1;;;;2;3;;;;
03/02/2017;15:00:00;439;sem vítima;801,747;BR-262/MG;Oeste;Outros - sequências;;;1;;;;;;;;1;;;;
03/02/2017;15:07:00;444;sem vítima;182,1;BR-153/MG;Norte;Saida de Pista;1;;;;;1;;;;;2;;;;
03/02/2017;15:20:00;452;com vítima;172;BR-153/MG;Norte;Capotamento;1;;;;;;;;;;0;1;;;
03/02/2017;15:22:00;454;sem vítima;9;BR-060/DF;Sul;Tombamento;;;2;;;;;;;;3;;;;
03/02/2017;15:45:00;463;sem vítima;494;BR-153/GO;Norte;Saida de Pista;1;;;;;;;;;;1;;;;
03/02/2017;16:15:00;479;com vítima;650,566;BR-262/MG;Leste;Colisão Transversal;2;;;;;;;;;;0;2;1;;1
03/02/2017;16:33:00;493;com vítima;114;BR-060/GO;Sul;Saida de Pista;;;;;;;;;;1;0;2;;;
03/02/2017;17:08:00;512;sem vítima;597;BR-153/GO;Norte;Saida de Pista;1;;;;;;;;;;1;;;;
03/02/2017;17:32:00;523;sem vítima;552;BR-153/GO;Norte;Saida de Pista;1;;;;;;;;;;1;;;;
03/02/2017;17:47:00;526;sem vítima;590;BR-262/MG;Oeste;Saida de Pista;1;;;;;;;;;;1;;;;
03/02/2017;17:54:00;531;sem vítima;584;BR-262/MG;Leste;Saida de Pista;1;;;;;;;;;;1;;;;
03/02/2017;17:55:00;532;sem vítima;633,8;BR-262/MG;Leste;Saida de Pista;1;;;;;;;;;;1;;;;
03/02/2017;18:30:00;550;com vítima;108;BR-060/GO;Sul;Carreta deu L;;;1;;;;;;;;1;1;;;
03/02/2017;18:45:00;559;com vítima;123;BR-060/GO;Norte;Queda de Moto;;;;1;;;;;;;0;1;;;
03/02/2017;18:54:00;563;sem vítima;502;BR-153/GO;Sul;Colisão Traseira;1;;;;;1;;;;;2;;;;
03/02/2017;20:37:00;603;com vítima;481,769;BR-262/MG;Oeste;Colisão Traseira;;;2;;;;;;;;0;2;1;;
03/02/2017;21:32:00;624;sem vítima;76;BR-153/MG;Norte;Saida de Pista;1;;;;;;;;;;1;;;;
03/02/2017;22:23:00;643;sem vítima;94;BR-060/GO;Sul;Queda de Moto;;;;1;;;;;;;2;;;;
04/02/2017;10:12:00;175;com vítima;380,5;BR-262/MG;Leste;Queda de Moto;;;;1;;;;;;;0;;1;;
04/02/2017;11:47:00;260;com vítima;15,555;BR-060/DF;Sul;Capotamento;;;;;;;;;;1;3;2;;;
04/02/2017;13:27:00;307;sem vítima;378;BR-262/MG;Oeste;Saida de Pista;1;;;;;;;;;;1;;;;
04/02/2017;14:13:00;333;com vítima;548,277;BR-262/MG;Leste;Outros - sequências;1;;;;;;;;;;0;3;;;
04/02/2017;15:10:00;360;com vítima;535,5;BR-153/GO;Sul;Saida de Pista;1;;;;;;;;;;2;1;;;
04/02/2017;16:01:00;387;com vítima;420,546;BR-262/MG;Oeste;Colisão Traseira;1;;;;;;;;;1;0;4;;;
04/02/2017;16:12:00;392;com vítima;722,015;BR-262/MG;Leste;Outros - sequências;1;;;;;;;;;;0;2;;;
04/02/2017;16:24:00;402;sem vítima;413,951;BR-262/MG;Oeste;Outros - sequências;1;;;;;;;;;;2;;;;
04/02/2017;17:01:00;425;sem vítima;70,572;BR-060/GO;Sul;Outros - sequências;;;;;;1;;;;1;3;;;;
04/02/2017;18:11:00;465;sem vítima;54;BR-153/MG;Norte;Outros - sequências;1;;;;;;;;;;1;;;;
04/02/2017;18:11:00;466;com vítima;639,549;BR-262/MG;Leste;Outros - sequências;1;;;;;;;;;;0;1;;;
04/02/2017;19:22:00;491;sem vítima;382,377;BR-262/MG;Oeste;Outros - sequências;1;;;;;;;;;;1;;;;
04/02/2017;20:51:00;538;sem vítima;594;BR-153/GO;Norte;Colisão Traseira;;;2;;;;;;;;3;;;;
05/02/2017;00:51:00;18;com vítima;526,904;BR-262/MG;Leste;Colisão Lateral;1;;1;;;;;;;;0;5;;;
05/02/2017;03:23:00;37;com vítima;100;BR-060/GO;Sul;Colisão Lateral;1;;;;;;;;;;1;2;;;
05/02/2017;03:53:00;56;sem vítima;507;BR-153/GO;Sul;Saida de Pista;1;;;;;;;;;;3;;;;
05/02/2017;05:12:00;67;com vítima;803;BR-262/MG;Leste;Outros - sequências;2;;;;;;;;;;1;1;1;;
05/02/2017;05:20:00;70;sem vítima;2;BR-060/DF;Sul;Colisão Traseira;2;;;;;;;;;;3;;;;
05/02/2017;06:32:00;80;com vítima;555;BR-153/GO;Sul;Capotamento;1;;;;;;;;;;0;1;;;
05/02/2017;07:21:00;90;com vítima;104,8;BR-153/MG;Sul;Saida de Pista;;;;;;;;;;1;0;1;;;
05/02/2017;09:08:00;132;sem vítima;362;BR-262/MG;Oeste;Outros - sequências;1;;;;;;;;;;1;;;;
05/02/2017;11:05:00;214;sem vítima;365;BR-262/MG;Leste;Saida de Pista;1;;;;;;;;;;2;;;;
05/02/2017;11:35:00;225;sem vítima;42,198;BR-060/GO;Norte;Saida de Pista;1;;;;;;;;;;1;;;;
05/02/2017;14:43:00;333;sem vítima;407,8;BR-262/MG;Leste;Saida de Pista;1;;;;;;;;;;1;;;;
05/02/2017;14:56:00;342;sem vítima;607;BR-153/GO;Norte;Saida de Pista;1;;;;;;;;;;1;;;;
05/02/2017;15:09:00;352;sem vítima;378,3;BR-262/MG;Oeste;Saida de Pista;1;;;;;;;;;;1;;;;
05/02/2017;15:48:00;380;sem vítima;383;BR-262/MG;Oeste;Saida de Pista;1;;;;;;;;;;1;;;;
05/02/2017;16:27:00;412;com vítima;88,612;BR-060/GO;Sul;Colisão Traseira;2;;;;;;;;;;0;6;;;
05/02/2017;16:51:00;426;sem vítima;380,309;BR-262/MG;Oeste;Capotamento;;;;;;;;;;1;2;;;;
05/02/2017;17:17:00;437;sem vítima;88,612;BR-060/GO;Sul;Colisão Traseira;1;;;;;;;;;1;2;;;;
05/02/2017;18:44:00;479;sem vítima;9,169;BR-060/DF;Norte;Outros - sequências;1;;;;;;;;;;1;;;;
05/02/2017;20:05:00;520;sem vítima;2,864;BR-060/GO;Sul;Saida de Pista;1;;;;;;;;;;1;;;;
05/02/2017;21:45:00;556;sem vítima;29,461;BR-060/DF;Norte;Outros - sequências;3;;;;;;;;;;3;;;;
06/02/2017;01:15:00;21;com vítima;432,5;BR-262/MG;Leste;Saida de Pista;1;;;;;;;;;;0;4;;;
06/02/2017;06:43:00;56;sem vítima;378,52;BR-262/MG;Leste;Outros - sequências;1;;;;;;;;;;1;;;;
06/02/2017;07:10:00;69;com vítima;508,9;BR-153/GO;Norte;Colisão Traseira;;;1;1;;;;;;;1;1;;;
06/02/2017;07:31:00;75;sem vítima;127;BR-060/GO;Sul;Saida de Pista;1;;;;;;;;;;1;;;;
06/02/2017;07:39:00;77;sem vítima;13,7;BR-060/DF;Norte;Saida de Pista;;;;;;;;;;1;1;;;;
06/02/2017;08:03:00;84;com vítima;508,5;BR-153/GO;Norte;Queda de Moto;;;;1;;;;;;;0;2;;;
06/02/2017;08:12:00;90;com vítima;598;BR-153/GO;Norte;Capotamento;1;;;;;;;;;;0;2;1;;
06/02/2017;09:29:00;170;com vítima;506,939;BR-262/MG;Leste;Outros - sequências;1;;;;;;;;;;0;1;;;
06/02/2017;11:07:00;276;com vítima;107;BR-060/GO;Sul;Engavetamento;2;;1;;;;;;;;0;3;;;
06/02/2017;13:08:00;342;com vítima;529,397;BR-262/MG;Oeste;Outros - sequências;1;;2;;;;;;;;1;2;;;
06/02/2017;14:10:00;376;sem vítima;490;BR-153/GO;Sul;Colisão Lateral;;;3;;;;;;;;3;;;;
06/02/2017;15:56:00;450;sem vítima;574,09;BR-262/MG;Leste;Outros - sequências;1;;;;;;;;;;1;;;;
06/02/2017;16:05:00;457;sem vítima;114;BR-060/GO;Sul;Outros - sequências;;;;;;;;;;1;1;;;;
06/02/2017;16:20:00;461;sem vítima;3;BR-153/MG;Sul;Tombamento;;;1;;;;;;;;1;;;;
06/02/2017;17:23:00;508;sem vítima;501;BR-153/GO;Sul;Engavetamento;2;;;;;;;;;;2;;;;
06/02/2017;17:44:00;517;sem vítima;635;BR-262/MG;Leste;Colisão Lateral;1;;1;;;;;;;;2;;;;
06/02/2017;17:52:00;524;sem vítima;502;BR-153/GO;Sul;Engavetamento;2;;;;;1;;;;;3;;;;
06/02/2017;17:55:00;525;sem vítima;685,8;BR-153/GO;Norte;Queda de Moto;;;;1;;;;;;;1;;;;
06/02/2017;17:56:00;526;sem vítima;498;BR-153/GO;Sul;Engavetamento;1;;1;;;1;;;;1;4;;;;
06/02/2017;18:28:00;549;com vítima;497;BR-153/GO;Sul;Engavetamento;4;;;;;;;;;;4;1;;;
06/02/2017;18:38:00;552;sem vítima;501,5;BR-153/GO;Sul;Colisão Traseira;2;;;;;;;;;;2;;;;
06/02/2017;19:25:00;578;sem vítima;507;BR-153/GO;Sul;Saida de Pista;1;;;;;;;;;;1;;;;
06/02/2017;22:44:00;641;sem vítima;27;BR-060/DF;Norte;Outros - sequências;1;;;;;;;;;;1;;;;
07/02/2017;01:29:00;29;com vítima;504,968;BR-153/GO;Sul;Colisão Traseira;1;;;;;1;;;;;1;1;;;
07/02/2017;07:08:00;68;sem vítima;419,204;BR-262/MG;Oeste;Colisão Traseira;;;2;;;;;;;;2;;;;
07/02/2017;07:40:00;79;sem vítima;156;BR-153/MG;Sul;Colisão Traseira;;;2;;;;;;;;2;;;;
07/02/2017;08:08:00;95;sem vítima;94,283;BR-060/GO;Norte;Saida de Pista;1;;;;;;;;;;1;;;;
07/02/2017;08:26:00;105;com vítima;501,8;BR-153/GO;Norte;Queda de Moto;;;;1;;;;;;;0;2;;;
07/02/2017;08:28:00;108;sem vítima;501,658;BR-153/GO;Norte;Engavetamento;4;;;;;;;;;;4;;;;
07/02/2017;10:29:00;197;com vítima;0,181;BR-060/GO;Norte;Colisão Traseira;;;;1;;1;;;;;1;;;;1
07/02/2017;16:23:00;370;sem vítima;66,373;BR-060/GO;Norte;Outros - sequências;1;;;;;;;;;;2;;;;
07/02/2017;18:06:00;432;sem vítima;389,6;BR-262/MG;Leste;Colisão Traseira;1;;1;;;;;;;;2;;;;
07/02/2017;18:21:00;441;sem vítima;495;BR-153/GO;Sul;Colisão Traseira;2;;;;;;;;;;2;;;;
07/02/2017;19:00:00;456;sem vítima;452;BR-262/MG;Leste;Colisão Transversal;2;;;;;;;;;;2;;;;
07/02/2017;19:06:00;459;com vítima;512;BR-153/GO;Sul;Queda de Moto;;;;1;;;;;;;0;2;;;
07/02/2017;21:54:00;530;sem vítima;522,106;BR-153/GO;Sul;Choque - Objeto sobre a pista;1;;;;;;;;;;1;;;;
08/02/2017;02:10:00;22;sem vítima;702;BR-153/GO;Sul;Saida de Pista;;;1;;;;;;;;2;;;;
08/02/2017;03:11:00;32;com vítima;5,8;BR-153/MG;Sul;Saida de Pista;1;;;;;;;;;;0;1;;;
08/02/2017;06:55:00;72;sem vítima;683;BR-153/GO;Norte;Saida de Pista;1;;;;;;;;;;1;;;;
08/02/2017;07:30:00;83;sem vítima;30;BR-060/DF;Norte;Saida de Pista;1;;;;;;;;;;1;;;;
08/02/2017;14:47:00;376;com vítima;635,626;BR-262/MG;Oeste;Outros - sequências;1;;;;;;;;;;0;2;;;
08/02/2017;16:27:00;446;sem vítima;3;BR-060/DF;Sul;Saida de Pista;1;;;;;;;;;;1;;;;
08/02/2017;16:49:00;457;com vítima;433,416;BR-262/MG;Leste;Outros - sequências;1;;;;;;;;;;0;1;;;
08/02/2017;17:00:00;464;sem vítima;404,5;BR-262/MG;Leste;Saida de Pista;1;;;;;;;;;;1;;;;
08/02/2017;17:54:00;486;sem vítima;99;BR-060/GO;Norte;Queda de Moto;1;;;1;;;;;;;2;;;;
08/02/2017;18:35:00;508;com vítima;514,824;BR-153/GO;Sul;Queda de Moto;;;;1;;;;;;;0;1;;;
08/02/2017;21:01:00;568;sem vítima;49;BR-060/GO;Norte;Choque - Objeto sobre a pista;2;;;;;;;;;;2;;;;
08/02/2017;21:39:00;587;sem vítima;1,3;BR-153/MG;Sul;Colisão Traseira;;;2;;;;;;;;2;;;;
09/02/2017;01:18:00;16;sem vítima;578;BR-153/GO;Norte;Saida de Pista;1;;;;;;;;;;2;;;;
09/02/2017;07:34:00;59;sem vítima;504;BR-153/GO;Norte;Colisão Traseira;1;;;;;1;;;;;2;;;;
09/02/2017;07:53:00;71;sem vítima;509;BR-153/GO;Norte;Colisão Traseira;1;;;1;;;;;;;2;;;;
09/02/2017;08:18:00;79;sem vítima;503;BR-153/GO;Norte;Engavetamento;2;;;;;2;;;;;4;;;;