data;horario;n_da_ocorrencia;tipo_de_ocorrencia;km;trecho;sentido;tipo_de_acidente;automovel;bicicleta;caminhao;moto;onibus;outros;tracao_animal;transporte_de_cargas_especiais;trator_maquinas;utilitarios;ilesos;levemente_feridos;moderadamente_feridos;gravemente_feridos;mortos
24/02/2017;07:51:00;105;com vítima;625,76;BR-153/GO;Sul;Capotamento;1;;;;;;;;;;1;2;;1;
24/02/2017;08:03:00;113;sem vítima;553;BR-153/GO;Norte;Colisão Traseira;1;;1;;;;;;;;6;;;;
24/02/2017;09:21:00;168;sem vítima;92,7;BR-060/GO;Norte;Colisão Lateral;2;;;;;;;;;;2;;;;
24/02/2017;11:55:00;317;com vítima;574;BR-262/MG;Leste;Saida de Pista;1;;;;;;;;;;0;4;;;
24/02/2017;13:52:00;376;sem vítima;111,658;BR-060/GO;Sul;Carreta deu L;;;1;;;;;;;;1;;;;
24/02/2017;13:52:00;384;sem vítima;111,424;BR-060/GO;Norte;Saida de Pista;1;;;;;;;;;;1;;;;
24/02/2017;14:08:00;395;sem vítima;589,3;BR-262/MG;Oeste;Saida de Pista;1;;;;;;;;;;1;;;;
24/02/2017;14:41:00;418;sem vítima;373,8;BR-262/MG;Leste;Colisão Traseira;2;;;;;;;;;;2;;;;
24/02/2017;15:10:00;443;sem vítima;628,5;BR-262/MG;Leste;Saida de Pista;1;;;;;;;;;;4;;;;
24/02/2017;15:36:00;466;com vítima;27,827;BR-060/GO;Sul;Capotamento;1;;;;;;;;;;0;1;;;
24/02/2017;15:57:00;487;sem vítima;840;BR-262/MG;Oeste;Choque - Defensa, barreira ou "submarino";1;;;;;;;;;;1;;;;
24/02/2017;16:03:00;492;sem vítima;507,5;BR-153/GO;Sul;Colisão Traseira;1;;;1;;;;;;;2;;;;
24/02/2017;16:18:00;506;com vítima;537;BR-153/GO;Norte;Queda de Ciclista;;;;1;;;;;;;1;1;;;
24/02/2017;16:39:00;524;sem vítima;468;BR-262/MG;Oeste;Colisão Traseira;1;;;;;1;;;;;2;;;;
24/02/2017;16:47:00;528;sem vítima;758,199;BR-262/MG;Oeste;Outros - sequências;1;;;;;;;;;;1;;;;
24/02/2017;17:04:00;538;sem vítima;557;BR-153/GO;Sul;Saida de Pista;;;1;;;;;;;;1;;;;
24/02/2017;17:14:00;546;sem vítima;512;BR-153/GO;Norte;Colisão Lateral;1;;1;;;;;;;;2;;;;
24/02/2017;17:29:00;556;com vítima;662,164;BR-262/MG;Leste;Outros - sequências;1;;;;;;;;;;0;1;;;
24/02/2017;17:40:00;564;com vítima;2,6;BR-060/DF;Sul;Colisão Lateral;1;;;1;;;;;;;1;;1;;
24/02/2017;19:23:00;617;com vítima;497;BR-153/GO;Norte;Queda de Moto;;;;1;;;;;;;0;2;;;
24/02/2017;19:42:00;626;com vítima;579;BR-153/GO;Sul;Saida de Pista;1;;;;;;;;;;0;2;;;
24/02/2017;20:02:00;639;sem vítima;78;BR-153/MG;Norte;Saida de Pista;1;;;;;;;;;;3;;;;
24/02/2017;20:36:00;655;sem vítima;506;BR-153/GO;Sul;Saida de Pista;1;;;;;;;;;;1;;;;
24/02/2017;21:00:00;674;com vítima;25;BR-153/MG;Norte;Outros - sequências;1;;1;;1;;;;;;2;;;1;
24/02/2017;21:51:00;702;sem vítima;56;BR-153/MG;Sul;Saida de Pista;1;;;;;;;;;;1;;;;
25/02/2017;02:18:00;40;com vítima;722;BR-262/MG;Oeste;Saida de Pista;;;1;;;;;;;;0;1;;;
25/02/2017;02:46:00;43;sem vítima;100;BR-060/GO;Norte;Saida de Pista;2;;;;;;;;;;2;;;;
25/02/2017;04:03:00;54;sem vítima;95;BR-060/GO;Sul;Saida de Pista;1;;;;;;;;;;1;;;;
25/02/2017;04:17:00;58;sem vítima;663,125;BR-153/GO;Norte;Colisão Traseira;1;;1;;;;;;;;2;;;;
25/02/2017;04:22:00;59;sem vítima;558;BR-262/MG;Leste;Colisão Traseira;2;;;;;;;;;;2;;;;
25/02/2017;04:27:00;61;sem vítima;590;BR-262/MG;Leste;Saida de Pista;1;;;;;;;;;;3;;;;
25/02/2017;04:51:00;65;com vítima;37;BR-153/MG;Sul;Outros - sequências;;;1;;;;;;;;0;1;1;;
25/02/2017;05:17:00;70;sem vítima;855;BR-262/MG;Leste;Saida de Pista;1;;;;;;;;;;2;;;;
25/02/2017;07:45:00;135;com vítima;68,338;BR-060/GO;Norte;Outros - sequências;1;;;1;;;;;;;1;;;1;
25/02/2017;08:20:00;152;com vítima;870;BR-262/MG;Oeste;Outros - sequências;1;;;;;;;;;;0;2;;;
25/02/2017;08:32:00;168;sem vítima;530;BR-153/GO;Norte;;1;;;;;;;;;;1;;;;
25/02/2017;08:47:00;176;sem vítima;75,014;BR-060/GO;Norte;Saida de Pista;1;;;;;;;;;;1;;;;
25/02/2017;08:51:00;179;sem vítima;365;BR-262/MG;Oeste;Colisão Traseira;1;;1;;;;;;;;2;;;;
25/02/2017;09:26:00;199;com vítima;96,155;BR-060/GO;Sul;Outros - sequências;1;;1;;;;;;;;1;1;;;
25/02/2017;11:12:00;274;sem vítima;548,9;BR-262/MG;Oeste;Saida de Pista;1;;;;;;;;;;1;;;;
25/02/2017;11:19:00;282;sem vítima;490;BR-262/MG;Leste;Colisão Traseira;2;;;;;;;;;;10;;;;
25/02/2017;11:53:00;300;sem vítima;568;BR-153/GO;Norte;Saida de Pista;1;;;;;;;;;;1;;;;
25/02/2017;13:02:00;351;com vítima;108;BR-153/MG;Sul;Colisão Transversal;1;;1;;;;;;;;0;2;;;
25/02/2017;14:09:00;386;sem vítima;106;BR-060/GO;Sul;Saida de Pista;1;;;;;;;;;;1;;;;
25/02/2017;15:14:00;421;sem vítima;97;BR-060/GO;Norte;Colisão Traseira;3;;;;;;;;;;3;;;;
25/02/2017;15:56:00;445;com vítima;382;BR-262/MG;Oeste;Capotamento;1;;;;;;;;;;0;1;;;
25/02/2017;16:16:00;454;com vítima;355;BR-262/MG;Leste;Saida de Pista;1;;;;;;;;;;0;1;;;
25/02/2017;16:25:00;460;com vítima;358;BR-262/MG;Leste;Saida de Pista;1;;;;;;;;;;0;1;;;
25/02/2017;16:31:00;465;com vítima;394;BR-262/MG;Oeste;Saida de Pista;1;;;;;;;;;;0;2;;;
25/02/2017;16:47:00;475;com vítima;372;BR-262/MG;Oeste;Saida de Pista;1;;;;;;;;;;0;2;;;
25/02/2017;17:25:00;487;com vítima;379;BR-262/MG;Leste;Capotamento;1;;;;;;;;;;0;2;1;;
25/02/2017;17:36:00;494;com vítima;101;BR-060/GO;Norte;Colisão Traseira;2;;;;;;;;;;1;2;;;
25/02/2017;19:22:00;550;com vítima;814;BR-262/MG;Oeste;Colisão Lateral;;;;1;;1;;;;;1;1;1;;
25/02/2017;19:41:00;562;sem vítima;437;BR-262/MG;Leste;Saida de Pista;1;;;;;;;;;;1;;;;
25/02/2017;20:09:00;576;com vítima;101;BR-060/GO;Norte;Queda de Moto;;;;1;;;;;;;0;1;;;
25/02/2017;20:26:00;583;com vítima;480,916;BR-262/MG;Leste;Colisão Frontal;1;;1;;;;;;;;0;1;;;1
25/02/2017;20:36:00;587;sem vítima;580;BR-262/MG;Leste;Saida de Pista;1;;;;;;;;;;1;;;;
25/02/2017;23:29:00;640;sem vítima;34;BR-153/MG;Norte;Saida de Pista;1;;;;;;;;;;1;;;;
26/02/2017;00:13:00;3;com vítima;653,3;BR-153/GO;Sul;Saida de Pista;1;;;;;;;;;;0;;1;;
26/02/2017;00:29:00;7;com vítima;590;BR-262/MG;Oeste;Saida de Pista;1;;;;;;;;;;0;2;;;
26/02/2017;02:27:00;25;com vítima;527;BR-153/GO;Sul;Saida de Pista;1;;;;;;;;;;0;1;;;
26/02/2017;04:15:00;75;sem vítima;407;BR-262/MG;Leste;Saida de Pista;1;;;;;;;;;;2;;;;
26/02/2017;05:05:00;101;sem vítima;492;BR-262/MG;Leste;Saida de Pista;1;;;;;;;;;;2;;;;
26/02/2017;06:14:00;116;com vítima;17,453;BR-060/GO;Norte;Outros - sequências;1;;;;;;;;;;0;1;;;1
26/02/2017;08:37:00;176;com vítima;534,5;BR-153/GO;Sul;Queda de Moto;;;;1;;;;;;;1;1;;;
26/02/2017;08:49:00;183;sem vítima;612;BR-262/MG;Leste;Saida de Pista;1;;;;;1;;;;;2;;;;
26/02/2017;08:53:00;187;com vítima;536,4;BR-153/GO;Sul;Tombamento;;;1;;;;;;;;0;1;;;
26/02/2017;11:13:00;256;com vítima;383;BR-262/MG;Leste;Colisão Transversal;;;1;;;;;;;1;1;1;;;
26/02/2017;12:29:00;299;sem vítima;395;BR-262/MG;Oeste;Choque - Suporte de Sinalização;1;;;;;;;;;;3;;;;
26/02/2017;13:46:00;316;sem vítima;576,9;BR-153/GO;Norte;Saida de Pista;;;;;;;;;;1;1;;;;
26/02/2017;14:57:00;345;sem vítima;20,42;BR-060/GO;Sul;Saida de Pista;1;;;;;;;;;;1;;;;
26/02/2017;16:29:00;387;sem vítima;26;BR-060/GO;Sul;Capotamento;1;;;;;;;;;;1;;;;
26/02/2017;16:45:00;400;com vítima;381,267;BR-262/MG;Oeste;Capotamento;1;;;;;;;;;;0;3;;;
26/02/2017;17:48:00;429;com vítima;79,2;BR-060/GO;Norte;Saida de Pista;1;;;;;;;;;;0;1;;;
26/02/2017;18:00:00;433;com vítima;390;BR-262/MG;Oeste;Outros - sequências;1;;;;;;;;;;0;3;;;
26/02/2017;18:05:00;434;sem vítima;384;BR-262/MG;Oeste;Saida de Pista;;;;;;;;;;1;1;;;;
26/02/2017;18:17:00;443;com vítima;382;BR-262/MG;Oeste;Saida de Pista;1;;;;;;;;;;0;3;;;
26/02/2017;18:47:00;452;sem vítima;78,2;BR-060/GO;Sul;Saida de Pista;2;;;;;;;;;;2;;;;
26/02/2017;19:18:00;464;sem vítima;405;BR-262/MG;Leste;Outros - sequências;1;;;;;;;;;;2;;;;
26/02/2017;19:53:00;475;com vítima;359;BR-262/MG;Leste;Colisão Frontal;2;;;;;;;;;;0;;4;;
26/02/2017;21:06:00;510;com vítima;776,6;BR-262/MG;Leste;Saida de Pista;1;;;;;;;;;;0;5;;;
26/02/2017;22:26:00;536;sem vítima;493;BR-153/GO;Sul;Saida de Pista;1;;;;;;;;;;2;;;;
27/02/2017;00:01:00;1;com vítima;122,2;BR-153/MG;Sul;Colisão Traseira;;;2;;;;;;;;1;;1;;
27/02/2017;01:42:00;30;com vítima;506;BR-153/GO;Norte;Queda de Moto;;;;1;;;;;;;0;;;1;
27/02/2017;03:23:00;50;sem vítima;828,826;BR-262/MG;Leste;Saida de Pista;1;;;;;;;;;;3;;;;
27/02/2017;06:46:00;87;sem vítima;484;BR-262/MG;Oeste;Colisão Traseira;1;;1;;;;;;;;6;;;;
27/02/2017;11:29:00;259;com vítima;125,305;BR-060/GO;Norte;Choque - Defensa, barreira ou "submarino";;;;;1;;;;;;3;3;;;
27/02/2017;12:34:00;308;sem vítima;529;BR-153/GO;Sul;Saida de Pista;1;;;;;;;;;;1;;;;
27/02/2017;13:40:00;346;sem vítima;508,2;BR-153/GO;Norte;Carreta deu L;;;1;;;;;;;;1;;;;
27/02/2017;14:36:00;376;sem vítima;91;BR-153/MG;Sul;Capotamento;;;;;;;;;;1;4;;;;
27/02/2017;14:36:00;378;com vítima;713;BR-262/MG;Oeste;Outros - sequências;;;1;;;;;;;;0;1;;;
27/02/2017;15:07:00;395;com vítima;114,6;BR-153/MG;Sul;Outros - sequências;1;;;;;;;;;;0;2;;;
27/02/2017;15:44:00;418;sem vítima;73;BR-060/GO;Sul;Saida de Pista;1;;;;;;;;;;1;;;;
27/02/2017;15:59:00;424;com vítima;568;BR-262/MG;Leste;Saida de Pista;;;1;;;;;;;;0;1;;;
27/02/2017;16:40:00;450;com vítima;550;BR-262/MG;Leste;Colisão Frontal;1;;1;;;;;;;;1;;1;;
27/02/2017;16:55:00;459;sem vítima;549;BR-262/MG;Leste;Saida de Pista;1;;;;;;;;;;1;;;;
27/02/2017;17:08:00;462;sem vítima;92,597;BR-060/GO;Sul;Choque - Defensa, barreira ou "submarino";1;;;;;;;;;;1;;;;
27/02/2017;17:14:00;467;com vítima;693;BR-153/GO;Sul;Saida de Pista;1;;;;;;;;;;1;1;;;
27/02/2017;18:13:00;496;com vítima;401,24;BR-262/MG;Oeste;Atropelamento - Morador;1;1;;;;;;;;;0;1;;;1
27/02/2017;19:22:00;522;com vítima;590,5;BR-262/MG;Oeste;Colisão Transversal;1;;1;;;;;;;;1;2;;;1
27/02/2017;19:30:00;524;sem vítima;549;BR-262/MG;Oeste;Saida de Pista;1;;;;;;;;;;1;;;;
28/02/2017;01:05:00;10;sem vítima;92;BR-060/GO;Norte;Saida de Pista;1;;;;;;;;;;1;;;;
28/02/2017;01:28:00;12;sem vítima;16,5;BR-060/GO;Norte;Saida de Pista;1;;;;;;;;;;4;;;;
28/02/2017;08:47:00;88;com vítima;42,3;BR-153/MG;Sul;Capotamento;;;;;;;;;;1;0;1;;;
28/02/2017;09:06:00;114;sem vítima;80,418;BR-060/GO;Sul;Tombamento;;;1;;;;;;;;1;;;;
28/02/2017;10:30:00;188;com vítima;497,324;BR-153/GO;Norte;Queda de Moto;;;;1;;1;;;;;1;2;;;
28/02/2017;10:41:00;193;com vítima;520,6;BR-153/GO;Norte;Queda de Moto;;;;1;;;;;;;0;2;;;
28/02/2017;11:17:00;212;com vítima;113,868;BR-060/GO;Sul;Capotamento;1;;;;;;;;;;0;1;;;
28/02/2017;12:01:00;233;sem vítima;172;BR-153/MG;Sul;Saida de Pista;1;;;;;;;;;;4;;;;
28/02/2017;14:58:00;341;com vítima;221,5;BR-153/MG;Sul;Queda de Moto;;;;1;;;;;;;0;1;;;
28/02/2017;16:58:00;419;sem vítima;667;BR-153/GO;Norte;Saida de Pista;1;;;;;;;;;;1;;;;
28/02/2017;18:56:00;479;com vítima;549;BR-262/MG;Leste;Saida de Pista;1;;;;;;;;;;0;5;;;
28/02/2017;21:47:00;569;com vítima;768;BR-262/MG;Oeste;Outros - sequências;1;;;;;;;;;;0;2;;;
01/03/2017;06:09:00;37;sem vítima;544;BR-153/GO;Sul;Saida de Pista;1;;;;;;;;;;2;;;;
01/03/2017;07:46:00;61;sem vítima;27,291;BR-060/DF;Norte;Capotamento;;;;;;;;;;1;2;;;;
01/03/2017;07:48:00;63;sem vítima;15;BR-153/MG;Norte;Choque - Defensa, barreira ou "submarino";1;;;;;;;;;;1;;;;
01/03/2017;09:07:00;103;sem vítima;799;BR-262/MG;Oeste;Saida de Pista;;;;;;;;;;1;1;;;;
01/03/2017;09:29:00;114;sem vítima;702;BR-153/GO;Sul;Saida de Pista;1;;;;;;;;;;2;;;;
01/03/2017;10:08:00;144;sem vítima;25;BR-153/MG;Sul;Capotamento;;;;;;;;;;1;1;;;;
01/03/2017;10:12:00;145;sem vítima;508;BR-153/GO;Sul;Choque - Defensa, barreira ou "submarino";;;1;;;;;;;;1;;;;
01/03/2017;11:29:00;185;sem vítima;842,5;BR-262/MG;Leste;Choque - Defensa, barreira ou "submarino";1;;;;;;;;;;3;;;;
01/03/2017;12:34:00;211;sem vítima;401;BR-262/MG;Oeste;Saida de Pista;1;;;;;;;;;;1;;;;
01/03/2017;12:40:00;214;com vítima;589;BR-262/MG;Leste;Choque - Defensa, barreira ou "submarino";1;;;;;;;;;;0;4;;;
01/03/2017;12:50:00;218;com vítima;401,8;BR-262/MG;Oeste;Capotamento;1;;;;;;;;;;0;1;;;
01/03/2017;13:08:00;225;sem vítima;171;BR-153/MG;Sul;Saida de Pista;;;;;;;;;;1;1;;;;
01/03/2017;13:39:00;232;com vítima;646;BR-153/GO;Norte;Outros - sequências;1;;;;;;;;;;0;3;;;
01/03/2017;14:11:00;245;com vítima;381;BR-262/MG;Oeste;Capotamento;1;;;;;;;;;;0;1;;;
01/03/2017;15:06:00;279;sem vítima;574;BR-262/MG;Leste;Saida de Pista;1;;;;;;;;;;1;;;;
01/03/2017;15:37:00;303;sem vítima;471;BR-262/MG;Oeste;Outros - sequências;;;1;;;;;;;;2;;;;
01/03/2017;16:04:00;313;com vítima;589,57;BR-262/MG;Leste;Outros - sequências;3;;;;;;;;;;1;1;1;1;
01/03/2017;16:07:00;314;com vítima;479,5;BR-262/MG;Oeste;Tombamento;;;1;;;;;;;;0;1;;;
01/03/2017;16:27:00;329;sem vítima;479;BR-262/MG;Oeste;Colisão Traseira;1;;1;;;;;;;;2;;;;
01/03/2017;17:05:00;343;sem vítima;405;BR-262/MG;Oeste;Saida de Pista;1;;;;;;;;;;1;;;;
01/03/2017;18:07:00;365;com vítima;382;BR-262/MG;Leste;Capotamento;;;;;;;;;;1;0;1;1;;
01/03/2017;18:32:00;373;sem vítima;480,8;BR-262/MG;Leste;Colisão Traseira;1;;;;;;;;;1;2;;;;
02/03/2017;00:33:00;25;sem vítima;572,8;BR-153/GO;Norte;Saida de Pista;;;1;;;;;;;;1;;;;
02/03/2017;01:09:00;46;sem vítima;443;BR-262/MG;Oeste;Colisão Lateral;1;;;;;;;;;;1;;;;
02/03/2017;07:47:00;168;sem vítima;172,4;BR-153/MG;Norte;Saida de Pista;;;;;;;;;;1;1;;;;
02/03/2017;07:54:00;172;com vítima;3,575;BR-060/DF;Sul;Queda de Moto;;;;1;;;;;;;0;1;;;
02/03/2017;10:50:00;261;sem vítima;58;BR-153/MG;Sul;Choque - Defensa, barreira ou "submarino";;;1;;;;;;;;2;;;;
02/03/2017;11:01:00;266;com vítima;93,321;BR-060/GO;Norte;Queda de Moto;;;;1;;;;;;;0;2;;;
02/03/2017;11:33:00;277;com vítima;834,456;BR-262/MG;Oeste;Outros - sequências;1;;1;;;;;;;;2;1;;;
02/03/2017;12:09:00;290;sem vítima;522;BR-262/MG;Oeste;Outros - sequências;;;;;;;;;;1;1;;;;
02/03/2017;12:11:00;291;sem vítima;490,199;BR-153/GO;Sul;Colisão Traseira;2;;;;;1;;;;;3;;;;
02/03/2017;12:20:00;296;com vítima;49,977;BR-060/GO;Sul;Saida de Pista;1;;;;;;;;;;0;2;;;
02/03/2017;12:51:00;305;sem vítima;624,832;BR-262/MG;Oeste;Outros - sequências;1;;;;;;;;;;1;;;;
02/03/2017;13:21:00;315;sem vítima;39;BR-153/MG;Norte;Saida de Pista;;;1;;;;;;;;1;;;;
02/03/2017;14:18:00;333;sem vítima;584,641;BR-262/MG;Leste;Objeto lançado contra veículo;;;1;;;1;;;;;2;;;;
02/03/2017;16:35:00;398;sem vítima;586,933;BR-262/MG;Oeste;Outros - sequências;;;1;;;;;;;1;4;;;;
02/03/2017;18:05:00;454;sem vítima;556,054;BR-262/MG;Leste;Saida de Pista;1;;;;;1;;;;;2;;;;
02/03/2017;19:34:00;491;sem vítima;668;BR-153/GO;Norte;Atropelamento de Animal;1;;;;;;;;;;1;;;;
02/03/2017;19:51:00;495;sem vítima;2;BR-060/DF;Norte;Colisão Lateral;1;;;;1;;;;;;2;;;;
02/03/2017;20:19:00;506;sem vítima;113;BR-060/GO;Norte;Queda de Ciclista;;;;1;;;;;;;2;;;;
02/03/2017;21:51:00;566;sem vítima;601;BR-262/MG;Leste;Colisão Traseira;1;;1;;;;;;;;2;;;;
03/03/2017;06:43:00;112;sem vítima;107,8;BR-060/GO;Sul;Colisão Traseira;1;;;;;;;;;1;2;;;;
03/03/2017;07:46:00;137;sem vítima;496,743;BR-153/GO;Norte;Colisão Traseira;1;;;1;;;;;;;2;;;;
03/03/2017;09:43:00;214;com vítima;536;BR-262/MG;Leste;Colisão Transversal;;;;;1;;;;;1;2;;;1;
03/03/2017;11:45:00;278;com vítima;388;BR-262/MG;Oeste;Atropelamento - Usuário;;;1;;;;;;;;1;;1;;
03/03/2017;14:22:00;369;com vítima;548;BR-262/MG;Leste;Saida de Pista;1;;;;;;;;;;0;1;;;
03/03/2017;15:00:00;392;sem vítima;116;BR-060/GO;Sul;Outros - sequências;1;;1;;;;;;;;2;;;;
03/03/2017;15:01:00;393;sem vítima;19,2;BR-060/GO;Norte;Saida de Pista;1;;;;;1;;;;;2;;;;
03/03/2017;16:30:00;428;sem vítima;21,421;BR-153/MG;Norte;Outros - sequências;1;;;;;;;;;;3;;;;
03/03/2017;17:43:00;464;com vítima;27;BR-060/DF;Norte;Saida de Pista;1;;;;;;;;;;0;1;;;
03/03/2017;17:48:00;466;sem vítima;28,549;BR-060/DF;Norte;Outros - sequências;;;;;;;;;;1;1;;;;
03/03/2017;17:52:00;467;sem vítima;12,526;BR-060/GO;Norte;Saida de Pista;1;;;;;;;;;;1;;;;
03/03/2017;20:04:00;518;sem vítima;96;BR-060/GO;Norte;Outros - sequências;2;;;;;;;;;;5;;;;
03/03/2017;20:59:00;540;sem vítima;485;BR-262/MG;Oeste;Atropelamento - Outros;1;;;;;;;;;;1;;;;
03/03/2017;22:07:00;556;com vítima;97;BR-060/GO;Norte;Outros - sequências;1;;;1;;;;;;;1;1;;;
04/03/2017;07:01:00;81;com vítima;501,542;BR-153/GO;Sul;Queda de Moto;;;;1;;;;;;;0;2;;;
04/03/2017;09:45:00;170;sem vítima;502,969;BR-153/GO;Norte;Outros - sequências;3;;;;;;;;;;3;;;;
04/03/2017;11:39:00;235;sem vítima;24;BR-153/MG;Sul;Colisão Traseira;;;1;;;;;;;1;2;;;;
04/03/2017;12:57:00;272;com vítima;575;BR-262/MG;Oeste;Outros - sequências;;;2;;;;;;;;1;1;;;
04/03/2017;16:12:00;387;sem vítima;181;BR-153/MG;Sul;Colisão Traseira;1;;1;;;;;;;;2;;;;
04/03/2017;16:41:00;405;com vítima;503,3;BR-153/GO;Sul;Queda de Moto;;;;1;;;;;;;0;1;;;
04/03/2017;19:09:00;484;sem vítima;166;BR-153/MG;Norte;Outros - sequências;1;;1;;;;;;;;5;;;;
04/03/2017;19:17:00;487;sem vítima;107;BR-060/GO;Sul;Engavetamento;1;;;;;;;;;1;2;;;;
04/03/2017;20:26:00;518;com vítima;744,199;BR-262/MG;Leste;Outros - sequências;1;;;;;;;;;;0;2;;;
04/03/2017;20:27:00;519;sem vítima;580;BR-262/MG;Oeste;Saida de Pista;1;;;;;;;;;;2;;;;
04/03/2017;21:32:00;539;sem vítima;816,612;BR-262/MG;Leste;Saida de Pista;1;;;;;;;;;;5;;;;
04/03/2017;21:54:00;545;sem vítima;12,7;BR-153/MG;Norte;Saida de Pista;;;1;;;;;;;;1;;;;
04/03/2017;23:00:00;551;sem vítima;505;BR-153/GO;Sul;Capotamento;1;;;;;;;;;;2;;;;
05/03/2017;00:29:00;5;sem vítima;699;BR-153/GO;Sul;Saida de Pista;1;;;;;;;;;;1;;;;
05/03/2017;01:00:00;13;com vítima;365;BR-262/MG;Leste;Outros - sequências;1;;;;;;;;;;0;3;;;
05/03/2017;02:50:00;28;sem vítima;859;BR-262/MG;Oeste;Saida de Pista;1;;;;;;;;;;3;;;;
05/03/2017;06:18:00;63;com vítima;76;BR-153/MG;Sul;Carreta deu L;;;1;;;;;;;;0;2;;;
05/03/2017;08:18:00;91;com vítima;574;BR-262/MG;Leste;Outros - sequências;;;1;;;1;;;;;1;2;;;
05/03/2017;09:53:00;137;com vítima;384;BR-262/MG;Oeste;Colisão Traseira;1;;;1;;;;;;;1;1;;;
05/03/2017;11:04:00;162;sem vítima;437;BR-262/MG;Oeste;Colisão Lateral;2;;;;;;;;;;2;;;;
05/03/2017;11:54:00;181;com vítima;515,1;BR-262/MG;Leste;Colisão Traseira;1;;;;;;;;;1;0;3;;;
05/03/2017;12:36:00;200;com vítima;496;BR-153/GO;Sul;Colisão Traseira;;;;1;;1;;;;;1;2;;;
05/03/2017;13:16:00;213;sem vítima;91,882;BR-060/GO;Norte;Capotamento;1;;;;;;;;;;1;;;;
05/03/2017;13:45:00;229;sem vítima;381;BR-262/MG;Oeste;Saida de Pista;1;;;;;;;;;;1;;;;
05/03/2017;14:32:00;249;com vítima;466;BR-262/MG;Leste;Queda de Moto;;;;1;;;;;;;1;1;;;
05/03/2017;14:49:00;255;sem vítima;553;BR-153/GO;Norte;Colisão Traseira;;;2;;;;;;;;2;;;;
05/03/2017;14:59:00;262;com vítima;367,2;BR-262/MG;Oeste;Outros - sequências;1;;;;;;;;;;0;1;;;
05/03/2017;17:47:00;342;com vítima;187;BR-153/MG;Sul;Outros - sequências;;;1;;;;;;;1;1;2;;;
05/03/2017;17:51:00;345;sem vítima;697;BR-153/GO;Norte;Outros - sequências;1;;;;;;;;;;1;;;;
05/03/2017;20:30:00;415;com vítima;440;BR-262/MG;Oeste;Saida de Pista;1;;;;;;;;;;0;;1;;
05/03/2017;21:23:00;436;sem vítima;798;BR-262/MG;Oeste;Colisão Traseira;1;;1;;;;;;;;2;;;;
05/03/2017;21:50:00;446;sem vítima;534,3;BR-153/GO;Sul;Saida de Pista;1;;;;;;;;;;1;;;;
06/03/2017;02:59:00;36;com vítima;114;BR-153/MG;Sul;Outros - sequências;;;1;;;;;;;;1;;1;;
06/03/2017;05:47:00;72;sem vítima;91,754;BR-060/GO;Norte;Saida de Pista;1;;;;;;;;;;1;;;;
06/03/2017;06:08:00;74;sem vítima;703,5;BR-153/GO;Norte;Colisão Lateral;;;1;;1;;;;;;2;;;;
06/03/2017;06:56:00;86;sem vítima;99;BR-060/GO;Norte;;2;;;;;;;;;;2;;;;
06/03/2017;08:17:00;125;sem vítima;500,765;BR-153/GO;Sul;Engavetamento;4;;;;;;;;;;4;;;;
06/03/2017;14:43:00;312;sem vítima;44,6;BR-060/GO;Sul;Saida de Pista;1;;;;;;;;;;5;;;;
06/03/2017;15:51:00;352;sem vítima;74;BR-060/GO;Norte;Saida de Pista;1;;;;;;;;;;1;;;;
06/03/2017;18:24:00;426;sem vítima;77;BR-153/MG;Norte;Outros - sequências;;;1;;;;;;;;1;;;;
07/03/2017;07:58:00;90;sem vítima;502,263;BR-153/GO;Norte;Queda de Moto;;;;1;;1;;;;;2;;;;
07/03/2017;08:19:00;108;sem vítima;658,272;BR-262/MG;Leste;Saida de Pista;;;1;;;;;;;;1;;;;
07/03/2017;10:07:00;197;sem vítima;2,8;BR-060/DF;Sul;Colisão Traseira;1;;;;;1;;;;1;3;;;;
07/03/2017;13:06:00;304;com vítima;94,837;BR-060/GO;Norte;Outros - sequências;1;;1;;;;;;;;1;;1;2;
07/03/2017;14:36:00;351;sem vítima;95;BR-060/GO;Norte;Colisão Traseira;1;;;;;;;;;1;2;;;;
07/03/2017;14:42:00;355;sem vítima;514;BR-153/GO;Norte;Colisão Transversal;2;;;;;;;;;;2;;;;
07/03/2017;15:14:00;374;sem vítima;100;BR-153/MG;Sul;Saida de Pista;;;1;;;;;;;;1;;;;
07/03/2017;19:52:00;549;sem vítima;762,088;BR-262/MG;Leste;Outros - sequências;1;;;;;;;;;;1;;;;
08/03/2017;07:21:00;116;sem vítima;501;BR-153/GO;Norte;Engavetamento;3;;;;;1;;;;;4;;;;
08/03/2017;07:38:00;127;sem vítima;12,783;BR-060/GO;Norte;Colisão Traseira;1;;;;;1;;;;;2;;;;
08/03/2017;10:41:00;267;sem vítima;589,3;BR-262/MG;Leste;Saida de Pista;1;;;;;;;;;;1;;;;
08/03/2017;10:55:00;278;com vítima;519;BR-262/MG;Leste;Saida de Pista;;;1;;;;;;;;0;1;;;
08/03/2017;11:18:00;294;sem vítima;596;BR-262/MG;Leste;Capotamento;1;;;;;;;;;;1;;;;
08/03/2017;11:59:00;323;sem vítima;594;BR-262/MG;Leste;Queda de Ciclista;;;;1;;;;;;;2;;;;
08/03/2017;12:39:00;342;sem vítima;574,3;BR-262/MG;Oeste;Outros - sequências;1;;;;;;;;;;1;;;;