data;horario;n_da_ocorrencia;tipo_de_ocorrencia;km;trecho;sentido;tipo_de_acidente;automovel;bicicleta;caminhao;moto;onibus;outros;tracao_animal;transporte_de_cargas_especiais;trator_maquinas;utilitarios;ilesos;levemente_feridos;moderadamente_feridos;gravemente_feridos;mortos
06/04/2017;12:07:00;227;com vítima;568,8;BR-153/GO;Sul;Capotamento;1;;;;;;;;;;0;1;;;
06/04/2017;13:45:00;267;sem vítima;206;BR-153/MG;Norte;Saida de Pista;1;;;;;1;;;;;2;;;;
06/04/2017;13:50:00;269;sem vítima;30;BR-060/DF;Norte;Colisão Lateral;1;;;1;;;;;;;2;;;;
06/04/2017;15:42:00;325;com vítima;446;BR-262/MG;Oeste;Outros - sequências;1;;;;;;;;;;0;1;;;
06/04/2017;15:59:00;340;sem vítima;374,1;BR-262/MG;Oeste;Outros - sequências;;;;;1;;;;;;1;;;;
06/04/2017;16:18:00;356;sem vítima;37;BR-060/GO;Norte;Saida de Pista;;;1;;;;;;;;1;;;;
06/04/2017;17:45:00;402;com vítima;571;BR-262/MG;Leste;Outros - sequências;1;;;;;;;;;;0;2;;;
06/04/2017;18:11:00;421;com vítima;558;BR-153/GO;Norte;Saida de Pista;1;;;;;;;;;;0;1;;;
06/04/2017;18:14:00;424;com vítima;438,128;BR-262/MG;Oeste;Colisão Lateral;1;;;1;;;;;;;0;2;1;;
06/04/2017;19:49:00;459;com vítima;95;BR-060/GO;Norte;Colisão Frontal;2;;;;;;;;;;1;1;;;
06/04/2017;20:36:00;479;sem vítima;504,5;BR-153/GO;Sul;Capotamento;1;;;;;;;;;;1;;;;
06/04/2017;22:24:00;515;com vítima;451,077;BR-262/MG;Oeste;Colisão Lateral;;;1;1;;;;;;;3;;;1;
07/04/2017;03:02:00;40;sem vítima;492;BR-153/GO;Norte;Saida de Pista;;;1;;;;;;;;1;;;;
07/04/2017;07:47:00;113;com vítima;501,51;BR-153/GO;Norte;Colisão Traseira;;;;2;;;;;;;0;2;;;
07/04/2017;08:17:00;133;sem vítima;454;BR-262/MG;Leste;Colisão Traseira;;;2;;;;;;;;2;;;;
07/04/2017;10:44:00;230;com vítima;563;BR-153/GO;Norte;Outros - sequências;;;2;;;;;;;;0;2;;;
07/04/2017;11:29:00;249;com vítima;505,6;BR-153/GO;Norte;Colisão Traseira;;;;2;;;;;;;1;1;;;
07/04/2017;12:37:00;280;com vítima;587;BR-262/MG;Leste;Outros - sequências;2;;2;;1;;;;;;14;4;;;
07/04/2017;12:46:00;283;sem vítima;502;BR-153/GO;Norte;Colisão Traseira;1;;;1;;;;;;;2;;;;
07/04/2017;12:49:00;286;com vítima;735;BR-262/MG;Leste;Colisão Traseira;2;;;;;;;;;;0;3;;;
07/04/2017;13:06:00;292;com vítima;531;BR-262/MG;Oeste;Colisão Frontal;2;;;;;;;;;;0;2;4;;
07/04/2017;14:24:00;328;com vítima;563;BR-153/GO;Sul;Colisão Lateral;;;2;;;;;;;;0;2;;;
07/04/2017;15:13:00;348;sem vítima;588;BR-262/MG;Leste;Choque - Defensa, barreira ou "submarino";1;;;;;;;;;;1;;;;
07/04/2017;15:56:00;375;sem vítima;72;BR-060/GO;Sul;Queda de Ciclista;;;;1;;;;;;;2;;;;
07/04/2017;16:27:00;387;sem vítima;366,244;BR-262/MG;Oeste;Colisão Traseira;;;2;;;;;;;;2;;;;
07/04/2017;16:29:00;388;sem vítima;588;BR-262/MG;Leste;Carreta deu L;;;1;;;;;;;;1;;;;
07/04/2017;16:32:00;390;sem vítima;508,9;BR-153/GO;Sul;Colisão Lateral;1;;;;;1;;;;;2;;;;
07/04/2017;16:46:00;395;sem vítima;508;BR-153/GO;Sul;Colisão Traseira;2;;;;;;;;;;2;;;;
07/04/2017;17:22:00;417;com vítima;88;BR-060/GO;Norte;Capotamento;1;;;;;;;;;;0;2;;;
07/04/2017;17:25:00;420;sem vítima;507,9;BR-153/GO;Sul;Colisão Traseira;2;;;;;;;;;;2;;;;
07/04/2017;18:05:00;439;com vítima;57,86;BR-060/GO;Sul;Colisão Traseira;2;;;;;;;;;;2;1;;;
07/04/2017;19:05:00;468;com vítima;515;BR-153/GO;Sul;Queda de Ciclista;;;;1;;;;;;;0;2;;;
07/04/2017;19:20:00;474;sem vítima;10;BR-060/GO;Norte;Capotamento;1;;;;;;;;;;1;;;;
07/04/2017;21:06:00;517;sem vítima;760;BR-262/MG;Oeste;Saida de Pista;1;;;;;;;;;;1;;;;
08/04/2017;02:35:00;28;com vítima;467,8;BR-262/MG;Oeste;Saida de Pista;1;;;;;;;;;;0;1;;;
08/04/2017;03:43:00;39;com vítima;100;BR-060/GO;Norte;Atropelamento de Animal;1;;;;;;;;;;0;1;;;
08/04/2017;06:48:00;67;com vítima;495;BR-153/GO;Sul;Queda de Moto;;;;1;;;;;;;0;2;;;
08/04/2017;11:12:00;241;sem vítima;685;BR-153/GO;Sul;Saida de Pista;1;;;;;;;;;;2;;;;
08/04/2017;13:44:00;315;sem vítima;94,608;BR-060/GO;Norte;Saida de Pista;1;;;;;;;;;;1;;;;
09/04/2017;00:38:00;19;sem vítima;24;BR-153/MG;Norte;Capotamento;1;;;;;;;;;;1;;;;
09/04/2017;00:57:00;26;sem vítima;501;BR-153/GO;Norte;Queda de Moto;;;;1;;;;;;;1;;;;
09/04/2017;01:30:00;34;sem vítima;105;BR-060/GO;Sul;Colisão Traseira;1;;;;;;;;;;1;;;;
09/04/2017;04:02:00;52;sem vítima;717;BR-262/MG;Leste;Saida de Pista;1;;;;;;;;;;1;;;;
09/04/2017;07:40:00;84;com vítima;70,856;BR-060/GO;Sul;Outros - sequências;1;;;;;1;;;;;3;;2;;
09/04/2017;11:07:00;215;com vítima;88;BR-060/GO;Sul;Queda de Ciclista;;1;;;;;;;;;0;1;;;
09/04/2017;15:20:00;343;sem vítima;526,7;BR-153/GO;Norte;;;;2;;;;;;;;2;;;;
09/04/2017;17:54:00;435;sem vítima;12;BR-060/GO;Norte;Capotamento;1;;;;;;;;;;3;;;;
09/04/2017;21:18:00;518;sem vítima;714;BR-262/MG;Oeste;Saida de Pista;1;;;;;;;;;;1;;;;
09/04/2017;22:12:00;536;com vítima;532;BR-153/GO;Norte;Queda de Ciclista;;;;1;;;;;;;0;1;;;
09/04/2017;23:05:00;546;sem vítima;568;BR-153/GO;Norte;Capotamento;1;;;;;;;;;;1;;;;
10/04/2017;05:23:00;43;sem vítima;477,76;BR-262/MG;Oeste;Colisão Lateral;1;;1;;;;;;;;2;;;;
10/04/2017;05:26:00;44;sem vítima;29,785;BR-060/GO;Sul;Colisão Lateral;;;1;;;;;;;1;3;;;;
10/04/2017;07:21:00;69;com vítima;8,694;BR-060/DF;Norte;Colisão Lateral;1;;1;;;;;;;;1;1;;;
10/04/2017;08:08:00;91;sem vítima;495,045;BR-153/GO;Sul;Engavetamento;4;;;;;;;;;;4;;;;
10/04/2017;10:25:00;219;sem vítima;494,764;BR-153/GO;Sul;Colisão Traseira;;;2;;;;;;;;2;;;;
10/04/2017;10:53:00;239;sem vítima;2,314;BR-060/DF;Norte;Choque - Poste;1;;1;;;;;;;;2;;;;
10/04/2017;11:22:00;251;sem vítima;93,76;BR-060/GO;Norte;Colisão Lateral;;;1;;;;;;;1;2;;;;
10/04/2017;12:42:00;288;com vítima;133;BR-060/GO;Sul;Queda de Moto;;;;1;;;;;;;0;1;1;;
10/04/2017;18:04:00;451;com vítima;490;BR-153/GO;Norte;Tombamento;;;1;;;;;;;;0;1;;;
10/04/2017;18:29:00;465;sem vítima;3;BR-060/DF;Sul;Queda de Moto;;;;1;;;;;;;1;;;;
10/04/2017;23:19:00;559;sem vítima;632;BR-262/MG;Oeste;Saida de Pista;1;;;;;;;;;;1;;;;
11/04/2017;05:43:00;55;sem vítima;646,244;BR-262/MG;Oeste;Saida de Pista;;;1;;;;;;;;1;;;;
11/04/2017;07:24:00;81;com vítima;643;BR-262/MG;Leste;Outros - sequências;2;;;;;;;;;;1;1;1;1;
11/04/2017;08:33:00;123;sem vítima;51;BR-153/MG;Sul;;;;1;;;;;;;;1;;;;
11/04/2017;08:45:00;131;sem vítima;51;BR-153/MG;Sul;Saida de Pista;;;1;;;1;;;;;2;;;;
11/04/2017;09:35:00;155;com vítima;22,314;BR-060/DF;Sul;Saida de Pista;;;1;;;;;;;;0;;1;;
11/04/2017;09:59:00;169;sem vítima;797,894;BR-262/MG;Leste;Colisão Traseira;;;1;;;;;;;1;2;;;;
11/04/2017;10:24:00;183;com vítima;502,049;BR-153/GO;Norte;Outros - sequências;1;;;;;;;;;;0;1;;;
11/04/2017;11:11:00;219;sem vítima;235,5;BR-153/MG;Norte;Colisão Transversal;1;;1;;;;;;;;2;;;;
11/04/2017;17:04:00;407;com vítima;442;BR-262/MG;Leste;Colisão Lateral;;;;2;;;;;;;1;2;;;
11/04/2017;17:52:00;433;com vítima;430;BR-262/MG;Oeste;Queda de Ciclista;;;;1;;;;;;;0;1;1;;
11/04/2017;17:57:00;438;sem vítima;431,2;BR-262/MG;Oeste;;;;;1;;;;;;;1;;;;
11/04/2017;18:05:00;440;sem vítima;77;BR-153/MG;Sul;Engavetamento;;;4;;;;;;;;4;;;;
11/04/2017;18:55:00;451;sem vítima;113;BR-153/MG;Norte;Engavetamento;2;;1;;;1;;;;1;9;;;;
11/04/2017;18:54:00;452;com vítima;96,5;BR-060/GO;Norte;Colisão Lateral;1;;;1;;;;;;;1;1;;;
12/04/2017;08:11:00;98;sem vítima;398;BR-262/MG;Leste;Colisão Transversal;1;;;1;;;;;;;2;;;;
12/04/2017;10:38:00;208;sem vítima;126,12;BR-060/GO;Norte;Saida de Pista;1;;;;;1;;;;;2;;;;
12/04/2017;11:04:00;234;com vítima;126,107;BR-060/GO;Norte;Capotamento;1;;;;;1;;;;;2;1;;;
12/04/2017;11:27:00;255;com vítima;539,5;BR-262/MG;Oeste;Colisão Transversal;1;;1;;;;;;;;0;1;1;;
12/04/2017;13:19:00;330;sem vítima;507;BR-153/GO;Sul;Capotamento;1;;;;;;;;;;1;;;;
12/04/2017;13:44:00;345;com vítima;508,428;BR-153/GO;Norte;Queda de Moto;;;;1;;;;;;;0;1;;;
12/04/2017;17:27:00;477;sem vítima;0;BR-153/MG;Sul;Engavetamento;;;2;;;;;;;1;3;;;;
12/04/2017;18:39:00;519;sem vítima;508;BR-153/GO;Norte;Colisão Traseira;1;;;1;;;;;;;2;;;;
12/04/2017;18:44:00;521;com vítima;501;BR-153/GO;Sul;Colisão Traseira;2;;;;;;;;;;0;2;;;
12/04/2017;18:45:00;523;com vítima;471;BR-262/MG;Leste;Outros - sequências;1;;1;;;;;;;;1;1;;;
12/04/2017;18:45:00;524;sem vítima;55;BR-153/MG;Norte;Outros - sequências;1;;;;;;;;;;1;;;;
12/04/2017;19:19:00;534;sem vítima;12;BR-060/GO;Sul;Colisão Traseira;;;2;;;;;;;;2;;;;
12/04/2017;19:57:00;552;sem vítima;7;BR-060/DF;Norte;Colisão Traseira;2;;;;;;;;;;2;;;;
12/04/2017;20:39:00;565;com vítima;490;BR-153/GO;Sul;Colisão Traseira;1;;;1;;;;;;;1;1;;;
12/04/2017;22:11:00;601;com vítima;516;BR-153/GO;Sul;Outros - sequências;;;;1;;1;;;;;1;1;;;
12/04/2017;22:41:00;614;sem vítima;115,5;BR-153/MG;Sul;Colisão Frontal;1;;;;;;;;;;1;;;;
12/04/2017;23:29:00;621;sem vítima;859;BR-262/MG;Leste;Capotamento;1;;;;;;;;;;1;;;;
13/04/2017;02:51:00;55;com vítima;691;BR-262/MG;Leste;Tombamento;;;1;;;;;;;;0;;1;;
13/04/2017;04:27:00;77;com vítima;506,5;BR-153/GO;Sul;Queda de Moto;;;;1;;;;;;;0;;1;;
13/04/2017;04:43:00;80;com vítima;374;BR-262/MG;Leste;Colisão Traseira;1;;1;;;;;;;;1;;1;;
13/04/2017;06:36:00;97;com vítima;510,754;BR-153/GO;Norte;Queda de Moto;;;;1;;;;;;;1;1;;;
13/04/2017;07:40:00;128;com vítima;514,936;BR-153/GO;Sul;Colisão Lateral;2;;;;;;;;;;4;1;;;
13/04/2017;11:38:00;289;com vítima;490;BR-153/GO;Sul;Queda de Moto;;;;1;;;;;;;0;2;;;
13/04/2017;14:14:00;374;com vítima;118;BR-060/GO;Norte;Colisão Transversal;1;;;1;;;;;;;1;;1;;
13/04/2017;14:55:00;394;com vítima;801;BR-262/MG;Leste;Outros - sequências;1;;;;;;;;;1;3;1;;;
13/04/2017;19:23:00;566;sem vítima;441;BR-262/MG;Oeste;Colisão Lateral;;;;1;1;;;;;;2;;;;
13/04/2017;20:05:00;583;sem vítima;501,5;BR-153/GO;Norte;Saida de Pista;1;;;;;;;;;;1;;;;
13/04/2017;21:06:00;608;com vítima;721;BR-262/MG;Oeste;Engavetamento;2;;1;;;;;;;;0;7;;;
14/04/2017;00:09:00;9;sem vítima;507,565;BR-153/GO;Norte;Colisão Lateral;2;;;;;;;;;;2;;;;
14/04/2017;01:10:00;21;com vítima;3,1;BR-060/DF;Sul;Outros - sequências;1;;;1;;;;;;;1;;;1;
14/04/2017;02:16:00;36;com vítima;0,5;BR-153/MG;Norte;Saida de Pista;1;;;;;;;;;;0;1;;;
14/04/2017;06:09:00;83;com vítima;505,738;BR-153/GO;Norte;Choque - Defensa, barreira ou "submarino";1;;;;;;;;;;0;;;2;
14/04/2017;08:40:00;183;com vítima;63,423;BR-060/GO;Sul;Capotamento;1;;;;;;;;;;1;1;2;;
14/04/2017;09:03:00;203;com vítima;602,5;BR-153/GO;Norte;Outros - sequências;1;;;;;;;;;;2;1;1;;
14/04/2017;09:10:00;208;com vítima;584;BR-153/GO;Sul;Saida de Pista;1;;;;;;;;;;0;2;;;
14/04/2017;12:00:00;331;sem vítima;653;BR-153/GO;Norte;Outros - sequências;;;;1;;;;;;;1;;;;
14/04/2017;12:43:00;351;sem vítima;102;BR-060/GO;Norte;Outros - sequências;1;;;;;;;;;;1;;;;
14/04/2017;15:00:00;425;sem vítima;24,419;BR-060/GO;Norte;Saida de Pista;1;;;;;;;;;;2;;;;
14/04/2017;16:16:00;454;com vítima;77;BR-153/MG;Sul;Tombamento;;;1;;;;;;;;0;1;;;
14/04/2017;19:40:00;538;com vítima;360;BR-262/MG;Leste;Outros - sequências;1;;;;;;;;;;0;1;;;1
14/04/2017;19:40:00;539;sem vítima;2;BR-060/DF;Sul;Colisão Traseira;1;;1;;;;;;;;2;;;;
14/04/2017;20:57:00;554;sem vítima;396;BR-262/MG;Oeste;Queda de Ciclista;;;;1;;;;;;;1;;;;
14/04/2017;21:34:00;565;sem vítima;6,161;BR-060/DF;Norte;Colisão Traseira;1;;1;;;;;;;;2;;;;
15/04/2017;09:08:00;102;com vítima;507,823;BR-153/GO;Sul;Queda de Moto;;;;1;;;;;;;0;1;;;
15/04/2017;13:52:00;208;sem vítima;382,9;BR-262/MG;Leste;Saida de Pista;1;;;;;;;;;;1;;;;
15/04/2017;15:15:00;245;sem vítima;520;BR-153/GO;Norte;Outros - sequências;1;;1;;;;;;;;3;;;;
15/04/2017;15:47:00;261;com vítima;365;BR-262/MG;Oeste;Colisão Traseira;1;;;1;;;;;;;1;1;;;
15/04/2017;16:20:00;281;sem vítima;241;BR-153/MG;Sul;Outros - sequências;1;;;;;;;;;;1;;;;
15/04/2017;16:56:00;302;sem vítima;91;BR-153/MG;Sul;Queda de Moto;;;;1;;;;;;;2;;;;
15/04/2017;17:37:00;323;sem vítima;369;BR-262/MG;Leste;Queda de Ciclista;;;;1;;;;;;;1;;;;
15/04/2017;20:58:00;400;sem vítima;575;BR-153/GO;Sul;Outros - sequências;2;;;;;;;;;;6;;;;
16/04/2017;00:10:00;2;com vítima;136,7;BR-060/GO;Sul;Queda de Moto;;;;1;;;;;;;0;2;;;
16/04/2017;06:22:00;44;sem vítima;409,133;BR-262/MG;Oeste;Saida de Pista;1;;;;;;;;;;1;;;;
16/04/2017;10:25:00;172;sem vítima;511,282;BR-153/GO;Sul;Outros - sequências;1;;;;;;;;;;1;;;;
16/04/2017;13:53:00;270;com vítima;575;BR-153/GO;Norte;Outros - sequências;2;;1;;;;;;;;4;5;;;
16/04/2017;15:28:00;310;com vítima;442;BR-262/MG;Leste;Outros - sequências;2;;;1;;;;;;;2;1;;;
16/04/2017;15:48:00;323;sem vítima;13;BR-060/GO;Norte;Choque - Suporte de Sinalização;1;;;;;;;;;;1;;;;
16/04/2017;16:09:00;338;com vítima;460,9;BR-262/MG;Oeste;Outros - sequências;;;;1;;1;;;;;0;2;;;
16/04/2017;16:33:00;372;sem vítima;13;BR-060/GO;Norte;Engavetamento;3;;;;;;;;;;3;;;;
16/04/2017;17:01:00;374;com vítima;682;BR-153/GO;Norte;Capotamento;1;;;;;1;;;;;1;3;;;
16/04/2017;17:52:00;420;com vítima;532;BR-262/MG;Leste;Outros - sequências;1;;;;;;;;;;0;1;;;
16/04/2017;17:58:00;421;sem vítima;365,1;BR-262/MG;Leste;Engavetamento;2;;;;;2;;;;;4;;;;
16/04/2017;18:09:00;436;com vítima;591;BR-153/GO;Norte;Outros - sequências;2;;;;;;;;;;1;3;;;
16/04/2017;18:45:00;456;com vítima;4,7;BR-060/GO;Norte;Colisão Traseira;2;;;;;;;;;;1;1;;;
16/04/2017;19:29:00;475;sem vítima;521;BR-153/GO;Norte;;1;;;;;;;;;;1;;;;
16/04/2017;20:04:00;496;com vítima;12;BR-060/DF;Norte;Outros - sequências;1;1;;;;;;;;;0;;;2;
16/04/2017;20:15:00;504;sem vítima;362;BR-262/MG;Leste;Colisão Traseira;1;;;;;1;;;;;2;;;;
16/04/2017;20:15:00;505;com vítima;242;BR-153/MG;Norte;Outros - sequências;1;;;1;;;;;;;2;1;;;
16/04/2017;20:25:00;509;sem vítima;34;BR-153/MG;Sul;Saida de Pista;1;;;;;;;;;;3;;;;
16/04/2017;20:50:00;524;com vítima;564;BR-262/MG;Leste;Outros - sequências;;;1;;;;;;;;0;1;;;
16/04/2017;22:27:00;554;sem vítima;16,385;BR-060/DF;Norte;Colisão Lateral;1;;;;;1;;;;;6;;;;
17/04/2017;07:09:00;61;sem vítima;494,533;BR-153/GO;Sul;Engavetamento;6;;;;;1;;;;;15;;;;
17/04/2017;07:10:00;63;sem vítima;731;BR-262/MG;Leste;Saida de Pista;;;1;;;;;;;;1;;;;
17/04/2017;08:19:00;101;com vítima;510,216;BR-153/GO;Norte;Queda de Moto;;;;1;;1;;;;;1;;1;;
17/04/2017;08:53:00;122;com vítima;16,872;BR-060/GO;Sul;Colisão Traseira;;;1;;;;;;;1;0;1;1;;
17/04/2017;09:08:00;134;com vítima;28,245;BR-060/GO;Sul;Saida de Pista;1;;;;;;;;;;0;2;;;
17/04/2017;09:42:00;164;com vítima;423;BR-262/MG;Leste;Outros - sequências;1;;;;;;;;;;0;1;;;
17/04/2017;15:13:00;375;com vítima;505;BR-153/GO;Sul;Outros - sequências;;;;1;;1;;;;;1;;1;;
17/04/2017;16:38:00;422;sem vítima;134,5;BR-153/MG;Norte;Colisão Traseira;;;1;;;;;;;1;2;;;;
17/04/2017;17:31:00;443;sem vítima;499,8;BR-153/GO;Sul;Colisão Traseira;1;;;;;1;;;;;5;;;;
17/04/2017;18:51:00;482;sem vítima;498;BR-153/GO;Sul;Colisão Traseira;1;;;;;1;;;;;2;;;;
17/04/2017;19:26:00;494;com vítima;361;BR-262/MG;Oeste;Atropelamento de Animal;;;;1;;;;;;;0;;1;;
17/04/2017;20:58:00;526;com vítima;224,5;BR-153/MG;Sul;Tombamento;;;1;;;;;;;;0;1;;;
17/04/2017;22:27:00;551;sem vítima;856;BR-262/MG;Oeste;Saida de Pista;1;;;;;;;;;;1;;;;
17/04/2017;22:47:00;559;com vítima;3;BR-060/DF;Sul;Colisão Traseira;;;;1;;;;;;1;1;;1;;
18/04/2017;06:11:00;43;sem vítima;564;BR-153/GO;Norte;Atropelamento de Animal;1;;;;;;;;;;2;;;;
18/04/2017;06:29:00;46;sem vítima;564;BR-153/GO;Norte;Atropelamento de Animal;;;;;1;;;;;;1;;;;
18/04/2017;06:38:00;56;sem vítima;564;BR-153/GO;Norte;Atropelamento de Animal;1;;;;;;;;;;1;;;;
18/04/2017;12:28:00;274;sem vítima;108;BR-153/MG;Sul;Colisão Lateral;;;1;;1;;;;;;3;;;;
18/04/2017;16:25:00;366;sem vítima;96,2;BR-060/GO;Sul;Saida de Pista;;;1;;;;;;;;1;;;;
18/04/2017;17:01:00;380;com vítima;4,4;BR-060/DF;Sul;Outros - sequências;;;;1;;1;;;;;1;;;1;
18/04/2017;18:03:00;398;com vítima;442;BR-262/MG;Leste;Outros - sequências;;1;;1;;;;;;;0;1;1;;
18/04/2017;18:45:00;422;sem vítima;102,6;BR-060/GO;Sul;Saida de Pista;;;1;;;;;;;;1;;;;
18/04/2017;19:28:00;435;sem vítima;510;BR-153/GO;Norte;Colisão Traseira;1;;;;;1;;;;;2;;;;
18/04/2017;20:38:00;459;sem vítima;850;BR-262/MG;Leste;Atropelamento de Animal;;;1;;;;;;;;1;;;;
19/04/2017;01:25:00;25;com vítima;492,248;BR-262/MG;Oeste;Queda de Moto;;;;1;;;;;;;0;1;;;
19/04/2017;04:08:00;50;sem vítima;57;BR-153/MG;Norte;Saida de Pista;;;1;;;;;;;;1;;;;
19/04/2017;06:11:00;74;sem vítima;432;BR-262/MG;Oeste;Tombamento;;;1;;;;;;;;1;;;;
19/04/2017;06:25:00;81;sem vítima;12,348;BR-060/GO;Norte;Saida de Pista;;;1;;;1;;;;;2;;;;
19/04/2017;09:03:00;154;sem vítima;490,022;BR-153/GO;Sul;Colisão Traseira;1;;;;;1;;;;;2;;;;
19/04/2017;09:22:00;170;com vítima;28,986;BR-060/GO;Sul;Capotamento;1;;1;;;;;;;;1;1;;;
19/04/2017;15:34:00;345;com vítima;504,5;BR-153/GO;Sul;Colisão Traseira;1;;;1;;;;;;;1;1;;;
19/04/2017;18:57:00;432;com vítima;239;BR-153/MG;Sul;Colisão Traseira;;;1;;1;;;;;;2;1;;;
20/04/2017;05:22:00;43;com vítima;111,333;BR-060/GO;Sul;Saida de Pista;1;;;;;;;;;;0;2;;;
20/04/2017;10:51:00;231;com vítima;109;BR-060/GO;Sul;Colisão Traseira;1;;;1;;;;;;;1;1;;;
20/04/2017;11:00:00;237;com vítima;533,2;BR-153/GO;Sul;Outros - sequências;;;1;;;1;;;;;2;1;;;
20/04/2017;11:36:00;255;sem vítima;111,255;BR-060/GO;Sul;Outros - sequências;;;1;;;;;;;1;2;;;;
20/04/2017;13:56:00;316;sem vítima;500;BR-153/GO;Norte;Colisão Traseira;2;;;;;;;;;;2;;;;
20/04/2017;15:05:00;355;sem vítima;245;BR-153/MG;Norte;Colisão Transversal;1;;1;;;;;;;;2;;;;
20/04/2017;15:07:00;358;com vítima;360;BR-262/MG;Leste;Choque - Suporte de Sinalização;;;;1;;;;;;;0;;1;;
20/04/2017;15:14:00;362;sem vítima;100;BR-060/GO;Norte;Colisão Traseira;2;;;;;;;;;;2;;;;
20/04/2017;16:58:00;418;com vítima;3;BR-060/DF;Sul;Outros - sequências;1;;;;;;;;;;0;;;1;
20/04/2017;18:07:00;466;sem vítima;28,5;BR-153/MG;Norte;Saida de Pista;1;;1;;;;;;;;2;;;;
20/04/2017;18:44:00;487;sem vítima;243;BR-153/MG;Norte;Atropelamento de Animal;1;;;;;;;;;;1;;;;
20/04/2017;19:38:00;514;sem vítima;498;BR-153/GO;Sul;Colisão Traseira;2;;;;;;;;;;2;;;;
20/04/2017;20:11:00;534;com vítima;811;BR-262/MG;Oeste;Atropelamento de Animal;;;;1;;;;;;;0;;1;;
20/04/2017;20:23:00;540;com vítima;83;BR-060/GO;Sul;Colisão Traseira;;;1;;;;;;;1;1;;;1;
20/04/2017;19:49:00;543;sem vítima;498,2;BR-153/GO;Sul;Colisão Traseira;2;;;;;;;;;;2;;;;
20/04/2017;20:40:00;545;sem vítima;36;BR-060/GO;Norte;Saida de Pista;1;;;;;;;;;;1;;;;
20/04/2017;20:49:00;550;sem vítima;93;BR-060/GO;Sul;Colisão Lateral;1;;1;;;;;;;;2;;;;
20/04/2017;20:51:00;552;sem vítima;582;BR-153/GO;Norte;Saida de Pista;1;;;;;;;;;;1;;;;
20/04/2017;21:11:00;560;sem vítima;583;BR-153/GO;Sul;Saida de Pista;1;;;;;;;;;;1;;;;
20/04/2017;21:55:00;578;com vítima;28,5;BR-060/GO;Norte;Capotamento;1;;;;;;;;;;1;2;;;
20/04/2017;23:15:00;590;com vítima;28,602;BR-060/GO;Sul;Capotamento;1;;;;;;;;;;0;1;;;
21/04/2017;00:29:00;7;sem vítima;514,225;BR-153/GO;Norte;Colisão Lateral;1;;;;;1;;;;;2;;;;
21/04/2017;01:01:00;14;sem vítima;244;BR-153/MG;Sul;Atropelamento de Animal;;;1;;;;;;;;1;;;;
21/04/2017;02:29:00;25;sem vítima;504;BR-153/GO;Sul;Saida de Pista;1;;;;;;;;;;1;;;;
21/04/2017;03:42:00;40;sem vítima;599;BR-153/GO;Sul;Saida de Pista;1;;;;;;;;;;1;;;;
21/04/2017;04:33:00;51;sem vítima;134,5;BR-060/GO;Sul;Saida de Pista;1;;;;;;;;;;1;;;;
21/04/2017;07:37:00;112;sem vítima;499,193;BR-153/GO;Norte;Choque - Defensa, barreira ou "submarino";1;;;;;;;;;;1;;;;
21/04/2017;07:41:00;115;sem vítima;508,033;BR-153/GO;Sul;Saida de Pista;1;;;;;;;;;;1;;;;
21/04/2017;08:23:00;143;com vítima;637,5;BR-262/MG;Oeste;Capotamento;1;;;;;1;;;;;1;2;;;
21/04/2017;08:30:00;146;sem vítima;82,565;BR-060/GO;Norte;Saida de Pista;1;;;;;;;;;;1;;;;
21/04/2017;09:22:00;180;sem vítima;492;BR-153/GO;Sul;Saida de Pista;1;;;;;;;;;;1;;;;
21/04/2017;09:31:00;183;sem vítima;107,445;BR-060/GO;Sul;Colisão Traseira;2;;;;;;;;;;2;;;;
21/04/2017;09:35:00;186;sem vítima;511;BR-153/GO;Sul;Colisão Traseira;1;;;;;1;;;;;3;;;;
21/04/2017;09:42:00;191;sem vítima;134;BR-060/GO;Norte;Colisão Lateral;1;;1;;;;;;;;2;;;;
21/04/2017;10:11:00;210;sem vítima;47;BR-060/GO;Norte;Outros - sequências;1;;;;;;;;;;1;;;;
21/04/2017;11:07:00;249;sem vítima;40,795;BR-060/GO;Norte;Saida de Pista;1;;;;;;;;;;1;;;;
21/04/2017;11:25:00;258;com vítima;66,8;BR-153/MG;Norte;Outros - sequências;;;1;;;1;;;;;1;1;;;
21/04/2017;11:39:00;265;sem vítima;659;BR-153/GO;Sul;Colisão Transversal;2;;;;;;;;;;2;;;;
21/04/2017;11:54:00;274;sem vítima;50;BR-060/GO;Norte;Saida de Pista;1;;;;;;;;;;1;;;;
21/04/2017;12:50:00;297;sem vítima;479,319;BR-262/MG;Oeste;Colisão Traseira;2;;;;;;;;;;2;;;;
21/04/2017;13:10:00;307;sem vítima;18,47;BR-060/GO;Sul;Saida de Pista;1;;;;;;;;;;4;;;;
21/04/2017;13:41:00;325;com vítima;18,47;BR-060/GO;Norte;Outros - sequências;1;;;;;;;;;;0;1;;;
21/04/2017;11:32:00;435;sem vítima;58;BR-153/MG;Norte;Colisão Traseira;1;;;;;;;;;1;2;;;;
21/04/2017;18:26:00;461;sem vítima;357;BR-262/MG;Oeste;Colisão Traseira;1;;1;;;;;;;;2;;;;
21/04/2017;20:18:00;493;com vítima;197;BR-153/MG;Sul;Queda de Moto;;;;1;;;;;;;0;1;1;;
21/04/2017;20:26:00;498;com vítima;143;BR-153/MG;Norte;Outros - sequências;1;;1;;;;;;;;0;2;1;;