data;horario;n_da_ocorrencia;tipo_de_ocorrencia;km;trecho;sentido;tipo_de_acidente;automovel;bicicleta;caminhao;moto;onibus;outros;tracao_animal;transporte_de_cargas_especiais;trator_maquinas;utilitarios;ilesos;levemente_feridos;moderadamente_feridos;gravemente_feridos;mortos
21/07/2017;17:53:00;529;com vítima;114,287;BR-060/GO;Norte;Colisão Frontal;1;;;;;;;;;1;1;;2;;
21/07/2017;19:51:00;580;sem vítima;110,428;BR-060/GO;Sul;Colisão Traseira;2;;;;;;;;;;2;;;;
21/07/2017;19:52:00;581;sem vítima;114,724;BR-060/GO;Sul;Colisão Traseira;2;;;;;;;;;;2;;;;
21/07/2017;20:14:00;591;com vítima;116,437;BR-060/GO;Norte;Atropelamento - Outros;;;1;;;;;;;1;1;1;1;;1
21/07/2017;20:36:00;603;sem vítima;169,4;BR-153/MG;Norte;Atropelamento de Animal;1;;;;;;;;;;2;;;;
21/07/2017;20:58:00;613;com vítima;3;BR-060/DF;Sul;Saida de Pista;1;;;;;;;;;;0;1;;;
22/07/2017;01:01:00;19;sem vítima;245,014;BR-153/MG;Sul;Colisão Traseira;1;;1;;;;;;;;2;;;;
22/07/2017;04:56:00;72;com vítima;4,633;BR-060/DF;Sul;Queda de Moto;;;;1;1;;;;;;1;1;;;
22/07/2017;06:13:00;78;sem vítima;467,15;BR-262/MG;Leste;Colisão Lateral;1;;1;;;;;;;;3;;;;
22/07/2017;06:23:00;80;com vítima;583;BR-153/GO;Sul;Capotamento;1;;;;;;;;;;0;4;;;
22/07/2017;09:15:00;171;sem vítima;513,274;BR-153/GO;Norte;Colisão Lateral;2;;;;;;;;;;6;;;;
22/07/2017;11:03:00;247;sem vítima;407,5;BR-262/MG;Leste;Colisão Traseira;3;;;;;;;;;;6;;;;
22/07/2017;11:07:00;251;sem vítima;490,1;BR-153/GO;Norte;Colisão Lateral;1;;;1;;;;;;;3;;;;
22/07/2017;14:36:00;343;com vítima;494,813;BR-153/GO;Norte;Queda de Moto;;;;1;;;;;;;1;1;;;
22/07/2017;15:47:00;388;com vítima;11,302;BR-060/DF;Norte;Capotamento;1;;;;;;;;;;0;;;;1
22/07/2017;17:18:00;448;com vítima;765,884;BR-262/MG;Leste;Capotamento;1;;;;;;;;;;1;1;;;
22/07/2017;18:03:00;471;sem vítima;507,177;BR-153/GO;Sul;Queda de Moto;;;;1;;;;;;;2;;;;
22/07/2017;19:26:00;510;sem vítima;6,849;BR-060/GO;Sul;Tombamento;;;1;;;;;;;;1;;;;
22/07/2017;20:22:00;536;sem vítima;73,021;BR-060/GO;Norte;Saida de Pista;1;;;;;;;;;;1;;;;
23/07/2017;04:17:00;59;sem vítima;53,841;BR-060/GO;Norte;Choque - Defensa, barreira ou "submarino";1;;;;;;;;;;1;;;;
23/07/2017;04:50:00;67;sem vítima;412;BR-262/MG;Leste;Saida de Pista;1;;;;;;;;;;1;;;;
23/07/2017;07:48:00;98;sem vítima;109,364;BR-060/GO;Norte;Saida de Pista;1;;;;;;;;;;4;;;;
23/07/2017;11:45:00;185;com vítima;618;BR-153/GO;Sul;Queda de Moto;;;;1;;;;;;;0;;;1;
23/07/2017;11:51:00;188;com vítima;82,183;BR-060/GO;Norte;Saida de Pista;1;;;;;;;;;;0;1;;;
23/07/2017;12:26:00;199;com vítima;466;BR-262/MG;Oeste;Capotamento;;;;;;;;;;1;1;1;;;
23/07/2017;12:35:00;204;sem vítima;140;BR-153/MG;Sul;Colisão Traseira;1;;1;;;;;;;;3;;;;
23/07/2017;12:57:00;209;com vítima;505,528;BR-153/GO;Norte;Colisão Traseira;1;;;1;;;;;;;5;1;;;
23/07/2017;14:15:00;231;com vítima;561,001;BR-153/GO;Norte;Saida de Pista;1;;;;;;;;;;1;2;;;
23/07/2017;13:59:00;234;sem vítima;19,336;BR-153/MG;Sul;Capotamento;1;;;;;;;;;;1;;;;
23/07/2017;16:08:00;285;sem vítima;129,787;BR-060/GO;Norte;Saida de Pista;1;;;;;;;;;;1;;;;
23/07/2017;16:52:00;312;sem vítima;395,5;BR-262/MG;Leste;Colisão Traseira;;;1;;;;;;;1;2;;;;
23/07/2017;18:13:00;348;sem vítima;8,495;BR-060/GO;Norte;Capotamento;1;;;;;;;;;;1;;;;
23/07/2017;18:28:00;358;sem vítima;91,773;BR-060/GO;Norte;Colisão Lateral;2;;;;;;;;;;4;;;;
23/07/2017;20:37:00;423;com vítima;748,476;BR-262/MG;Oeste;Colisão Frontal;1;;1;;;;;;;;0;;1;1;1
23/07/2017;23:27:00;497;sem vítima;800;BR-262/MG;Oeste;Saida de Pista;1;;;;;;;;;;1;;;;
23/07/2017;23:42:00;505;com vítima;94,2;BR-153/MG;Sul;Saida de Pista;1;;;;;;;;;;0;2;;;
24/07/2017;03:31:00;47;sem vítima;675,494;BR-153/GO;Norte;Saida de Pista;;;;;;;;;;1;1;;;;
24/07/2017;05:26:00;63;sem vítima;4,582;BR-060/DF;Norte;Colisão Traseira;1;;;;1;;;;;;2;;;;
24/07/2017;05:55:00;67;com vítima;14,713;BR-060/GO;Sul;Colisão Traseira;;;2;;;;;;;;1;1;;;
24/07/2017;09:10:00;138;com vítima;763,909;BR-262/MG;Oeste;Colisão Traseira;1;;;1;;;;;;;6;1;;;
24/07/2017;11:02:00;200;sem vítima;93,8;BR-153/MG;Norte;Tombamento;;;1;;;;;;;;3;;;;
24/07/2017;11:29:00;217;com vítima;103,64;BR-060/GO;Norte;Capotamento;1;;;;;;;;;;0;4;1;;
24/07/2017;14:32:00;300;com vítima;491,376;BR-153/GO;Norte;Queda de Ciclista;;;;1;;;;;;;0;1;;;
24/07/2017;14:46:00;306;sem vítima;378;BR-262/MG;Leste;Colisão Traseira;1;;;;;;;;;;2;;;;
24/07/2017;15:15:00;323;com vítima;582,32;BR-153/GO;Norte;Colisão Traseira;1;;1;;;;;;;;4;1;;;
24/07/2017;16:18:00;360;sem vítima;365,5;BR-262/MG;Oeste;Saida de Pista;1;;;;;;;;;;1;;;;
24/07/2017;17:03:00;381;sem vítima;600;BR-262/MG;Leste;Colisão Traseira;;;2;;;;;;;;2;;;;
24/07/2017;17:29:00;391;sem vítima;498,246;BR-153/GO;Sul;Engavetamento;2;;;;;;;;;1;3;;;;
24/07/2017;18:32:00;422;com vítima;404;BR-262/MG;Leste;Queda de Ciclista;;;;1;;;;;;;0;2;;;
24/07/2017;18:42:00;429;com vítima;368,3;BR-262/MG;Oeste;Queda de Moto;;;;1;;;;;;;0;1;;;
24/07/2017;19:03:00;437;sem vítima;562,52;BR-262/MG;Oeste;Atropelamento de Animal;1;;;;;;;;;;2;;;;
25/07/2017;01:02:00;11;com vítima;548,075;BR-262/MG;Oeste;Choque - Talude;;;1;;;;;;;;0;;1;;
25/07/2017;07:12:00;82;sem vítima;39,975;BR-060/GO;Sul;Saida de Pista;1;;;;;;;;;;1;;;;
25/07/2017;17:19:00;452;com vítima;506,997;BR-153/GO;Sul;Colisão Lateral;1;;1;1;;;;;;;3;;;;1
25/07/2017;17:30:00;462;sem vítima;499,419;BR-153/GO;Sul;Engavetamento;4;;;;;;;;;;4;;;;
25/07/2017;17:45:00;474;sem vítima;507,016;BR-153/GO;Norte;Colisão Traseira;2;;;;;;;;;;2;;;;
25/07/2017;18:21:00;500;sem vítima;12,807;BR-060/DF;Norte;Saida de Pista;1;;;;;;;;;;1;;;;
25/07/2017;18:43:00;507;com vítima;827,1;BR-262/MG;Leste;Colisão Lateral;2;;;;;;;;;;0;1;2;;
26/07/2017;07:27:00;75;sem vítima;172,355;BR-153/MG;Sul;Tombamento;;;1;;;;;;;;1;;;;
26/07/2017;07:43:00;82;sem vítima;505,373;BR-153/GO;Norte;Colisão Traseira;2;;;;;1;;;;;3;;;;
26/07/2017;09:21:00;160;com vítima;495,904;BR-153/GO;Sul;Colisão Traseira;1;;1;;;;;;;;2;1;;;
26/07/2017;09:43:00;182;sem vítima;493,9;BR-153/GO;Sul;Colisão Traseira;1;;;1;;;;;;;2;;;;
26/07/2017;11:34:00;258;sem vítima;216,001;BR-153/MG;Norte;Colisão Traseira;1;;;;;;;;;1;3;;;;
26/07/2017;12:08:00;274;com vítima;493,692;BR-153/GO;Norte;Queda de Moto;;;;1;;;;;;;1;1;;;
26/07/2017;12:10:00;276;sem vítima;494,388;BR-153/GO;Norte;Engavetamento;2;;1;;;;;;;;3;;;;
26/07/2017;12:41:00;296;sem vítima;30,739;BR-060/GO;Norte;Colisão Lateral;1;;;;;;;;;1;6;;;;
26/07/2017;12:42:00;297;com vítima;628,001;BR-153/GO;Sul;Capotamento;;;1;;;;;;;1;1;1;;;
26/07/2017;13:51:00;341;sem vítima;124,134;BR-060/GO;Sul;Saida de Pista;;;2;;;;;;;;2;;;;
26/07/2017;14:22:00;363;com vítima;501,431;BR-153/GO;Sul;Queda de Moto;;;;1;;;;;;;0;2;;;
26/07/2017;17:55:00;509;sem vítima;500,489;BR-153/GO;Norte;Colisão Traseira;1;;;;;1;;;;1;3;;;;
26/07/2017;21:50:00;612;sem vítima;504,139;BR-153/GO;Norte;Colisão Traseira;1;;1;;;;;;;;2;;;;
26/07/2017;21:56:00;614;sem vítima;186,816;BR-153/MG;Sul;Saida de Pista;;;;;;;;;;1;1;;;;
26/07/2017;22:00:00;615;com vítima;31,71;BR-060/GO;Sul;Colisão Transversal;1;;;1;;;;;;;3;1;;;
26/07/2017;23:24:00;634;sem vítima;107,913;BR-060/GO;Sul;Colisão Traseira;;;1;;1;;;;;;2;;;;
27/07/2017;00:28:00;6;sem vítima;6,602;BR-060/DF;Sul;Queda de Moto;;;;1;;;;;;1;2;;;;
27/07/2017;03:27:00;32;sem vítima;34,241;BR-153/MG;Norte;Colisão Traseira;;;2;;;;;;;;2;;;;
27/07/2017;04:09:00;36;sem vítima;441,4;BR-262/MG;Leste;Choque - Defensa, barreira ou "submarino";1;;;;;;;;;;2;;;;
27/07/2017;06:12:00;51;sem vítima;5,649;BR-060/DF;Norte;Colisão Traseira;;;1;;;1;;;;;2;;;;
27/07/2017;07:04:00;69;sem vítima;2,888;BR-060/DF;Norte;Engavetamento;3;;;;;;;;;;6;;;;
27/07/2017;08:05:00;82;sem vítima;218;BR-153/MG;Norte;Colisão Traseira;;;2;;;;;;;;2;;;;
27/07/2017;08:09:00;89;com vítima;134;BR-153/MG;Norte;Colisão Traseira;;;;2;;;;;;;1;1;;;
27/07/2017;08:13:00;92;com vítima;180,7;BR-153/MG;Sul;Colisão Traseira;1;;1;;;;;;;1;6;1;;;
27/07/2017;09:14:00;116;sem vítima;535;BR-153/GO;Norte;Saida de Pista;1;;;;;;;;;;1;;;;
27/07/2017;10:03:00;143;sem vítima;550,8;BR-153/GO;Norte;Tombamento;;;2;;;;;;;;2;;;;
27/07/2017;10:21:00;156;com vítima;562,511;BR-153/GO;Sul;Tombamento;;;1;;;;;;;;0;2;;;
27/07/2017;13:10:00;250;com vítima;21,983;BR-060/GO;Sul;Saida de Pista;1;;;;;;;;;;0;2;;;
27/07/2017;14:25:00;272;com vítima;101;BR-060/GO;Sul;Queda de Ciclista;;;;1;;;;;;;0;1;1;;
27/07/2017;14:37:00;275;com vítima;51,07;BR-153/MG;Norte;Capotamento;1;;;;;;;;;;0;1;;;
27/07/2017;16:11:00;327;sem vítima;486,9;BR-262/MG;Oeste;Colisão Traseira;;;;;;;;;;2;2;;;;
27/07/2017;19:31:00;419;sem vítima;95,101;BR-060/GO;Norte;Colisão Traseira;;;;1;;1;;;;;2;;;;
27/07/2017;19:44:00;423;sem vítima;508,879;BR-153/GO;Sul;Engavetamento;5;;;;;;;;;;5;;;;
27/07/2017;19:51:00;429;com vítima;507,12;BR-153/GO;Sul;Colisão Traseira;1;;;;;1;;;;;1;3;;;
27/07/2017;20:57:00;449;com vítima;134,18;BR-060/GO;Sul;Colisão Lateral;1;;1;;;;;;;;0;4;;;
28/07/2017;01:47:00;17;com vítima;382,8;BR-262/MG;Oeste;Queda de Moto;;;;1;;;;;;;0;1;;;
28/07/2017;07:01:00;106;sem vítima;478;BR-262/MG;Leste;Colisão Lateral;;;1;;;;;;;1;2;;;;
28/07/2017;10:36:00;215;sem vítima;389;BR-262/MG;Leste;Colisão Traseira;2;;;;;;;;;1;3;;;;
28/07/2017;16:17:00;379;com vítima;70,784;BR-060/GO;Sul;Capotamento;1;;;;;;;;;;1;2;;;
28/07/2017;16:24:00;383;com vítima;95,889;BR-060/GO;Norte;Queda de Moto;;;;1;;;;;;;0;1;;;
28/07/2017;16:53:00;396;com vítima;44,147;BR-153/MG;Norte;Queda de Ciclista;;;;1;;;;;;;0;;1;;
28/07/2017;17:09:00;402;sem vítima;563,58;BR-153/GO;Sul;Colisão Traseira;1;;1;;;;;;;;2;;;;
28/07/2017;17:26:00;412;sem vítima;497;BR-153/GO;Sul;Colisão Traseira;1;;;;;1;;;;;2;;;;
28/07/2017;18:41:00;448;com vítima;244,147;BR-153/MG;Sul;Colisão Lateral;;1;;;;1;;;;;1;;;;1
28/07/2017;19:17:00;464;com vítima;503,999;BR-153/GO;Norte;Engavetamento;2;;;1;;;;;;;4;1;;;
28/07/2017;19:35:00;472;sem vítima;500,845;BR-153/GO;Norte;Colisão Traseira;1;;1;;;;;;;;2;;;;
28/07/2017;19:58:00;484;com vítima;2,8;BR-153/MG;Norte;Saida de Pista;1;;;;;;;;;;0;2;;;
28/07/2017;22:28:00;557;sem vítima;77,213;BR-060/GO;Sul;Carreta deu L;;;1;;;;;;;;1;;;;
28/07/2017;22:49:00;567;com vítima;412,2;BR-262/MG;Oeste;Colisão Lateral;;;1;1;;;;;;;1;;1;1;
29/07/2017;00:29:00;6;sem vítima;542;BR-153/GO;Norte;Colisão Traseira;;;1;;;;;;;;1;;;;
29/07/2017;05:13:00;73;sem vítima;675,663;BR-262/MG;Oeste;Choque - Defensa, barreira ou "submarino";1;;;;;;;;;;1;;;;
29/07/2017;05:26:00;76;sem vítima;843,433;BR-262/MG;Leste;Tombamento;;;1;;;;;;;;1;;;;
29/07/2017;05:39:00;79;sem vítima;520,65;BR-153/GO;Sul;Saida de Pista;1;;;;;;;;;;1;;;;
29/07/2017;05:54:00;84;com vítima;442,992;BR-262/MG;Leste;Choque - Defensa, barreira ou "submarino";;;;1;;;;;;;0;1;;;
29/07/2017;07:45:00;125;com vítima;76,74;BR-060/GO;Norte;Colisão Traseira;;;1;1;;;;;;;1;;1;;
29/07/2017;11:51:00;246;sem vítima;802,14;BR-262/MG;Leste;Colisão Traseira;1;;;;;;;;;1;5;;;;
29/07/2017;12:54:00;271;com vítima;118,445;BR-153/MG;Norte;Colisão Traseira;;;2;;;;;;;;2;1;;;
29/07/2017;17:10:00;403;sem vítima;507,316;BR-153/GO;Norte;Engavetamento;3;;;;;;;;;;3;;;;
29/07/2017;17:56:00;432;com vítima;1,829;BR-060/DF;Sul;Tombamento;;;1;;;;;;;;0;1;;;
29/07/2017;19:39:00;483;sem vítima;676,003;BR-153/GO;Norte;Saida de Pista;1;;;;;;;;;;3;;;;
29/07/2017;19:51:00;490;com vítima;520,202;BR-153/GO;Norte;Colisão Traseira;2;;;;;;;;;;6;1;;;
29/07/2017;21:13:00;518;com vítima;8,159;BR-060/DF;Norte;Saida de Pista;1;;;;;;;;;;1;1;;;
29/07/2017;21:34:00;526;com vítima;31,705;BR-060/GO;Norte;Colisão Transversal;2;;;;;;;;;;2;1;;;
30/07/2017;01:01:00;13;sem vítima;374,82;BR-262/MG;Leste;Capotamento;1;;;;;;;;;;1;;;;
30/07/2017;03:15:00;35;com vítima;137,112;BR-060/GO;Sul;Saida de Pista;1;;;;;;;;;;0;1;;;
30/07/2017;03:43:00;38;com vítima;189,057;BR-153/MG;Sul;Queda de Moto;;;;1;;;;;;;0;;;1;
30/07/2017;07:25:00;85;com vítima;38,559;BR-060/GO;Sul;Queda de Moto;;;;1;;;;;;;0;;;;1
30/07/2017;09:11:00;140;sem vítima;11,147;BR-153/MG;Sul;Colisão Traseira;;;2;;;;;;;;2;;;;
30/07/2017;09:46:00;156;sem vítima;30,383;BR-060/DF;Sul;Colisão Lateral;1;;1;;;;;;;;2;;;;
30/07/2017;10:02:00;162;sem vítima;98,096;BR-060/GO;Sul;Colisão Traseira;2;;;;;;;;;;2;;;;
30/07/2017;10:14:00;169;com vítima;716,444;BR-262/MG;Oeste;Colisão Traseira;1;;1;;;;;;;;1;;;2;
30/07/2017;10:31:00;183;com vítima;542,566;BR-153/GO;Sul;Capotamento;1;;;;;;;;;;4;;1;;
30/07/2017;11:35:00;234;com vítima;437,51;BR-262/MG;Leste;Saida de Pista;1;;;;;;;;;;1;1;;;
30/07/2017;14:47:00;337;sem vítima;654,985;BR-153/GO;Sul;Capotamento;1;;;;;;;;;;7;;;;
30/07/2017;16:43:00;408;sem vítima;365,05;BR-262/MG;Leste;Colisão Traseira;2;;;;;;;;;;2;;;;
30/07/2017;18:12:00;463;com vítima;536,613;BR-262/MG;Oeste;Colisão Frontal;2;;;;;;;;;;4;3;;;
30/07/2017;19:18:00;492;sem vítima;1,5;BR-153/MG;Norte;Colisão Traseira;1;;;;;1;;;;;3;;;;
30/07/2017;22:49:00;584;com vítima;6,729;BR-060/DF;Sul;Capotamento;1;;;;;;;;;;1;1;;;
30/07/2017;22:53:00;586;sem vítima;511,012;BR-153/GO;Norte;Choque - Poste;1;;;;;;;;;;1;;;;
30/07/2017;22:55:00;587;com vítima;713,013;BR-262/MG;Oeste;Capotamento;1;;1;;;;;;;;1;2;1;;1
30/07/2017;23:01:00;589;com vítima;356;BR-262/MG;Leste;Colisão Frontal;1;;;;;;;;;;2;1;;;
30/07/2017;23:36:00;603;com vítima;37,5;BR-153/MG;Sul;Queda de Moto;;;;1;;;;;;;0;1;;;
31/07/2017;02:13:00;25;com vítima;6,575;BR-153/MG;Norte;Tombamento;;;1;;;;;;;;0;1;;;
31/07/2017;03:36:00;44;sem vítima;117,265;BR-060/GO;Norte;Saida de Pista;1;;;;;;;;;;1;;;;
31/07/2017;06:38:00;73;com vítima;634,88;BR-153/GO;Sul;Capotamento;;;;;;;;;;1;0;;2;;
31/07/2017;08:07:00;103;sem vítima;498;BR-153/GO;Sul;Colisão Traseira;2;;;;;;;;;;2;;;;
31/07/2017;08:07:00;104;sem vítima;510,001;BR-153/GO;Norte;Colisão Lateral;1;;1;;;;;;;;2;;;;
31/07/2017;08:39:00;123;sem vítima;580;BR-262/MG;Oeste;Saida de Pista;;;;;;;;;;1;1;;;;
31/07/2017;09:29:00;156;sem vítima;511,054;BR-153/GO;Sul;Colisão Traseira;2;;;;;;;;;;2;;;;
31/07/2017;10:10:00;176;com vítima;535,314;BR-262/MG;Leste;Engavetamento;2;;1;;;;;;;;3;2;;;1
31/07/2017;10:12:00;177;sem vítima;586,87;BR-262/MG;Oeste;Saida de Pista;;;;;;;;;;1;1;;;;
31/07/2017;11:01:00;203;sem vítima;58,989;BR-153/MG;Norte;Colisão Traseira;2;;;;;;;;;;2;;;;
31/07/2017;11:05:00;206;sem vítima;40;BR-153/MG;Norte;Colisão Traseira;1;;;;;;;;;1;8;;;;
31/07/2017;11:21:00;214;com vítima;508,8;BR-262/MG;Leste;Choque - Talude;1;;;;;;;;;;0;1;;;
31/07/2017;12:01:00;233;com vítima;500,001;BR-153/GO;Norte;Queda de Moto;;;;1;;;;;;;1;1;;;
31/07/2017;14:03:00;286;com vítima;91,947;BR-060/GO;Norte;Colisão Lateral;1;1;;;;;;;;;1;1;;;
31/07/2017;17:54:00;399;sem vítima;499,5;BR-153/GO;Sul;Colisão Traseira;1;;;;;1;;;;;2;;;;
31/07/2017;18:31:00;421;com vítima;660,055;BR-262/MG;Leste;Colisão Traseira;;;3;;;;;;;;2;;;;1
31/07/2017;18:32:00;422;com vítima;817,411;BR-262/MG;Leste;Saida de Pista;1;;;;;;;;;;0;1;;;
31/07/2017;19:08:00;447;com vítima;17,253;BR-060/GO;Sul;Colisão Traseira;1;;1;;;;;;;;1;;;1;
01/08/2017;00:08:00;3;sem vítima;86;BR-060/GO;Sul;Saida de Pista;1;;;;;;;;;;1;;;;
01/08/2017;02:07:00;31;com vítima;6,956;BR-153/MG;Norte;Saida de Pista;;;1;;;;;;;;0;1;;;
01/08/2017;02:51:00;37;sem vítima;703;BR-153/GO;Norte;Choque - Defensa, barreira ou "submarino";;;1;;;;;;;;1;;;;
01/08/2017;06:29:00;77;com vítima;28,3;BR-060/GO;Norte;Saida de Pista;1;;;;;;;;;;0;1;;;
01/08/2017;08:05:00;107;sem vítima;502;BR-153/GO;Norte;Colisão Traseira;2;;;;;;;;;;2;;;;
01/08/2017;13:53:00;291;com vítima;53,36;BR-153/MG;Sul;Capotamento;1;;;;;;;;;;0;1;;;
01/08/2017;14:09:00;300;sem vítima;11,15;BR-060/DF;Norte;Colisão Lateral;1;;1;;;;;;;;2;;;;
01/08/2017;15:21:00;344;com vítima;117;BR-060/GO;Sul;Colisão Lateral;1;;1;;;;;;;;0;3;;;
01/08/2017;15:29:00;350;sem vítima;116;BR-060/GO;Norte;Colisão Lateral;1;;1;;;;;;;;2;;;;
01/08/2017;17:39:00;414;sem vítima;499;BR-153/GO;Sul;;2;;;;;;;;;;2;;;;
01/08/2017;17:57:00;425;sem vítima;499,5;BR-153/GO;Sul;Colisão Traseira;2;;;;;;;;;;2;;;;
02/08/2017;02:33:00;36;sem vítima;61,15;BR-153/MG;Sul;Objeto lançado contra veículo;1;;;;;;;;;;1;;;;
02/08/2017;06:41:00;93;com vítima;900,5;BR-262/MG;Leste;Tombamento;;;1;;;;;;;;1;1;;;
02/08/2017;08:04:00;118;sem vítima;500,163;BR-153/GO;Sul;Engavetamento;4;;;;;;;;;;4;;;;
02/08/2017;08:29:00;129;sem vítima;799,846;BR-262/MG;Leste;Tombamento;;;1;;;;;;;;1;;;;
02/08/2017;13:21:00;289;com vítima;48,478;BR-060/GO;Norte;Saida de Pista;1;;;;;;;;;;0;1;1;;
02/08/2017;13:56:00;308;com vítima;360,363;BR-262/MG;Leste;Colisão Traseira;1;;1;;;;;;;;1;1;;;
02/08/2017;16:26:00;414;com vítima;632,407;BR-262/MG;Leste;Queda de Ciclista;;;;1;;;;;;;0;;1;;
02/08/2017;17:10:00;443;com vítima;444;BR-262/MG;Oeste;Atropelamento - Usuário;;;;;;1;;;;;1;1;;;
02/08/2017;18:09:00;465;com vítima;70,001;BR-153/MG;Sul;Saida de Pista;;;1;;;;;;;;0;;1;;
02/08/2017;19:16:00;499;sem vítima;410,555;BR-262/MG;Oeste;Saida de Pista;;;1;;;;;;;;2;;;;
02/08/2017;19:17:00;501;com vítima;100,521;BR-060/GO;Sul;Atropelamento - Andarilho;1;;;;;;;;;;1;;;;1
02/08/2017;21:39:00;549;com vítima;507,184;BR-153/GO;Sul;Queda de Moto;;;;1;;;;;;;0;1;1;;
02/08/2017;21:59:00;554;com vítima;62,697;BR-060/GO;Norte;Atropelamento - Andarilho;1;;;;;;;;;;2;;;;1
02/08/2017;23:10:00;574;sem vítima;36,621;BR-060/GO;Norte;Colisão Lateral;1;;;;2;;;;;;39;;;;
03/08/2017;07:14:00;73;sem vítima;4,296;BR-060/DF;Norte;Colisão Traseira;2;;;;;;;;;;2;;;;
03/08/2017;08:35:00;124;com vítima;9,771;BR-060/GO;Norte;Capotamento;1;;;;;;;;;;0;;1;;
03/08/2017;09:31:00;169;com vítima;3,052;BR-060/DF;Sul;Colisão Lateral;2;;;;;;;;;;1;1;;;
03/08/2017;09:33:00;172;com vítima;599,2;BR-153/GO;Sul;Colisão Traseira;1;;2;;;;;;;;3;1;;;
03/08/2017;09:59:00;193;sem vítima;129,904;BR-153/MG;Norte;Saida de Pista;1;;;;;;;;;;1;;;;
03/08/2017;11:31:00;248;sem vítima;514,205;BR-153/GO;Norte;Colisão Traseira;2;;;;;;;;;;2;;;;
03/08/2017;18:15:00;475;sem vítima;58,05;BR-153/MG;Sul;Colisão Lateral;1;;;;;1;;;;;2;;;;
03/08/2017;18:26:00;483;sem vítima;108,98;BR-153/MG;Sul;Colisão Frontal;2;;;;;;;;;;6;;;;
03/08/2017;20:51:00;561;sem vítima;172,5;BR-153/MG;Norte;Saida de Pista;;;1;;;;;;;;1;;;;
04/08/2017;08:03:00;121;sem vítima;574,001;BR-153/GO;Norte;Saida de Pista;1;;;;;;;;;;4;;;;
04/08/2017;09:52:00;223;com vítima;41;BR-060/GO;Sul;Colisão Lateral;;;1;1;;;;;;;1;1;;;
04/08/2017;11:37:00;289;com vítima;104,705;BR-060/GO;Sul;Capotamento;1;;;;;;;;;;0;1;;;
04/08/2017;12:36:00;325;com vítima;637,144;BR-153/GO;Sul;Capotamento;1;;;;;;;;;;0;2;;;
04/08/2017;12:50:00;326;com vítima;477,658;BR-262/MG;Oeste;Colisão Lateral;1;;;1;;;;;;;1;;1;;
04/08/2017;13:36:00;348;com vítima;99;BR-060/GO;Sul;Colisão Traseira;1;;;1;;;;;;;1;1;;;
04/08/2017;13:43:00;355;sem vítima;99;BR-060/GO;Sul;Colisão Traseira;2;;;;;;;;;;2;;;;
04/08/2017;14:47:00;389;sem vítima;640;BR-262/MG;Leste;Colisão Traseira;;;2;;;;;;;;2;;;;
04/08/2017;18:36:00;522;sem vítima;497,034;BR-153/GO;Norte;Colisão Lateral;1;;1;;;;;;;;2;;;;
04/08/2017;19:23:00;552;com vítima;464,151;BR-262/MG;Oeste;Colisão Transversal;1;;1;;;;;;;;1;1;1;;1
05/08/2017;01:42:00;23;sem vítima;798,131;BR-262/MG;Oeste;Atropelamento de Animal;1;;;;;;;;;;1;;;;
05/08/2017;03:45:00;55;com vítima;401,653;BR-262/MG;Leste;Capotamento;1;;;;;;;;;;0;1;;;
05/08/2017;03:48:00;58;sem vítima;383;BR-262/MG;Leste;Saida de Pista;;;;;;;;;;1;1;;;;
05/08/2017;06:21:00;99;com vítima;513,488;BR-153/GO;Norte;Queda de Moto;1;;;1;;;;;;;1;1;;;
05/08/2017;09:57:00;204;com vítima;460,2;BR-262/MG;Oeste;Colisão Lateral;1;;;1;;;;;;;0;1;;1;
05/08/2017;10:47:00;233;com vítima;82,466;BR-060/GO;Norte;Capotamento;1;;;;;;;;;;0;4;;;
05/08/2017;11:10:00;246;sem vítima;3,548;BR-060/DF;Norte;Capotamento;2;;;;;;;;;;2;;;;
05/08/2017;13:36:00;324;com vítima;86;BR-060/GO;Norte;Queda de Moto;;;;1;;;;;;;0;;2;;
05/08/2017;14:17:00;344;com vítima;138;BR-060/GO;Sul;Queda de Moto;;;;1;;;;;;;0;1;;;
05/08/2017;16:02:00;395;sem vítima;502,895;BR-153/GO;Norte;Choque - Outros;;;2;;;;;;;;2;;;;
05/08/2017;17:50:00;457;com vítima;811,6;BR-262/MG;Oeste;Colisão Traseira;1;;;1;;;;;;;1;1;;;
05/08/2017;18:29:00;479;com vítima;359,5;BR-262/MG;Oeste;Atropelamento - Andarilho;1;;;;;;;;;;1;;;;1
05/08/2017;18:50:00;486;sem vítima;589;BR-153/GO;Norte;Atropelamento de Animal;1;;;;;;;;;;1;;;;
05/08/2017;19:25:00;499;com vítima;368,747;BR-262/MG;Oeste;Atropelamento - Usuário;1;;;;;;;;;;1;;1;;
05/08/2017;20:19:00;520;com vítima;58,193;BR-153/MG;Sul;Colisão Lateral;2;;2;;;;;;;;3;1;2;;
05/08/2017;21:56:00;565;sem vítima;27;BR-060/GO;Sul;Colisão Traseira;2;;;;;;;;;;2;;;;
05/08/2017;23:48:00;597;com vítima;23;BR-060/GO;Norte;Saida de Pista;1;;;;;;;;;;1;2;;;
06/08/2017;00:48:00;10;com vítima;509,833;BR-153/GO;Norte;Colisão Traseira;1;;;1;;;;;;;1;;1;;
06/08/2017;03:11:00;36;sem vítima;47;BR-060/GO;Sul;Saida de Pista;1;;;;;;;;;;1;;;;