data;horario;n_da_ocorrencia;tipo_de_ocorrencia;km;trecho;sentido;tipo_de_acidente;automovel;bicicleta;caminhao;moto;onibus;outros;tracao_animal;transporte_de_cargas_especiais;trator_maquinas;utilitarios;ilesos;levemente_feridos;moderadamente_feridos;gravemente_feridos;mortos
06/08/2017;03:51:00;56;com vítima;578,46;BR-262/MG;Oeste;Colisão Frontal;2;;;;;;;;;;3;1;;;
06/08/2017;16:28:00;369;sem vítima;383,962;BR-262/MG;Oeste;Colisão Lateral;2;;;;;;;;;;3;;;;
06/08/2017;17:08:00;394;sem vítima;0,975;BR-060/GO;Norte;Colisão Frontal;1;;;;;;;;;;1;;;;
06/08/2017;18:15:00;437;com vítima;361,04;BR-262/MG;Leste;Choque - Defensa, barreira ou "submarino";1;;;;;;;;;;0;1;;;
06/08/2017;19:00:00;465;sem vítima;552,7;BR-153/GO;Sul;Objeto lançado contra veículo;2;;;;;1;;;;;4;;;;
06/08/2017;19:22:00;474;sem vítima;803,7;BR-262/MG;Oeste;Engavetamento;3;;;;;;;;;;3;;;;
06/08/2017;21:02:00;525;sem vítima;23,216;BR-060/GO;Norte;Colisão Lateral;1;;;1;;;;;;;5;;;;
06/08/2017;21:03:00;527;sem vítima;505,602;BR-153/GO;Sul;Choque - Defensa, barreira ou "submarino";1;;;;;;;;;;1;;;;
06/08/2017;22:54:00;561;com vítima;95,023;BR-060/GO;Sul;Choque - Defensa, barreira ou "submarino";1;;;;;;;;;;0;2;;;
06/08/2017;23:23:00;569;com vítima;101,096;BR-060/GO;Sul;Capotamento;;;;;;;;;;1;0;4;;;1
07/08/2017;00:46:00;11;sem vítima;553,873;BR-262/MG;Oeste;Tombamento;;;1;;;;;;;;2;;;;
07/08/2017;06:47:00;81;com vítima;9,635;BR-060/DF;Sul;Choque - Defensa, barreira ou "submarino";1;;;;;;;;;;1;;;1;
07/08/2017;07:46:00;107;sem vítima;495,285;BR-153/GO;Sul;Colisão Traseira;3;;;;;;;;;;3;;;;
07/08/2017;08:28:00;133;sem vítima;767,794;BR-262/MG;Leste;Tombamento;;;1;;;;;;;;1;;;;
07/08/2017;08:44:00;143;sem vítima;17,54;BR-153/MG;Norte;Capotamento;1;;;;;;;;;;4;;;;
07/08/2017;10:04:00;204;sem vítima;125,481;BR-060/GO;Norte;Colisão Traseira;1;;;;;;;;;2;3;;;;
07/08/2017;11:29:00;260;com vítima;35,831;BR-060/GO;Norte;Capotamento;1;;;;;;;;;;1;2;;;
07/08/2017;18:05:00;476;com vítima;446,25;BR-262/MG;Leste;Colisão Frontal;1;;;1;;;;;;;1;;;1;
07/08/2017;18:34:00;489;com vítima;509,172;BR-153/GO;Norte;Colisão Traseira;1;;;1;;;;;;;2;1;;;
07/08/2017;18:47:00;496;sem vítima;514,236;BR-153/GO;Norte;Colisão Transversal;2;;;;;;;;;;7;;;;
07/08/2017;19:11:00;506;com vítima;672,472;BR-262/MG;Oeste;Colisão Frontal;1;;1;;;;;;;;0;1;;;1
07/08/2017;19:14:00;508;sem vítima;493,435;BR-153/GO;Sul;Queda de Moto;;;;1;;;;;;;1;;;;
07/08/2017;19:17:00;511;sem vítima;4,11;BR-060/DF;Sul;Colisão Traseira;1;;;;;1;;;;;2;;;;
07/08/2017;23:15:00;583;com vítima;492,89;BR-153/GO;Sul;Queda de Moto;;;;1;;;;;;;0;1;;;
08/08/2017;05:17:00;56;sem vítima;579,9;BR-153/GO;Norte;Colisão Lateral;1;;;;;1;;;;;2;;;;
08/08/2017;08:06:00;114;sem vítima;505,5;BR-153/GO;Norte;Engavetamento;2;;;;;;;;;1;3;;;;
08/08/2017;10:27:00;217;sem vítima;514;BR-153/GO;Norte;Colisão Lateral;1;;;;1;;;;;;2;;;;
08/08/2017;15:00:00;346;sem vítima;98;BR-060/GO;Norte;Objeto lançado contra veículo;;;2;;;;;;;;2;;;;
08/08/2017;16:12:00;390;sem vítima;532,427;BR-262/MG;Leste;Colisão Traseira;2;;;;;;;;;;2;;;;
08/08/2017;17:26:00;430;com vítima;13,423;BR-060/GO;Norte;Colisão Traseira;1;;1;;;;;;;;1;;1;;
08/08/2017;18:40:00;495;sem vítima;97;BR-060/GO;Sul;Colisão Lateral;;;1;1;;;;;;;2;;;;
08/08/2017;19:35:00;520;sem vítima;443;BR-262/MG;Leste;Saida de Pista;1;;;;;;;;;;1;;;;
08/08/2017;23:12:00;613;sem vítima;574;BR-153/GO;Norte;Capotamento;1;;;;;;;;;;1;;;;
08/08/2017;23:54:00;629;com vítima;508,01;BR-153/GO;Norte;Queda de Moto;;;;1;;;;;;;0;;1;;
09/08/2017;05:02:00;73;sem vítima;13,95;BR-060/GO;Sul;Atropelamento de Animal;;;1;;;;;;;;1;;;;
09/08/2017;05:21:00;76;com vítima;652,1;BR-153/GO;Norte;Capotamento;;;;;;;;;;1;0;3;;;
09/08/2017;08:00:00;127;sem vítima;32,5;BR-153/MG;Norte;Saida de Pista;1;;1;;;;;;;;2;;;;
09/08/2017;10:36:00;248;sem vítima;106;BR-060/GO;Norte;Colisão Lateral;3;;;;;;;;;;6;;;;
09/08/2017;13:10:00;323;com vítima;84;BR-060/GO;Norte;Queda de Moto;;;;1;;;;;;;0;1;1;;
09/08/2017;14:18:00;354;sem vítima;98;BR-060/GO;Norte;Colisão Traseira;1;;;;;;;;;1;2;;;;
09/08/2017;16:49:00;449;com vítima;453;BR-262/MG;Leste;Colisão Traseira;1;;;1;;;;;;;3;1;;;
09/08/2017;16:58:00;452;sem vítima;496,18;BR-153/GO;Sul;Colisão Lateral;;;2;;;;;;;;2;;;;
09/08/2017;19:23:00;527;sem vítima;115;BR-060/GO;Norte;Saida de Pista;1;;;;;;;;;;1;;;;
09/08/2017;19:34:00;533;sem vítima;599;BR-153/GO;Sul;Saida de Pista;1;;;;;;;;;;1;;;;
09/08/2017;20:00:00;553;com vítima;1;BR-153/MG;Sul;Colisão Traseira;2;;;;;;;;;;1;4;;;
09/08/2017;21:06:00;584;sem vítima;366;BR-262/MG;Oeste;Colisão Traseira;;;1;;;1;;;;;2;;;;
09/08/2017;21:34:00;598;sem vítima;366;BR-262/MG;Leste;Atropelamento de Animal;1;;;;;;;;;;1;;;;
09/08/2017;21:36:00;600;sem vítima;2,6;BR-060/DF;Norte;Colisão Lateral;;;;1;;1;;;;;2;;;;
09/08/2017;22:01:00;608;com vítima;611;BR-262/MG;Leste;Colisão Lateral;;;1;;;1;;;;;1;1;;;
09/08/2017;22:08:00;611;com vítima;509,5;BR-153/GO;Sul;Queda de Moto;;;;1;;;;;;;0;1;;;
09/08/2017;22:34:00;625;sem vítima;838;BR-262/MG;Oeste;Saida de Pista;1;;;;;;;;;;1;;;;
09/08/2017;23:03:00;640;sem vítima;389;BR-262/MG;Leste;Choque - Defensa, barreira ou "submarino";1;;;;;1;;;;;2;;;;
10/08/2017;05:25:00;79;com vítima;509,163;BR-153/GO;Norte;Colisão Traseira;1;;1;;;;;;;;1;2;;;
10/08/2017;10:08:00;239;sem vítima;549,25;BR-262/MG;Oeste;Choque - Defensa, barreira ou "submarino";1;;;;;;;;;;1;;;;
10/08/2017;10:51:00;268;sem vítima;361,1;BR-262/MG;Oeste;Choque - Elemento de Drenagem;2;;;;;;;;;;4;;;;
10/08/2017;13:14:00;356;sem vítima;78,6;BR-060/GO;Norte;Capotamento;1;;;;;;;;;;1;;;;
10/08/2017;15:04:00;428;com vítima;512,969;BR-153/GO;Sul;Queda de Moto;;;;1;;;;;;;1;1;;;
10/08/2017;15:59:00;460;com vítima;523;BR-262/MG;Leste;Colisão Transversal;;;2;;;;;;;;1;1;;;
10/08/2017;16:40:00;493;com vítima;781;BR-262/MG;Leste;Colisão Traseira;1;;1;;;;;;;;1;1;;;
10/08/2017;16:50:00;498;sem vítima;742,406;BR-262/MG;Leste;Choque - Elemento de Drenagem;;;1;;;;;;;;3;;;;
10/08/2017;18:18:00;556;com vítima;99,389;BR-060/GO;Sul;Tombamento;;;1;;;;;;;;0;1;;;
10/08/2017;18:28:00;561;com vítima;91,771;BR-060/GO;Norte;Atropelamento - Andarilho;;;;1;;;;;;;1;1;;;
10/08/2017;18:29:00;563;sem vítima;507,894;BR-153/GO;Norte;Engavetamento;2;;;;;;;;;1;3;;;;
10/08/2017;18:51:00;572;sem vítima;508,8;BR-153/GO;Norte;Engavetamento;3;;;;;;;;;;4;;;;
10/08/2017;20:57:00;625;com vítima;451,969;BR-262/MG;Oeste;Engavetamento;1;;;;;2;;;;;3;1;;;
10/08/2017;23:29:00;671;com vítima;358,789;BR-262/MG;Oeste;Saida de Pista;1;;;;;;;;;;0;1;;;
11/08/2017;00:57:00;10;sem vítima;674,5;BR-153/GO;Sul;Capotamento;1;;;;;;;;;;2;;;;
11/08/2017;05:46:00;69;com vítima;93,282;BR-060/GO;Sul;Queda de Moto;;;;1;;;;;;;0;1;;;
11/08/2017;07:06:00;99;com vítima;519,404;BR-153/GO;Sul;Capotamento;;;;;;;;;;1;1;1;;;
11/08/2017;07:24:00;110;sem vítima;500,687;BR-153/GO;Norte;Engavetamento;3;;;;;;;;;1;4;;;;
11/08/2017;07:56:00;135;sem vítima;361,21;BR-262/MG;Leste;Choque - Elemento de Drenagem;1;;;;;;;;;;2;;;;
11/08/2017;08:01:00;137;sem vítima;500,411;BR-153/GO;Sul;Engavetamento;2;;;;;;;;;1;3;;;;
11/08/2017;08:53:00;174;sem vítima;505,3;BR-153/GO;Norte;Colisão Traseira;1;;;;;;;;;1;2;;;;
11/08/2017;09:38:00;215;sem vítima;42,599;BR-153/MG;Sul;Colisão Traseira;2;;;;;;;;;;2;;;;
11/08/2017;16:01:00;475;sem vítima;507,9;BR-153/GO;Norte;Colisão Traseira;2;;;;;;;;;;2;;;;
11/08/2017;16:18:00;492;sem vítima;31,8;BR-060/GO;Sul;Colisão Traseira;1;;;;1;;;;;;2;;;;
11/08/2017;16:41:00;503;com vítima;503,835;BR-153/GO;Norte;Colisão Lateral;1;;;1;;;;;;;1;2;;;
11/08/2017;19:04:00;592;com vítima;30,287;BR-060/DF;Norte;Colisão Lateral;;;;2;;;;;;;1;1;;;
11/08/2017;23:11:00;715;sem vítima;406,808;BR-262/MG;Leste;Colisão Traseira;;;2;;;;;;;;2;;;;
11/08/2017;23:39:00;722;com vítima;409,8;BR-262/MG;Leste;Colisão Traseira;;;2;;;;;;;;1;;1;;
12/08/2017;00:35:00;15;sem vítima;458,1;BR-262/MG;Oeste;Atropelamento de Animal;1;;;;;;;;;;1;;;;
12/08/2017;01:02:00;22;com vítima;501,517;BR-153/GO;Sul;Capotamento;2;;;;;;;;;;2;1;;;
12/08/2017;01:17:00;27;sem vítima;167,01;BR-153/MG;Sul;Saida de Pista;1;;;;;;;;;;1;;;;
12/08/2017;04:46:00;89;sem vítima;644,906;BR-262/MG;Oeste;Capotamento;1;;;;;;;;;;1;;;;
12/08/2017;08:09:00;155;sem vítima;89;BR-060/GO;Sul;Colisão Lateral;1;;1;;;;;;;;2;;;;
12/08/2017;08:47:00;173;com vítima;504;BR-153/GO;Norte;Colisão Traseira;2;;;;;;;;;;1;1;;;
12/08/2017;10:22:00;225;com vítima;384,5;BR-262/MG;Leste;Queda de Moto;;;;1;;;;;;;0;1;;;
12/08/2017;11:59:00;257;sem vítima;0,8;BR-060/DF;Sul;Colisão Traseira;1;;;;;;;;;1;3;;;;
12/08/2017;12:38:00;274;com vítima;509,148;BR-153/GO;Sul;Colisão Traseira;1;;;2;;;;;;;1;1;1;1;
12/08/2017;14:15:00;322;com vítima;58,11;BR-153/MG;Norte;Colisão Traseira;1;;1;;;;;;;;1;2;;;
12/08/2017;14:45:00;338;sem vítima;824,875;BR-262/MG;Oeste;Queda de Moto;;;;1;;;;;;;2;;;;
12/08/2017;15:00:00;352;com vítima;532;BR-153/GO;Sul;Queda de Moto;;;;1;;;;;;;0;2;;;
12/08/2017;17:47:00;445;sem vítima;434,95;BR-262/MG;Oeste;Colisão Traseira;2;;;;;;;;;;7;;;;
12/08/2017;18:48:00;473;com vítima;12,26;BR-153/MG;Sul;Saida de Pista;1;;1;;;;;;;;1;1;;;
12/08/2017;19:01:00;479;com vítima;512,19;BR-153/GO;Norte;Atropelamento de Animal;;;;1;;;;;;;0;1;;;
12/08/2017;19:20:00;490;com vítima;825;BR-262/MG;Leste;Saida de Pista;1;;;;;;;;;;1;;1;;
12/08/2017;19:23:00;493;com vítima;441;BR-262/MG;Leste;Queda de Moto;;;;1;;;;;;;0;1;;;
12/08/2017;20:34:00;537;com vítima;505,116;BR-262/MG;Oeste;Tombamento;;;1;;;;;;;;0;1;;;
12/08/2017;21:05:00;555;com vítima;238,796;BR-153/MG;Sul;Saida de Pista;1;;;;;1;;;;;2;2;;;
12/08/2017;21:40:00;575;com vítima;653,3;BR-262/MG;Leste;Capotamento;1;;;;;;;;;;0;2;;;
12/08/2017;21:42:00;576;com vítima;572;BR-262/MG;Leste;Queda de Ciclista;;;;1;;;;;;;0;1;;;
12/08/2017;21:46:00;577;com vítima;511,125;BR-153/GO;Sul;Queda de Moto;;;;1;;;;;;;0;2;;;
13/08/2017;01:36:00;15;com vítima;4,303;BR-060/DF;Sul;Colisão Transversal;2;;;;;;;;;;2;2;;;
13/08/2017;05:48:00;67;sem vítima;4;BR-153/MG;Sul;Queda de Moto;;;;1;;;;;;;2;;;;
13/08/2017;07:34:00;95;com vítima;678,023;BR-262/MG;Leste;Colisão Transversal;2;;;;;;;;;;3;3;;;
13/08/2017;10:17:00;163;sem vítima;57,591;BR-060/GO;Norte;Queda de Moto;;;;1;;;;;;;1;;;;
13/08/2017;11:01:00;187;com vítima;245,089;BR-153/MG;Norte;Colisão Lateral;1;;1;;;;;;;;1;1;;;
13/08/2017;11:35:00;202;com vítima;506,693;BR-153/GO;Sul;Capotamento;1;;1;;;;;;;;2;1;;;
13/08/2017;15:14:00;316;sem vítima;20,678;BR-060/DF;Sul;Capotamento;1;;;;;;;;;;4;;;;
13/08/2017;15:21:00;320;com vítima;163,8;BR-153/MG;Sul;Queda de Moto;;;;1;;;;;;;0;1;;;
13/08/2017;15:42:00;338;sem vítima;2,392;BR-060/DF;Sul;Colisão Lateral;1;;;1;;;;;;;2;;;;
13/08/2017;16:01:00;347;sem vítima;25;BR-153/MG;Sul;Colisão Lateral;2;;;;;;;;;;4;;;;
13/08/2017;17:26:00;411;sem vítima;3;BR-060/DF;Norte;Colisão Traseira;2;;;;;;;;;;2;;;;
13/08/2017;17:52:00;426;sem vítima;3;BR-060/DF;Sul;Engavetamento;4;;;;;;;;;;4;;;;
13/08/2017;19:50:00;493;com vítima;580,55;BR-153/GO;Sul;Colisão Lateral;1;;1;;;;;;;;3;;1;;1
13/08/2017;20:00:00;499;com vítima;86,721;BR-060/GO;Sul;Tombamento;;;1;;;;;;;;0;;1;;
13/08/2017;20:44:00;518;sem vítima;31,836;BR-060/GO;Norte;Colisão Traseira;1;;;;;1;;;;;2;;;;
14/08/2017;00:05:00;2;com vítima;547,496;BR-262/MG;Leste;Tombamento;;;1;;;;;;;;0;;1;;
14/08/2017;01:29:00;27;sem vítima;244,146;BR-153/MG;Norte;Colisão Frontal;;;;;1;;;;;;43;;;;
14/08/2017;03:12:00;48;sem vítima;505,295;BR-153/GO;Norte;Saida de Pista;1;;;;;;;;;;1;;;;
14/08/2017;10:01:00;246;sem vítima;109,132;BR-060/GO;Sul;Choque - Outros;;;1;;;;;;;;2;;;;
14/08/2017;14:14:00;393;sem vítima;510,17;BR-153/GO;Sul;Queda de Moto;;;;1;;;;;;;1;;;;
14/08/2017;15:35:00;446;sem vítima;33,178;BR-153/MG;Norte;Tombamento;;;1;;;;;;;;1;;;;
14/08/2017;19:03:00;566;sem vítima;447,038;BR-262/MG;Oeste;Colisão Transversal;2;;;;;;;;;;3;;;;
14/08/2017;20:07:00;588;sem vítima;47,646;BR-060/GO;Norte;Colisão Lateral;2;;;;;;;;;;3;;;;
14/08/2017;21:16:00;609;sem vítima;29,048;BR-060/DF;Norte;Capotamento;2;;;;;;;;;;3;;;;
15/08/2017;05:44:00;88;sem vítima;556,882;BR-262/MG;Leste;Choque - Elemento de Drenagem;;;1;;;;;;;;1;;;;
15/08/2017;06:14:00;100;sem vítima;389,109;BR-262/MG;Oeste;Colisão Traseira;1;;1;;;;;;;;2;;;;
15/08/2017;07:36:00;133;com vítima;95,311;BR-060/GO;Sul;Engavetamento;2;;;1;;;;;;;5;1;;;
15/08/2017;08:00:00;145;com vítima;94,054;BR-060/GO;Sul;Colisão Traseira;;;;1;;;;;;;0;1;;;
15/08/2017;08:45:00;187;com vítima;367,5;BR-262/MG;Leste;Choque - Defensa, barreira ou "submarino";1;;;;;;;;;;0;1;;;
15/08/2017;11:51:00;312;sem vítima;376,1;BR-262/MG;Leste;Colisão Traseira;1;;;1;;;;;;;2;;;;
15/08/2017;14:58:00;441;com vítima;8;BR-153/MG;Sul;Choque - Outros;1;;;;;;;;;;0;1;;;
15/08/2017;15:46:00;491;sem vítima;476;BR-262/MG;Leste;Colisão Traseira;2;;;;;;;;;;5;;;;
15/08/2017;18:07:00;574;sem vítima;133,479;BR-060/GO;Norte;Colisão Lateral;1;;1;;;;;;;;2;;;;
15/08/2017;18:11:00;579;com vítima;579,17;BR-262/MG;Leste;Tombamento;;;1;;;;;;;;1;1;;;
15/08/2017;18:12:00;580;com vítima;106,201;BR-153/MG;Sul;Atropelamento - Usuário;;;1;;;;;;;;1;;1;;
15/08/2017;18:45:00;597;sem vítima;136,417;BR-060/GO;Sul;Saida de Pista;1;;;;;;;;;;1;;;;
15/08/2017;19:17:00;608;sem vítima;30,9;BR-153/MG;Sul;Capotamento;1;;;;;;;;;;1;;;;
16/08/2017;05:34:00;77;sem vítima;413;BR-262/MG;Leste;Colisão Traseira;;;;;;1;;;;1;15;;;;
16/08/2017;06:07:00;86;com vítima;99;BR-153/MG;Norte;Colisão Traseira;;;1;;;;;;;1;1;1;;1;
16/08/2017;09:43:00;198;sem vítima;119,3;BR-060/GO;Sul;Colisão Traseira;1;;2;;;;;;;;3;;;;
16/08/2017;09:53:00;203;sem vítima;61,001;BR-060/GO;Sul;Colisão Traseira;1;;;;;1;;;;;2;;;;
16/08/2017;10:33:00;231;sem vítima;17;BR-060/GO;Sul;Colisão Traseira;1;;1;;;;;;;;2;;;;
16/08/2017;13:04:00;303;sem vítima;31;BR-060/GO;Sul;Colisão Traseira;1;;;1;;;;;;;2;;;;
16/08/2017;13:31:00;313;com vítima;553,178;BR-153/GO;Sul;Colisão Traseira;1;;1;;;;;;;;1;;;;1
16/08/2017;15:16:00;369;com vítima;501,152;BR-153/GO;Norte;Queda de Moto;;;;1;;;;;;;0;1;;;
16/08/2017;15:45:00;388;sem vítima;416;BR-262/MG;Leste;Choque - Defensa, barreira ou "submarino";;;1;;;;;;;;1;;;;
16/08/2017;17:36:00;454;com vítima;109,1;BR-060/GO;Sul;Choque - Suporte de Sinalização;;1;;;;;;;;;0;1;;;
16/08/2017;18:18:00;474;sem vítima;493,172;BR-153/GO;Norte;Colisão Traseira;2;;;;;;;;;;2;;;;
16/08/2017;19:14:00;506;sem vítima;499,25;BR-153/GO;Norte;Queda de Ciclista;;;;1;;;;;;;1;;;;
16/08/2017;20:18:00;539;sem vítima;382,668;BR-262/MG;Oeste;Saida de Pista;1;;;;;;;;;;2;;;;
16/08/2017;20:22:00;541;sem vítima;526;BR-153/GO;Sul;Queda de Ciclista;;;;1;;;;;;;2;;;;
17/08/2017;06:08:00;93;sem vítima;528,1;BR-153/GO;Norte;Colisão Lateral;1;;;;;1;;;;;3;;;;
17/08/2017;11:01:00;359;sem vítima;563,3;BR-153/GO;Sul;Choque - Outros;1;;;;;;;;;;1;;;;
17/08/2017;11:34:00;387;sem vítima;500,5;BR-153/GO;Sul;Engavetamento;2;;1;;;;;;;;5;;;;
17/08/2017;15:26:00;549;com vítima;544;BR-262/MG;Leste;Capotamento;2;;;;;;;;;;4;1;;;
17/08/2017;17:00:00;620;com vítima;234;BR-153/MG;Norte;Tombamento;;;1;;;;;;;;0;1;;;
17/08/2017;17:09:00;627;com vítima;37,861;BR-060/GO;Norte;Colisão Traseira;1;;1;;;;;;;;1;;1;;
17/08/2017;18:32:00;683;sem vítima;1;BR-153/MG;Sul;Colisão Traseira;1;;;;;1;;;;;2;;;;
17/08/2017;19:30:00;701;sem vítima;188,4;BR-153/MG;Sul;Saida de Pista;1;;;;;;;;;;5;;;;
17/08/2017;19:48:00;713;sem vítima;354,733;BR-262/MG;Oeste;Atropelamento de Animal;;;1;;;;;;;;1;;;;
17/08/2017;20:28:00;733;sem vítima;453,15;BR-262/MG;Oeste;Atropelamento de Animal;1;;;;;;;;;;1;;;;
17/08/2017;20:41:00;737;sem vítima;23,782;BR-060/DF;Norte;Saida de Pista;1;;;;;;;;;;1;;;;
17/08/2017;22:37:00;783;sem vítima;119;BR-060/GO;Norte;Capotamento;1;;;;;;;;;;1;;;;
17/08/2017;23:46:00;814;com vítima;56,025;BR-060/GO;Norte;Capotamento;;;;;;;;;;1;0;1;;;
17/08/2017;23:50:00;818;com vítima;95,939;BR-060/GO;Sul;Atropelamento - Andarilho;3;;;1;;;;;;;4;;;1;
18/08/2017;01:16:00;20;sem vítima;360,679;BR-262/MG;Leste;Atropelamento de Animal;1;;;;;;;;;;1;;;;
18/08/2017;08:08:00;159;sem vítima;508,199;BR-153/GO;Norte;Queda de Moto;;;;1;;;;;;;2;;;;
18/08/2017;14:56:00;488;sem vítima;91,809;BR-060/GO;Norte;Choque - Elemento de Drenagem;1;;;;;;;;;;5;;;;
18/08/2017;15:49:00;522;com vítima;700,32;BR-153/GO;Norte;Colisão Lateral;1;;3;;;;;;;;4;;;1;
18/08/2017;17:21:00;576;sem vítima;442;BR-262/MG;Oeste;Choque - Suporte de Sinalização;2;;;;;;;;;;2;;;;
18/08/2017;18:40:00;621;sem vítima;501,226;BR-153/GO;Sul;Engavetamento;3;;;;;;;;;;3;;;;
18/08/2017;20:38:00;691;com vítima;575,998;BR-153/GO;Sul;Choque - Talude;1;;;;;;;;;;1;3;;;
19/08/2017;03:48:00;51;sem vítima;496,292;BR-153/GO;Sul;Colisão Traseira;1;;1;;;;;;;;3;;;;
19/08/2017;05:54:00;75;sem vítima;95,784;BR-060/GO;Norte;Tombamento;;;;;1;;;;;;1;;;;
19/08/2017;07:38:00;115;sem vítima;170,821;BR-153/MG;Norte;Choque - Arvore;1;;;;;;;;;;1;;;;
19/08/2017;09:42:00;236;sem vítima;500,361;BR-153/GO;Sul;Colisão Traseira;2;;;;;;;;;;2;;;;
19/08/2017;09:50:00;244;sem vítima;136,2;BR-153/MG;Sul;Colisão Traseira;2;;;;;;;;;;2;;;;
19/08/2017;10:24:00;277;sem vítima;490,2;BR-153/GO;Sul;Choque - Veiculo parado na pista;1;;1;;;;;;;;2;;;;
19/08/2017;14:08:00;406;sem vítima;94,174;BR-060/GO;Norte;Saida de Pista;1;;;;;;;;;;5;;;;
19/08/2017;14:51:00;436;sem vítima;131;BR-060/GO;Norte;Colisão Traseira;2;;;;;;;;;;2;;;;
19/08/2017;17:33:00;544;sem vítima;117,892;BR-060/GO;Norte;Colisão Transversal;2;;;;;;;;;;2;;;;
19/08/2017;18:44:00;587;sem vítima;604,5;BR-153/GO;Sul;Capotamento;1;;;;;;;;;;1;;;;
19/08/2017;18:58:00;590;sem vítima;30,747;BR-153/MG;Sul;Saida de Pista;1;;;;;;;;;;1;;;;
19/08/2017;19:17:00;597;com vítima;4,338;BR-060/DF;Sul;Colisão Traseira;2;;;;;;;;;;0;2;;;
19/08/2017;19:35:00;604;com vítima;0,551;BR-060/DF;Sul;Colisão Lateral;2;;;;;;;;;;1;3;;;
19/08/2017;22:48:00;690;sem vítima;133,153;BR-060/GO;Norte;Colisão Traseira;;1;;1;;;;;;;2;;;;
20/08/2017;00:28:00;12;com vítima;100,8;BR-060/GO;Norte;Atropelamento de Animal;1;;;;;;;;;;1;2;2;;
20/08/2017;02:04:00;46;sem vítima;519,001;BR-153/GO;Norte;Saida de Pista;1;;;;;;;;;;1;;;;
20/08/2017;04:53:00;105;sem vítima;0,598;BR-060/GO;Norte;Saida de Pista;;;;;;;;;;1;1;;;;
20/08/2017;05:23:00;115;com vítima;507,143;BR-153/GO;Sul;Capotamento;1;;;;;;;;;;1;2;;;
20/08/2017;05:55:00;122;sem vítima;502,9;BR-153/GO;Sul;Engavetamento;3;;;;;;;;;;3;;;;
20/08/2017;08:41:00;172;com vítima;424,95;BR-262/MG;Leste;Queda de Moto;;;;1;;;;;;;0;2;;;
20/08/2017;11:48:00;247;com vítima;505,961;BR-262/MG;Oeste;Capotamento;;;;;;;;;;1;0;1;;1;
20/08/2017;15:36:00;349;sem vítima;119,12;BR-060/GO;Sul;Choque - Defensa, barreira ou "submarino";1;;;;;;;;;;1;;;;
20/08/2017;18:07:00;432;com vítima;535;BR-153/GO;Norte;Queda de Moto;;;;1;;;;;;;0;1;;;
20/08/2017;18:16:00;441;com vítima;411,626;BR-262/MG;Leste;Queda de Ciclista;;;;1;;;;;;;0;2;;;
20/08/2017;18:59:00;465;com vítima;490,909;BR-153/GO;Norte;Capotamento;1;;;;;;;;;;0;;;;1
20/08/2017;19:14:00;470;sem vítima;417;BR-262/MG;Leste;Capotamento;1;;;;;;;;;;1;;;;
20/08/2017;19:39:00;480;sem vítima;528,01;BR-262/MG;Leste;Capotamento;1;;;;;;;;;;2;;;;
21/08/2017;01:11:00;20;sem vítima;381,631;BR-262/MG;Oeste;Saida de Pista;1;;;;;;;;;;1;;;;
21/08/2017;02:30:00;33;com vítima;84,11;BR-060/GO;Norte;Capotamento;1;;;;;;;;;;1;1;;;
21/08/2017;06:41:00;95;com vítima;515,27;BR-153/GO;Sul;Colisão Traseira;2;;;;;;;;;;2;1;;;
21/08/2017;07:29:00;109;sem vítima;532,449;BR-153/GO;Sul;Saida de Pista;1;;;;;;;;;;1;;;;
21/08/2017;08:26:00;146;sem vítima;445;BR-262/MG;Leste;Choque - Defensa, barreira ou "submarino";2;;1;;;;;;;;3;;;;
21/08/2017;09:49:00;189;sem vítima;364,4;BR-262/MG;Leste;Carreta deu L;;;1;;;;;;;;1;;;;
21/08/2017;14:22:00;327;com vítima;69,393;BR-060/GO;Norte;Saida de Pista;1;;;;;;;;;;0;1;;;
21/08/2017;14:50:00;339;com vítima;490,714;BR-153/GO;Sul;Atropelamento - Morador;;;;;1;;;;;;1;;;;1
21/08/2017;18:25:00;441;com vítima;437,746;BR-262/MG;Oeste;Colisão Traseira;1;;;1;;;;;;;2;1;;;
21/08/2017;19:36:00;461;sem vítima;562,25;BR-153/GO;Norte;Choque - Outros;1;;;;;;;;;;1;;;;
21/08/2017;23:02:00;533;sem vítima;590;BR-153/GO;Sul;Colisão Traseira;;;2;;;;;;;;2;;;;
22/08/2017;03:53:00;45;com vítima;658,18;BR-153/GO;Sul;Tombamento;;;2;;;;;;;;1;;;1;
22/08/2017;04:46:00;57;com vítima;693;BR-262/MG;Leste;Colisão Traseira;1;;;;;1;;;;;2;1;;;
22/08/2017;11:09:00;231;sem vítima;92;BR-060/GO;Sul;Colisão Traseira;1;;;1;;;;;;;2;;;;
22/08/2017;11:11:00;232;sem vítima;514,3;BR-153/GO;Norte;Colisão Transversal;1;;1;;;;;;;;2;;;;
22/08/2017;18:38:00;492;com vítima;28,1;BR-153/MG;Norte;Queda de Moto;;;;1;;1;;;;;1;;1;;
22/08/2017;18:43:00;495;com vítima;506;BR-262/MG;Oeste;Capotamento;1;;;;;1;;;;;2;3;1;;
22/08/2017;18:53:00;501;com vítima;359,1;BR-262/MG;Oeste;Engavetamento;5;;1;;;;;;;;4;3;;;