data;horario;n_da_ocorrencia;tipo_de_ocorrencia;km;trecho;sentido;tipo_de_acidente;automovel;bicicleta;caminhao;moto;onibus;outros;tracao_animal;transporte_de_cargas_especiais;trator_maquinas;utilitarios;ilesos;levemente_feridos;moderadamente_feridos;gravemente_feridos;mortos
28/09/2017;23:04:00;681;com vítima;485,32;BR-262/MG;Leste;Tombamento;;;1;;;;;;;;0;1;;;
28/09/2017;18:41:00;548;sem vítima;506,2;BR-153/GO;Sul;Colisão Traseira;2;;;;;;;;;;7;;;;
28/09/2017;14:31:00;431;sem vítima;520,945;BR-153/GO;Norte;Choque - Defensa, barreira ou "submarino";1;;;;;;;;;;1;;;;
28/09/2017;07:52:00;142;com vítima;697,1;BR-262/MG;Oeste;Capotamento;1;;;;;;;;;;0;2;;;
28/09/2017;06:37:00;99;com vítima;790;BR-262/MG;Leste;Colisão Traseira;2;;;;;;;;;;6;1;;;
29/09/2017;20:56:00;562;sem vítima;1;BR-153/MG;Sul;Saida de Pista;1;;;;;;;;;;1;;;;
29/09/2017;09:59:00;192;com vítima;4,3;BR-060/DF;Sul;Colisão Traseira;1;;;1;;;;;;;1;1;;;
29/09/2017;01:31:00;20;com vítima;5;BR-060/DF;Sul;Saida de Pista;;;1;;;;;;;;0;1;;;
29/09/2017;20:52:00;558;com vítima;11,4;BR-060/DF;Sul;Colisão Traseira;1;;;1;;;;;;;1;;1;;
29/09/2017;19:34:00;525;sem vítima;35;BR-060/GO;Sul;Saida de Pista;1;;;;;;;;;;1;;;;
29/09/2017;18:49:00;508;com vítima;58;BR-153/MG;Sul;Saida de Pista;;;;;;;;;;1;0;2;;;
29/09/2017;19:49:00;533;sem vítima;58;BR-153/MG;Sul;Saida de Pista;;;1;;;;;;;;1;;;;
29/09/2017;20:29:00;547;sem vítima;81;BR-153/MG;Sul;Saida de Pista;1;;;;;;;;;;2;;;;
29/09/2017;14:28:00;370;sem vítima;102,5;BR-153/MG;Sul;Saida de Pista;1;;;;;;;;;;2;;;;
29/09/2017;17:50:00;467;sem vítima;243,001;BR-153/MG;Sul;Queda de Moto;;;;1;;;;;;;1;;;;
29/09/2017;23:01:00;623;sem vítima;366;BR-262/MG;Oeste;Atropelamento de Animal;1;;;;;;;;;;1;;;;
29/09/2017;12:13:00;281;sem vítima;369;BR-262/MG;Leste;Choque - Defensa, barreira ou "submarino";1;;;;;;;;;;1;;;;
29/09/2017;13:48:00;345;com vítima;433,5;BR-262/MG;Oeste;Queda de Ciclista;;;;1;;;;;;;0;2;;;
29/09/2017;02:47:00;35;sem vítima;485,9;BR-262/MG;Oeste;Tombamento;;;1;;;;;;;;1;;;;
29/09/2017;18:40:00;503;sem vítima;491;BR-153/GO;Norte;Colisão Traseira;2;;;;;;;;;;2;;;;
29/09/2017;17:00:00;445;sem vítima;493;BR-153/GO;Norte;Queda de Moto;;;;1;;;;;;;1;;;;
29/09/2017;18:32:00;499;sem vítima;495,5;BR-153/GO;Sul;Colisão Frontal;2;;;;;;;;;;2;;;;
29/09/2017;08:34:00;130;com vítima;500,048;BR-153/GO;Sul;Queda de Moto;;;;1;;;;;;;0;1;;;
29/09/2017;19:36:00;526;com vítima;514;BR-153/GO;Sul;Queda de Moto;;;;1;;;;;;;1;1;;;
29/09/2017;23:09:00;628;com vítima;514,1;BR-153/GO;Norte;Queda de Moto;;;;1;;;;;;;0;1;;;
29/09/2017;12:48:00;299;com vítima;514,3;BR-153/GO;Sul;Queda de Moto;;;1;1;;;;;;;1;1;;;
29/09/2017;22:25:00;605;sem vítima;598;BR-153/GO;Sul;Choque - Talude;1;;;;;;;;;;1;;;;
29/09/2017;10:07:00;197;com vítima;620,799;BR-153/GO;Sul;Choque - Suporte de Sinalização;1;;;;;;;;;;0;1;;;
29/09/2017;23:39:00;638;sem vítima;632;BR-262/MG;Leste;Saida de Pista;1;;;;;;;;;;1;;;;
30/09/2017;04:20:00;72;com vítima;2,7;BR-060/DF;Sul;Capotamento;1;;;;;;;;;;1;1;;;
30/09/2017;23:29:00;548;com vítima;74,1;BR-060/GO;Norte;Capotamento;1;;;;;;;;;;1;1;;;
30/09/2017;10:33:00;222;sem vítima;75,599;BR-153/MG;Norte;Choque - Suporte de Sinalização;1;;;;;;;;;;1;;;;
30/09/2017;00:15:00;8;com vítima;76,5;BR-153/MG;Sul;Saida de Pista;1;;;;;;;;;;1;1;;;
30/09/2017;21:56:00;518;sem vítima;93;BR-060/GO;Norte;Saida de Pista;1;;;;;;;;;;1;;;;
30/09/2017;10:11:00;216;com vítima;94;BR-060/GO;Sul;Colisão Traseira;;1;;;;;;;;1;1;1;;;
30/09/2017;22:21:00;530;com vítima;97,25;BR-060/GO;Sul;Queda de Moto;;;;1;;;;;;;1;1;;;
30/09/2017;20:47:00;496;com vítima;118,081;BR-060/GO;Sul;Atropelamento - Sem Informação;;;;;;1;;;;;1;;;;1
30/09/2017;12:09:00;267;com vítima;128,3;BR-060/GO;Norte;Saida de Pista;1;;;;;;;;;;0;2;;;
30/09/2017;11:42:00;256;sem vítima;365,4;BR-262/MG;Oeste;Choque - Defensa, barreira ou "submarino";1;;;;;;;;;;1;;;;
30/09/2017;12:51:00;291;sem vítima;382;BR-262/MG;Oeste;Saida de Pista;1;;;;;;;;;;1;;;;
30/09/2017;18:59:00;449;sem vítima;382,468;BR-262/MG;Oeste;Saida de Pista;1;;;;;;;;;;1;;;;
30/09/2017;13:40:00;315;com vítima;425;BR-262/MG;Leste;Saida de Pista;1;;;;;;;;;;2;2;;;
30/09/2017;11:47:00;259;sem vítima;426,5;BR-262/MG;Leste;Tombamento;1;;;;;;;;;;1;;;;
30/09/2017;03:26:00;56;sem vítima;435;BR-262/MG;Oeste;Saida de Pista;1;;;;;;;;;;2;;;;
30/09/2017;16:19:00;387;sem vítima;436;BR-262/MG;Oeste;Colisão Lateral;;;;;1;;;;;1;2;;;;
30/09/2017;11:21:00;248;com vítima;437,5;BR-262/MG;Leste;Tombamento;;;1;;;;;;;;1;2;;;
30/09/2017;15:49:00;377;sem vítima;438;BR-262/MG;Leste;Colisão Traseira;1;;;;;;;;;1;2;;;;
30/09/2017;10:35:00;224;sem vítima;443;BR-262/MG;Oeste;Saida de Pista;1;;;;;;;;;;1;;;;
30/09/2017;11:35:00;253;sem vítima;448,5;BR-262/MG;Leste;Colisão Traseira;3;;;;;;;;;;3;;;;
30/09/2017;12:30:00;281;sem vítima;500,5;BR-153/GO;Sul;Colisão Lateral;1;;;;1;;;;;;2;;;;
30/09/2017;13:19:00;307;sem vítima;501;BR-153/GO;Norte;Saida de Pista;;;;;;;;;;1;4;;;;
30/09/2017;19:36:00;467;sem vítima;512,8;BR-153/GO;Norte;Colisão Traseira;1;;;;;1;;;;;2;;;;
30/09/2017;08:48:00;181;sem vítima;525,2;BR-262/MG;Oeste;Saida de Pista;1;;;;;;;;;;2;;;;
30/09/2017;15:10:00;357;sem vítima;534;BR-262/MG;Oeste;Saida de Pista;1;;;;;;;;;;1;;;;
30/09/2017;09:19:00;198;sem vítima;537,9;BR-262/MG;Oeste;Capotamento;1;;;;;;;;;;1;;;;
30/09/2017;14:24:00;336;sem vítima;548;BR-262/MG;Leste;Choque - Suporte de Sinalização;1;;;;;;;;;;3;;;;
30/09/2017;18:08:00;436;com vítima;549,6;BR-262/MG;Leste;Saida de Pista;1;;1;;;;;;;;3;;1;;
30/09/2017;06:17:00;111;com vítima;587,1;BR-262/MG;Leste;Capotamento;1;;;;;;;;;;0;2;1;;
30/09/2017;12:56:00;294;sem vítima;591;BR-262/MG;Leste;Saida de Pista;1;;;;;;;;;;1;;;;
30/09/2017;04:35:00;77;sem vítima;593;BR-153/GO;Sul;Capotamento;1;;;;;;;;;;1;;;;
30/09/2017;12:48:00;289;sem vítima;594,48;BR-262/MG;Leste;Choque - Defensa, barreira ou "submarino";;;1;;;;;;;;1;;;;
30/09/2017;15:05:00;356;sem vítima;595,6;BR-262/MG;Oeste;Tombamento;;;1;;;;;;;;1;;;;
30/09/2017;02:50:00;41;sem vítima;611;BR-262/MG;Oeste;Saida de Pista;;;1;;;;;;;;1;;;;
30/09/2017;01:42:00;30;com vítima;611,5;BR-262/MG;Oeste;Tombamento;;;1;;;;;;;;0;1;;;
30/09/2017;10:18:00;219;sem vítima;643,2;BR-262/MG;Oeste;Tombamento;;;1;;;;;;;;1;;;;
30/09/2017;07:55:00;143;com vítima;675;BR-262/MG;Leste;Capotamento;1;;;;;;;;;;0;1;;;
30/09/2017;14:25:00;337;sem vítima;748,1;BR-262/MG;Leste;Colisão Traseira;;;2;;;;;;;;2;;;;
30/09/2017;19:22:00;459;sem vítima;802;BR-262/MG;Oeste;Atropelamento de Animal;1;;;;;;;;;;4;;;;
01/10/2017;00:35:00;7;com vítima;558,059;BR-153/GO;Norte;Colisão Traseira;;;2;;;;;;;1;2;1;;;
01/10/2017;00:50:00;9;com vítima;382;BR-262/MG;Oeste;Capotamento;1;;;;;;;;;;0;;1;;
01/10/2017;02:14:00;18;com vítima;432,468;BR-262/MG;Oeste;Capotamento;1;;;;;;;;;;0;1;;;
01/10/2017;04:38:00;45;sem vítima;444,767;BR-262/MG;Oeste;Colisão Traseira;2;;;;;;;;;;2;;;;
01/10/2017;06:13:00;73;sem vítima;376,155;BR-262/MG;Oeste;Choque - Elemento de Drenagem;1;;;;;;;;;;1;;;;
01/10/2017;06:41:00;88;com vítima;408,668;BR-262/MG;Leste;Colisão Traseira;1;1;;;;;;;;;2;;1;;
01/10/2017;07:48:00;121;com vítima;237,5;BR-153/MG;Norte;Capotamento;1;;;;;;;;;;1;4;;;
01/10/2017;16:25:00;465;sem vítima;368,141;BR-262/MG;Leste;Choque - Suporte de Sinalização;1;;;;;;;;;;1;;;;
01/10/2017;17:43:00;516;sem vítima;237,5;BR-153/MG;Sul;Colisão Lateral;2;;;;;;;;;;3;;;;
01/10/2017;17:50:00;523;com vítima;439,1;BR-262/MG;Leste;Colisão Traseira;;;1;1;;;;;;;1;;1;;
01/10/2017;19:39:00;575;sem vítima;17;BR-060/GO;Sul;Saida de Pista;1;;;;;;;;;;1;;;;
01/10/2017;20:04:00;586;sem vítima;553;BR-153/GO;Norte;Colisão Traseira;1;;;;;;;;;1;2;;;;
01/10/2017;21:40:00;622;sem vítima;53;BR-060/GO;Norte;Choque - Defensa, barreira ou "submarino";1;;;;;;;;;;2;;;;
01/10/2017;21:56:00;627;sem vítima;675;BR-153/GO;Norte;Choque - Elemento de Drenagem;;;;;;;;;;1;2;;;;
02/10/2017;00:07:00;2;com vítima;793,765;BR-262/MG;Oeste;Atropelamento de Animal;1;;;;;;;;;;2;2;;;
02/10/2017;06:53:00;96;sem vítima;505,373;BR-153/GO;Norte;Colisão Traseira;1;;1;;;;;;;;2;;;;
02/10/2017;07:06:00;106;com vítima;506,403;BR-153/GO;Sul;Colisão Traseira;1;;;1;;;;;;;1;;;2;
02/10/2017;07:37:00;120;sem vítima;496,618;BR-153/GO;Norte;Colisão Traseira;2;;;;;;;;;;2;;;;
02/10/2017;07:52:00;127;sem vítima;792,763;BR-262/MG;Leste;Capotamento;1;;1;;;;;;;;2;;;;
02/10/2017;07:56:00;129;com vítima;451,527;BR-262/MG;Oeste;Queda de Ciclista;;;;1;;;;;;;0;2;;;
02/10/2017;07:58:00;131;sem vítima;575;BR-262/MG;Leste;Colisão Lateral;;;1;;;;;;;1;2;;;;
02/10/2017;09:17:00;194;sem vítima;368,352;BR-262/MG;Leste;Choque - Suporte de Sinalização;1;;;;;;;;;;1;;;;
02/10/2017;11:23:00;270;com vítima;188;BR-153/MG;Sul;Choque - Talude;;;1;;;;;;;;0;;;;1
02/10/2017;12:06:00;296;sem vítima;501;BR-153/GO;Sul;Colisão Lateral;1;;;1;;;;;;;2;;;;
02/10/2017;12:34:00;310;sem vítima;42,212;BR-153/MG;Norte;Choque - Elemento de Drenagem;1;;;;;;;;;;1;;;;
02/10/2017;13:33:00;349;com vítima;508,614;BR-153/GO;Sul;Colisão Traseira;;;1;1;;;;;;;0;2;;;
02/10/2017;13:48:00;357;sem vítima;580;BR-153/GO;Sul;Colisão Traseira;1;;;;;;;;;;1;;;;
02/10/2017;14:01:00;362;sem vítima;387,7;BR-262/MG;Oeste;Colisão Traseira;2;;;;;;;;;;5;;;;
02/10/2017;14:23:00;375;sem vítima;507,925;BR-153/GO;Norte;Engavetamento;3;;;;;;;;;;3;;;;
02/10/2017;14:35:00;383;sem vítima;517;BR-153/GO;Norte;Choque - Elemento de Drenagem;;;1;;;;;;;;1;;;;
02/10/2017;14:43:00;389;sem vítima;116,149;BR-060/GO;Norte;Tombamento;;;1;;;;;;;;1;;;;
02/10/2017;15:26:00;408;sem vítima;23;BR-060/GO;Norte;Colisão Traseira;2;;;;;;;;;;2;;;;
02/10/2017;15:59:00;428;com vítima;801,9;BR-262/MG;Leste;Colisão Traseira;1;;;;;;;;;1;6;1;;;
02/10/2017;14:43:00;429;sem vítima;116,149;BR-060/GO;Norte;Saida de Pista;;;1;;;;;;;;1;;;;
02/10/2017;16:13:00;437;sem vítima;558;BR-153/GO;Norte;Choque - Elemento de Drenagem;1;;;;;;;;;;1;;;;
02/10/2017;17:00:00;462;sem vítima;575;BR-262/MG;Leste;Tombamento;;;1;;;;;;;;1;;;;
02/10/2017;17:04:00;466;com vítima;399,468;BR-262/MG;Oeste;Queda de Moto;;;;1;;;;;;;0;1;;;
02/10/2017;17:33:00;485;sem vítima;134,457;BR-060/GO;Sul;Capotamento;1;;;;;;;;;;1;;;;
02/10/2017;17:37:00;488;sem vítima;511;BR-153/GO;Sul;Choque - Defensa, barreira ou "submarino";;;1;;;1;;;;;2;;;;
02/10/2017;17:39:00;489;sem vítima;543,5;BR-262/MG;Leste;Choque - Arvore;1;;;;;;;;;;1;;;;
02/10/2017;18:51:00;533;com vítima;430,79;BR-262/MG;Oeste;Choque - Outros;1;;;;;;;;;;0;;1;;1
02/10/2017;19:18:00;552;sem vítima;96;BR-060/GO;Norte;Colisão Lateral;1;;1;;;;;;;;2;;;;
02/10/2017;20:06:00;578;sem vítima;444,1;BR-262/MG;Oeste;Saida de Pista;1;;;;;;;;;;1;;;;
02/10/2017;21:46:00;612;sem vítima;127,851;BR-060/GO;Sul;Colisão Traseira;1;;;;;1;;;;;2;;;;
02/10/2017;22:42:00;635;sem vítima;89,1;BR-153/MG;Sul;Colisão Traseira;;;2;;;;;;;;2;;;;
03/10/2017;01:29:00;17;sem vítima;90,9;BR-153/MG;Sul;Saida de Pista;;;1;;;;;;;;1;;;;
03/10/2017;01:55:00;22;sem vítima;503,011;BR-153/GO;Sul;Saida de Pista;1;;;;;;;;;;1;;;;
03/10/2017;06:24:00;69;com vítima;866;BR-262/MG;Oeste;Tombamento;;;1;;;;;;;;1;1;;;
03/10/2017;06:28:00;76;sem vítima;443;BR-262/MG;Oeste;Colisão Traseira;1;;;;;;;;;1;2;;;;
03/10/2017;07:43:00;98;sem vítima;594,2;BR-262/MG;Leste;Colisão Traseira;1;;1;;;;;;;;2;;;;
03/10/2017;07:45:00;100;sem vítima;4,3;BR-060/DF;Norte;Colisão Lateral;2;;;;;;;;;;2;;;;
03/10/2017;07:58:00;111;sem vítima;553,5;BR-153/GO;Norte;Saida de Pista;1;;;;;;;;;;1;;;;
03/10/2017;07:59:00;112;com vítima;810;BR-262/MG;Leste;Atropelamento de Animal;;;;1;;;;;;;0;1;;;
03/10/2017;08:02:00;113;sem vítima;589,472;BR-262/MG;Leste;Choque - Talude;;;;;;;;;;1;1;;;;
03/10/2017;08:03:00;116;sem vítima;499,001;BR-153/GO;Sul;Engavetamento;4;;;;;;;;;;4;;;;
03/10/2017;08:06:00;117;sem vítima;498,578;BR-153/GO;Sul;Colisão Traseira;2;;;;;;;;;;2;;;;
03/10/2017;08:34:00;131;sem vítima;574,002;BR-262/MG;Leste;Colisão Lateral;1;;1;;;;;;;;2;;;;
03/10/2017;09:23:00;161;sem vítima;574;BR-262/MG;Leste;Saida de Pista;1;;;;;;;;;;1;;;;
03/10/2017;09:49:00;182;com vítima;530,904;BR-262/MG;Oeste;Choque - Arvore;;;1;;;;;;;;0;2;;;
03/10/2017;10:17:00;196;com vítima;96,7;BR-060/GO;Sul;Colisão Lateral;1;;;1;;;;;;;1;1;;;
03/10/2017;10:38:00;209;sem vítima;548,5;BR-262/MG;Leste;Choque - Defensa, barreira ou "submarino";1;;;;;;;;;;1;;;;
03/10/2017;10:59:00;219;sem vítima;549,001;BR-262/MG;Leste;Tombamento;;;1;;;;;;;;1;;;;
03/10/2017;14:03:00;305;sem vítima;370,031;BR-262/MG;Oeste;Saida de Pista;;;;;;;;;;1;1;;;;
03/10/2017;15:14:00;337;sem vítima;244,956;BR-153/MG;Sul;Colisão Transversal;2;;;;;;;;;;2;;;;
03/10/2017;15:14:00;338;com vítima;514,224;BR-153/GO;Norte;Colisão Traseira;1;;;1;;;;;;;2;1;;;
03/10/2017;17:27:00;398;com vítima;372,076;BR-262/MG;Leste;Colisão Transversal;;;1;1;;;;;;;1;;2;;
03/10/2017;19:12:00;453;com vítima;1,385;BR-153/MG;Sul;Choque - Suporte de Sinalização;;;;1;;;;;;;0;;1;;
03/10/2017;19:21:00;460;sem vítima;97;BR-060/GO;Sul;Saida de Pista;1;;;;;;;;;;1;;;;
03/10/2017;19:36:00;462;sem vítima;40;BR-060/GO;Norte;Choque - Outros;1;;;;;;;;;;4;;;;
03/10/2017;19:36:00;463;sem vítima;607,572;BR-262/MG;Oeste;Choque - Outros;1;;;;;;;;;;2;;;;
03/10/2017;22:27:00;531;sem vítima;497;BR-153/GO;Sul;Queda de Moto;;;;1;;;;;;;1;;;;
03/10/2017;22:49:00;535;sem vítima;631,1;BR-153/GO;Sul;Tombamento;;;1;;;;;;;;1;;;;
04/10/2017;06:00:00;112;sem vítima;97,001;BR-060/GO;Sul;Choque - Defensa, barreira ou "submarino";1;;;;;;;;;;1;;;;
04/10/2017;06:42:00;135;sem vítima;492,001;BR-153/GO;Norte;Queda de Moto;;;;1;;;;;;;2;;;;
04/10/2017;07:11:00;149;com vítima;77,95;BR-060/GO;Sul;Capotamento;1;;;;;;;;;;0;;;1;2
04/10/2017;08:33:00;193;sem vítima;357,6;BR-262/MG;Leste;Choque - Elemento de Drenagem;1;;;;;1;;;;;2;;;;
04/10/2017;14:44:00;422;sem vítima;368;BR-262/MG;Oeste;Queda de Ciclista;;;;1;;;;;;;1;;;;
04/10/2017;15:27:00;443;sem vítima;21,3;BR-060/GO;Sul;Choque - Defensa, barreira ou "submarino";1;;1;;;;;;;;2;;;;
04/10/2017;15:31:00;446;sem vítima;15;BR-060/GO;Sul;Queda de Moto;;;1;1;;;;;;;2;;;;
04/10/2017;17:04:00;500;sem vítima;74,3;BR-060/GO;Norte;Tombamento;;;1;;;;;;;;1;;;;
04/10/2017;17:10:00;504;sem vítima;502;BR-153/GO;Norte;Queda de Moto;1;;;1;;;;;;;2;;;;
04/10/2017;18:07:00;527;sem vítima;502,5;BR-153/GO;Norte;Colisão Traseira;2;;;;;;;;;;2;;;;
04/10/2017;19:12:00;560;com vítima;117,1;BR-060/GO;Sul;Capotamento;1;;;;;;;;;;0;;;;1
05/10/2017;01:34:00;25;sem vítima;17,399;BR-153/MG;Sul;Saida de Pista;;;1;;;;;;;;1;;;;
05/10/2017;06:55:00;125;com vítima;362,001;BR-262/MG;Oeste;Capotamento;;;;;;;;;;1;0;1;;;
05/10/2017;08:33:00;182;sem vítima;2,321;BR-060/DF;Sul;Colisão Transversal;2;;;;;;;;;;3;;;;
05/10/2017;09:16:00;218;com vítima;665;BR-262/MG;Leste;Tombamento;;;1;;;;;;;;0;1;;;
05/10/2017;09:25:00;228;sem vítima;476,2;BR-262/MG;Leste;Colisão Transversal;2;;;;;;;;;;5;;;;
05/10/2017;10:18:00;287;com vítima;499,342;BR-153/GO;Sul;Colisão Lateral;1;;;1;;;;;;;1;2;;;
05/10/2017;11:32:00;366;sem vítima;4,7;BR-060/DF;Sul;Colisão Traseira;1;;1;;;;;;;;4;;;;
05/10/2017;12:23:00;397;sem vítima;5,05;BR-060/DF;Sul;Colisão Lateral;1;;1;;;;;;;;2;;;;
05/10/2017;16:26:00;605;sem vítima;610;BR-262/MG;Leste;Engavetamento;2;;1;;;;;;;;3;;;;
05/10/2017;19:00:00;692;sem vítima;129;BR-060/GO;Norte;Saida de Pista;1;;;;;;;;;;1;;;;
05/10/2017;20:36:00;752;com vítima;4,529;BR-060/DF;Norte;Colisão Lateral;1;;;1;;;;;;;1;;1;;
06/10/2017;01:55:00;25;com vítima;30;BR-060/DF;Sul;Atropelamento - Ciclista;;1;;1;;;;;;;0;;2;;
06/10/2017;03:27:00;53;com vítima;584,8;BR-153/GO;Sul;Saida de Pista;1;;;;;;;;;;0;1;;;
06/10/2017;04:34:00;74;sem vítima;749,1;BR-262/MG;Leste;Choque - Objeto sobre a pista;;;;;;;;;;1;2;;;;
06/10/2017;06:44:00;121;com vítima;505,699;BR-153/GO;Norte;Choque - Suporte de Sinalização;;;;1;;;;;;;0;1;;;
06/10/2017;07:54:00;163;com vítima;509,204;BR-153/GO;Norte;Colisão Traseira;1;;;1;;;;;;;1;1;;;
06/10/2017;07:55:00;165;com vítima;507,745;BR-153/GO;Sul;Colisão Traseira;1;;;1;;;;;;;1;1;1;;
06/10/2017;08:02:00;172;sem vítima;506,3;BR-153/GO;Norte;Engavetamento;2;;;;;;;;;;2;;;;
06/10/2017;09:27:00;237;sem vítima;616,7;BR-262/MG;Leste;Colisão Traseira;1;;1;;;;;;;;2;;;;
06/10/2017;09:53:00;247;com vítima;407;BR-262/MG;Leste;Colisão Traseira;1;;1;;;;;;;;1;1;;;
06/10/2017;13:02:00;374;sem vítima;801,7;BR-262/MG;Oeste;Choque - Elemento de Drenagem;;;;;;;;;;1;1;;;;
06/10/2017;14:59:00;463;com vítima;31;BR-060/GO;Sul;Colisão Lateral;1;;;1;;;;;;;1;1;;;
06/10/2017;15:00:00;464;sem vítima;450,1;BR-262/MG;Leste;Colisão Traseira;1;;;;;;;;;1;2;;;;
06/10/2017;16:25:00;526;com vítima;421;BR-262/MG;Leste;Queda de Moto;;;;1;;;;;;;0;1;;;
06/10/2017;16:50:00;542;sem vítima;130,607;BR-060/GO;Sul;Colisão Traseira;;;;;;;;;;2;3;;;;
06/10/2017;17:33:00;580;sem vítima;506,1;BR-153/GO;Norte;Colisão Traseira;1;;;1;;;;;;;2;;;;
06/10/2017;18:02:00;599;com vítima;37,799;BR-060/GO;Norte;Colisão Traseira;1;;;1;;;;;;;1;1;;;
06/10/2017;20:27:00;698;sem vítima;532;BR-262/MG;Leste;Saida de Pista;1;;;;;;;;;;1;;;;
06/10/2017;20:48:00;710;sem vítima;697;BR-153/GO;Sul;Colisão Lateral;1;;1;;;;;;;;2;;;;
06/10/2017;21:15:00;729;com vítima;430;BR-262/MG;Oeste;Choque - Talude;1;;;;;;;;;;0;;2;;
06/10/2017;21:27:00;735;sem vítima;506,228;BR-153/GO;Sul;Choque - Defensa, barreira ou "submarino";2;;;;;;;;;;2;;;;
06/10/2017;23:45:00;791;sem vítima;500,699;BR-153/GO;Sul;Saida de Pista;1;;;;;;;;;;1;;;;
07/10/2017;02:50:00;53;sem vítima;9,281;BR-060/DF;Sul;Choque - Outros;1;;;;;;;;;;1;;;;
07/10/2017;03:36:00;67;sem vítima;0,8;BR-153/MG;Norte;Colisão Traseira;1;;;;;1;;;;;2;;;;
07/10/2017;03:44:00;69;com vítima;195,001;BR-153/MG;Sul;Tombamento;;;1;;;;;;;;0;1;;;
07/10/2017;08:11:00;130;sem vítima;42,929;BR-060/GO;Sul;Colisão Traseira;2;;;;;;;;;;2;;;;
07/10/2017;08:50:00;155;sem vítima;438;BR-262/MG;Leste;Choque - Talude;1;;;;;;;;;;4;;;;
07/10/2017;09:57:00;191;sem vítima;553;BR-262/MG;Leste;Tombamento;;;1;;;;;;;;1;;;;
07/10/2017;10:43:00;221;sem vítima;4,4;BR-060/DF;Sul;Colisão Transversal;2;;;;;;;;;;2;;;;
07/10/2017;11:16:00;234;com vítima;635,2;BR-262/MG;Oeste;Colisão Lateral;1;;1;;;;;;;;1;1;;;
07/10/2017;11:46:00;256;com vítima;501,53;BR-153/GO;Norte;Colisão Lateral;1;;;;;1;;;;;2;1;;;
07/10/2017;12:59:00;292;com vítima;118;BR-060/GO;Norte;Capotamento;2;;;;;;;;;;2;;;1;
07/10/2017;13:05:00;298;com vítima;57,899;BR-153/MG;Norte;Tombamento;;;1;;;;;;;;0;1;;;
07/10/2017;13:53:00;319;sem vítima;39;BR-153/MG;Sul;Choque - Elemento de Drenagem;1;;;;;;;;;;2;;;;
07/10/2017;15:02:00;349;com vítima;196,699;BR-153/MG;Sul;Queda de Moto;;;;1;;;;;;;0;1;;;
07/10/2017;16:27:00;392;com vítima;17,684;BR-060/GO;Norte;Atropelamento - Ciclista;;1;1;;;;;;;;1;1;;;
07/10/2017;17:57:00;440;com vítima;568,5;BR-262/MG;Leste;Tombamento;;;1;;;;;;;;0;1;;;
07/10/2017;18:59:00;474;sem vítima;46;BR-060/GO;Norte;Saida de Pista;1;;;;;;;;;;1;;;;
07/10/2017;19:14:00;480;sem vítima;0,538;BR-060/GO;Norte;Saida de Pista;1;;;;;1;;;;;2;;;;
07/10/2017;19:55:00;503;sem vítima;512;BR-262/MG;Leste;Atropelamento de Animal;;;;;;;;;;1;1;;;;
07/10/2017;20:10:00;514;sem vítima;32;BR-060/GO;Norte;Capotamento;1;;;;;;;;;;1;;;;
07/10/2017;20:40:00;530;sem vítima;368;BR-262/MG;Oeste;Colisão Traseira;2;;;;;;;;;;2;;;;
07/10/2017;18:59:00;543;sem vítima;46;BR-060/GO;Norte;Choque - Objeto sobre a pista;1;;;;;;;;;;1;;;;
07/10/2017;18:59:00;553;sem vítima;46;BR-060/GO;Norte;Objeto lançado contra veículo;1;;;;;;;;;;1;;;;
07/10/2017;18:59:00;556;sem vítima;46;BR-060/GO;Norte;Saida de Pista;1;;;;;;;;;;1;;;;
07/10/2017;21:40:00;560;com vítima;517,25;BR-153/GO;Sul;Capotamento;;;;;;;;;;1;1;3;;;
07/10/2017;22:06:00;574;sem vítima;356;BR-262/MG;Oeste;Atropelamento de Animal;1;;;;;;;;;;1;;;;
07/10/2017;22:15:00;576;com vítima;504;BR-153/GO;Sul;Queda de Moto;;;;1;;;;;;;0;1;;;
07/10/2017;23:35:00;605;sem vítima;124;BR-060/GO;Sul;Saida de Pista;1;;;;;;;;;;1;;;;
07/10/2017;23:55:00;613;com vítima;129;BR-060/GO;Sul;Capotamento;1;;;;;;;;;;0;1;;;
08/10/2017;00:05:00;5;sem vítima;97,017;BR-060/GO;Sul;Colisão Lateral;2;;;;;;;;;;2;;;;
08/10/2017;03:08:00;54;com vítima;418;BR-262/MG;Oeste;Capotamento;1;;;;;;;;;;0;1;;;
08/10/2017;04:33:00;82;com vítima;39,13;BR-060/GO;Norte;Choque - Talude;1;;;;;;;;;;0;1;;;
08/10/2017;05:45:00;104;com vítima;797,25;BR-262/MG;Leste;Capotamento;1;;;;;;;;;;2;3;;;
08/10/2017;05:45:00;105;com vítima;507,76;BR-153/GO;Norte;Colisão Frontal;1;;;1;;;;;;;1;1;;;
08/10/2017;12:36:00;298;sem vítima;553;BR-153/GO;Norte;Colisão Traseira;1;;1;;;1;;;;;5;;;;
08/10/2017;13:46:00;332;com vítima;533,9;BR-262/MG;Leste;Colisão Frontal;;;1;1;;;;;;;1;;;;1
08/10/2017;16:20:00;413;com vítima;524;BR-262/MG;Oeste;Colisão Transversal;1;;;1;;;;;;;2;1;;;
08/10/2017;16:22:00;416;com vítima;38,7;BR-060/GO;Norte;Choque - Defensa, barreira ou "submarino";1;;;;;;;;;;0;1;;;