data;horario;n_da_ocorrencia;tipo_de_ocorrencia;km;trecho;sentido;tipo_de_acidente;automovel;bicicleta;caminhao;moto;onibus;outros;tracao_animal;transporte_de_cargas_especiais;trator_maquinas;utilitarios;ilesos;levemente_feridos;moderadamente_feridos;gravemente_feridos;mortos
25/10/2017;19:57:00;722;sem vítima;372,968;BR-262/MG;Leste;Atropelamento de Animal;;;1;;;;;;;;1;;;;
25/10/2017;20:37:00;745;sem vítima;86,98;BR-060/GO;Sul;Atropelamento de Animal;1;;;;;;;;;;1;;;;
26/10/2017;00:53:00;16;com vítima;803,868;BR-262/MG;Leste;Queda de Moto;;;;1;;;;;;;0;1;;;
26/10/2017;07:21:00;139;com vítima;28,281;BR-060/GO;Norte;Choque - Elemento de Drenagem;1;;;;;;;;;;1;;1;;
26/10/2017;11:44:00;390;sem vítima;101,414;BR-060/GO;Sul;Colisão Lateral;1;;;;;;;;;;1;;;;
26/10/2017;14:20:00;521;sem vítima;569,25;BR-262/MG;Oeste;Saida de Pista;1;;;;;;;;;;1;;;;
26/10/2017;16:50:00;638;sem vítima;365,45;BR-262/MG;Leste;Colisão Transversal;1;;1;;;;;;;;2;;;;
26/10/2017;17:19:00;658;sem vítima;514,23;BR-153/GO;Sul;Colisão Transversal;1;;;1;;;;;;;2;;;;
26/10/2017;17:55:00;696;sem vítima;101,149;BR-060/GO;Norte;Colisão Traseira;2;;;;;;;;;;4;;;;
26/10/2017;18:06:00;710;sem vítima;31,7;BR-153/MG;Sul;Choque - Elemento de Drenagem;1;;1;;;;;;;;2;;;;
26/10/2017;18:24:00;726;com vítima;92,005;BR-060/GO;Norte;Engavetamento;4;;;;;;;;;;5;1;;;
27/10/2017;01:54:00;30;com vítima;245,374;BR-153/MG;Norte;Capotamento;1;;;;;;;;;;0;;1;;
27/10/2017;04:51:00;79;sem vítima;112,909;BR-060/GO;Norte;Colisão Traseira;1;;1;;;;;;;;2;;;;
27/10/2017;05:57:00;95;com vítima;555;BR-262/MG;Oeste;Choque - Arvore;;;1;;;;;;;;0;1;;;
27/10/2017;06:27:00;100;com vítima;133,052;BR-153/MG;Sul;Colisão Frontal;;;1;;;;;;;1;0;;1;;1
27/10/2017;07:38:00;125;sem vítima;505;BR-153/GO;Norte;Engavetamento;3;;;;;;;;;;3;;;;
27/10/2017;07:23:00;131;com vítima;504,169;BR-153/GO;Norte;Engavetamento;3;;;;;;;;;;3;1;;;
27/10/2017;08:08:00;150;com vítima;457;BR-262/MG;Leste;Queda de Moto;;;;1;;;;;;;0;1;;;
27/10/2017;09:21:00;199;com vítima;590,342;BR-262/MG;Leste;Engavetamento;2;;;;;;;;;1;2;2;;;
27/10/2017;09:38:00;209;sem vítima;458;BR-262/MG;Leste;Colisão Lateral;2;;;;;;;;;;4;;;;
27/10/2017;10:00:00;225;com vítima;574;BR-262/MG;Leste;Capotamento;;;;;;;;;;1;0;2;;;
27/10/2017;10:53:00;256;com vítima;584;BR-262/MG;Leste;Saida de Pista;1;;;;;;;;;;0;4;;;
27/10/2017;12:44:00;341;sem vítima;539,262;BR-262/MG;Leste;Saida de Pista;1;;;;;;;;;;1;;;;
27/10/2017;13:45:00;368;sem vítima;547;BR-262/MG;Oeste;Choque - Talude;1;;;;;;;;;;1;;;;
27/10/2017;13:46:00;369;sem vítima;388;BR-262/MG;Oeste;Saida de Pista;;;1;;;;;;;;1;;;;
27/10/2017;14:10:00;380;sem vítima;475;BR-262/MG;Oeste;Choque - Objeto sobre a pista;;;1;;;;;;;;1;;;;
27/10/2017;15:09:00;414;sem vítima;8,1;BR-153/MG;Norte;Capotamento;1;;;;;;;;;;2;;;;
27/10/2017;16:04:00;453;sem vítima;45;BR-060/GO;Norte;Choque - Defensa, barreira ou "submarino";1;;;;;;;;;;1;;;;
27/10/2017;16:16:00;456;com vítima;692,6;BR-153/GO;Sul;Queda de Ciclista;;;;1;;;;;;;0;;;1;
27/10/2017;16:26:00;462;com vítima;92,5;BR-060/GO;Norte;Choque - Elemento de Drenagem;1;;;;;;;;;;0;1;;;
27/10/2017;16:36:00;469;sem vítima;498,455;BR-153/GO;Sul;Colisão Traseira;2;;;;;;;;;;2;;;;
27/10/2017;16:48:00;473;sem vítima;423,1;BR-262/MG;Oeste;Capotamento;1;;;;;;;;;;1;;;;
27/10/2017;16:58:00;481;sem vítima;590,177;BR-262/MG;Leste;Colisão Lateral;1;;1;;;;;;;;3;;;;
27/10/2017;17:01:00;483;com vítima;549,45;BR-262/MG;Leste;Colisão Lateral;1;;1;;;;;;;;1;1;;;
27/10/2017;17:02:00;488;com vítima;131;BR-153/MG;Sul;Colisão Traseira;;;3;;;;;;;;2;;1;;
27/10/2017;17:54:00;516;sem vítima;97;BR-060/GO;Norte;Choque - Elemento de Drenagem;1;;;;;;;;;;2;;;;
27/10/2017;18:01:00;519;sem vítima;499,5;BR-153/GO;Sul;Colisão Lateral;1;;1;;;;;;;;2;;;;
27/10/2017;18:36:00;544;sem vítima;504,5;BR-153/GO;Norte;Engavetamento;3;;;;;;;;;;3;;;;
27/10/2017;19:01:00;562;sem vítima;574;BR-262/MG;Leste;Saida de Pista;1;;;;;;;;;;1;;;;
27/10/2017;19:15:00;570;com vítima;505;BR-153/GO;Norte;Colisão Lateral;1;;;1;;;;;;;1;2;;;
27/10/2017;20:12:00;607;sem vítima;212;BR-153/MG;Sul;Choque - Objeto sobre a pista;1;;;;;;;;;;1;;;;
27/10/2017;20:15:00;612;sem vítima;422,8;BR-262/MG;Leste;Colisão Traseira;2;;;;;;;;;;2;;;;
27/10/2017;21:51:00;655;sem vítima;506;BR-153/GO;Sul;Choque - Defensa, barreira ou "submarino";1;;;;;;;;;;1;;;;
27/10/2017;23:08:00;683;com vítima;587,25;BR-262/MG;Leste;Choque - Arvore;;;1;;;;;;;;0;;1;;
28/10/2017;00:34:00;11;sem vítima;507,5;BR-153/GO;Norte;Saida de Pista;1;;;;;;;;;;1;;;;
28/10/2017;02:52:00;54;com vítima;693,399;BR-153/GO;Sul;Capotamento;1;;;;;;;;;;0;;1;;
28/10/2017;04:37:00;90;sem vítima;383;BR-262/MG;Oeste;Choque - Defensa, barreira ou "submarino";;;;;;;;;;1;1;;;;
28/10/2017;07:00:00;134;com vítima;358;BR-262/MG;Leste;Colisão Transversal;1;;;;;;;;;1;0;6;;;
28/10/2017;09:53:00;247;com vítima;382;BR-262/MG;Oeste;Choque - Defensa, barreira ou "submarino";1;;;;;;;;;;0;1;;;
28/10/2017;10:22:00;260;sem vítima;378,6;BR-262/MG;Leste;Choque - Elemento de Drenagem;1;;;;;;;;;;1;;;;
28/10/2017;11:27:00;295;com vítima;421;BR-262/MG;Oeste;Capotamento;1;;;;;;;;;;0;2;;2;
28/10/2017;11:35:00;298;sem vítima;501;BR-153/GO;Norte;Colisão Traseira;2;;;;;;;;;;2;;;;
28/10/2017;14:03:00;370;sem vítima;136;BR-060/GO;Sul;Saida de Pista;1;;;;;;;;;;1;;;;
28/10/2017;14:14:00;377;com vítima;90,5;BR-060/GO;Sul;Atropelamento - Usuário;1;;;;;;;;;;1;1;;;
28/10/2017;15:08:00;402;sem vítima;568,4;BR-262/MG;Leste;Capotamento;;;1;;;;;;;;1;;;;
28/10/2017;15:43:00;430;sem vítima;213,2;BR-153/MG;Norte;Colisão Traseira;;;2;;;;;;;;2;;;;
28/10/2017;19:04:00;538;sem vítima;23,3;BR-153/MG;Sul;Saida de Pista;1;;;;;;;;;;1;;;;
28/10/2017;19:38:00;555;com vítima;537;BR-262/MG;Oeste;Colisão Lateral;1;;1;;;;;;;;1;2;;;
28/10/2017;20:07:00;573;sem vítima;79;BR-060/GO;Norte;Saida de Pista;1;;;;;;;;;;2;;;;
28/10/2017;20:14:00;575;com vítima;92,799;BR-060/GO;Sul;Colisão Lateral;1;;;1;;;;;;;1;1;;;
28/10/2017;22:45:00;635;sem vítima;717,971;BR-262/MG;Oeste;Colisão Traseira;;;2;;;;;;;;2;;;;
28/10/2017;22:51:00;637;com vítima;417,45;BR-262/MG;Oeste;Atropelamento - Andarilho;;;;;1;;;;;;0;12;1;;
29/10/2017;05:19:00;71;sem vítima;630,899;BR-153/GO;Sul;Tombamento;;;1;;;;;;;;1;;;;
29/10/2017;05:26:00;75;sem vítima;1;BR-060/DF;Sul;Choque - Arvore;1;;;;;;;;;;1;;;;
29/10/2017;05:51:00;84;sem vítima;645;BR-262/MG;Leste;Saida de Pista;1;;;;;;;;;;3;;;;
29/10/2017;06:36:00;105;sem vítima;435;BR-262/MG;Oeste;Choque - Arvore;1;;;;;;;;;;1;;;;
29/10/2017;07:22:00;121;sem vítima;30;BR-060/DF;Sul;Choque - Suporte de Sinalização;1;;;;;;;;;;2;;;;
29/10/2017;10:28:00;263;sem vítima;534,4;BR-153/GO;Norte;Capotamento;1;;;;;;;;;;1;;;;
29/10/2017;18:21:00;554;com vítima;3,8;BR-060/GO;Norte;Engavetamento;3;;;;;;;;;;3;1;;;
29/10/2017;20:05:00;605;sem vítima;129,001;BR-060/GO;Sul;Colisão Traseira;1;;;;;1;;;;;4;;;;
29/10/2017;20:46:00;628;com vítima;699,5;BR-262/MG;Oeste;Choque - Arvore;;;;;;;;;;1;0;1;;;
29/10/2017;21:45:00;664;sem vítima;366,001;BR-262/MG;Leste;Choque - Elemento de Drenagem;1;;;;;;;;;;1;;;;
29/10/2017;23:14:00;703;sem vítima;20,1;BR-060/DF;Norte;Capotamento;1;;1;;;;;;;;2;;;;
30/10/2017;06:12:00;84;sem vítima;3,4;BR-060/DF;Norte;Queda de Moto;;;;1;;;;;;;1;;;;
30/10/2017;07:48:00;128;sem vítima;368;BR-262/MG;Oeste;Capotamento;1;;;;;;;;;;1;;;;
30/10/2017;08:49:00;181;sem vítima;560,7;BR-153/GO;Norte;Tombamento;;;1;;;;;;;;3;;;;
30/10/2017;09:15:00;210;sem vítima;500,5;BR-153/GO;Norte;Colisão Traseira;1;;1;;;;;;;;2;;;;
30/10/2017;09:58:00;248;sem vítima;100,9;BR-060/GO;Norte;Colisão Traseira;2;;;;;;;;;;2;;;;
30/10/2017;10:15:00;265;com vítima;559,3;BR-262/MG;Oeste;Colisão Frontal;;;2;;;;;;;;0;2;;;1
30/10/2017;10:59:00;302;sem vítima;126,3;BR-060/GO;Sul;Choque - Defensa, barreira ou "submarino";1;;;;;;;;;;1;;;;
30/10/2017;14:27:00;454;sem vítima;703,016;BR-153/GO;Sul;Carreta deu L;;;1;;;;;;;;1;;;;
30/10/2017;14:37:00;464;sem vítima;133;BR-060/GO;Sul;Colisão Lateral;;;2;;;;;;;;3;;;;
30/10/2017;15:31:00;501;sem vítima;669,3;BR-153/GO;Sul;Choque - Elemento de Drenagem;;;1;;;;;;;;1;;;;
30/10/2017;16:03:00;528;sem vítima;547,6;BR-262/MG;Oeste;Choque - Elemento de Drenagem;1;;;;;;;;;;1;;;;
30/10/2017;16:34:00;547;com vítima;480,1;BR-262/MG;Leste;Colisão Lateral;1;;1;;;;;;;;2;1;;;
30/10/2017;16:43:00;555;com vítima;589,504;BR-262/MG;Oeste;Capotamento;1;;;;;;;;;;2;3;;;
30/10/2017;16:45:00;559;sem vítima;574,001;BR-262/MG;Leste;Choque - Talude;1;;;;;;;;;;4;;;;
30/10/2017;18:07:00;629;sem vítima;882,473;BR-262/MG;Oeste;Capotamento;1;;;;;;;;;;1;;;;
30/10/2017;18:30:00;649;sem vítima;136;BR-153/MG;Sul;Saida de Pista;;;1;;;;;;;1;3;;;;
30/10/2017;18:51:00;660;sem vítima;15,5;BR-153/MG;Sul;Carreta deu L;;;2;;;;;;;;3;;;;
30/10/2017;19:47:00;692;com vítima;498,17;BR-153/GO;Sul;Atropelamento - Usuário;;;;;;1;;;;;1;1;;;
30/10/2017;21:10:00;730;sem vítima;579,12;BR-153/GO;Sul;Saida de Pista;1;;;;;;;;;;3;;;;
30/10/2017;22:08:00;757;com vítima;506,6;BR-153/GO;Sul;Queda de Moto;;;;1;;;;;;;0;1;;;
30/10/2017;22:08:00;758;sem vítima;455,9;BR-262/MG;Oeste;Capotamento;1;;;;;;;;;;1;;;;
30/10/2017;22:19:00;766;sem vítima;7,675;BR-060/DF;Sul;Saida de Pista;1;;;;;;;;;;1;;;;
31/10/2017;03:48:00;41;sem vítima;465,8;BR-262/MG;Oeste;Capotamento;1;;;;;;;;;;1;;;;
31/10/2017;07:50:00;125;com vítima;548,8;BR-262/MG;Oeste;Tombamento;;;1;;;;;;;;0;1;;;
31/10/2017;08:14:00;151;com vítima;497;BR-153/GO;Sul;Colisão Lateral;;1;1;;;;;;;;1;1;;;
31/10/2017;08:58:00;174;sem vítima;99,448;BR-060/GO;Sul;Tombamento;1;;1;;;;;;;;2;;;;
31/10/2017;11:41:00;276;sem vítima;670;BR-153/GO;Norte;Choque - Elemento de Drenagem;1;;;;;;;;;;2;;;;
31/10/2017;14:01:00;331;sem vítima;688,112;BR-262/MG;Oeste;Capotamento;1;;;;;;;;;;1;;;;
31/10/2017;14:34:00;349;com vítima;800,1;BR-262/MG;Leste;Queda de Moto;;;;1;;;;;;;0;1;;;
31/10/2017;14:35:00;350;sem vítima;97,1;BR-060/GO;Norte;Colisão Traseira;1;;;;;;;;;1;2;;;;
31/10/2017;14:42:00;353;sem vítima;774,2;BR-262/MG;Leste;Colisão Traseira;;;;;1;;;;;1;3;;;;
31/10/2017;16:07:00;404;sem vítima;461;BR-262/MG;Leste;Colisão Traseira;;;2;;;;;;;;2;;;;
31/10/2017;16:45:00;425;sem vítima;702,6;BR-153/GO;Sul;Tombamento;;;1;;;;;;;;1;;;;
31/10/2017;16:58:00;430;sem vítima;24,001;BR-153/MG;Sul;Choque - Suporte de Sinalização;1;;;;;;;;;;5;;;;
31/10/2017;17:07:00;435;sem vítima;219;BR-153/MG;Norte;Saida de Pista;;;1;;;;;;;;1;;;;
31/10/2017;17:32:00;451;sem vítima;525;BR-153/GO;Norte;Choque - Outros;1;;;;;;;;;;1;;;;
31/10/2017;17:40:00;453;com vítima;532,631;BR-153/GO;Norte;Capotamento;1;;;;;;;;;;0;1;;;
31/10/2017;18:44:00;490;sem vítima;538,9;BR-153/GO;Norte;Saida de Pista;1;;;;;1;;;;;2;;;;
31/10/2017;20:03:00;530;sem vítima;115,4;BR-060/GO;Sul;Tombamento;;;;;;;;;;1;1;;;;
31/10/2017;20:21:00;541;sem vítima;69,99;BR-060/GO;Sul;Atropelamento de Animal;;;;;;;;;;1;1;;;;
31/10/2017;23:26:00;630;com vítima;360,777;BR-262/MG;Leste;Choque - Veiculo parado na pista;;;1;;;;;;;1;1;1;;;1
01/11/2017;01:33:00;24;sem vítima;15;BR-060/GO;Sul;Atropelamento de Animal;1;;;;;;;;;;1;;;;
01/11/2017;06:31:00;87;com vítima;0,8;BR-153/MG;Norte;Tombamento;;;1;;;;;;;;0;1;;;
01/11/2017;07:04:00;98;sem vítima;458;BR-262/MG;Oeste;Saida de Pista;1;;;;;;;;;;3;;;;
01/11/2017;07:11:00;100;com vítima;494,43;BR-153/GO;Norte;Engavetamento;4;;;;;;;;;;3;3;;;
01/11/2017;07:30:00;107;com vítima;506;BR-153/GO;Norte;Queda de Moto;;;;1;;;;;;;0;1;;;
01/11/2017;11:44:00;263;sem vítima;389;BR-262/MG;Leste;Colisão Lateral;;;1;;;;;;;2;3;;;;
01/11/2017;12:20:00;290;com vítima;590;BR-262/MG;Leste;Capotamento;1;;;;;;;;;;0;1;;;
01/11/2017;13:45:00;332;sem vítima;547,7;BR-262/MG;Oeste;Choque - Elemento de Drenagem;1;;;;;;;;;;2;;;;
01/11/2017;13:47:00;333;com vítima;381;BR-262/MG;Oeste;Capotamento;1;;;;;;;;;;0;1;;;
01/11/2017;14:01:00;343;com vítima;385;BR-262/MG;Oeste;Capotamento;1;;;;;;;;;;0;1;;;
01/11/2017;14:06:00;346;sem vítima;381,8;BR-262/MG;Oeste;Saida de Pista;1;;;;;;;;;;1;;;;
01/11/2017;14:19:00;353;com vítima;381,8;BR-262/MG;Oeste;Saida de Pista;1;;;;;;;;;;1;1;;;
01/11/2017;14:20:00;356;com vítima;104,2;BR-153/MG;Norte;Capotamento;1;;;;;;;;;;1;1;;;
01/11/2017;17:27:00;473;com vítima;503,699;BR-153/GO;Sul;Engavetamento;;;2;1;;;;;;;2;;;;1
01/11/2017;18:13:00;499;sem vítima;179,3;BR-153/MG;Sul;Choque - Arvore;;;1;;;;;;;;1;;;;
01/11/2017;18:44:00;518;com vítima;48;BR-060/GO;Norte;Tombamento;1;;;;;;;;;;0;1;;;
01/11/2017;21:01:00;597;sem vítima;803;BR-262/MG;Oeste;Colisão Traseira;1;;1;;;;;;;;2;;;;
01/11/2017;23:23:00;660;sem vítima;687,017;BR-262/MG;Oeste;Saida de Pista;;;1;;;;;;;;1;;;;
02/11/2017;01:44:00;42;com vítima;50,8;BR-060/GO;Norte;Choque - Talude;1;;;;;;;;;;0;4;;;
02/11/2017;06:33:00;122;com vítima;662,592;BR-262/MG;Leste;Capotamento;2;;2;;;;;;;;3;;1;;1
02/11/2017;10:01:00;302;com vítima;26,834;BR-060/DF;Sul;Capotamento;1;;;;;;;;;;1;2;;;
02/11/2017;10:30:00;311;sem vítima;554;BR-262/MG;Leste;Colisão Traseira;2;;;;;;;;;;9;;;;
02/11/2017;11:45:00;372;sem vítima;385,468;BR-262/MG;Oeste;Queda de Ciclista;;;;1;;;;;;;1;;;;
02/11/2017;14:33:00;465;sem vítima;483,5;BR-262/MG;Leste;Colisão Traseira;;;2;;;;;;;;2;;;;
02/11/2017;14:36:00;468;sem vítima;29,147;BR-060/DF;Norte;Choque - Elemento de Drenagem;1;;;;;;;;;;3;;;;
02/11/2017;14:54:00;477;sem vítima;99,772;BR-060/GO;Norte;Colisão Traseira;3;;;;;;;;;;6;;;;
02/11/2017;15:25:00;497;sem vítima;507,86;BR-153/GO;Sul;Capotamento;1;;;;;;;;;;1;;;;
02/11/2017;18:10:00;601;sem vítima;75,1;BR-153/MG;Sul;Choque - Defensa, barreira ou "submarino";1;;1;;;;;;;;2;;;;
02/11/2017;18:11:00;603;sem vítima;14,557;BR-060/DF;Norte;Capotamento;1;;;;;;;;;;1;;;;
02/11/2017;18:34:00;614;sem vítima;59,1;BR-153/MG;Norte;Colisão Traseira;;;2;;;;;;;;2;;;;
02/11/2017;18:40:00;616;sem vítima;108,001;BR-153/MG;Norte;Colisão Lateral;1;;;;1;;;;;;2;;;;
02/11/2017;19:35:00;641;com vítima;91,956;BR-060/GO;Norte;Atropelamento - Usuário;1;;;;;;;;;;1;1;;;
02/11/2017;20:52:00;672;sem vítima;374,367;BR-262/MG;Leste;Colisão Lateral;2;;;;;;;;;;3;;;;
02/11/2017;21:34:00;687;com vítima;137,96;BR-060/GO;Norte;Queda de Ciclista;;1;;;;;;;;;0;1;;;
03/11/2017;00:40:00;15;sem vítima;532,039;BR-153/GO;Norte;Choque - Defensa, barreira ou "submarino";1;;;;;;;;;;2;;;;
03/11/2017;07:53:00;137;sem vítima;15,418;BR-060/GO;Sul;Saida de Pista;1;;;;;;;;;;5;;;;
03/11/2017;08:14:00;160;com vítima;501,322;BR-153/GO;Sul;Colisão Lateral;1;;;1;;;;;;;2;;1;;
03/11/2017;08:44:00;180;sem vítima;502;BR-153/GO;Sul;Engavetamento;3;;;;;;;;;;3;;;;
03/11/2017;09:44:00;227;com vítima;494;BR-153/GO;Norte;Queda de Moto;;;;1;;;;;;;0;1;;;
03/11/2017;11:31:00;308;sem vítima;4,35;BR-060/DF;Norte;Capotamento;1;;;;;;;;;;2;;;;
03/11/2017;13:12:00;364;sem vítima;849;BR-262/MG;Leste;Choque - Arvore;1;;;;;;;;;;3;;;;
03/11/2017;14:35:00;420;sem vítima;13,808;BR-060/GO;Norte;Choque - Elemento de Drenagem;1;;;;;;;;;;2;;;;
03/11/2017;15:00:00;439;com vítima;368,9;BR-262/MG;Oeste;Atropelamento - Morador;1;;;;;;;;;;1;;;;1
03/11/2017;15:36:00;465;sem vítima;364;BR-262/MG;Leste;Choque - Elemento de Drenagem;1;;;;;;;;;;1;;;;
03/11/2017;17:30:00;539;sem vítima;107,8;BR-060/GO;Norte;Colisão Lateral;1;;1;;;;;;;;2;;;;
04/11/2017;01:15:00;27;sem vítima;88,446;BR-060/GO;Norte;Choque - Suporte de Sinalização;1;;;;;;;;;;1;;;;
04/11/2017;02:32:00;61;com vítima;188,001;BR-153/MG;Sul;Choque - Suporte de Sinalização;;;1;;;;;;;;0;1;;;
04/11/2017;03:27:00;76;com vítima;426,767;BR-262/MG;Leste;Capotamento;1;;;;;;;;;;0;1;;;
04/11/2017;05:25:00;97;sem vítima;13;BR-060/DF;Sul;Choque - Poste;1;;;;;;;;;;3;;;;
04/11/2017;05:32:00;99;sem vítima;144,699;BR-153/MG;Norte;Saida de Pista;1;;;;;;;;;;1;;;;
04/11/2017;07:42:00;125;com vítima;607,53;BR-262/MG;Leste;Capotamento;;;;;;;;;;1;1;7;2;1;1
04/11/2017;07:42:00;126;sem vítima;664,2;BR-262/MG;Leste;Saida de Pista;;;;;;;;;;1;2;;;;
04/11/2017;08:13:00;140;sem vítima;628,995;BR-153/GO;Norte;Capotamento;;;;;;;;;;1;1;;;;
04/11/2017;08:14:00;141;sem vítima;512,5;BR-153/GO;Norte;Colisão Traseira;1;;1;;;;;;;;3;;;;
04/11/2017;08:51:00;159;com vítima;590;BR-262/MG;Leste;Colisão Frontal;1;;1;;;;;;;;1;2;;;
04/11/2017;09:12:00;168;com vítima;587;BR-262/MG;Oeste;Choque - Arvore;1;;;;;;;;;;1;1;;;
04/11/2017;09:27:00;175;sem vítima;703,2;BR-153/GO;Norte;Colisão Lateral;1;;1;;;;;;;;2;;;;
04/11/2017;11:11:00;226;sem vítima;184,7;BR-153/MG;Sul;Saida de Pista;1;;;;;;;;;;3;;;;
04/11/2017;12:01:00;254;com vítima;543;BR-153/GO;Sul;Queda de Moto;;;;1;;;;;;;1;;1;;
04/11/2017;13:09:00;287;com vítima;477;BR-262/MG;Leste;Choque - Talude;1;;;;;;;;;;1;1;;;
04/11/2017;13:49:00;302;com vítima;557;BR-153/GO;Norte;Tombamento;;;2;;;;;;;;1;1;;;
04/11/2017;15:03:00;341;com vítima;172,35;BR-153/MG;Sul;Colisão Traseira;1;;1;;;;;;;;5;;1;;
04/11/2017;16:10:00;369;com vítima;195,93;BR-153/MG;Sul;Colisão Transversal;1;;;1;;;;;;;1;1;;;
04/11/2017;18:43:00;457;sem vítima;245,001;BR-153/MG;Sul;Colisão Frontal;2;;;;;;;;;;5;;;;
04/11/2017;20:03:00;504;sem vítima;501,101;BR-153/GO;Norte;Colisão Traseira;;;2;;;;;;;;2;;;;
04/11/2017;20:10:00;508;sem vítima;29,055;BR-060/DF;Norte;Choque - Poste;1;;;;;;;;;;1;;;;
04/11/2017;20:54:00;528;sem vítima;693,25;BR-262/MG;Leste;Colisão Traseira;1;;;;;;;;;1;2;;;;
05/11/2017;00:54:00;14;sem vítima;19,8;BR-060/GO;Sul;Choque - Elemento de Drenagem;1;;;;;;;;;;1;;;;
05/11/2017;01:00:00;17;sem vítima;13,599;BR-060/GO;Sul;Choque - Outros;1;;;;;;;;;;2;;;;
05/11/2017;01:41:00;23;sem vítima;598;BR-153/GO;Norte;Choque - Talude;1;;;;;;;;;;1;;;;
05/11/2017;04:29:00;53;com vítima;203,599;BR-153/MG;Norte;Choque - Outros;1;;;;;;;;;;3;1;;;
05/11/2017;05:15:00;56;sem vítima;538;BR-262/MG;Oeste;Queda de Ciclista;;;;1;;;;;;;1;;;;
05/11/2017;06:43:00;72;com vítima;29,103;BR-060/GO;Sul;Choque - Outros;1;;;;;;;;;;0;1;;;
05/11/2017;07:31:00;85;sem vítima;418;BR-262/MG;Oeste;Queda de Moto;;;;1;;;;;;;2;;;;
05/11/2017;07:40:00;89;sem vítima;526,019;BR-153/GO;Norte;Choque - Elemento de Drenagem;;;1;;;;;;;;1;;;;
05/11/2017;11:37:00;225;sem vítima;97;BR-060/GO;Norte;Colisão Traseira;1;;;;;1;;;;;2;;;;
05/11/2017;11:50:00;232;com vítima;130;BR-060/GO;Sul;Choque - Elemento de Drenagem;1;;;;;;;;;;1;2;;;
05/11/2017;13:13:00;262;com vítima;509;BR-262/MG;Oeste;Choque - Talude;1;;;;;;;;;;1;;1;;
05/11/2017;14:20:00;297;com vítima;8,535;BR-060/GO;Norte;Choque - Elemento de Drenagem;1;;;;;;;;;;0;1;;;
05/11/2017;15:10:00;338;com vítima;4;BR-060/DF;Norte;Colisão Transversal;2;;;;;;;;;;2;2;;;
05/11/2017;16:14:00;380;com vítima;424,415;BR-262/MG;Leste;Capotamento;1;;;;;;;;;;0;1;2;;
05/11/2017;19:27:00;491;sem vítima;495,1;BR-153/GO;Sul;Colisão Traseira;1;;;1;;;;;;;6;;;;
05/11/2017;20:20:00;527;com vítima;732,2;BR-262/MG;Leste;Atropelamento de Animal;1;;;;;;;;;;0;3;;;
05/11/2017;20:23:00;531;com vítima;495;BR-153/GO;Norte;Queda de Moto;;;;1;;;;;;;0;1;;;
05/11/2017;21:50:00;561;com vítima;228;BR-153/MG;Sul;Capotamento;1;;;;;;;;;;0;1;;;
05/11/2017;22:17:00;569;sem vítima;439;BR-262/MG;Leste;Capotamento;1;;;;;;;;;;1;;;;
06/11/2017;05:22:00;80;sem vítima;583,2;BR-153/GO;Norte;Atropelamento de Animal;;;1;;;;;;;;1;;;;
06/11/2017;06:23:00;92;sem vítima;60;BR-060/GO;Sul;Colisão Transversal;2;;;;;;;;;;2;;;;
06/11/2017;06:41:00;103;sem vítima;108,981;BR-153/MG;Norte;Colisão Transversal;;;2;;;;;;;;2;;;;
06/11/2017;07:59:00;146;sem vítima;495;BR-153/GO;Sul;Colisão Traseira;2;;;;;;;;;;2;;;;
06/11/2017;10:36:00;286;com vítima;83,5;BR-153/MG;Sul;Tombamento;;;1;;;;;;;;0;;;1;
06/11/2017;14:05:00;439;sem vítima;364,4;BR-262/MG;Oeste;Choque - Suporte de Sinalização;1;;;;;;;;;;1;;;;
06/11/2017;14:44:00;467;com vítima;356,7;BR-262/MG;Oeste;Capotamento;1;;;;;;;;;;0;2;;;
06/11/2017;16:21:00;532;sem vítima;673;BR-262/MG;Leste;Choque - Suporte de Sinalização;1;;;;;;;;;;3;;;;
06/11/2017;22:43:00;739;sem vítima;95,025;BR-060/GO;Norte;Colisão Traseira;1;;1;;;;;;;;2;;;;
07/11/2017;02:13:00;99;sem vítima;496,025;BR-153/GO;Sul;Colisão Traseira;;;2;;;;;;;;2;;;;
07/11/2017;04:31:00;176;sem vítima;656;BR-262/MG;Leste;Saida de Pista;1;;;;;;;;;;1;;;;
07/11/2017;06:55:00;229;sem vítima;509,921;BR-153/GO;Norte;Choque - Outros;1;;;;;;;;;;1;;;;
07/11/2017;06:56:00;231;sem vítima;459,9;BR-262/MG;Leste;Colisão Traseira;1;;1;;;;;;;;2;;;;
07/11/2017;07:51:00;267;sem vítima;501;BR-153/GO;Sul;Engavetamento;4;;;;;;;;;;4;;;;
07/11/2017;08:05:00;284;sem vítima;2,929;BR-060/DF;Norte;Choque - Veiculo parado no acostamento;1;;1;;;;;;;;2;;;;
07/11/2017;09:46:00;391;sem vítima;0,313;BR-060/DF;Norte;Colisão Traseira;;1;;1;;;;;;;2;;;;
07/11/2017;12:27:00;527;sem vítima;705,4;BR-262/MG;Leste;Colisão Traseira;;;2;;;;;;;;2;;;;
07/11/2017;14:28:00;606;sem vítima;490,285;BR-153/GO;Sul;Choque - Arvore;1;;;;;;;;;;1;;;;
07/11/2017;15:26:00;661;sem vítima;46,5;BR-153/MG;Sul;Colisão Traseira;1;;1;;;;;;;;2;;;;