data;horario;n_da_ocorrencia;tipo_de_ocorrencia;km;trecho;sentido;tipo_de_acidente;automovel;bicicleta;caminhao;moto;onibus;outros;tracao_animal;transporte_de_cargas_especiais;trator_maquinas;utilitarios;ilesos;levemente_feridos;moderadamente_feridos;gravemente_feridos;mortos
07/11/2017;17:11:00;736;sem vítima;24,8;BR-153/MG;Norte;Capotamento;1;;;;;;;;;;1;;;;
07/11/2017;17:44:00;765;com vítima;59,1;BR-153/MG;Norte;Queda de Moto;;;;1;;;;;;;0;;;1;
07/11/2017;18:01:00;782;com vítima;107,8;BR-060/GO;Sul;Colisão Traseira;;;1;;1;;;;;;2;5;;;
07/11/2017;18:46:00;807;sem vítima;520,001;BR-153/GO;Sul;Saida de Pista;1;;;;;;;;;;1;;;;
07/11/2017;19:09:00;821;sem vítima;46,533;BR-060/GO;Norte;Tombamento;;;1;;1;;;;;;2;;;;
07/11/2017;23:57:00;939;com vítima;13,649;BR-060/GO;Sul;Capotamento;1;;;;;;;;;;1;1;;;
08/11/2017;02:36:00;45;sem vítima;434,767;BR-262/MG;Leste;Atropelamento de Animal;1;;;;;;;;;;2;;;;
08/11/2017;14:55:00;435;com vítima;441,6;BR-262/MG;Oeste;Choque - Defensa, barreira ou "submarino";;;;;;;;;;1;0;1;;;
08/11/2017;18:45:00;577;sem vítima;23,199;BR-060/GO;Norte;Tombamento;;;;;;1;;;;1;2;;;;
08/11/2017;22:49:00;703;com vítima;400;BR-262/MG;Oeste;Colisão Traseira;2;;;;;;;;;;1;1;;;
08/11/2017;23:11:00;712;com vítima;577,35;BR-262/MG;Oeste;Colisão Transversal;;;2;;;;;;;;0;2;;;
09/11/2017;08:28:00;166;sem vítima;495;BR-153/GO;Sul;Colisão Traseira;2;;;;;;;;;;2;;;;
09/11/2017;09:23:00;188;sem vítima;225,3;BR-153/MG;Norte;Colisão Traseira;;;1;;1;;;;;;39;;;;
09/11/2017;15:15:00;380;sem vítima;595;BR-262/MG;Oeste;Saida de Pista;;;1;;;;;;;;1;;;;
09/11/2017;16:21:00;413;sem vítima;541,9;BR-153/GO;Sul;Choque - Elemento de Drenagem;2;;;;;;;;;;2;;;;
09/11/2017;16:42:00;428;sem vítima;607,2;BR-262/MG;Leste;Saida de Pista;1;;;;;;;;;;2;;;;
09/11/2017;18:10:00;471;sem vítima;35;BR-060/GO;Sul;Choque - Talude;1;;;;;;;;;;1;;;;
09/11/2017;18:14:00;475;sem vítima;97,799;BR-060/GO;Norte;Colisão Traseira;1;;;;;1;;;;;2;;;;
09/11/2017;18:28:00;482;sem vítima;548;BR-262/MG;Leste;Choque - Defensa, barreira ou "submarino";;;1;;;;;;;;2;;;;
09/11/2017;20:23:00;553;sem vítima;496;BR-153/GO;Sul;Colisão Lateral;1;;1;;;;;;;;2;;;;
09/11/2017;21:27:00;588;sem vítima;119,98;BR-060/GO;Sul;Saida de Pista;;;1;;;;;;;;1;;;;
09/11/2017;21:55:00;600;com vítima;446;BR-262/MG;Oeste;Colisão Frontal;2;;;;;;;;;;1;;;1;
09/11/2017;23:38:00;638;sem vítima;28,1;BR-060/GO;Norte;Saida de Pista;1;;;;;;;;;;4;;;;
10/11/2017;03:43:00;34;sem vítima;27,6;BR-060/GO;Sul;Colisão Traseira;1;;;;;1;;;;;2;;;;
10/11/2017;08:37:00;156;com vítima;547,152;BR-262/MG;Oeste;Capotamento;1;;;;;;;;;;0;1;;;
10/11/2017;09:34:00;208;sem vítima;545,5;BR-262/MG;Oeste;Capotamento;;;;;;;;;;1;2;;;;
10/11/2017;13:16:00;356;sem vítima;590;BR-262/MG;Oeste;Choque - Suporte de Sinalização;;;;;;;;;;1;1;;;;
10/11/2017;13:38:00;372;sem vítima;590,111;BR-262/MG;Oeste;Choque - Elemento de Drenagem;1;;;;;;;;;;2;;;;
10/11/2017;13:56:00;380;sem vítima;533,518;BR-153/GO;Norte;Colisão Lateral;2;;;;;;;;;;4;;;;
10/11/2017;13:59:00;382;sem vítima;595,344;BR-262/MG;Leste;Tombamento;;;1;;;;;;;;1;;;;
10/11/2017;14:11:00;387;sem vítima;380,5;BR-262/MG;Leste;Choque - Elemento de Drenagem;;;;;;;;;;1;2;;;;
10/11/2017;14:22:00;392;sem vítima;381,8;BR-262/MG;Leste;Choque - Suporte de Sinalização;1;;;;;;;;;;1;;;;
10/11/2017;14:59:00;417;sem vítima;656;BR-262/MG;Leste;Colisão Lateral;1;;1;;;;;;;;2;;;;
10/11/2017;15:02:00;420;com vítima;33,869;BR-060/GO;Norte;Capotamento;1;;;;;;;;;;0;1;;;
10/11/2017;15:13:00;429;sem vítima;481;BR-262/MG;Oeste;Colisão Traseira;;;1;;1;;;;;;2;;;;
10/11/2017;15:19:00;433;com vítima;502,679;BR-153/GO;Norte;Colisão Traseira;1;;1;;;;;;;;1;2;;;
10/11/2017;16:49:00;493;sem vítima;502;BR-153/GO;Sul;Colisão Traseira;2;;;;;;;;;;2;;;;
10/11/2017;16:50:00;495;sem vítima;417,5;BR-262/MG;Leste;Tombamento;;;1;;;;;;;;1;;;;
10/11/2017;16:55:00;498;sem vítima;400;BR-262/MG;Leste;Choque - Talude;1;;;;;;;;;;1;;;;
10/11/2017;18:51:00;567;com vítima;501,41;BR-153/GO;Sul;Engavetamento;2;;;;;1;;;;1;1;4;;;
10/11/2017;19:17:00;584;com vítima;710,082;BR-262/MG;Leste;Colisão Frontal;2;;;;;;;;;;0;;;;3
10/11/2017;19:20:00;587;com vítima;590,37;BR-262/MG;Leste;Saida de Pista;;;;;;;;;;1;1;1;;;
10/11/2017;19:34:00;595;sem vítima;587,061;BR-262/MG;Leste;Colisão Lateral;2;;;;;;;;;;2;;;;
10/11/2017;19:42:00;602;sem vítima;811,127;BR-262/MG;Oeste;Choque - Defensa, barreira ou "submarino";1;;;;;;;;;;1;;;;
10/11/2017;20:16:00;622;sem vítima;18,836;BR-060/GO;Sul;Atropelamento de Animal;1;;;;;;;;;;1;;;;
10/11/2017;20:41:00;629;com vítima;104,1;BR-153/MG;Sul;Capotamento;;;;;;;;;;1;0;1;;;
10/11/2017;21:32:00;646;com vítima;358,092;BR-262/MG;Leste;Colisão Frontal;1;;1;;;;;;;;1;2;;;3
10/11/2017;21:33:00;647;com vítima;441,001;BR-262/MG;Oeste;Colisão Traseira;1;;;1;;;;;;;1;;1;;
10/11/2017;22:27:00;677;com vítima;517,5;BR-153/GO;Norte;Saida de Pista;1;;;;;;;;;;0;1;;;
10/11/2017;19:40:00;681;sem vítima;587,21;BR-262/MG;Leste;Saida de Pista;;;1;;;;;;;;1;;;;
10/11/2017;23:50:00;712;sem vítima;9,352;BR-060/DF;Norte;Saida de Pista;;;1;;;;;;;;1;;;;
10/11/2017;23:57:00;716;com vítima;97,4;BR-060/GO;Norte;Queda de Moto;;;;1;;;;;;;0;1;;;
11/11/2017;02:34:00;49;sem vítima;547;BR-262/MG;Leste;Choque - Talude;1;;;;;;;;;;5;;;;
11/11/2017;02:58:00;53;com vítima;417,414;BR-262/MG;Oeste;Colisão Transversal;2;;;;;;;;;;1;;1;;
11/11/2017;03:30:00;57;sem vítima;89,539;BR-060/GO;Norte;Saida de Pista;1;;;;;;;;;;1;;;;
11/11/2017;05:45:00;76;sem vítima;587;BR-262/MG;Leste;Tombamento;;;;;;;;;;1;1;;;;
11/11/2017;06:15:00;83;sem vítima;100,125;BR-060/GO;Sul;Choque - Veiculo parado no acostamento;2;;;;;;;;;;6;;;;
11/11/2017;06:35:00;92;sem vítima;498,078;BR-153/GO;Norte;Choque - Defensa, barreira ou "submarino";;;1;;;;;;;;1;;;;
11/11/2017;06:36:00;93;com vítima;498,078;BR-153/GO;Norte;Colisão Traseira;1;;;1;;;;;;;2;;1;;
11/11/2017;06:38:00;94;sem vítima;27,593;BR-060/DF;Norte;Capotamento;1;;;;;;;;;;3;;;;
11/11/2017;07:07:00;115;sem vítima;508,704;BR-262/MG;Leste;Choque - Talude;1;;;;;;;;;;1;;;;
11/11/2017;07:51:00;127;com vítima;381,642;BR-262/MG;Oeste;Choque - Suporte de Sinalização;1;;;;;;;;;;0;1;;;
11/11/2017;08:28:00;145;com vítima;89,126;BR-060/GO;Sul;Colisão Traseira;2;;;;;;;;;;5;1;;;
11/11/2017;09:10:00;166;sem vítima;382;BR-262/MG;Oeste;Saida de Pista;1;;;;;;;;;;1;;;;
11/11/2017;10:42:00;219;sem vítima;385,547;BR-262/MG;Leste;Choque - Elemento de Drenagem;1;;;;;;;;;;1;;;;
11/11/2017;11:24:00;253;sem vítima;380,7;BR-262/MG;Leste;Choque - Talude;1;;;;;;;;;;1;;;;
11/11/2017;11:57:00;279;com vítima;385;BR-262/MG;Oeste;Capotamento;1;;;;;;;;;;0;;2;;
11/11/2017;12:30:00;296;sem vítima;442;BR-262/MG;Oeste;Colisão Traseira;2;;;;;;;;;;2;;;;
11/11/2017;13:37:00;343;sem vítima;506,6;BR-153/GO;Sul;Choque - Veiculo parado na pista;1;;;1;;;;;;;2;;;;
11/11/2017;15:02:00;387;sem vítima;802;BR-262/MG;Leste;Engavetamento;2;;;;;1;;;;;3;;;;
11/11/2017;15:10:00;392;com vítima;792,861;BR-262/MG;Leste;Colisão Traseira;2;;;;;;;;;;2;1;;;
11/11/2017;16:56:00;461;com vítima;26,739;BR-060/DF;Norte;Choque - Arvore;;;;;1;;;;;;1;1;;;
11/11/2017;18:17:00;515;sem vítima;59,1;BR-153/MG;Sul;Carreta deu L;;;1;;;;;;;;1;;;;
11/11/2017;18:19:00;517;sem vítima;507,041;BR-153/GO;Sul;Choque - Defensa, barreira ou "submarino";1;;;;;;;;;;1;;;;
11/11/2017;19:28:00;558;sem vítima;210,1;BR-153/MG;Sul;Saida de Pista;;;2;;;;;;;;2;;;;
11/11/2017;22:28:00;633;sem vítima;718,868;BR-262/MG;Oeste;Saida de Pista;1;;;;;;;;;;1;;;;
11/11/2017;22:29:00;634;com vítima;15,662;BR-060/GO;Norte;Atropelamento - Usuário;;;;;;1;;;;;1;;1;;
11/11/2017;23:34:00;659;sem vítima;85,31;BR-060/GO;Sul;Colisão Traseira;2;;;;;;;;;;6;;;;
12/11/2017;00:17:00;6;com vítima;117,925;BR-060/GO;Sul;Atropelamento - Usuário;1;;;;;1;;;;;2;;;1;
12/11/2017;01:03:00;23;com vítima;108,666;BR-060/GO;Norte;Choque - Defensa, barreira ou "submarino";1;;;;;;;;;;0;2;;;
12/11/2017;01:09:00;24;sem vítima;473,014;BR-262/MG;Oeste;Saida de Pista;1;;;;;;;;;;2;;;;
12/11/2017;06:32:00;103;sem vítima;17,2;BR-153/MG;Sul;Carreta deu L;;;1;;;;;;;;1;;;;
12/11/2017;06:47:00;109;com vítima;354;BR-262/MG;Oeste;Choque - Defensa, barreira ou "submarino";1;;;;;;;;;;0;;;1;
12/11/2017;07:38:00;122;com vítima;507,838;BR-153/GO;Sul;Capotamento;1;;;;;;;;;;0;2;;1;
12/11/2017;10:42:00;214;com vítima;381,8;BR-262/MG;Leste;Queda de Moto;;;;1;;;;;;;0;;;1;
12/11/2017;10:53:00;223;sem vítima;402;BR-262/MG;Oeste;Queda de Moto;;;;1;;;;;;;1;;;;
12/11/2017;15:42:00;350;sem vítima;17,2;BR-153/MG;Norte;Choque - Elemento de Drenagem;1;;;;;;;;;;2;;;;
12/11/2017;18:01:00;421;com vítima;101;BR-060/GO;Norte;Queda de Moto;;;;1;;;;;;;1;1;;;
12/11/2017;19:27:00;480;com vítima;207,138;BR-153/MG;Sul;Queda de Moto;;;;1;;;;;;;0;1;;;
12/11/2017;21:13:00;537;sem vítima;246;BR-153/MG;Sul;Saida de Pista;1;;;;;;;;;;1;;;;
13/11/2017;04:55:00;68;com vítima;490;BR-153/GO;Norte;Colisão Traseira;;1;1;;;;;;;;1;1;;;
13/11/2017;08:44:00;148;com vítima;244,52;BR-153/MG;Sul;Colisão Transversal;;;;1;;;;;;1;0;2;1;;
13/11/2017;09:23:00;181;com vítima;89,7;BR-060/GO;Norte;Queda de Moto;;;;1;;;;;;;0;1;;;
13/11/2017;09:31:00;186;com vítima;692,372;BR-153/GO;Sul;Capotamento;1;;;;;;;;;;0;;;4;1
13/11/2017;12:47:00;313;com vítima;20,8;BR-060/GO;Sul;Choque - Suporte de Sinalização;1;;;;;;;;;;0;1;;;
13/11/2017;15:31:00;418;sem vítima;874,34;BR-262/MG;Leste;Saida de Pista;;;1;;;;;;;;1;;;;
13/11/2017;16:22:00;462;com vítima;13,9;BR-153/MG;Sul;Tombamento;;;;;1;;;;;;1;;3;;
13/11/2017;16:27:00;465;sem vítima;374,5;BR-262/MG;Oeste;Queda de Moto;;;;1;;;;;;;1;;;;
13/11/2017;19:23:00;574;sem vítima;510;BR-153/GO;Norte;Colisão Traseira;1;;1;;;;;;;;3;;;;
13/11/2017;19:56:00;598;sem vítima;496,6;BR-153/GO;Norte;Colisão Transversal;1;;1;;;;;;;;2;;;;
13/11/2017;22:22:00;672;com vítima;700,134;BR-153/GO;Sul;Colisão Traseira;;;2;;;;;;;;1;2;;;
14/11/2017;03:29:00;56;com vítima;540,9;BR-262/MG;Oeste;Capotamento;1;;;;;;;;;;0;2;;;
14/11/2017;06:16:00;99;com vítima;356,1;BR-262/MG;Oeste;Choque - Suporte de Sinalização;1;;;;;;;;;;0;1;;;
14/11/2017;06:24:00;105;com vítima;65,666;BR-060/GO;Sul;Capotamento;1;;;;;;;;;;0;1;;;
14/11/2017;07:08:00;131;com vítima;121,439;BR-060/GO;Norte;Colisão Traseira;1;;;1;;;;;;;0;2;1;;
14/11/2017;08:20:00;179;com vítima;360;BR-262/MG;Oeste;Queda de Moto;;;;1;;;;;;;0;;1;;
14/11/2017;15:29:00;507;com vítima;510,357;BR-153/GO;Sul;Atropelamento - Usuário;;;1;1;;;;;;;2;;;;1
14/11/2017;15:39:00;511;com vítima;112,06;BR-060/GO;Norte;Colisão Traseira;;;2;;;;;;;;2;;;1;
14/11/2017;15:53:00;522;sem vítima;536;BR-262/MG;Leste;Choque - Veiculo parado no acostamento;1;;;;;1;;;;;2;;;;
14/11/2017;16:45:00;560;com vítima;491,09;BR-153/GO;Norte;Colisão Lateral;1;;;1;;;;;;;1;;1;;
14/11/2017;18:40:00;638;com vítima;470,567;BR-262/MG;Leste;Colisão Traseira;2;;;;;;;;;;3;1;;;
14/11/2017;19:02:00;656;sem vítima;2,4;BR-060/DF;Sul;Colisão Lateral;;;1;1;;;;;;;2;;;;
14/11/2017;20:18:00;693;sem vítima;518,173;BR-262/MG;Oeste;Saida de Pista;1;;;;;;;;;;1;;;;
15/11/2017;02:45:00;58;com vítima;28,1;BR-153/MG;Norte;Capotamento;1;;;;;;;;;;0;1;;;
15/11/2017;06:04:00;105;sem vítima;495;BR-153/GO;Sul;Choque - Suporte de Sinalização;1;;;;;;;;;;4;;;;
15/11/2017;06:36:00;128;sem vítima;434;BR-262/MG;Oeste;Choque - Defensa, barreira ou "submarino";1;;;;;;;;;;1;;;;
15/11/2017;14:12:00;399;sem vítima;3;BR-060/GO;Norte;Saida de Pista;1;;;;;;;;;;1;;;;
15/11/2017;16:23:00;487;sem vítima;804;BR-262/MG;Leste;Queda de Moto;1;;;1;;;;;;;2;;;;
15/11/2017;17:13:00;521;sem vítima;76,001;BR-153/MG;Norte;Tombamento;;;1;;;;;;;;1;;;;
15/11/2017;18:20:00;577;sem vítima;16,337;BR-060/GO;Sul;Choque - Elemento de Drenagem;1;;;;;;;;;;1;;;;
16/11/2017;07:15:00;92;sem vítima;513,5;BR-153/GO;Sul;Colisão Traseira;1;;1;;;;;;;;2;;;;
16/11/2017;07:17:00;94;com vítima;432,3;BR-262/MG;Oeste;Capotamento;;;;;;;;;;1;0;3;;;
16/11/2017;07:32:00;101;sem vítima;92,8;BR-060/GO;Sul;Colisão Lateral;2;;;;;;;;;;2;;;;
16/11/2017;08:04:00;112;com vítima;786,5;BR-262/MG;Oeste;Capotamento;1;;;;;;;;;;0;1;;;
16/11/2017;08:40:00;137;com vítima;506,9;BR-153/GO;Sul;Colisão Traseira;1;;;1;;;;;;;2;;1;;
16/11/2017;09:18:00;165;com vítima;94,099;BR-060/GO;Norte;Colisão Traseira;1;;;1;;;;;;;1;1;;;
16/11/2017;09:51:00;191;com vítima;651,4;BR-153/GO;Sul;Capotamento;1;;;;;;;;;;1;2;2;;
16/11/2017;10:05:00;203;com vítima;222;BR-153/MG;Sul;Choque - Arvore;;;1;;;;;;;;0;1;;;
16/11/2017;10:35:00;218;sem vítima;42,539;BR-060/GO;Sul;Choque - Elemento de Drenagem;1;;;;;;;;;;1;;;;
16/11/2017;14:45:00;351;sem vítima;500,8;BR-153/GO;Sul;Engavetamento;3;;;;;;;;;;3;;;;
16/11/2017;18:33:00;473;com vítima;495;BR-153/GO;Norte;Queda de Moto;;;;1;;;;;;;0;1;;;
16/11/2017;23:05:00;631;sem vítima;148,4;BR-153/MG;Norte;Atropelamento de Animal;;;1;;;;;;;;1;;;;
17/11/2017;02:50:00;47;sem vítima;490,5;BR-262/MG;Oeste;Choque - Elemento de Drenagem;1;;;;;;;;;;1;;;;
17/11/2017;07:36:00;126;sem vítima;502,5;BR-153/GO;Norte;Colisão Traseira;2;;;;;;;;;;2;;;;
17/11/2017;08:16:00;149;sem vítima;502,1;BR-153/GO;Norte;Colisão Traseira;2;;;;;;;;;;2;;;;
17/11/2017;08:24:00;156;com vítima;502,1;BR-153/GO;Norte;Colisão Traseira;1;;;1;;;;;;;2;1;;;
17/11/2017;10:03:00;214;com vítima;494;BR-153/GO;Sul;Queda de Moto;;;;1;;;;;;;0;2;;;
17/11/2017;12:44:00;302;sem vítima;100,5;BR-060/GO;Sul;Colisão Traseira;;;2;;;;;;;;2;;;;
17/11/2017;15:28:00;387;com vítima;24,3;BR-060/DF;Norte;Saida de Pista;1;;;;;;;;;;0;1;;;
17/11/2017;15:40:00;396;sem vítima;18,699;BR-060/DF;Norte;Choque - Outros;;;;;;1;;;;;1;;;;
17/11/2017;16:12:00;413;com vítima;24,2;BR-060/GO;Norte;Tombamento;;;;;;;;;;1;0;1;;;
17/11/2017;16:32:00;427;sem vítima;849,1;BR-262/MG;Leste;Tombamento;;;1;;;;;;;;1;;;;
17/11/2017;16:46:00;434;sem vítima;19,9;BR-060/GO;Sul;Colisão Traseira;;;;;;1;;;;1;4;;;;
17/11/2017;17:04:00;442;com vítima;583,3;BR-153/GO;Sul;Queda de Moto;;;;1;;;;;;;0;1;;;
17/11/2017;19:20:00;533;com vítima;595;BR-262/MG;Leste;Capotamento;1;;;;;;;;;;0;1;;;
17/11/2017;19:40:00;547;com vítima;388;BR-262/MG;Oeste;Capotamento;1;;;;;;;;;;0;1;;;
17/11/2017;22:11:00;619;sem vítima;437;BR-262/MG;Leste;Choque - Outros;1;;1;;;;;;;;2;;;;
17/11/2017;22:49:00;638;com vítima;58;BR-153/MG;Norte;Tombamento;;;1;;;;;;;;0;2;;;
17/11/2017;22:51:00;639;com vítima;520,178;BR-262/MG;Leste;Engavetamento;;;4;;;;;;;;3;;1;;
18/11/2017;00:58:00;13;sem vítima;495;BR-153/GO;Sul;Choque - Defensa, barreira ou "submarino";1;;;;;;;;;;1;;;;
18/11/2017;01:27:00;18;com vítima;124,4;BR-153/MG;Sul;Saida de Pista;;;1;;;;;;;;1;;1;;
18/11/2017;02:01:00;26;com vítima;361;BR-262/MG;Leste;Colisão Traseira;1;;1;;;;;;;;1;5;;;
18/11/2017;05:55:00;90;com vítima;499;BR-153/GO;Sul;Queda de Moto;;;;1;;;;;;;0;1;1;;
18/11/2017;06:52:00;118;sem vítima;401,831;BR-262/MG;Oeste;Choque - Talude;1;;;;;;;;;;1;;;;
18/11/2017;06:59:00;125;sem vítima;384;BR-262/MG;Oeste;Choque - Elemento de Drenagem;1;;;;;;;;;;1;;;;
18/11/2017;07:35:00;141;sem vítima;382;BR-262/MG;Oeste;Capotamento;1;;;;;;;;;;1;;;;
18/11/2017;08:06:00;154;sem vítima;380,1;BR-262/MG;Oeste;Choque - Defensa, barreira ou "submarino";1;;;;;;;;;;2;;;;
18/11/2017;08:32:00;169;sem vítima;465;BR-262/MG;Leste;Carreta deu L;;;1;;;;;;;;1;;;;
18/11/2017;14:41:00;379;sem vítima;590;BR-262/MG;Leste;Choque - Defensa, barreira ou "submarino";1;;;;;;;;;;1;;;;
18/11/2017;16:48:00;477;sem vítima;817,5;BR-262/MG;Leste;Choque - Elemento de Drenagem;1;;;;;;;;;;1;;;;
18/11/2017;17:07:00;488;com vítima;700;BR-153/GO;Norte;Queda de Ciclista;;;;1;;;;;;;0;1;;;
18/11/2017;18:42:00;551;com vítima;595,671;BR-262/MG;Oeste;Capotamento;1;;;;;;;;;;0;;1;;
18/11/2017;18:58:00;561;com vítima;93,643;BR-060/GO;Sul;Queda de Moto;;;;1;;;;;;;1;1;;;
18/11/2017;19:13:00;567;sem vítima;382,668;BR-262/MG;Oeste;Choque - Defensa, barreira ou "submarino";1;;;;;;;;;;2;;;;
18/11/2017;21:31:00;616;sem vítima;701;BR-153/GO;Norte;Saida de Pista;1;;;;;;;;;;1;;;;
18/11/2017;22:36:00;640;sem vítima;137,676;BR-060/GO;Sul;Choque - Defensa, barreira ou "submarino";1;;;;;;;;;;3;;;;
19/11/2017;03:41:00;50;sem vítima;549;BR-262/MG;Leste;Choque - Defensa, barreira ou "submarino";1;;;;;;;;;;3;;;;
19/11/2017;04:57:00;71;com vítima;505,322;BR-153/GO;Norte;Colisão Traseira;1;;;1;;;;;;;1;2;;;
19/11/2017;06:00:00;90;com vítima;495;BR-153/GO;Norte;Queda de Moto;;;;1;;;;;;;0;;1;;
19/11/2017;06:18:00;96;sem vítima;495;BR-153/GO;Norte;Colisão Traseira;2;;;;;;;;;;2;;;;
19/11/2017;08:23:00;165;sem vítima;508;BR-153/GO;Sul;Saida de Pista;1;;;;;;;;;;1;;;;
19/11/2017;10:06:00;246;sem vítima;490,826;BR-153/GO;Norte;Colisão Traseira;;;;1;;;;;;;1;;;;
19/11/2017;10:08:00;248;sem vítima;578,95;BR-153/GO;Norte;Choque - Talude;1;;;;;;;;;;2;;;;
19/11/2017;10:43:00;262;com vítima;47,589;BR-060/GO;Sul;Colisão Traseira;;;;1;1;;;;;;1;1;;;
19/11/2017;10:54:00;270;com vítima;592;BR-153/GO;Norte;Colisão Traseira;;;2;;;;;;;;1;1;;;
19/11/2017;11:30:00;289;com vítima;358;BR-262/MG;Leste;Choque - Talude;1;;;;;;;;;;0;2;;;
19/11/2017;11:45:00;295;sem vítima;590;BR-262/MG;Oeste;Choque - Defensa, barreira ou "submarino";;;;;;;;;;1;2;;;;
19/11/2017;12:48:00;332;com vítima;538,8;BR-262/MG;Leste;Colisão Traseira;1;;;;;1;;;;;2;1;;;
19/11/2017;12:52:00;336;sem vítima;632,9;BR-262/MG;Oeste;Tombamento;1;;1;;;;;;;;2;;;;
19/11/2017;13:06:00;347;sem vítima;438;BR-262/MG;Oeste;Colisão Lateral;2;;;;;;;;;;2;;;;
19/11/2017;15:45:00;428;com vítima;534;BR-262/MG;Leste;Capotamento;1;;;;;;;;;;0;2;;;
19/11/2017;16:23:00;452;com vítima;575,001;BR-262/MG;Leste;Capotamento;1;;;;;;;;;;2;2;;;
19/11/2017;16:27:00;455;sem vítima;44,7;BR-153/MG;Norte;Colisão Lateral;1;;1;;;;;;;;3;;;;
19/11/2017;17:06:00;477;com vítima;8,641;BR-060/DF;Norte;Capotamento;1;;;;;;;;;;0;;;;1
19/11/2017;17:28:00;486;sem vítima;11,1;BR-060/DF;Norte;Capotamento;;;;;;;;;;1;1;;;;
19/11/2017;17:53:00;499;sem vítima;360,9;BR-262/MG;Oeste;Capotamento;1;;;;;;;;;;1;;;;
19/11/2017;17:55:00;500;sem vítima;608,001;BR-262/MG;Leste;Choque - Talude;;;1;;;;;;;;2;;;;
19/11/2017;18:29:00;515;sem vítima;384,76;BR-262/MG;Oeste;Capotamento;1;;;;;;;;;;2;;;;
19/11/2017;18:52:00;528;sem vítima;405,1;BR-262/MG;Leste;Saida de Pista;1;;;;;;;;;;2;;;;
19/11/2017;19:04:00;530;sem vítima;61,05;BR-153/MG;Sul;Saida de Pista;;;1;;;;;;;;1;;;;
19/11/2017;20:09:00;569;com vítima;207,1;BR-153/MG;Sul;Capotamento;;;;;;;;;;1;0;3;;;
19/11/2017;20:56:00;588;sem vítima;549,034;BR-262/MG;Leste;Saida de Pista;1;;;;;1;;;;;2;;;;
19/11/2017;21:33:00;600;sem vítima;503,641;BR-262/MG;Leste;Saida de Pista;;;;;1;;;;;;2;;;;
19/11/2017;22:32:00;613;sem vítima;410,314;BR-262/MG;Oeste;Saida de Pista;1;;;;;;;;;;1;;;;
20/11/2017;00:28:00;10;sem vítima;415,24;BR-262/MG;Leste;Choque - Talude;1;;;;;;;;;;3;;;;
20/11/2017;00:37:00;13;com vítima;78,661;BR-060/GO;Norte;Queda de Moto;;;;1;;;;;;;0;;2;;
20/11/2017;01:39:00;27;sem vítima;72,911;BR-060/GO;Norte;Choque - Defensa, barreira ou "submarino";1;;;;;;;;;;1;;;;
20/11/2017;06:43:00;94;sem vítima;547,044;BR-262/MG;Leste;Saida de Pista;1;;;;;;;;;;1;;;;
20/11/2017;07:25:00;111;sem vítima;76,5;BR-153/MG;Norte;Choque - Defensa, barreira ou "submarino";;;1;;;;;;;;1;;;;
20/11/2017;07:28:00;113;sem vítima;393,8;BR-262/MG;Oeste;Saida de Pista;1;;;;;;;;;;1;;;;
20/11/2017;07:39:00;123;sem vítima;372;BR-262/MG;Oeste;Choque - Elemento de Drenagem;1;;;;;;;;;;1;;;;
20/11/2017;13:28:00;290;sem vítima;501,3;BR-153/GO;Sul;Colisão Traseira;2;;;;;;;;;;3;;;;
20/11/2017;15:03:00;338;com vítima;36,9;BR-153/MG;Sul;Capotamento;1;;;;;;;;;;0;1;;;
20/11/2017;16:04:00;377;com vítima;16,3;BR-153/MG;Norte;Saida de Pista;1;;;;;;;;;;0;3;;;
20/11/2017;20:02:00;514;sem vítima;364;BR-262/MG;Leste;Colisão Lateral;1;;1;;;;;;;;2;;;;
20/11/2017;20:15:00;525;sem vítima;364;BR-262/MG;Leste;Colisão Traseira;;;2;;;;;;;;2;;;;
20/11/2017;20:37:00;532;com vítima;9,99;BR-060/DF;Sul;Choque - Objeto sobre a pista;;;;1;;;;;;;1;1;;;
20/11/2017;22:31:00;569;sem vítima;1,873;BR-153/MG;Sul;Tombamento;;;1;;;;;;;;1;;;;
21/11/2017;01:15:00;20;com vítima;483,4;BR-262/MG;Leste;Colisão Traseira;;;2;;;;;;;;1;1;;;
21/11/2017;05:27:00;68;com vítima;427,3;BR-262/MG;Leste;Colisão Traseira;;;2;;;;;;;;1;;1;;
21/11/2017;05:39:00;71;sem vítima;431;BR-262/MG;Leste;Choque - Suporte de Sinalização;1;;;;;;;;;;1;;;;
21/11/2017;07:43:00;118;sem vítima;549;BR-262/MG;Oeste;Choque - Defensa, barreira ou "submarino";1;;;;;;;;;;1;;;;
21/11/2017;08:08:00;128;sem vítima;58;BR-153/MG;Norte;Tombamento;;;1;;;;;;;;1;;;;
21/11/2017;08:23:00;138;com vítima;500,012;BR-153/GO;Sul;Colisão Traseira;1;;;1;;;;;;;1;1;;;
21/11/2017;08:30:00;140;sem vítima;400;BR-262/MG;Leste;Colisão Traseira;1;;1;;;;;;;;2;;;;
21/11/2017;09:21:00;163;sem vítima;388;BR-262/MG;Leste;Choque - Suporte de Sinalização;1;;;;;;;;;;1;;;;