data;horario;n_da_ocorrencia;tipo_de_ocorrencia;km;trecho;sentido;tipo_de_acidente;automovel;bicicleta;caminhao;moto;onibus;outros;tracao_animal;transporte_de_cargas_especiais;trator_maquinas;utilitarios;ilesos;levemente_feridos;moderadamente_feridos;gravemente_feridos;mortos
21/11/2017;09:24:00;168;com vítima;382;BR-262/MG;Leste;Capotamento;1;;;;;;;;;;2;1;;;
21/11/2017;11:14:00;216;com vítima;585,002;BR-153/GO;Sul;Queda de Moto;;;;1;;;;;;;0;1;;;
21/11/2017;11:47:00;234;sem vítima;403;BR-262/MG;Leste;Choque - Talude;1;;;;;;;;;;1;;;;
21/11/2017;11:58:00;239;com vítima;499;BR-153/GO;Norte;Queda de Moto;;;;1;;;;;;;0;1;;;
21/11/2017;12:21:00;249;com vítima;574;BR-262/MG;Leste;Capotamento;1;;;;;;;;;;0;2;;;
21/11/2017;12:47:00;256;sem vítima;101,212;BR-060/GO;Norte;Colisão Traseira;1;;1;;;;;;;;2;;;;
21/11/2017;14:26:00;303;sem vítima;380;BR-262/MG;Oeste;Choque - Outros;1;;;;;;;;;;1;;;;
21/11/2017;14:30:00;306;sem vítima;549;BR-262/MG;Leste;Choque - Defensa, barreira ou "submarino";1;;;;;;;;;;1;;;;
21/11/2017;15:04:00;324;com vítima;4,3;BR-060/DF;Norte;Atropelamento de Animal;;;;1;;;;;;;0;1;;;
21/11/2017;16:02:00;353;com vítima;47;BR-060/GO;Norte;Saida de Pista;1;;;;;;;;;;0;1;;;
21/11/2017;17:28:00;390;sem vítima;24;BR-153/MG;Sul;Saida de Pista;1;;;;;;;;;;1;;;;
21/11/2017;17:29:00;391;com vítima;75;BR-060/GO;Norte;Capotamento;1;;;;;;;;;;0;1;;;
21/11/2017;17:51:00;406;com vítima;594,25;BR-262/MG;Leste;Colisão Transversal;;;1;;;;;;;1;0;1;;;1
21/11/2017;17:59:00;412;sem vítima;48;BR-060/GO;Sul;Choque - Defensa, barreira ou "submarino";1;;;;;;;;;;2;;;;
21/11/2017;18:13:00;417;sem vítima;594,1;BR-262/MG;Leste;Capotamento;1;;;;;;;;;;1;;;;
21/11/2017;19:15:00;441;sem vítima;56,5;BR-060/GO;Sul;Choque - Defensa, barreira ou "submarino";1;;;;;;;;;;1;;;;
21/11/2017;20:19:00;468;sem vítima;2;BR-153/MG;Sul;Colisão Lateral;1;;1;;;;;;;;2;;;;
21/11/2017;20:34:00;477;sem vítima;96,5;BR-060/GO;Sul;Saida de Pista;1;;;;;;;;;;1;;;;
21/11/2017;21:47:00;500;sem vítima;630,3;BR-153/GO;Sul;Colisão Traseira;;;2;;;;;;;;2;;;;
22/11/2017;00:26:00;7;sem vítima;509;BR-153/GO;Sul;Choque - Outros;1;;;;;;;;;;2;;;;
22/11/2017;02:38:00;29;com vítima;497,501;BR-153/GO;Norte;Choque - Poste;;;1;;;;;;;;0;1;;;
22/11/2017;02:58:00;32;sem vítima;497;BR-153/GO;Norte;Choque - Poste;1;;;;;;;;;;1;;;;
22/11/2017;03:14:00;35;com vítima;497;BR-153/GO;Sul;Queda de Moto;;;;1;;;;;;;0;1;;;
22/11/2017;03:32:00;42;sem vítima;497,2;BR-153/GO;Norte;Choque - Poste;1;;;;;;;;;;1;;;;
22/11/2017;03:34:00;44;sem vítima;605;BR-262/MG;Leste;Saida de Pista;;;1;;;;;;;;1;;;;
22/11/2017;03:08:00;55;sem vítima;497,501;BR-153/GO;Norte;Carreta deu L;;;1;;;;;;;;1;;;;
22/11/2017;05:22:00;67;sem vítima;882;BR-262/MG;Oeste;Saida de Pista;;;;;;;;;;1;1;;;;
22/11/2017;05:32:00;70;sem vítima;497;BR-153/GO;Sul;Colisão Traseira;1;;1;;;;;;;;2;;;;
22/11/2017;05:36:00;73;com vítima;8;BR-153/MG;Sul;Capotamento;;;;;;;;;;1;0;2;;;
22/11/2017;05:37:00;75;sem vítima;497;BR-153/GO;Sul;Colisão Traseira;1;;;;;1;;;;;2;;;;
22/11/2017;08:00:00;125;com vítima;79,5;BR-060/GO;Sul;Queda de Moto;;;;1;;;;;;;0;1;;;
22/11/2017;08:08:00;136;sem vítima;108;BR-153/MG;Norte;Saida de Pista;1;;;;;;;;;;1;;;;
22/11/2017;11:20:00;285;sem vítima;553;BR-262/MG;Leste;Colisão Lateral;;;2;;;;;;;;2;;;;
22/11/2017;12:23:00;326;sem vítima;57,4;BR-153/MG;Sul;Colisão Traseira;2;;1;;;;;;;;6;;;;
22/11/2017;13:54:00;367;sem vítima;503,405;BR-153/GO;Sul;Colisão Traseira;2;;1;;;;;;;;3;;;;
22/11/2017;15:06:00;406;sem vítima;622;BR-262/MG;Leste;Capotamento;1;;;;;;;;;;1;;;;
22/11/2017;15:22:00;424;sem vítima;607;BR-262/MG;Leste;Saida de Pista;;;;;;;;;;2;2;;;;
22/11/2017;16:28:00;461;com vítima;385;BR-262/MG;Oeste;Capotamento;1;;;;;;;;;;0;1;;;
22/11/2017;16:36:00;466;sem vítima;664;BR-153/GO;Sul;Choque - Elemento de Drenagem;1;;;;;;;;;;2;;;;
22/11/2017;17:43:00;501;com vítima;442;BR-262/MG;Leste;Capotamento;1;;;;;;;;;;0;1;;;
22/11/2017;17:46:00;503;sem vítima;501,427;BR-153/GO;Sul;Engavetamento;4;;;;;;;;;;5;;;;
22/11/2017;18:11:00;520;sem vítima;617,9;BR-153/GO;Norte;Saida de Pista;;;;;;;;;;1;1;;;;
22/11/2017;18:14:00;521;com vítima;531;BR-262/MG;Leste;Colisão Traseira;1;;1;;;;;;;;1;1;;;
22/11/2017;20:41:00;581;sem vítima;359,269;BR-262/MG;Oeste;Queda de Moto;;;;1;;;;;;;1;;;;
23/11/2017;00:21:00;12;com vítima;23,948;BR-060/GO;Norte;Colisão Frontal;1;;;1;;;;;;;2;;;;1
23/11/2017;01:56:00;43;sem vítima;57,346;BR-060/GO;Sul;Capotamento;1;;;;;;;;;;2;;;;
23/11/2017;04:56:00;88;com vítima;23,5;BR-153/MG;Norte;Capotamento;1;;;;;;;;;;2;;1;;
23/11/2017;08:17:00;163;sem vítima;442;BR-262/MG;Oeste;Choque - Arvore;1;;;;;;;;;;1;;;;
23/11/2017;08:42:00;191;sem vítima;382;BR-262/MG;Leste;Choque - Defensa, barreira ou "submarino";1;;;;;;;;;;1;;;;
23/11/2017;08:44:00;193;sem vítima;28,947;BR-060/DF;Norte;Choque - Talude;1;;;;;;;;;;1;;;;
23/11/2017;08:56:00;202;com vítima;388;BR-262/MG;Oeste;Choque - Elemento de Drenagem;1;;;;;;;;;;0;;1;;
23/11/2017;09:48:00;263;sem vítima;369;BR-262/MG;Leste;Choque - Defensa, barreira ou "submarino";1;;;;;;;;;;1;;;;
23/11/2017;10:32:00;293;com vítima;14,577;BR-060/DF;Sul;Capotamento;1;;;;;;;;;;0;1;;;
23/11/2017;11:20:00;322;com vítima;593;BR-153/GO;Norte;Capotamento;1;;;;;;;;;;0;3;;;
23/11/2017;13:55:00;436;com vítima;97,125;BR-060/GO;Norte;Capotamento;1;;;;;;;;;;0;1;;;
23/11/2017;14:03:00;443;sem vítima;0,8;BR-153/MG;Sul;Colisão Transversal;;;1;;;;;;;1;5;;;;
23/11/2017;14:17:00;450;sem vítima;783,8;BR-262/MG;Leste;Choque - Outros;1;;;;;;;;;;1;;;;
23/11/2017;18:54:00;618;sem vítima;759,272;BR-262/MG;Oeste;Colisão Traseira;;;2;;;;;;;;2;;;;
23/11/2017;21:14:00;687;sem vítima;506,021;BR-153/GO;Norte;Colisão Traseira;2;;;;;;;;;;2;;;;
23/11/2017;21:36:00;698;sem vítima;71;BR-153/MG;Norte;Saida de Pista;1;;;;;;;;;;1;;;;
23/11/2017;23:14:00;737;sem vítima;738,162;BR-262/MG;Leste;Saida de Pista;;;1;;;;;;;;1;;;;
24/11/2017;07:48:00;155;com vítima;500,014;BR-153/GO;Sul;Colisão Traseira;1;;;1;;;;;;;1;1;;;
24/11/2017;13:20:00;374;sem vítima;497,5;BR-153/GO;Norte;Engavetamento;3;;;;;;;;;;3;;;;
24/11/2017;14:24:00;411;com vítima;617,8;BR-262/MG;Leste;Tombamento;;;1;;;;;;;;0;1;;;
24/11/2017;16:38:00;479;sem vítima;498,2;BR-153/GO;Sul;Colisão Traseira;2;;;;;;;;;;2;;;;
24/11/2017;16:49:00;485;sem vítima;491;BR-153/GO;Sul;Colisão Traseira;2;;;;;;;;;;2;;;;
24/11/2017;17:20:00;506;sem vítima;30;BR-060/DF;Norte;Tombamento;;;1;;;;;;;;1;;;;
24/11/2017;17:23:00;508;sem vítima;676,5;BR-262/MG;Oeste;Choque - Talude;1;;;;;;;;;;1;;;;
24/11/2017;17:37:00;514;sem vítima;505;BR-153/GO;Sul;Colisão Lateral;1;;1;;;;;;;;2;;;;
24/11/2017;18:18:00;541;com vítima;32;BR-060/GO;Norte;Queda de Ciclista;;1;;;;;;;;;0;1;;;
25/11/2017;00:19:00;12;com vítima;519,3;BR-153/GO;Sul;Capotamento;1;;;;;;;;;;0;1;;1;
25/11/2017;03:35:00;63;com vítima;505,1;BR-153/GO;Norte;Queda de Moto;;;;1;;;;;;;0;1;;;
25/11/2017;06:56:00;178;com vítima;129,3;BR-060/GO;Sul;Colisão Traseira;1;;;1;;;;;;;0;1;;1;
25/11/2017;07:38:00;198;com vítima;508;BR-153/GO;Norte;Colisão Traseira;1;;;1;;;;;;;1;;1;;
25/11/2017;11:09:00;356;sem vítima;135,153;BR-060/GO;Norte;Colisão Traseira;1;;1;;;;;;;;2;;;;
25/11/2017;11:18:00;363;sem vítima;502,949;BR-153/GO;Sul;Choque - Defensa, barreira ou "submarino";1;;;;;;;;;;1;;;;
25/11/2017;13:39:00;442;com vítima;495,59;BR-153/GO;Norte;Queda de Moto;;;;1;;;;;;;0;1;;;
25/11/2017;14:06:00;451;sem vítima;496;BR-153/GO;Sul;Colisão Traseira;1;;1;;;;;;;;2;;;;
25/11/2017;17:36:00;571;sem vítima;583,7;BR-153/GO;Norte;Saida de Pista;;;1;;;;;;;;1;;;;
25/11/2017;18:13:00;589;sem vítima;804,3;BR-262/MG;Leste;Colisão Traseira;3;;;;;;;;;;3;;;;
25/11/2017;19:25:00;625;sem vítima;120,2;BR-060/GO;Sul;Saida de Pista;1;;;;;;;;;;1;;;;
25/11/2017;20:01:00;644;com vítima;101,2;BR-060/GO;Sul;Colisão Traseira;1;;;1;;;;;;;1;1;;;
25/11/2017;20:11:00;646;com vítima;630;BR-153/GO;Norte;Queda de Moto;;;;1;;;;;;;0;1;;;
25/11/2017;20:38:00;661;sem vítima;503,199;BR-153/GO;Sul;Saida de Pista;1;;;;;;;;;;1;;;;
25/11/2017;20:49:00;665;com vítima;509,8;BR-153/GO;Sul;Colisão Lateral;1;;1;;;;;;;;2;1;;;
26/11/2017;05:56:00;100;com vítima;511,122;BR-153/GO;Sul;Queda de Moto;;;;1;;;;;;;0;;1;;
26/11/2017;06:30:00;110;sem vítima;10,164;BR-060/GO;Norte;Choque - Elemento de Drenagem;1;;;;;;;;;;1;;;;
26/11/2017;07:11:00;123;sem vítima;380;BR-262/MG;Leste;Capotamento;1;;;;;;;;;;1;;;;
26/11/2017;07:16:00;125;com vítima;27,311;BR-060/DF;Norte;Capotamento;;;;;;;;;;1;0;;2;;
26/11/2017;07:29:00;131;sem vítima;675;BR-262/MG;Oeste;Capotamento;1;;;;;;;;;;1;;;;
26/11/2017;10:44:00;256;sem vítima;546,2;BR-153/GO;Sul;Saida de Pista;1;;;;;;;;;;1;;;;
26/11/2017;11:03:00;271;com vítima;42,287;BR-153/MG;Sul;Tombamento;;;1;;;;;;;;2;1;;;
26/11/2017;11:22:00;277;sem vítima;9,698;BR-060/DF;Norte;Choque - Suporte de Sinalização;1;;;;;;;;;;1;;;;
26/11/2017;11:39:00;284;sem vítima;57,001;BR-153/MG;Sul;Carreta deu L;;;1;;;;;;;;1;;;;
26/11/2017;11:46:00;289;sem vítima;150;BR-153/MG;Norte;Saida de Pista;1;;;;;;;;;;4;;;;
26/11/2017;14:29:00;349;com vítima;532;BR-153/GO;Sul;Choque - Suporte de Sinalização;1;;;;;;;;;;1;1;;;
26/11/2017;16:27:00;425;sem vítima;358;BR-262/MG;Leste;Choque - Talude;1;;;;;;;;;;1;;;;
26/11/2017;16:56:00;445;com vítima;561,5;BR-153/GO;Norte;Queda de Moto;;;;1;;;;;;;0;1;;;
26/11/2017;17:07:00;451;sem vítima;165,5;BR-153/MG;Norte;Choque - Outros;1;;;;;;;;;;2;;;;
26/11/2017;17:58:00;487;sem vítima;355,567;BR-262/MG;Leste;Queda de Moto;;;;1;;;;;;;2;;;;
26/11/2017;18:45:00;514;com vítima;546,788;BR-262/MG;Leste;Tombamento;;;1;;;;;;;;0;1;;;
26/11/2017;19:57:00;552;sem vítima;115,778;BR-060/GO;Sul;Saida de Pista;1;;;;;;;;;;1;;;;
26/11/2017;20:03:00;557;sem vítima;429;BR-262/MG;Leste;Saida de Pista;1;;;;;;;;;;3;;;;
26/11/2017;20:06:00;559;sem vítima;16,906;BR-060/GO;Sul;Colisão Traseira;1;;;;;1;;;;;2;;;;
26/11/2017;21:28:00;588;sem vítima;536,01;BR-153/GO;Sul;Colisão Lateral;2;;;;;;;;;;2;;;;
26/11/2017;21:44:00;591;sem vítima;508,9;BR-153/GO;Sul;Colisão Traseira;1;;;1;;;;;;;2;;;;
26/11/2017;23:17:00;630;com vítima;547,298;BR-262/MG;Leste;Tombamento;;;2;;;;;;;;1;1;;;
27/11/2017;01:09:00;20;sem vítima;238,8;BR-153/MG;Sul;Capotamento;1;;;;;;;;;;1;;;;
27/11/2017;02:01:00;34;com vítima;698,8;BR-153/GO;Sul;Choque - Defensa, barreira ou "submarino";;;;1;;;;;;;0;1;;;
27/11/2017;02:46:00;45;sem vítima;702;BR-153/GO;Sul;Saida de Pista;1;;;;;;;;;;1;;;;
27/11/2017;06:51:00;99;sem vítima;382;BR-262/MG;Oeste;Choque - Defensa, barreira ou "submarino";1;;;;;;;;;;3;;;;
27/11/2017;07:10:00;108;com vítima;508,428;BR-153/GO;Norte;Colisão Traseira;;;;1;;;;;;;2;;1;;
27/11/2017;07:35:00;122;com vítima;494;BR-153/GO;Sul;Colisão Traseira;1;;;1;;;;;;;1;1;;;
27/11/2017;09:03:00;200;sem vítima;502;BR-153/GO;Norte;Colisão Traseira;2;;;;;;;;;;2;;;;
27/11/2017;09:03:00;201;sem vítima;514;BR-153/GO;Norte;Colisão Traseira;1;;;;;;;;;1;2;;;;
27/11/2017;11:22:00;361;com vítima;693,001;BR-153/GO;Sul;Colisão Traseira;1;;;1;;;;;;;2;;1;;
27/11/2017;12:14:00;397;com vítima;519,6;BR-153/GO;Norte;Tombamento;;;1;;;;;;;;0;1;;;
27/11/2017;13:35:00;446;sem vítima;20,3;BR-060/GO;Norte;Colisão Lateral;1;;;;;;;;;1;3;;;;
27/11/2017;13:45:00;455;sem vítima;102;BR-060/GO;Sul;Choque - Suporte de Sinalização;1;;;;;;;;;;1;;;;
27/11/2017;14:07:00;472;sem vítima;508;BR-153/GO;Norte;Colisão Traseira;2;;;;;;;;;;2;;;;
27/11/2017;14:07:00;473;sem vítima;508;BR-153/GO;Norte;Colisão Traseira;2;;;;;;;;;;2;;;;
27/11/2017;17:19:00;629;com vítima;513,001;BR-153/GO;Sul;Colisão Lateral;1;;;1;;;;;;;2;1;;;
27/11/2017;17:22:00;631;sem vítima;503,8;BR-153/GO;Sul;Colisão Traseira;;;1;;;;;;;;1;;;;
27/11/2017;20:40:00;735;com vítima;818;BR-262/MG;Oeste;Choque - Defensa, barreira ou "submarino";1;;;;;;;;;;0;;1;;
27/11/2017;22:09:00;770;sem vítima;801,266;BR-262/MG;Oeste;Saida de Pista;1;;;;;;;;;;2;;;;
27/11/2017;23:24:00;792;com vítima;502,199;BR-153/GO;Sul;Queda de Moto;;;;1;;;;;;;1;1;;;
28/11/2017;08:01:00;106;com vítima;496;BR-153/GO;Sul;Queda de Moto;;;1;1;;;;;;;1;;;1;
28/11/2017;09:40:00;189;sem vítima;493,001;BR-153/GO;Norte;Choque - Defensa, barreira ou "submarino";1;;;;;;;;;;2;;;;
28/11/2017;13:44:00;368;sem vítima;83;BR-060/GO;Norte;Choque - Suporte de Sinalização;1;;;;;;;;;;2;;;;
28/11/2017;13:53:00;377;com vítima;381,867;BR-262/MG;Oeste;Colisão Traseira;1;;;;;;;;;;0;1;;;
28/11/2017;14:31:00;407;sem vítima;516;BR-153/GO;Sul;Saida de Pista;1;;;;;;;;;;1;;;;
28/11/2017;15:32:00;444;sem vítima;126;BR-060/GO;Norte;Choque - Veiculo parado no acostamento;;;2;;;;;;;;2;;;;
28/11/2017;15:32:00;445;sem vítima;589,445;BR-262/MG;Oeste;Capotamento;1;;;;;;;;;;2;;;;
28/11/2017;15:40:00;449;com vítima;62;BR-060/GO;Norte;Capotamento;1;;;;;;;;;;0;1;;;
28/11/2017;15:41:00;451;sem vítima;107;BR-060/GO;Norte;Colisão Traseira;1;;1;;;;;;;;2;;;;
28/11/2017;17:45:00;558;sem vítima;502,8;BR-153/GO;Sul;Colisão Traseira;2;;;;;;;;;;2;;;;
28/11/2017;18:47:00;597;com vítima;429,85;BR-262/MG;Leste;Queda de Ciclista;;;;1;;;;;;;0;2;;;
28/11/2017;21:11:00;673;com vítima;58,235;BR-153/MG;Sul;Tombamento;;;1;;;;;;;1;5;1;;;
29/11/2017;01:31:00;32;sem vítima;382,3;BR-262/MG;Oeste;Capotamento;1;;;;;;;;;;1;;;;
29/11/2017;04:18:00;69;com vítima;569,8;BR-262/MG;Leste;Tombamento;1;;1;;;;;;;;1;;1;;
29/11/2017;06:40:00;118;com vítima;94,8;BR-060/GO;Norte;Queda de Moto;;;;1;;;;;;;0;1;;;
29/11/2017;07:10:00;128;sem vítima;28,848;BR-060/DF;Norte;Saida de Pista;1;;;;;;;;;;1;;;;
29/11/2017;07:28:00;134;sem vítima;463;BR-262/MG;Leste;Colisão Traseira;1;;;;;;;;;;1;;;;
29/11/2017;09:22:00;226;com vítima;42,2;BR-153/MG;Norte;Tombamento;;;1;;;;;;;;0;;1;;
29/11/2017;11:45:00;330;com vítima;510,5;BR-153/GO;Norte;Queda de Moto;;;;1;;;;;;;0;2;;;
29/11/2017;12:32:00;358;sem vítima;108,33;BR-153/MG;Norte;Colisão Traseira;1;;;;;;;;;1;2;;;;
29/11/2017;12:56:00;368;com vítima;506,3;BR-153/GO;Sul;Queda de Moto;;;;1;;;;;;;0;2;;;
29/11/2017;14:22:00;436;com vítima;520,6;BR-153/GO;Sul;Queda de Moto;;;;1;;;;;;;0;1;;;
29/11/2017;14:50:00;455;com vítima;674,875;BR-262/MG;Leste;Capotamento;;;1;;;;;;;;0;;;;1
29/11/2017;15:16:00;471;sem vítima;627,7;BR-153/GO;Norte;Saida de Pista;1;;;;;;;;;;2;;;;
29/11/2017;15:36:00;482;sem vítima;609;BR-153/GO;Norte;Carreta deu L;;;1;;;;;;;;1;;;;
29/11/2017;15:59:00;494;sem vítima;27;BR-060/GO;Norte;Choque - Talude;1;;;;;;;;;;1;;;;
29/11/2017;16:09:00;497;sem vítima;22;BR-060/GO;Norte;Tombamento;;;1;;;;;;;;1;;;;
29/11/2017;16:36:00;519;com vítima;127,642;BR-060/GO;Norte;Choque - Talude;1;;;;;;;;;;0;1;;;
29/11/2017;16:47:00;524;sem vítima;122;BR-060/GO;Norte;Capotamento;1;;;;;;;;;;1;;;;
29/11/2017;17:07:00;533;sem vítima;24;BR-060/GO;Sul;Choque - Talude;1;;;;;;;;;;3;;;;
29/11/2017;17:08:00;534;sem vítima;516,6;BR-153/GO;Sul;Carreta deu L;;;1;;;;;;;;1;;;;
29/11/2017;17:14:00;535;sem vítima;517,4;BR-153/GO;Sul;Tombamento;;;1;;;;;;;;1;;;;
29/11/2017;18:16:00;576;sem vítima;509;BR-153/GO;Sul;Colisão Traseira;2;;;;;;;;;;2;;;;
29/11/2017;18:20:00;578;com vítima;3;BR-153/MG;Norte;Colisão Lateral;;;1;1;;;;;;;1;1;;;
29/11/2017;19:41:00;630;sem vítima;663;BR-262/MG;Leste;Colisão Traseira;1;;1;;;;;;;;2;;;;
29/11/2017;21:01:00;674;sem vítima;57,7;BR-060/GO;Sul;Colisão Traseira;2;;;;;;;;;;3;;;;
29/11/2017;21:12:00;676;com vítima;598,399;BR-153/GO;Sul;Choque - Talude;;;1;;;;;;;;0;1;;;
29/11/2017;23:16:00;727;sem vítima;524,7;BR-153/GO;Norte;Colisão Traseira;;;2;;;;;;;;2;;;;
29/11/2017;23:32:00;734;com vítima;74;BR-060/GO;Sul;Choque - Elemento de Drenagem;;;1;;;;;;;;0;1;;;
30/11/2017;01:23:00;23;com vítima;99,5;BR-060/GO;Sul;Choque - Defensa, barreira ou "submarino";1;;;;;;;;;;1;1;;;
30/11/2017;07:13:00;100;sem vítima;99;BR-060/GO;Sul;Choque - Talude;;;1;;;;;;;;1;;;;
30/11/2017;07:35:00;117;sem vítima;494,3;BR-153/GO;Sul;Colisão Traseira;1;;;;;;;;;1;2;;;;
30/11/2017;08:01:00;137;sem vítima;56,922;BR-060/GO;Sul;Capotamento;2;;;;;;;;;;5;;;;
30/11/2017;08:08:00;144;sem vítima;509,041;BR-153/GO;Norte;Engavetamento;3;;;;;;;;;;3;;;;
30/11/2017;08:15:00;152;sem vítima;98;BR-060/GO;Sul;Colisão Traseira;2;;;;;;;;;;2;;;;
30/11/2017;08:40:00;195;sem vítima;56,922;BR-060/GO;Sul;Choque - Veiculo parado no acostamento;1;;2;;;;;;;;7;;;;
30/11/2017;10:30:00;309;sem vítima;617,4;BR-153/GO;Norte;Colisão Lateral;1;;1;;;;;;;;4;;;;
30/11/2017;14:06:00;520;sem vítima;16,2;BR-153/MG;Sul;Colisão Lateral;;;2;;;;;;;;2;;;;
30/11/2017;15:25:00;588;sem vítima;500,1;BR-153/GO;Sul;Colisão Traseira;1;;1;;;;;;;;2;;;;
30/11/2017;18:33:00;707;com vítima;414,67;BR-262/MG;Oeste;Colisão Traseira;1;;1;;;;;;;;0;1;1;;
30/11/2017;18:40:00;709;sem vítima;195,6;BR-153/MG;Sul;Colisão Traseira;;;2;;;;;;;;2;;;;
30/11/2017;19:19:00;727;com vítima;494,065;BR-153/GO;Norte;Queda de Ciclista;;;;1;;;;;;;0;1;;;
30/11/2017;20:26:00;766;sem vítima;509,172;BR-262/MG;Oeste;Choque - Suporte de Sinalização;1;;;;;;;;;;2;;;;
30/11/2017;22:31:00;812;sem vítima;406,668;BR-262/MG;Oeste;Colisão Traseira;;;2;;;;;;;;3;;;;
01/12/2017;01:12:00;16;sem vítima;51,799;BR-153/MG;Norte;Tombamento;;;1;;;;;;;;2;;;;
01/12/2017;01:38:00;23;com vítima;63,861;BR-060/GO;Sul;Capotamento;1;;;;;;;;;;1;;;1;
01/12/2017;05:48:00;56;sem vítima;782,671;BR-262/MG;Leste;Saida de Pista;1;;;;;;;;;;1;;;;
01/12/2017;06:53:00;70;sem vítima;468;BR-262/MG;Oeste;Tombamento;;;1;;;;;;;;1;;;;
01/12/2017;07:07:00;77;sem vítima;659;BR-262/MG;Oeste;Saida de Pista;1;;;;;;;;;;1;;;;
01/12/2017;07:29:00;81;sem vítima;28,383;BR-060/DF;Sul;Capotamento;;;;;;;;;;1;1;;;;
01/12/2017;07:46:00;86;sem vítima;402,3;BR-262/MG;Oeste;Choque - Talude;1;;;;;;;;;;1;;;;
01/12/2017;07:54:00;91;sem vítima;590;BR-262/MG;Leste;Colisão Traseira;1;;;;;;;;;;1;;;;
01/12/2017;08:44:00;116;sem vítima;713;BR-262/MG;Oeste;Choque - Talude;;;1;;;;;;;;1;;;;
01/12/2017;09:02:00;135;sem vítima;380;BR-262/MG;Leste;Capotamento;1;;;;;;;;;;1;;;;
01/12/2017;09:25:00;151;com vítima;101;BR-060/GO;Sul;Queda de Moto;;;;1;;;;;;;0;1;;;
01/12/2017;09:31:00;158;com vítima;510;BR-153/GO;Norte;Queda de Moto;;;;1;;;;;;;0;1;;;
01/12/2017;09:39:00;163;com vítima;114;BR-153/MG;Sul;Carreta deu L;;;1;;;;;;;1;1;1;;;
01/12/2017;09:43:00;166;sem vítima;581;BR-262/MG;Oeste;Saida de Pista;1;;;;;;;;;;1;;;;
01/12/2017;09:52:00;170;com vítima;233,3;BR-153/MG;Sul;Colisão Traseira;1;;1;;;;;;;;1;1;1;;
01/12/2017;10:12:00;184;com vítima;494,2;BR-153/GO;Sul;Queda de Moto;;;;1;;;;;;;0;2;;;
01/12/2017;10:54:00;209;sem vítima;486;BR-262/MG;Leste;Choque - Elemento de Drenagem;1;;;;;;;;;;1;;;;
01/12/2017;11:08:00;219;sem vítima;108;BR-153/MG;Norte;Choque - Outros;1;;1;;;;;;;;2;;;;
01/12/2017;11:11:00;221;sem vítima;640,9;BR-153/GO;Norte;Choque - Talude;1;;;;;;;;;;5;;;;
01/12/2017;11:47:00;240;sem vítima;24,001;BR-153/MG;Norte;Choque - Talude;;;1;;;;;;;;1;;;;
01/12/2017;11:55:00;244;sem vítima;512,026;BR-153/GO;Norte;Colisão Traseira;1;;1;;;;;;;;2;;;;
01/12/2017;12:15:00;250;sem vítima;574;BR-262/MG;Leste;Capotamento;1;;;;;;;;;;1;;;;
01/12/2017;12:28:00;259;sem vítima;150;BR-153/MG;Sul;Choque - Talude;1;;;;;;;;;;1;;;;
01/12/2017;12:36:00;261;sem vítima;382;BR-262/MG;Oeste;Capotamento;1;;;;;;;;;;1;;;;
01/12/2017;12:43:00;266;sem vítima;497;BR-153/GO;Sul;Engavetamento;1;;;;;;;;;2;3;;;;
01/12/2017;12:44:00;267;sem vítima;497;BR-153/GO;Norte;Choque - Defensa, barreira ou "submarino";1;;;;;;;;;;2;;;;
01/12/2017;13:05:00;274;sem vítima;659;BR-153/GO;Norte;Tombamento;;;1;;;;;;;;1;;;;
01/12/2017;13:27:00;284;sem vítima;497;BR-262/MG;Leste;Choque - Suporte de Sinalização;1;;;;;;;;;;1;;;;
01/12/2017;13:56:00;299;com vítima;31,5;BR-060/GO;Norte;Colisão Lateral;1;;;1;;;;;;;2;;;1;
01/12/2017;13:56:00;300;sem vítima;547;BR-262/MG;Leste;Colisão Traseira;;;2;;;;;;;;3;;;;
01/12/2017;14:54:00;328;com vítima;662,5;BR-262/MG;Leste;Capotamento;1;;;;;;;;;;0;1;;;
01/12/2017;15:01:00;334;sem vítima;437;BR-262/MG;Oeste;Choque - Outros;1;;;;;;;;;;1;;;;
01/12/2017;16:07:00;378;sem vítima;387;BR-262/MG;Leste;Choque - Suporte de Sinalização;1;;;;;;;;;;1;;;;
01/12/2017;16:11:00;381;sem vítima;609;BR-262/MG;Oeste;Saida de Pista;1;;;;;;;;;;1;;;;
01/12/2017;16:40:00;401;sem vítima;605;BR-262/MG;Leste;Tombamento;;;;;;;;;;1;1;;;;
01/12/2017;16:41:00;403;sem vítima;122,1;BR-060/GO;Norte;Choque - Elemento de Drenagem;1;;;;;;;;;;1;;;;
01/12/2017;17:18:00;428;com vítima;646;BR-262/MG;Oeste;Saida de Pista;1;;;;;;;;;;0;1;;;
01/12/2017;18:05:00;454;sem vítima;387,468;BR-262/MG;Leste;Capotamento;1;;;;;;;;;;5;;;;
01/12/2017;21:37:00;567;com vítima;504,377;BR-153/GO;Sul;Queda de Moto;;;;1;;;;;;;1;1;;;
01/12/2017;22:42:00;594;com vítima;591,299;BR-153/GO;Norte;Atropelamento - Andarilho;;;;;;;;;;;0;;;;1
01/12/2017;23:32:00;608;com vítima;132,131;BR-060/GO;Norte;Queda de Moto;;;;1;;;;;;;0;;;1;
02/12/2017;07:03:00;91;sem vítima;10,884;BR-060/GO;Norte;Saida de Pista;1;;;;;;;;;;1;;;;