data;horario;n_da_ocorrencia;tipo_de_ocorrencia;km;trecho;sentido;tipo_de_acidente;automovel;bicicleta;caminhao;moto;onibus;outros;tracao_animal;transporte_de_cargas_especiais;trator_maquinas;utilitarios;ilesos;levemente_feridos;moderadamente_feridos;gravemente_feridos;mortos
12/12/2017;16:08:00;503;sem vítima;700;BR-153/GO;Norte;Colisão Traseira;1;;1;;;;;;;;3;;;;
12/12/2017;17:20:00;556;sem vítima;650;BR-262/MG;Oeste;Choque - Talude;1;;;;;;;;;;1;;;;
12/12/2017;20:51:00;689;sem vítima;111,4;BR-153/MG;Sul;Choque - Talude;1;;;;;;;;;;1;;;;
12/12/2017;21:22:00;701;sem vítima;804;BR-262/MG;Leste;Queda de Moto;;;;1;;1;;;;;2;;;;
13/12/2017;00:15:00;4;sem vítima;12,43;BR-060/GO;Norte;Tombamento;;;1;;;;;;;;3;;;;
13/12/2017;04:19:00;52;sem vítima;33,4;BR-153/MG;Norte;Atropelamento de Animal;1;;;;;;;;;;1;;;;
13/12/2017;08:04:00;114;sem vítima;121;BR-060/GO;Norte;Engavetamento;3;;;;;;;;;;3;;;;
13/12/2017;10:09:00;217;com vítima;646,986;BR-262/MG;Leste;Colisão Lateral;;;2;;;;;;;;3;;;;1
13/12/2017;10:38:00;239;sem vítima;492,5;BR-153/GO;Norte;Colisão Traseira;1;;1;;;;;;;;2;;;;
13/12/2017;11:47:00;271;sem vítima;188,9;BR-153/MG;Norte;Choque - Elemento de Drenagem;;;1;;;;;;;;1;;;;
13/12/2017;13:42:00;338;sem vítima;26,3;BR-060/DF;Sul;Choque - Elemento de Drenagem;;;;;;;;;;1;1;;;;
13/12/2017;15:27:00;414;sem vítima;223,8;BR-153/MG;Sul;Colisão Traseira;1;;1;;;;;;;;2;;;;
13/12/2017;16:00:00;436;sem vítima;28,6;BR-060/GO;Norte;Capotamento;1;;;;;;;;;;1;;;;
13/12/2017;19:51:00;564;com vítima;494,534;BR-153/GO;Norte;Choque - Arvore;1;;;;;;;;;;0;;;1;
13/12/2017;22:02:00;622;sem vítima;567,01;BR-153/GO;Sul;Saida de Pista;1;;;;;;;;;;1;;;;
14/12/2017;05:02:00;63;sem vítima;579,576;BR-262/MG;Leste;Carreta deu L;;;1;;;;;;;;1;;;;
14/12/2017;13:50:00;293;com vítima;28,5;BR-060/GO;Norte;Capotamento;1;;;;;;;;;;0;1;;;
14/12/2017;14:34:00;314;com vítima;27,8;BR-060/DF;Sul;Capotamento;;;;;;;;;;1;1;1;;;
14/12/2017;14:49:00;323;com vítima;81,9;BR-060/GO;Norte;Choque - Elemento de Drenagem;1;;;;;;;;;;0;1;;;
14/12/2017;15:31:00;347;sem vítima;551,8;BR-153/GO;Norte;Saida de Pista;1;;;;;;;;;;1;;;;
14/12/2017;15:40:00;353;sem vítima;48,029;BR-060/GO;Norte;Choque - Elemento de Drenagem;1;;;;;;;;;;3;;;;
14/12/2017;15:53:00;359;sem vítima;458;BR-262/MG;Oeste;Engavetamento;1;;1;;;;;;;1;7;;;;
14/12/2017;16:26:00;372;com vítima;19,7;BR-060/DF;Sul;Capotamento;1;;;;;;;;;;1;2;;;
14/12/2017;16:33:00;375;com vítima;29;BR-060/DF;Sul;Choque - Defensa, barreira ou "submarino";1;;;;;;;;;;0;1;;;
14/12/2017;17:22:00;407;sem vítima;544;BR-262/MG;Leste;Choque - Talude;1;;;;;;;;;;1;;;;
14/12/2017;17:40:00;416;com vítima;520,3;BR-262/MG;Leste;Tombamento;;;1;;;;;;;;0;1;;;
14/12/2017;17:49:00;422;com vítima;521,5;BR-153/GO;Norte;Queda de Ciclista;;1;;;;;;;;;0;;1;;
14/12/2017;18:01:00;430;sem vítima;372;BR-262/MG;Leste;Colisão Traseira;1;;1;;;;;;;;2;;;;
14/12/2017;19:34:00;485;sem vítima;590,2;BR-262/MG;Oeste;Choque - Defensa, barreira ou "submarino";1;;;;;;;;;;1;;;;
14/12/2017;20:16:00;512;sem vítima;499,899;BR-153/GO;Sul;Colisão Traseira;2;;;;;;;;;;2;;;;
14/12/2017;20:53:00;535;sem vítima;509;BR-153/GO;Sul;Choque - Suporte de Sinalização;1;;;;;;;;;;1;;;;
14/12/2017;21:38:00;553;sem vítima;601;BR-153/GO;Norte;Saida de Pista;;;1;;;;;;;;1;;;;
14/12/2017;21:40:00;555;com vítima;49,313;BR-060/GO;Norte;Capotamento;1;;;;;;;;;;0;1;;;
15/12/2017;02:49:00;49;sem vítima;612;BR-262/MG;Oeste;Capotamento;1;;;;;;;;;;1;;;;
15/12/2017;03:08:00;54;sem vítima;552,35;BR-262/MG;Oeste;Tombamento;;;1;;;;;;;;1;;;;
15/12/2017;04:59:00;74;sem vítima;561;BR-262/MG;Oeste;Choque - Arvore;1;;;;;;;;;;1;;;;
15/12/2017;07:16:00;117;sem vítima;502;BR-153/GO;Norte;Colisão Traseira;2;;;;;;;;;;2;;;;
15/12/2017;07:36:00;128;com vítima;20;BR-060/DF;Norte;Capotamento;1;;;;;;;;;;0;1;;;
15/12/2017;07:55:00;137;sem vítima;504,8;BR-153/GO;Sul;Colisão Lateral;1;;;1;;;;;;;2;;;;
15/12/2017;08:00:00;140;sem vítima;448,9;BR-262/MG;Oeste;Colisão Traseira;1;;;;;;;;;1;2;;;;
15/12/2017;10:11:00;237;sem vítima;549;BR-262/MG;Leste;Choque - Defensa, barreira ou "submarino";1;;;;;;;;;;1;;;;
15/12/2017;10:30:00;253;com vítima;547,5;BR-262/MG;Leste;Choque - Talude;;;1;;;;;;;;0;;1;;
15/12/2017;11:39:00;296;sem vítima;504,9;BR-153/GO;Sul;Colisão Traseira;2;;;;;;;;;;2;;;;
15/12/2017;12:56:00;331;sem vítima;508,2;BR-153/GO;Sul;Choque - Defensa, barreira ou "submarino";1;;;;;;;;;;1;;;;
15/12/2017;13:33:00;346;sem vítima;17;BR-060/GO;Sul;Colisão Lateral;;;2;;;;;;;;2;;;;
15/12/2017;13:45:00;350;sem vítima;496,8;BR-153/GO;Norte;Colisão Traseira;2;;;;;;;;;;2;;;;
15/12/2017;13:49:00;353;sem vítima;496,1;BR-153/GO;Norte;Colisão Traseira;1;;1;;;;;;;;2;;;;
15/12/2017;14:37:00;373;com vítima;104,9;BR-060/GO;Sul;Queda de Moto;;;;1;;;;;;;1;1;;;
15/12/2017;14:44:00;375;sem vítima;92,7;BR-060/GO;Norte;Choque - Suporte de Sinalização;;;1;;;;;;;;1;;;;
15/12/2017;14:58:00;384;sem vítima;396,3;BR-262/MG;Oeste;Choque - Elemento de Drenagem;;;1;;;;;;;;1;;;;
15/12/2017;16:31:00;423;sem vítima;8,4;BR-060/DF;Sul;Choque - Talude;1;;;;;;;;;;1;;;;
15/12/2017;16:34:00;424;sem vítima;501,8;BR-153/GO;Sul;Colisão Traseira;1;;;;;;;;;1;2;;;;
15/12/2017;16:51:00;436;com vítima;465,9;BR-262/MG;Leste;Capotamento;2;;;;;;;;;;1;1;;;
15/12/2017;16:53:00;438;com vítima;2;BR-060/DF;Norte;Choque - Arvore;1;;;;;;;;;;0;1;;;
15/12/2017;17:31:00;464;com vítima;503,998;BR-153/GO;Norte;Choque - Suporte de Sinalização;;;1;;;;;;;;0;1;;;
15/12/2017;18:06:00;480;sem vítima;108,384;BR-153/MG;Sul;Colisão Traseira;;;1;;;1;;;;;2;;;;
15/12/2017;18:15:00;489;com vítima;473;BR-262/MG;Leste;Colisão Traseira;1;;;1;;;;;;;5;1;1;;
15/12/2017;18:53:00;507;sem vítima;139,957;BR-153/MG;Sul;Colisão Traseira;;;1;;;;;;;1;2;;;;
15/12/2017;20:17:00;552;sem vítima;498,155;BR-153/GO;Sul;Engavetamento;4;;1;;;;;;;;5;;;;
15/12/2017;20:56:00;578;sem vítima;26,399;BR-060/GO;Sul;Choque - Elemento de Drenagem;;;1;;;;;;;;1;;;;
15/12/2017;21:27:00;590;sem vítima;83,299;BR-060/GO;Norte;Choque - Elemento de Drenagem;1;;;;;;;;;;1;;;;
15/12/2017;22:02:00;613;sem vítima;135,8;BR-153/MG;Norte;Choque - Elemento de Drenagem;1;;;;;;;;;;3;;;;
15/12/2017;23:25:00;660;com vítima;872,564;BR-262/MG;Oeste;Choque - Talude;1;;;;;;;;;;0;1;;;
15/12/2017;23:48:00;667;sem vítima;440,62;BR-262/MG;Oeste;Choque - Defensa, barreira ou "submarino";1;;;;;;;;;;2;;;;
16/12/2017;03:03:00;57;sem vítima;380,7;BR-262/MG;Leste;Colisão Lateral;;;1;;;;;;;1;2;;;;
16/12/2017;03:47:00;88;sem vítima;530,792;BR-153/GO;Norte;Choque - Outros;1;;;;;;;;;;1;;;;
16/12/2017;05:29:00;151;sem vítima;586;BR-262/MG;Leste;Choque - Arvore;1;;;;;;;;;;2;;;;
16/12/2017;06:39:00;184;sem vítima;801;BR-262/MG;Leste;Colisão Traseira;2;;;;;;;;;;2;;;;
16/12/2017;06:54:00;192;sem vítima;382;BR-262/MG;Oeste;Choque - Defensa, barreira ou "submarino";1;;;;;;;;;;1;;;;
16/12/2017;07:10:00;197;com vítima;39,8;BR-060/GO;Sul;Capotamento;1;;;;;;;;;;1;1;;;
16/12/2017;07:21:00;203;sem vítima;568;BR-262/MG;Leste;Colisão Transversal;2;;;;;;;;;;8;;;;
16/12/2017;07:59:00;228;sem vítima;382;BR-262/MG;Oeste;Colisão Traseira;;;1;;;;;;;1;4;;;;
16/12/2017;08:02:00;232;sem vítima;435,9;BR-262/MG;Oeste;Choque - Defensa, barreira ou "submarino";;;;;;;;;;1;1;;;;
16/12/2017;08:04:00;234;sem vítima;33,173;BR-060/GO;Sul;Colisão Traseira;2;;;;;;;;;;2;;;;
16/12/2017;08:20:00;247;sem vítima;24,637;BR-060/GO;Sul;Choque - Defensa, barreira ou "submarino";;;1;;;;;;;;1;;;;
16/12/2017;09:07:00;273;sem vítima;517,569;BR-153/GO;Sul;Choque - Elemento de Drenagem;1;;1;;;;;;;;5;;;;
16/12/2017;09:11:00;274;com vítima;602,8;BR-153/GO;Sul;Choque - Outros;;;3;;;;;;;;2;1;;;
16/12/2017;09:19:00;278;sem vítima;515;BR-153/GO;Norte;Colisão Transversal;2;;;;;;;;;;2;;;;
16/12/2017;10:53:00;337;com vítima;444;BR-262/MG;Oeste;Colisão Traseira;1;;;1;;;;;;;2;;;2;
16/12/2017;11:37:00;367;com vítima;114,7;BR-060/GO;Sul;Capotamento;1;;;;;;;;;;0;1;;;
16/12/2017;11:42:00;370;sem vítima;700;BR-262/MG;Leste;Saida de Pista;;;1;;;;;;;;1;;;;
16/12/2017;12:10:00;387;sem vítima;28;BR-060/DF;Norte;Choque - Talude;1;;;;;;;;;;1;;;;
16/12/2017;13:32:00;420;sem vítima;457,3;BR-262/MG;Oeste;Queda de Moto;;;;1;;;;;;;1;;;;
16/12/2017;14:00:00;433;sem vítima;101,9;BR-060/GO;Sul;Colisão Transversal;1;;1;;;;;;;;2;;;;
16/12/2017;15:11:00;467;sem vítima;493;BR-153/GO;Norte;Engavetamento;1;;1;;;;;;;1;3;;;;
16/12/2017;09:11:00;468;sem vítima;602;BR-153/GO;Sul;Colisão Lateral;1;;1;;;;;;;;2;;;;
16/12/2017;15:00:00;472;sem vítima;367;BR-262/MG;Oeste;Choque - Suporte de Sinalização;1;;;;;;;;;;1;;;;
16/12/2017;16:11:00;514;sem vítima;1;BR-153/MG;Norte;Colisão Traseira;1;;;1;;;;;;;2;;;;
16/12/2017;16:13:00;515;sem vítima;10;BR-060/DF;Norte;Colisão Traseira;3;;;;;;;;;;3;;;;
16/12/2017;16:22:00;523;sem vítima;392;BR-262/MG;Oeste;Colisão Traseira;1;;1;;;;;;;;3;;;;
16/12/2017;17:13:00;544;sem vítima;421,5;BR-262/MG;Leste;Saida de Pista;1;;;;;;;;;;5;;;;
16/12/2017;17:45:00;566;sem vítima;382,274;BR-262/MG;Oeste;Choque - Defensa, barreira ou "submarino";1;;;;;;;;;;4;;;;
16/12/2017;17:51:00;572;sem vítima;495,532;BR-153/GO;Norte;Colisão Lateral;;;;2;;;;;;;2;;;;
16/12/2017;18:13:00;589;sem vítima;495,952;BR-153/GO;Norte;Colisão Lateral;1;;1;;;;;;;;4;;;;
16/12/2017;18:25:00;596;sem vítima;703,5;BR-153/GO;Sul;Choque - Poste;;;1;;;;;;;;1;;;;
16/12/2017;19:29:00;633;sem vítima;852;BR-262/MG;Leste;Atropelamento de Animal;1;;;;;;;;;;3;;;;
16/12/2017;21:24:00;692;com vítima;441,17;BR-262/MG;Oeste;Engavetamento;1;;;2;;;;;;;2;;;1;
16/12/2017;22:13:00;714;sem vítima;359,069;BR-262/MG;Oeste;Choque - Suporte de Sinalização;1;;;;;;;;;;1;;;;
17/12/2017;01:30:00;25;sem vítima;421,49;BR-262/MG;Leste;Colisão Traseira;2;;;;;;;;;;2;;;;
17/12/2017;05:05:00;79;com vítima;617;BR-153/GO;Sul;Capotamento;;;;;;;;;;1;0;1;;;
17/12/2017;09:22:00;175;com vítima;559,8;BR-153/GO;Sul;Capotamento;1;;;;;;;;;;0;3;1;;
17/12/2017;09:56:00;195;sem vítima;463,2;BR-262/MG;Leste;Capotamento;1;;;;;;;;;;1;;;;
17/12/2017;12:19:00;278;sem vítima;611;BR-262/MG;Leste;Choque - Talude;;;1;;;;;;;;1;;;;
17/12/2017;12:36:00;285;com vítima;82,859;BR-060/GO;Norte;Capotamento;1;;;;;;;;;;0;1;1;;
17/12/2017;13:20:00;308;sem vítima;607;BR-262/MG;Leste;Capotamento;1;;;;;;;;;;1;;;;
17/12/2017;14:42:00;356;sem vítima;500,124;BR-153/GO;Sul;Colisão Traseira;;;;1;;;;;;;2;;;;
17/12/2017;16:08:00;402;sem vítima;163,7;BR-153/MG;Sul;Capotamento;1;;1;;;;;;;;2;;;;
17/12/2017;16:14:00;406;sem vítima;81,195;BR-060/GO;Sul;Saida de Pista;;;;;;;;;;1;2;;;;
17/12/2017;16:44:00;427;sem vítima;511,349;BR-153/GO;Sul;Colisão Traseira;1;;;;;;;;;;5;;;;
17/12/2017;16:58:00;437;sem vítima;377;BR-262/MG;Oeste;Colisão Lateral;2;;;;;;;;;;2;;;;
17/12/2017;19:37:00;526;com vítima;53,8;BR-153/MG;Sul;Colisão Traseira;;;2;;;;;;;;1;;1;;
17/12/2017;20:48:00;557;com vítima;124,271;BR-060/GO;Sul;Colisão Traseira;2;;;;;;;;;;2;;1;;
17/12/2017;21:19:00;574;com vítima;488,165;BR-262/MG;Oeste;Engavetamento;4;;;;;;;;;;3;2;1;;
18/12/2017;08:06:00;122;sem vítima;752,813;BR-262/MG;Leste;Tombamento;;;1;;;;;;;;2;;;;
18/12/2017;11:24:00;271;sem vítima;722,305;BR-262/MG;Leste;Capotamento;1;;;;;;;;;;1;;;;
18/12/2017;13:55:00;353;sem vítima;37;BR-153/MG;Norte;Saida de Pista;1;;;;;;;;;;1;;;;
18/12/2017;15:24:00;398;com vítima;473;BR-262/MG;Leste;Queda de Moto;;;;1;;;;;;;0;1;;;
18/12/2017;16:08:00;420;com vítima;10,266;BR-060/GO;Norte;Capotamento;1;;;;;;;;;;1;2;;;
18/12/2017;18:15:00;488;com vítima;602,212;BR-153/GO;Sul;Engavetamento;4;;;;;;;;;;2;4;;;
18/12/2017;19:37:00;529;sem vítima;29,312;BR-060/DF;Norte;Tombamento;;;;;;1;;;;1;2;;;;
18/12/2017;19:59:00;549;com vítima;491,8;BR-262/MG;Oeste;Colisão Transversal;1;;1;;;;;;;;1;;1;1;
18/12/2017;21:19:00;586;sem vítima;5,116;BR-060/GO;Sul;Tombamento;;;1;;;;;;;;1;;;;
19/12/2017;01:03:00;15;com vítima;546,235;BR-262/MG;Leste;Tombamento;;;1;;;;;;;;0;;1;;
19/12/2017;05:02:00;108;sem vítima;503,351;BR-153/GO;Norte;Choque - Defensa, barreira ou "submarino";1;;;;;;;;;;1;;;;
19/12/2017;05:11:00;113;sem vítima;461;BR-262/MG;Oeste;Colisão Traseira;1;;;;;1;;;;;2;;;;
19/12/2017;08:00:00;180;com vítima;495,417;BR-153/GO;Sul;Queda de Moto;;;;1;;;;;;;0;1;;;
19/12/2017;08:41:00;212;com vítima;793;BR-262/MG;Leste;Colisão Lateral;2;;1;;;;;;;;2;1;2;;
19/12/2017;08:59:00;228;com vítima;621,3;BR-262/MG;Leste;Choque - Talude;;;1;;;;;;;;1;;1;;
19/12/2017;14:46:00;440;sem vítima;136,916;BR-060/GO;Norte;Engavetamento;2;;1;;;;;;;;6;;;;
19/12/2017;15:07:00;457;sem vítima;394;BR-262/MG;Oeste;Colisão Lateral;1;;1;;;;;;;;2;;;;
19/12/2017;16:14:00;490;sem vítima;506,2;BR-153/GO;Sul;Colisão Traseira;1;;;1;;;;;;;2;;;;
19/12/2017;16:54:00;503;com vítima;115,727;BR-060/GO;Norte;Capotamento;1;;;;;;;;;;1;1;;;
19/12/2017;17:38:00;538;com vítima;9,749;BR-060/GO;Norte;Queda de Moto;;;;1;;;;;;;0;1;;;
19/12/2017;19:02:00;594;sem vítima;499,11;BR-153/GO;Sul;Colisão Traseira;2;;;;;;;;;;2;;;;
19/12/2017;19:16:00;604;com vítima;5,2;BR-060/GO;Norte;Capotamento;1;;;;;;;;;;0;1;;;
19/12/2017;19:43:00;618;sem vítima;580,555;BR-262/MG;Oeste;Tombamento;;;1;;;;;;;;2;;;;
20/12/2017;06:29:00;136;sem vítima;134;BR-060/GO;Sul;Queda de Moto;;;;1;;;;;;;1;;;;
20/12/2017;08:27:00;223;sem vítima;101,289;BR-060/GO;Norte;Queda de Moto;1;;;1;;;;;;;5;;;;
20/12/2017;09:54:00;304;sem vítima;116,738;BR-060/GO;Sul;Tombamento;;;1;;;;;;;;2;;;;
20/12/2017;12:01:00;388;sem vítima;138,1;BR-153/MG;Sul;Colisão Transversal;1;;1;;;;;;;;2;;;;
20/12/2017;13:47:00;461;sem vítima;538;BR-262/MG;Leste;Tombamento;;;1;;;;;;;;1;;;;
20/12/2017;14:14:00;480;com vítima;6,965;BR-153/MG;Sul;Tombamento;;;1;;;;;;;;0;1;;;
20/12/2017;15:48:00;547;sem vítima;7,1;BR-153/MG;Norte;Colisão Traseira;2;;;;;;;;;;6;;;;
20/12/2017;16:26:00;575;com vítima;506,732;BR-153/GO;Norte;Capotamento;2;;;;;;;;;;2;2;;;
20/12/2017;17:21:00;609;sem vítima;646;BR-153/GO;Sul;Tombamento;;;2;;;;;;;;2;;;;
20/12/2017;17:39:00;623;sem vítima;504,032;BR-153/GO;Sul;Colisão Traseira;1;;;1;;;;;;;3;;;;
20/12/2017;17:43:00;626;sem vítima;148;BR-153/MG;Sul;Colisão Traseira;;;1;;;1;;;;;2;;;;
20/12/2017;17:53:00;632;sem vítima;97,6;BR-153/MG;Norte;Colisão Lateral;;;2;;;;;;;1;7;;;;
20/12/2017;17:56:00;634;sem vítima;129,816;BR-060/GO;Norte;Colisão Traseira;;;2;;;;;;;;2;;;;
20/12/2017;18:04:00;638;sem vítima;126,5;BR-060/GO;Sul;Capotamento;1;;;;;;;;;;1;;;;
20/12/2017;18:28:00;654;com vítima;364,471;BR-262/MG;Oeste;Capotamento;1;;1;;;;;;;;1;2;;2;
20/12/2017;18:35:00;657;sem vítima;128,9;BR-060/GO;Sul;Colisão Traseira;2;;;;;;;;;;2;;;;
20/12/2017;19:49:00;706;com vítima;511,709;BR-153/GO;Sul;Colisão Traseira;1;;;1;;;;;;;1;;1;;
20/12/2017;20:25:00;725;sem vítima;479,641;BR-262/MG;Leste;Choque - Talude;;;1;;;;;;;;1;;;;
20/12/2017;20:46:00;739;sem vítima;49,9;BR-060/GO;Norte;Choque - Outros;1;;;;;;;;;;1;;;;
20/12/2017;22:29:00;798;sem vítima;3,001;BR-060/DF;Sul;Colisão Traseira;1;;;;;;;;;;1;;;;
20/12/2017;22:31:00;799;com vítima;508,001;BR-153/GO;Sul;Queda de Moto;;;;1;;;;;;;0;;1;;
21/12/2017;03:31:00;60;com vítima;55,6;BR-153/MG;Sul;Choque - Defensa, barreira ou "submarino";;;;;1;;;;;;0;;;1;
21/12/2017;07:53:00;184;sem vítima;508;BR-153/GO;Sul;Colisão Traseira;1;;;;;;;;;1;2;;;;
21/12/2017;07:55:00;186;com vítima;126,5;BR-153/MG;Sul;Colisão Traseira;;;4;;;;;;;;4;1;;;
21/12/2017;08:41:00;224;sem vítima;0,8;BR-060/DF;Norte;Colisão Traseira;;;;1;;;;;;;1;;;;
21/12/2017;09:38:00;273;com vítima;96,846;BR-060/GO;Norte;Colisão Lateral;;;1;1;;;;;;;1;;1;;
21/12/2017;10:03:00;297;sem vítima;506,026;BR-153/GO;Norte;Colisão Traseira;2;;;;;;;;;;3;;;;
21/12/2017;11:09:00;347;sem vítima;491,656;BR-153/GO;Norte;Queda de Moto;;;;1;;;;;;;2;;;;
21/12/2017;12:40:00;395;sem vítima;816,8;BR-262/MG;Oeste;Saida de Pista;1;;;;;;;;;;1;;;;
21/12/2017;14:01:00;433;com vítima;586;BR-153/GO;Norte;Engavetamento;3;;;;;1;;;;;7;2;;;
21/12/2017;15:30:00;472;sem vítima;405;BR-262/MG;Leste;Queda de Moto;;;;1;;;;;;;2;;;;
21/12/2017;16:01:00;494;sem vítima;139,5;BR-153/MG;Sul;Tombamento;;;1;;;;;;;;1;;;;
21/12/2017;18:19:00;568;com vítima;777,971;BR-262/MG;Oeste;Capotamento;1;;;;;;;;;;0;1;;;
21/12/2017;18:37:00;582;sem vítima;693,8;BR-153/GO;Sul;Choque - Outros;1;;;;;;;;;;5;;;;
21/12/2017;23:45:00;732;sem vítima;48,856;BR-060/GO;Sul;Colisão Traseira;;;2;;;;;;;;2;;;;
22/12/2017;06:15:00;82;sem vítima;169,1;BR-153/MG;Norte;Choque - Objeto sobre a pista;1;;;;;;;;;;1;;;;
22/12/2017;06:18:00;84;sem vítima;659,4;BR-153/GO;Sul;Saida de Pista;;;1;;;;;;;;2;;;;
22/12/2017;07:52:00;134;sem vítima;109,776;BR-060/GO;Sul;Capotamento;1;;;;;;;;;;1;;;;
22/12/2017;08:07:00;148;sem vítima;111,7;BR-060/GO;Sul;Engavetamento;5;;1;;;;;;;1;10;;;;
22/12/2017;08:00:00;169;sem vítima;124;BR-153/MG;Norte;Colisão Traseira;1;;1;;;;;;;;2;;;;
22/12/2017;09:03:00;190;com vítima;506,8;BR-153/GO;Norte;Engavetamento;1;;1;1;;;;;;;2;1;;;
22/12/2017;09:36:00;211;sem vítima;139;BR-153/MG;Norte;Colisão Traseira;1;;;;;;;;;1;3;;;;
22/12/2017;10:00:00;229;sem vítima;112,3;BR-060/GO;Norte;Choque - Defensa, barreira ou "submarino";1;;;;;;;;;;1;;;;
22/12/2017;11:02:00;277;sem vítima;43;BR-153/MG;Norte;Colisão Traseira;1;;;;;;;;;1;2;;;;
22/12/2017;13:07:00;332;com vítima;223,7;BR-153/MG;Norte;Queda de Moto;;;;1;;;;;;;0;1;;;
22/12/2017;14:35:00;404;com vítima;502,852;BR-262/MG;Leste;Colisão Transversal;3;;;;;;;;;;1;;1;1;
22/12/2017;14:47:00;411;com vítima;574;BR-262/MG;Leste;Colisão Transversal;1;;1;;;;;;;;1;1;;1;3
22/12/2017;16:36:00;482;sem vítima;147;BR-153/MG;Sul;Capotamento;1;;;;;;;;;;2;;;;
22/12/2017;16:36:00;483;com vítima;593,299;BR-153/GO;Sul;Colisão Lateral;;;1;;1;;;;;1;17;33;3;2;1
22/12/2017;17:09:00;508;sem vítima;498,6;BR-153/GO;Sul;Engavetamento;4;;;;;;;;;;4;;;;
22/12/2017;17:19:00;515;sem vítima;23;BR-153/MG;Sul;Colisão Traseira;;;;;;;;;;2;6;;;;
22/12/2017;17:20:00;517;sem vítima;97;BR-060/GO;Norte;Saida de Pista;1;;;;;;;;;;1;;;;
22/12/2017;17:39:00;530;sem vítima;500,7;BR-153/GO;Norte;Colisão Lateral;1;;1;;;;;;;;2;;;;
22/12/2017;17:47:00;539;sem vítima;644;BR-153/GO;Norte;Tombamento;;;;;;;;;;1;2;;;;
22/12/2017;18:46:00;569;com vítima;495,611;BR-153/GO;Norte;Capotamento;1;;;;;;;;;;0;1;;;
22/12/2017;19:09:00;586;com vítima;494,8;BR-153/GO;Norte;Queda de Moto;;;;1;;;;;;;0;1;;;
22/12/2017;20:08:00;623;sem vítima;106;BR-060/GO;Sul;Colisão Lateral;2;;;;;;;;;;2;;;;
22/12/2017;20:44:00;649;sem vítima;43;BR-153/MG;Sul;Colisão Traseira;1;;1;;;;;;;;4;;;;
22/12/2017;21:02:00;659;sem vítima;552,3;BR-153/GO;Norte;Choque - Talude;1;;;;;;;;;;1;;;;
22/12/2017;22:06:00;684;sem vítima;129,043;BR-060/GO;Norte;Saida de Pista;1;;;;;;;;;;1;;;;
22/12/2017;22:48:00;708;com vítima;0,2;BR-153/MG;Sul;Atropelamento - Andarilho;;;1;;1;;;;;;2;;;;1
22/12/2017;22:54:00;710;sem vítima;509;BR-153/GO;Sul;Choque - Defensa, barreira ou "submarino";1;;;;;;;;;;1;;;;
22/12/2017;23:10:00;719;sem vítima;95,12;BR-060/GO;Norte;Choque - Elemento de Drenagem;1;;;;;;;;;;1;;;;
22/12/2017;23:42:00;739;com vítima;96,2;BR-060/GO;Sul;Colisão Lateral;1;;1;;;;;;;;4;1;;;
23/12/2017;00:34:00;7;sem vítima;499,125;BR-153/GO;Norte;Saida de Pista;1;;;;;;;;;;1;;;;
23/12/2017;03:40:00;49;sem vítima;46,575;BR-060/GO;Norte;Colisão Traseira;2;;;;;;;;;;5;;;;
23/12/2017;03:50:00;53;sem vítima;41,172;BR-060/GO;Sul;Choque - Talude;1;;;;;;;;;;1;;;;
23/12/2017;04:29:00;62;sem vítima;580,1;BR-153/GO;Sul;Choque - Suporte de Sinalização;1;;;;;;;;;;2;;;;
23/12/2017;05:17:00;72;sem vítima;29,199;BR-060/DF;Sul;Capotamento;1;;;;;;;;;;2;;;;
23/12/2017;06:55:00;102;sem vítima;801,148;BR-262/MG;Leste;Colisão Traseira;1;;;;;1;;;;;2;;;;
23/12/2017;07:33:00;126;sem vítima;230,5;BR-153/MG;Sul;Choque - Arvore;1;;1;;;;;;;;2;;;;
23/12/2017;07:43:00;133;sem vítima;5;BR-153/MG;Norte;Saida de Pista;1;;;;;;;;;;1;;;;
23/12/2017;08:47:00;183;com vítima;124,001;BR-153/MG;Norte;Engavetamento;6;;;;;;;;;;10;2;2;;
23/12/2017;09:20:00;205;sem vítima;0,5;BR-060/GO;Sul;Choque - Poste;1;;;;;;;;;;2;;;;
23/12/2017;11:09:00;262;sem vítima;594,577;BR-262/MG;Leste;Colisão Lateral;1;;2;;;;;;;;8;;;;
23/12/2017;13:20:00;342;sem vítima;131,2;BR-060/GO;Norte;Colisão Traseira;2;;;;;;;;;;2;;;;
23/12/2017;13:26:00;346;com vítima;21,61;BR-060/DF;Norte;Queda de Moto;;;;1;;;;;;;0;1;;;
23/12/2017;17:12:00;486;sem vítima;47,262;BR-060/GO;Norte;Capotamento;1;;;;;;;;;;1;;;;
23/12/2017;17:59:00;515;sem vítima;590,94;BR-262/MG;Leste;Choque - Suporte de Sinalização;1;;;;;;;;;;1;;;;
23/12/2017;18:39:00;546;sem vítima;574,25;BR-262/MG;Leste;Saida de Pista;1;;;;;;;;;;1;;;;
23/12/2017;19:03:00;562;sem vítima;572,171;BR-262/MG;Leste;Colisão Traseira;2;;;;;;;;;;2;;;;
23/12/2017;19:22:00;567;com vítima;364,267;BR-262/MG;Oeste;Queda de Moto;;;;1;;;;;;;0;2;;;
23/12/2017;20:31:00;611;com vítima;497,3;BR-153/GO;Norte;Colisão Traseira;1;;;1;;;;;;;1;1;;;
24/12/2017;00:14:00;4;com vítima;58;BR-153/MG;Sul;Capotamento;;;;;;;;;;1;1;1;;;