data;horario;n_da_ocorrencia;tipo_de_ocorrencia;km;trecho;sentido;tipo_de_acidente;automovel;bicicleta;caminhao;moto;onibus;outros;tracao_animal;transporte_de_cargas_especiais;trator_maquinas;utilitarios;ilesos;levemente_feridos;moderadamente_feridos;gravemente_feridos;mortos
24/12/2017;04:11:00;57;com vítima;4,561;BR-060/DF;Sul;Choque - Poste;1;;;;;;;;;;0;1;;;
24/12/2017;04:49:00;66;sem vítima;821,355;BR-262/MG;Oeste;Capotamento;;;1;;;;;;;;1;;;;
24/12/2017;07:04:00;104;sem vítima;548,5;BR-262/MG;Leste;Capotamento;1;;;;;;;;;;5;;;;
24/12/2017;08:19:00;127;sem vítima;545,5;BR-153/GO;Sul;Choque - Outros;1;;;;;;;;;;5;;;;
24/12/2017;09:50:00;182;sem vítima;17,1;BR-153/MG;Sul;Capotamento;1;;;;;;;;;;1;;;;
24/12/2017;10:06:00;188;com vítima;116,881;BR-060/GO;Sul;Capotamento;1;;;;;;;;;;0;1;;;
24/12/2017;14:32:00;334;sem vítima;19,095;BR-060/DF;Norte;Choque - Elemento de Drenagem;1;;;;;;;;;;1;;;;
24/12/2017;15:03:00;345;sem vítima;90,192;BR-060/GO;Norte;Choque - Elemento de Drenagem;1;;;;;;;;;;1;;;;
24/12/2017;16:19:00;374;com vítima;388;BR-262/MG;Oeste;Colisão Transversal;1;;;1;;;;;;;1;;1;;
24/12/2017;16:37:00;382;sem vítima;506,008;BR-153/GO;Norte;Choque - Defensa, barreira ou "submarino";1;;;;;;;;;;1;;;;
24/12/2017;17:24:00;402;sem vítima;556,983;BR-153/GO;Sul;Tombamento;1;;;;;;;;;;2;;;;
24/12/2017;17:43:00;413;sem vítima;384,3;BR-262/MG;Oeste;Capotamento;1;;;;;;;;;;1;;;;
24/12/2017;17:49:00;423;sem vítima;384,3;BR-262/MG;Oeste;Queda de Moto;;;;1;;;;;;;1;;;;
24/12/2017;19:21:00;460;sem vítima;671,6;BR-153/GO;Sul;Choque - Defensa, barreira ou "submarino";1;;;;;;;;;;1;;;;
25/12/2017;02:26:00;30;sem vítima;34,477;BR-060/GO;Sul;Choque - Outros;1;;;;;;;;;;1;;;;
25/12/2017;04:25:00;48;com vítima;513,5;BR-153/GO;Sul;Queda de Moto;;;;1;;;;;;;0;;1;;
25/12/2017;10:48:00;169;sem vítima;125,872;BR-060/GO;Norte;Queda de Moto;;;;1;;;;;;;1;;;;
25/12/2017;12:46:00;253;sem vítima;568,5;BR-262/MG;Oeste;Tombamento;1;;;;;;;;;;1;;;;
25/12/2017;13:08:00;267;sem vítima;590;BR-262/MG;Leste;Capotamento;1;;;;;;;;;;1;;;;
25/12/2017;14:32:00;302;sem vítima;547;BR-153/GO;Sul;Choque - Outros;1;;;;;;;;;;1;;;;
25/12/2017;14:33:00;303;sem vítima;23,541;BR-060/DF;Norte;Choque - Arvore;1;;;;;;;;;;4;;;;
25/12/2017;14:50:00;311;sem vítima;579;BR-153/GO;Norte;Capotamento;1;;;;;;;;;;2;;;;
25/12/2017;15:06:00;317;sem vítima;494;BR-262/MG;Leste;Capotamento;1;;;;;;;;;;1;;;;
25/12/2017;15:30:00;329;sem vítima;558,5;BR-153/GO;Norte;Capotamento;1;;;;;;;;;;1;;;;
25/12/2017;15:35:00;348;com vítima;558,5;BR-153/GO;Norte;Capotamento;3;;;;;;;;;;5;1;;;
25/12/2017;16:28:00;361;sem vítima;608,001;BR-153/GO;Norte;Choque - Elemento de Drenagem;1;;;;;;;;;;5;;;;
25/12/2017;16:28:00;363;sem vítima;108;BR-060/GO;Norte;Colisão Traseira;1;;;;;;;;;1;2;;;;
25/12/2017;16:47:00;373;sem vítima;96,1;BR-060/GO;Norte;Engavetamento;3;;;;;;;;;;3;;;;
25/12/2017;16:52:00;377;sem vítima;97,899;BR-060/GO;Norte;Capotamento;3;;;;;;;;;1;11;;;;
25/12/2017;17:01:00;380;com vítima;811,6;BR-262/MG;Leste;Choque - Poste;1;;;;;;;;;;0;;;1;
25/12/2017;17:55:00;412;com vítima;485,1;BR-262/MG;Oeste;Colisão Traseira;1;;;1;;;;;;;1;2;;;
25/12/2017;18:24:00;428;sem vítima;91,888;BR-060/GO;Sul;Colisão Traseira;2;;;;;;;;;;4;;;;
25/12/2017;18:43:00;441;sem vítima;491,001;BR-153/GO;Sul;Colisão Lateral;1;;1;;;;;;;;6;;;;
25/12/2017;19:53:00;495;sem vítima;495,3;BR-153/GO;Norte;Queda de Moto;;;;1;;;;;;;1;;;;
25/12/2017;21:36:00;556;com vítima;373,429;BR-262/MG;Leste;Capotamento;1;;;;;;;;;;0;;;;1
25/12/2017;23:01:00;584;com vítima;441,1;BR-262/MG;Leste;Queda de Moto;;;;1;;;;;;;0;1;;;
26/12/2017;01:30:00;22;com vítima;72,409;BR-060/GO;Norte;Capotamento;1;;;;;;;;;;0;1;;;
26/12/2017;07:34:00;102;sem vítima;5,9;BR-060/DF;Sul;Colisão Traseira;2;;;;;;;;;;2;;;;
26/12/2017;07:41:00;109;sem vítima;368,5;BR-262/MG;Leste;Tombamento;1;;;;;;;;;;1;;;;
26/12/2017;07:42:00;110;sem vítima;65;BR-060/GO;Norte;Capotamento;1;;;;;;;;;;1;;;;
26/12/2017;07:51:00;118;com vítima;11,2;BR-060/DF;Norte;Colisão Transversal;2;;;;;;;;;;1;3;1;;
26/12/2017;08:43:00;148;sem vítima;70,9;BR-060/GO;Norte;Saida de Pista;1;;;;;;;;;;1;;;;
26/12/2017;09:41:00;184;sem vítima;83;BR-153/MG;Sul;Choque - Poste;1;;;;;;;;;;4;;;;
26/12/2017;10:13:00;200;sem vítima;607,8;BR-153/GO;Sul;Capotamento;1;;;;;;;;;;1;;;;
26/12/2017;12:39:00;287;sem vítima;76,7;BR-060/GO;Sul;Capotamento;1;;;;;;;;;;3;;;;
26/12/2017;12:51:00;296;sem vítima;368;BR-262/MG;Oeste;Colisão Traseira;1;;1;;;;;;;;2;;;;
26/12/2017;12:57:00;302;sem vítima;128,199;BR-060/GO;Sul;Colisão Traseira;;;2;;;;;;;;2;;;;
26/12/2017;12:59:00;304;sem vítima;628;BR-153/GO;Norte;Saida de Pista;1;;;;;;;;;;1;;;;
26/12/2017;13:55:00;330;sem vítima;654,272;BR-153/GO;Norte;Tombamento;;;1;;;;;;;;1;;;;
26/12/2017;14:16:00;338;com vítima;10,9;BR-060/DF;Norte;Colisão Traseira;;;;1;;;;;;1;1;1;;;
26/12/2017;15:05:00;367;sem vítima;42,936;BR-060/GO;Sul;Colisão Traseira;1;;;;;;;;;1;2;;;;
26/12/2017;15:51:00;400;sem vítima;510,1;BR-153/GO;Norte;Engavetamento;5;;;;;;;;;;11;;;;
26/12/2017;16:51:00;438;sem vítima;558,5;BR-153/GO;Norte;Choque - Elemento de Drenagem;1;;;;;;;;;;4;;;;
26/12/2017;18:07:00;483;sem vítima;595,4;BR-262/MG;Leste;Saida de Pista;1;;;;;;;;;;1;;;;
26/12/2017;19:16:00;529;sem vítima;383;BR-262/MG;Leste;Saida de Pista;1;;;;;;;;;;1;;;;
26/12/2017;23:24:00;630;com vítima;46,2;BR-060/GO;Norte;Choque - Talude;1;;;;;;;;;;0;1;;;
27/12/2017;05:35:00;64;com vítima;130,8;BR-060/GO;Sul;Colisão Traseira;;;1;1;;;;;;;1;;;1;
27/12/2017;07:37:00;95;sem vítima;29,9;BR-153/MG;Norte;Saida de Pista;1;;;;;;;;;;1;;;;
27/12/2017;08:24:00;116;sem vítima;96;BR-153/MG;Norte;Tombamento;1;;;;;;;;;;1;;;;
27/12/2017;12:38:00;270;sem vítima;554;BR-262/MG;Oeste;Colisão Traseira;;;2;;;;;;;;2;;;;
27/12/2017;13:42:00;299;sem vítima;389;BR-262/MG;Oeste;Colisão Traseira;1;;1;;;;;;;;2;;;;
27/12/2017;15:29:00;361;sem vítima;353;BR-262/MG;Leste;Queda de Moto;;;;1;;;;;;;1;;;;
27/12/2017;15:37:00;367;com vítima;107,331;BR-060/GO;Sul;Colisão Traseira;2;;;;;;;;;;1;2;;;
27/12/2017;16:02:00;384;sem vítima;11,9;BR-060/DF;Norte;Choque - Poste;1;;;;;;;;;;1;;;;
27/12/2017;17:19:00;423;sem vítima;525;BR-262/MG;Leste;Colisão Traseira;2;;;;;;;;;;2;;;;
27/12/2017;17:56:00;452;sem vítima;43,987;BR-153/MG;Sul;Saida de Pista;;;;;;;;;;1;1;;;;
27/12/2017;20:03:00;522;com vítima;3,39;BR-060/GO;Norte;Capotamento;1;;;;;;;;;;0;3;;;
27/12/2017;20:09:00;525;com vítima;40,733;BR-060/GO;Norte;Colisão Lateral;2;;;;;;;;;;3;1;;;
27/12/2017;22:33:00;575;com vítima;5,008;BR-153/MG;Sul;Colisão Traseira;;;1;1;;;;;;;1;1;1;;
27/12/2017;23:30:00;598;sem vítima;12,939;BR-060/DF;Sul;Choque - Talude;1;;;;;;;;;;1;;;;
28/12/2017;00:23:00;8;com vítima;4,196;BR-060/DF;Norte;Capotamento;1;;;;;;;;;;0;1;;;
28/12/2017;05:57:00;80;com vítima;515,565;BR-153/GO;Norte;Colisão Traseira;;;1;1;;;;;;;1;1;;;
28/12/2017;08:57:00;160;sem vítima;446;BR-262/MG;Oeste;Colisão Lateral;2;;;;;;;;;;2;;;;
28/12/2017;19:51:00;596;sem vítima;493;BR-153/GO;Sul;Choque - Suporte de Sinalização;1;;;;;;;;;;2;;;;
28/12/2017;20:18:00;613;com vítima;443,367;BR-262/MG;Leste;Atropelamento - Ambulante;;;1;;;;;;;;1;1;;;
28/12/2017;20:31:00;620;com vítima;579,799;BR-153/GO;Norte;Queda de Moto;;;;1;;;;;;;0;1;;;
28/12/2017;22:44:00;670;com vítima;832,188;BR-262/MG;Leste;Choque - Defensa, barreira ou "submarino";1;;;;;;;;;;0;1;;;
29/12/2017;00:14:00;3;sem vítima;183,5;BR-153/MG;Sul;Tombamento;;;1;;;;;;;;1;;;;
29/12/2017;00:30:00;8;com vítima;17,3;BR-153/MG;Sul;Saida de Pista;1;;;;;;;;;;1;1;;;
29/12/2017;05:11:00;95;sem vítima;376,971;BR-262/MG;Leste;Choque - Defensa, barreira ou "submarino";;;1;;;;;;;;1;;;;
29/12/2017;05:36:00;111;sem vítima;197,001;BR-153/MG;Norte;Colisão Transversal;1;;1;;;;;;;;4;;;;
29/12/2017;09:50:00;300;sem vítima;94;BR-060/GO;Norte;Colisão Traseira;1;;1;;;;;;;;2;;;;
29/12/2017;10:17:00;319;com vítima;47,659;BR-060/GO;Sul;Colisão Lateral;;;;2;;;;;;;0;2;;;
29/12/2017;16:19:00;515;com vítima;46,821;BR-060/GO;Norte;Capotamento;1;;;;;;;;;;2;2;;;
29/12/2017;16:35:00;524;sem vítima;591;BR-153/GO;Norte;Choque - Elemento de Drenagem;1;;;;;;;;;;1;;;;
29/12/2017;16:53:00;539;sem vítima;51;BR-060/GO;Norte;Saida de Pista;1;;;;;;;;;;1;;;;
29/12/2017;17:11:00;551;sem vítima;502,969;BR-153/GO;Norte;Choque - Defensa, barreira ou "submarino";;;1;;;;;;;;1;;;;
29/12/2017;17:54:00;577;sem vítima;5,224;BR-060/GO;Sul;Saida de Pista;1;;;;;;;;;;2;;;;
29/12/2017;18:30:00;598;com vítima;532,471;BR-262/MG;Oeste;Colisão Frontal;1;;1;;;;;;;;2;;;;1
29/12/2017;20:35:00;670;sem vítima;768;BR-262/MG;Leste;Saida de Pista;;;;;;;;;;1;2;;;;
30/12/2017;00:42:00;12;com vítima;494,001;BR-153/GO;Norte;Atropelamento - Ciclista;1;1;;;;;;;;;1;1;;;
30/12/2017;05:50:00;74;sem vítima;17;BR-153/MG;Sul;Saida de Pista;1;;;;;;;;;;1;;;;
30/12/2017;06:37:00;86;sem vítima;0;BR-153/MG;Norte;Saida de Pista;1;;;;;;;;;;1;;;;
30/12/2017;08:03:00;112;sem vítima;437;BR-262/MG;Oeste;Capotamento;1;;;;;;;;;;1;;;;
30/12/2017;08:27:00;125;sem vítima;587;BR-262/MG;Oeste;Saida de Pista;;;1;;;;;;;;1;;;;
30/12/2017;08:44:00;133;sem vítima;590;BR-262/MG;Leste;Choque - Defensa, barreira ou "submarino";;;;;;;;;;1;1;;;;
30/12/2017;08:47:00;135;sem vítima;161;BR-153/MG;Sul;Choque - Suporte de Sinalização;;;1;;;;;;;;1;;;;
30/12/2017;08:47:00;136;sem vítima;547,5;BR-262/MG;Leste;Choque - Talude;1;;;;;;;;;;1;;;;
30/12/2017;08:51:00;139;sem vítima;383;BR-262/MG;Oeste;Capotamento;1;;;;;;;;;;1;;;;
30/12/2017;09:03:00;146;com vítima;589,3;BR-262/MG;Leste;Capotamento;1;;;;;;;;;;0;3;;;
30/12/2017;09:12:00;148;sem vítima;460;BR-262/MG;Oeste;Colisão Traseira;1;;1;;;;;;;;6;;;;
30/12/2017;09:32:00;159;com vítima;98,001;BR-153/MG;Norte;Choque - Defensa, barreira ou "submarino";1;;1;;;;;;;;4;2;;;
30/12/2017;10:26:00;187;sem vítima;160,9;BR-153/MG;Sul;Capotamento;1;;;;;;;;;;2;;;;
30/12/2017;10:52:00;205;sem vítima;408;BR-262/MG;Oeste;Saida de Pista;1;;;;;;;;;;1;;;;
30/12/2017;11:17:00;221;sem vítima;512;BR-153/GO;Sul;Colisão Traseira;1;;1;;;;;;;;2;;;;
30/12/2017;11:20:00;224;sem vítima;380,9;BR-262/MG;Oeste;Saida de Pista;1;;;;;;;;;;1;;;;
30/12/2017;11:31:00;231;sem vítima;380;BR-262/MG;Oeste;Capotamento;1;;;;;;;;;;1;;;;
30/12/2017;11:39:00;233;com vítima;124,001;BR-153/MG;Sul;Colisão Traseira;1;;;;;;;;;;3;2;;;
30/12/2017;11:51:00;236;sem vítima;549;BR-262/MG;Leste;Capotamento;1;;;;;;;;;;1;;;;
30/12/2017;12:07:00;239;sem vítima;583;BR-262/MG;Leste;Capotamento;1;;;;;;;;;;1;;;;
30/12/2017;12:11:00;240;sem vítima;382;BR-262/MG;Oeste;Choque - Defensa, barreira ou "submarino";1;;;;;;;;;;1;;;;
30/12/2017;12:20:00;251;com vítima;46,3;BR-060/GO;Norte;Capotamento;1;;;;;;;;;;1;3;;;
30/12/2017;12:44:00;263;sem vítima;547;BR-262/MG;Leste;Saida de Pista;1;;;;;;;;;;3;;;;
30/12/2017;12:45:00;264;sem vítima;607;BR-262/MG;Leste;Capotamento;1;;;;;;;;;;2;;;;
30/12/2017;13:15:00;276;sem vítima;382;BR-262/MG;Oeste;Saida de Pista;1;;;;;;;;;;1;;;;
30/12/2017;14:08:00;302;sem vítima;40,6;BR-060/GO;Norte;Capotamento;1;;;;;;;;;;1;;;;
30/12/2017;14:24:00;309;sem vítima;114,3;BR-060/GO;Norte;Choque - Defensa, barreira ou "submarino";1;;;;;;;;;;1;;;;
30/12/2017;14:35:00;315;com vítima;364,3;BR-262/MG;Oeste;Queda de Moto;;;;1;;;;;;;1;;1;;
30/12/2017;14:44:00;323;sem vítima;89,8;BR-060/GO;Sul;Colisão Traseira;2;;;;;;;;;;2;;;;
30/12/2017;14:49:00;325;sem vítima;659,001;BR-153/GO;Norte;Colisão Traseira;2;;;;;;;;;;2;;;;
30/12/2017;14:53:00;328;sem vítima;106;BR-060/GO;Sul;Colisão Traseira;1;;;;;;;;;;1;;;;
30/12/2017;15:28:00;343;com vítima;91,8;BR-060/GO;Norte;Choque - Outros;1;;;;;;;;;;0;1;1;;
30/12/2017;15:40:00;350;sem vítima;382,5;BR-262/MG;Oeste;Capotamento;1;;;;;;;;;;1;;;;
30/12/2017;15:55:00;357;sem vítima;575;BR-262/MG;Leste;Choque - Talude;1;;;;;;;;;;2;;;;
30/12/2017;16:34:00;371;sem vítima;494,5;BR-153/GO;Norte;Colisão Traseira;1;;1;;;;;;;;2;;;;
30/12/2017;16:35:00;372;sem vítima;117,852;BR-060/GO;Norte;Colisão Lateral;2;;;;;;;;;;7;;;;
30/12/2017;16:38:00;375;sem vítima;19;BR-153/MG;Sul;Colisão Traseira;1;;1;;;;;;;;2;;;;
30/12/2017;17:37:00;396;com vítima;608,062;BR-262/MG;Leste;Capotamento;;;;;;;;;;1;0;1;2;;1
30/12/2017;18:00:00;405;sem vítima;452;BR-262/MG;Oeste;Colisão Transversal;2;;;;;;;;;;2;;;;
30/12/2017;18:06:00;406;com vítima;469,567;BR-262/MG;Oeste;Colisão Frontal;3;;;;;;;;;;4;;1;;
30/12/2017;19:01:00;425;com vítima;517,4;BR-153/GO;Sul;Capotamento;;;1;;;;;;;;1;1;;;
30/12/2017;21:02:00;484;sem vítima;576;BR-153/GO;Sul;Capotamento;1;;;;;;;;;;3;;;;
30/12/2017;21:47:00;502;sem vítima;382,8;BR-262/MG;Oeste;Choque - Outros;1;;;;;;;;;;1;;;;
31/12/2017;00:31:00;6;sem vítima;245,781;BR-153/MG;Sul;Choque - Elemento de Drenagem;1;;;;;;;;;;2;;;;
31/12/2017;03:43:00;48;com vítima;496,561;BR-262/MG;Oeste;Choque - Arvore;1;;;;;;;;;;0;1;;;
31/12/2017;03:50:00;49;sem vítima;16,854;BR-060/DF;Sul;Choque - Talude;1;;;;;;;;;;1;;;;
31/12/2017;07:35:00;82;sem vítima;172,001;BR-153/MG;Sul;Choque - Suporte de Sinalização;1;;;;;;;;;;1;;;;
31/12/2017;08:34:00;95;com vítima;458,168;BR-262/MG;Oeste;Capotamento;1;;;;;;;;;;1;2;;;
31/12/2017;10:08:00;123;sem vítima;515,4;BR-153/GO;Norte;Queda de Moto;1;;;1;;;;;;;2;;;;
31/12/2017;13:28:00;202;sem vítima;548,6;BR-262/MG;Oeste;Capotamento;1;;;;;;;;;;1;;;;
31/12/2017;13:55:00;208;com vítima;442;BR-262/MG;Leste;Colisão Traseira;1;;;1;;;;;;;3;;1;;
31/12/2017;13:57:00;210;sem vítima;53,23;BR-060/GO;Norte;Capotamento;1;;;;;;;;;;1;;;;
31/12/2017;15:12:00;240;sem vítima;117,888;BR-060/GO;Norte;Colisão Traseira;1;;;1;;;;;;;2;;;;
31/12/2017;20:48:00;349;sem vítima;244;BR-153/MG;Norte;Choque - Elemento de Drenagem;1;;;;;;;;;;2;;;;
01/01/2018;01:48:00;19;sem vítima;801;BR-262/MG;Leste;Choque - Defensa, barreira ou "submarino";1;;;;;;;;;;2;;;;
01/01/2018;04:24:00;46;sem vítima;376,7;BR-262/MG;Leste;Choque - Elemento de Drenagem;1;;;;;;;;;;1;;;;
01/01/2018;04:30:00;49;sem vítima;505,2;BR-153/GO;Sul;Choque - Suporte de Sinalização;1;;;;;;;;;;1;;;;
01/01/2018;05:57:00;66;com vítima;6,261;BR-060/DF;Sul;Choque - Arvore;1;;;;;;;;;;0;;1;1;2
01/01/2018;06:20:00;71;sem vítima;494,095;BR-153/GO;Norte;Choque - Defensa, barreira ou "submarino";1;;;;;;;;;;1;;;;
01/01/2018;14:51:00;251;sem vítima;571;BR-262/MG;Leste;Queda de Moto;;;;1;;;;;;;1;;;;
01/01/2018;16:03:00;303;sem vítima;119;BR-060/GO;Sul;Choque - Defensa, barreira ou "submarino";1;;;;;;;;;;1;;;;
01/01/2018;17:00:00;347;sem vítima;20,366;BR-060/GO;Norte;Choque - Suporte de Sinalização;1;;;;;;;;;;2;;;;
01/01/2018;17:47:00;386;com vítima;369;BR-262/MG;Oeste;Capotamento;1;;;;;;;;;;4;;2;;
01/01/2018;18:20:00;410;com vítima;772,072;BR-262/MG;Oeste;Capotamento;1;;;;;;;;;;1;;3;1;
01/01/2018;18:29:00;421;sem vítima;4,5;BR-060/GO;Norte;Colisão Traseira;1;;;;;;;;;;1;;;;
01/01/2018;21:26:00;523;com vítima;48,769;BR-060/GO;Sul;Colisão Traseira;;;1;1;;;;;;;1;;1;;
02/01/2018;00:38:00;10;sem vítima;653,606;BR-153/GO;Sul;Tombamento;;;1;;;;;;;;1;;;;
02/01/2018;02:19:00;30;com vítima;650,571;BR-262/MG;Leste;Colisão Traseira;2;;;;;;;;;;0;3;1;;
02/01/2018;05:42:00;65;sem vítima;689;BR-153/GO;Norte;Colisão Traseira;2;;;;;;;;;;2;;;;
02/01/2018;06:32:00;79;sem vítima;547,8;BR-262/MG;Leste;Choque - Elemento de Drenagem;1;;;;;;;;;;1;;;;
02/01/2018;06:39:00;82;sem vítima;442;BR-262/MG;Leste;Saida de Pista;1;;;;;;;;;;1;;;;
02/01/2018;07:05:00;94;com vítima;494,111;BR-153/GO;Norte;Choque - Veiculo parado na pista;1;;1;;;;;;;;4;1;;1;
02/01/2018;08:11:00;126;com vítima;597;BR-262/MG;Leste;Capotamento;;;1;;;;;;;;0;;;;1
02/01/2018;08:33:00;141;sem vítima;568;BR-262/MG;Leste;Colisão Traseira;2;;;;;;;;;;2;;;;
02/01/2018;09:25:00;170;com vítima;492,247;BR-153/GO;Norte;Queda de Moto;;;;1;;;;;;;0;1;;;
02/01/2018;10:56:00;223;sem vítima;815;BR-262/MG;Oeste;Colisão Traseira;2;;;;;;;;;;2;;;;
02/01/2018;11:08:00;235;sem vítima;17;BR-153/MG;Sul;Colisão Traseira;2;;;;;1;;;;;6;;;;
02/01/2018;11:36:00;261;sem vítima;578,5;BR-153/GO;Norte;Tombamento;1;;;;;;;;;;1;;;;
02/01/2018;11:37:00;262;sem vítima;430;BR-262/MG;Leste;Capotamento;1;;;;;;;;;;3;;;;
02/01/2018;12:12:00;283;sem vítima;694;BR-153/GO;Norte;Saida de Pista;;;;;;;;;;1;3;;;;
02/01/2018;12:44:00;299;com vítima;613;BR-153/GO;Sul;Tombamento;;;1;;;;;;;;0;1;;;
02/01/2018;12:44:00;300;sem vítima;559;BR-153/GO;Sul;Saida de Pista;1;;;;;;;;;;1;;;;
02/01/2018;12:56:00;306;sem vítima;570,5;BR-153/GO;Sul;Capotamento;;;;;;;;;;1;1;;;;
02/01/2018;14:00:00;335;sem vítima;97,9;BR-153/MG;Sul;Colisão Traseira;2;;;;;;;;;;2;;;;
02/01/2018;14:41:00;366;sem vítima;518;BR-153/GO;Norte;Choque - Elemento de Drenagem;1;;;;;;;;;;1;;;;
02/01/2018;14:47:00;371;sem vítima;518,3;BR-153/GO;Norte;Tombamento;;;1;;;;;;;;1;;;;
02/01/2018;15:10:00;388;sem vítima;530;BR-262/MG;Leste;Choque - Talude;1;;;;;;;;;;5;;;;
02/01/2018;15:51:00;412;sem vítima;43;BR-060/GO;Norte;Colisão Lateral;2;;;;;;;;;;2;;;;
02/01/2018;17:02:00;460;sem vítima;50,2;BR-153/MG;Sul;Choque - Talude;1;;;;;;;;;;1;;;;
02/01/2018;19:37:00;552;com vítima;4,001;BR-060/DF;Norte;Capotamento;1;;;;;;;;;;0;;1;;
02/01/2018;19:59:00;566;com vítima;418,367;BR-262/MG;Leste;Choque - Defensa, barreira ou "submarino";1;;;;;;;;;;0;1;2;1;
03/01/2018;02:39:00;24;sem vítima;490,815;BR-153/GO;Norte;Colisão Traseira;1;;;;;1;;;;;3;;;;
03/01/2018;05:46:00;57;com vítima;557,4;BR-153/GO;Norte;Capotamento;1;;;;;;;;;;2;1;;;
03/01/2018;08:18:00;115;sem vítima;659,5;BR-153/GO;Norte;Choque - Elemento de Drenagem;1;;;;;;;;;;4;;;;
03/01/2018;11:47:00;264;sem vítima;238,5;BR-153/MG;Norte;Atropelamento de Animal;1;;;;;;;;;;1;;;;
03/01/2018;15:17:00;382;sem vítima;74,567;BR-060/GO;Norte;Choque - Talude;1;;;;;;;;;;4;;;;
03/01/2018;16:59:00;430;sem vítima;405;BR-262/MG;Oeste;Choque - Suporte de Sinalização;1;;;;;;;;;;1;;;;
03/01/2018;19:08:00;494;sem vítima;408,948;BR-262/MG;Leste;Choque - Elemento de Drenagem;1;;;;;;;;;;2;;;;
03/01/2018;20:37:00;538;sem vítima;883,142;BR-262/MG;Leste;Choque - Elemento de Drenagem;;;1;;;;;;;;1;;;;
03/01/2018;22:46:00;607;sem vítima;143,5;BR-153/MG;Norte;Saida de Pista;;;1;;;;;;;;1;;;;
03/01/2018;23:04:00;609;sem vítima;442;BR-262/MG;Leste;Choque - Defensa, barreira ou "submarino";1;;;;;;;;;;1;;;;
03/01/2018;23:21:00;612;com vítima;110,213;BR-060/GO;Sul;Queda de Moto;;;;1;;;;;;;0;;1;;
03/01/2018;23:28:00;617;com vítima;816,2;BR-262/MG;Leste;Atropelamento de Animal;;;;;;;;;;1;0;;;2;
04/01/2018;00:59:00;20;sem vítima;58;BR-153/MG;Sul;Tombamento;;;1;;;;;;;;1;;;;
04/01/2018;03:25:00;46;sem vítima;517,2;BR-153/GO;Sul;Capotamento;1;;;;;;;;;;1;;;;
04/01/2018;11:11:00;258;sem vítima;385;BR-262/MG;Oeste;Capotamento;1;;;;;;;;;;1;;;;
04/01/2018;11:22:00;270;com vítima;591,3;BR-153/GO;Sul;Capotamento;1;;;;;;;;;;0;4;;;
04/01/2018;11:28:00;271;com vítima;14,3;BR-153/MG;Norte;Atropelamento - Andarilho;;;1;;;;;;;;1;;;;1
04/01/2018;11:33:00;275;sem vítima;382;BR-262/MG;Oeste;Capotamento;1;;;;;;;;;;1;;;;
04/01/2018;12:01:00;286;sem vítima;765,22;BR-262/MG;Leste;Saida de Pista;1;;;;;;;;;;1;;;;
04/01/2018;12:40:00;301;sem vítima;491,9;BR-153/GO;Sul;Queda de Moto;;;;1;;;;;;;2;;;;
04/01/2018;14:23:00;345;com vítima;597,001;BR-153/GO;Sul;Capotamento;1;;;;;;;;;;0;;1;;
04/01/2018;14:24:00;346;com vítima;631,3;BR-153/GO;Norte;Capotamento;1;;;;;;;;;;3;3;;;
04/01/2018;15:05:00;366;sem vítima;372;BR-262/MG;Leste;Choque - Defensa, barreira ou "submarino";1;;;;;;;;;;2;;;;
04/01/2018;16:40:00;413;sem vítima;463;BR-262/MG;Leste;Colisão Traseira;1;;1;;;;;;;;2;;;;
04/01/2018;16:53:00;423;sem vítima;591,9;BR-262/MG;Leste;Choque - Talude;1;;;;;;;;;;4;;;;
04/01/2018;17:21:00;437;sem vítima;557,2;BR-153/GO;Sul;Saida de Pista;1;;;;;;;;;;1;;;;
04/01/2018;17:58:00;460;com vítima;122,299;BR-060/GO;Norte;Colisão Frontal;1;;1;;;;;;;;1;1;;;
04/01/2018;18:31:00;477;sem vítima;611;BR-262/MG;Leste;Capotamento;1;;;;;;;;;;1;;;;
04/01/2018;18:40:00;480;com vítima;549;BR-262/MG;Leste;Choque - Elemento de Drenagem;1;;;;;;;;;;1;;2;;
04/01/2018;21:26:00;567;sem vítima;355,5;BR-262/MG;Oeste;Choque - Elemento de Drenagem;1;;;;;;;;;;1;;;;
04/01/2018;22:35:00;591;sem vítima;526;BR-262/MG;Leste;Saida de Pista;;;;;;;;;;1;1;;;;
04/01/2018;22:41:00;592;sem vítima;650,001;BR-262/MG;Oeste;Choque - Elemento de Drenagem;;;1;;;;;;;;1;;;;
05/01/2018;04:34:00;49;com vítima;143,9;BR-153/MG;Norte;Colisão Frontal;2;;;;;;;;;;0;;3;2;
05/01/2018;09:06:00;154;sem vítima;26,85;BR-060/DF;Norte;Capotamento;1;;;;;;;;;;1;;;;
05/01/2018;10:55:00;228;sem vítima;542,5;BR-262/MG;Leste;Saida de Pista;;;;;;;;;;1;3;;;;
05/01/2018;11:19:00;240;sem vítima;499,5;BR-262/MG;Leste;Capotamento;1;;;;;;;;;;3;;;;
05/01/2018;12:11:00;266;sem vítima;27,554;BR-060/GO;Sul;Choque - Elemento de Drenagem;1;;;;;;;;;;1;;;;
05/01/2018;13:47:00;317;sem vítima;380;BR-262/MG;Leste;Saida de Pista;1;;;;;;;;;;1;;;;