data;horario;n_da_ocorrencia;tipo_de_ocorrencia;km;trecho;sentido;tipo_de_acidente;automovel;bicicleta;caminhao;moto;onibus;outros;tracao_animal;transporte_de_cargas_especiais;trator_maquinas;utilitarios;ilesos;levemente_feridos;moderadamente_feridos;gravemente_feridos;mortos
22/01/2018;18:51:00;568;sem vítima;25,5;BR-060/GO;Sul;Choque - Elemento de Drenagem;1;;;;;;;;;;1;;;;
23/01/2018;00:05:00;4;sem vítima;19,408;BR-060/GO;Norte;Choque - Suporte de Sinalização;;;1;;;;;;;;1;;;;
23/01/2018;03:01:00;50;sem vítima;666,5;BR-153/GO;Norte;Capotamento;1;;;;;;;;;;1;;;;
23/01/2018;03:12:00;51;sem vítima;136,7;BR-060/GO;Sul;Choque - Elemento de Drenagem;1;;;;;;;;;;1;;;;
23/01/2018;06:13:00;80;sem vítima;380,684;BR-262/MG;Oeste;Choque - Elemento de Drenagem;1;;;;;;;;;;1;;;;
23/01/2018;07:55:00;142;sem vítima;503,199;BR-153/GO;Norte;Choque - Objeto não identificado;1;;;;;;;;;;1;;;;
23/01/2018;08:22:00;159;sem vítima;502,8;BR-153/GO;Norte;Colisão Traseira;1;;;;1;;;;;;4;;;;
23/01/2018;09:27:00;209;sem vítima;101;BR-153/MG;Norte;Queda de Moto;;;;1;;;;;;;1;;;;
23/01/2018;14:32:00;421;sem vítima;590,378;BR-262/MG;Leste;Choque - Defensa, barreira ou "submarino";;;1;;;;;;;;1;;;;
23/01/2018;16:33:00;519;sem vítima;775,3;BR-262/MG;Oeste;Capotamento;1;;;;;;;;;;1;;;;
23/01/2018;16:50:00;535;com vítima;671,68;BR-262/MG;Oeste;Capotamento;;;1;;;;;;;;0;;;1;
24/01/2018;07:05:00;95;sem vítima;526,75;BR-262/MG;Oeste;Atropelamento de Animal;;;;1;;;;;;;1;;;;
24/01/2018;08:10:00;136;com vítima;494,704;BR-153/GO;Sul;Colisão Traseira;1;;;1;;;;;;;1;1;;;
24/01/2018;08:24:00;147;sem vítima;18,414;BR-060/GO;Sul;Saida de Pista;1;;;;;;;;;;1;;;;
24/01/2018;10:41:00;245;sem vítima;616,139;BR-262/MG;Leste;Tombamento;;;1;;;;;;;;1;;;;
24/01/2018;14:01:00;336;sem vítima;574;BR-262/MG;Leste;Capotamento;1;;;;;;;;;;1;;;;
24/01/2018;14:44:00;351;sem vítima;803,36;BR-262/MG;Oeste;Atropelamento - Usuário;1;;;;;;;;;;2;;;;
24/01/2018;19:17:00;521;sem vítima;584;BR-153/GO;Sul;Saida de Pista;;;1;;;;;;;;1;;;;
24/01/2018;19:38:00;540;sem vítima;4,6;BR-060/DF;Sul;Colisão Traseira;;;1;1;;;;;;;2;;;;
25/01/2018;03:14:00;40;sem vítima;113,84;BR-060/GO;Sul;Capotamento;;;1;;;;;;;;1;;;;
25/01/2018;03:25:00;41;sem vítima;47,78;BR-060/GO;Sul;Capotamento;1;;;;;;;;;;1;;;;
25/01/2018;06:36:00;72;com vítima;667,107;BR-153/GO;Norte;Queda de Moto;;;;1;;;;;;;0;;1;;
25/01/2018;11:48:00;253;sem vítima;101,431;BR-060/GO;Sul;Colisão Transversal;2;;;;;;;;;;2;;;;
25/01/2018;14:14:00;320;com vítima;0,625;BR-060/DF;Norte;Colisão Lateral;2;;;;;;;;;;1;2;;;
25/01/2018;14:43:00;345;com vítima;566,367;BR-262/MG;Oeste;Tombamento;;;1;;;;;;;;1;;1;;
25/01/2018;16:35:00;408;com vítima;147,5;BR-153/MG;Sul;Colisão Transversal;;;2;;;;;;;;1;;1;;
25/01/2018;17:28:00;438;com vítima;104,4;BR-153/MG;Sul;Capotamento;1;;;;;;;;;;0;2;;;
25/01/2018;18:16:00;473;sem vítima;508,699;BR-153/GO;Norte;Engavetamento;3;;;;;;;;;;3;;;;
25/01/2018;18:46:00;493;sem vítima;503,1;BR-153/GO;Sul;Colisão Lateral;;;2;;;;;;;;2;;;;
25/01/2018;22:16:00;578;sem vítima;33,22;BR-060/GO;Norte;Colisão Traseira;2;;;;;;;;;;2;;;;
26/01/2018;02:27:00;29;sem vítima;786,069;BR-262/MG;Oeste;Atropelamento de Animal;;;1;;;;;;;;1;;;;
26/01/2018;07:22:00;101;sem vítima;114,385;BR-060/GO;Norte;Colisão Traseira;2;;;;;;;;;;2;;;;
26/01/2018;07:43:00;111;sem vítima;114,9;BR-060/GO;Sul;Colisão Lateral;1;;1;;;;;;;;3;;;;
26/01/2018;08:04:00;124;com vítima;73,376;BR-060/GO;Norte;Queda de Moto;;;;1;;;;;;;0;1;;;
26/01/2018;11:27:00;279;sem vítima;558,7;BR-153/GO;Norte;Capotamento;1;;;;;;;;;;1;;;;
26/01/2018;13:06:00;321;sem vítima;587,6;BR-153/GO;Norte;Capotamento;1;;;;;;;;;;1;;;;
26/01/2018;13:14:00;325;sem vítima;499,514;BR-153/GO;Sul;Colisão Traseira;1;;;;;;;;;1;2;;;;
26/01/2018;13:19:00;328;sem vítima;507,798;BR-153/GO;Sul;Colisão Traseira;3;;;;;;;;;;4;;;;
26/01/2018;14:02:00;351;sem vítima;178,5;BR-153/MG;Norte;Colisão Traseira;1;;2;;;;;;;;3;;;;
26/01/2018;14:04:00;354;com vítima;78;BR-060/GO;Sul;Capotamento;1;;;;;;;;;;0;3;;;
26/01/2018;14:41:00;370;com vítima;181,001;BR-153/MG;Sul;Colisão Lateral;1;;1;;;;;;;;2;1;;1;
26/01/2018;15:33:00;395;sem vítima;106,323;BR-060/GO;Norte;Tombamento;;;1;;;;;;;;1;;;;
26/01/2018;16:35:00;423;sem vítima;106,613;BR-060/GO;Norte;Saida de Pista;;;1;;;;;;;;1;;;;
26/01/2018;17:29:00;453;sem vítima;495,271;BR-153/GO;Sul;Colisão Traseira;1;;;;;1;;;;;2;;;;
26/01/2018;17:47:00;458;com vítima;494;BR-153/GO;Sul;Engavetamento;3;;;;1;;;;;;4;1;;;
26/01/2018;18:15:00;466;sem vítima;495,642;BR-153/GO;Sul;Colisão Traseira;2;;;;;;;;;;2;;;;
26/01/2018;18:48:00;491;com vítima;27,4;BR-060/DF;Sul;Capotamento;1;;;;;;;;;;0;1;;;
26/01/2018;18:48:00;505;com vítima;27,5;BR-060/DF;Sul;Capotamento;1;;;;;;;;;;0;1;;;
26/01/2018;21:03:00;564;sem vítima;31;BR-060/GO;Sul;Colisão Frontal;2;;;;;;;;;;2;;;;
27/01/2018;03:58:00;56;sem vítima;52,2;BR-153/MG;Sul;Choque - Defensa, barreira ou "submarino";;;1;;;;;;;;1;;;;
27/01/2018;05:03:00;67;sem vítima;447;BR-262/MG;Oeste;Choque - Talude;1;;;;;;;;;;1;;;;
27/01/2018;11:22:00;226;com vítima;132;BR-153/MG;Norte;Colisão Traseira;;;2;;;;;;;;2;1;;;
27/01/2018;11:28:00;230;sem vítima;545,1;BR-153/GO;Sul;Saida de Pista;1;;;;;;;;;;1;;;;
27/01/2018;12:21:00;256;sem vítima;501,699;BR-153/GO;Sul;Colisão Lateral;1;;1;;;;;;;;5;;;;
27/01/2018;13:38:00;290;sem vítima;368,6;BR-262/MG;Leste;Queda de Moto;;;;1;;;;;;;1;;;;
27/01/2018;20:50:00;499;com vítima;516,7;BR-153/GO;Sul;Saida de Pista;1;;;;;;;;;;0;2;;;
28/01/2018;01:56:00;31;sem vítima;699,302;BR-153/GO;Sul;Carreta deu L;;;1;;;;;;;;1;;;;
28/01/2018;03:49:00;46;com vítima;103,5;BR-060/GO;Sul;Capotamento;1;;;;;;;;;;0;1;;;
28/01/2018;04:31:00;54;com vítima;62,56;BR-060/GO;Norte;Capotamento;1;;;;;;;;;;0;1;;;
28/01/2018;07:52:00;99;sem vítima;415,5;BR-262/MG;Leste;Saida de Pista;1;;;;;;;;;;3;;;;
28/01/2018;10:52:00;198;com vítima;28,5;BR-060/GO;Sul;Capotamento;1;;;;;;;;;;0;1;1;;
28/01/2018;11:49:00;219;sem vítima;113,2;BR-060/GO;Sul;Choque - Defensa, barreira ou "submarino";;;1;;;;;;;;1;;;;
28/01/2018;11:57:00;227;sem vítima;132,195;BR-060/GO;Sul;Saida de Pista;1;;;;;;;;;;1;;;;
28/01/2018;12:02:00;229;com vítima;133,336;BR-060/GO;Sul;Choque - Talude;1;;;;;1;;;;;1;1;;;
28/01/2018;12:02:00;230;sem vítima;132,333;BR-060/GO;Sul;Choque - Defensa, barreira ou "submarino";1;;;;;;;;;;1;;;;
28/01/2018;16:40:00;353;sem vítima;798;BR-262/MG;Oeste;Colisão Traseira;2;;;;;;;;;;3;;;;
28/01/2018;16:52:00;360;com vítima;501,273;BR-153/GO;Norte;Queda de Moto;;;;1;;;;;;;0;2;;;
28/01/2018;17:49:00;394;com vítima;391,3;BR-262/MG;Oeste;Choque - Elemento de Drenagem;1;;;;;;;;;;0;;1;;
28/01/2018;23:30:00;554;com vítima;802,569;BR-262/MG;Leste;Capotamento;1;;;;;;;;;;0;;1;;
29/01/2018;00:41:00;12;com vítima;97,2;BR-153/MG;Norte;Capotamento;1;;1;;;;;;;;1;2;;;
29/01/2018;03:05:00;35;com vítima;557,2;BR-153/GO;Norte;Colisão Traseira;;;2;;;;;;;;1;1;;;
29/01/2018;05:52:00;67;com vítima;649;BR-262/MG;Oeste;Capotamento;1;;;;;;;;;;1;1;;;
29/01/2018;06:59:00;98;sem vítima;507,9;BR-153/GO;Norte;Engavetamento;3;;;;;;;;;;3;;;;
29/01/2018;07:30:00;107;com vítima;508,2;BR-153/GO;Norte;Engavetamento;2;;;1;;;;;;;2;1;;;
29/01/2018;07:42:00;112;sem vítima;12,684;BR-060/GO;Norte;Colisão Traseira;1;;1;;;;;;;;2;;;;
29/01/2018;12:31:00;307;sem vítima;33,8;BR-060/GO;Norte;Choque - Talude;1;;;;;;;;;;1;;;;
29/01/2018;13:01:00;317;sem vítima;46,3;BR-060/GO;Norte;Choque - Elemento de Drenagem;1;;;;;;;;;;1;;;;
29/01/2018;13:39:00;328;sem vítima;628,5;BR-153/GO;Norte;Capotamento;;;;;;;;;;1;1;;;;
29/01/2018;14:06:00;339;com vítima;393;BR-262/MG;Oeste;Tombamento;;;1;;;;;;;;0;1;;;
29/01/2018;15:15:00;364;sem vítima;591,001;BR-262/MG;Leste;Saida de Pista;1;;;;;;;;;;1;;;;
29/01/2018;15:30:00;377;sem vítima;580;BR-262/MG;Leste;Choque - Elemento de Drenagem;1;;;;;;;;;;1;;;;
29/01/2018;15:33:00;380;sem vítima;610;BR-262/MG;Oeste;Tombamento;;;1;;;;;;;;1;;;;
29/01/2018;15:52:00;391;sem vítima;406,8;BR-262/MG;Oeste;Tombamento;;;1;;;;;;;;2;;;;
29/01/2018;17:39:00;440;com vítima;32,001;BR-153/MG;Norte;Capotamento;1;;;;;;;;;;0;2;1;2;
29/01/2018;17:55:00;448;com vítima;3;BR-153/MG;Sul;Choque - Elemento de Drenagem;1;;;;;;;;;;0;1;;;
29/01/2018;20:18:00;523;sem vítima;438,87;BR-262/MG;Oeste;Saida de Pista;1;;;;;;;;;;1;;;;
29/01/2018;21:05:00;543;com vítima;587,26;BR-262/MG;Leste;Colisão Lateral;;;2;;;;;;;;1;;1;;
30/01/2018;04:00:00;36;sem vítima;58;BR-153/MG;Sul;Choque - Suporte de Sinalização;;;1;;;;;;;;1;;;;
30/01/2018;09:02:00;132;sem vítima;548;BR-262/MG;Leste;Tombamento;;;1;;;;;;;;1;;;;
30/01/2018;09:24:00;148;sem vítima;581,6;BR-153/GO;Sul;Capotamento;1;;;;;;;;;;1;;;;
30/01/2018;12:16:00;246;sem vítima;367;BR-262/MG;Oeste;Colisão Traseira;1;;;1;;;;;;;2;;;;
30/01/2018;14:18:00;310;sem vítima;70,5;BR-153/MG;Norte;Tombamento;;;1;;;;;;;;1;;;;
30/01/2018;14:48:00;324;com vítima;364;BR-262/MG;Leste;Capotamento;1;;;;;;;;;;1;1;;;
30/01/2018;14:57:00;327;sem vítima;364;BR-262/MG;Leste;Choque - Suporte de Sinalização;1;;;;;;;;;;1;;;;
30/01/2018;16:04:00;358;sem vítima;359,8;BR-262/MG;Leste;Colisão Transversal;;;;;1;;;;;1;2;;;;
30/01/2018;17:37:00;414;com vítima;571,001;BR-262/MG;Leste;Capotamento;1;;;;;;;;;;1;1;1;;
30/01/2018;17:59:00;430;com vítima;544,467;BR-262/MG;Leste;Carreta deu L;1;;1;;;;;;;;1;1;1;;
30/01/2018;18:05:00;432;com vítima;423,37;BR-262/MG;Leste;Choque - Talude;;;;1;;;;;;;0;1;;;
30/01/2018;18:22:00;440;sem vítima;574,467;BR-262/MG;Oeste;Tombamento;;;1;;;;;;;;1;;;;
30/01/2018;18:43:00;451;sem vítima;547,071;BR-262/MG;Oeste;Colisão Lateral;;;1;;;;;;;;2;;;;
30/01/2018;19:23:00;474;sem vítima;384,001;BR-262/MG;Oeste;Choque - Talude;1;;;;;;;;;;1;;;;
30/01/2018;19:32:00;479;sem vítima;380,072;BR-262/MG;Leste;Choque - Talude;1;;;;;;;;;;2;;;;
30/01/2018;19:39:00;482;sem vítima;382,668;BR-262/MG;Oeste;Capotamento;1;;;;;;;;;;1;;;;
30/01/2018;20:23:00;508;com vítima;112,99;BR-060/GO;Sul;Queda de Moto;;;;1;;;;;;;0;1;;;
30/01/2018;21:48:00;539;sem vítima;445;BR-262/MG;Oeste;Saida de Pista;1;;;;;;;;;;1;;;;
30/01/2018;23:10:00;557;sem vítima;81,799;BR-153/MG;Norte;Tombamento;;;1;;;;;;;;1;;;;
30/01/2018;23:55:00;573;com vítima;244;BR-153/MG;Norte;Atropelamento - Andarilho;;;;;;;;;;;0;;1;;
31/01/2018;06:28:00;45;com vítima;43,941;BR-060/GO;Norte;Atropelamento - Andarilho;1;;;;;;;;;;1;;;;1
31/01/2018;07:47:00;67;com vítima;381,7;BR-262/MG;Oeste;Tombamento;;;1;;;;;;;;0;;1;;
31/01/2018;07:58:00;73;sem vítima;99,15;BR-060/GO;Sul;Colisão Lateral;1;;1;;;;;;;;2;;;;
31/01/2018;10:26:00;173;com vítima;107,9;BR-060/GO;Norte;Colisão Traseira;1;;;;1;;;;;;39;4;;;
31/01/2018;12:36:00;252;sem vítima;587;BR-262/MG;Leste;Capotamento;1;;;;;;;;;;1;;;;
31/01/2018;14:45:00;309;com vítima;435;BR-262/MG;Oeste;Choque - Talude;1;;;;;;;;;;0;2;;;
31/01/2018;16:15:00;358;sem vítima;574;BR-262/MG;Leste;Choque - Suporte de Sinalização;1;;;;;;;;;;3;;;;
31/01/2018;16:35:00;369;sem vítima;533,2;BR-153/GO;Norte;Tombamento;;;1;;;;;;;;2;;;;
31/01/2018;16:38:00;370;sem vítima;105,7;BR-060/GO;Sul;Queda de Moto;;;;1;;;;;;;1;;;;
31/01/2018;16:45:00;376;sem vítima;354,025;BR-262/MG;Oeste;Carreta deu L;;;1;;;;;;;;1;;;;
31/01/2018;18:37:00;434;com vítima;584,248;BR-262/MG;Leste;Colisão Frontal;1;;2;;;;;;;;2;;1;;
31/01/2018;18:47:00;439;sem vítima;368;BR-262/MG;Oeste;Choque - Defensa, barreira ou "submarino";;;;;;;;;;1;1;;;;
31/01/2018;19:07:00;444;com vítima;500,399;BR-153/GO;Norte;Queda de Moto;;;;1;;;;;;;0;1;;;
01/02/2018;00:53:00;18;sem vítima;190,6;BR-153/MG;Sul;Atropelamento de Animal;;;1;;;;;;;;1;;;;
01/02/2018;01:21:00;23;sem vítima;124;BR-153/MG;Norte;Colisão Traseira;2;;;;;1;;;;;3;;;;
01/02/2018;03:58:00;50;sem vítima;396,311;BR-262/MG;Leste;Atropelamento de Animal;;;2;;;;;;;;2;;;;
01/02/2018;05:42:00;70;sem vítima;550;BR-262/MG;Oeste;Choque - Elemento de Drenagem;1;;;;;;;;;;1;;;;
01/02/2018;06:43:00;89;sem vítima;580,8;BR-153/GO;Sul;Choque - Elemento de Drenagem;;;;;;;;;;1;1;;;;
01/02/2018;08:46:00;150;sem vítima;736,9;BR-262/MG;Oeste;Colisão Traseira;;;2;;;;;;;;2;;;;
01/02/2018;09:21:00;170;sem vítima;385;BR-262/MG;Oeste;Choque - Elemento de Drenagem;1;;;;;;;;;;2;;;;
01/02/2018;10:20:00;218;sem vítima;25,8;BR-060/DF;Norte;Saida de Pista;;;;;;;;;;1;1;;;;
01/02/2018;12:20:00;283;sem vítima;498,789;BR-262/MG;Oeste;Choque - Elemento de Drenagem;1;;;;;;;;;;1;;;;
01/02/2018;12:30:00;286;sem vítima;699,5;BR-153/GO;Norte;Colisão Traseira;;;2;;;;;;;;2;;;;
01/02/2018;14:49:00;343;com vítima;109,109;BR-060/GO;Norte;Tombamento;;;1;;;;;;;;0;1;;;
01/02/2018;14:49:00;344;sem vítima;406,116;BR-262/MG;Oeste;Choque - Suporte de Sinalização;1;;;;;;;;;;1;;;;
01/02/2018;15:34:00;365;sem vítima;380,517;BR-262/MG;Leste;Capotamento;1;;;;;;;;;;3;;;;
01/02/2018;16:29:00;389;com vítima;643,1;BR-153/GO;Sul;Capotamento;1;;;;;;;;;;0;2;;;
01/02/2018;16:37:00;392;sem vítima;41,001;BR-153/MG;Sul;Saida de Pista;;;;;;;;;;1;1;;;;
01/02/2018;17:03:00;402;sem vítima;128,099;BR-060/GO;Norte;Saida de Pista;;;1;;;;;;;;1;;;;
01/02/2018;17:29:00;414;com vítima;27,5;BR-060/GO;Sul;Colisão Traseira;1;;;1;;;;;;;4;;1;;
01/02/2018;18:31:00;461;sem vítima;514,898;BR-153/GO;Norte;Colisão Lateral;2;;;;;;;;;;2;;;;
01/02/2018;20:03:00;514;sem vítima;381,579;BR-262/MG;Leste;Choque - Defensa, barreira ou "submarino";1;;;;;;;;;;1;;;;
01/02/2018;20:10:00;521;sem vítima;76,9;BR-153/MG;Sul;Colisão Traseira;;;2;;;;;;;;2;;;;
01/02/2018;20:47:00;529;sem vítima;666,868;BR-262/MG;Leste;Tombamento;;;1;;;;;;;;1;;;;
02/02/2018;01:37:00;24;sem vítima;92;BR-060/GO;Sul;Choque - Talude;1;;;;;;;;;;3;;;;
02/02/2018;03:15:00;41;com vítima;61,1;BR-060/GO;Norte;Colisão Traseira;1;;1;;;;;;;;3;2;1;;
02/02/2018;04:29:00;53;sem vítima;413;BR-262/MG;Leste;Tombamento;;;1;;;;;;;;1;;;;
02/02/2018;06:31:00;89;sem vítima;794,885;BR-262/MG;Oeste;Tombamento;;;1;;;;;;;;1;;;;
02/02/2018;06:57:00;99;sem vítima;442,015;BR-262/MG;Oeste;Colisão Lateral;2;;;;;;;;;;2;;;;
02/02/2018;07:14:00;107;sem vítima;382,991;BR-262/MG;Oeste;Choque - Defensa, barreira ou "submarino";1;;;;;;;;;;4;;;;
02/02/2018;08:20:00;148;sem vítima;385;BR-262/MG;Oeste;Choque - Elemento de Drenagem;1;;;;;;;;;;4;;;;
02/02/2018;10:09:00;232;sem vítima;652,95;BR-262/MG;Leste;Capotamento;1;;;;;;;;;;1;;;;
02/02/2018;10:42:00;257;sem vítima;607,575;BR-262/MG;Oeste;Choque - Talude;1;;;;;;;;;;1;;;;
02/02/2018;10:48:00;260;sem vítima;381;BR-262/MG;Leste;Choque - Defensa, barreira ou "submarino";1;;;;;;;;;;1;;;;
02/02/2018;11:31:00;280;sem vítima;385;BR-262/MG;Leste;Choque - Elemento de Drenagem;1;;;;;;;;;;1;;;;
02/02/2018;11:38:00;284;com vítima;574;BR-262/MG;Leste;Capotamento;1;;;;;;;;;;0;1;;;
02/02/2018;12:59:00;325;sem vítima;590;BR-262/MG;Leste;Choque - Talude;1;;;;;;;;;;1;;;;
02/02/2018;13:29:00;335;sem vítima;591;BR-262/MG;Leste;Capotamento;1;;;;;;;;;;2;;;;
02/02/2018;13:39:00;344;sem vítima;607;BR-262/MG;Leste;Capotamento;1;;;;;;;;;;1;;;;
02/02/2018;13:40:00;346;sem vítima;587,082;BR-262/MG;Oeste;Tombamento;;;1;;;;;;;;1;;;;
02/02/2018;15:57:00;423;sem vítima;530;BR-262/MG;Oeste;Choque - Talude;1;;;;;;;;;;1;;;;
02/02/2018;16:08:00;426;com vítima;401,747;BR-262/MG;Leste;Carreta deu L;;;1;;;;;;;;0;;1;;
02/02/2018;17:03:00;454;sem vítima;518,8;BR-153/GO;Sul;Tombamento;;;1;;;;;;;;1;;;;
02/02/2018;20:02:00;550;sem vítima;366,367;BR-262/MG;Oeste;Capotamento;2;;;;;;;;;;3;;;;
02/02/2018;20:10:00;565;sem vítima;613,299;BR-153/GO;Sul;Atropelamento de Animal;1;;;;;;;;;;1;;;;
02/02/2018;21:45:00;598;sem vítima;54,7;BR-153/MG;Norte;Colisão Frontal;1;;;;;;;;;;2;;;;
02/02/2018;23:03:00;636;com vítima;409;BR-262/MG;Oeste;Capotamento;1;;;;;;;;;;0;1;;;
03/02/2018;00:11:00;2;sem vítima;46,5;BR-153/MG;Sul;Choque - Elemento de Drenagem;1;;;;;;;;;;1;;;;
03/02/2018;02:15:00;47;com vítima;99,403;BR-060/GO;Norte;Choque - Defensa, barreira ou "submarino";1;;;;;;;;;;0;1;;;
03/02/2018;05:12:00;72;sem vítima;9,4;BR-153/MG;Sul;Capotamento;1;;;;;;;;;;5;;;;
03/02/2018;07:04:00;94;sem vítima;369;BR-262/MG;Leste;Capotamento;1;;;;;;;;;;1;;;;
03/02/2018;09:02:00;156;sem vítima;373;BR-262/MG;Oeste;Queda de Moto;;;;1;;;;;;;1;;;;
03/02/2018;15:47:00;401;com vítima;29,355;BR-060/GO;Norte;Capotamento;1;;;;;;;;;;2;1;1;1;
03/02/2018;16:15:00;413;com vítima;604,9;BR-153/GO;Sul;Capotamento;1;;;;;;;;;;0;4;;;
03/02/2018;16:46:00;431;sem vítima;558,5;BR-153/GO;Sul;Capotamento;1;;;;;;;;;;2;;;;
03/02/2018;17:18:00;454;sem vítima;581,001;BR-153/GO;Sul;Capotamento;1;;;;;;;;;;5;;;;
03/02/2018;17:30:00;462;sem vítima;380,8;BR-262/MG;Leste;Saida de Pista;1;;;;;;;;;;2;;;;
03/02/2018;18:36:00;493;com vítima;713,774;BR-262/MG;Leste;Colisão Frontal;1;;1;;;;;;;;1;;;1;1
03/02/2018;19:26:00;522;com vítima;78,5;BR-060/GO;Sul;Engavetamento;2;;;;;1;;;;;4;5;;;
03/02/2018;18:36:00;552;sem vítima;713,774;BR-262/MG;Leste;Saida de Pista;1;;;;;;;;;;1;;;;
03/02/2018;21:14:00;566;com vítima;508,8;BR-153/GO;Sul;Colisão Traseira;;;;1;;1;;;;;1;;1;;
03/02/2018;21:51:00;575;sem vítima;369;BR-262/MG;Leste;Saida de Pista;1;;;;;;;;;;1;;;;
03/02/2018;22:32:00;590;sem vítima;503,001;BR-153/GO;Norte;Saida de Pista;1;;;;;;;;;;1;;;;
03/02/2018;23:49:00;614;com vítima;658,273;BR-262/MG;Leste;Choque - Talude;1;;;;;;;;;;0;1;;;
04/02/2018;02:17:00;31;sem vítima;699;BR-153/GO;Sul;Choque - Suporte de Sinalização;1;;;;;;;;;;4;;;;
04/02/2018;06:03:00;59;sem vítima;428,9;BR-262/MG;Oeste;Choque - Talude;1;;;;;;;;;;1;;;;
04/02/2018;09:36:00;146;sem vítima;26,5;BR-153/MG;Norte;Saida de Pista;;;;;;;;;;1;1;;;;
04/02/2018;10:36:00;186;com vítima;41,564;BR-060/GO;Norte;Atropelamento - Andarilho;;;1;;;;;;;;1;;;;1
04/02/2018;16:42:00;363;sem vítima;4,5;BR-060/GO;Norte;Colisão Traseira;1;;1;;;;;;;;5;;;;
04/02/2018;18:18:00;417;sem vítima;364,3;BR-262/MG;Oeste;Choque - Suporte de Sinalização;1;;;;;;;;;;3;;;;
04/02/2018;18:47:00;431;com vítima;9,242;BR-153/MG;Sul;Capotamento;1;;;;;;;;;;0;1;;;
04/02/2018;18:53:00;435;sem vítima;197,682;BR-153/MG;Sul;Colisão Traseira;;;2;;;;;;;;3;;;;
04/02/2018;21:01:00;513;sem vítima;570,35;BR-262/MG;Leste;Choque - Elemento de Drenagem;;;;;;;;;;1;1;;;;
04/02/2018;23:31:00;568;sem vítima;784,2;BR-262/MG;Oeste;Queda de Ciclista;;;;1;;;;;;;1;;;;
04/02/2018;23:33:00;569;sem vítima;505,399;BR-153/GO;Sul;Choque - Defensa, barreira ou "submarino";;;1;;;;;;;;1;;;;
04/02/2018;23:56:00;576;sem vítima;138;BR-060/GO;Sul;Saida de Pista;1;;;;;;;;;;2;;;;
05/02/2018;03:21:00;38;sem vítima;364,567;BR-262/MG;Leste;Atropelamento de Animal;1;;;;;;;;;;1;;;;
05/02/2018;06:00:00;65;sem vítima;580,132;BR-262/MG;Oeste;Choque - Talude;1;;;;;;;;;;1;;;;
05/02/2018;08:23:00;122;com vítima;508,26;BR-153/GO;Norte;Queda de Moto;;;;1;;;;;;;1;1;;;
05/02/2018;10:36:00;190;sem vítima;381,8;BR-262/MG;Oeste;Choque - Defensa, barreira ou "submarino";1;;;;;;;;;;2;;;;
05/02/2018;10:56:00;201;sem vítima;549;BR-262/MG;Leste;Choque - Elemento de Drenagem;1;;;;;;;;;;1;;;;
05/02/2018;11:18:00;215;com vítima;447;BR-262/MG;Oeste;Capotamento;1;;;;;;;;;;0;1;;;
05/02/2018;11:25:00;218;sem vítima;587,5;BR-262/MG;Leste;Choque - Arvore;;;1;;;;;;;;1;;;;
05/02/2018;11:34:00;222;com vítima;549;BR-262/MG;Leste;Choque - Veiculo parado no acostamento;2;;;;;;;;;;2;1;;;
05/02/2018;11:40:00;223;com vítima;381,8;BR-262/MG;Oeste;Colisão Traseira;2;;;;;;;;;;1;;1;;
05/02/2018;11:47:00;226;sem vítima;552;BR-262/MG;Leste;Choque - Elemento de Drenagem;;;;;;;;;;1;1;;;;
05/02/2018;11:56:00;235;sem vítima;381;BR-262/MG;Oeste;Capotamento;1;;;;;;;;;;1;;;;
05/02/2018;12:30:00;250;sem vítima;560,998;BR-153/GO;Sul;Choque - Elemento de Drenagem;1;;;;;;;;;;1;;;;
05/02/2018;13:26:00;274;sem vítima;380;BR-262/MG;Oeste;Capotamento;1;;;;;;;;;;1;;;;
05/02/2018;16:45:00;354;sem vítima;16;BR-060/GO;Norte;Choque - Elemento de Drenagem;1;;;;;;;;;;1;;;;
05/02/2018;16:46:00;355;sem vítima;96,2;BR-060/GO;Sul;Colisão Traseira;1;;;1;;;;;;;2;;;;
05/02/2018;17:14:00;371;sem vítima;484,25;BR-262/MG;Oeste;Capotamento;1;;;;;;;;;;1;;;;
05/02/2018;17:20:00;373;com vítima;493;BR-153/GO;Norte;Atropelamento - Andarilho;;;;1;;;;;;;0;1;1;;
05/02/2018;17:54:00;391;com vítima;443;BR-262/MG;Leste;Colisão Traseira;1;;;1;;;;;;;1;1;;;
05/02/2018;18:46:00;426;sem vítima;380,5;BR-262/MG;Leste;Choque - Elemento de Drenagem;1;;;;;;;;;;1;;;;
05/02/2018;18:52:00;431;sem vítima;384,4;BR-262/MG;Leste;Capotamento;1;;;;;;;;;;1;;;;
05/02/2018;19:09:00;444;sem vítima;87,799;BR-060/GO;Norte;Choque - Elemento de Drenagem;1;;;;;;;;;;1;;;;
06/02/2018;00:11:00;2;com vítima;567,35;BR-262/MG;Leste;Choque - Elemento de Drenagem;1;;;;;;;;;;0;5;;;
06/02/2018;00:38:00;9;sem vítima;43,3;BR-060/GO;Norte;Saida de Pista;;;1;;;;;;;;1;;;;
06/02/2018;00:49:00;16;com vítima;113,524;BR-153/MG;Norte;Capotamento;1;;;;;;;;;;0;2;;;
06/02/2018;06:27:00;84;com vítima;503,44;BR-153/GO;Norte;Queda de Moto;;;;1;;;;;;;0;1;;;