data;horario;n_da_ocorrencia;tipo_de_ocorrencia;km;trecho;sentido;tipo_de_acidente;automovel;bicicleta;caminhao;moto;onibus;outros;tracao_animal;transporte_de_cargas_especiais;trator_maquinas;utilitarios;ilesos;levemente_feridos;moderadamente_feridos;gravemente_feridos;mortos
06/02/2018;07:12:00;94;sem vítima;27;BR-153/MG;Sul;Queda de Ciclista;;1;;;;;;;;;1;;;;
06/02/2018;07:31:00;98;com vítima;469,5;BR-262/MG;Oeste;Queda de Moto;;;;1;;;;;;;0;;1;;
06/02/2018;10:15:00;203;sem vítima;382,567;BR-262/MG;Oeste;Capotamento;1;;;;;;;;;;1;;;;
06/02/2018;14:50:00;343;com vítima;82,392;BR-060/GO;Norte;Queda de Moto;;;;1;;;;;;;0;1;;;
06/02/2018;14:56:00;346;sem vítima;621,5;BR-262/MG;Oeste;Choque - Talude;1;;;;;;;;;;1;;;;
06/02/2018;15:17:00;354;com vítima;376,9;BR-262/MG;Oeste;Capotamento;1;;;;;;;;;;0;1;;;
06/02/2018;17:25:00;424;com vítima;101;BR-060/GO;Norte;Colisão Lateral;1;;;1;;1;;;;;2;1;;;
06/02/2018;17:37:00;430;com vítima;498,7;BR-153/GO;Sul;Engavetamento;3;;;;;;;;;;6;1;;;
06/02/2018;17:37:00;455;sem vítima;499;BR-153/GO;Sul;Engavetamento;3;;;;;;;;;;3;;;;
06/02/2018;22:41:00;557;sem vítima;580,168;BR-262/MG;Oeste;Saida de Pista;1;;;;;;;;;;2;;;;
06/02/2018;22:45:00;560;sem vítima;548,467;BR-262/MG;Oeste;Saida de Pista;;;1;;;;;;;;1;;;;
07/02/2018;01:22:00;16;sem vítima;364;BR-262/MG;Leste;Choque - Suporte de Sinalização;1;;;;;;;;;;1;;;;
07/02/2018;01:49:00;23;sem vítima;113;BR-060/GO;Norte;Capotamento;1;;;;;;;;;;2;;;;
07/02/2018;03:55:00;42;com vítima;43,6;BR-153/MG;Sul;Colisão Traseira;;;2;;;;;;;;1;1;;;
07/02/2018;04:51:00;50;com vítima;489,87;BR-262/MG;Oeste;Capotamento;1;;;;;;;;;;0;;1;;
07/02/2018;11:38:00;254;sem vítima;473,001;BR-262/MG;Oeste;Colisão Traseira;1;;1;;;;;;;;2;;;;
07/02/2018;13:48:00;339;sem vítima;494,917;BR-153/GO;Sul;Colisão Traseira;1;;;;;2;;;;;3;;;;
07/02/2018;16:11:00;431;sem vítima;19;BR-060/GO;Sul;Choque - Outros;1;;;;;;;;;;1;;;;
07/02/2018;17:10:00;469;sem vítima;29,136;BR-060/GO;Norte;Choque - Objeto sobre a pista;1;;;;;;;;;1;2;;;;
07/02/2018;18:03:00;504;sem vítima;519,95;BR-153/GO;Sul;Saida de Pista;1;;;;;;;;;;4;;;;
07/02/2018;18:24:00;519;sem vítima;541,9;BR-153/GO;Sul;Tombamento;;;1;;;;;;;;1;;;;
07/02/2018;22:31:00;632;com vítima;534;BR-153/GO;Norte;Choque - Veiculo parado no acostamento;1;;1;;;;;;;;1;1;;;
07/02/2018;22:33:00;635;sem vítima;39;BR-060/GO;Norte;Choque - Objeto sobre a pista;1;;;;;;;;;;2;;;;
08/02/2018;04:25:00;50;sem vítima;69,9;BR-153/MG;Norte;Capotamento;;;1;;;;;;;;1;;;;
08/02/2018;12:09:00;304;sem vítima;136,2;BR-060/GO;Sul;Colisão Lateral;;;2;;;;;;;;2;;;;
08/02/2018;19:09:00;532;com vítima;586,03;BR-262/MG;Leste;Capotamento;1;;;;;;;;;;0;;4;;
08/02/2018;20:04:00;566;sem vítima;515;BR-153/GO;Sul;Colisão Traseira;;;;1;;;;;;1;2;;;;
08/02/2018;20:37:00;584;sem vítima;5;BR-060/GO;Norte;Queda de Moto;;;;1;;;;;;;1;;;;
08/02/2018;22:54:00;641;com vítima;802,8;BR-262/MG;Oeste;Colisão Traseira;;;1;1;;;;;;;1;;;1;
08/02/2018;23:13:00;649;sem vítima;721,128;BR-262/MG;Leste;Atropelamento de Animal;;;1;;;;;;;;1;;;;
09/02/2018;09:43:00;213;sem vítima;2,2;BR-060/GO;Sul;Choque - Elemento de Drenagem;1;;;;;;;;;;2;;;;
09/02/2018;10:48:00;264;sem vítima;13,5;BR-060/GO;Norte;Saida de Pista;1;;;;;;;;;;1;;;;
09/02/2018;14:14:00;415;sem vítima;569;BR-262/MG;Oeste;Choque - Talude;;;;;;;;;;1;3;;;;
09/02/2018;14:29:00;427;com vítima;611,527;BR-262/MG;Leste;Colisão Lateral;1;;2;;;;;;;;5;1;;;
09/02/2018;14:40:00;431;com vítima;607,001;BR-262/MG;Leste;Queda de Moto;;;;1;;;;;;;0;1;1;;
09/02/2018;15:45:00;468;com vítima;133,001;BR-153/MG;Norte;Colisão Traseira;1;;;;;;;;;;1;1;;;
09/02/2018;16:38:00;508;com vítima;129;BR-060/GO;Sul;Colisão Traseira;1;;;1;;;;;;;1;1;;;
09/02/2018;17:04:00;527;com vítima;536;BR-153/GO;Sul;Colisão Traseira;1;;;1;;;;;;;1;1;;;
09/02/2018;17:53:00;560;sem vítima;501,2;BR-153/GO;Sul;Choque - Talude;1;;;;;;;;;;1;;;;
09/02/2018;18:48:00;605;sem vítima;502,976;BR-153/GO;Norte;Engavetamento;4;;;;;;;;;;4;;;;
09/02/2018;19:28:00;628;com vítima;382,567;BR-262/MG;Oeste;Queda de Moto;;;;1;;;;;;;0;1;;;
09/02/2018;20:17:00;656;sem vítima;397;BR-262/MG;Oeste;Atropelamento de Animal;1;;;;;;;;;;1;;;;
09/02/2018;21:10:00;684;com vítima;18;BR-153/MG;Sul;Atropelamento de Animal;;;1;;;;;;;;1;;;1;
09/02/2018;21:30:00;693;com vítima;502,6;BR-153/GO;Norte;Colisão Traseira;1;;;1;;;;;;;1;1;1;;
09/02/2018;23:38:00;750;sem vítima;492;BR-153/GO;Norte;Choque - Elemento de Drenagem;1;;;;;;;;;;1;;;;
10/02/2018;02:16:00;67;com vítima;646;BR-153/GO;Sul;Capotamento;1;;;;;;;;;;0;1;;;
10/02/2018;06:58:00;125;sem vítima;612,9;BR-262/MG;Oeste;Saida de Pista;1;;;;;;;;;;2;;;;
10/02/2018;11:34:00;280;sem vítima;27;BR-153/MG;Norte;Colisão Traseira;1;;1;;;;;;;;2;;;;
10/02/2018;15:01:00;380;sem vítima;394,468;BR-262/MG;Oeste;Saida de Pista;;;;;;;;;;1;1;;;;
10/02/2018;15:32:00;400;com vítima;506;BR-153/GO;Sul;Choque - Outros;1;;;;;;;;;;0;1;;;
10/02/2018;15:41:00;402;sem vítima;426,001;BR-262/MG;Oeste;Capotamento;1;;;;;;;;;;4;;;;
10/02/2018;15:55:00;411;sem vítima;426,001;BR-262/MG;Oeste;Saida de Pista;1;;;;;;;;;;2;;;;
10/02/2018;16:00:00;414;com vítima;10,3;BR-060/GO;Norte;Capotamento;1;;;;;;;;;;0;4;;1;
10/02/2018;16:03:00;417;sem vítima;508,127;BR-153/GO;Sul;Choque - Defensa, barreira ou "submarino";1;;;;;;;;;;5;;;;
10/02/2018;16:12:00;418;sem vítima;557;BR-153/GO;Norte;Choque - Elemento de Drenagem;1;;;;;;;;;;5;;;;
10/02/2018;16:43:00;436;sem vítima;702,1;BR-153/GO;Sul;Colisão Traseira;;;2;;;;;;;;2;;;;
10/02/2018;19:05:00;499;sem vítima;47;BR-060/GO;Sul;Capotamento;1;;;;;;;;;;1;;;;
10/02/2018;22:28:00;600;sem vítima;485;BR-262/MG;Oeste;Atropelamento de Animal;1;;;;;;;;;;1;;;;
10/02/2018;23:52:00;628;sem vítima;3,8;BR-153/MG;Norte;Capotamento;1;;;;;;;;;;1;;;;
11/02/2018;01:13:00;22;com vítima;119,2;BR-060/GO;Norte;Choque - Veiculo parado no acostamento;1;;;;;1;;;;;1;;1;;
11/02/2018;06:52:00;89;sem vítima;879,2;BR-262/MG;Leste;Saida de Pista;1;;;;;;;;;;1;;;;
11/02/2018;07:03:00;90;com vítima;99,996;BR-060/GO;Norte;Queda de Moto;;;;1;;;;;;;1;1;;;
11/02/2018;09:08:00;137;sem vítima;703,001;BR-262/MG;Oeste;Colisão Traseira;1;;1;;;;;;;;4;;;;
11/02/2018;09:20:00;146;com vítima;7;BR-060/GO;Norte;Colisão Lateral;1;;;1;;;;;;;1;2;;;
11/02/2018;11:38:00;203;com vítima;17;BR-153/MG;Sul;Choque - Elemento de Drenagem;1;;;;;;;;;;1;;1;;
11/02/2018;13:07:00;237;sem vítima;412,001;BR-262/MG;Oeste;Colisão Traseira;2;;;;;;;;;;2;;;;
11/02/2018;13:10:00;242;com vítima;455,5;BR-262/MG;Oeste;Queda de Moto;;;;1;;;;;;;1;1;;;
11/02/2018;13:19:00;249;sem vítima;357,001;BR-262/MG;Leste;Saida de Pista;1;;;;;;;;;;1;;;;
11/02/2018;16:13:00;338;com vítima;425,756;BR-262/MG;Oeste;Capotamento;1;;;;;;;;;;0;;2;;
11/02/2018;18:59:00;425;sem vítima;502,845;BR-153/GO;Sul;Colisão Traseira;;;;1;;1;;;;;2;;;;
11/02/2018;20:55:00;468;com vítima;56,1;BR-153/MG;Norte;Colisão Traseira;;;2;;;;;;;;2;;1;;
11/02/2018;22:16:00;497;sem vítima;810;BR-262/MG;Oeste;Choque - Veiculo parado no acostamento;1;;;1;;;;;;;2;;;;
12/02/2018;01:34:00;21;sem vítima;38,899;BR-060/GO;Norte;Choque - Talude;1;;;;;;;;;;1;;;;
12/02/2018;07:22:00;86;sem vítima;702,001;BR-153/GO;Norte;Saida de Pista;1;;;;;;;;;;1;;;;
12/02/2018;08:57:00;123;com vítima;49,4;BR-060/GO;Norte;Choque - Suporte de Sinalização;;;1;;;;;;;;0;1;;;
12/02/2018;09:02:00;127;com vítima;436,631;BR-262/MG;Leste;Tombamento;;;1;;;;;;;;0;;1;;
12/02/2018;14:08:00;281;sem vítima;91,9;BR-153/MG;Sul;Tombamento;;;1;;;;;;;;1;;;;
12/02/2018;14:54:00;312;com vítima;643,2;BR-153/GO;Sul;Capotamento;1;;;;;;;;;;0;1;;;
12/02/2018;15:03:00;315;com vítima;495,7;BR-262/MG;Oeste;Queda de Moto;;;;1;;;;;;;0;2;;;
12/02/2018;15:06:00;317;sem vítima;172;BR-153/MG;Norte;Saida de Pista;1;;;;;;;;;;4;;;;
12/02/2018;16:56:00;366;com vítima;357,1;BR-262/MG;Leste;Capotamento;1;;;;;;;;;;3;;1;;
12/02/2018;22:04:00;497;sem vítima;420,355;BR-262/MG;Leste;Atropelamento de Animal;1;;;;;;;;;;2;;;;
12/02/2018;22:15:00;500;sem vítima;420,355;BR-262/MG;Leste;Atropelamento de Animal;;;1;;;;;;;;1;;;;
13/02/2018;15:00:00;272;com vítima;547,597;BR-262/MG;Leste;Tombamento;;;1;;;;;;;;0;1;;;
13/02/2018;15:29:00;289;com vítima;58;BR-153/MG;Norte;Choque - Elemento de Drenagem;1;;;;;;;;;;1;2;;;
13/02/2018;16:59:00;348;com vítima;441;BR-262/MG;Oeste;Choque - Elemento de Drenagem;1;;;;;;;;;;1;1;;;
13/02/2018;18:29:00;407;sem vítima;3,399;BR-060/GO;Norte;Colisão Traseira;2;;;;;1;;;;;3;;;;
13/02/2018;20:42:00;479;com vítima;10,599;BR-060/GO;Norte;Capotamento;1;;;;;1;;;;;1;1;;;
14/02/2018;06:26:00;72;com vítima;507,5;BR-262/MG;Leste;Capotamento;1;;;;;;;;;;0;2;;;
14/02/2018;14:58:00;343;sem vítima;441;BR-262/MG;Leste;Colisão Lateral;2;;;;;1;;;;;6;;;;
14/02/2018;17:47:00;440;sem vítima;3,399;BR-153/MG;Norte;Choque - Elemento de Drenagem;;;1;;;;;;;1;2;;;;
14/02/2018;23:47:00;579;sem vítima;864;BR-262/MG;Oeste;Saida de Pista;1;;;;;;;;;;1;;;;
15/02/2018;09:10:00;135;sem vítima;554,5;BR-262/MG;Oeste;Colisão Traseira;1;;1;;;;;;;;2;;;;
15/02/2018;10:31:00;191;com vítima;11,355;BR-060/GO;Sul;Colisão Traseira;;;1;;;;;;;1;1;1;;;
15/02/2018;11:59:00;233;com vítima;123,699;BR-153/MG;Norte;Colisão Frontal;1;;1;;;;;;;;2;;1;1;
15/02/2018;14:18:00;292;sem vítima;830,5;BR-262/MG;Oeste;Choque - Defensa, barreira ou "submarino";;;1;;;;;;;;1;;;;
15/02/2018;14:56:00;305;sem vítima;81,299;BR-153/MG;Sul;Colisão Lateral;;;;;;;;;;2;6;;;;
15/02/2018;16:27:00;382;com vítima;97,3;BR-060/GO;Sul;Colisão Frontal;1;;;;;;;;;1;3;2;;;
15/02/2018;18:05:00;450;com vítima;513,2;BR-153/GO;Sul;Queda de Moto;;;;1;;;;;;;0;1;;;
15/02/2018;20:17:00;525;sem vítima;489,269;BR-262/MG;Leste;Colisão Traseira;1;;1;;;;;;;;6;;;;
16/02/2018;05:26:00;66;sem vítima;2,945;BR-060/GO;Norte;Colisão Traseira;;;;;;1;;;;1;2;;;;
16/02/2018;08:09:00;117;sem vítima;506,413;BR-153/GO;Norte;Engavetamento;3;;;;;;;;;1;4;;;;
16/02/2018;08:59:00;145;com vítima;30,383;BR-060/DF;Norte;Colisão Transversal;1;;;1;;;;;;;1;1;;;
16/02/2018;14:48:00;349;sem vítima;418,086;BR-262/MG;Oeste;Colisão Transversal;1;;1;;;;;;;;2;;;;
16/02/2018;14:49:00;351;sem vítima;27;BR-060/GO;Sul;Choque - Defensa, barreira ou "submarino";;;;;;;;;;1;1;;;;
16/02/2018;17:30:00;447;sem vítima;539,5;BR-262/MG;Leste;Colisão Lateral;;;2;;;;;;;;2;;;;
16/02/2018;19:18:00;507;com vítima;540;BR-153/GO;Sul;Capotamento;1;;;;;;;;;;4;1;;;
16/02/2018;19:28:00;512;com vítima;27;BR-060/DF;Sul;Choque - Talude;1;;;;;;;;;;0;1;;;
16/02/2018;20:13:00;534;sem vítima;29,899;BR-060/DF;Norte;Tombamento;;;1;;;;;;;;1;;;;
16/02/2018;21:48:00;581;sem vítima;574;BR-262/MG;Leste;Choque - Elemento de Drenagem;;;;;;;;;;1;1;;;;
17/02/2018;08:02:00;99;sem vítima;512,81;BR-262/MG;Oeste;Colisão Traseira;1;;1;;;;;;;;5;;;;
17/02/2018;10:00:00;178;sem vítima;667;BR-153/GO;Norte;Saida de Pista;1;;;;;;;;;;1;;;;
17/02/2018;12:50:00;275;com vítima;497;BR-262/MG;Leste;Colisão Lateral;1;;;;;1;;;;;0;2;;;
17/02/2018;14:25:00;320;sem vítima;381,8;BR-262/MG;Oeste;Capotamento;1;;;;;;;;;;1;;;;
17/02/2018;15:39:00;357;sem vítima;18,5;BR-060/GO;Sul;Capotamento;1;;;;;;;;;;4;;;;
17/02/2018;18:46:00;451;sem vítima;101;BR-060/GO;Norte;Colisão Lateral;1;;1;;;;;;;;2;;;;
17/02/2018;21:01:00;529;com vítima;405,1;BR-262/MG;Leste;Queda de Moto;;;;1;;;;;;;0;;;1;
18/02/2018;04:40:00;50;sem vítima;413,4;BR-262/MG;Leste;Choque - Elemento de Drenagem;1;;;;;;;;;;2;;;;
18/02/2018;05:28:00;58;com vítima;819,12;BR-262/MG;Oeste;Atropelamento - Andarilho;1;;;;;;;;;;1;;;;1
18/02/2018;05:47:00;62;com vítima;397;BR-262/MG;Leste;Choque - Poste;1;;;;;;;;;;0;1;;;
18/02/2018;07:50:00;110;sem vítima;39,068;BR-060/GO;Norte;Queda de Moto;;;;1;;;;;;;1;;;;
18/02/2018;09:18:00;158;sem vítima;368;BR-262/MG;Oeste;Choque - Talude;1;;;;;;;;;;1;;;;
18/02/2018;11:01:00;217;sem vítima;135,226;BR-060/GO;Sul;Choque - Suporte de Sinalização;1;;;;;;;;;;1;;;;
18/02/2018;12:34:00;273;sem vítima;16,07;BR-060/DF;Norte;Choque - Poste;1;;;;;;;;;;2;;;;
18/02/2018;14:23:00;324;sem vítima;581,2;BR-153/GO;Sul;Choque - Suporte de Sinalização;1;;;;;;;;;;1;;;;
18/02/2018;14:25:00;325;sem vítima;597,3;BR-153/GO;Sul;Choque - Outros;1;;;;;;;;;;1;;;;
18/02/2018;14:36:00;327;sem vítima;113,689;BR-060/GO;Sul;Choque - Suporte de Sinalização;1;;;;;;;;;;1;;;;
18/02/2018;15:24:00;355;com vítima;423;BR-262/MG;Leste;Queda de Moto;;;;1;;;;;;;0;;1;;
18/02/2018;16:07:00;375;sem vítima;128,1;BR-060/GO;Sul;Colisão Traseira;2;;;;;;;;;;2;;;;
18/02/2018;16:17:00;378;com vítima;658;BR-153/GO;Sul;Colisão Traseira;;;1;1;;;;;;;1;;;1;
18/02/2018;16:49:00;390;sem vítima;38,744;BR-153/MG;Norte;Choque - Talude;1;;;;;;;;;;2;;;;
18/02/2018;16:52:00;393;sem vítima;17,3;BR-153/MG;Sul;Choque - Elemento de Drenagem;1;;;;;;;;;;3;;;;
18/02/2018;17:10:00;403;sem vítima;676,799;BR-153/GO;Norte;Choque - Talude;1;;;;;;;;;;2;;;;
18/02/2018;19:08:00;449;sem vítima;501,8;BR-153/GO;Sul;Choque - Defensa, barreira ou "submarino";;;1;;;;;;;;1;;;;
18/02/2018;19:42:00;462;com vítima;358,571;BR-262/MG;Oeste;Capotamento;1;;;;;;;;;;0;;1;;
18/02/2018;22:20:00;507;sem vítima;137,2;BR-060/GO;Sul;Saida de Pista;1;;;;;;;;;;1;;;;
18/02/2018;22:28:00;510;sem vítima;223,9;BR-153/MG;Sul;Choque - Arvore;1;;;;;;;;;;4;;;;
18/02/2018;22:51:00;515;com vítima;2,1;BR-060/DF;Norte;Atropelamento - Morador;1;;;;;1;;;;;2;;;;1
18/02/2018;23:31:00;521;com vítima;25,8;BR-060/GO;Norte;Queda de Moto;;;;1;;;;;;;0;1;;;
19/02/2018;04:14:00;44;com vítima;520;BR-262/MG;Oeste;Colisão Traseira;1;;1;;;;;;;;1;1;;;
19/02/2018;05:05:00;53;sem vítima;243,08;BR-153/MG;Norte;Choque - Objeto sobre a pista;1;;;;;;;;;;1;;;;
19/02/2018;08:16:00;138;sem vítima;495,051;BR-153/GO;Sul;Engavetamento;5;;;;;;;;;;5;;;;
19/02/2018;12:44:00;313;com vítima;655,5;BR-262/MG;Oeste;Choque - Talude;;;1;;;;;;;;0;;1;;
19/02/2018;12:47:00;315;sem vítima;607;BR-262/MG;Leste;Capotamento;1;;;;;;;;;;1;;;;
19/02/2018;12:57:00;319;sem vítima;635;BR-262/MG;Oeste;Choque - Suporte de Sinalização;1;;;;;;;;;;1;;;;
19/02/2018;13:27:00;330;sem vítima;555,7;BR-262/MG;Leste;Choque - Elemento de Drenagem;1;;;;;;;;;;1;;;;
19/02/2018;14:53:00;371;sem vítima;361,5;BR-262/MG;Oeste;Choque - Elemento de Drenagem;1;;;;;;;;;;1;;;;
19/02/2018;16:11:00;419;com vítima;11,3;BR-060/DF;Norte;Capotamento;;;;;;;;;;1;0;;1;;
19/02/2018;16:15:00;422;sem vítima;608;BR-262/MG;Leste;Choque - Talude;;;;;;;;;;1;1;;;;
19/02/2018;16:22:00;423;sem vítima;607;BR-262/MG;Leste;Saida de Pista;1;;;;;;;;;;1;;;;
19/02/2018;17:21:00;448;com vítima;506,001;BR-153/GO;Sul;Colisão Traseira;;;1;1;;;;;;;1;;1;;
19/02/2018;17:30:00;452;sem vítima;520,001;BR-153/GO;Norte;Colisão Traseira;1;;1;;;;;;;;2;;;;
19/02/2018;17:49:00;465;com vítima;92,001;BR-153/MG;Sul;Capotamento;;;1;;;;;;;;0;1;;;
19/02/2018;19:24:00;505;sem vítima;92,1;BR-060/GO;Sul;Saida de Pista;1;;;;;;;;;;4;;;;
19/02/2018;21:17:00;539;sem vítima;703,2;BR-153/GO;Norte;Choque - Elemento de Drenagem;1;;;;;;;;;;1;;;;
19/02/2018;23:44:00;575;sem vítima;369,269;BR-262/MG;Leste;Choque - Defensa, barreira ou "submarino";1;;1;;;;;;;;5;;;;
20/02/2018;08:42:00;127;sem vítima;380,5;BR-262/MG;Leste;Choque - Elemento de Drenagem;;;;;;;;;;1;2;;;;
20/02/2018;09:33:00;175;sem vítima;546,6;BR-153/GO;Norte;Capotamento;1;;;;;;;;;;1;;;;
20/02/2018;11:16:00;254;sem vítima;603,5;BR-153/GO;Sul;Capotamento;1;;;;;;;;;;1;;;;
20/02/2018;13:04:00;328;com vítima;91,9;BR-060/GO;Norte;Colisão Transversal;1;;;1;;;;;;;1;1;;;
20/02/2018;15:16:00;396;com vítima;25,5;BR-060/GO;Norte;Choque - Defensa, barreira ou "submarino";1;;;;;;;;;;1;1;;;
20/02/2018;16:55:00;451;com vítima;560,8;BR-262/MG;Oeste;Atropelamento - Ciclista;1;1;;;;;;;;;1;;1;;
20/02/2018;19:09:00;531;com vítima;443;BR-262/MG;Leste;Atropelamento - Andarilho;;;;1;;;;;;;2;;1;;
20/02/2018;22:52:00;609;sem vítima;27,5;BR-060/GO;Sul;Choque - Outros;;;1;;;;;;;;1;;;;
21/02/2018;03:14:00;28;com vítima;358,2;BR-262/MG;Oeste;Atropelamento de Animal;;;;1;;;;;;;0;1;;;
21/02/2018;06:22:00;69;com vítima;209,9;BR-153/MG;Sul;Capotamento;;;;;;;;;;1;0;;2;;
21/02/2018;06:30:00;71;com vítima;631,4;BR-153/GO;Norte;Queda de Moto;;;;1;;;;;;;0;2;;;
21/02/2018;07:46:00;103;com vítima;95,5;BR-060/GO;Sul;Colisão Traseira;1;;;1;;;;;;;1;;1;;
21/02/2018;08:17:00;118;sem vítima;31;BR-060/GO;Norte;Colisão Traseira;2;;;;;;;;;;2;;;;
21/02/2018;11:31:00;245;sem vítima;38,9;BR-153/MG;Sul;Saida de Pista;1;;;;;;;;;;1;;;;
21/02/2018;13:27:00;297;sem vítima;495;BR-153/GO;Sul;Colisão Traseira;2;;;;;;;;;;2;;;;
21/02/2018;14:34:00;335;com vítima;30;BR-060/DF;Norte;Colisão Transversal;1;;;1;;1;;;;;2;1;;;
21/02/2018;15:44:00;357;com vítima;574;BR-262/MG;Oeste;Colisão Lateral;;;2;;;;;;;;1;1;;;
21/02/2018;19:35:00;476;sem vítima;84,599;BR-060/GO;Sul;Choque - Talude;1;;;;;;;;;;4;;;;
22/02/2018;06:23:00;83;sem vítima;442;BR-262/MG;Leste;Capotamento;1;;;;;;;;;;1;;;;
22/02/2018;07:34:00;120;sem vítima;494;BR-153/GO;Sul;Colisão Traseira;2;;;;;;;;;;4;;;;
22/02/2018;07:39:00;124;sem vítima;502,8;BR-153/GO;Norte;Colisão Traseira;2;;;;;;;;;;2;;;;
22/02/2018;09:25:00;191;sem vítima;380;BR-262/MG;Oeste;Choque - Talude;1;;;;;;;;;;1;;;;
22/02/2018;11:10:00;274;sem vítima;382;BR-262/MG;Oeste;Choque - Talude;1;;;;;;;;;;1;;;;
22/02/2018;11:18:00;278;sem vítima;382;BR-262/MG;Oeste;Choque - Arvore;1;;;;;;;;;;1;;;;
22/02/2018;11:30:00;288;sem vítima;799;BR-262/MG;Leste;Colisão Traseira;2;;;;;;;;;;4;;;;
22/02/2018;13:46:00;362;sem vítima;121,5;BR-153/MG;Norte;Colisão Traseira;1;;1;;;;;;;;4;;;;
22/02/2018;15:01:00;418;sem vítima;549,1;BR-262/MG;Leste;Tombamento;;;;;;;;;;1;2;;;;
22/02/2018;15:05:00;420;sem vítima;109,6;BR-060/GO;Sul;Choque - Defensa, barreira ou "submarino";;;1;;;;;;;;1;;;;
22/02/2018;15:33:00;440;sem vítima;44,399;BR-153/MG;Sul;Colisão Lateral;1;;1;;;;;;;;5;;;;
22/02/2018;16:13:00;471;com vítima;508;BR-262/MG;Leste;Colisão Lateral;2;;;;;;;;;;4;2;;;
22/02/2018;18:44:00;566;sem vítima;451,259;BR-262/MG;Oeste;Saida de Pista;1;;;;;;;;;;2;;;;
22/02/2018;19:42:00;597;com vítima;20,3;BR-060/GO;Norte;Capotamento;1;;;;;;;;;;0;1;;;
23/02/2018;00:02:00;1;com vítima;813;BR-262/MG;Oeste;Atropelamento - Morador;;;;1;;;;;;;0;1;1;;
23/02/2018;04:44:00;64;sem vítima;738;BR-262/MG;Oeste;Saida de Pista;1;;;;;;;;;;2;;;;
23/02/2018;07:07:00;97;com vítima;506,2;BR-153/GO;Norte;Atropelamento - Morador;1;;;;;;;;;;1;;;1;
23/02/2018;07:30:00;110;sem vítima;507,8;BR-153/GO;Norte;Engavetamento;3;;;;;;;;;;3;;;;
23/02/2018;07:34:00;114;sem vítima;116,05;BR-060/GO;Norte;Capotamento;1;;;;;;;;;;1;;;;
23/02/2018;07:45:00;121;sem vítima;97,5;BR-060/GO;Sul;Engavetamento;3;;;;;;;;;;3;;;;
23/02/2018;12:59:00;352;com vítima;129,5;BR-060/GO;Norte;Choque - Talude;;;1;;;;;;;;0;2;;;
23/02/2018;13:07:00;358;sem vítima;28,5;BR-060/GO;Norte;Choque - Suporte de Sinalização;1;;;;;;;;;;1;;;;
23/02/2018;14:43:00;429;sem vítima;430;BR-262/MG;Leste;Capotamento;1;;;;;;;;;;1;;;;
23/02/2018;15:22:00;453;sem vítima;568,05;BR-153/GO;Sul;Choque - Elemento de Drenagem;1;;;;;;;;;;1;;;;
23/02/2018;16:44:00;495;sem vítima;590;BR-262/MG;Oeste;Colisão Lateral;1;;1;;;;;;;;2;;;;
23/02/2018;17:09:00;513;sem vítima;80,7;BR-060/GO;Sul;Choque - Elemento de Drenagem;1;;;;;;;;;;1;;;;
23/02/2018;17:41:00;541;sem vítima;77,2;BR-060/GO;Sul;Saida de Pista;1;;;;;;;;;;1;;;;
23/02/2018;17:45:00;543;sem vítima;509;BR-153/GO;Norte;Choque - Defensa, barreira ou "submarino";1;;;;;;;;;;2;;;;
23/02/2018;18:55:00;589;com vítima;591,1;BR-153/GO;Sul;Capotamento;1;;;;;;;;;;3;2;;;
23/02/2018;21:04:00;648;com vítima;633;BR-153/GO;Sul;Colisão Traseira;;;2;;;;;;;;1;1;;;
23/02/2018;22:34:00;695;sem vítima;558,3;BR-262/MG;Leste;Atropelamento de Animal;1;;;;;;;;;;1;;;;
24/02/2018;00:25:00;14;sem vítima;506,199;BR-153/GO;Sul;Colisão Lateral;2;;;;;;;;;;2;;;;
24/02/2018;01:02:00;21;sem vítima;16;BR-153/MG;Sul;Saida de Pista;1;;;;;;;;;;2;;;;
24/02/2018;07:42:00;111;sem vítima;440,23;BR-262/MG;Leste;Capotamento;1;;;;;;;;;;2;;;;
24/02/2018;08:33:00;150;sem vítima;465,654;BR-262/MG;Leste;Choque - Elemento de Drenagem;1;;;;;;;;;;4;;;;
24/02/2018;08:51:00;164;com vítima;465,654;BR-262/MG;Leste;Tombamento;1;;1;;;;;;;1;6;;3;;
24/02/2018;09:03:00;170;com vítima;497,9;BR-153/GO;Norte;Engavetamento;8;;1;;;;;;;;6;2;1;;
24/02/2018;10:31:00;220;sem vítima;39,5;BR-060/GO;Sul;Colisão Traseira;1;;1;;;;;;;;2;;;;
24/02/2018;12:55:00;299;sem vítima;589,609;BR-262/MG;Leste;Capotamento;;;;;;1;;;;1;2;;;;
24/02/2018;12:58:00;303;sem vítima;558,5;BR-153/GO;Norte;Choque - Defensa, barreira ou "submarino";1;;;;;;;;;;1;;;;
24/02/2018;13:21:00;315;sem vítima;628,416;BR-262/MG;Leste;Choque - Elemento de Drenagem;;;1;;;;;;;;1;;;;
24/02/2018;14:05:00;349;com vítima;29,22;BR-060/DF;Sul;Capotamento;1;;;;;;;;;;0;1;;;
24/02/2018;14:20:00;362;com vítima;5,2;BR-060/DF;Sul;Queda de Moto;;;;1;;;;;;;0;1;;;