data;horario;n_da_ocorrencia;tipo_de_ocorrencia;km;trecho;sentido;tipo_de_acidente;automovel;bicicleta;caminhao;moto;onibus;outros;tracao_animal;transporte_de_cargas_especiais;trator_maquinas;utilitarios;ilesos;levemente_feridos;moderadamente_feridos;gravemente_feridos;mortos
24/02/2018;15:31:00;399;sem vítima;590;BR-262/MG;Leste;Choque - Defensa, barreira ou "submarino";1;;;;;;;;;;1;;;;
24/02/2018;15:40:00;408;com vítima;585;BR-262/MG;Leste;Capotamento;;;1;;;;;;;;0;;1;;
24/02/2018;16:15:00;430;sem vítima;588,5;BR-262/MG;Leste;Saida de Pista;1;;;;;;;;;;2;;;;
24/02/2018;16:55:00;450;sem vítima;58,208;BR-153/MG;Sul;Colisão Traseira;1;;1;;;;;;;;2;;;;
24/02/2018;17:43:00;476;sem vítima;579,1;BR-262/MG;Leste;Saida de Pista;;;1;;;;;;;;1;;;;
24/02/2018;20:07:00;551;sem vítima;358,25;BR-262/MG;Oeste;Choque - Outros;1;;;;;;;;;;1;;;;
24/02/2018;22:46:00;616;sem vítima;113,687;BR-060/GO;Sul;Choque - Suporte de Sinalização;;;1;;;;;;;;1;;;;
25/02/2018;05:47:00;80;sem vítima;105,19;BR-060/GO;Norte;Saida de Pista;1;;;;;;;;;;1;;;;
25/02/2018;06:48:00;100;sem vítima;376,9;BR-262/MG;Oeste;Colisão Traseira;1;;1;;;;;;;;4;;;;
25/02/2018;07:03:00;103;sem vítima;427,3;BR-262/MG;Oeste;Capotamento;;;;;;;;;;1;1;;;;
25/02/2018;07:17:00;107;com vítima;431,25;BR-262/MG;Oeste;Choque - Defensa, barreira ou "submarino";1;;;;;;;;;;0;1;;;
25/02/2018;09:38:00;166;sem vítima;21,5;BR-060/DF;Norte;Capotamento;1;;;;;;;;;;1;;;;
25/02/2018;12:06:00;245;sem vítima;496,121;BR-153/GO;Sul;Colisão Traseira;2;;;;;;;;;;4;;;;
25/02/2018;14:02:00;283;sem vítima;121,6;BR-153/MG;Sul;Colisão Traseira;1;;;;;;;;;;1;;;;
25/02/2018;17:25:00;378;sem vítima;389;BR-262/MG;Leste;Colisão Traseira;;;2;;;;;;;;2;;;;
25/02/2018;17:46:00;397;sem vítima;15,3;BR-060/GO;Norte;Choque - Talude;1;;;;;;;;;;2;;;;
25/02/2018;17:56:00;404;com vítima;129,182;BR-060/GO;Sul;Colisão Lateral;2;;;;;;;;;;3;1;;;
25/02/2018;18:16:00;414;sem vítima;24,1;BR-060/DF;Norte;Choque - Elemento de Drenagem;1;;;;;;;;;;1;;;;
25/02/2018;20:35:00;463;sem vítima;570,2;BR-262/MG;Oeste;Saida de Pista;1;;;;;;;;;;1;;;;
25/02/2018;21:10:00;479;sem vítima;69,799;BR-060/GO;Norte;Tombamento;;;1;;;;;;;;1;;;;
25/02/2018;21:12:00;480;com vítima;100,948;BR-060/GO;Norte;Colisão Traseira;1;;;;;1;;;;;4;2;;;
25/02/2018;22:01:00;499;com vítima;123;BR-060/GO;Sul;Choque - Defensa, barreira ou "submarino";1;;;;;;;;;;2;1;;;
26/02/2018;00:41:00;12;sem vítima;73,2;BR-060/GO;Sul;Tombamento;;;1;;;;;;;;1;;;;
26/02/2018;02:13:00;33;sem vítima;44,3;BR-153/MG;Sul;Choque - Elemento de Drenagem;;;1;;;;;;;;1;;;;
26/02/2018;02:52:00;40;sem vítima;89,5;BR-060/GO;Sul;Choque - Talude;1;;;;;;;;;;1;;;;
26/02/2018;03:15:00;42;sem vítima;556,1;BR-153/GO;Norte;Tombamento;;;1;;;;;;;;1;;;;
26/02/2018;03:17:00;43;sem vítima;2;BR-060/DF;Sul;Choque - Talude;1;;;;;;;;;;1;;;;
26/02/2018;05:55:00;77;sem vítima;582,5;BR-153/GO;Norte;Choque - Talude;1;;;;;;;;;;1;;;;
26/02/2018;07:34:00;121;com vítima;96,9;BR-060/GO;Sul;Colisão Traseira;1;;;1;;;;;;;1;1;;;
26/02/2018;11:02:00;260;com vítima;538,4;BR-153/GO;Sul;Capotamento;1;;;;;;;;;;1;1;;;
26/02/2018;14:21:00;362;com vítima;133,7;BR-153/MG;Norte;Capotamento;1;;;;;;;;;;1;1;;;1
26/02/2018;14:59:00;383;sem vítima;56,6;BR-060/GO;Sul;Choque - Defensa, barreira ou "submarino";1;;;;;;;;;;1;;;;
26/02/2018;15:15:00;396;sem vítima;496,05;BR-153/GO;Norte;Colisão Traseira;1;;;1;;;;;;;2;;;;
26/02/2018;17:24:00;485;sem vítima;633,299;BR-153/GO;Norte;Capotamento;1;;;;;;;;;;3;;;;
26/02/2018;17:25:00;486;sem vítima;380;BR-262/MG;Leste;Choque - Talude;1;;;;;;;;;;2;;;;
26/02/2018;18:52:00;532;com vítima;499,782;BR-153/GO;Sul;Colisão Lateral;1;;;1;;;;;;;1;1;;;
26/02/2018;19:22:00;543;com vítima;242,7;BR-153/MG;Norte;Colisão Transversal;1;1;;;;;;;;;2;;;;1
26/02/2018;21:02:00;575;sem vítima;507,768;BR-153/GO;Norte;Choque - Defensa, barreira ou "submarino";1;;;;;;;;;;1;;;;
27/02/2018;05:17:00;56;sem vítima;573,8;BR-153/GO;Norte;Saida de Pista;1;;;;;;;;;;1;;;;
27/02/2018;07:00:00;73;sem vítima;553;BR-262/MG;Oeste;Colisão Traseira;1;;1;;;;;;;;2;;;;
27/02/2018;09:05:00;169;sem vítima;120,799;BR-153/MG;Sul;Colisão Lateral;1;;1;;;;;;;;2;;;;
27/02/2018;10:41:00;262;sem vítima;509,1;BR-153/GO;Sul;Choque - Elemento de Drenagem;1;;;;;;;;;;1;;;;
27/02/2018;10:49:00;266;com vítima;505,05;BR-153/GO;Sul;Atropelamento - Outros;;;;1;;;;;;;0;1;1;;
27/02/2018;10:53:00;270;sem vítima;786;BR-262/MG;Oeste;Saida de Pista;1;;;;;;;;;;1;;;;
27/02/2018;12:03:00;326;sem vítima;694,5;BR-262/MG;Leste;Choque - Elemento de Drenagem;1;;;;;;;;;;1;;;;
27/02/2018;12:08:00;329;sem vítima;497,1;BR-153/GO;Norte;Engavetamento;3;;;;;;;;;;3;;;;
27/02/2018;17:18:00;546;sem vítima;93;BR-060/GO;Norte;Colisão Traseira;1;;;;;1;;;;;2;;;;
27/02/2018;17:27:00;553;sem vítima;95,099;BR-060/GO;Norte;Colisão Traseira;2;;;;;;;;;;2;;;;
27/02/2018;19:37:00;621;sem vítima;1,199;BR-060/GO;Sul;Colisão Lateral;;;2;;;;;;;;2;;;;
27/02/2018;20:00:00;630;sem vítima;503,001;BR-153/GO;Sul;Saida de Pista;1;;;;;;;;;;1;;;;
27/02/2018;20:14:00;636;sem vítima;526,768;BR-262/MG;Oeste;Choque - Elemento de Drenagem;;;1;;;;;;;;1;;;;
27/02/2018;20:15:00;637;sem vítima;630,228;BR-262/MG;Oeste;Saida de Pista;;;1;;;;;;;;1;;;;
27/02/2018;21:52:00;676;sem vítima;98,001;BR-060/GO;Sul;Saida de Pista;1;;;;;;;;;;1;;;;
28/02/2018;01:00:00;9;sem vítima;657;BR-153/GO;Sul;Tombamento;;;1;;;;;;;;1;;;;
28/02/2018;01:08:00;11;sem vítima;694,668;BR-262/MG;Leste;Saida de Pista;;;;;1;;;;;;1;;;;
28/02/2018;01:44:00;17;sem vítima;26,3;BR-060/GO;Norte;Saida de Pista;1;;;;;;;;;;1;;;;
28/02/2018;03:47:00;33;sem vítima;567,299;BR-153/GO;Norte;Saida de Pista;1;;;;;;;;;;3;;;;
28/02/2018;07:21:00;87;com vítima;98,001;BR-153/MG;Sul;Colisão Traseira;1;;1;;;;;;;;2;1;;;
28/02/2018;07:36:00;92;sem vítima;501,3;BR-153/GO;Sul;Colisão Traseira;2;;;;;;;;;;2;;;;
28/02/2018;07:57:00;97;sem vítima;506,9;BR-153/GO;Norte;Colisão Traseira;2;;;;;;;;;;2;;;;
28/02/2018;15:20:00;340;sem vítima;86,8;BR-060/GO;Norte;Colisão Traseira;1;;1;;;;;;;;4;;;;
28/02/2018;16:11:00;365;sem vítima;611,5;BR-262/MG;Oeste;Choque - Elemento de Drenagem;1;;;;;;;;;;1;;;;
28/02/2018;16:26:00;373;sem vítima;608;BR-262/MG;Leste;Choque - Talude;;;1;;;;;;;;1;;;;
28/02/2018;17:08:00;398;com vítima;590;BR-262/MG;Oeste;Colisão Lateral;1;;1;;;;;;;;1;1;;;
28/02/2018;18:50:00;454;sem vítima;356,1;BR-262/MG;Oeste;Capotamento;1;;;;;;;;;;1;;;;
28/02/2018;19:50:00;487;sem vítima;390,3;BR-262/MG;Oeste;Capotamento;;;;;;;;;;1;4;;;;
28/02/2018;19:54:00;489;sem vítima;540;BR-153/GO;Norte;Choque - Elemento de Drenagem;;;1;;;;;;;;1;;;;
28/02/2018;19:58:00;490;sem vítima;6,5;BR-060/DF;Sul;Saida de Pista;;;1;;;;;;;;1;;;;
28/02/2018;20:56:00;519;com vítima;33,7;BR-060/GO;Sul;Colisão Lateral;1;;1;;;;;;;;2;4;;;
28/02/2018;22:56:00;559;sem vítima;360,5;BR-262/MG;Leste;Choque - Suporte de Sinalização;;;1;;;;;;;;1;;;;
28/02/2018;23:06:00;561;sem vítima;768,521;BR-262/MG;Leste;Choque - Talude;1;;;;;;;;;;1;;;;
01/03/2018;06:44:00;109;com vítima;408,163;BR-262/MG;Leste;Colisão Traseira;;;;;;;;;;;21;1;;;
01/03/2018;07:54:00;135;sem vítima;502,3;BR-153/GO;Norte;Engavetamento;4;;;;;;;;;;4;;;;
01/03/2018;08:56:00;169;sem vítima;34;BR-153/MG;Norte;Colisão Lateral;1;;1;;;;;;;;3;;;;
01/03/2018;14:17:00;349;sem vítima;38,8;BR-153/MG;Norte;Choque - Elemento de Drenagem;1;;;;;;;;;;1;;;;
01/03/2018;15:05:00;373;sem vítima;418;BR-262/MG;Leste;Choque - Suporte de Sinalização;1;;;;;;;;;;4;;;;
01/03/2018;19:36:00;523;sem vítima;508;BR-153/GO;Norte;Colisão Traseira;1;;;;;1;;;;;2;;;;
01/03/2018;21:29:00;573;com vítima;510;BR-153/GO;Norte;Queda de Ciclista;;1;;;;;;;;;0;;1;;
02/03/2018;06:03:00;79;sem vítima;505,9;BR-153/GO;Sul;Choque - Outros;1;;;;;;;;;;1;;;;
02/03/2018;06:28:00;91;sem vítima;378,5;BR-262/MG;Oeste;Capotamento;1;;;;;;;;;;1;;;;
02/03/2018;06:33:00;92;sem vítima;602;BR-153/GO;Sul;Colisão Traseira;1;;;;;;;;;;1;;;;
02/03/2018;07:49:00;130;com vítima;499;BR-153/GO;Norte;Colisão Traseira;1;;;1;;;;;;;1;1;;;
02/03/2018;08:16:00;151;sem vítima;505;BR-153/GO;Sul;Atropelamento - Andarilho;1;;;;;;;;;;2;;;;
02/03/2018;08:18:00;153;sem vítima;500,5;BR-153/GO;Norte;Engavetamento;2;;;;;;;;;1;3;;;;
02/03/2018;08:53:00;179;sem vítima;502,4;BR-153/GO;Norte;Engavetamento;3;;;;;;;;;;3;;;;
02/03/2018;11:08:00;263;sem vítima;509;BR-153/GO;Sul;Saida de Pista;1;;1;;;;;;;;2;;;;
02/03/2018;11:11:00;266;sem vítima;549;BR-262/MG;Leste;Colisão Transversal;1;;1;;;;;;;;2;;;;
02/03/2018;12:15:00;296;sem vítima;46,5;BR-060/GO;Norte;Capotamento;1;;;;;;;;;;1;;;;
02/03/2018;12:50:00;317;sem vítima;513;BR-153/GO;Sul;Queda de Moto;;;;1;;;;;;;1;;;;
02/03/2018;13:44:00;345;sem vítima;49,8;BR-060/GO;Norte;Capotamento;;;;;;;;;;1;5;;;;
02/03/2018;14:14:00;359;com vítima;577,671;BR-262/MG;Leste;Colisão Frontal;;;2;;;;;;;;0;;;;2
02/03/2018;14:40:00;372;com vítima;109,5;BR-060/GO;Sul;Colisão Traseira;1;;1;;;;;;;;1;1;;;
02/03/2018;15:06:00;386;sem vítima;106;BR-060/GO;Sul;Queda de Moto;;;;1;;;;;;;1;;;;
02/03/2018;15:28:00;402;sem vítima;175;BR-153/MG;Norte;Colisão Traseira;;;1;;1;;;;;;48;;;;
02/03/2018;16:57:00;447;com vítima;499,5;BR-153/GO;Sul;Colisão Traseira;1;;;1;;;;;;;1;1;;;
02/03/2018;18:14:00;488;sem vítima;25,199;BR-060/DF;Sul;Capotamento;1;;;;;;;;;;1;;;;
02/03/2018;18:21:00;491;sem vítima;495,3;BR-153/GO;Sul;Engavetamento;4;;1;;2;;;;;;9;;;;
02/03/2018;18:27:00;493;sem vítima;495,6;BR-153/GO;Norte;Colisão Traseira;2;;;;;;;;;;2;;;;
02/03/2018;19:22:00;522;sem vítima;2,2;BR-060/DF;Norte;Tombamento;;;1;;;;;;;;1;;;;
02/03/2018;19:25:00;523;com vítima;610,671;BR-262/MG;Leste;Colisão Traseira;;;1;;;;;;;1;2;;1;;
02/03/2018;23:37:00;610;sem vítima;692,899;BR-153/GO;Norte;Choque - Suporte de Sinalização;1;;;;;;;;;;1;;;;
03/03/2018;04:12:00;57;sem vítima;879;BR-262/MG;Oeste;Colisão Traseira;2;;;;;;;;;;2;;;;
03/03/2018;10:56:00;225;sem vítima;698;BR-262/MG;Oeste;Choque - Arvore;1;;;;;;;;;;1;;;;
03/03/2018;17:57:00;473;sem vítima;884,5;BR-262/MG;Oeste;Choque - Outros;1;;;;;;;;;;1;;;;
03/03/2018;19:10:00;497;com vítima;4,3;BR-060/DF;Sul;Colisão Lateral;1;;;1;;;;;;;1;1;;;
03/03/2018;19:24:00;510;sem vítima;454,668;BR-262/MG;Leste;Colisão Traseira;;;;;1;1;;;;;2;;;;
03/03/2018;20:33:00;537;sem vítima;102,1;BR-060/GO;Sul;Saida de Pista;1;;;;;;;;;;1;;;;
03/03/2018;20:36:00;538;sem vítima;590,668;BR-262/MG;Oeste;Capotamento;1;;;;;;;;;;1;;;;
03/03/2018;22:15:00;574;sem vítima;21,001;BR-060/GO;Norte;Saida de Pista;1;;;;;;;;;;1;;;;
04/03/2018;01:24:00;13;sem vítima;565,399;BR-153/GO;Sul;Colisão Traseira;;;2;;;;;;;;2;;;;
04/03/2018;05:58:00;56;sem vítima;902;BR-262/MG;Oeste;Choque - Elemento de Drenagem;1;;;;;;;;;;1;;;;
04/03/2018;11:12:00;186;sem vítima;120,45;BR-060/GO;Norte;Queda de Moto;;;;1;;;;;;;1;;;;
04/03/2018;12:12:00;214;sem vítima;614;BR-262/MG;Oeste;Colisão Lateral;2;;;;;;;;;;2;;;;
04/03/2018;12:32:00;226;sem vítima;367;BR-262/MG;Oeste;Choque - Elemento de Drenagem;1;;;;;;;;;;1;;;;
04/03/2018;13:08:00;238;sem vítima;471;BR-262/MG;Leste;Tombamento;;;1;;;;;;;;1;;;;
04/03/2018;15:29:00;304;sem vítima;44;BR-153/MG;Norte;Choque - Elemento de Drenagem;1;;;;;;;;;;1;;;;
04/03/2018;18:29:00;406;sem vítima;443;BR-262/MG;Leste;Choque - Defensa, barreira ou "submarino";1;;;;;;;;;;2;;;;
04/03/2018;19:12:00;438;sem vítima;440,8;BR-262/MG;Oeste;Choque - Defensa, barreira ou "submarino";1;;;;;;;;;;1;;;;
04/03/2018;19:50:00;460;com vítima;9,291;BR-153/MG;Norte;Queda de Moto;;;;1;;;;;;;0;;1;;
04/03/2018;19:52:00;461;sem vítima;537,2;BR-153/GO;Norte;Atropelamento de Animal;1;;;;;;;;;;1;;;;
04/03/2018;20:00:00;467;com vítima;508,3;BR-153/GO;Sul;Queda de Moto;;;;1;;;;;;;0;2;;;
04/03/2018;20:02:00;468;com vítima;446;BR-262/MG;Leste;Colisão Lateral;1;;;1;;;;;;;1;1;;;
04/03/2018;19:52:00;478;sem vítima;537,237;BR-153/GO;Norte;Atropelamento de Animal;1;;;;;;;;;;1;;;;
04/03/2018;21:37:00;501;sem vítima;515,5;BR-153/GO;Sul;Colisão Traseira;;;2;;;;;;;;2;;;;
05/03/2018;01:55:00;27;sem vítima;26;BR-153/MG;Sul;Saida de Pista;1;;;;;;;;;;4;;;;
05/03/2018;03:15:00;32;sem vítima;766,371;BR-262/MG;Leste;Capotamento;;;;;;;;;;1;1;;;;
05/03/2018;10:46:00;223;com vítima;390;BR-262/MG;Oeste;Capotamento;1;;;;;;;;;;0;;1;;
05/03/2018;10:48:00;226;sem vítima;495,6;BR-153/GO;Norte;Choque - Defensa, barreira ou "submarino";1;;;;;;;;;;1;;;;
05/03/2018;12:04:00;263;com vítima;535,5;BR-153/GO;Sul;Queda de Moto;;;;1;;;;;;;0;1;;;
05/03/2018;13:59:00;320;sem vítima;547;BR-262/MG;Oeste;Saida de Pista;;;1;;;;;;;;1;;;;
05/03/2018;14:13:00;330;com vítima;505;BR-153/GO;Sul;Queda de Moto;;;;1;;;;;;;0;1;;;
05/03/2018;15:04:00;352;sem vítima;577;BR-262/MG;Leste;Engavetamento;1;;2;;;;;;;;7;;;;
05/03/2018;20:20:00;519;sem vítima;138;BR-060/GO;Norte;Capotamento;1;;;;;;;;;;1;;;;
05/03/2018;21:58:00;561;com vítima;2,924;BR-060/GO;Norte;Colisão Traseira;;;2;;;;;;;;1;1;;;
06/03/2018;05:48:00;70;com vítima;42,3;BR-153/MG;Sul;Colisão Traseira;;;2;;;;;;;;1;;1;;
06/03/2018;06:44:00;96;com vítima;451;BR-262/MG;Leste;Colisão Traseira;;;1;1;;;;;;;2;;1;;
06/03/2018;07:32:00;114;com vítima;663;BR-153/GO;Sul;Colisão Traseira;;;2;;;;;;;;1;1;;;1
06/03/2018;07:37:00;116;com vítima;494,6;BR-153/GO;Norte;Colisão Traseira;1;;;1;;;;;;;2;2;;;
06/03/2018;08:12:00;143;sem vítima;98;BR-060/GO;Sul;Choque - Defensa, barreira ou "submarino";2;;;;;;;;;;2;;;;
06/03/2018;08:24:00;151;com vítima;494;BR-153/GO;Sul;Queda de Moto;;;;1;;;;;;;0;2;;;
06/03/2018;09:01:00;180;sem vítima;662,2;BR-153/GO;Sul;Choque - Defensa, barreira ou "submarino";;;1;;;;;;;;1;;;;
06/03/2018;09:10:00;185;sem vítima;496,3;BR-153/GO;Norte;Colisão Traseira;;;2;;;;;;;;2;;;;
06/03/2018;11:24:00;283;com vítima;388;BR-262/MG;Oeste;Queda de Ciclista;;;;1;;;;;;;1;;1;;
06/03/2018;12:39:00;334;com vítima;107,8;BR-060/GO;Sul;Choque - Defensa, barreira ou "submarino";;;;;;;;;;1;0;1;;;
06/03/2018;12:55:00;339;com vítima;8,5;BR-060/DF;Sul;Colisão Traseira;1;;;1;;;;;;;1;;1;;
06/03/2018;13:40:00;353;sem vítima;136;BR-060/GO;Sul;Capotamento;1;;;;;;;;;;2;;;;
06/03/2018;14:24:00;386;sem vítima;530;BR-262/MG;Leste;Choque - Elemento de Drenagem;;;;;;;;;;1;1;;;;
06/03/2018;15:04:00;425;sem vítima;101;BR-060/GO;Sul;Colisão Traseira;1;;1;;;;;;;;5;;;;
06/03/2018;16:26:00;478;sem vítima;553;BR-262/MG;Leste;Choque - Talude;;;;;;;;;;1;1;;;;
06/03/2018;16:57:00;502;sem vítima;124;BR-153/MG;Sul;Colisão Traseira;;;2;;;;;;;;2;;;;
06/03/2018;17:29:00;521;com vítima;466;BR-262/MG;Oeste;Colisão Traseira;1;;1;1;;;;;;;3;;1;;1
06/03/2018;19:22:00;577;sem vítima;74,299;BR-060/GO;Sul;Capotamento;1;;;;;;;;;;1;;;;
06/03/2018;22:09:00;650;com vítima;491,699;BR-153/GO;Norte;Choque - Veiculo parado no acostamento;;;1;1;;;;;;;1;;1;;
06/03/2018;22:14:00;652;com vítima;702,5;BR-153/GO;Sul;Colisão Traseira;1;;1;;;;;;;;2;;1;;
07/03/2018;00:16:00;4;sem vítima;549,967;BR-262/MG;Leste;Carreta deu L;;;1;;;;;;;;1;;;;
07/03/2018;05:45:00;51;sem vítima;509;BR-262/MG;Oeste;Saida de Pista;;;1;;;;;;;;1;;;;
07/03/2018;07:02:00;72;com vítima;96,1;BR-060/GO;Norte;Colisão Traseira;1;;;1;;;;;;;1;1;;;
07/03/2018;07:59:00;108;sem vítima;23,199;BR-153/MG;Norte;Tombamento;;;1;;;;;;;;1;;;;
07/03/2018;09:13:00;170;sem vítima;450;BR-262/MG;Leste;Colisão Traseira;1;;;;;;;;;1;2;;;;
07/03/2018;10:21:00;214;sem vítima;505,222;BR-153/GO;Norte;Colisão Traseira;2;;;;;;;;;;4;;;;
07/03/2018;11:42:00;273;sem vítima;812,571;BR-262/MG;Leste;Choque - Elemento de Drenagem;1;;;;;;;;;;1;;;;
07/03/2018;14:10:00;347;sem vítima;660,2;BR-153/GO;Norte;Colisão Lateral;1;;1;;;;;;;;2;;;;
07/03/2018;15:16:00;368;sem vítima;24,216;BR-060/DF;Norte;Saida de Pista;1;;;;;;;;;;1;;;;
07/03/2018;15:24:00;371;sem vítima;23,376;BR-060/DF;Norte;Capotamento;1;;;;;;;;;;4;;;;
07/03/2018;15:30:00;373;sem vítima;626;BR-262/MG;Oeste;Saida de Pista;1;;;;;;;;;;1;;;;
07/03/2018;16:14:00;392;sem vítima;114,262;BR-060/GO;Norte;Choque - Arvore;1;;;;;;;;;;1;;;;
07/03/2018;16:17:00;395;sem vítima;493;BR-153/GO;Norte;Choque - Elemento de Drenagem;1;;;;;;;;;;1;;;;
07/03/2018;17:59:00;449;com vítima;598,471;BR-262/MG;Oeste;Saida de Pista;1;;;;;;;;;;1;1;;;
07/03/2018;20:21:00;514;sem vítima;523,5;BR-153/GO;Norte;Capotamento;1;;;;;;;;;;1;;;;
07/03/2018;23:52:00;582;com vítima;13,951;BR-153/MG;Norte;Colisão Traseira;1;;1;;;;;;;;4;;;1;
08/03/2018;07:16:00;77;com vítima;575,486;BR-262/MG;Leste;Atropelamento - Andarilho;;;1;;;;;;;;0;;2;;
08/03/2018;14:04:00;324;sem vítima;72,05;BR-060/GO;Sul;Capotamento;1;;;;;;;;;;3;;;;
08/03/2018;14:24:00;333;sem vítima;56,709;BR-060/GO;Sul;Choque - Defensa, barreira ou "submarino";1;;;;;;;;;;1;;;;
08/03/2018;17:46:00;483;sem vítima;443;BR-262/MG;Leste;Choque - Defensa, barreira ou "submarino";1;;;;;;;;;;1;;;;
08/03/2018;17:53:00;489;sem vítima;28,6;BR-060/DF;Sul;Choque - Talude;;;;;;;;;;1;2;;;;
08/03/2018;18:16:00;502;sem vítima;39;BR-153/MG;Sul;Saida de Pista;1;;;;;;;;;;2;;;;
08/03/2018;19:00:00;519;sem vítima;702,2;BR-153/GO;Sul;Choque - Poste;;;1;;;;;;;;1;;;;
08/03/2018;20:32:00;566;sem vítima;559;BR-262/MG;Oeste;Saida de Pista;;;1;;;;;;;;1;;;;
08/03/2018;20:58:00;585;com vítima;16;BR-060/DF;Norte;Queda de Moto;;;;1;;;;;;;0;1;;;
08/03/2018;23:02:00;620;sem vítima;367;BR-262/MG;Leste;Choque - Elemento de Drenagem;;;1;;;;;;;;1;;;;
09/03/2018;02:50:00;35;com vítima;68;BR-153/MG;Norte;Saida de Pista;1;;;;;;;;;;0;1;;;
09/03/2018;07:12:00;108;sem vítima;0,2;BR-060/DF;Norte;Colisão Lateral;2;;;1;;;;;;;3;;;;
09/03/2018;07:53:00;136;sem vítima;28;BR-060/DF;Norte;Carreta deu L;;;1;;;;;;;;1;;;;
09/03/2018;12:22:00;315;com vítima;380;BR-262/MG;Leste;Capotamento;1;;;;;;;;;;0;;1;;
09/03/2018;12:35:00;320;sem vítima;792,6;BR-262/MG;Leste;Saida de Pista;;;2;;;;;;;;2;;;;
09/03/2018;12:59:00;331;com vítima;667;BR-262/MG;Leste;Choque - Talude;1;;;;;;;;;;0;1;;;
09/03/2018;13:03:00;332;sem vítima;626;BR-153/GO;Sul;Capotamento;1;;;;;;;;;;1;;;;
09/03/2018;14:11:00;356;sem vítima;516,8;BR-153/GO;Norte;Saida de Pista;;;1;;;;;;;;1;;;;
09/03/2018;14:19:00;362;sem vítima;371,687;BR-262/MG;Oeste;Choque - Suporte de Sinalização;1;;;;;;;;;;3;;;;
09/03/2018;14:24:00;363;com vítima;662;BR-153/GO;Norte;Colisão Traseira;;;2;;;;;;;;1;1;;;
09/03/2018;15:10:00;379;sem vítima;485;BR-262/MG;Leste;Saida de Pista;1;;;;;;;;;;1;;;;
09/03/2018;15:30:00;389;sem vítima;522;BR-262/MG;Oeste;Choque - Talude;1;;;;;;;;;;2;;;;
09/03/2018;15:49:00;398;sem vítima;90,5;BR-060/GO;Norte;Saida de Pista;1;;;;;;;;;;1;;;;
09/03/2018;16:38:00;434;sem vítima;589;BR-262/MG;Oeste;Choque - Elemento de Drenagem;;;1;;;;;;;;2;;;;
09/03/2018;16:50:00;443;sem vítima;1;BR-153/MG;Norte;Choque - Elemento de Drenagem;1;;;;;;;;;;1;;;;
09/03/2018;17:09:00;454;com vítima;55;BR-153/MG;Sul;Queda de Moto;;;;1;;;;;;;0;;2;;
09/03/2018;21:17:00;569;com vítima;5,099;BR-060/GO;Sul;Capotamento;1;;;;;;;;;;0;1;;;
10/03/2018;00:07:00;2;sem vítima;3,799;BR-153/MG;Sul;Tombamento;;;1;;;;;;;;1;;;;
10/03/2018;02:58:00;40;sem vítima;73,4;BR-060/GO;Norte;Choque - Defensa, barreira ou "submarino";1;;;;;;;;;;1;;;;
10/03/2018;06:18:00;70;sem vítima;438,453;BR-262/MG;Leste;Choque - Talude;1;;;;;;;;;;3;;;;
10/03/2018;06:27:00;75;sem vítima;382;BR-262/MG;Oeste;Choque - Elemento de Drenagem;1;;;;;;;;;;1;;;;
10/03/2018;06:57:00;87;sem vítima;6,9;BR-153/MG;Norte;Capotamento;1;;;;;;;;;;2;;;;
10/03/2018;07:43:00;111;sem vítima;382;BR-262/MG;Oeste;Choque - Elemento de Drenagem;1;;;;;;;;;;1;;;;
10/03/2018;07:43:00;127;sem vítima;382;BR-262/MG;Oeste;Tombamento;1;;;;;;;;;;1;;;;
10/03/2018;10:03:00;191;sem vítima;53,25;BR-060/GO;Norte;Choque - Suporte de Sinalização;1;;;;;;;;;;2;;;;
10/03/2018;15:20:00;420;sem vítima;40,083;BR-060/GO;Norte;Choque - Defensa, barreira ou "submarino";1;;;1;;;;;;;3;;;;
10/03/2018;16:04:00;492;com vítima;539,5;BR-153/GO;Sul;Capotamento;1;;;;;;;;;;1;;;1;
10/03/2018;16:22:00;519;sem vítima;133;BR-060/GO;Norte;Colisão Traseira;1;;1;;;;;;;;2;;;;
10/03/2018;16:26:00;522;sem vítima;587;BR-262/MG;Leste;Choque - Talude;1;;;;;;;;;;1;;;;
10/03/2018;16:30:00;533;sem vítima;404,8;BR-262/MG;Leste;Choque - Elemento de Drenagem;1;;;;;;;;;;1;;;;
10/03/2018;17:14:00;557;sem vítima;404;BR-262/MG;Oeste;Choque - Suporte de Sinalização;1;;;;;;;;;;1;;;;
10/03/2018;17:25:00;561;sem vítima;25;BR-060/GO;Sul;Choque - Defensa, barreira ou "submarino";1;;;;;;;;;;1;;;;
10/03/2018;17:30:00;563;sem vítima;548,668;BR-262/MG;Oeste;Capotamento;;;;;;;;;;1;1;;;;
10/03/2018;18:38:00;601;com vítima;18,483;BR-060/GO;Norte;Capotamento;1;;;;;;;;;;1;1;;;
10/03/2018;19:29:00;621;sem vítima;120,873;BR-060/GO;Sul;Tombamento;;;1;;;;;;;;4;;;;
10/03/2018;19:39:00;624;sem vítima;509,634;BR-153/GO;Norte;Queda de Moto;;;;1;;;;;;;1;;;;
10/03/2018;21:51:00;680;com vítima;7,4;BR-060/DF;Sul;Colisão Traseira;2;;;;;;;;;;1;1;;;