data;horario;n_da_ocorrencia;tipo_de_ocorrencia;km;trecho;sentido;tipo_de_acidente;automovel;bicicleta;caminhao;moto;onibus;outros;tracao_animal;transporte_de_cargas_especiais;trator_maquinas;utilitarios;ilesos;levemente_feridos;moderadamente_feridos;gravemente_feridos;mortos
25/03/2018;18:59:00;479;sem vítima;513,5;BR-153/GO;Norte;Colisão Traseira;2;;;;;1;;;;;3;;;;
25/03/2018;20:17:00;524;com vítima;135;BR-060/GO;Sul;Queda de Moto;;;;1;;;;;;;1;1;;;
25/03/2018;22:03:00;567;sem vítima;128,9;BR-153/MG;Sul;Choque - Defensa, barreira ou "submarino";;;1;;;;;;;;1;;;;
25/03/2018;22:05:00;568;sem vítima;75;BR-153/MG;Norte;Choque - Outros;1;;1;;;;;;;;2;;;;
25/03/2018;22:10:00;572;com vítima;826;BR-262/MG;Oeste;Colisão Traseira;1;;1;;;;;;;;1;4;1;;1
26/03/2018;00:37:00;10;sem vítima;413,468;BR-262/MG;Oeste;Capotamento;1;;;;;;;;;;3;;;;
26/03/2018;06:53:00;94;com vítima;11,913;BR-060/GO;Norte;Colisão Traseira;;;1;1;;;;;;;1;1;;;
26/03/2018;12:47:00;315;sem vítima;11,87;BR-060/DF;Norte;Choque - Suporte de Sinalização;1;;;;;;;;;;1;;;;
26/03/2018;13:45:00;354;com vítima;636;BR-262/MG;Leste;Choque - Talude;1;;;;;;;;;;1;2;;;
26/03/2018;15:19:00;413;sem vítima;494,5;BR-153/GO;Sul;Engavetamento;2;;;;;;;;;;2;;;;
26/03/2018;17:05:00;477;com vítima;0,001;BR-153/MG;Sul;Colisão Lateral;2;;1;1;;;;;;;2;1;;;1
26/03/2018;18:11:00;505;sem vítima;505;BR-153/GO;Sul;Engavetamento;2;;;;;1;;;;;6;;;;
26/03/2018;18:15:00;507;sem vítima;497,15;BR-153/GO;Norte;Colisão Traseira;1;;;1;;;;;;;2;;;;
26/03/2018;18:23:00;509;sem vítima;504,843;BR-153/GO;Sul;Choque - Veiculo parado na pista;1;;;1;;;;;;;2;;;;
26/03/2018;18:30:00;511;sem vítima;504,97;BR-153/GO;Norte;Colisão Traseira;2;;;;;;;;;;2;;;;
26/03/2018;18:34:00;513;sem vítima;506,1;BR-153/GO;Norte;Engavetamento;3;;;;;;;;;;3;;;;
26/03/2018;21:20:00;563;sem vítima;506,8;BR-153/GO;Sul;Capotamento;1;;;;;;;;;;1;;;;
27/03/2018;00:57:00;16;sem vítima;642;BR-262/MG;Oeste;Choque - Objeto sobre a pista;1;;;;;;;;;;2;;;;
27/03/2018;02:20:00;30;sem vítima;79,799;BR-153/MG;Sul;Capotamento;;;1;;;;;;;;1;;;;
27/03/2018;04:49:00;53;sem vítima;58,6;BR-153/MG;Sul;Colisão Traseira;;;2;;;;;;;;2;;;;
27/03/2018;05:20:00;60;com vítima;490,327;BR-153/GO;Sul;Atropelamento - Ciclista;;1;;;;1;;;;;1;1;;1;
27/03/2018;06:42:00;77;com vítima;139,3;BR-153/MG;Norte;Colisão Traseira;;;3;;;;;;;;2;;1;;
27/03/2018;07:21:00;92;sem vítima;402;BR-262/MG;Leste;Colisão Traseira;1;;;;;;;;;;2;;;;
27/03/2018;07:30:00;97;com vítima;499,9;BR-153/GO;Sul;Colisão Traseira;1;;;1;;;;;;;1;1;;;
27/03/2018;07:51:00;117;sem vítima;500,5;BR-153/GO;Sul;Engavetamento;3;;;;;;;;;;3;;;;
27/03/2018;09:19:00;187;sem vítima;496,728;BR-153/GO;Sul;Colisão Traseira;1;;1;;;;;;;;2;;;;
27/03/2018;10:41:00;260;com vítima;401;BR-262/MG;Leste;Queda de Ciclista;;;;1;;;;;;;1;1;;;
27/03/2018;12:04:00;334;sem vítima;415;BR-262/MG;Leste;Saida de Pista;;;1;;;;;;;;1;;;;
27/03/2018;13:17:00;390;sem vítima;658;BR-262/MG;Leste;Tombamento;;;1;;;;;;;;1;;;;
27/03/2018;13:47:00;411;sem vítima;419;BR-262/MG;Leste;Colisão Traseira;;;2;;;;;;;;2;;;;
27/03/2018;14:55:00;458;sem vítima;53,5;BR-060/GO;Norte;Queda de Moto;;;;1;;;;;;;1;;;;
27/03/2018;16:26:00;518;sem vítima;3,1;BR-153/MG;Norte;Choque - Elemento de Drenagem;1;;;;;;;;;;1;;;;
27/03/2018;18:22:00;604;sem vítima;507,6;BR-153/GO;Sul;Colisão Traseira;1;;;1;;;;;;;2;;;;
27/03/2018;19:29:00;641;com vítima;496,399;BR-153/GO;Norte;Atropelamento - Usuário;;;;1;;;;;;;1;;1;;
27/03/2018;20:31:00;679;com vítima;49,6;BR-060/GO;Norte;Colisão Traseira;;;2;;;;;;;;2;1;;;
27/03/2018;21:25:00;720;sem vítima;356,269;BR-262/MG;Leste;Choque - Defensa, barreira ou "submarino";1;;;;;;;;;;2;;;;
28/03/2018;00:56:00;22;com vítima;379,668;BR-262/MG;Oeste;Capotamento;1;;;;;;;;;;3;1;;;
28/03/2018;02:06:00;40;com vítima;693,936;BR-153/GO;Norte;Colisão Traseira;;;3;;;;;;;;3;;1;;
28/03/2018;06:53:00;102;com vítima;511,995;BR-153/GO;Norte;Choque - Veiculo parado na pista;1;;;1;;;;;;;1;1;;;
28/03/2018;07:37:00;113;com vítima;494,27;BR-153/GO;Sul;Colisão Traseira;2;;;;;;;;;;1;1;;;
28/03/2018;11:30:00;265;sem vítima;393;BR-262/MG;Leste;Colisão Traseira;;;2;;;;;;;;3;;;;
28/03/2018;17:38:00;475;com vítima;102,193;BR-060/GO;Sul;Queda de Moto;;;;1;;;;;;;0;1;;;
28/03/2018;18:47:00;517;sem vítima;101,645;BR-060/GO;Norte;Choque - Elemento de Drenagem;1;;;;;;;;;;1;;;;
28/03/2018;20:44:00;581;sem vítima;623,999;BR-153/GO;Sul;Choque - Poste;;;;;;;;;;1;1;;;;
29/03/2018;01:38:00;30;sem vítima;486;BR-262/MG;Leste;Atropelamento de Animal;;;1;;;;;;;;1;;;;
29/03/2018;05:49:00;70;sem vítima;122;BR-153/MG;Sul;Colisão Traseira;1;;;;;;;;;1;2;;;;
29/03/2018;07:53:00;129;sem vítima;2,27;BR-060/DF;Norte;Choque - Arvore;1;;;;;;;;;;1;;;;
29/03/2018;08:00:00;131;sem vítima;134;BR-153/MG;Sul;Colisão Traseira;;;2;;;;;;;;2;;;;
29/03/2018;08:35:00;151;sem vítima;42;BR-153/MG;Norte;Saida de Pista;1;;;;;;;;;;1;;;;
29/03/2018;14:20:00;325;sem vítima;507,5;BR-153/GO;Sul;Colisão Lateral;1;;1;;;;;;;;2;;;;
29/03/2018;16:21:00;390;sem vítima;523,8;BR-153/GO;Sul;Choque - Talude;1;;1;;;;;;;;4;;;;
29/03/2018;17:04:00;419;sem vítima;107;BR-060/GO;Norte;Colisão Traseira;1;;1;;;;;;;;2;;;;
29/03/2018;18:43:00;490;sem vítima;500;BR-153/GO;Norte;Colisão Traseira;2;;;;;;;;;;2;;;;
29/03/2018;19:11:00;508;com vítima;676,143;BR-153/GO;Sul;Colisão Traseira;;;2;;;;;;;;1;1;;;
29/03/2018;21:09:00;577;com vítima;492;BR-262/MG;Oeste;Colisão Frontal;2;;;;;;;;;;7;3;;;
30/03/2018;13:04:00;423;com vítima;727;BR-262/MG;Leste;Queda de Moto;;;;1;;;;;;;0;1;;;
30/03/2018;15:28:00;493;com vítima;117,783;BR-060/GO;Norte;Colisão Traseira;;;;1;;1;;;;;1;;1;1;
30/03/2018;15:50:00;505;sem vítima;107,8;BR-060/GO;Sul;Colisão Traseira;1;;1;;;;;;;;2;;;;
30/03/2018;18:43:00;606;sem vítima;462,926;BR-262/MG;Oeste;Tombamento;;;1;;;;;;;;1;;;;
30/03/2018;19:43:00;630;com vítima;117,299;BR-060/GO;Sul;Atropelamento - Ciclista;1;1;;;;;;;;;2;1;;;
30/03/2018;20:55:00;648;sem vítima;7,15;BR-060/GO;Norte;Saida de Pista;1;;;;;;;;;;1;;;;
30/03/2018;21:44:00;663;sem vítima;518,8;BR-153/GO;Sul;Saida de Pista;1;;;;;;;;;;1;;;;
31/03/2018;02:30:00;24;sem vítima;94,809;BR-060/GO;Norte;Saida de Pista;;;;;;;;;;1;1;;;;
31/03/2018;06:53:00;75;sem vítima;517,629;BR-153/GO;Norte;Capotamento;;;;;;;;;;1;2;;;;
31/03/2018;08:14:00;107;sem vítima;6,194;BR-060/DF;Sul;Colisão Transversal;1;;;;;;;;;1;2;;;;
31/03/2018;08:22:00;110;com vítima;22,161;BR-060/DF;Sul;Objeto lançado contra veículo;1;;;1;;1;;;;;3;;;1;
31/03/2018;08:26:00;115;sem vítima;477;BR-262/MG;Leste;Colisão Lateral;2;;;;;;;;;;9;;;;
31/03/2018;09:04:00;132;com vítima;380;BR-262/MG;Leste;Queda de Moto;;;;1;;;;;;;0;;1;;
31/03/2018;09:44:00;151;sem vítima;493,461;BR-153/GO;Sul;Queda de Moto;;;;1;;;;;;;2;;;;
31/03/2018;12:59:00;257;com vítima;614,899;BR-153/GO;Sul;Saida de Pista;1;;;;;;;;;;0;1;;;
31/03/2018;14:46:00;294;sem vítima;174,699;BR-153/MG;Sul;Tombamento;;;1;;;1;;;;;2;;;;
31/03/2018;15:58:00;328;sem vítima;4,4;BR-060/GO;Norte;Objeto lançado contra veículo;;;2;;;;;;;;2;;;;
31/03/2018;17:39:00;371;com vítima;523,671;BR-262/MG;Leste;Colisão Lateral;1;;1;;;;;;;;5;;1;;
31/03/2018;17:59:00;379;com vítima;827,6;BR-262/MG;Leste;Choque - Suporte de Sinalização;1;;;;;;;;;;0;1;;;
31/03/2018;19:15:00;411;sem vítima;79,27;BR-060/GO;Sul;Choque - Elemento de Drenagem;;;1;;;;;;;;1;;;;
31/03/2018;22:01:00;459;sem vítima;19,899;BR-060/DF;Norte;Capotamento;1;;;;;;;;;;1;;;;
01/04/2018;00:35:00;8;com vítima;129,5;BR-060/GO;Norte;Capotamento;1;;;;;;;;;;0;1;;;
01/04/2018;05:32:00;55;sem vítima;383;BR-262/MG;Oeste;Saida de Pista;1;;;;;;;;;;1;;;;
01/04/2018;06:46:00;70;sem vítima;32,2;BR-060/GO;Norte;Choque - Arvore;1;;;;;;;;;;1;;;;
01/04/2018;10:12:00;152;com vítima;621;BR-262/MG;Leste;Colisão Traseira;2;;;;;;;;;;8;1;;;
01/04/2018;11:33:00;193;com vítima;578,3;BR-153/GO;Norte;Queda de Moto;;;;1;;;;;;;0;;1;;
01/04/2018;12:49:00;232;sem vítima;589,889;BR-262/MG;Leste;Choque - Talude;1;;;;;;;;;;1;;;;
01/04/2018;13:08:00;239;sem vítima;575,567;BR-262/MG;Oeste;Colisão Traseira;1;;1;;;;;;;;2;;;;
01/04/2018;14:39:00;279;sem vítima;4,4;BR-060/DF;Norte;Atropelamento - Usuário;;;;1;;;;;;;2;;;;
01/04/2018;14:51:00;284;sem vítima;97,7;BR-060/GO;Norte;Choque - Suporte de Sinalização;;;;;;;;;;1;1;;;;
01/04/2018;16:31:00;348;com vítima;113,7;BR-060/GO;Sul;Colisão Transversal;1;;;1;;;;;;;1;1;;;
01/04/2018;17:10:00;368;sem vítima;100,1;BR-060/GO;Norte;Capotamento;3;;;;;;;;;;3;;;;
01/04/2018;17:25:00;371;sem vítima;389,4;BR-262/MG;Leste;Colisão Traseira;2;;;;;;;;;;2;;;;
01/04/2018;17:31:00;374;sem vítima;50,129;BR-060/GO;Norte;Saida de Pista;1;;;;;;;;;;1;;;;
01/04/2018;18:03:00;393;sem vítima;508,35;BR-153/GO;Sul;Choque - Elemento de Drenagem;1;;;;;;;;;;1;;;;
01/04/2018;19:41:00;441;sem vítima;184,001;BR-153/MG;Norte;Colisão Transversal;2;;;;;;;;;;2;;;;
01/04/2018;19:45:00;444;sem vítima;508,699;BR-153/GO;Norte;Colisão Lateral;2;;;;;;;;;;2;;;;
01/04/2018;20:24:00;473;sem vítima;371,458;BR-262/MG;Oeste;Capotamento;1;;;;;;;;;;1;;;;
01/04/2018;21:59:00;512;sem vítima;71,3;BR-153/MG;Norte;Choque - Defensa, barreira ou "submarino";;;1;;;;;;;;1;;;;
02/04/2018;06:16:00;62;sem vítima;650,5;BR-153/GO;Sul;Choque - Elemento de Drenagem;;;;;;;;;;1;1;;;;
02/04/2018;06:23:00;63;sem vítima;607,859;BR-262/MG;Oeste;Saida de Pista;1;;;;;;;;;;1;;;;
02/04/2018;08:02:00;111;com vítima;589,497;BR-262/MG;Leste;Colisão Frontal;1;;1;;;;;;;;1;;;1;
02/04/2018;08:26:00;130;sem vítima;362;BR-262/MG;Leste;Tombamento;;;3;;;;;;;;3;;;;
02/04/2018;08:36:00;136;com vítima;593,5;BR-262/MG;Leste;Capotamento;1;;;;;;;;;;0;;2;;
02/04/2018;09:18:00;170;sem vítima;586;BR-262/MG;Oeste;Tombamento;2;;;;;;;;;;2;;;;
02/04/2018;09:50:00;196;com vítima;611,24;BR-262/MG;Oeste;Capotamento;;;;;;;;;;1;0;2;;;
02/04/2018;10:41:00;229;sem vítima;584;BR-262/MG;Leste;Capotamento;1;;;;;;;;;;1;;;;
02/04/2018;11:17:00;248;sem vítima;577,2;BR-262/MG;Oeste;Colisão Traseira;;;2;;;;;;;;2;;;;
02/04/2018;12:00:00;273;sem vítima;364;BR-262/MG;Oeste;Colisão Traseira;2;;;;;;;;;;2;;;;
02/04/2018;12:42:00;287;com vítima;364,6;BR-262/MG;Leste;Tombamento;;;1;;;;;;;;0;1;;;
02/04/2018;13:13:00;303;sem vítima;113,4;BR-060/GO;Norte;Tombamento;;;;;;;;;;1;1;;;;
02/04/2018;15:08:00;354;com vítima;505,16;BR-153/GO;Sul;Capotamento;1;;1;;;;;;;;3;;1;;
02/04/2018;17:24:00;418;com vítima;638,2;BR-153/GO;Norte;Capotamento;1;;;;;;;;;;0;3;;;
02/04/2018;18:14:00;446;sem vítima;7,7;BR-153/MG;Sul;Capotamento;1;;;;;;;;;;1;;;;
02/04/2018;18:22:00;450;com vítima;354,4;BR-262/MG;Oeste;Queda de Moto;;;;1;;;;;;;0;2;;;
02/04/2018;18:33:00;459;com vítima;496,704;BR-153/GO;Norte;Colisão Traseira;2;;;;;;;;;;1;1;;;
02/04/2018;18:56:00;472;com vítima;138;BR-060/GO;Sul;Atropelamento - Sem Informação;1;;;;;;;;;;1;;1;;
02/04/2018;19:45:00;490;com vítima;224,98;BR-153/MG;Norte;Tombamento;;;1;;;;;;;;0;1;;;
02/04/2018;19:56:00;496;com vítima;100,099;BR-060/GO;Sul;Tombamento;;;1;;;;;;;;0;;1;;
03/04/2018;03:57:00;41;sem vítima;132,599;BR-060/GO;Sul;Colisão Traseira;;;2;;;;;;;;3;;;;
03/04/2018;04:59:00;54;sem vítima;93,143;BR-060/GO;Norte;Tombamento;;;1;;;;;;;;1;;;;
03/04/2018;06:25:00;81;com vítima;518,8;BR-262/MG;Leste;Saida de Pista;1;;;;;;;;;;1;1;;;
03/04/2018;06:50:00;93;sem vítima;57,899;BR-153/MG;Sul;Choque - Elemento de Drenagem;1;;1;;;;;;;;2;;;;
03/04/2018;07:27:00;110;com vítima;401,2;BR-262/MG;Leste;Choque - Elemento de Drenagem;;;;1;;;;;;;0;;1;;
03/04/2018;08:53:00;174;com vítima;117,1;BR-060/GO;Sul;Capotamento;;;;;;;;;;1;0;;1;;
03/04/2018;08:56:00;179;sem vítima;117,11;BR-060/GO;Sul;Colisão Traseira;;;2;;;;;;;;2;;;;
03/04/2018;09:02:00;185;sem vítima;96,6;BR-060/GO;Sul;Capotamento;1;;;;;;;;;;1;;;;
03/04/2018;10:31:00;241;sem vítima;130,274;BR-060/GO;Sul;Colisão Traseira;1;;1;;;;;;;;2;;;;
03/04/2018;11:38:00;273;com vítima;548,4;BR-153/GO;Norte;Colisão Traseira;1;;1;;;;;;;;1;;;;1
03/04/2018;13:51:00;336;sem vítima;626;BR-262/MG;Oeste;Colisão Traseira;;;2;;;;;;;;2;;;;
03/04/2018;15:29:00;385;sem vítima;503;BR-153/GO;Norte;Colisão Lateral;1;;;1;;;;;;;2;;;;
03/04/2018;15:53:00;397;com vítima;365,3;BR-262/MG;Oeste;Colisão Transversal;1;;;1;;;;;;;1;;1;;
03/04/2018;16:51:00;419;com vítima;697,217;BR-153/GO;Sul;Colisão Frontal;1;;;1;;;;;;;1;1;;;
03/04/2018;19:10:00;485;sem vítima;88;BR-060/GO;Sul;Colisão Traseira;2;;;;;;;;;;2;;;;
03/04/2018;19:18:00;490;com vítima;396,567;BR-262/MG;Oeste;Capotamento;1;;;;;;;;;;0;1;;;
03/04/2018;23:26:00;561;com vítima;513;BR-153/GO;Sul;Queda de Moto;;;;1;;;;;;;0;;1;;
03/04/2018;23:56:00;568;com vítima;567,467;BR-262/MG;Oeste;Saida de Pista;;;;;1;;;;;;43;6;;;
04/04/2018;05:03:00;38;sem vítima;381,069;BR-262/MG;Oeste;Capotamento;1;;;;;;;;;;1;;;;
04/04/2018;05:40:00;44;sem vítima;28,5;BR-060/GO;Sul;Choque - Elemento de Drenagem;1;;;;;;;;;;1;;;;
04/04/2018;08:12:00;118;sem vítima;495,2;BR-153/GO;Sul;Engavetamento;3;;;;;;;;;1;4;;;;
04/04/2018;08:17:00;127;sem vítima;7,5;BR-153/MG;Sul;Capotamento;1;;;;;;;;;;1;;;;
04/04/2018;08:23:00;135;sem vítima;16,3;BR-060/GO;Sul;Colisão Lateral;1;;1;;;;;;;;2;;;;
04/04/2018;13:31:00;310;sem vítima;107,8;BR-060/GO;Sul;Choque - Veiculo parado na pista;;;2;;;;;;;;2;;;;
04/04/2018;19:59:00;528;com vítima;34,433;BR-060/GO;Norte;Colisão Traseira;;;1;1;;;;;;;1;;;;1
05/04/2018;01:21:00;13;sem vítima;485,971;BR-262/MG;Leste;Carreta deu L;;;1;;;;;;;;1;;;;
05/04/2018;05:15:00;53;sem vítima;643,2;BR-153/GO;Sul;Saida de Pista;1;;;;;;;;;;1;;;;
05/04/2018;06:36:00;70;sem vítima;508,8;BR-153/GO;Norte;Colisão Traseira;;;1;1;;;;;;;2;;;;
05/04/2018;07:57:00;103;sem vítima;500,2;BR-153/GO;Sul;Engavetamento;5;;1;;;;;;;;7;;;;
05/04/2018;09:38:00;174;sem vítima;509,9;BR-153/GO;Norte;Colisão Traseira;;;;1;1;;;;;;2;;;;
05/04/2018;10:06:00;196;sem vítima;500,9;BR-153/GO;Sul;Colisão Traseira;2;;;;;;;;;;2;;;;
05/04/2018;11:55:00;244;sem vítima;127,3;BR-060/GO;Sul;Colisão Traseira;2;;;;;;;;;;2;;;;
05/04/2018;11:57:00;245;sem vítima;802,6;BR-262/MG;Oeste;Colisão Traseira;2;;;;;;;;;;2;;;;
05/04/2018;12:29:00;257;com vítima;92,7;BR-060/GO;Sul;Queda de Moto;;;;1;;;;;;;0;2;;;
05/04/2018;13:02:00;273;com vítima;514,5;BR-153/GO;Norte;Queda de Moto;;;;1;;;;;;;0;1;1;;
05/04/2018;13:04:00;275;sem vítima;650;BR-153/GO;Norte;Choque - Outros;1;;;;;;;;;;1;;;;
05/04/2018;13:18:00;283;com vítima;108,9;BR-060/GO;Sul;Colisão Traseira;1;;;1;;;;;;;1;1;;;
05/04/2018;14:01:00;302;sem vítima;590;BR-262/MG;Leste;Choque - Defensa, barreira ou "submarino";1;;;;;;;;;;1;;;;
05/04/2018;15:29:00;338;com vítima;515;BR-153/GO;Sul;Queda de Moto;;;;1;;;;;;;0;1;;;
05/04/2018;16:19:00;356;sem vítima;579,4;BR-262/MG;Oeste;Choque - Talude;;;1;;;;;;;;1;;;;
05/04/2018;16:28:00;359;sem vítima;380;BR-262/MG;Leste;Choque - Talude;1;;;;;;;;;;1;;;;
05/04/2018;16:52:00;378;com vítima;423;BR-262/MG;Leste;Colisão Traseira;1;;1;;;;;;;;1;;2;;
05/04/2018;16:53:00;380;com vítima;587,4;BR-262/MG;Oeste;Carreta deu L;;;1;;;;;;;;0;1;;;
05/04/2018;19:19:00;447;sem vítima;514,231;BR-153/GO;Norte;Colisão Traseira;2;;;;;;;;;;3;;;;
05/04/2018;19:28:00;449;com vítima;58,2;BR-153/MG;Sul;Colisão Traseira;;;2;;;;;;;;1;;1;;
05/04/2018;19:46:00;459;sem vítima;381;BR-262/MG;Oeste;Choque - Defensa, barreira ou "submarino";1;;;;;;;;;;1;;;;
05/04/2018;20:13:00;465;sem vítima;365;BR-262/MG;Oeste;Choque - Elemento de Drenagem;1;;;;;;;;;;1;;;;
05/04/2018;21:45:00;505;com vítima;692,2;BR-153/GO;Sul;Tombamento;;;1;;;;;;;;0;;1;;
05/04/2018;22:37:00;523;com vítima;56,6;BR-153/MG;Sul;Colisão Traseira;;;2;;;;;;;;1;;;1;
05/04/2018;22:47:00;525;sem vítima;5,46;BR-060/DF;Norte;Colisão Traseira;2;;;;;;;;;;2;;;;
05/04/2018;22:58:00;530;com vítima;620,985;BR-262/MG;Oeste;Engavetamento;;;3;;;;;;;;2;1;;;
06/04/2018;01:56:00;29;sem vítima;369,1;BR-262/MG;Leste;Choque - Defensa, barreira ou "submarino";1;;;;;;;;;;1;;;;
06/04/2018;04:24:00;59;sem vítima;428;BR-262/MG;Leste;Choque - Elemento de Drenagem;1;;;;;;;;;;1;;;;
06/04/2018;06:01:00;87;com vítima;101,103;BR-060/GO;Norte;Queda de Moto;;;;1;;;;;;;0;;1;;
06/04/2018;07:14:00;110;sem vítima;103,6;BR-060/GO;Norte;Choque - Defensa, barreira ou "submarino";1;;;;;;;;;;2;;;;
06/04/2018;08:18:00;155;com vítima;354,4;BR-262/MG;Oeste;Colisão Traseira;;;2;;;;;;;;1;;;1;
06/04/2018;08:25:00;161;sem vítima;498,5;BR-153/GO;Norte;Colisão Traseira;1;;1;;;;;;;;2;;;;
06/04/2018;08:40:00;170;sem vítima;494,2;BR-153/GO;Sul;Colisão Traseira;;;2;;;;;;;;2;;;;
06/04/2018;08:48:00;173;com vítima;353;BR-262/MG;Oeste;Colisão Traseira;2;;;;;;;;;;1;1;;;
06/04/2018;08:49:00;175;sem vítima;354,5;BR-262/MG;Oeste;Colisão Traseira;1;;1;;;;;;;;2;;;;
06/04/2018;09:59:00;214;com vítima;29,2;BR-060/GO;Norte;Choque - Talude;1;;;;;;;;;;0;1;;;
06/04/2018;15:26:00;374;sem vítima;100,099;BR-060/GO;Norte;Colisão Traseira;3;;;;;;;;;;3;;;;
06/04/2018;15:31:00;376;com vítima;553,9;BR-262/MG;Leste;Tombamento;;;1;;;;;;;;0;1;;;
06/04/2018;15:42:00;382;sem vítima;499,7;BR-153/GO;Sul;Colisão Traseira;;;2;;;;;;;;2;;;;
06/04/2018;15:56:00;386;sem vítima;498;BR-153/GO;Sul;Engavetamento;3;;;;;;;;;;3;;;;
06/04/2018;16:46:00;410;sem vítima;19;BR-060/DF;Sul;Saida de Pista;;;;;;;;;;1;1;;;;
06/04/2018;16:55:00;419;com vítima;359;BR-262/MG;Leste;Colisão Traseira;1;;;1;;;;;;;1;;1;;
06/04/2018;20:55:00;555;com vítima;245;BR-153/MG;Norte;Choque - Talude;1;;;;;;;;;;2;1;;;
07/04/2018;03:22:00;42;com vítima;39,2;BR-153/MG;Norte;Capotamento;1;;;;;;;;;;3;;1;;
07/04/2018;03:41:00;45;sem vítima;25,199;BR-060/GO;Norte;Colisão Traseira;2;;;;;;;;;;2;;;;
07/04/2018;04:22:00;60;com vítima;129,199;BR-060/GO;Sul;Colisão Traseira;1;;1;;;;;;;;1;1;;;
07/04/2018;04:41:00;64;sem vítima;555;BR-262/MG;Oeste;Tombamento;;;1;;;;;;;;1;;;;
07/04/2018;05:43:00;80;sem vítima;55,7;BR-060/GO;Sul;Choque - Elemento de Drenagem;1;;;;;;;;;;1;;;;
07/04/2018;08:48:00;168;com vítima;535;BR-153/GO;Norte;Capotamento;1;;;;;;;;;;0;1;3;;
07/04/2018;10:39:00;227;sem vítima;366;BR-262/MG;Leste;Colisão Traseira;2;;;;;;;;;;5;;;;
07/04/2018;10:42:00;228;com vítima;513;BR-153/GO;Sul;Queda de Moto;;;;1;;;;;;;0;1;;;
07/04/2018;12:07:00;267;com vítima;44,1;BR-060/GO;Sul;Colisão Traseira;1;;1;;;;;;;;3;1;;;
07/04/2018;14:13:00;328;com vítima;91,841;BR-060/GO;Norte;Colisão Traseira;;1;;1;;;;;;;1;;;1;
07/04/2018;15:32:00;370;com vítima;496,35;BR-153/GO;Sul;Queda de Moto;;;;2;;;;;;;0;2;;;
07/04/2018;15:36:00;373;sem vítima;1,93;BR-060/DF;Sul;Choque - Elemento de Drenagem;1;;;;;;;;;;1;;;;
07/04/2018;15:42:00;377;com vítima;356;BR-262/MG;Leste;Queda de Ciclista;;;;1;;;;;;;0;1;;;
07/04/2018;16:33:00;402;sem vítima;544,1;BR-153/GO;Sul;Tombamento;1;;;;;;;;;;2;;;;
07/04/2018;17:26:00;435;com vítima;540,3;BR-153/GO;Sul;Queda de Moto;;;;1;;;;;;;1;1;;;
07/04/2018;17:37:00;444;com vítima;448,067;BR-262/MG;Leste;Queda de Moto;;;;1;;;;;;;0;;1;;
07/04/2018;17:46:00;447;sem vítima;385,968;BR-262/MG;Oeste;Choque - Suporte de Sinalização;1;;;;;;;;;;1;;;;
07/04/2018;18:05:00;457;sem vítima;497;BR-153/GO;Sul;Queda de Moto;;;;1;;;;;;;2;;;;
08/04/2018;01:03:00;12;com vítima;27,5;BR-060/DF;Sul;Capotamento;1;;;;;;;;;;1;1;;;
08/04/2018;01:35:00;17;sem vítima;365,067;BR-262/MG;Oeste;Choque - Elemento de Drenagem;1;;;;;;;;;;1;;;;
08/04/2018;04:16:00;39;sem vítima;104,7;BR-060/GO;Norte;Choque - Defensa, barreira ou "submarino";1;;;;;;;;;;1;;;;
08/04/2018;06:21:00;66;sem vítima;4,5;BR-060/DF;Sul;Capotamento;1;;;;;;;;;;1;;;;
08/04/2018;09:51:00;178;com vítima;501,072;BR-153/GO;Norte;Queda de Moto;;;;1;;;;;;;0;1;;;
08/04/2018;10:12:00;188;com vítima;82,2;BR-060/GO;Sul;Capotamento;;;1;;;;;;;;0;;1;;
08/04/2018;13:16:00;283;sem vítima;507;BR-153/GO;Sul;Queda de Moto;;;;1;;;;;;;1;;;;
08/04/2018;13:25:00;289;com vítima;583;BR-153/GO;Sul;Capotamento;1;;;;;;;;;;0;3;;;
08/04/2018;14:21:00;321;com vítima;467;BR-262/MG;Leste;Capotamento;1;;;;;;;;;;0;;1;;
08/04/2018;15:00:00;345;sem vítima;31;BR-060/GO;Sul;Capotamento;1;;;;;;;;;;1;;;;
08/04/2018;15:27:00;359;com vítima;368,6;BR-262/MG;Leste;Queda de Moto;;;;1;;;;;;;0;1;1;;
08/04/2018;20:18:00;480;sem vítima;372,071;BR-262/MG;Leste;Choque - Defensa, barreira ou "submarino";1;;;;;;;;;;4;;;;
08/04/2018;21:09:00;502;com vítima;29,5;BR-153/MG;Sul;Capotamento;1;;;;;;;;;;0;1;;;
08/04/2018;21:20:00;507;sem vítima;10,4;BR-060/DF;Sul;Saida de Pista;1;;;;;;;;;;4;;;;
08/04/2018;22:30:00;539;sem vítima;574;BR-262/MG;Leste;Colisão Frontal;1;;1;;;;;;;;4;;;;
09/04/2018;00:11:00;3;com vítima;403,567;BR-262/MG;Leste;Atropelamento - Outros;1;;;;;;;;;;1;;;;1
09/04/2018;06:08:00;67;sem vítima;82,4;BR-060/GO;Norte;Capotamento;1;;;;;;;;;;1;;;;
09/04/2018;07:29:00;95;sem vítima;664;BR-153/GO;Norte;Capotamento;1;;;;;;;;;;1;;;;
09/04/2018;07:53:00;107;sem vítima;503,985;BR-153/GO;Norte;Engavetamento;2;;1;;;;;;;;3;;;;