data;horario;n_da_ocorrencia;tipo_de_ocorrencia;km;trecho;sentido;tipo_de_acidente;automovel;bicicleta;caminhao;moto;onibus;outros;tracao_animal;transporte_de_cargas_especiais;trator_maquinas;utilitarios;ilesos;levemente_feridos;moderadamente_feridos;gravemente_feridos;mortos
09/04/2018;09:34:00;182;sem vítima;706;BR-262/MG;Leste;Saida de Pista;;;;;1;;;;;;1;;;;
09/04/2018;10:09:00;206;com vítima;519;BR-262/MG;Leste;Capotamento;1;;;;;;;;;;0;1;;;
09/04/2018;15:14:00;356;sem vítima;25,9;BR-060/DF;Norte;Choque - Elemento de Drenagem;1;;;;;;;;;;1;;;;
09/04/2018;15:09:00;359;sem vítima;128,3;BR-060/GO;Sul;Choque - Veiculo parado no acostamento;1;;1;;;;;;;;2;;;;
09/04/2018;15:43:00;370;sem vítima;493,382;BR-153/GO;Norte;Colisão Traseira;1;;2;;;;;;;;3;;;;
09/04/2018;17:19:00;420;com vítima;494,6;BR-153/GO;Norte;Colisão Traseira;1;;;1;;;;;;;1;1;;;
09/04/2018;20:50:00;511;com vítima;507;BR-153/GO;Sul;Atropelamento de Animal;;;;1;;;;;;;0;1;;;
09/04/2018;21:24:00;532;sem vítima;752;BR-262/MG;Oeste;Colisão Traseira;1;;1;;;;;;;;2;;;;
09/04/2018;21:53:00;541;com vítima;0,3;BR-060/GO;Norte;Choque - Elemento de Drenagem;1;;;;;;;;;;0;1;;;
10/04/2018;00:46:00;8;com vítima;113,753;BR-060/GO;Sul;Tombamento;;;1;;;;;;;;1;1;;;
10/04/2018;07:33:00;93;sem vítima;94,241;BR-060/GO;Sul;Colisão Traseira;3;;;;;;;;;;4;;;;
10/04/2018;10:32:00;206;sem vítima;364,7;BR-262/MG;Leste;Queda de Moto;;;;1;;;;;;;2;;;;
10/04/2018;10:54:00;221;sem vítima;418,5;BR-262/MG;Leste;Capotamento;;;;;;;;;;1;1;;;;
10/04/2018;11:14:00;233;sem vítima;92,09;BR-060/GO;Norte;Atropelamento de Animal;;;;1;;;;;;;1;;;;
10/04/2018;18:51:00;464;com vítima;496,146;BR-153/GO;Norte;Colisão Traseira;;;1;1;;;;;;;1;1;;;
10/04/2018;18:57:00;467;com vítima;496,535;BR-153/GO;Norte;Colisão Traseira;2;;;;;;;;;;0;2;;;
10/04/2018;22:36:00;554;com vítima;501,23;BR-153/GO;Sul;Queda de Moto;;;;1;;;;;;;0;;1;;
11/04/2018;07:11:00;101;com vítima;826,233;BR-262/MG;Oeste;Colisão Transversal;;;2;;;;;;;;1;;;1;
11/04/2018;07:37:00;118;sem vítima;496;BR-153/GO;Norte;Engavetamento;3;;;;;;;;;;3;;;;
11/04/2018;10:13:00;222;com vítima;539,5;BR-153/GO;Sul;Queda de Moto;;;;1;;;;;;;0;1;;;
11/04/2018;11:54:00;297;com vítima;369;BR-262/MG;Oeste;Queda de Ciclista;;;;1;;;;;;;0;;1;;
11/04/2018;13:31:00;357;sem vítima;503,5;BR-153/GO;Sul;Colisão Traseira;;;1;1;;;;;;;3;;;;
11/04/2018;14:08:00;381;sem vítima;634;BR-262/MG;Leste;Colisão Transversal;1;;1;;;;;;;;2;;;;
11/04/2018;14:11:00;384;com vítima;544;BR-262/MG;Leste;Choque - Talude;1;;;;;;;;;;0;2;1;;
11/04/2018;14:29:00;394;sem vítima;501,5;BR-153/GO;Sul;Choque - Defensa, barreira ou "submarino";;;1;;;;;;;;1;;;;
12/04/2018;03:17:00;31;com vítima;496;BR-153/GO;Sul;Colisão Traseira;1;;;;;1;;;;;2;1;;;
12/04/2018;07:01:00;77;com vítima;507,85;BR-153/GO;Norte;Colisão Traseira;1;;;1;;;;;;;2;1;;;
12/04/2018;07:24:00;91;sem vítima;508,713;BR-153/GO;Norte;Colisão Traseira;1;;;;;;;;;1;2;;;;
12/04/2018;10:09:00;195;com vítima;396;BR-262/MG;Leste;Queda de Moto;1;;;1;;;;;;;2;1;;;
12/04/2018;14:35:00;379;sem vítima;138;BR-060/GO;Sul;Queda de Moto;;;;1;;;;;;;1;;;;
12/04/2018;15:21:00;418;sem vítima;506,7;BR-153/GO;Sul;Choque - Defensa, barreira ou "submarino";1;;;;;1;;;;;2;;;;
12/04/2018;16:00:00;433;com vítima;583,4;BR-153/GO;Sul;Carreta deu L;;;1;;;;;;;;0;2;;;
12/04/2018;17:01:00;473;sem vítima;582,5;BR-153/GO;Sul;Colisão Lateral;1;;1;;;;;;;;2;;;;
12/04/2018;18:28:00;518;sem vítima;798,567;BR-262/MG;Oeste;Engavetamento;1;;2;;;;;;;;6;;;;
12/04/2018;18:32:00;525;sem vítima;9;BR-153/MG;Norte;Colisão Traseira;1;;1;;;;;;;;3;;;;
12/04/2018;19:30:00;544;com vítima;520,7;BR-153/GO;Norte;Colisão Lateral;1;;;1;;;;;;;1;2;;;
12/04/2018;20:00:00;555;com vítima;419,968;BR-262/MG;Oeste;Queda de Moto;;;;1;;;;;;;0;;;;1
12/04/2018;22:59:00;613;com vítima;633;BR-153/GO;Norte;Capotamento;1;;;;;;;;;;0;1;;;
12/04/2018;23:07:00;615;sem vítima;694;BR-262/MG;Leste;Choque - Suporte de Sinalização;1;;;;;;;;;;1;;;;
12/04/2018;23:29:00;622;com vítima;814,8;BR-262/MG;Leste;Colisão Transversal;1;;;;1;;;;;;44;;2;;
13/04/2018;03:41:00;50;sem vítima;554,2;BR-153/GO;Sul;Tombamento;;;1;;;;;;;;1;;;;
13/04/2018;05:33:00;78;sem vítima;46,8;BR-153/MG;Sul;Choque - Suporte de Sinalização;;;1;;;;;;;;1;;;;
13/04/2018;07:41:00;126;sem vítima;496,05;BR-153/GO;Sul;Colisão Lateral;1;;1;;;;;;;;2;;;;
13/04/2018;07:52:00;131;sem vítima;506,2;BR-153/GO;Norte;Colisão Traseira;2;;;;;;;;;1;3;;;;
13/04/2018;07:57:00;137;com vítima;498,4;BR-153/GO;Sul;Queda de Moto;;;;1;;;;;;;0;2;;;
13/04/2018;08:39:00;157;sem vítima;497,5;BR-153/GO;Sul;Engavetamento;3;;;;;;;;;;3;;;;
13/04/2018;08:53:00;167;com vítima;510,582;BR-262/MG;Leste;Colisão Frontal;1;;3;;;;;;;;1;;2;;2
13/04/2018;11:11:00;244;sem vítima;58;BR-153/MG;Sul;Colisão Traseira;2;;;;;;;;;;2;;;;
13/04/2018;11:47:00;256;sem vítima;510,4;BR-153/GO;Sul;Colisão Lateral;1;;;1;;;;;;;4;;;;
13/04/2018;13:58:00;326;com vítima;68,3;BR-060/GO;Sul;Queda de Moto;;;;1;;;;;;;1;1;;;
13/04/2018;16:00:00;374;sem vítima;443,531;BR-262/MG;Oeste;Choque - Suporte de Sinalização;1;;;;;;;;;;1;;;;
13/04/2018;16:54:00;401;com vítima;802,399;BR-262/MG;Oeste;Colisão Traseira;;;1;1;;;;;;;0;1;1;;1
13/04/2018;17:07:00;406;sem vítima;597,5;BR-153/GO;Norte;Queda de Moto;;;;1;;;;;;;2;;;;
13/04/2018;18:41:00;449;com vítima;521;BR-262/MG;Leste;Colisão Lateral;2;;;;;;;;;;1;1;;;
13/04/2018;18:45:00;452;sem vítima;117,112;BR-060/GO;Norte;Saida de Pista;1;;;;;;;;;;1;;;;
13/04/2018;19:13:00;465;sem vítima;9,2;BR-153/MG;Norte;Choque - Elemento de Drenagem;1;;;;;;;;;;1;;;;
13/04/2018;19:47:00;481;sem vítima;28,5;BR-060/GO;Norte;Capotamento;1;;;;;;;;;;1;;;;
13/04/2018;20:29:00;498;sem vítima;118,4;BR-060/GO;Norte;Colisão Lateral;2;;;;;;;;;;2;;;;
13/04/2018;00:27:00;558;sem vítima;100,1;BR-060/GO;Norte;Queda de Moto;;;;1;;;;;;;1;;;;
13/04/2018;23:08:00;560;com vítima;100,2;BR-060/GO;Norte;Tombamento;;;1;;;;;;;;0;1;;;
14/04/2018;01:43:00;26;sem vítima;46,6;BR-060/GO;Norte;Carreta deu L;;;1;;;;;;;;1;;;;
14/04/2018;12:53:00;270;com vítima;95,6;BR-060/GO;Norte;Queda de Moto;;;;1;;;;;;;0;1;;;
14/04/2018;13:02:00;274;com vítima;37;BR-153/MG;Sul;Colisão Traseira;;;2;;;;;;;;1;;;1;
14/04/2018;15:51:00;340;sem vítima;11,5;BR-060/GO;Norte;Colisão Lateral;1;;1;;;;;;;;2;;;;
14/04/2018;19:05:00;425;com vítima;398;BR-262/MG;Oeste;Atropelamento - Usuário;;;;1;;;;;;;0;1;1;;
14/04/2018;20:01:00;452;sem vítima;394;BR-262/MG;Oeste;Colisão Lateral;2;;;;;;;;;;2;;;;
15/04/2018;01:41:00;15;com vítima;496,949;BR-153/GO;Norte;Queda de Moto;;;;1;;;;;;;0;;;;1
15/04/2018;02:13:00;20;com vítima;425,236;BR-262/MG;Oeste;Colisão Traseira;1;;1;;;;;;;;1;1;1;;
15/04/2018;03:02:00;30;sem vítima;115;BR-060/GO;Norte;Saida de Pista;1;;;;;;;;;;2;;;;
15/04/2018;03:20:00;32;sem vítima;496,935;BR-153/GO;Norte;Queda de Moto;;;;1;;;;;;;1;;;;
15/04/2018;05:37:00;55;sem vítima;876;BR-262/MG;Leste;Choque - Outros;1;;;;;;;;;;1;;;;
15/04/2018;05:46:00;58;com vítima;494,3;BR-153/GO;Norte;Atropelamento - Usuário;;;;;;1;;;;;1;;;;1
15/04/2018;06:17:00;72;sem vítima;507,3;BR-153/GO;Sul;Choque - Defensa, barreira ou "submarino";1;;;;;;;;;;2;;;;
15/04/2018;11:50:00;240;com vítima;362,5;BR-262/MG;Leste;Capotamento;1;;;;;;;;;;0;;1;;
15/04/2018;13:03:00;274;sem vítima;50,203;BR-153/MG;Norte;Choque - Arvore;;;;;;;;;;1;1;;;;
15/04/2018;13:12:00;276;com vítima;45,1;BR-060/GO;Norte;Capotamento;1;;;;;;;;;;2;2;;;
15/04/2018;13:56:00;296;sem vítima;24;BR-153/MG;Sul;Saida de Pista;1;;;;;;;;;;2;;;;
15/04/2018;14:33:00;301;com vítima;511,7;BR-153/GO;Sul;Colisão Lateral;1;;;1;;;;;;;2;1;;;
15/04/2018;14:58:00;325;com vítima;516,475;BR-153/GO;Sul;Capotamento;1;;;;;;;;;;2;1;;;
15/04/2018;16:04:00;358;sem vítima;244,898;BR-153/MG;Norte;Colisão Lateral;1;;1;;;;;;;;2;;;;
15/04/2018;16:21:00;367;sem vítima;505,6;BR-153/GO;Sul;Colisão Traseira;1;;;;;;;;;;3;;;;
15/04/2018;16:24:00;369;sem vítima;13,063;BR-060/GO;Sul;Capotamento;;;;;;;;;;1;3;;;;
15/04/2018;17:50:00;418;sem vítima;463;BR-262/MG;Oeste;Colisão Traseira;2;;;;;;;;;;7;;;;
15/04/2018;19:32:00;460;sem vítima;519;BR-153/GO;Norte;Saida de Pista;1;;;;;;;;;;1;;;;
15/04/2018;19:39:00;463;sem vítima;83;BR-060/GO;Sul;Tombamento;1;;;;;;;;;;1;;;;
15/04/2018;20:20:00;474;sem vítima;122;BR-060/GO;Sul;Saida de Pista;1;;;;;;;;;;1;;;;
15/04/2018;21:04:00;489;sem vítima;108,289;BR-153/MG;Norte;Choque - Suporte de Sinalização;1;;;;;;;;;;1;;;;
15/04/2018;21:08:00;493;sem vítima;701,341;BR-153/GO;Norte;Colisão Traseira;2;;;;;;;;;;3;;;;
15/04/2018;21:15:00;496;com vítima;50,1;BR-060/GO;Sul;Choque - Arvore;1;;;;;;;;;;1;3;;;
15/04/2018;22:09:00;509;com vítima;29,5;BR-060/DF;Norte;Choque - Elemento de Drenagem;1;;;;;;;;;;1;1;1;;
16/04/2018;00:18:00;5;com vítima;860,65;BR-262/MG;Oeste;Choque - Talude;1;;;;;;;;;;0;;1;;
16/04/2018;07:31:00;108;com vítima;7,375;BR-060/DF;Norte;Colisão Lateral;1;;;1;;;;;;;1;1;;;
16/04/2018;07:41:00;115;sem vítima;506,6;BR-153/GO;Norte;Colisão Traseira;2;;;;;;;;;;2;;;;
16/04/2018;08:02:00;132;sem vítima;506,5;BR-153/GO;Norte;Engavetamento;2;;;;;;;;;1;3;;;;
16/04/2018;16:29:00;507;sem vítima;547,5;BR-262/MG;Oeste;Tombamento;;;;;;;;;;1;3;;;;
16/04/2018;16:46:00;513;com vítima;88,84;BR-060/GO;Norte;Colisão Traseira;1;;;1;;;;;;;1;;1;;
16/04/2018;19:15:00;589;com vítima;63,001;BR-060/GO;Sul;Atropelamento de Animal;;;;1;;;;;;;0;1;;;
17/04/2018;05:49:00;86;sem vítima;19,3;BR-153/MG;Sul;Choque - Elemento de Drenagem;1;;;;;;;;;;1;;;;
17/04/2018;07:15:00;105;com vítima;811,971;BR-262/MG;Leste;Queda de Moto;;;;1;;;;;;;0;1;1;;
17/04/2018;07:33:00;112;sem vítima;108,6;BR-060/GO;Norte;Saida de Pista;1;;;;;;;;;;1;;;;
17/04/2018;10:27:00;218;sem vítima;583,001;BR-153/GO;Sul;Choque - Talude;1;;;;;;;;;;2;;;;
17/04/2018;10:52:00;227;sem vítima;429;BR-262/MG;Leste;Colisão Traseira;1;;;1;;;;;;;2;;;;
17/04/2018;14:50:00;341;com vítima;241,8;BR-153/MG;Sul;Colisão Traseira;2;;;;;;;;;;0;3;;;
17/04/2018;17:10:00;408;com vítima;582,5;BR-153/GO;Sul;Queda de Moto;;;;1;;;;;;;0;1;;;
17/04/2018;17:27:00;416;sem vítima;589;BR-262/MG;Oeste;Choque - Talude;1;;;;;;;;;;1;;;;
17/04/2018;18:15:00;437;com vítima;440;BR-262/MG;Leste;Queda de Moto;;;;1;;;;;;;0;2;;;
17/04/2018;18:30:00;443;sem vítima;539,615;BR-153/GO;Sul;Queda de Moto;;;;1;;;;;;;2;;;;
17/04/2018;20:38:00;488;sem vítima;96,2;BR-153/MG;Sul;Tombamento;;;1;;;;;;;;1;;;;
17/04/2018;22:57:00;528;sem vítima;659;BR-262/MG;Oeste;Tombamento;;;1;;;;;;;;1;;;;
18/04/2018;04:22:00;51;sem vítima;356;BR-262/MG;Oeste;Atropelamento de Animal;;;1;;;;;;;;1;;;;
18/04/2018;05:58:00;76;sem vítima;556;BR-262/MG;Oeste;Choque - Talude;;;1;;;;;;;;1;;;;
18/04/2018;10:09:00;204;com vítima;98;BR-060/GO;Sul;Queda de Moto;;;;1;;;;;;;0;1;;;
18/04/2018;17:16:00;424;sem vítima;701;BR-153/GO;Sul;Engavetamento;3;;;;;;;;;;4;;;;
18/04/2018;18:16:00;449;sem vítima;499,052;BR-153/GO;Sul;Colisão Traseira;2;;;;;;;;;;2;;;;
18/04/2018;18:46:00;465;sem vítima;508,221;BR-153/GO;Norte;Engavetamento;3;;;;;;;;;;3;;;;
18/04/2018;19:16:00;474;sem vítima;498,8;BR-153/GO;Sul;Colisão Traseira;2;;;;;;;;;;2;;;;
18/04/2018;19:31:00;479;sem vítima;729;BR-262/MG;Leste;Saida de Pista;1;;;;;;;;;;1;;;;
19/04/2018;10:40:00;254;com vítima;136;BR-060/GO;Sul;Choque - Outros;;;;;;;;;;1;0;1;;;
19/04/2018;11:19:00;286;sem vítima;378;BR-262/MG;Oeste;Choque - Suporte de Sinalização;;;;;;;;;;1;1;;;;
19/04/2018;12:41:00;325;sem vítima;500,346;BR-153/GO;Norte;Engavetamento;4;;;;;;;;;;4;;;;
19/04/2018;17:15:00;492;com vítima;8;BR-060/DF;Norte;Choque - Poste;1;;;;;;;;;;0;3;;;
19/04/2018;19:45:00;549;com vítima;4,25;BR-060/DF;Norte;Colisão Lateral;1;;;1;;;;;;;1;2;;;
20/04/2018;07:01:00;89;sem vítima;17,992;BR-153/MG;Sul;Saida de Pista;1;;;;;;;;;;1;;;;
20/04/2018;07:58:00;124;sem vítima;134,95;BR-060/GO;Sul;Saida de Pista;1;;;;;;;;;;1;;;;
20/04/2018;08:38:00;144;sem vítima;496,7;BR-153/GO;Norte;Engavetamento;;;3;;;;;;;;3;;;;
20/04/2018;10:30:00;226;sem vítima;118;BR-060/GO;Norte;Colisão Lateral;1;;1;;;;;;;;2;;;;
20/04/2018;11:38:00;270;sem vítima;58;BR-153/MG;Sul;Tombamento;;;1;;;;;;;;1;;;;
20/04/2018;11:55:00;275;com vítima;58;BR-153/MG;Sul;Colisão Traseira;;;2;;;;;;;;2;2;;;
20/04/2018;14:26:00;349;com vítima;166;BR-153/MG;Sul;Colisão Transversal;2;;;;;;;;;;4;3;;;
20/04/2018;16:37:00;417;sem vítima;66,303;BR-060/GO;Norte;Saida de Pista;1;;;;;;;;;;1;;;;
20/04/2018;17:29:00;450;sem vítima;366,4;BR-262/MG;Leste;Queda de Moto;;;;1;;;;;;;1;;;;
20/04/2018;17:30:00;451;sem vítima;636;BR-153/GO;Norte;Carreta deu L;;;1;;;;;;;;1;;;;
20/04/2018;18:40:00;487;sem vítima;380,16;BR-262/MG;Oeste;Saida de Pista;1;;;;;;;;;;1;;;;
20/04/2018;18:50:00;494;sem vítima;580,4;BR-262/MG;Oeste;Saida de Pista;1;;;;;;;;;;4;;;;
20/04/2018;20:11:00;532;sem vítima;434,864;BR-262/MG;Oeste;Atropelamento de Animal;1;;;;;;;;;;2;;;;
20/04/2018;20:20:00;534;sem vítima;1,05;BR-153/MG;Sul;Colisão Lateral;1;;1;;;;;;;;2;;;;
21/04/2018;04:22:00;57;com vítima;426,567;BR-262/MG;Leste;Capotamento;1;;;;;;;;;;0;;1;;
21/04/2018;05:11:00;65;com vítima;630,668;BR-262/MG;Oeste;Capotamento;1;;;;;;;;;;0;3;;;
21/04/2018;05:33:00;69;sem vítima;526,728;BR-153/GO;Sul;Colisão Traseira;1;;1;;;;;;;;2;;;;
21/04/2018;05:52:00;71;sem vítima;693,5;BR-262/MG;Oeste;Choque - Talude;1;;;;;;;;;;1;;;;
21/04/2018;06:15:00;79;sem vítima;502,329;BR-153/GO;Norte;Capotamento;1;;;;;;;;;;1;;;;
21/04/2018;07:03:00;91;sem vítima;11,7;BR-060/DF;Sul;Colisão Traseira;2;;;;;;;;;;2;;;;
21/04/2018;09:25:00;165;sem vítima;706;BR-262/MG;Leste;Colisão Traseira;1;;;1;;1;;;;;3;;;;
21/04/2018;10:53:00;207;com vítima;811,359;BR-262/MG;Oeste;Choque - Veiculo parado no acostamento;1;;;1;;;;;;;2;2;;;
21/04/2018;12:00:00;238;sem vítima;584;BR-262/MG;Oeste;Queda de Moto;;;;1;;;;;;;1;;;;
21/04/2018;12:30:00;252;sem vítima;547;BR-262/MG;Leste;Capotamento;1;;;;;;;;;;1;;;;
21/04/2018;13:05:00;271;com vítima;436,6;BR-262/MG;Leste;Capotamento;1;;;;;;;;;;0;1;;;
21/04/2018;14:03:00;287;com vítima;553,5;BR-262/MG;Leste;Colisão Lateral;2;;;;;;;;;;1;2;;;
21/04/2018;14:44:00;309;sem vítima;490,32;BR-153/GO;Sul;Capotamento;1;;;;;;;;;;1;;;;
21/04/2018;16:28:00;361;sem vítima;17;BR-153/MG;Norte;Choque - Elemento de Drenagem;1;;;;;;;;;;2;;;;
21/04/2018;16:59:00;374;com vítima;657,7;BR-153/GO;Norte;Capotamento;;;;;;;;;;1;0;2;;;
21/04/2018;18:15:00;411;com vítima;412;BR-262/MG;Leste;Capotamento;1;;;;;;;;;;0;1;;;
21/04/2018;19:03:00;421;com vítima;118,289;BR-060/GO;Norte;Atropelamento - Sem Informação;;;;1;;;;;;;0;1;;1;1
21/04/2018;19:59:00;439;sem vítima;89;BR-153/MG;Norte;Saida de Pista;1;;;;;;;;;;2;;;;
21/04/2018;21:02:00;457;com vítima;510,5;BR-153/GO;Norte;Colisão Traseira;2;;;;;;;;;;0;4;;;
21/04/2018;23:15:00;496;com vítima;405;BR-262/MG;Oeste;Capotamento;1;;;;;;;;;;0;1;;;
22/04/2018;00:48:00;13;sem vítima;388;BR-262/MG;Oeste;Choque - Suporte de Sinalização;1;;;;;;;;;;1;;;;
22/04/2018;02:12:00;29;sem vítima;556,5;BR-153/GO;Norte;Choque - Elemento de Drenagem;1;;;;;;;;;;1;;;;
22/04/2018;04:45:00;55;com vítima;84,6;BR-153/MG;Norte;Colisão Traseira;2;;;;;;;;;;1;1;;;
22/04/2018;07:44:00;90;sem vítima;761,133;BR-262/MG;Leste;Choque - Talude;1;;;;;;;;;;1;;;;
22/04/2018;09:15:00;143;sem vítima;136,2;BR-060/GO;Norte;Saida de Pista;1;;;;;;;;;;1;;;;
22/04/2018;18:29:00;430;com vítima;630;BR-153/GO;Norte;Saida de Pista;1;;;;;;;;;;1;3;;;
22/04/2018;18:58:00;446;com vítima;539,273;BR-262/MG;Leste;Colisão Frontal;;;2;;;;;;;;0;1;;;3
22/04/2018;20:55:00;492;sem vítima;883;BR-262/MG;Leste;Capotamento;1;;;;;;;;;;1;;;;
22/04/2018;19:25:00;494;sem vítima;539,273;BR-262/MG;Leste;Choque - Elemento de Drenagem;;;1;;;;;;;;1;;;;
22/04/2018;21:52:00;515;sem vítima;510,305;BR-153/GO;Sul;Colisão Traseira;2;;;;;;;;;;2;;;;
22/04/2018;21:53:00;518;sem vítima;725;BR-262/MG;Oeste;Atropelamento de Animal;;;1;;;;;;;;1;;;;
23/04/2018;04:54:00;63;com vítima;41,999;BR-060/GO;Sul;Atropelamento - Andarilho;1;;;;;;;;;;1;1;;;
23/04/2018;06:50:00;108;com vítima;0,1;BR-060/DF;Norte;Colisão Traseira;1;;;1;;;;;;;1;1;;;
23/04/2018;07:31:00;132;sem vítima;495;BR-153/GO;Sul;Engavetamento;4;;;;;;;;;;4;;;;
23/04/2018;14:43:00;393;com vítima;518,05;BR-153/GO;Sul;Colisão Traseira;1;;;;;1;;;;;1;1;;;
23/04/2018;15:31:00;410;sem vítima;119;BR-060/GO;Sul;Colisão Traseira;1;;;;;;;;;1;2;;;;
23/04/2018;16:51:00;449;sem vítima;803;BR-262/MG;Leste;Choque - Talude;1;;;;;;;;;;1;;;;
23/04/2018;19:03:00;509;com vítima;560,868;BR-262/MG;Leste;Tombamento;;;1;;;;;;;;0;1;;;
23/04/2018;19:38:00;530;sem vítima;72,299;BR-060/GO;Norte;Colisão Traseira;;;2;;;;;;;;2;;;;
23/04/2018;19:56:00;538;sem vítima;383,67;BR-262/MG;Leste;Capotamento;1;;;;;;;;;;5;;;;
23/04/2018;20:11:00;541;com vítima;101,7;BR-060/GO;Norte;Queda de Moto;;;;1;;;;;;;0;1;;;
24/04/2018;02:41:00;26;sem vítima;81,2;BR-060/GO;Sul;Saida de Pista;1;;;;;;;;;;1;;;;
24/04/2018;06:08:00;56;sem vítima;552;BR-262/MG;Oeste;Choque - Elemento de Drenagem;1;;;;;;;;;;2;;;;
24/04/2018;07:36:00;90;sem vítima;111,2;BR-060/GO;Norte;Choque - Elemento de Drenagem;1;;;;;1;;;;;2;;;;
24/04/2018;08:42:00;151;sem vítima;499,9;BR-153/GO;Sul;Choque - Veiculo parado na pista;1;;;;;;;;;;1;;;;
24/04/2018;09:25:00;173;sem vítima;177;BR-153/MG;Norte;Saida de Pista;;;;;;;;;;1;3;;;;
24/04/2018;09:45:00;183;com vítima;498,8;BR-153/GO;Sul;Engavetamento;;;2;1;;;;;;;2;1;1;;
24/04/2018;11:08:00;241;com vítima;168,9;BR-153/MG;Norte;Capotamento;1;;;;;;;;;;1;1;2;;
24/04/2018;14:49:00;355;com vítima;216,8;BR-153/MG;Sul;Capotamento;1;;;;;;;;;;0;2;1;;
24/04/2018;17:23:00;465;com vítima;28,852;BR-060/GO;Sul;Choque - Veiculo parado no acostamento;;;2;;;;;;;;1;1;;;1
24/04/2018;18:31:00;488;sem vítima;504,4;BR-153/GO;Norte;Engavetamento;2;;;;;;;;;1;3;;;;
24/04/2018;19:03:00;502;sem vítima;855,35;BR-262/MG;Leste;Colisão Lateral;2;;;;;;;;;;3;;;;
24/04/2018;22:57:00;593;com vítima;505;BR-153/GO;Sul;Atropelamento - Usuário;1;;;1;;;;;;;2;;;1;
25/04/2018;05:22:00;57;sem vítima;597,6;BR-153/GO;Sul;Choque - Defensa, barreira ou "submarino";;;1;;;;;;;;1;;;;
25/04/2018;06:17:00;67;sem vítima;497,128;BR-153/GO;Norte;Queda de Moto;;;;1;;;;;;;1;;;;
25/04/2018;08:18:00;121;sem vítima;245,908;BR-153/MG;Sul;Colisão Transversal;1;;1;;;;;;;;2;;;;
25/04/2018;09:02:00;155;sem vítima;512,973;BR-262/MG;Leste;Colisão Traseira;1;;1;;;;;;;;3;;;;
25/04/2018;15:38:00;378;com vítima;5,995;BR-153/MG;Norte;Tombamento;;;1;;;;;;;;0;;1;;
25/04/2018;16:08:00;397;sem vítima;25,3;BR-060/GO;Sul;Choque - Elemento de Drenagem;;;;;;;;;;1;1;;;;
25/04/2018;18:04:00;468;com vítima;502,3;BR-153/GO;Sul;Engavetamento;;;1;1;;;;;;;1;;1;;
25/04/2018;20:29:00;520;sem vítima;791,567;BR-262/MG;Leste;Choque - Defensa, barreira ou "submarino";1;;;;;1;;;;;2;;;;
26/04/2018;06:53:00;76;sem vítima;746,5;BR-262/MG;Oeste;Choque - Talude;;;1;;;;;;;;1;;;;
26/04/2018;07:25:00;89;sem vítima;757;BR-262/MG;Oeste;Colisão Traseira;2;;;;;;;;;;2;;;;
26/04/2018;07:55:00;101;sem vítima;435;BR-262/MG;Oeste;Colisão Traseira;2;;;;;;;;;;2;;;;
26/04/2018;07:58:00;104;sem vítima;502,7;BR-153/GO;Norte;Engavetamento;3;;;;;;;;;;3;;;;
26/04/2018;08:13:00;110;com vítima;548,137;BR-262/MG;Leste;Tombamento;;;1;;;;;;;;1;1;;;
26/04/2018;08:32:00;125;sem vítima;496,924;BR-153/GO;Norte;Colisão Traseira;2;;;;;;;;;;2;;;;
26/04/2018;08:38:00;126;com vítima;503,35;BR-153/GO;Norte;Colisão Traseira;1;;;1;;;;;;;1;;;1;
26/04/2018;09:31:00;162;com vítima;494,117;BR-153/GO;Sul;Engavetamento;5;;2;;;;;;;;6;1;;;
26/04/2018;09:40:00;167;sem vítima;111,501;BR-060/GO;Sul;Capotamento;1;;;;;;;;;;1;;;;
26/04/2018;09:51:00;173;com vítima;100,436;BR-060/GO;Sul;Queda de Moto;;;;1;;;;;;;0;;;1;
26/04/2018;11:26:00;231;sem vítima;443;BR-262/MG;Leste;Colisão Traseira;1;;1;;;;;;;;2;;;;
26/04/2018;12:29:00;260;com vítima;31;BR-060/GO;Norte;Atropelamento - Morador;1;;;;;;;;;;1;1;;;
26/04/2018;12:56:00;280;sem vítima;495,7;BR-153/GO;Norte;Colisão Traseira;1;;1;;;;;;;;2;;;;
26/04/2018;13:54:00;307;com vítima;408,1;BR-262/MG;Oeste;Queda de Moto;;;;1;;;;;;;0;;1;;
26/04/2018;14:06:00;314;sem vítima;395,5;BR-262/MG;Oeste;Saida de Pista;1;;;;;;;;;;1;;;;
26/04/2018;14:59:00;335;sem vítima;632;BR-262/MG;Leste;Saida de Pista;;;1;;;;;;;;1;;;;
26/04/2018;15:47:00;361;sem vítima;367;BR-262/MG;Oeste;Tombamento;;;1;;;;;;;;1;;;;
26/04/2018;16:08:00;374;sem vítima;497,3;BR-153/GO;Sul;Colisão Traseira;1;;1;;;;;;;;2;;;;
26/04/2018;16:26:00;383;sem vítima;368;BR-262/MG;Oeste;Colisão Traseira;2;;;;;;;;;;2;;;;
26/04/2018;16:43:00;398;com vítima;507;BR-153/GO;Sul;Colisão Traseira;1;;;1;;;;;;;1;1;;;
26/04/2018;19:35:00;479;com vítima;695;BR-153/GO;Sul;Capotamento;1;;;;;;;;;;0;1;;;
26/04/2018;23:33:00;574;sem vítima;834;BR-262/MG;Oeste;Colisão Lateral;1;;1;;;;;;;;2;;;;
27/04/2018;04:41:00;73;com vítima;45,281;BR-060/GO;Norte;Tombamento;1;;1;;;;;;;;1;1;;;
27/04/2018;06:34:00;112;com vítima;93,8;BR-060/GO;Sul;Colisão Traseira;;;;1;;;;;;;0;1;;;