data;horario;n_da_ocorrencia;tipo_de_ocorrencia;km;trecho;sentido;tipo_de_acidente;automovel;bicicleta;caminhao;moto;onibus;outros;tracao_animal;transporte_de_cargas_especiais;trator_maquinas;utilitarios;ilesos;levemente_feridos;moderadamente_feridos;gravemente_feridos;mortos
27/04/2018;07:02:00;120;sem vítima;92,5;BR-060/GO;Sul;Colisão Traseira;;;;1;;;;;;;1;;;;
27/04/2018;07:25:00;131;sem vítima;96,4;BR-060/GO;Sul;Colisão Lateral;1;;;;1;;;;;;2;;;;
27/04/2018;07:40:00;142;com vítima;508,02;BR-153/GO;Norte;Colisão Lateral;1;;1;1;;;;;;;2;1;1;;
27/04/2018;08:15:00;174;com vítima;537,8;BR-153/GO;Norte;Capotamento;;;;;;;;;;1;0;2;2;2;
27/04/2018;11:30:00;324;sem vítima;365,7;BR-262/MG;Oeste;Colisão Traseira;2;;;;;;;;;;2;;;;
27/04/2018;13:25:00;384;sem vítima;574,8;BR-153/GO;Sul;Carreta deu L;;;1;;;;;;;;1;;;;
27/04/2018;16:41:00;523;sem vítima;21,7;BR-153/MG;Sul;Capotamento;1;;;;;;;;;;1;;;;
27/04/2018;18:00:00;570;sem vítima;131,8;BR-060/GO;Norte;Saida de Pista;1;;;;;;;;;;1;;;;
27/04/2018;18:12:00;578;com vítima;479,37;BR-262/MG;Oeste;Colisão Transversal;;;2;;;;;;;;1;;1;;
27/04/2018;20:46:00;646;sem vítima;58,5;BR-153/MG;Sul;Colisão Traseira;2;;;;;;;;;;4;;;;
27/04/2018;22:34:00;687;sem vítima;493,1;BR-153/GO;Sul;Colisão Lateral;2;;;;;;;;;;2;;;;
28/04/2018;04:26:00;58;sem vítima;38,7;BR-060/GO;Norte;Capotamento;1;;;;;;;;;;1;;;;
28/04/2018;06:56:00;90;sem vítima;51;BR-153/MG;Sul;Saida de Pista;1;;;;;;;;;;2;;;;
28/04/2018;08:22:00;141;com vítima;425;BR-262/MG;Oeste;Capotamento;1;;;;;;;;;;0;1;1;;
28/04/2018;08:24:00;143;com vítima;64,7;BR-060/GO;Sul;Capotamento;1;;;;;;;;;;0;3;;1;
28/04/2018;10:15:00;204;sem vítima;790;BR-262/MG;Leste;Tombamento;1;;;;;;;;;;1;;;;
28/04/2018;11:38:00;254;sem vítima;514;BR-153/GO;Sul;Colisão Transversal;1;;1;;;;;;;;6;;;;
28/04/2018;12:04:00;268;com vítima;539;BR-153/GO;Sul;Queda de Moto;;;;1;;;;;;;0;1;;;
28/04/2018;14:33:00;359;sem vítima;796,8;BR-262/MG;Oeste;Colisão Traseira;1;;;1;;;;;;;2;;;;
28/04/2018;17:58:00;491;sem vítima;430;BR-262/MG;Leste;Colisão Transversal;2;;;;;;;;;;6;;;;
28/04/2018;18:00:00;492;sem vítima;440;BR-262/MG;Oeste;Atropelamento de Animal;;;1;;;;;;;;1;;;;
28/04/2018;21:10:00;557;sem vítima;438,064;BR-262/MG;Leste;Saida de Pista;1;;;;;;;;;;1;;;;
28/04/2018;21:10:00;558;sem vítima;460;BR-262/MG;Leste;Atropelamento de Animal;1;;;;;;;;;;1;;;;
28/04/2018;23:15:00;591;com vítima;9,986;BR-060/DF;Norte;Choque - Objeto sobre a pista;;;;1;;;;;;1;1;1;1;;
28/04/2018;23:29:00;594;sem vítima;880,057;BR-262/MG;Oeste;Colisão Traseira;1;;1;;;;;;;;2;;;;
29/04/2018;03:33:00;43;sem vítima;509;BR-153/GO;Sul;Queda de Moto;;;;1;;;;;;;1;;;;
29/04/2018;04:38:00;62;com vítima;825,865;BR-262/MG;Oeste;Choque - Elemento de Drenagem;1;;;;;;;;;;0;2;;;
29/04/2018;05:07:00;67;sem vítima;530,768;BR-262/MG;Leste;Colisão Traseira;2;;;;;;;;;;3;;;;
29/04/2018;06:20:00;78;sem vítima;100,799;BR-153/MG;Sul;Tombamento;;;1;;;;;;;;1;;;;
29/04/2018;10:06:00;169;sem vítima;364,11;BR-262/MG;Leste;Capotamento;1;;;;;;;;;;2;;;;
29/04/2018;13:48:00;267;com vítima;801,785;BR-262/MG;Oeste;Capotamento;1;;;;;;;;;;0;;1;;
29/04/2018;15:30:00;314;sem vítima;510;BR-153/GO;Norte;Engavetamento;1;;2;;;;;;;;3;;;;
29/04/2018;17:22:00;369;sem vítima;355;BR-262/MG;Oeste;Choque - Defensa, barreira ou "submarino";1;;;;;;;;;;1;;;;
29/04/2018;19:45:00;437;sem vítima;845;BR-262/MG;Leste;Atropelamento de Animal;;;;;;;;;;1;1;;;;
29/04/2018;21:10:00;468;com vítima;547,257;BR-262/MG;Leste;Tombamento;;;1;;;;;;;;0;3;;;
29/04/2018;22:37:00;506;sem vítima;246,01;BR-153/MG;Norte;Atropelamento de Animal;1;;;;;;;;;;1;;;;
29/04/2018;23:42:00;530;com vítima;547;BR-262/MG;Oeste;Atropelamento - Andarilho;1;;;;;;;;;;1;1;;;
30/04/2018;00:06:00;4;com vítima;458,5;BR-262/MG;Leste;Atropelamento de Animal;1;;;;;;;;;;3;1;1;;
30/04/2018;06:07:00;79;sem vítima;108,8;BR-060/GO;Norte;Choque - Elemento de Drenagem;1;;;;;;;;;;4;;;;
30/04/2018;08:45:00;133;com vítima;366;BR-262/MG;Leste;Colisão Traseira;;1;;1;;;;;;;1;;1;;
30/04/2018;14:57:00;310;sem vítima;5,4;BR-153/MG;Norte;Choque - Defensa, barreira ou "submarino";;;1;;;;;;;;1;;;;
30/04/2018;19:40:00;440;com vítima;493;BR-153/GO;Sul;Atropelamento - Andarilho;;;;1;;;;;;;1;1;;;
30/04/2018;19:51:00;450;sem vítima;670;BR-153/GO;Sul;Tombamento;;;1;;;;;;;;1;;;;
30/04/2018;21:07:00;493;sem vítima;92,708;BR-060/GO;Norte;Choque - Talude;;;;;;;;;;1;1;;;;
30/04/2018;21:30:00;501;com vítima;94,378;BR-060/GO;Sul;Queda de Moto;;;;1;;;;;;;0;2;;;
30/04/2018;21:32:00;502;sem vítima;442;BR-262/MG;Leste;Choque - Defensa, barreira ou "submarino";1;;;;;;;;;;1;;;;
30/04/2018;23:44:00;550;com vítima;507;BR-153/GO;Sul;Colisão Traseira;1;;;2;;;;;;;2;2;;;
01/05/2018;01:29:00;18;sem vítima;446,8;BR-262/MG;Oeste;Atropelamento de Animal;;;;;;;;;;1;1;;;;
01/05/2018;05:28:00;81;sem vítima;791;BR-262/MG;Leste;Saida de Pista;;;1;;;;;;;;1;;;;
01/05/2018;06:38:00;102;sem vítima;508,95;BR-153/GO;Sul;Choque - Defensa, barreira ou "submarino";1;;;;;;;;;;1;;;;
01/05/2018;12:39:00;308;sem vítima;426;BR-262/MG;Leste;Saida de Pista;1;;;;;;;;;;2;;;;
01/05/2018;14:07:00;371;com vítima;56,1;BR-060/GO;Sul;Capotamento;1;;;;;;;;;;2;1;;;
01/05/2018;16:43:00;471;sem vítima;381,5;BR-262/MG;Oeste;Choque - Suporte de Sinalização;1;;;;;;;;;;1;;;;
01/05/2018;17:17:00;489;sem vítima;3;BR-153/MG;Sul;Saida de Pista;1;;;;;;;;;;4;;;;
01/05/2018;18:04:00;515;com vítima;89,973;BR-060/GO;Sul;Queda de Moto;;;;1;;;;;;;0;1;;;
01/05/2018;18:11:00;519;sem vítima;541,069;BR-153/GO;Sul;Queda de Moto;;;;1;;;;;;;1;;;;
01/05/2018;18:35:00;533;sem vítima;660,799;BR-153/GO;Norte;Capotamento;1;;;;;;;;;;1;;;;
01/05/2018;18:39:00;538;com vítima;17,178;BR-153/MG;Norte;Atropelamento - Morador;1;;;;;;;;;;1;;;;1
01/05/2018;20:48:00;599;sem vítima;417,571;BR-262/MG;Leste;Saida de Pista;1;;;;;;;;;;1;;;;
01/05/2018;21:55:00;627;sem vítima;441,567;BR-262/MG;Oeste;Choque - Defensa, barreira ou "submarino";1;;;;;;;;;;3;;;;
02/05/2018;00:31:00;12;sem vítima;412,771;BR-262/MG;Leste;Queda de Moto;;;;1;;;;;;;2;;;;
02/05/2018;05:52:00;58;com vítima;514,9;BR-153/GO;Sul;Colisão Lateral;2;;;;;;;;;;2;1;;;
02/05/2018;06:21:00;64;sem vítima;87,4;BR-060/GO;Norte;Atropelamento de Animal;;;1;;;;;;;;1;;;;
02/05/2018;06:38:00;69;sem vítima;64,9;BR-060/GO;Sul;Choque - Outros;1;;;;;;;;;;1;;;;
02/05/2018;17:18:00;490;com vítima;444,071;BR-262/MG;Oeste;Colisão Lateral;;1;;;;1;;;;;1;;1;;
02/05/2018;17:43:00;509;com vítima;495,01;BR-153/GO;Sul;Colisão Lateral;;;;1;;;;;;1;1;1;;;
02/05/2018;19:14:00;551;com vítima;447,069;BR-262/MG;Oeste;Queda de Moto;;;;1;;;;;;;1;1;;;
02/05/2018;19:15:00;552;com vítima;579,7;BR-153/GO;Sul;Choque - Objeto sobre a pista;1;;;;;;;;;;0;2;;;
03/05/2018;01:30:00;15;sem vítima;91,181;BR-060/GO;Sul;Saida de Pista;1;;;;;;;;;;2;;;;
03/05/2018;07:45:00;95;sem vítima;693,936;BR-262/MG;Oeste;Colisão Traseira;;;2;;;;;;;;2;;;;
03/05/2018;08:53:00;143;sem vítima;500,5;BR-153/GO;Sul;Colisão Traseira;;;2;;;;;;;;2;;;;
03/05/2018;09:03:00;153;sem vítima;498,9;BR-153/GO;Sul;Engavetamento;4;;;;;;;;;;4;;;;
03/05/2018;11:18:00;251;sem vítima;461;BR-262/MG;Oeste;Colisão Traseira;2;;;;;;;;;;2;;;;
03/05/2018;13:06:00;302;sem vítima;360;BR-262/MG;Oeste;Colisão Traseira;1;;;1;;;;;;;2;;;;
03/05/2018;13:54:00;315;com vítima;53,4;BR-060/GO;Sul;Capotamento;1;;;;;;;;;;0;1;;;
03/05/2018;15:00:00;347;com vítima;903,245;BR-262/MG;Leste;Tombamento;;;1;;;;;;;;0;1;;;
03/05/2018;15:08:00;350;sem vítima;521,5;BR-153/GO;Sul;Saida de Pista;;;1;;;;;;;;1;;;;
03/05/2018;15:59:00;374;sem vítima;505,5;BR-153/GO;Sul;Colisão Traseira;1;;;1;;;;;;;2;;;;
03/05/2018;17:47:00;430;com vítima;503,899;BR-153/GO;Sul;Colisão Traseira;1;;;1;;;;;;;1;1;;;
03/05/2018;18:18:00;442;sem vítima;502,699;BR-153/GO;Sul;Colisão Transversal;1;;1;;;;;;;;2;;;;
03/05/2018;18:51:00;464;sem vítima;495,8;BR-153/GO;Sul;Engavetamento;3;;;;;;;;;;4;;;;
03/05/2018;21:24:00;534;sem vítima;383,178;BR-262/MG;Leste;Colisão Traseira;2;;;;;;;;;;4;;;;
03/05/2018;22:30:00;558;com vítima;638,299;BR-153/GO;Norte;Capotamento;;;;;;;;;;1;0;1;;;
03/05/2018;22:54:00;566;com vítima;482,236;BR-262/MG;Leste;Colisão Traseira;1;;1;;;;;;;;1;1;;;
03/05/2018;23:53:00;589;sem vítima;27,3;BR-153/MG;Sul;Saida de Pista;;;1;;;;;;;;1;;;;
04/05/2018;01:45:00;20;sem vítima;409;BR-262/MG;Leste;Choque - Suporte de Sinalização;1;;;;;;;;;;1;;;;
04/05/2018;01:58:00;23;com vítima;119,633;BR-060/GO;Norte;Atropelamento de Animal;1;;;;;;;;;;2;1;;;
04/05/2018;02:10:00;26;sem vítima;119,733;BR-060/GO;Norte;Atropelamento de Animal;1;;;;;;;;;;1;;;;
04/05/2018;02:41:00;31;com vítima;112,102;BR-060/GO;Norte;Queda de Moto;;;;1;;;;;;;0;;1;;
04/05/2018;03:53:00;42;com vítima;29,557;BR-060/DF;Sul;Capotamento;1;;;;;;;;;;0;1;;;
04/05/2018;07:53:00;112;sem vítima;502,3;BR-153/GO;Norte;Engavetamento;3;;;;;;;;;;3;;;;
04/05/2018;07:55:00;113;com vítima;130,4;BR-153/MG;Norte;Tombamento;;;1;;;;;;;;0;1;;;
04/05/2018;12:01:00;248;com vítima;501,7;BR-153/GO;Sul;Colisão Traseira;1;;;1;;;;;;;1;1;;;
04/05/2018;14:59:00;335;sem vítima;111,4;BR-060/GO;Sul;Choque - Talude;1;;;;;;;;;;1;;;;
04/05/2018;16:45:00;397;com vítima;508,8;BR-153/GO;Sul;Queda de Moto;;;;1;;;;;;;0;2;;;
04/05/2018;17:29:00;432;sem vítima;97,995;BR-060/GO;Norte;Colisão Traseira;2;;;;;;;;;;2;;;;
04/05/2018;18:41:00;475;com vítima;362,3;BR-262/MG;Leste;Atropelamento - Morador;;;1;1;;;;;;;1;;1;;1
04/05/2018;19:32:00;486;sem vítima;439;BR-262/MG;Leste;Colisão Traseira;1;;1;;;;;;;;2;;;;
04/05/2018;19:46:00;491;sem vítima;4,5;BR-060/DF;Norte;Engavetamento;4;;;;;;;;;;4;;;;
04/05/2018;20:11:00;503;sem vítima;429,5;BR-262/MG;Leste;Choque - Defensa, barreira ou "submarino";1;;;;;;;;;;1;;;;
04/05/2018;21:44:00;530;sem vítima;8,099;BR-060/DF;Sul;Colisão Traseira;2;;;;;;;;;;2;;;;
04/05/2018;22:45:00;554;sem vítima;243,5;BR-153/MG;Norte;Capotamento;1;;;;;;;;;;1;;;;
05/05/2018;00:21:00;4;sem vítima;492,5;BR-153/GO;Norte;Choque - Talude;1;;;;;;;;;;1;;;;
05/05/2018;03:17:00;38;com vítima;33,2;BR-060/GO;Norte;Colisão Traseira;;;1;1;;;;;;;1;;;1;
05/05/2018;10:20:00;214;com vítima;381;BR-262/MG;Oeste;Choque - Suporte de Sinalização;1;;;;;;;;;;2;;1;;
05/05/2018;17:10:00;426;sem vítima;482;BR-262/MG;Leste;Colisão Traseira;1;;1;;;;;;;;5;;;;
05/05/2018;17:32:00;444;sem vítima;105,094;BR-153/MG;Norte;Capotamento;1;;;;;;;;;;1;;;;
05/05/2018;17:45:00;454;sem vítima;498,4;BR-153/GO;Sul;Colisão Traseira;3;;;;;;;;;;4;;;;
06/05/2018;00:19:00;4;com vítima;498,553;BR-153/GO;Norte;Choque - Defensa, barreira ou "submarino";;;1;;;;;;;;1;1;;;
06/05/2018;00:31:00;10;sem vítima;498,553;BR-153/GO;Sul;Queda de Moto;;;;1;;1;;;;;2;;;;
06/05/2018;03:55:00;41;com vítima;362,668;BR-262/MG;Oeste;Atropelamento - Morador;;;;1;;;;;;;2;;1;;
06/05/2018;04:27:00;48;sem vítima;210;BR-153/MG;Sul;Choque - Outros;;;1;;;;;;;;1;;;;
06/05/2018;05:29:00;60;com vítima;11,8;BR-060/GO;Norte;Capotamento;1;;;;;;;;;;1;1;;;
06/05/2018;07:03:00;84;sem vítima;246;BR-153/MG;Norte;Colisão Lateral;1;;;;;1;;;;;2;;;;
06/05/2018;07:04:00;85;com vítima;137,8;BR-060/GO;Sul;Choque - Veiculo parado na pista;;;;1;;;;;;1;1;2;;;
06/05/2018;11:52:00;236;sem vítima;539,8;BR-153/GO;Sul;Queda de Moto;;;;1;;;;;;;2;;;;
06/05/2018;13:11:00;266;com vítima;137;BR-060/GO;Sul;Choque - Outros;;;;;;;;;;1;0;2;;;
06/05/2018;14:39:00;306;com vítima;674,3;BR-262/MG;Leste;Carreta deu L;;;1;;;;;;;;0;;1;;
06/05/2018;15:11:00;324;sem vítima;604;BR-262/MG;Leste;Colisão Traseira;2;;;;;;;;;;2;;;;
06/05/2018;15:58:00;348;com vítima;584,9;BR-153/GO;Sul;Capotamento;1;;;;;;;;;;0;1;;;
06/05/2018;17:10:00;395;sem vítima;675;BR-153/GO;Norte;Choque - Poste;2;;;;;;;;;;2;;;;
06/05/2018;19:38:00;475;sem vítima;387,468;BR-262/MG;Leste;Choque - Defensa, barreira ou "submarino";1;;;;;;;;;;1;;;;
06/05/2018;20:45:00;508;sem vítima;91,858;BR-060/GO;Norte;Atropelamento - Morador;1;;;;;;;;;;2;;;;
06/05/2018;22:08:00;538;sem vítima;442,525;BR-262/MG;Leste;Saida de Pista;1;;;;;;;;;;1;;;;
06/05/2018;22:23:00;543;com vítima;531,671;BR-262/MG;Oeste;Colisão Frontal;1;;;;;;;;;1;1;1;2;;
06/05/2018;23:55:00;566;com vítima;442,567;BR-262/MG;Oeste;Choque - Defensa, barreira ou "submarino";1;;;;;;;;;;2;1;;;
07/05/2018;03:37:00;37;sem vítima;643,072;BR-262/MG;Oeste;Saida de Pista;1;;;;;;;;;;4;;;;
07/05/2018;05:31:00;50;sem vítima;530,668;BR-262/MG;Leste;Saida de Pista;1;;;;;;;;;;1;;;;
07/05/2018;06:24:00;59;sem vítima;28,529;BR-060/GO;Sul;Colisão Traseira;;;2;;;;;;;;2;;;;
07/05/2018;08:14:00;108;sem vítima;3,044;BR-060/DF;Sul;Colisão Traseira;2;;;;;1;;;;;3;;;;
07/05/2018;09:32:00;165;sem vítima;782,337;BR-262/MG;Oeste;Engavetamento;4;;;;;;;;;;10;;;;
07/05/2018;09:38:00;168;com vítima;498,518;BR-153/GO;Sul;Engavetamento;3;;;;;;;;;;3;2;;;
07/05/2018;13:03:00;278;com vítima;70,799;BR-153/MG;Sul;Tombamento;;;1;;;;;;;;0;1;;;
07/05/2018;15:48:00;385;com vítima;507,547;BR-153/GO;Sul;Queda de Moto;;;;1;;;;;;;0;1;;;
07/05/2018;15:57:00;388;sem vítima;435;BR-262/MG;Oeste;Colisão Transversal;2;;;;;;;;;;2;;;;
07/05/2018;17:50:00;442;sem vítima;136,5;BR-060/GO;Sul;Tombamento;;;1;;;;;;;;1;;;;
07/05/2018;17:54:00;448;sem vítima;514,899;BR-153/GO;Sul;Colisão Lateral;2;;;;;;;;;;2;;;;
07/05/2018;19:17:00;483;sem vítima;19;BR-060/DF;Norte;Queda de Ciclista;;1;;;;;;;;;1;;;;
07/05/2018;20:34:00;515;com vítima;355;BR-262/MG;Oeste;Atropelamento - Outros;1;;;;;;;;;;1;;1;;
08/05/2018;07:56:00;121;sem vítima;2,4;BR-060/DF;Norte;Colisão Traseira;2;;;;;;;;;;2;;;;
08/05/2018;08:01:00;124;sem vítima;40,029;BR-060/GO;Norte;Tombamento;;;;;;;;;;1;1;;;;
08/05/2018;08:12:00;128;sem vítima;501;BR-153/GO;Norte;Colisão Traseira;2;;;;;;;;;;2;;;;
08/05/2018;08:17:00;137;sem vítima;2,413;BR-060/DF;Norte;Colisão Traseira;2;;;;;;;;;;2;;;;
08/05/2018;12:37:00;261;sem vítima;747,95;BR-262/MG;Leste;Colisão Traseira;;;2;;;;;;;;2;;;;
08/05/2018;13:20:00;279;sem vítima;747,95;BR-262/MG;Leste;Engavetamento;1;;4;;;;;;;;9;;;;
08/05/2018;14:01:00;301;com vítima;369;BR-262/MG;Leste;Queda de Moto;;;;1;;;;;;;0;1;;;
08/05/2018;15:48:00;358;sem vítima;552;BR-262/MG;Leste;Colisão Traseira;;;2;;;;;;;;2;;;;
08/05/2018;17:42:00;399;com vítima;92,349;BR-060/GO;Norte;Colisão Traseira;1;;;1;;;;;;;1;1;;;
08/05/2018;20:48:00;495;com vítima;501,963;BR-153/GO;Sul;Atropelamento - Usuário;;;;1;;;;;;;1;;;1;
08/05/2018;22:04:00;520;com vítima;137,4;BR-060/GO;Sul;Colisão Frontal;1;;;1;;;;;;;2;1;1;;
09/05/2018;06:25:00;72;sem vítima;617;BR-153/GO;Sul;Saida de Pista;1;;;;;;;;;;1;;;;
09/05/2018;07:27:00;94;com vítima;450;BR-262/MG;Oeste;Colisão Traseira;1;;;1;;;;;;;1;;2;;
09/05/2018;07:40:00;101;sem vítima;508,8;BR-153/GO;Norte;Colisão Lateral;1;;1;;;;;;;;2;;;;
09/05/2018;07:57:00;118;sem vítima;30,3;BR-060/DF;Norte;Choque - Suporte de Sinalização;1;;;;;;;;;;1;;;;
09/05/2018;11:19:00;265;sem vítima;546,5;BR-262/MG;Oeste;Choque - Elemento de Drenagem;1;;;;;;;;;;1;;;;
09/05/2018;18:17:00;458;com vítima;477,266;BR-262/MG;Oeste;Atropelamento - Andarilho;1;;;;;;;;;;1;1;;;
09/05/2018;18:39:00;474;com vítima;0,446;BR-060/DF;Norte;Colisão Lateral;1;;1;;;;;;;;1;1;;;
09/05/2018;19:28:00;501;sem vítima;515;BR-153/GO;Norte;Colisão Traseira;1;;1;;;;;;;;2;;;;
09/05/2018;19:37:00;504;sem vítima;3,01;BR-060/DF;Sul;Colisão Traseira;1;;;;1;;;;;;2;;;;
09/05/2018;22:02:00;549;com vítima;563,399;BR-153/GO;Norte;Colisão Traseira;1;;1;;;;;;;;2;1;;;
10/05/2018;12:44:00;321;sem vítima;31,7;BR-060/GO;Sul;Colisão Transversal;1;;;;;;;;;1;2;;;;
10/05/2018;14:56:00;389;com vítima;659;BR-153/GO;Sul;Capotamento;1;;;;;;;;;;0;2;;;
10/05/2018;17:21:00;469;com vítima;506,04;BR-153/GO;Sul;Queda de Moto;;;;1;;;;;;;0;1;;;
10/05/2018;17:34:00;481;sem vítima;120,5;BR-153/MG;Norte;Colisão Traseira;2;;;;;;;;;;2;;;;
10/05/2018;17:37:00;484;sem vítima;9,001;BR-060/DF;Norte;Colisão Lateral;1;;;1;;;;;;;4;;;;
10/05/2018;17:47:00;487;sem vítima;500,001;BR-153/GO;Sul;Colisão Traseira;1;;;;;;;;;;1;;;;
10/05/2018;18:29:00;510;sem vítima;495,837;BR-153/GO;Sul;Colisão Traseira;;;2;;;;;;;;2;;;;
10/05/2018;19:51:00;544;sem vítima;583,723;BR-153/GO;Norte;Capotamento;1;;;;;;;;;;1;;;;
10/05/2018;22:48:00;599;sem vítima;538,87;BR-262/MG;Oeste;Tombamento;;;1;;;;;;;;2;;;;
11/05/2018;06:49:00;68;sem vítima;20,5;BR-060/GO;Norte;Choque - Objeto sobre a pista;1;;;;;;;;;;1;;;;
11/05/2018;07:27:00;80;com vítima;433;BR-262/MG;Leste;Colisão Traseira;;1;1;;;;;;;;1;1;;;
11/05/2018;07:49:00;88;com vítima;502,655;BR-153/GO;Norte;Engavetamento;3;;;;;;;;;;3;1;;;
11/05/2018;08:30:00;114;sem vítima;504,5;BR-153/GO;Norte;Colisão Lateral;1;;1;;;;;;;;2;;;;
11/05/2018;08:54:00;133;sem vítima;37,8;BR-153/MG;Norte;Colisão Traseira;;;2;;;;;;;;3;;;;
11/05/2018;14:11:00;332;sem vítima;648,6;BR-262/MG;Leste;Colisão Traseira;1;;1;;;;;;;;2;;;;
11/05/2018;14:53:00;352;sem vítima;514;BR-262/MG;Leste;Colisão Lateral;;;2;;;;;;;;2;;;;
11/05/2018;16:08:00;393;com vítima;476,46;BR-262/MG;Oeste;Colisão Transversal;1;;1;;;;;;;;0;1;1;1;
11/05/2018;17:03:00;428;sem vítima;500,7;BR-153/GO;Norte;Choque - Defensa, barreira ou "submarino";1;;1;;;;;;;;2;;;;
11/05/2018;18:11:00;473;sem vítima;495,327;BR-153/GO;Sul;Colisão Lateral;1;;1;;;;;;;;2;;;;
11/05/2018;18:36:00;487;com vítima;39,899;BR-060/GO;Sul;Colisão Traseira;;;2;;;;;;;;1;1;;;
11/05/2018;18:40:00;490;sem vítima;762;BR-262/MG;Leste;Capotamento;1;;;;;;;;;;1;;;;
11/05/2018;18:44:00;492;sem vítima;662;BR-153/GO;Sul;Choque - Elemento de Drenagem;1;;;;;;;;;;1;;;;
11/05/2018;20:20:00;544;sem vítima;98,7;BR-060/GO;Norte;Colisão Traseira;2;;;;;;;;;;2;;;;
11/05/2018;20:55:00;565;sem vítima;39,3;BR-060/GO;Sul;Engavetamento;2;;;;1;;;;;;42;;;;
11/05/2018;23:04:00;616;sem vítima;25,5;BR-153/MG;Norte;Capotamento;1;;;;;;;;;;1;;;;
11/05/2018;23:22:00;626;sem vítima;598;BR-153/GO;Norte;Choque - Talude;1;;;;;;;;;;1;;;;
12/05/2018;02:12:00;25;sem vítima;493,379;BR-153/GO;Sul;Choque - Suporte de Sinalização;1;;;;;;;;;;1;;;;
12/05/2018;05:14:00;58;sem vítima;449,269;BR-262/MG;Oeste;Colisão Traseira;2;;;;;;;;;;2;;;;
12/05/2018;06:33:00;84;com vítima;515,625;BR-153/GO;Sul;Colisão Traseira;1;;;1;;;;;;;1;;1;;
12/05/2018;08:05:00;120;sem vítima;82,103;BR-060/GO;Norte;Choque - Suporte de Sinalização;1;;;;;;;;;;1;;;;
12/05/2018;09:41:00;180;sem vítima;92,8;BR-060/GO;Sul;Choque - Defensa, barreira ou "submarino";1;;;;;;;;;;1;;;;
12/05/2018;10:38:00;230;com vítima;471,788;BR-262/MG;Leste;Engavetamento;2;;;;;;;;;1;6;2;;;
12/05/2018;10:44:00;235;com vítima;448,234;BR-262/MG;Oeste;Colisão Lateral;3;;;;;;;;;;3;;3;;
12/05/2018;11:02:00;249;sem vítima;553;BR-153/GO;Norte;Colisão Traseira;1;;1;;;;;;;;2;;;;
12/05/2018;11:41:00;267;sem vítima;128,8;BR-060/GO;Norte;Choque - Elemento de Drenagem;1;;;;;;;;;;1;;;;
12/05/2018;11:45:00;268;sem vítima;800,69;BR-262/MG;Oeste;Choque - Elemento de Drenagem;;;1;;;;;;;;1;;;;
12/05/2018;14:02:00;341;sem vítima;3,5;BR-060/GO;Sul;Colisão Lateral;;;;;;;;;;1;2;;;;
12/05/2018;14:26:00;350;sem vítima;497,5;BR-153/GO;Sul;Colisão Lateral;;;1;;;;;;;1;2;;;;
12/05/2018;14:28:00;352;sem vítima;381,665;BR-262/MG;Oeste;Tombamento;1;;;;;;;;;;1;;;;
12/05/2018;14:44:00;358;com vítima;401,63;BR-262/MG;Leste;Capotamento;1;;;;;;;;;;0;1;1;;
12/05/2018;16:09:00;398;com vítima;459;BR-262/MG;Oeste;Colisão Lateral;;;1;1;;;;;;;1;;1;;
12/05/2018;16:48:00;420;sem vítima;549,655;BR-262/MG;Leste;Queda de Moto;;;;1;;;;;;;1;;;;
12/05/2018;19:34:00;494;sem vítima;25,142;BR-060/DF;Norte;Saida de Pista;1;;;;;;;;;;1;;;;
12/05/2018;19:48:00;502;com vítima;117;BR-153/MG;Norte;Capotamento;;;2;;;;;;;1;2;2;;;
12/05/2018;21:36:00;537;com vítima;506;BR-153/GO;Sul;Queda de Moto;;;;1;;;;;;;1;1;;;
13/05/2018;00:39:00;10;com vítima;506;BR-153/GO;Sul;Queda de Moto;;;;1;;;;;;;0;1;;;
13/05/2018;01:47:00;25;com vítima;580,2;BR-153/GO;Sul;Choque - Suporte de Sinalização;;;1;;;;;;;;0;1;;;
13/05/2018;03:33:00;47;com vítima;506,199;BR-153/GO;Norte;Queda de Moto;;;;1;;;;;;;0;;1;;
13/05/2018;08:09:00;120;sem vítima;519,9;BR-153/GO;Norte;Capotamento;1;;;;;;;;;;2;;;;
13/05/2018;08:20:00;128;sem vítima;574;BR-262/MG;Oeste;Capotamento;1;;;;;;;;;;4;;;;
13/05/2018;08:32:00;136;com vítima;399,3;BR-262/MG;Oeste;Choque - Defensa, barreira ou "submarino";1;;;;;;;;;;1;1;;;
13/05/2018;08:36:00;137;sem vítima;586,2;BR-153/GO;Sul;Choque - Outros;1;;;;;;;;;;5;;;;
13/05/2018;09:11:00;155;sem vítima;362;BR-262/MG;Oeste;Queda de Moto;;;;1;;;;;;;1;;;;
13/05/2018;11:15:00;210;sem vítima;512;BR-153/GO;Norte;Colisão Traseira;2;;;;;1;;;;;3;;;;
13/05/2018;15:35:00;334;com vítima;586,5;BR-153/GO;Sul;Choque - Elemento de Drenagem;1;;;;;;;;;;0;1;;;
13/05/2018;16:10:00;350;com vítima;68;BR-060/GO;Sul;Capotamento;1;;;;;1;;;;;1;1;;;
13/05/2018;17:56:00;409;sem vítima;58,99;BR-153/MG;Norte;Colisão Traseira;1;;;;1;;;;;;2;;;;