data;horario;n_da_ocorrencia;tipo_de_ocorrencia;km;trecho;sentido;tipo_de_acidente;automovel;bicicleta;caminhao;moto;onibus;outros;tracao_animal;transporte_de_cargas_especiais;trator_maquinas;utilitarios;ilesos;levemente_feridos;moderadamente_feridos;gravemente_feridos;mortos
13/05/2018;18:20:00;426;sem vítima;560,658;BR-262/MG;Oeste;Tombamento;;;1;;;;;;;;2;;;;
13/05/2018;18:29:00;431;com vítima;66;BR-060/GO;Norte;Capotamento;1;;;;;;;;;;0;1;;;
13/05/2018;18:43:00;442;sem vítima;504;BR-153/GO;Norte;Engavetamento;2;;;;1;;;;;1;9;;;;
13/05/2018;22:37:00;533;com vítima;610,711;BR-262/MG;Oeste;Engavetamento;1;;2;;;;;;;;2;4;;;
13/05/2018;23:20:00;547;sem vítima;136,126;BR-060/GO;Sul;Choque - Elemento de Drenagem;1;;;;;;;;;;1;;;;
14/05/2018;01:41:00;20;com vítima;7,001;BR-060/DF;Sul;Atropelamento - Andarilho;;;;;1;;;;;;1;;;;1
14/05/2018;04:26:00;49;sem vítima;118,94;BR-060/GO;Sul;Colisão Traseira;;;2;;;;;;;;3;;;;
14/05/2018;07:12:00;88;sem vítima;492,5;BR-153/GO;Norte;Queda de Moto;;;;1;;;;;;;2;;;;
14/05/2018;07:57:00;107;sem vítima;94,1;BR-060/GO;Sul;Engavetamento;3;;;;;;;;;;3;;;;
14/05/2018;08:00:00;110;com vítima;494,05;BR-153/GO;Sul;Engavetamento;2;;;1;;;;;;;2;1;;;
14/05/2018;10:14:00;221;sem vítima;494,4;BR-153/GO;Sul;Colisão Traseira;;;2;;;;;;;;2;;;;
14/05/2018;11:19:00;268;com vítima;539;BR-262/MG;Leste;Tombamento;1;;1;;;;;;;;1;1;1;;
14/05/2018;12:00:00;290;sem vítima;539;BR-262/MG;Oeste;Colisão Lateral;1;;1;;;;;;;;2;;;;
14/05/2018;13:21:00;330;sem vítima;571;BR-153/GO;Norte;Colisão Lateral;2;;;;;;;;;;2;;;;
14/05/2018;15:42:00;428;sem vítima;791;BR-262/MG;Leste;Colisão Traseira;1;;1;;;;;;;;2;;;;
14/05/2018;16:08:00;443;com vítima;28,8;BR-153/MG;Sul;Colisão Traseira;1;;1;;;;;;;;3;;2;;
14/05/2018;16:46:00;464;sem vítima;520;BR-262/MG;Leste;Saida de Pista;1;;;;;;;;;;1;;;;
14/05/2018;18:08:00;514;sem vítima;479,867;BR-262/MG;Oeste;Saida de Pista;;;1;;;;;;;;1;;;;
14/05/2018;18:10:00;517;sem vítima;26,118;BR-060/DF;Sul;Tombamento;1;;;;;;;;;;1;;;;
14/05/2018;19:17:00;552;sem vítima;505,51;BR-153/GO;Norte;Queda de Moto;;;;1;;;;;;;1;;;;
15/05/2018;07:44:00;79;sem vítima;495,5;BR-153/GO;Norte;Colisão Traseira;2;;;;;;;;;;2;;;;
15/05/2018;08:04:00;94;com vítima;96,239;BR-060/GO;Sul;Colisão Traseira;1;;;1;;;;;;;1;2;;;
15/05/2018;11:51:00;223;com vítima;4,4;BR-060/DF;Sul;Colisão Traseira;1;;1;;;;;;;;1;1;;;
15/05/2018;12:33:00;253;com vítima;5,502;BR-060/DF;Norte;Colisão Traseira;;;;1;;;;;;1;1;1;;;
15/05/2018;13:05:00;272;sem vítima;609,2;BR-153/GO;Sul;Capotamento;1;;;;;;;;;;1;;;;
15/05/2018;20:11:00;474;sem vítima;538,731;BR-153/GO;Norte;Saida de Pista;1;;;;;;;;;;1;;;;
15/05/2018;21:46:00;505;com vítima;800,3;BR-262/MG;Leste;Queda de Moto;;;;1;;;;;;;0;;2;;
16/05/2018;07:41:00;101;com vítima;507,719;BR-153/GO;Norte;Engavetamento;3;;;;;;;;;;2;1;;;
16/05/2018;13:30:00;322;sem vítima;456,506;BR-262/MG;Oeste;Colisão Traseira;;;2;;;;;;;;2;;;;
16/05/2018;16:23:00;436;com vítima;502,37;BR-153/GO;Sul;Colisão Traseira;;;;2;;;;;;;1;2;;;
16/05/2018;17:17:00;468;sem vítima;58,102;BR-153/MG;Sul;Colisão Lateral;;;2;;;;;;;;2;;;;
16/05/2018;17:21:00;473;com vítima;32,303;BR-060/GO;Sul;Choque - Arvore;;;;;;;;;;1;0;1;;;
16/05/2018;18:35:00;511;sem vítima;447;BR-262/MG;Leste;Atropelamento de Animal;;;1;;;;;;;;1;;;;
16/05/2018;18:47:00;515;com vítima;594,666;BR-262/MG;Oeste;Colisão Frontal;;;2;;;;;;;;1;;1;;
16/05/2018;19:26:00;539;sem vítima;498,2;BR-153/GO;Sul;Engavetamento;3;;;;;;;;;;3;;;;
16/05/2018;22:37:00;604;sem vítima;524;BR-262/MG;Oeste;Choque - Elemento de Drenagem;1;;1;;;;;;;;2;;;;
17/05/2018;04:49:00;58;sem vítima;186,5;BR-153/MG;Norte;Capotamento;1;;1;;;;;;;;4;;;;
17/05/2018;07:22:00;106;sem vítima;32,4;BR-060/GO;Norte;Colisão Transversal;2;;;;;;;;;;2;;;;
17/05/2018;07:45:00;121;sem vítima;500,3;BR-153/GO;Sul;Colisão Traseira;1;;;1;;;;;;;3;;;;
17/05/2018;09:01:00;156;com vítima;423;BR-262/MG;Leste;Capotamento;2;;;;;;;;;;4;;;1;
17/05/2018;09:14:00;164;com vítima;553;BR-262/MG;Oeste;Colisão Frontal;1;;1;;1;;;;;;46;1;;1;
17/05/2018;09:21:00;165;sem vítima;2,7;BR-060/DF;Sul;Colisão Transversal;2;;;;;;;;;;2;;;;
17/05/2018;14:59:00;372;sem vítima;112,6;BR-153/MG;Sul;Colisão Traseira;1;;;;;1;;;;;2;;;;
17/05/2018;15:08:00;379;com vítima;659;BR-262/MG;Oeste;Capotamento;1;;;;;;;;;;1;1;;;
17/05/2018;16:49:00;440;sem vítima;400;BR-262/MG;Leste;Colisão Traseira;1;;;;;;;;;1;2;;;;
17/05/2018;16:55:00;442;com vítima;398,5;BR-262/MG;Oeste;Colisão Lateral;1;;;;;;;;;1;3;1;;;
17/05/2018;18:36:00;493;com vítima;698;BR-153/GO;Sul;Atropelamento - Usuário;;;;;1;;;;;;1;1;;;
17/05/2018;19:39:00;511;sem vítima;383;BR-262/MG;Leste;Saida de Pista;1;;;;;;;;;;1;;;;
17/05/2018;20:34:00;533;com vítima;518,326;BR-153/GO;Sul;Colisão Traseira;;;2;;;;;;;;1;;1;;
17/05/2018;22:46:00;573;sem vítima;148;BR-153/MG;Sul;Colisão Traseira;1;;1;;;;;;;;2;;;;
18/05/2018;06:47:00;68;sem vítima;78,5;BR-060/GO;Norte;Choque - Outros;1;;;;;;;;;;1;;;;
18/05/2018;06:51:00;71;com vítima;96,6;BR-060/GO;Sul;Colisão Traseira;1;;;1;;;;;;;1;2;;;
18/05/2018;11:47:00;241;com vítima;694;BR-262/MG;Oeste;Queda de Moto;;;;1;;;;;;;0;1;;;
18/05/2018;11:55:00;248;sem vítima;2,5;BR-060/DF;Sul;Colisão Lateral;;;1;1;;;;;;;2;;;;
18/05/2018;15:59:00;403;sem vítima;670;BR-262/MG;Leste;Colisão Traseira;2;;;;;;;;;;2;;;;
18/05/2018;16:51:00;437;sem vítima;400;BR-262/MG;Leste;Engavetamento;3;;;;;;;;;;8;;;;
18/05/2018;18:11:00;482;sem vítima;663,123;BR-262/MG;Leste;Colisão Traseira;1;;;;;1;;;;;2;;;;
18/05/2018;18:17:00;487;sem vítima;802,126;BR-262/MG;Oeste;Saida de Pista;1;;;;;1;;;;;2;;;;
18/05/2018;18:29:00;494;sem vítima;499,253;BR-153/GO;Sul;Colisão Traseira;1;;1;;;;;;;;2;;;;
18/05/2018;23:49:00;595;com vítima;689;BR-262/MG;Oeste;Choque - Suporte de Sinalização;1;;;;;;;;;;0;1;;;
19/05/2018;01:24:00;15;sem vítima;500,874;BR-153/GO;Sul;Saida de Pista;1;;;;;;;;;;2;;;;
19/05/2018;06:29:00;62;sem vítima;91,079;BR-060/GO;Norte;Choque - Suporte de Sinalização;1;;;;;;;;;;1;;;;
19/05/2018;07:46:00;81;com vítima;4,595;BR-060/DF;Norte;Capotamento;2;;;;;;;;;;1;2;;;
19/05/2018;08:13:00;96;sem vítima;0,6;BR-153/MG;Norte;Choque - Suporte de Sinalização;1;;;;;;;;;;1;;;;
19/05/2018;08:38:00;110;sem vítima;507,52;BR-153/GO;Norte;Engavetamento;2;;1;;;;;;;;3;;;;
19/05/2018;09:45:00;155;com vítima;497,465;BR-153/GO;Norte;Atropelamento - Usuário;1;;;;;;;;;;1;;1;;
19/05/2018;10:59:00;209;sem vítima;765,5;BR-262/MG;Oeste;Choque - Suporte de Sinalização;1;;;;;;;;;;2;;;;
19/05/2018;11:35:00;226;sem vítima;50;BR-153/MG;Norte;Choque - Talude;1;;;;;;;;;;1;;;;
19/05/2018;12:59:00;266;sem vítima;607,628;BR-262/MG;Leste;Capotamento;1;;;;;;;;;;2;;;;
19/05/2018;13:07:00;271;sem vítima;590,109;BR-262/MG;Oeste;Choque - Talude;1;;;;;;;;;;1;;;;
19/05/2018;13:19:00;278;sem vítima;369;BR-262/MG;Oeste;Capotamento;1;;;;;;;;;;4;;;;
19/05/2018;13:45:00;290;sem vítima;410,147;BR-262/MG;Leste;Choque - Defensa, barreira ou "submarino";1;;;;;;;;;;1;;;;
19/05/2018;13:47:00;291;sem vítima;593,5;BR-262/MG;Oeste;Choque - Talude;1;;;;;;;;;;1;;;;
19/05/2018;14:50:00;322;sem vítima;590;BR-262/MG;Leste;Choque - Talude;1;;;;;;;;;;1;;;;
19/05/2018;15:18:00;339;com vítima;108,7;BR-153/MG;Norte;Colisão Transversal;1;;1;;;;;;;;1;1;;;
19/05/2018;15:35:00;351;sem vítima;133,956;BR-060/GO;Sul;Capotamento;1;;;;;;;;;;1;;;;
19/05/2018;15:50:00;363;sem vítima;380;BR-262/MG;Leste;Capotamento;;;;;;;;;;1;3;;;;
19/05/2018;17:18:00;404;sem vítima;34;BR-153/MG;Sul;Choque - Talude;1;;;;;;;;;;1;;;;
19/05/2018;17:32:00;411;sem vítima;574;BR-262/MG;Oeste;Choque - Talude;1;;;;;;;;;;1;;;;
19/05/2018;18:35:00;441;com vítima;514,899;BR-153/GO;Norte;Colisão Lateral;1;;;1;;;;;;;1;1;;;
19/05/2018;19:31:00;456;sem vítima;356;BR-262/MG;Oeste;Choque - Talude;1;;;;;;;;;;1;;;;
19/05/2018;19:51:00;465;sem vítima;409;BR-262/MG;Leste;Choque - Suporte de Sinalização;1;;;;;;;;;;1;;;;
19/05/2018;20:52:00;491;sem vítima;506,918;BR-153/GO;Sul;Choque - Suporte de Sinalização;1;;;;;;;;;;1;;;;
19/05/2018;21:09:00;502;sem vítima;369,687;BR-262/MG;Oeste;Queda de Moto;;;;1;;;;;;;1;;;;
19/05/2018;23:44:00;540;com vítima;14;BR-060/GO;Sul;Choque - Defensa, barreira ou "submarino";;1;;;;;;;;;0;1;;;
20/05/2018;00:32:00;9;com vítima;580,1;BR-153/GO;Norte;Capotamento;1;;;;;;;;;;0;1;;;
20/05/2018;00:57:00;17;sem vítima;577,799;BR-153/GO;Sul;Queda de Moto;;;;1;;;;;;;2;;;;
20/05/2018;01:08:00;21;sem vítima;2,8;BR-153/MG;Sul;Queda de Moto;;;;1;;;;;;;2;;;;
20/05/2018;02:36:00;35;sem vítima;883;BR-262/MG;Leste;Choque - Elemento de Drenagem;1;;;;;;;;;;1;;;;
20/05/2018;02:50:00;39;sem vítima;802,168;BR-262/MG;Leste;Choque - Elemento de Drenagem;1;;;;;;;;;;1;;;;
20/05/2018;04:35:00;48;sem vítima;593,299;BR-153/GO;Norte;Choque - Elemento de Drenagem;1;;;;;;;;;;1;;;;
20/05/2018;06:07:00;68;com vítima;101,007;BR-060/GO;Norte;Queda de Moto;;;;1;;;;;;;0;1;;;
20/05/2018;09:30:00;158;sem vítima;63,996;BR-153/MG;Norte;Choque - Talude;1;;;;;;;;;;1;;;;
20/05/2018;10:59:00;198;sem vítima;418,742;BR-262/MG;Oeste;Engavetamento;2;;1;;;;;;;;5;;;;
20/05/2018;12:27:00;244;com vítima;812,571;BR-262/MG;Leste;Queda de Moto;;;;1;;;;;;;0;1;;;
20/05/2018;15:32:00;322;sem vítima;15,983;BR-060/GO;Sul;Choque - Elemento de Drenagem;1;;;;;;;;;;1;;;;
20/05/2018;15:38:00;348;com vítima;246;BR-153/MG;Sul;Atropelamento de Animal;;;;1;;;;;;;0;2;;;
20/05/2018;17:43:00;390;sem vítima;373,971;BR-262/MG;Leste;Capotamento;1;;;;;;;;;;4;;;;
20/05/2018;19:49:00;452;com vítima;442;BR-262/MG;Oeste;Queda de Moto;;;;1;;;;;;;0;;;1;
20/05/2018;20:40:00;476;com vítima;438;BR-262/MG;Oeste;Colisão Traseira;1;;;;;;;;;1;1;;1;;
20/05/2018;20:52:00;482;sem vítima;505;BR-153/GO;Sul;Colisão Transversal;1;;;1;;;;;;;2;;;;
20/05/2018;20:56:00;483;sem vítima;26,381;BR-060/GO;Sul;Colisão Traseira;2;;;;;;;;;;2;;;;
20/05/2018;21:22:00;495;com vítima;538;BR-262/MG;Oeste;Queda de Moto;;;1;1;;;;;;;1;1;;;
20/05/2018;22:31:00;523;com vítima;446;BR-262/MG;Leste;Capotamento;1;;;;;;;;;;0;;;1;
20/05/2018;23:37:00;544;sem vítima;2,1;BR-153/MG;Norte;Colisão Traseira;1;;;;;1;;;;;2;;;;
21/05/2018;04:37:00;31;sem vítima;93,599;BR-060/GO;Norte;Colisão Lateral;;;2;;;;;;;;2;;;;
21/05/2018;06:29:00;53;sem vítima;653;BR-262/MG;Leste;Capotamento;1;;;;;;;;;;1;;;;
21/05/2018;08:01:00;82;sem vítima;496,85;BR-153/GO;Sul;Colisão Traseira;1;;;1;;;;;;;2;;;;
21/05/2018;08:08:00;88;com vítima;497;BR-153/GO;Sul;Colisão Traseira;1;;;1;;;;;;;2;1;;;
21/05/2018;10:23:00;183;sem vítima;500,5;BR-153/GO;Sul;Colisão Lateral;;;;1;;;;;;;1;;;;
21/05/2018;11:13:00;216;com vítima;502;BR-153/GO;Sul;Choque - Veiculo parado na pista;;;;2;;;;;;;1;1;;;
21/05/2018;14:06:00;298;sem vítima;102,7;BR-060/GO;Sul;Choque - Elemento de Drenagem;1;;;;;;;;;;2;;;;
21/05/2018;14:09:00;299;com vítima;498;BR-153/GO;Norte;Colisão Traseira;1;;1;;;;;;;;2;1;;;
21/05/2018;15:05:00;335;sem vítima;73,5;BR-060/GO;Norte;Choque - Elemento de Drenagem;;;;;;;;;;1;1;;;;
21/05/2018;15:36:00;351;sem vítima;91;BR-060/GO;Sul;Choque - Talude;1;;;;;;;;;;1;;;;
21/05/2018;17:26:00;415;sem vítima;400;BR-262/MG;Leste;Colisão Traseira;2;;;;;;;;;;2;;;;
21/05/2018;22:43:00;496;sem vítima;159,3;BR-153/MG;Norte;Atropelamento de Animal;1;;;;;;;;;;5;;;;
22/05/2018;06:50:00;40;sem vítima;107,8;BR-060/GO;Sul;Engavetamento;1;;2;;;;;;;;4;;;;
22/05/2018;07:37:00;55;com vítima;506,05;BR-153/GO;Norte;Queda de Moto;;;;1;;;;;;;1;1;;;
22/05/2018;08:16:00;69;sem vítima;517;BR-153/GO;Norte;Choque - Outros;;;1;;;;;;;;1;;;;
22/05/2018;08:18:00;70;sem vítima;490;BR-153/GO;Norte;Colisão Traseira;1;;1;;;;;;;;2;;;;
22/05/2018;08:26:00;74;com vítima;513,2;BR-153/GO;Sul;Queda de Moto;;;;1;;;;;;;0;1;;;
22/05/2018;10:59:00;169;sem vítima;34,5;BR-060/GO;Norte;Colisão Lateral;1;;1;;;;;;;;2;;;;
22/05/2018;13:42:00;248;sem vítima;83,55;BR-060/GO;Norte;Choque - Outros;1;;;;;;;;;;1;;;;
22/05/2018;16:50:00;345;sem vítima;78,479;BR-060/GO;Norte;Capotamento;1;;;;;;;;;;1;;;;
22/05/2018;22:29:00;440;sem vítima;30,399;BR-060/DF;Sul;Colisão Lateral;1;;1;;;;;;;;2;;;;
23/05/2018;04:37:00;34;sem vítima;717,913;BR-262/MG;Leste;Choque - Arvore;1;;;;;;;;;;1;;;;
23/05/2018;07:15:00;68;com vítima;407,913;BR-262/MG;Leste;Colisão Traseira;2;;;;;;;;;;1;1;;;
23/05/2018;07:57:00;91;com vítima;493,674;BR-153/GO;Norte;Colisão Traseira;1;;;1;;;;;;;1;1;;;
23/05/2018;09:46:00;145;com vítima;26,5;BR-060/GO;Norte;Capotamento;1;;;;;;;;;;1;1;;;
23/05/2018;10:08:00;155;com vítima;492,834;BR-153/GO;Sul;Queda de Moto;;;;1;;;;;;;1;1;;;
23/05/2018;11:52:00;209;sem vítima;2,4;BR-060/DF;Norte;Colisão Traseira;1;;;;;;;;;1;2;;;;
23/05/2018;17:09:00;323;com vítima;494,941;BR-153/GO;Norte;Queda de Moto;;;;1;;;;;;;0;1;1;;
23/05/2018;18:45:00;353;sem vítima;246;BR-153/MG;Norte;Capotamento;1;;;;;;;;;;1;;;;
23/05/2018;22:35:00;426;sem vítima;546,5;BR-262/MG;Leste;Capotamento;;;;;;;;;;1;1;;;;
24/05/2018;07:52:00;80;sem vítima;788,424;BR-262/MG;Oeste;Choque - Talude;;;1;;;;;;;;2;;;;
24/05/2018;08:03:00;82;com vítima;509,557;BR-153/GO;Norte;Colisão Traseira;1;;;1;;;;;;;1;1;;;
24/05/2018;09:41:00;138;com vítima;498,026;BR-153/GO;Sul;Colisão Traseira;1;;;1;;;;;;;1;1;;;
24/05/2018;09:46:00;145;sem vítima;545,7;BR-153/GO;Norte;Colisão Traseira;1;;;;;;;;;1;2;;;;
24/05/2018;10:54:00;172;sem vítima;1,2;BR-060/DF;Norte;Queda de Moto;;;;1;;;;;;;1;;;;
24/05/2018;13:59:00;206;com vítima;11,3;BR-153/MG;Sul;Capotamento;1;;;;;;;;;;0;;1;;
24/05/2018;19:31:00;267;sem vítima;109,2;BR-060/GO;Norte;Choque - Elemento de Drenagem;1;;;;;;;;;;4;;;;
24/05/2018;21:04:00;291;sem vítima;13,402;BR-060/DF;Norte;Colisão Traseira;2;;;;;;;;;;3;;;;
24/05/2018;21:46:00;303;com vítima;801,6;BR-262/MG;Leste;Atropelamento - Outros;;;;1;;;;;;;0;;;2;
24/05/2018;22:03:00;306;com vítima;408;BR-262/MG;Leste;Queda de Moto;;;;1;;;;;;;0;2;;;
24/05/2018;22:42:00;310;sem vítima;20,207;BR-060/GO;Sul;Choque - Outros;;;1;;;;;;;;1;;;;
24/05/2018;22:50:00;312;sem vítima;59,399;BR-060/GO;Norte;Atropelamento de Animal;;;;;1;;;;;;1;;;;
25/05/2018;06:07:00;37;com vítima;515,875;BR-153/GO;Sul;Queda de Moto;;;;1;;;;;;;0;1;;;
25/05/2018;20:07:00;236;sem vítima;505,6;BR-153/GO;Norte;Capotamento;1;;;;;;;;;;1;;;;
26/05/2018;05:56:00;28;sem vítima;581,2;BR-153/GO;Sul;Capotamento;1;;;;;;;;;;2;;;;
26/05/2018;08:25:00;53;com vítima;100;BR-060/GO;Sul;Colisão Traseira;2;;;;;;;;;;1;1;;;
26/05/2018;14:36:00;134;sem vítima;433,6;BR-262/MG;Oeste;Capotamento;1;;;;;;;;;;2;;;;
26/05/2018;19:34:00;187;com vítima;694,209;BR-153/GO;Sul;Atropelamento de Animal;1;;;;;;;;;;1;1;;;
26/05/2018;21:16:00;206;com vítima;512,799;BR-153/GO;Norte;Queda de Moto;;;;1;;;;;;;0;1;;;
26/05/2018;22:10:00;216;com vítima;403,285;BR-262/MG;Oeste;Saida de Pista;1;;;;;;;;;;4;1;;;
27/05/2018;04:15:00;13;com vítima;514,447;BR-153/GO;Sul;Queda de Moto;;;;1;;;;;;;0;1;;;
27/05/2018;13:26:00;83;com vítima;504,8;BR-153/GO;Sul;Colisão Traseira;1;;;1;;;;;;;1;1;;;
27/05/2018;16:54:00;120;com vítima;359,964;BR-262/MG;Leste;Queda de Moto;;;;1;;;;;;;0;;2;;
27/05/2018;20:15:00;171;sem vítima;512,1;BR-153/GO;Sul;Colisão Traseira;1;;;1;;;;;;;4;;;;
27/05/2018;21:16:00;183;sem vítima;27,6;BR-060/GO;Sul;Choque - Suporte de Sinalização;1;;;;;;;;;;1;;;;
28/05/2018;00:28:00;12;sem vítima;25,3;BR-060/DF;Norte;Choque - Elemento de Drenagem;1;;;;;;;;;;1;;;;
28/05/2018;06:09:00;35;sem vítima;376,994;BR-262/MG;Leste;Queda de Moto;;;;1;;;;;;;2;;;;
28/05/2018;07:23:00;43;sem vítima;102,4;BR-060/GO;Norte;Engavetamento;3;;;;;;;;;;3;;;;
28/05/2018;11:20:00;89;sem vítima;443,071;BR-262/MG;Leste;Colisão Lateral;;1;;1;;;;;;;2;;;;
28/05/2018;13:10:00;106;sem vítima;505,3;BR-153/GO;Norte;Colisão Traseira;1;;;1;;;;;;;2;;;;
28/05/2018;16:21:00;140;com vítima;579,899;BR-153/GO;Norte;Queda de Moto;;;;1;;;;;;;0;1;;;
28/05/2018;18:16:00;168;com vítima;811;BR-262/MG;Oeste;Colisão Traseira;;;;1;;;;;;1;1;1;;;
28/05/2018;20:34:00;193;com vítima;513,899;BR-153/GO;Norte;Queda de Moto;;;;1;;;;;;;0;2;;;
29/05/2018;07:36:00;34;sem vítima;109,7;BR-153/MG;Sul;Capotamento;1;;;;;;;;;;1;;;;
29/05/2018;23:55:00;196;sem vítima;506,6;BR-153/GO;Sul;Atropelamento de Animal;1;;;;;;;;;;1;;;;
30/05/2018;01:36:00;6;com vítima;644,226;BR-262/MG;Oeste;Capotamento;;;;;;;;;;1;0;1;1;;1
30/05/2018;07:44:00;34;sem vítima;495,13;BR-153/GO;Sul;Colisão Traseira;;;;1;;;;;;;1;;;;
30/05/2018;13:50:00;121;sem vítima;494,814;BR-153/GO;Sul;Colisão Traseira;1;;;1;;;;;;;2;;;;
30/05/2018;14:28:00;129;com vítima;94,9;BR-060/GO;Norte;Queda de Moto;;;;1;;;;;;;0;;1;;
30/05/2018;19:28:00;233;com vítima;663,8;BR-153/GO;Sul;Colisão Traseira;;;2;;;;;;;;0;1;;;1
30/05/2018;19:31:00;235;sem vítima;359,5;BR-262/MG;Leste;Saida de Pista;1;;;;;;;;;;2;;;;
30/05/2018;19:34:00;237;sem vítima;551,6;BR-153/GO;Sul;Saida de Pista;;;1;;;;;;;;1;;;;
30/05/2018;23:43:00;285;com vítima;93,299;BR-060/GO;Sul;Queda de Moto;;;;1;;;;;;;0;;1;;
31/05/2018;02:34:00;18;sem vítima;447,326;BR-262/MG;Leste;Tombamento;;;1;;;;;;;;1;;;;
31/05/2018;09:23:00;78;com vítima;77,9;BR-153/MG;Sul;Colisão Lateral;1;;2;;;;;;;;5;1;;;
31/05/2018;09:39:00;86;com vítima;46,469;BR-060/GO;Norte;Choque - Outros;;;;1;;;;;;;0;;;1;
31/05/2018;12:18:00;176;com vítima;554,001;BR-153/GO;Norte;Colisão Traseira;;1;1;;;;;;;;1;;1;;
31/05/2018;13:52:00;221;sem vítima;49,6;BR-153/MG;Sul;Choque - Elemento de Drenagem;1;;;;;;;;;;1;;;;
31/05/2018;13:57:00;223;sem vítima;509,2;BR-153/GO;Sul;Choque - Suporte de Sinalização;1;;;;;;;;;;1;;;;
31/05/2018;13:59:00;225;sem vítima;543,3;BR-153/GO;Sul;Colisão Traseira;2;;;;;;;;;;2;;;;
31/05/2018;17:20:00;304;sem vítima;452;BR-262/MG;Oeste;Capotamento;1;;;;;;;;;;1;;;;
31/05/2018;18:36:00;336;com vítima;492,8;BR-153/GO;Sul;Colisão Traseira;2;;;;;;;;;;1;1;;;
31/05/2018;19:02:00;345;sem vítima;635;BR-153/GO;Norte;Capotamento;1;;;;;;;;;;1;;;;
31/05/2018;22:17:00;416;sem vítima;133,9;BR-060/GO;Norte;Atropelamento de Animal;1;;;;;;;;;;1;;;;
01/06/2018;07:21:00;86;com vítima;53,5;BR-060/GO;Sul;Capotamento;1;;;;;;;;;;1;;1;;
01/06/2018;07:27:00;88;sem vítima;803,437;BR-262/MG;Leste;Choque - Defensa, barreira ou "submarino";;;1;;;;;;;;2;;;;
01/06/2018;07:47:00;97;sem vítima;575,48;BR-262/MG;Leste;Choque - Talude;1;;;;;;;;;;2;;;;
01/06/2018;07:51:00;103;sem vítima;505,001;BR-153/GO;Sul;Colisão Traseira;;;;1;1;;;;;;2;;;;
01/06/2018;08:41:00;118;sem vítima;507,85;BR-153/GO;Norte;Engavetamento;2;;;1;;;;;;;3;;;;
01/06/2018;08:43:00;121;sem vítima;494;BR-153/GO;Norte;Queda de Moto;;;;1;;;;;;;1;;;;
01/06/2018;10:57:00;193;com vítima;509;BR-153/GO;Norte;Queda de Moto;;;;1;;;;;;;0;1;;;
01/06/2018;15:40:00;332;sem vítima;674,344;BR-262/MG;Leste;Capotamento;1;;;;;;;;;;1;;;;
01/06/2018;18:21:00;405;com vítima;500,8;BR-153/GO;Sul;Queda de Moto;;;;1;;;;;;;0;;1;;
02/06/2018;03:54:00;47;sem vítima;12,8;BR-153/MG;Norte;Capotamento;1;;;;;;;;;;1;;;;
02/06/2018;06:46:00;77;com vítima;427,2;BR-262/MG;Leste;Colisão Traseira;1;;;1;;;;;;;1;1;;;
02/06/2018;10:52:00;199;com vítima;121,4;BR-060/GO;Sul;Tombamento;;;1;;;;;;;;0;;1;;
02/06/2018;11:49:00;238;com vítima;94,811;BR-060/GO;Norte;Colisão Traseira;1;;1;;;;;;;;3;1;;;
02/06/2018;12:40:00;260;sem vítima;559;BR-262/MG;Oeste;Colisão Transversal;1;;;;;;;;;1;4;;;;
02/06/2018;15:43:00;345;sem vítima;567;BR-262/MG;Leste;Colisão Lateral;;;2;;;;;;;;3;;;;
02/06/2018;16:28:00;374;com vítima;799,8;BR-262/MG;Leste;Choque - Talude;1;;;;;;;;;;0;;;1;
02/06/2018;22:13:00;503;sem vítima;244,8;BR-153/MG;Norte;Choque - Suporte de Sinalização;1;;;;;;;;;;1;;;;
02/06/2018;23:42:00;519;sem vítima;1,7;BR-153/MG;Sul;Choque - Elemento de Drenagem;1;;;;;;;;;;2;;;;
03/06/2018;01:13:00;19;sem vítima;425;BR-262/MG;Leste;Saida de Pista;;;;1;;;;;;;1;;;;
03/06/2018;04:51:00;48;sem vítima;636,399;BR-153/GO;Sul;Capotamento;1;;;;;;;;;;1;;;;
03/06/2018;07:43:00;85;sem vítima;88,266;BR-060/GO;Sul;Choque - Elemento de Drenagem;1;;;;;;;;;;2;;;;
03/06/2018;14:34:00;265;sem vítima;401,2;BR-262/MG;Leste;Tombamento;;;1;;;;;;;;1;;;;
03/06/2018;14:37:00;266;com vítima;553;BR-262/MG;Leste;Tombamento;;;3;;;;;;;;2;1;;;
03/06/2018;15:04:00;281;sem vítima;31,2;BR-060/DF;Norte;Engavetamento;3;;;;;;;;;;3;;;;
03/06/2018;15:16:00;285;sem vítima;4,6;BR-060/GO;Norte;Colisão Traseira;;;2;;;;;;;;2;;;;
03/06/2018;15:43:00;307;sem vítima;19;BR-060/GO;Norte;Colisão Traseira;2;;;;;;;;;;3;;;;
03/06/2018;18:08:00;399;com vítima;39,5;BR-060/GO;Norte;Engavetamento;4;;1;;1;;;;;;28;2;1;1;1
03/06/2018;18:32:00;414;com vítima;478;BR-262/MG;Leste;Colisão Transversal;1;;1;;;;;;;;3;2;;;
03/06/2018;20:37:00;460;sem vítima;540;BR-262/MG;Oeste;Saida de Pista;1;;;;;;;;;;8;;;;
03/06/2018;21:27:00;471;com vítima;603;BR-262/MG;Oeste;Colisão Traseira;;;2;;;;;;;;2;;1;;
04/06/2018;00:50:00;11;sem vítima;491;BR-262/MG;Oeste;Saida de Pista;1;;;;;;;;;;1;;;;
04/06/2018;01:40:00;19;com vítima;540,299;BR-153/GO;Norte;Capotamento;1;;;;;;;;;;0;1;;;