data;horario;n_da_ocorrencia;tipo_de_ocorrencia;km;trecho;sentido;tipo_de_acidente;automovel;bicicleta;caminhao;moto;onibus;outros;tracao_animal;transporte_de_cargas_especiais;trator_maquinas;utilitarios;ilesos;levemente_feridos;moderadamente_feridos;gravemente_feridos;mortos
04/06/2018;07:59:00;80;com vítima;506;BR-153/GO;Sul;Queda de Moto;;;;2;;;;;;1;1;1;;1;
04/06/2018;09:08:00;122;sem vítima;2,7;BR-153/MG;Norte;Choque - Defensa, barreira ou "submarino";1;;;;;;;;;;2;;;;
04/06/2018;17:39:00;451;sem vítima;505,405;BR-153/GO;Sul;Colisão Traseira;2;;;;;;;;;;2;;;;
04/06/2018;18:05:00;470;sem vítima;113,005;BR-060/GO;Sul;Queda de Moto;;;1;1;;;;;;;2;;;;
04/06/2018;18:13:00;473;sem vítima;495,1;BR-153/GO;Norte;Capotamento;1;;1;;;;;;;;2;;;;
04/06/2018;22:17:00;565;com vítima;410,85;BR-262/MG;Oeste;Capotamento;1;;;;;;;;;;0;1;;;
05/06/2018;07:36:00;102;sem vítima;502,8;BR-153/GO;Norte;Engavetamento;3;;;1;;;;;;;4;;;;
05/06/2018;07:42:00;108;com vítima;510,8;BR-153/GO;Sul;Queda de Moto;;;;1;;;;;;;0;1;;;
05/06/2018;07:46:00;110;sem vítima;505,852;BR-153/GO;Norte;Engavetamento;2;;;;;;;;;1;3;;;;
05/06/2018;09:54:00;185;sem vítima;82,424;BR-060/GO;Sul;Tombamento;;;;;;;;;;1;1;;;;
05/06/2018;18:57:00;484;com vítima;452,6;BR-262/MG;Oeste;Capotamento;2;;;;;;;;;;2;1;;;
05/06/2018;19:35:00;501;sem vítima;131;BR-153/MG;Sul;Tombamento;;;1;;;;;;;;1;;;;
05/06/2018;19:47:00;504;com vítima;4,415;BR-060/DF;Norte;Atropelamento - Morador;1;;;;;;;;;;3;;;;2
05/06/2018;20:18:00;520;sem vítima;390;BR-262/MG;Oeste;Saida de Pista;1;;;;;;;;;;1;;;;
05/06/2018;21:53:00;554;sem vítima;487;BR-262/MG;Oeste;Colisão Traseira;2;;;;;;;;;;2;;;;
05/06/2018;23:38:00;579;com vítima;512;BR-262/MG;Leste;Colisão Traseira;;;1;1;;;;;;;1;1;;;
06/06/2018;04:15:00;40;sem vítima;577;BR-262/MG;Oeste;Colisão Lateral;;;1;;;;;;;1;2;;;;
06/06/2018;06:24:00;67;sem vítima;8,5;BR-060/DF;Norte;Colisão Traseira;2;;;;;;;;;;2;;;;
06/06/2018;07:41:00;102;sem vítima;8,1;BR-060/GO;Norte;Capotamento;;;;;;;;;;1;1;;;;
06/06/2018;07:54:00;107;sem vítima;499,9;BR-153/GO;Sul;Engavetamento;5;;;;;;;;;1;6;;;;
06/06/2018;08:05:00;121;sem vítima;498,1;BR-153/GO;Sul;Engavetamento;4;;;;;;;;;;4;;;;
06/06/2018;09:44:00;218;sem vítima;652;BR-153/GO;Sul;Colisão Traseira;1;;1;;;;;;;;2;;;;
06/06/2018;11:11:00;266;sem vítima;492;BR-153/GO;Sul;Colisão Traseira;1;;;1;;;;;;;2;;;;
06/06/2018;11:30:00;283;com vítima;506,6;BR-153/GO;Sul;Capotamento;1;;;;;;;;;;0;1;;;
06/06/2018;11:30:00;284;sem vítima;416,9;BR-262/MG;Leste;Choque - Elemento de Drenagem;1;;;;;;;;;;1;;;;
06/06/2018;11:48:00;299;sem vítima;112,2;BR-060/GO;Norte;Capotamento;2;;1;;;;;;;;3;;;;
06/06/2018;11:40:00;310;com vítima;506,6;BR-153/GO;Sul;Choque - Veiculo parado na pista;1;;;1;;;;;;;1;;;1;
06/06/2018;12:33:00;339;sem vítima;506,3;BR-153/GO;Sul;Engavetamento;3;;;;;;;;;;3;;;;
06/06/2018;19:17:00;555;com vítima;359;BR-262/MG;Oeste;Colisão Traseira;1;;;1;;;;;;;1;;1;;
06/06/2018;22:38:00;617;sem vítima;360,5;BR-262/MG;Leste;Saida de Pista;1;;;;;;;;;;1;;;;
07/06/2018;01:30:00;27;com vítima;694,1;BR-153/GO;Norte;Colisão Traseira;;;2;;;;;;;;1;1;;;
07/06/2018;07:47:00;99;sem vítima;508;BR-153/GO;Norte;Colisão Traseira;1;;;;;;;;;;1;;;;
07/06/2018;08:01:00;106;sem vítima;166,6;BR-153/MG;Sul;Colisão Lateral;;;2;;;;;;;;2;;;;
07/06/2018;08:06:00;110;sem vítima;500,5;BR-153/GO;Sul;Colisão Traseira;2;;;;;;;;;;2;;;;
07/06/2018;08:26:00;128;sem vítima;478;BR-262/MG;Leste;Colisão Transversal;2;;;;;;;;;;2;;;;
07/06/2018;08:50:00;141;sem vítima;504,6;BR-153/GO;Norte;Colisão Lateral;1;;;1;;;;;;;2;;;;
07/06/2018;08:51:00;142;com vítima;500,3;BR-153/GO;Sul;Colisão Traseira;;;1;1;;;;;;;1;1;;;
07/06/2018;09:11:00;159;sem vítima;574;BR-262/MG;Leste;Carreta deu L;;;1;;;;;;;;1;;;;
07/06/2018;14:05:00;313;sem vítima;108;BR-060/GO;Norte;Colisão Traseira;2;;;;;;;;;;2;;;;
07/06/2018;16:01:00;374;com vítima;505,001;BR-153/GO;Sul;Saida de Pista;1;;1;;;;;;;;2;1;;;
07/06/2018;17:40:00;469;sem vítima;135,5;BR-060/GO;Sul;Capotamento;1;;;;;;;;;;1;;;;
08/06/2018;00:19:00;7;com vítima;653,5;BR-153/GO;Norte;Colisão Traseira;;;2;;;;;;;;1;;1;;
08/06/2018;03:07:00;39;com vítima;12,79;BR-153/MG;Norte;Colisão Traseira;;;2;;;;;;;;1;;;;1
08/06/2018;03:12:00;42;sem vítima;672,996;BR-153/GO;Sul;Colisão Lateral;1;;1;;;;;;;;3;;;;
08/06/2018;11:29:00;221;com vítima;509,995;BR-153/GO;Norte;Colisão Traseira;1;;;1;;;;;;;1;;;1;
08/06/2018;11:48:00;231;com vítima;118,6;BR-060/GO;Norte;Atropelamento - Ciclista;1;;;;;;;;;;1;;;1;
08/06/2018;15:45:00;355;com vítima;8;BR-060/GO;Sul;Queda de Moto;;;;1;;;;;;;0;2;;;
08/06/2018;16:15:00;370;com vítima;96;BR-060/GO;Norte;Colisão Traseira;1;;;1;;;;;;;1;2;;;
08/06/2018;16:29:00;380;sem vítima;498,05;BR-153/GO;Sul;Engavetamento;5;;;;;;;;;;5;;;;
08/06/2018;23:19:00;532;sem vítima;74,599;BR-060/GO;Norte;Choque - Elemento de Drenagem;1;;;;;;;;;;1;;;;
09/06/2018;00:51:00;16;sem vítima;630,163;BR-153/GO;Sul;Tombamento;;;1;;;;;;;;2;;;;
09/06/2018;01:34:00;26;sem vítima;355,688;BR-262/MG;Oeste;Capotamento;1;;;;;;;;;;1;;;;
09/06/2018;04:32:00;57;sem vítima;458,723;BR-262/MG;Leste;Choque - Defensa, barreira ou "submarino";;;2;;;;;;;;2;;;;
09/06/2018;04:58:00;65;sem vítima;46,5;BR-153/MG;Sul;Saida de Pista;;;1;;;;;;;;1;;;;
09/06/2018;05:11:00;67;sem vítima;46,5;BR-153/MG;Norte;Choque - Objeto sobre a pista;;;;;;;;;;1;1;;;;
09/06/2018;07:57:00;136;sem vítima;771,711;BR-262/MG;Oeste;Tombamento;;;1;;;;;;;;1;;;;
09/06/2018;08:49:00;168;com vítima;15,199;BR-153/MG;Norte;Capotamento;1;;;;;;;;;;3;;1;;
09/06/2018;09:56:00;212;sem vítima;536,796;BR-262/MG;Leste;Colisão Traseira;1;;1;;;;;;;;2;;;;
09/06/2018;10:53:00;240;sem vítima;496,1;BR-153/GO;Sul;Engavetamento;2;;1;;;;;;;;3;;;;
09/06/2018;11:36:00;267;sem vítima;120,8;BR-153/MG;Norte;Colisão Traseira;;;2;;;;;;;;2;;;;
09/06/2018;11:48:00;273;com vítima;491;BR-153/GO;Norte;Colisão Traseira;1;;;1;;;;;;;1;1;;;
09/06/2018;16:03:00;374;com vítima;131,112;BR-060/GO;Norte;Colisão Traseira;2;;;;;;;;;;1;1;;;
09/06/2018;16:09:00;377;sem vítima;512,873;BR-262/MG;Oeste;Colisão Traseira;;;2;;;;;;;;2;;;;
09/06/2018;16:35:00;400;sem vítima;505;BR-153/GO;Norte;Colisão Lateral;1;;1;;;;;;;;2;;;;
09/06/2018;17:05:00;413;com vítima;11;BR-060/GO;Norte;Colisão Traseira;1;;1;;;;;;;;1;1;1;;
09/06/2018;17:19:00;418;com vítima;431,858;BR-262/MG;Oeste;Capotamento;1;;;;;;;;;;0;;1;;
09/06/2018;18:50:00;454;com vítima;406,755;BR-262/MG;Leste;Colisão Traseira;1;;1;;;;;;;;1;1;;;
09/06/2018;19:24:00;472;sem vítima;17;BR-060/GO;Sul;Colisão Frontal;2;;;;;;;;;;2;;;;
09/06/2018;19:31:00;476;sem vítima;840;BR-262/MG;Leste;Atropelamento de Animal;1;;;;;;;;;;1;;;;
09/06/2018;20:15:00;491;sem vítima;244;BR-153/MG;Sul;Colisão Traseira;;;1;1;;;;;;;2;;;;
10/06/2018;00:11:00;3;sem vítima;203,199;BR-153/MG;Norte;Choque - Suporte de Sinalização;1;;;;;;;;;;1;;;;
10/06/2018;01:03:00;23;com vítima;823,639;BR-262/MG;Oeste;Colisão Lateral;1;;1;;;;;;;;1;;2;1;
10/06/2018;01:43:00;29;com vítima;505;BR-153/GO;Sul;Choque - Suporte de Sinalização;;;;1;;;;;;;1;1;;;
10/06/2018;05:00:00;53;com vítima;366,204;BR-262/MG;Leste;Capotamento;;;;;;;;;;1;0;1;;;
10/06/2018;05:28:00;62;sem vítima;88,965;BR-060/GO;Norte;Queda de Moto;1;;;1;;;;;;;2;;;;
10/06/2018;06:39:00;82;sem vítima;365,4;BR-262/MG;Oeste;Choque - Elemento de Drenagem;1;;;;;;;;;;1;;;;
10/06/2018;08:27:00;142;sem vítima;606,1;BR-153/GO;Norte;Tombamento;;;1;;;;;;;;1;;;;
10/06/2018;09:26:00;180;com vítima;101,6;BR-060/GO;Norte;Queda de Moto;;;;1;;;;;;;0;1;;;
10/06/2018;10:28:00;208;com vítima;11;BR-060/GO;Norte;Queda de Moto;;;;1;;;;;;;0;1;;;
10/06/2018;11:17:00;238;sem vítima;586;BR-262/MG;Oeste;Tombamento;;;1;;;;;;;;1;;;;
10/06/2018;11:20:00;242;sem vítima;94,3;BR-060/GO;Norte;Capotamento;1;;;;;;;;;;1;;;;
10/06/2018;15:23:00;332;sem vítima;112,2;BR-060/GO;Sul;Colisão Lateral;1;;1;;;;;;;;2;;;;
10/06/2018;15:42:00;344;sem vítima;133,5;BR-153/MG;Norte;Engavetamento;1;;2;;1;;;;;;4;;;;
10/06/2018;15:48:00;348;sem vítima;66,4;BR-060/GO;Sul;Colisão Traseira;1;;;;;;;;;1;2;;;;
10/06/2018;16:11:00;362;sem vítima;124;BR-153/MG;Norte;Engavetamento;1;;1;;1;;;;;;15;;;;
10/06/2018;16:54:00;387;com vítima;366,5;BR-262/MG;Leste;Atropelamento - Ambulante;;;1;;;;;;;;1;;;1;
10/06/2018;19:55:00;500;sem vítima;517,1;BR-262/MG;Leste;Choque - Defensa, barreira ou "submarino";1;;;;;;;;;;1;;;;
10/06/2018;20:13:00;508;com vítima;510,6;BR-153/GO;Norte;Colisão Lateral;1;;;1;;;;;;;1;2;;;
10/06/2018;20:55:00;524;sem vítima;519,942;BR-153/GO;Sul;Saida de Pista;1;;;;;;;;;;1;;;;
10/06/2018;23:02:00;573;com vítima;504,995;BR-153/GO;Sul;Queda de Moto;;;;1;;;;;;;0;;1;;
11/06/2018;00:35:00;7;com vítima;510,3;BR-153/GO;Norte;Colisão Frontal;1;;;1;;;;;;;1;;;1;
11/06/2018;01:01:00;15;com vítima;502,302;BR-153/GO;Sul;Atropelamento - Ciclista;;1;;;;1;;;;;1;;;1;
11/06/2018;02:52:00;41;sem vítima;177;BR-153/MG;Norte;Saida de Pista;1;;;;;;;;;;1;;;;
11/06/2018;05:14:00;61;com vítima;0,953;BR-060/DF;Norte;Atropelamento - Andarilho;1;;;;;;;;;;1;;;;1
11/06/2018;07:36:00;101;com vítima;475;BR-262/MG;Leste;Queda de Moto;;;;1;;;;;;;0;1;;;
11/06/2018;08:19:00;145;sem vítima;368;BR-262/MG;Oeste;Colisão Lateral;2;;;;;;;;;;2;;;;
11/06/2018;10:34:00;259;sem vítima;38,963;BR-060/GO;Sul;Choque - Elemento de Drenagem;1;;;;;;;;;;2;;;;
11/06/2018;12:50:00;349;sem vítima;138;BR-060/GO;Sul;Queda de Moto;;;;1;;;;;;;2;;;;
11/06/2018;13:39:00;374;sem vítima;514,267;BR-153/GO;Norte;Colisão Transversal;2;;;;;;;;;;2;;;;
11/06/2018;14:26:00;407;sem vítima;621;BR-153/GO;Norte;Saida de Pista;1;;;;;;;;;;1;;;;
11/06/2018;16:43:00;469;com vítima;876;BR-262/MG;Leste;Colisão Transversal;;;;1;1;;;;;;1;;1;;
11/06/2018;16:49:00;470;sem vítima;77,22;BR-060/GO;Sul;Capotamento;1;;;;;;;;;;2;;;;
11/06/2018;19:04:00;525;sem vítima;652,617;BR-153/GO;Sul;Colisão Traseira;;;2;;;;;;;;2;;;;
12/06/2018;01:30:00;20;sem vítima;694;BR-262/MG;Oeste;Saida de Pista;;;;;;;;;;1;1;;;;
12/06/2018;06:24:00;64;com vítima;508,67;BR-153/GO;Norte;Colisão Traseira;;;1;1;2;;;;;;2;2;1;2;
12/06/2018;07:22:00;77;com vítima;101;BR-060/GO;Norte;Colisão Traseira;;;1;1;;;;;;;1;1;;;
12/06/2018;08:14:00;105;com vítima;95,2;BR-060/GO;Norte;Choque - Elemento de Drenagem;1;;;;;;;;;;0;1;;;
12/06/2018;09:09:00;137;com vítima;102,508;BR-060/GO;Sul;Colisão Traseira;1;;1;;;;;;;;1;1;;;
12/06/2018;06:24:00;219;sem vítima;508,67;BR-153/GO;Norte;Colisão Traseira;;;1;1;;;;;;;2;;;;
12/06/2018;14:45:00;327;sem vítima;505;BR-153/GO;Norte;Colisão Traseira;2;;;;;;;;;;2;;;;
12/06/2018;15:30:00;355;com vítima;24,865;BR-060/DF;Sul;Capotamento;1;;;;;;;;;;0;1;;;
12/06/2018;17:11:00;411;sem vítima;418,8;BR-262/MG;Leste;Colisão Traseira;1;;;;;;;;;1;3;;;;
12/06/2018;17:49:00;431;com vítima;92;BR-060/GO;Norte;Atropelamento - Outros;1;;;;;;;;;;1;;;1;
12/06/2018;18:05:00;440;sem vítima;44,8;BR-060/GO;Sul;Colisão Traseira;2;;;;;;;;;;3;;;;
12/06/2018;18:34:00;459;sem vítima;10,94;BR-060/DF;Sul;Colisão Traseira;2;;;;;;;;;;3;;;;
12/06/2018;18:44:00;466;com vítima;540,8;BR-153/GO;Sul;Queda de Moto;;;;1;;;;;;;0;1;;;
12/06/2018;22:46:00;557;sem vítima;530,947;BR-153/GO;Norte;Queda de Moto;;;;1;;;;;;;1;;;;
12/06/2018;23:26:00;571;sem vítima;528,2;BR-153/GO;Norte;Choque - Defensa, barreira ou "submarino";;;1;;;;;;;;1;;;;
13/06/2018;03:31:00;48;com vítima;43,5;BR-153/MG;Norte;Capotamento;1;;;;;;;;;;0;;1;;
13/06/2018;04:55:00;95;com vítima;95,5;BR-153/MG;Sul;Colisão Traseira;;;2;;;;;;;;1;1;;;
13/06/2018;06:10:00;119;sem vítima;99;BR-060/GO;Sul;Choque - Defensa, barreira ou "submarino";1;;;;;;;;;;1;;;;
13/06/2018;08:45:00;190;sem vítima;502,9;BR-153/GO;Norte;Queda de Moto;;;;1;;;;;;;2;;;;
13/06/2018;08:46:00;191;sem vítima;501;BR-153/GO;Norte;Engavetamento;3;;;;;;;;;;3;;;;
13/06/2018;12:01:00;311;com vítima;354,142;BR-262/MG;Leste;Colisão Traseira;1;;1;2;;;;;;1;5;;1;;
13/06/2018;13:43:00;367;sem vítima;354;BR-262/MG;Leste;Colisão Lateral;1;;1;;;;;;;;2;;;;
13/06/2018;14:59:00;402;sem vítima;109;BR-060/GO;Norte;Capotamento;1;;;1;;;;;;;2;;;;
13/06/2018;16:16:00;434;sem vítima;494;BR-153/GO;Norte;Colisão Traseira;;;1;;;;;;;1;2;;;;
13/06/2018;21:37:00;580;sem vítima;37,6;BR-153/MG;Norte;Tombamento;;;1;;;;;;;;1;;;;
14/06/2018;01:41:00;20;com vítima;651,9;BR-262/MG;Oeste;Tombamento;;;1;;;;;;;;0;1;;;
14/06/2018;03:57:00;42;sem vítima;12,9;BR-060/GO;Sul;Colisão Traseira;;;2;;;;;;;;2;;;;
14/06/2018;06:33:00;78;sem vítima;508,7;BR-153/GO;Sul;Choque - Elemento de Drenagem;1;;;;;1;;;;;2;;;;
14/06/2018;07:16:00;90;sem vítima;506;BR-153/GO;Norte;Queda de Moto;;;;1;;;;;;;2;;;;
14/06/2018;09:24:00;167;sem vítima;107;BR-060/GO;Norte;Colisão Traseira;2;;;;;;;;;;2;;;;
14/06/2018;14:15:00;326;sem vítima;362;BR-262/MG;Leste;Choque - Poste;1;;;;;1;;;;;2;;;;
14/06/2018;18:08:00;473;sem vítima;776;BR-262/MG;Leste;Saida de Pista;1;;;;;;;;;;1;;;;
14/06/2018;21:07:00;536;sem vítima;746;BR-262/MG;Leste;Choque - Objeto sobre a pista;1;;;;;;;;;;1;;;;
14/06/2018;21:14:00;538;com vítima;509,199;BR-153/GO;Norte;Colisão Traseira;1;;;1;;;;;;;1;1;;;
15/06/2018;01:49:00;26;sem vítima;13,01;BR-153/MG;Sul;Saida de Pista;;;1;;;;;;;;1;;;;
15/06/2018;06:26:00;77;sem vítima;2;BR-060/DF;Norte;Capotamento;2;;;;;;;;;;2;;;;
15/06/2018;06:49:00;87;sem vítima;46;BR-153/MG;Norte;Capotamento;1;;;;;;;;;;2;;;;
15/06/2018;07:08:00;96;com vítima;4,3;BR-060/DF;Sul;Atropelamento - Ciclista;1;1;;;;;;;;;1;1;;;
15/06/2018;08:14:00;141;com vítima;499,95;BR-153/GO;Sul;Colisão Lateral;2;;;1;;;;;;;3;;;1;
15/06/2018;09:56:00;206;sem vítima;765;BR-262/MG;Leste;Colisão Traseira;;;2;;;;;;;1;3;;;;
15/06/2018;10:22:00;221;sem vítima;572;BR-262/MG;Leste;Saida de Pista;;;1;;;;;;;;2;;;;
15/06/2018;14:32:00;351;sem vítima;628;BR-153/GO;Norte;Choque - Talude;1;;;;;;;;;;2;;;;
15/06/2018;17:18:00;456;sem vítima;603;BR-262/MG;Leste;Tombamento;;;1;;;1;;;;;4;;;;
15/06/2018;18:09:00;482;sem vítima;500,153;BR-153/GO;Sul;Colisão Traseira;2;;;;;;;;;;2;;;;
15/06/2018;18:32:00;491;com vítima;31,199;BR-060/GO;Norte;Atropelamento - Ciclista;1;1;;;;;;;;;1;1;;;
15/06/2018;20:29:00;540;sem vítima;410;BR-262/MG;Leste;Saida de Pista;1;;;;;;;;;;1;;;;
16/06/2018;02:22:00;29;com vítima;84,2;BR-153/MG;Norte;Tombamento;;;1;;;;;;;;0;;2;;
16/06/2018;04:12:00;41;sem vítima;12,9;BR-060/GO;Sul;Choque - Elemento de Drenagem;1;;;;;;;;;;1;;;;
16/06/2018;06:09:00;60;sem vítima;580,172;BR-262/MG;Leste;Saida de Pista;1;;;;;;;;;;1;;;;
16/06/2018;09:31:00;151;com vítima;555,001;BR-262/MG;Leste;Capotamento;1;;1;;;;;;;;1;;1;;
16/06/2018;12:10:00;239;sem vítima;490;BR-153/GO;Norte;Colisão Traseira;1;;1;;;;;;;;2;;;;
16/06/2018;13:35:00;276;sem vítima;698;BR-153/GO;Sul;Choque - Poste;1;;;;;;;;;;2;;;;
16/06/2018;14:19:00;296;com vítima;821,87;BR-262/MG;Oeste;Capotamento;1;;;;;;;;;;0;;1;;
16/06/2018;14:29:00;302;com vítima;23;BR-153/MG;Sul;Colisão Lateral;1;;1;;;;;;;;1;1;;;
16/06/2018;15:09:00;316;com vítima;519,1;BR-153/GO;Norte;Capotamento;;;1;;;;;;;;0;1;;;
16/06/2018;15:16:00;321;com vítima;353,779;BR-262/MG;Leste;Queda de Ciclista;;;;1;;;;;;;0;;1;;
16/06/2018;16:45:00;370;sem vítima;243,8;BR-153/MG;Sul;Colisão Traseira;1;;;;;;;;;1;4;;;;
16/06/2018;17:04:00;378;sem vítima;498;BR-153/GO;Norte;Colisão Traseira;1;;;;;;;;;1;2;;;;
16/06/2018;18:40:00;419;sem vítima;109,2;BR-060/GO;Norte;Choque - Elemento de Drenagem;1;;;;;;;;;;1;;;;
16/06/2018;19:10:00;427;com vítima;102,299;BR-060/GO;Norte;Choque - Elemento de Drenagem;1;;;;;;;;;;4;1;;;
16/06/2018;21:05:00;458;sem vítima;699,3;BR-153/GO;Norte;Capotamento;;;;;;;;;;1;1;;;;
16/06/2018;21:21:00;465;sem vítima;100,5;BR-060/GO;Sul;Capotamento;1;;;;;;;;;;1;;;;
16/06/2018;22:08:00;481;com vítima;137,4;BR-060/GO;Sul;Colisão Traseira;1;;;1;;;;;;;1;1;;;
17/06/2018;02:44:00;38;com vítima;79,599;BR-153/MG;Sul;Capotamento;1;;;;;;;;;;0;1;;;
17/06/2018;04:51:00;59;com vítima;542,8;BR-262/MG;Leste;Engavetamento;;;4;;;;;;;;4;1;1;;
17/06/2018;05:46:00;70;sem vítima;506;BR-153/GO;Norte;Choque - Outros;1;;;;;;;;;;1;;;;
17/06/2018;05:54:00;74;sem vítima;7;BR-060/DF;Norte;Choque - Poste;1;;;;;;;;;;1;;;;
17/06/2018;06:38:00;81;sem vítima;74;BR-060/GO;Sul;Choque - Talude;1;;;;;;;;;;1;;;;
17/06/2018;09:36:00;117;sem vítima;378,175;BR-262/MG;Leste;Queda de Moto;;;;1;;;;;;;1;;;;
17/06/2018;10:24:00;141;sem vítima;385,6;BR-262/MG;Oeste;Choque - Defensa, barreira ou "submarino";1;;;;;;;;;;1;;;;
17/06/2018;10:56:00;157;com vítima;496,4;BR-153/GO;Norte;Colisão Frontal;;1;1;;;;;;;;1;;;;1
17/06/2018;14:45:00;270;sem vítima;609,157;BR-262/MG;Leste;Capotamento;;;;;;;;;;1;1;;;;
17/06/2018;17:15:00;339;com vítima;666,001;BR-262/MG;Leste;Capotamento;1;;;;;;;;;;0;2;2;;
17/06/2018;18:55:00;394;sem vítima;52;BR-060/GO;Norte;Choque - Talude;1;;;;;;;;;;1;;;;
17/06/2018;19:24:00;406;sem vítima;29,6;BR-060/GO;Norte;Capotamento;1;;;;;;;;;;3;;;;
17/06/2018;21:44:00;460;sem vítima;4;BR-060/DF;Sul;Saida de Pista;1;;;;;;;;;;1;;;;
18/06/2018;01:27:00;14;com vítima;20,2;BR-060/DF;Sul;Queda de Moto;;;;1;;;;;;;0;1;;;
18/06/2018;08:10:00;116;com vítima;802,5;BR-262/MG;Oeste;Queda de Moto;;;;1;;;;;;;0;1;;;
18/06/2018;12:44:00;299;com vítima;500,5;BR-153/GO;Norte;Colisão Lateral;1;;;2;;1;;;;;3;1;;;
18/06/2018;14:56:00;344;sem vítima;434;BR-262/MG;Oeste;Colisão Transversal;1;;;1;;;;;;;4;;;;
18/06/2018;15:13:00;355;com vítima;361;BR-262/MG;Oeste;Queda de Moto;;;;1;;;;;;;1;;1;;
18/06/2018;15:31:00;368;sem vítima;500,3;BR-153/GO;Sul;Engavetamento;2;;;1;;;;;;;3;;;;
18/06/2018;15:36:00;373;com vítima;368,5;BR-262/MG;Leste;Queda de Moto;;;;1;;;;;;;0;1;;;
18/06/2018;17:42:00;447;sem vítima;498;BR-153/GO;Sul;Colisão Lateral;1;;;1;;;;;;;2;;;;
18/06/2018;18:42:00;474;com vítima;493;BR-153/GO;Norte;Colisão Lateral;;;;1;;1;;;;;1;1;;;
18/06/2018;19:38:00;499;sem vítima;20,389;BR-060/GO;Norte;Capotamento;1;;;;;;;;;;1;;;;
18/06/2018;23:51:00;562;sem vítima;58,222;BR-153/MG;Sul;Tombamento;;;1;;;;;;;;2;;;;
19/06/2018;03:33:00;23;sem vítima;622;BR-153/GO;Sul;Choque - Outros;1;;;;;;;;;;1;;;;
19/06/2018;08:54:00;104;com vítima;495,28;BR-153/GO;Sul;Colisão Traseira;1;;;1;;;;;;;2;1;;;
19/06/2018;11:11:00;220;sem vítima;50;BR-153/MG;Sul;Colisão Lateral;1;;3;;;;;;;;4;;;;
19/06/2018;15:32:00;362;sem vítima;594,4;BR-153/GO;Sul;Choque - Outros;;;1;;;;;;;;1;;;;
19/06/2018;17:10:00;405;com vítima;763;BR-262/MG;Oeste;Engavetamento;1;;1;;;;;;;2;15;;1;;
19/06/2018;17:16:00;409;com vítima;490,3;BR-153/GO;Norte;Queda de Moto;;;;1;;;;;;;0;1;;;
19/06/2018;18:22:00;446;com vítima;117;BR-060/GO;Norte;Queda de Moto;;;;1;;;;;;;0;2;;;
19/06/2018;21:32:00;519;sem vítima;501;BR-153/GO;Sul;Colisão Lateral;2;;;;;;;;;;2;;;;
19/06/2018;21:55:00;526;sem vítima;496;BR-153/GO;Norte;Choque - Defensa, barreira ou "submarino";1;;;;;;;;;;1;;;;
19/06/2018;22:59:00;539;com vítima;101,204;BR-060/GO;Norte;Colisão Traseira;;1;;1;;;;;;;1;1;;;
20/06/2018;04:30:00;40;sem vítima;836,704;BR-262/MG;Oeste;Saida de Pista;1;;;;;;;;;;1;;;;
20/06/2018;07:33:00;75;sem vítima;506;BR-153/GO;Norte;Engavetamento;3;;;;;;;;;;3;;;;
20/06/2018;08:11:00;97;sem vítima;504;BR-153/GO;Norte;Engavetamento;4;;;;;1;;;;;5;;;;
20/06/2018;08:11:00;98;sem vítima;509;BR-153/GO;Sul;Colisão Traseira;1;;;;;;;;;1;2;;;;
20/06/2018;09:30:00;151;com vítima;111,099;BR-153/MG;Sul;Queda de Moto;;;;1;;;;;;;0;;1;;
20/06/2018;17:23:00;451;sem vítima;707,692;BR-262/MG;Oeste;Colisão Lateral;;;2;;;;;;;;2;;;;
20/06/2018;18:53:00;492;com vítima;57,899;BR-153/MG;Sul;Tombamento;;;1;;;;;;;;0;;1;;
20/06/2018;19:17:00;500;com vítima;490,899;BR-153/GO;Norte;Colisão Lateral;;;1;1;;;;;;;2;;;1;
21/06/2018;04:05:00;60;com vítima;45,3;BR-153/MG;Norte;Colisão Traseira;;;2;;;;;;;;1;;1;;
21/06/2018;04:38:00;68;com vítima;574,548;BR-262/MG;Leste;Tombamento;;;1;;;;;;;;2;;1;;
21/06/2018;08:21:00;135;com vítima;501,929;BR-153/GO;Sul;Choque - Defensa, barreira ou "submarino";1;;;;;;;;;;0;;1;;
21/06/2018;10:03:00;199;com vítima;144;BR-153/MG;Sul;Queda de Ciclista;;1;;;;;;;;;0;;1;;
21/06/2018;12:22:00;270;sem vítima;74;BR-060/GO;Norte;Choque - Talude;1;;;;;;;;;;1;;;;
21/06/2018;15:20:00;360;sem vítima;542,7;BR-262/MG;Leste;Colisão Traseira;;;2;;;;;;;;2;;;;
21/06/2018;23:05:00;590;sem vítima;482;BR-262/MG;Leste;Atropelamento de Animal;;;1;;;;;;;;1;;;;
21/06/2018;23:36:00;598;sem vítima;488,258;BR-262/MG;Leste;Tombamento;;;1;;;1;;;;;2;;;;
22/06/2018;05:20:00;64;sem vítima;23,501;BR-060/GO;Sul;Colisão Traseira;1;;1;;;;;;;;4;;;;
22/06/2018;05:59:00;73;com vítima;590,3;BR-153/GO;Sul;Colisão Traseira;;;2;;;;;;;;1;1;;;
22/06/2018;06:07:00;76;sem vítima;504,03;BR-153/GO;Norte;Colisão Traseira;1;;1;;;;;;;;3;;;;
22/06/2018;07:28:00;92;sem vítima;697;BR-153/GO;Sul;Colisão Traseira;;;2;;;;;;;;2;;;;
22/06/2018;08:50:00;129;com vítima;413;BR-262/MG;Leste;Colisão Lateral;;;1;1;;;;;;;1;1;;;