data;horario;n_da_ocorrencia;tipo_de_ocorrencia;km;trecho;sentido;tipo_de_acidente;automovel;bicicleta;caminhao;moto;onibus;outros;tracao_animal;transporte_de_cargas_especiais;trator_maquinas;utilitarios;ilesos;levemente_feridos;moderadamente_feridos;gravemente_feridos;mortos
22/06/2018;12:59:00;252;com vítima;90,77;BR-060/GO;Norte;Atropelamento - Ciclista;;1;;;;;;;;1;1;;1;;
22/06/2018;13:05:00;261;com vítima;532,8;BR-153/GO;Sul;Queda de Moto;;;;1;;;;;;;0;1;;;
22/06/2018;16:07:00;342;com vítima;465,1;BR-262/MG;Leste;Colisão Frontal;2;;;;;;;;;;0;;;1;1
22/06/2018;17:08:00;378;sem vítima;6;BR-153/MG;Norte;Capotamento;1;;;;;;;;;;1;;;;
22/06/2018;19:13:00;436;sem vítima;4;BR-060/DF;Sul;Colisão Traseira;2;;;;;;;;;;2;;;;
22/06/2018;20:34:00;469;com vítima;462;BR-262/MG;Oeste;Colisão Lateral;;;2;;;;;;;;1;1;;;
22/06/2018;20:47:00;475;sem vítima;456,404;BR-262/MG;Oeste;Colisão Traseira;2;;;;;;;;;;5;;;;
23/06/2018;02:41:00;22;sem vítima;509;BR-153/GO;Sul;Colisão Traseira;1;;;1;;;;;;;2;;;;
23/06/2018;03:20:00;31;com vítima;505;BR-153/GO;Norte;Queda de Moto;;;;1;;;;;;;0;;1;;
23/06/2018;04:46:00;45;sem vítima;60,3;BR-060/GO;Norte;Saida de Pista;1;;;;;;;;;;1;;;;
23/06/2018;10:32:00;189;sem vítima;496,1;BR-153/GO;Norte;Engavetamento;1;;;;1;;;;;;2;;;;
23/06/2018;10:43:00;190;sem vítima;361,3;BR-262/MG;Leste;Colisão Traseira;1;;1;;;;;;;;2;;;;
23/06/2018;11:57:00;228;sem vítima;148;BR-153/MG;Norte;Colisão Transversal;;;2;;;;;;;;2;;;;
23/06/2018;13:11:00;255;com vítima;629,3;BR-262/MG;Oeste;Tombamento;;;1;;;;;;;;0;1;;;
23/06/2018;13:19:00;259;com vítima;433;BR-262/MG;Leste;Queda de Ciclista;;;;1;;;;;;;0;1;;;
23/06/2018;16:09:00;352;com vítima;442;BR-262/MG;Leste;Colisão Frontal;1;;;1;;;;;;;2;1;;;
23/06/2018;17:20:00;380;com vítima;501;BR-153/GO;Norte;Queda de Moto;;;;1;;;;;;;0;1;;;
23/06/2018;23:56:00;477;com vítima;7,599;BR-060/DF;Sul;Queda de Moto;1;;;1;;;;;;;2;1;;;
24/06/2018;02:56:00;29;com vítima;5;BR-060/GO;Norte;Capotamento;1;;;;;;;;;;0;1;;;
24/06/2018;07:36:00;62;com vítima;636,603;BR-262/MG;Leste;Choque - Veiculo parado no acostamento;2;;;;;;;;;;1;1;;1;
24/06/2018;10:31:00;156;com vítima;101,22;BR-060/GO;Norte;Colisão Lateral;1;;;1;;;;;;;1;1;;;
24/06/2018;12:27:00;197;sem vítima;655;BR-262/MG;Leste;Saida de Pista;;;;;;;;;;1;6;;;;
24/06/2018;13:48:00;231;sem vítima;83,299;BR-060/GO;Sul;Choque - Arvore;1;;;;;;;;;;1;;;;
24/06/2018;15:14:00;262;com vítima;358,06;BR-262/MG;Oeste;Capotamento;1;;;;;;;;;;0;1;;;
24/06/2018;15:19:00;266;com vítima;844,071;BR-262/MG;Oeste;Capotamento;1;;;;;;;;;;0;;1;;
24/06/2018;15:27:00;269;com vítima;493,899;BR-153/GO;Norte;Colisão Lateral;1;;;1;;;;;;;1;;1;;
24/06/2018;16:05:00;289;com vítima;395,07;BR-262/MG;Oeste;Colisão Lateral;2;;;;;;;;;;1;2;1;;
24/06/2018;16:24:00;298;sem vítima;97;BR-060/GO;Sul;Colisão Traseira;1;;;;;;;;;1;4;;;;
24/06/2018;20:35:00;425;sem vítima;109;BR-060/GO;Norte;Colisão Lateral;2;;;;;;;;;;2;;;;
24/06/2018;23:10:00;473;com vítima;801;BR-262/MG;Leste;Colisão Traseira;1;;;1;;;;;;;1;;1;;
25/06/2018;07:17:00;69;sem vítima;382,271;BR-262/MG;Leste;Colisão Traseira;2;;;;;;;;;;2;;;;
25/06/2018;08:05:00;83;sem vítima;494,774;BR-153/GO;Sul;Colisão Traseira;2;;;;;;;;;;2;;;;
25/06/2018;08:42:00;104;sem vítima;494,774;BR-153/GO;Sul;Engavetamento;2;;1;;;;;;;;3;;;;
25/06/2018;09:10:00;123;sem vítima;494;BR-153/GO;Norte;Colisão Traseira;2;;;;;;;;;;2;;;;
25/06/2018;09:12:00;125;sem vítima;494;BR-153/GO;Sul;Colisão Traseira;3;;;;;;;;;;3;;;;
25/06/2018;10:04:00;145;com vítima;494,6;BR-153/GO;Sul;Colisão Lateral;2;;;1;;;;;;;2;1;;;
25/06/2018;11:29:00;193;sem vítima;506,3;BR-153/GO;Norte;Colisão Traseira;;;;;;;;;;2;2;;;;
25/06/2018;11:50:00;212;sem vítima;504;BR-153/GO;Norte;Engavetamento;3;;;;;;;;;;4;;;;
25/06/2018;14:37:00;261;sem vítima;500,5;BR-153/GO;Sul;Colisão Traseira;;;1;;;;;;;1;2;;;;
25/06/2018;16:33:00;323;com vítima;612,7;BR-153/GO;Sul;Choque - Talude;1;;;;;;;;;;0;1;;;
25/06/2018;17:02:00;333;sem vítima;109;BR-060/GO;Norte;Colisão Traseira;2;;;;;;;;;;2;;;;
25/06/2018;18:49:00;383;sem vítima;172,05;BR-153/MG;Norte;Capotamento;;;;;;;;;;1;1;;;;
25/06/2018;19:23:00;395;sem vítima;227,9;BR-153/MG;Norte;Colisão Traseira;1;;;;;;;;;1;6;;;;
25/06/2018;20:44:00;425;com vítima;448;BR-262/MG;Oeste;Atropelamento - Ciclista;;1;;1;;;;;;;0;;2;;
26/06/2018;07:37:00;106;sem vítima;506,008;BR-153/GO;Norte;Colisão Traseira;1;;;2;;;;;;;4;;;;
26/06/2018;10:15:00;213;sem vítima;525;BR-262/MG;Leste;Engavetamento;;;3;;;;;;;;3;;;;
26/06/2018;11:46:00;264;sem vítima;6,75;BR-060/GO;Norte;Choque - Elemento de Drenagem;1;;;;;;;;;;1;;;;
26/06/2018;14:26:00;352;sem vítima;798,7;BR-262/MG;Oeste;Colisão Traseira;2;;;;;;;;;;2;;;;
26/06/2018;18:15:00;482;sem vítima;498;BR-153/GO;Sul;Engavetamento;1;;;;1;;;;;1;5;;;;
26/06/2018;18:40:00;489;sem vítima;500,8;BR-153/GO;Sul;Engavetamento;4;;;;;;;;;;8;;;;
26/06/2018;19:36:00;511;sem vítima;498;BR-153/GO;Sul;Colisão Traseira;2;;;;;;;;;;3;;;;
26/06/2018;19:41:00;516;sem vítima;512,8;BR-153/GO;Sul;Choque - Defensa, barreira ou "submarino";1;;;;;;;;;;3;;;;
26/06/2018;22:25:00;566;com vítima;24;BR-060/DF;Sul;Capotamento;1;;;;;;;;;;0;1;;;
27/06/2018;01:28:00;16;sem vítima;699;BR-153/GO;Sul;Saida de Pista;1;;;;;;;;;;1;;;;
27/06/2018;06:22:00;58;sem vítima;507,8;BR-153/GO;Norte;Engavetamento;6;;;;;;;;;;6;;;;
27/06/2018;06:22:00;62;sem vítima;508,5;BR-153/GO;Norte;Colisão Traseira;2;;;;;;;;;;2;;;;
27/06/2018;07:23:00;82;sem vítima;4,5;BR-060/DF;Norte;Colisão Lateral;1;;;;;1;;;;;2;;;;
27/06/2018;07:39:00;93;com vítima;505,7;BR-153/GO;Norte;Queda de Moto;;;;1;;;;;;;0;1;;;
27/06/2018;08:23:00;116;com vítima;498,9;BR-153/GO;Sul;Colisão Traseira;1;;;1;;;;;;;1;;;1;
27/06/2018;12:26:00;267;sem vítima;508;BR-153/GO;Sul;Colisão Traseira;1;;;1;;;;;;;3;;;;
27/06/2018;12:38:00;270;sem vítima;505;BR-153/GO;Norte;Colisão Traseira;1;;;1;;;;;;;2;;;;
27/06/2018;12:46:00;275;sem vítima;509;BR-153/GO;Norte;Colisão Lateral;1;;1;;;;;;;;3;;;;
27/06/2018;14:03:00;303;com vítima;107,926;BR-060/GO;Sul;Engavetamento;2;;1;;;;;;;;6;1;;;
27/06/2018;14:38:00;321;sem vítima;479;BR-262/MG;Oeste;Colisão Traseira;2;;;;;;;;;;2;;;;
27/06/2018;14:56:00;333;com vítima;499;BR-153/GO;Norte;Queda de Moto;;;;1;;;;;;;0;2;;;
27/06/2018;17:27:00;405;com vítima;425;BR-262/MG;Oeste;Capotamento;1;;1;;;;;;;;1;2;;;
27/06/2018;17:46:00;412;sem vítima;554;BR-262/MG;Oeste;Colisão Traseira;;;2;;;;;;;;2;;;;
27/06/2018;18:28:00;424;com vítima;31,899;BR-060/GO;Norte;Colisão Lateral;;;;1;;1;;;;;1;1;;;
27/06/2018;19:12:00;444;com vítima;103;BR-060/GO;Sul;Colisão Traseira;2;;1;;;;;;;;1;1;1;;
27/06/2018;19:41:00;457;sem vítima;53,9;BR-153/MG;Sul;Saida de Pista;;;1;;;;;;;;1;;;;
27/06/2018;22:17:00;507;sem vítima;783,477;BR-262/MG;Oeste;Choque - Talude;;;1;;;;;;;;1;;;;
28/06/2018;02:10:00;23;com vítima;484;BR-262/MG;Oeste;Colisão Lateral;1;;1;;;;;;;;1;1;;;
28/06/2018;04:21:00;42;sem vítima;668,015;BR-262/MG;Oeste;Saida de Pista;;;1;;;;;;;;1;;;;
28/06/2018;07:53:00;76;sem vítima;494;BR-153/GO;Norte;Colisão Lateral;2;;;;;;;;;;2;;;;
28/06/2018;10:32:00;170;com vítima;245,6;BR-153/MG;Norte;Saida de Pista;1;;;;;;;;;;0;1;;;
28/06/2018;11:52:00;220;sem vítima;5;BR-060/DF;Sul;Capotamento;1;;;;;;;;;;1;;;;
28/06/2018;14:18:00;286;sem vítima;25,5;BR-153/MG;Sul;Capotamento;;;;;;;;;;1;1;;;;
28/06/2018;14:37:00;297;com vítima;92,706;BR-060/GO;Norte;Colisão Traseira;;;;1;;;;;;1;2;2;;;
28/06/2018;14:48:00;304;sem vítima;25,5;BR-153/MG;Norte;Colisão Traseira;;;2;;;;;;;;3;;;;
28/06/2018;16:12:00;347;sem vítima;98;BR-153/MG;Sul;Engavetamento;;;3;;;;;;;;3;;;;
28/06/2018;16:12:00;348;sem vítima;132,5;BR-060/GO;Sul;Colisão Lateral;1;;1;;;;;;;;2;;;;
28/06/2018;18:29:00;419;com vítima;62;BR-060/GO;Norte;Atropelamento - Andarilho;1;;;;;;;;;;2;;1;;
28/06/2018;19:07:00;432;com vítima;477,471;BR-262/MG;Leste;Colisão Transversal;1;;;1;;;;;;;1;1;;;
28/06/2018;19:27:00;442;com vítima;506;BR-153/GO;Sul;Colisão Lateral;1;;;1;;;;;;;2;1;;;
28/06/2018;20:26:00;465;com vítima;123;BR-060/GO;Sul;Queda de Moto;;;;1;;;;;;;0;1;;;
28/06/2018;20:30:00;467;com vítima;506;BR-153/GO;Sul;Colisão Traseira;1;;;1;;;;;;;1;;1;;
28/06/2018;20:36:00;472;com vítima;816,1;BR-262/MG;Leste;Atropelamento - Ciclista;1;2;;;;;;;;;2;;1;;
29/06/2018;00:05:00;1;sem vítima;611,047;BR-262/MG;Leste;Choque - Arvore;;;1;;;1;;;;;4;;;;
29/06/2018;01:45:00;22;com vítima;108,099;BR-153/MG;Norte;Tombamento;;;1;;;;;;;;0;1;;;
29/06/2018;02:04:00;28;sem vítima;557,8;BR-153/GO;Norte;Colisão Traseira;;;2;;;;;;;;2;;;;
29/06/2018;03:41:00;45;sem vítima;667,899;BR-153/GO;Norte;Colisão Traseira;;;2;;;;;;;;2;;;;
29/06/2018;05:56:00;67;com vítima;132,9;BR-153/MG;Sul;Colisão Lateral;;;1;;;;;;;1;1;;1;;1
29/06/2018;06:43:00;82;sem vítima;116,1;BR-060/GO;Norte;Capotamento;;;;;;;;;;1;1;;;;
29/06/2018;07:32:00;103;sem vítima;494;BR-153/GO;Norte;Engavetamento;3;;2;;;;;;;;5;;;;
29/06/2018;08:13:00;137;com vítima;507;BR-153/GO;Sul;Colisão Traseira;1;;;1;;;;;;;1;1;;;
29/06/2018;08:18:00;142;sem vítima;496,5;BR-153/GO;Norte;Colisão Traseira;2;;;;;;;;;;2;;;;
29/06/2018;08:51:00;169;com vítima;699;BR-262/MG;Leste;Choque - Talude;;;1;;;;;;;;0;;;1;
29/06/2018;08:56:00;171;sem vítima;499;BR-153/GO;Norte;Colisão Traseira;2;;;;;;;;;;2;;;;
29/06/2018;09:19:00;183;sem vítima;226,9;BR-153/MG;Sul;Colisão Traseira;;;2;;;;;;;;2;;;;
29/06/2018;10:47:00;224;sem vítima;490;BR-153/GO;Norte;Colisão Traseira;2;;;;;;;;;;2;;;;
29/06/2018;12:39:00;277;sem vítima;118;BR-060/GO;Norte;Colisão Transversal;2;;;;;;;;;;2;;;;
29/06/2018;14:58:00;337;sem vítima;105;BR-060/GO;Sul;Colisão Traseira;1;;1;;;;;;;;2;;;;
29/06/2018;16:10:00;381;sem vítima;542,8;BR-153/GO;Sul;Choque - Elemento de Drenagem;1;;1;;;;;;;;2;;;;
29/06/2018;17:34:00;426;com vítima;497,158;BR-153/GO;Sul;Colisão Traseira;1;;;1;;;;;;;1;1;;;
29/06/2018;17:44:00;432;sem vítima;498,577;BR-153/GO;Norte;Colisão Traseira;2;;;;;;;;;;2;;;;
29/06/2018;20:11:00;516;sem vítima;506,36;BR-153/GO;Sul;Colisão Lateral;2;;;;;;;;;;2;;;;
29/06/2018;20:39:00;530;sem vítima;541,12;BR-153/GO;Sul;Choque - Suporte de Sinalização;1;;;;;;;;;;1;;;;
30/06/2018;03:25:00;40;com vítima;450;BR-262/MG;Oeste;Colisão Traseira;2;;;;;;;;;;1;;1;;
30/06/2018;05:47:00;65;com vítima;711,7;BR-262/MG;Leste;Capotamento;1;;;;;;;;;;0;1;1;;
30/06/2018;07:59:00;112;sem vítima;75,8;BR-060/GO;Norte;Saida de Pista;;;1;;;;;;;;1;;;;
30/06/2018;09:01:00;145;sem vítima;435;BR-262/MG;Oeste;Tombamento;;;1;;;;;;;;1;;;;
30/06/2018;09:30:00;159;com vítima;6,8;BR-060/GO;Sul;Capotamento;1;;;;;;;;;;0;1;;;
30/06/2018;09:41:00;163;sem vítima;130;BR-153/MG;Sul;Queda de Ciclista;;1;;;;;;;;;1;;;;
30/06/2018;11:11:00;210;com vítima;604,2;BR-153/GO;Sul;Capotamento;1;;;;;;;;;;1;1;;;
30/06/2018;12:39:00;247;sem vítima;698;BR-153/GO;Sul;Colisão Traseira;1;;;1;;;;;;;2;;;;
30/06/2018;13:08:00;266;sem vítima;409;BR-262/MG;Oeste;Capotamento;;;1;;;;;;;;2;;;;
30/06/2018;14:44:00;300;sem vítima;408;BR-262/MG;Oeste;Colisão Traseira;;;;2;;;;;;;2;;;;
30/06/2018;14:48:00;303;sem vítima;34,5;BR-153/MG;Norte;Choque - Arvore;1;;;;;;;;;;1;;;;
30/06/2018;14:52:00;308;sem vítima;92;BR-060/GO;Sul;Colisão Transversal;1;;;;;;;;;;1;;;;
30/06/2018;16:08:00;335;sem vítima;406,3;BR-262/MG;Oeste;Colisão Traseira;1;;1;;;;;;;;2;;;;
30/06/2018;13:20:00;360;sem vítima;409;BR-262/MG;Oeste;Queda de Ciclista;;;;1;;;;;;;2;;;;
30/06/2018;13:20:00;362;sem vítima;409;BR-262/MG;Oeste;Queda de Ciclista;;;;1;;;;;;;1;;;;
30/06/2018;18:45:00;408;com vítima;692,2;BR-262/MG;Oeste;Colisão Transversal;1;;1;;;;;;;;1;2;1;;
30/06/2018;19:40:00;428;sem vítima;3;BR-060/DF;Sul;Colisão Lateral;2;;;;;;;;;;3;;;;
30/06/2018;20:11:00;439;sem vítima;460,8;BR-262/MG;Oeste;Choque - Arvore;;;;;;;;;;1;1;;;;
30/06/2018;21:28:00;458;com vítima;5;BR-060/DF;Sul;Capotamento;1;;;;;;;;;;0;;1;;
30/06/2018;23:33:00;490;com vítima;23,898;BR-060/DF;Sul;Capotamento;1;;;;;;;;;;0;1;;;1
01/07/2018;00:31:00;6;sem vítima;46,5;BR-153/MG;Sul;Saida de Pista;;;;;;;;;;1;2;;;;
01/07/2018;11:16:00;167;com vítima;92;BR-060/GO;Norte;Atropelamento - Morador;;;;;;1;;;;;1;;1;;
01/07/2018;13:30:00;210;sem vítima;10;BR-060/GO;Sul;Choque - Elemento de Drenagem;1;;;;;;;;;;2;;;;
01/07/2018;15:07:00;251;sem vítima;366;BR-262/MG;Leste;Colisão Traseira;2;;;;;;;;;;3;;;;
01/07/2018;15:15:00;255;com vítima;585;BR-262/MG;Leste;Colisão Traseira;2;;1;;;;;;;;1;7;;;
01/07/2018;16:23:00;284;sem vítima;0,4;BR-060/DF;Sul;Colisão Lateral;1;;1;;;;;;;;3;;;;
01/07/2018;17:06:00;306;sem vítima;421,5;BR-262/MG;Oeste;Colisão Lateral;1;;;;1;;;;;;2;;;;
01/07/2018;20:01:00;388;sem vítima;549;BR-153/GO;Sul;Colisão Lateral;2;;;;;;;;;;3;;;;
01/07/2018;20:34:00;401;com vítima;515;BR-153/GO;Sul;Colisão Lateral;2;;;;;;;;;;5;1;;;
01/07/2018;20:41:00;404;com vítima;21,6;BR-060/GO;Norte;Atropelamento - Sem Informação;1;;;;;;;;;;0;1;;;1
01/07/2018;21:33:00;423;com vítima;516;BR-153/GO;Norte;Queda de Moto;;;;1;;;;;;;0;1;;;
01/07/2018;22:09:00;438;com vítima;414;BR-262/MG;Oeste;Capotamento;1;;;;;;;;;;0;;1;;
02/07/2018;01:40:00;29;sem vítima;675;BR-262/MG;Leste;Atropelamento de Animal;;;1;;;;;;;;1;;;;
02/07/2018;07:55:00;92;sem vítima;114,2;BR-153/MG;Norte;Choque - Talude;1;;;;;;;;;;1;;;;
02/07/2018;10:36:00;179;sem vítima;500,5;BR-153/GO;Sul;Colisão Traseira;2;;;;;;;;;;2;;;;
02/07/2018;13:43:00;263;sem vítima;842,668;BR-262/MG;Oeste;Choque - Defensa, barreira ou "submarino";1;;;;;;;;;;1;;;;
02/07/2018;14:23:00;279;sem vítima;80;BR-060/GO;Sul;Tombamento;1;;1;;;;;;;;3;;;;
02/07/2018;16:46:00;351;com vítima;101,099;BR-153/MG;Sul;Colisão Traseira;;;2;;;;;;;;1;;1;;
02/07/2018;17:16:00;369;sem vítima;530,967;BR-262/MG;Leste;Saida de Pista;1;;;;;;;;;;5;;;;
02/07/2018;17:53:00;388;com vítima;510,5;BR-153/GO;Sul;Queda de Moto;;;;1;;;;;;;0;2;;;
02/07/2018;20:47:00;454;sem vítima;99,5;BR-153/MG;Sul;Colisão Traseira;;;1;;1;;;;;;2;;;;
02/07/2018;23:32:00;509;sem vítima;567;BR-262/MG;Leste;Tombamento;1;;;;;;;;;;1;;;;
02/07/2018;23:43:00;513;sem vítima;617,6;BR-262/MG;Leste;Tombamento;;;1;;;;;;;;2;;;;
03/07/2018;01:38:00;15;sem vítima;366;BR-262/MG;Leste;Colisão Traseira;2;;;;;;;;;;2;;;;
03/07/2018;07:28:00;82;com vítima;811,263;BR-262/MG;Leste;Choque - Veiculo parado na pista;1;;;1;;;;;;;1;;1;;
03/07/2018;07:47:00;88;sem vítima;641,467;BR-262/MG;Leste;Saida de Pista;;;1;;;;;;;;1;;;;
03/07/2018;10:11:00;178;sem vítima;553;BR-153/GO;Norte;Colisão Traseira;1;;1;;;;;;;;2;;;;
03/07/2018;10:30:00;187;sem vítima;25;BR-060/DF;Sul;Colisão Lateral;1;;1;;;;;;;;2;;;;
03/07/2018;11:42:00;237;com vítima;467,67;BR-262/MG;Leste;Colisão Lateral;;;1;;;;;;;1;3;1;;;
03/07/2018;17:28:00;397;sem vítima;494;BR-153/GO;Norte;Engavetamento;2;;1;;;;;;;;3;;;;
03/07/2018;18:28:00;422;com vítima;498,395;BR-153/GO;Norte;Colisão Traseira;1;;;1;;;;;;;1;;1;;
03/07/2018;18:28:00;423;com vítima;726;BR-262/MG;Oeste;Capotamento;1;;;;;;;;;;0;1;;;
03/07/2018;18:35:00;428;sem vítima;57,899;BR-153/MG;Sul;Tombamento;;;1;;;;;;;;1;;;;
03/07/2018;18:41:00;431;com vítima;2,623;BR-060/DF;Sul;Queda de Moto;;;;1;;;;;;;0;1;;;
03/07/2018;19:10:00;441;com vítima;91,526;BR-060/GO;Norte;Capotamento;1;;;;;;;;;;0;2;;;
03/07/2018;19:33:00;449;sem vítima;446;BR-262/MG;Oeste;Atropelamento de Animal;1;;;;;;;;;;1;;;;
03/07/2018;19:35:00;450;sem vítima;494;BR-262/MG;Leste;Colisão Lateral;2;;;;;;;;;;3;;;;
03/07/2018;20:21:00;465;com vítima;532,399;BR-153/GO;Sul;Atropelamento - Morador;;;1;;;;;;;;1;;;;1
03/07/2018;22:07:00;502;sem vítima;239,1;BR-153/MG;Sul;Colisão Frontal;2;;;;;;;;;;3;;;;
04/07/2018;00:34:00;7;sem vítima;353;BR-262/MG;Oeste;Choque - Poste;1;;;;;;;;;;1;;;;
04/07/2018;01:41:00;19;com vítima;518,799;BR-153/GO;Sul;Capotamento;1;;;;;;;;;;0;;1;;
04/07/2018;06:31:00;78;com vítima;505;BR-153/GO;Norte;Queda de Moto;;;;1;;;;;;;1;1;;;
04/07/2018;08:24:00;151;sem vítima;907;BR-262/MG;Oeste;Colisão Transversal;2;;;;;;;;;;3;;;;
04/07/2018;09:26:00;220;sem vítima;364,5;BR-262/MG;Leste;Colisão Lateral;2;;;;;;;;;;2;;;;
04/07/2018;09:42:00;236;com vítima;525;BR-262/MG;Leste;Colisão Traseira;;;2;;;;;;;;1;1;;;
04/07/2018;11:47:00;343;com vítima;124,8;BR-060/GO;Norte;Capotamento;1;;;;;;;;;;0;1;;;
04/07/2018;15:16:00;472;sem vítima;412;BR-262/MG;Oeste;Colisão Traseira;1;;1;;;;;;;;2;;;;
04/07/2018;20:44:00;640;com vítima;6;BR-060/DF;Sul;Colisão Traseira;1;;;1;;;;;;;1;1;;;
04/07/2018;22:32:00;673;sem vítima;16,5;BR-060/GO;Sul;Colisão Traseira;1;;1;;;;;;;;3;;;;
05/07/2018;05:26:00;47;com vítima;520;BR-262/MG;Oeste;Colisão Transversal;1;;1;;;;;;;;2;1;;;
05/07/2018;07:13:00;68;sem vítima;45;BR-153/MG;Norte;Saida de Pista;1;;;;;;;;;;1;;;;
05/07/2018;07:25:00;76;com vítima;69,6;BR-060/GO;Sul;Colisão Lateral;1;;;1;;1;;;;;2;;1;1;
05/07/2018;07:52:00;91;sem vítima;785,5;BR-262/MG;Leste;Choque - Talude;1;;;;;;;;;;1;;;;
05/07/2018;08:45:00;136;sem vítima;494,5;BR-153/GO;Sul;Engavetamento;2;;1;;;;;;;;3;;;;
05/07/2018;10:32:00;225;sem vítima;47;BR-153/MG;Sul;Queda de Ciclista;;1;;;;;;;;;1;;;;
05/07/2018;10:58:00;243;sem vítima;119,9;BR-060/GO;Norte;Choque - Veiculo parado na pista;;;1;;;;;;;1;3;;;;
05/07/2018;12:07:00;289;sem vítima;55,5;BR-060/GO;Norte;Tombamento;;;1;;;;;;;;1;;;;
05/07/2018;16:15:00;431;com vítima;17,5;BR-060/DF;Sul;Saida de Pista;1;;;;;;;;;;1;2;;;
05/07/2018;18:10:00;494;sem vítima;505;BR-153/GO;Sul;Colisão Lateral;;;1;1;;;;;;;2;;;;
05/07/2018;18:42:00;518;com vítima;513;BR-153/GO;Norte;Queda de Moto;;;;1;;;;;;;0;1;;;
05/07/2018;19:55:00;554;com vítima;43,45;BR-060/GO;Sul;Atropelamento - Usuário;1;;;;;;;;;;0;2;;;1
05/07/2018;21:24:00;586;sem vítima;13,412;BR-153/MG;Sul;Atropelamento de Animal;1;;;;;;;;;;1;;;;
05/07/2018;21:24:00;599;com vítima;13,4;BR-153/MG;Sul;Capotamento;1;;;;;;;;;;0;2;1;;
05/07/2018;23:32:00;619;sem vítima;58,5;BR-153/MG;Norte;Colisão Traseira;;;2;;;;;;;;2;;;;
06/07/2018;00:58:00;10;sem vítima;441;BR-262/MG;Oeste;Choque - Elemento de Drenagem;1;;;;;;;;;;1;;;;
06/07/2018;03:55:00;44;sem vítima;406;BR-262/MG;Leste;Choque - Talude;1;;;;;;;;;;2;;;;
06/07/2018;05:01:00;56;com vítima;437,692;BR-262/MG;Oeste;Capotamento;1;;;;;;;;;;1;1;;;
06/07/2018;07:20:00;89;com vítima;1,399;BR-153/MG;Sul;Capotamento;;;;;;;;;;1;2;2;;;
06/07/2018;08:04:00;110;sem vítima;495,735;BR-153/GO;Sul;Colisão Traseira;2;;;;;;;;;;2;;;;
06/07/2018;08:07:00;114;sem vítima;506,173;BR-153/GO;Sul;Colisão Traseira;1;;;1;;;;;;;2;;;;
06/07/2018;11:32:00;281;sem vítima;106,5;BR-060/GO;Sul;Tombamento;1;;;;;;;;;;1;;;;
06/07/2018;13:16:00;337;com vítima;490,477;BR-153/GO;Norte;Colisão Frontal;;1;;;;;;;;1;1;1;;;
06/07/2018;13:21:00;342;com vítima;496;BR-153/GO;Sul;Queda de Moto;;;;1;;;;;;;1;1;;;
06/07/2018;14:33:00;381;sem vítima;501;BR-153/GO;Sul;Colisão Traseira;2;;;;;;;;;;2;;;;
06/07/2018;18:44:00;523;com vítima;422,8;BR-262/MG;Oeste;Capotamento;1;;;;;;;;;;0;;1;;
06/07/2018;19:01:00;529;com vítima;541,2;BR-153/GO;Sul;Queda de Moto;;;;1;;;;;;;1;;1;;
06/07/2018;19:15:00;532;com vítima;25,093;BR-060/DF;Sul;Queda de Ciclista;;1;;;;;;;;;0;1;;;
06/07/2018;20:22:00;563;com vítima;506,659;BR-153/GO;Norte;Queda de Moto;;;;1;;;;;;;0;1;;;
07/07/2018;00:13:00;3;com vítima;508,3;BR-153/GO;Sul;Queda de Moto;;;;1;;;;;;;0;1;;;
07/07/2018;01:12:00;21;sem vítima;34,5;BR-060/GO;Sul;Choque - Defensa, barreira ou "submarino";1;;;;;;;;;;1;;;;
07/07/2018;01:30:00;25;sem vítima;132,8;BR-060/GO;Norte;Capotamento;1;;;;;;;;;;1;;;;
07/07/2018;05:44:00;71;sem vítima;95,001;BR-060/GO;Norte;Colisão Transversal;1;;;1;;;;;;;2;;;;
07/07/2018;08:44:00;148;sem vítima;38,438;BR-060/GO;Norte;Colisão Lateral;1;;1;;;;;;;;2;;;;
07/07/2018;09:21:00;181;sem vítima;731;BR-262/MG;Oeste;Tombamento;;;;;;;;;;1;1;;;;
07/07/2018;10:56:00;252;com vítima;238,9;BR-153/MG;Sul;Tombamento;;;1;;;;;;;;0;;1;;
07/07/2018;11:34:00;278;com vítima;361;BR-262/MG;Leste;Colisão Lateral;1;;;1;;;;;;;1;2;;;
07/07/2018;11:57:00;293;sem vítima;437;BR-262/MG;Oeste;Colisão Traseira;2;;;;;;;;;;2;;;;
07/07/2018;12:49:00;318;sem vítima;67,4;BR-060/GO;Norte;Capotamento;1;;;;;;;;;;1;;;;
07/07/2018;13:30:00;341;sem vítima;8;BR-153/MG;Sul;Choque - Elemento de Drenagem;1;;;;;;;;;;1;;;;
07/07/2018;14:36:00;364;sem vítima;13,001;BR-060/GO;Norte;Colisão Traseira;1;;1;;;;;;;;2;;;;
07/07/2018;15:33:00;397;com vítima;71,7;BR-060/GO;Sul;Capotamento;1;;;;;;;;;;0;1;;;
07/07/2018;16:46:00;432;sem vítima;514,5;BR-153/GO;Norte;Colisão Traseira;1;;;;;;;;;1;2;;;;
07/07/2018;18:08:00;478;sem vítima;365,53;BR-262/MG;Leste;Tombamento;2;;;;;;;;;;2;;;;
07/07/2018;18:21:00;488;com vítima;101;BR-060/GO;Sul;Queda de Moto;;;;1;;;;;;;0;;1;;
07/07/2018;19:10:00;509;sem vítima;539,106;BR-153/GO;Sul;Choque - Talude;;;1;;;;;;;;1;;;;
07/07/2018;19:27:00;520;com vítima;533;BR-153/GO;Norte;Queda de Moto;;;;1;;;;;;;0;1;;;
07/07/2018;21:52:00;569;com vítima;137,15;BR-060/GO;Sul;Colisão Traseira;1;;;1;;;;;;;1;;1;;