data;horario;n_da_ocorrencia;tipo_de_ocorrencia;km;trecho;sentido;tipo_de_acidente;automovel;bicicleta;caminhao;moto;onibus;outros;tracao_animal;transporte_de_cargas_especiais;trator_maquinas;utilitarios;ilesos;levemente_feridos;moderadamente_feridos;gravemente_feridos;mortos
07/07/2018;22:23:00;579;com vítima;566,671;BR-262/MG;Oeste;Atropelamento - Morador;1;;;;;;;;;;1;;1;;
08/07/2018;04:05:00;43;com vítima;514,024;BR-153/GO;Sul;Queda de Moto;;;;1;;;;;;;0;1;;;
08/07/2018;04:37:00;53;sem vítima;2,1;BR-153/MG;Sul;Choque - Suporte de Sinalização;1;;;;;;;;;;1;;;;
08/07/2018;04:42:00;54;sem vítima;92,5;BR-060/GO;Norte;Choque - Defensa, barreira ou "submarino";1;;;;;;;;;;1;;;;
08/07/2018;06:31:00;78;sem vítima;45;BR-060/GO;Sul;Saida de Pista;1;;;;;;;;;;1;;;;
08/07/2018;07:04:00;94;com vítima;58,4;BR-060/GO;Sul;Capotamento;1;;;;;;;;;;0;2;;;
08/07/2018;14:23:00;297;com vítima;685;BR-153/GO;Sul;Queda de Moto;;;;1;;;;;;;0;2;;;
08/07/2018;16:01:00;335;com vítima;435,2;BR-262/MG;Oeste;Colisão Lateral;1;;;1;;;;;;;2;;2;;
08/07/2018;17:21:00;387;com vítima;492;BR-262/MG;Oeste;Colisão Transversal;2;;;;;;;;;;3;;1;;
08/07/2018;19:17:00;452;sem vítima;446;BR-262/MG;Leste;Capotamento;;;;;;;;;;1;1;;;;
08/07/2018;20:06:00;482;sem vítima;461;BR-262/MG;Leste;Colisão Lateral;2;;;;;;;;;;5;;;;
08/07/2018;22:25:00;533;sem vítima;564;BR-262/MG;Leste;Atropelamento de Animal;1;;;;;;;;;;1;;;;
09/07/2018;04:29:00;36;sem vítima;585,6;BR-153/GO;Norte;Colisão Traseira;1;;1;;;;;;;;4;;;;
09/07/2018;08:28:00;104;sem vítima;533;BR-262/MG;Leste;Capotamento;1;;;;;;;;;;2;;;;
09/07/2018;09:14:00;131;sem vítima;112;BR-153/MG;Sul;Colisão Transversal;2;;;;;;;;;;2;;;;
09/07/2018;09:25:00;137;sem vítima;413;BR-262/MG;Oeste;Saida de Pista;1;;;;;;;;;;1;;;;
09/07/2018;10:13:00;174;com vítima;388;BR-262/MG;Oeste;Colisão Traseira;2;;;;;;;;;;4;1;;;
09/07/2018;15:40:00;351;com vítima;146,3;BR-153/MG;Sul;Colisão Traseira;;;1;;1;;;;;;1;1;;;
09/07/2018;16:40:00;399;sem vítima;43;BR-060/GO;Norte;Colisão Traseira;1;;1;;;;;;;;2;;;;
09/07/2018;17:40:00;430;com vítima;511,603;BR-153/GO;Sul;Colisão Lateral;;;1;1;;;;;;;1;;;;1
09/07/2018;18:22:00;454;sem vítima;30,1;BR-060/DF;Sul;Saida de Pista;1;;;;;;;;;;1;;;;
09/07/2018;18:35:00;460;sem vítima;501,12;BR-153/GO;Sul;Colisão Lateral;1;;;1;;;;;;;2;;;;
09/07/2018;19:01:00;471;sem vítima;508;BR-153/GO;Norte;Engavetamento;5;;;;;;;;;;8;;;;
09/07/2018;19:16:00;477;sem vítima;96;BR-060/GO;Sul;Colisão Traseira;1;;1;;;;;;;;2;;;;
09/07/2018;19:56:00;493;sem vítima;6;BR-060/DF;Sul;Choque - Poste;1;;;;;;;;;;1;;;;
09/07/2018;20:02:00;494;com vítima;101;BR-060/GO;Norte;Colisão Traseira;1;;;;;1;;;;;2;1;;;
10/07/2018;08:16:00;103;sem vítima;496,6;BR-153/GO;Sul;Colisão Traseira;2;;;;;;;;;;2;;;;
10/07/2018;14:45:00;330;sem vítima;506,2;BR-153/GO;Norte;Colisão Traseira;;;1;;1;;;;;;3;;;;
10/07/2018;17:11:00;404;sem vítima;490,4;BR-153/GO;Sul;Colisão Lateral;1;;1;;;;;;;;2;;;;
10/07/2018;19:57:00;491;sem vítima;441,071;BR-262/MG;Leste;Colisão Lateral;3;;;;;;;;;;3;;;;
10/07/2018;19:58:00;492;com vítima;78;BR-153/MG;Norte;Queda de Moto;;;1;1;;;;;;;1;1;;;
11/07/2018;02:12:00;26;sem vítima;401,172;BR-262/MG;Leste;Choque - Defensa, barreira ou "submarino";1;;;;;;;;;;1;;;;
11/07/2018;04:51:00;46;sem vítima;441;BR-262/MG;Leste;Colisão Traseira;1;;2;;;;;;;;5;;;;
11/07/2018;08:32:00;118;sem vítima;114,8;BR-060/GO;Sul;Choque - Outros;1;;;;;;;;;;1;;;;
11/07/2018;08:55:00;131;sem vítima;490,4;BR-153/GO;Sul;Colisão Traseira;2;;;;;;;;;;2;;;;
11/07/2018;09:25:00;151;com vítima;94,8;BR-060/GO;Sul;Atropelamento - Usuário;1;;;;;;;;;;1;1;;;
11/07/2018;10:04:00;176;sem vítima;94,6;BR-060/GO;Sul;Colisão Traseira;2;;;;;;;;;;2;;;;
11/07/2018;12:32:00;260;com vítima;514,2;BR-153/GO;Sul;Colisão Transversal;1;;;1;;;;;;;1;;1;;
11/07/2018;20:07:00;491;com vítima;96,799;BR-153/MG;Sul;Atropelamento - Morador;;;;;;1;;;;;1;;;;1
11/07/2018;22:06:00;533;sem vítima;490,668;BR-262/MG;Leste;Colisão Lateral;2;;;;;;;;;;2;;;;
11/07/2018;22:57:00;547;sem vítima;100,203;BR-060/GO;Norte;Tombamento;;;1;;;;;;;;1;;;;
12/07/2018;07:02:00;141;com vítima;783,5;BR-262/MG;Leste;Colisão Traseira;1;;;;;;;;;1;0;3;;;
12/07/2018;08:36:00;198;com vítima;421;BR-262/MG;Leste;Colisão Lateral;1;;1;;;;;;;;2;1;;;
12/07/2018;10:36:00;275;sem vítima;486;BR-262/MG;Oeste;Colisão Traseira;2;;;;;;;;;;2;;;;
12/07/2018;11:42:00;314;sem vítima;88,9;BR-060/GO;Norte;Colisão Lateral;2;;;;;;;;;;2;;;;
12/07/2018;12:04:00;323;com vítima;810;BR-262/MG;Leste;Colisão Traseira;1;;;1;;;;;;;1;;1;;
12/07/2018;18:49:00;522;sem vítima;500;BR-153/GO;Sul;Colisão Traseira;1;;1;;;;;;;;3;;;;
12/07/2018;19:43:00;547;sem vítima;546,334;BR-262/MG;Oeste;Atropelamento de Animal;;;1;;;;;;;;1;;;;
12/07/2018;21:51:00;582;sem vítima;427;BR-262/MG;Leste;Colisão Traseira;;;2;;;;;;;;2;;;;
13/07/2018;03:10:00;27;com vítima;395,711;BR-262/MG;Leste;Colisão Traseira;1;;1;;;;;;;;1;;1;;
13/07/2018;04:22:00;36;com vítima;451,416;BR-262/MG;Oeste;Capotamento;1;;;;;;;;;;0;1;;;
13/07/2018;06:47:00;63;sem vítima;107,8;BR-060/GO;Sul;Tombamento;;;1;;;;;;;;1;;;;
13/07/2018;07:43:00;77;sem vítima;508,1;BR-153/GO;Norte;Engavetamento;1;;;1;;;;;;1;4;;;;
13/07/2018;08:06:00;90;com vítima;137,8;BR-153/MG;Sul;Colisão Lateral;;;2;;;;;;;;0;2;;;
13/07/2018;08:23:00;95;com vítima;530;BR-153/GO;Sul;Atropelamento - Ambulante;;;1;;;;;;;;1;;;1;
13/07/2018;09:35:00;127;com vítima;630;BR-262/MG;Leste;Colisão Traseira;1;;;;;;;;;1;2;3;;;
13/07/2018;11:16:00;200;sem vítima;59,025;BR-060/GO;Sul;Capotamento;1;;1;;;;;;;;2;;;;
13/07/2018;11:17:00;201;sem vítima;79,2;BR-060/GO;Sul;Capotamento;1;;;;;;;;;;1;;;;
13/07/2018;13:01:00;265;sem vítima;395,5;BR-262/MG;Oeste;Capotamento;1;;;;;;;;;;2;;;;
13/07/2018;13:08:00;270;com vítima;95,8;BR-060/GO;Sul;Colisão Frontal;2;;;1;;;;;;;2;;1;;
13/07/2018;13:40:00;283;sem vítima;376,9;BR-262/MG;Oeste;Saida de Pista;1;;;;;;;;;;1;;;;
13/07/2018;15:46:00;352;com vítima;591,5;BR-153/GO;Norte;Colisão Lateral;1;;1;;;;;;;;1;3;1;;
13/07/2018;15:52:00;355;com vítima;6,6;BR-153/MG;Norte;Queda de Moto;;;;1;;;;;;;0;;;1;
13/07/2018;17:27:00;426;com vítima;521;BR-153/GO;Norte;Queda de Moto;1;;;1;;;;;;;1;1;;;
13/07/2018;18:40:00;475;com vítima;90,568;BR-060/GO;Norte;Atropelamento - Morador;1;;;;;;;;;;1;;1;;
13/07/2018;20:05:00;510;sem vítima;502;BR-153/GO;Norte;Colisão Lateral;;;1;1;;;;;;;2;;;;
13/07/2018;21:57:00;541;sem vítima;567,5;BR-262/MG;Leste;Saida de Pista;;;1;;;;;;;;1;;;;
13/07/2018;23:03:00;559;com vítima;154,9;BR-153/MG;Sul;Choque - Arvore;1;;;;;;;;;;0;1;;;
14/07/2018;00:42:00;9;sem vítima;115;BR-060/GO;Sul;Saida de Pista;1;;;;;;;;;;5;;;;
14/07/2018;04:42:00;55;com vítima;381,641;BR-262/MG;Oeste;Capotamento;1;;;;;;;;;;4;1;;;
14/07/2018;06:05:00;66;com vítima;517,2;BR-153/GO;Sul;Capotamento;1;;;;;;;;;;1;;1;;
14/07/2018;07:41:00;89;com vítima;105,3;BR-060/GO;Sul;Choque - Elemento de Drenagem;1;;;;;;;;;;2;1;;;
14/07/2018;07:46:00;91;sem vítima;600;BR-262/MG;Leste;Colisão Traseira;1;;1;;;;;;;;5;;;;
14/07/2018;08:00:00;103;sem vítima;129,3;BR-060/GO;Sul;Capotamento;1;;;;;;;;;;3;;;;
14/07/2018;09:22:00;161;com vítima;16,3;BR-153/MG;Sul;Tombamento;;;1;;;;;;;;0;1;;;
14/07/2018;09:25:00;162;sem vítima;107,9;BR-060/GO;Norte;Colisão Traseira;2;;;;;;;;;;5;;;;
14/07/2018;11:49:00;264;sem vítima;547;BR-262/MG;Leste;Choque - Elemento de Drenagem;1;;;;;;;;;;3;;;;
14/07/2018;13:02:00;307;com vítima;611,8;BR-153/GO;Norte;Capotamento;1;;;;;;;;;;0;1;1;;
14/07/2018;13:36:00;331;sem vítima;506,3;BR-153/GO;Norte;Colisão Lateral;2;;;;;;;;;;2;;;;
14/07/2018;14:57:00;375;sem vítima;60,8;BR-060/GO;Norte;Colisão Traseira;2;;;;;;;;;;2;;;;
14/07/2018;15:40:00;415;com vítima;466;BR-262/MG;Leste;Queda de Moto;;;;1;;;;;;;0;1;;;
14/07/2018;17:43:00;501;sem vítima;28;BR-060/GO;Norte;Choque - Talude;1;;;;;;;;;;1;;;;
14/07/2018;18:30:00;531;com vítima;696;BR-153/GO;Sul;Queda de Moto;;;;1;;;;;;;0;1;;;
14/07/2018;20:27:00;596;sem vítima;438;BR-262/MG;Leste;Queda de Moto;;;;1;;;;;;;1;;;;
14/07/2018;21:23:00;620;sem vítima;395;BR-262/MG;Oeste;Choque - Defensa, barreira ou "submarino";1;;;;;;;;;;1;;;;
14/07/2018;21:27:00;622;com vítima;502;BR-153/GO;Sul;Queda de Moto;;;;1;;;;;;;0;2;;;
14/07/2018;23:04:00;647;com vítima;227;BR-153/MG;Sul;Colisão Traseira;;;1;;;;;;;1;3;1;;;
14/07/2018;23:10:00;650;sem vítima;411;BR-262/MG;Oeste;Atropelamento de Animal;;;;;1;;;;;;55;;;;
15/07/2018;00:45:00;16;com vítima;574;BR-262/MG;Leste;Capotamento;1;;;;;;;;;;0;1;;;
15/07/2018;04:41:00;72;sem vítima;549;BR-262/MG;Oeste;Tombamento;;;1;;;;;;;;1;;;;
15/07/2018;06:44:00;93;sem vítima;428,065;BR-262/MG;Oeste;Capotamento;1;;;;;;;;;;1;;;;
15/07/2018;08:30:00;135;com vítima;58,799;BR-153/MG;Norte;Colisão Frontal;1;;1;;;;;;;;1;3;;;
15/07/2018;09:14:00;159;com vítima;602,3;BR-262/MG;Oeste;Capotamento;1;;;;;;;;;;0;3;;;
15/07/2018;09:42:00;172;com vítima;18,899;BR-060/DF;Norte;Colisão Traseira;1;;;1;;;;;;;1;;1;;
15/07/2018;10:43:00;213;sem vítima;394;BR-262/MG;Oeste;Colisão Lateral;1;;;;;;;;;1;2;;;;
15/07/2018;17:29:00;457;com vítima;803,37;BR-262/MG;Leste;Queda de Moto;;;;1;;;;;;;0;1;;;
15/07/2018;18:08:00;475;sem vítima;73,7;BR-153/MG;Norte;Colisão Lateral;;;2;;;;;;;;2;;;;
15/07/2018;18:23:00;486;sem vítima;379,001;BR-262/MG;Oeste;Saida de Pista;1;;;;;;;;;;1;;;;
15/07/2018;19:19:00;516;sem vítima;5,099;BR-060/DF;Sul;Choque - Elemento de Drenagem;1;;;;;;;;;;1;;;;
15/07/2018;19:24:00;519;com vítima;715,2;BR-262/MG;Leste;Queda de Moto;;;;1;;;;;;;0;;1;;
15/07/2018;21:52:00;575;sem vítima;356,771;BR-262/MG;Leste;Atropelamento de Animal;3;;;;;;;;;;3;;;;
15/07/2018;22:36:00;584;sem vítima;1,8;BR-153/MG;Sul;Choque - Suporte de Sinalização;1;;;;;;;;;;1;;;;
16/07/2018;00:39:00;8;com vítima;442,87;BR-262/MG;Oeste;Atropelamento - Andarilho;;;;;1;;;;;;42;;;;1
16/07/2018;02:05:00;26;com vítima;507,399;BR-153/GO;Sul;Atropelamento de Animal;;;;1;;;;;;;0;1;;;
16/07/2018;07:17:00;91;sem vítima;636,2;BR-153/GO;Sul;Saida de Pista;1;;;;;;;;;;1;;;;
16/07/2018;07:47:00;104;com vítima;510,6;BR-153/GO;Norte;Colisão Lateral;1;;;1;;;;;;;3;1;1;;
16/07/2018;10:13:00;219;sem vítima;406,6;BR-262/MG;Oeste;Colisão Traseira;;;2;;;;;;;;2;;;;
16/07/2018;11:34:00;275;sem vítima;109,54;BR-060/GO;Sul;Colisão Lateral;1;;1;;;;;;;;2;;;;
16/07/2018;12:26:00;303;sem vítima;389;BR-262/MG;Leste;Choque - Defensa, barreira ou "submarino";;;1;;;;;;;;1;;;;
16/07/2018;13:33:00;340;sem vítima;511,6;BR-153/GO;Norte;Queda de Moto;;;;1;;;;;;;1;;;;
16/07/2018;14:52:00;384;com vítima;401;BR-262/MG;Leste;Atropelamento - Outros;1;;1;;;;;;;;1;;1;;
16/07/2018;17:23:00;469;com vítima;463;BR-262/MG;Oeste;Colisão Traseira;;;1;1;;;;;;;2;;1;;
16/07/2018;17:39:00;478;com vítima;421;BR-262/MG;Leste;Capotamento;1;;;;;;;;;;0;;1;1;
16/07/2018;18:57:00;508;com vítima;462,389;BR-262/MG;Leste;Colisão Traseira;;;;1;;1;;;;;1;;1;;
16/07/2018;19:04:00;513;sem vítima;96,803;BR-060/GO;Norte;Engavetamento;3;;;;;;;;;;3;;;;
16/07/2018;19:37:00;524;sem vítima;429;BR-262/MG;Leste;Tombamento;;;1;;;;;;;;1;;;;
17/07/2018;00:06:00;2;sem vítima;497;BR-262/MG;Leste;Colisão Traseira;;;3;;;;;;;;3;;;;
17/07/2018;00:28:00;5;sem vítima;56,8;BR-060/GO;Norte;Saida de Pista;1;;;;;;;;;;1;;;;
17/07/2018;15:57:00;439;com vítima;27;BR-153/MG;Norte;Colisão Frontal;1;;1;;;;;;;;0;1;;;2
17/07/2018;17:01:00;476;sem vítima;96,5;BR-060/GO;Norte;Engavetamento;3;;;;;;;;;;3;;;;
17/07/2018;17:48:00;500;sem vítima;30,3;BR-060/GO;Sul;Colisão Traseira;1;;1;;;;;;;;2;;;;
17/07/2018;18:50:00;532;com vítima;506;BR-153/GO;Norte;Colisão Traseira;1;;;1;;;;;;;1;;1;;
17/07/2018;18:56:00;537;sem vítima;675,4;BR-153/GO;Sul;Atropelamento - Andarilho;;1;;;1;;;;;;2;;;;
17/07/2018;19:39:00;556;sem vítima;505,83;BR-153/GO;Sul;Engavetamento;3;;;;;;;;;;3;;;;
17/07/2018;20:02:00;564;sem vítima;817,368;BR-262/MG;Leste;Saida de Pista;;;;;;1;;;;1;4;;;;
17/07/2018;20:26:00;573;sem vítima;3;BR-060/DF;Sul;Saida de Pista;1;;;;;;;;;;1;;;;
18/07/2018;06:13:00;44;com vítima;27,9;BR-060/GO;Sul;Colisão Traseira;;;2;;;;;;;;1;1;;;
18/07/2018;08:06:00;91;sem vítima;28,05;BR-060/GO;Norte;Colisão Traseira;2;;;;;;;;;;2;;;;
18/07/2018;10:31:00;216;sem vítima;101,001;BR-060/GO;Norte;Colisão Transversal;2;;;;;;;;;;2;;;;
18/07/2018;10:33:00;219;sem vítima;612;BR-153/GO;Sul;Capotamento;1;;;;;;;;;;5;;;;
18/07/2018;11:37:00;277;sem vítima;473,213;BR-262/MG;Oeste;Colisão Traseira;1;;1;;;;;;;;2;;;;
18/07/2018;14:05:00;368;sem vítima;505,7;BR-153/GO;Sul;Colisão Traseira;1;;;1;;;;;;;2;;;;
18/07/2018;17:08:00;509;sem vítima;224;BR-153/MG;Norte;;1;;;;;;;;;;1;;;;
18/07/2018;17:19:00;515;com vítima;412,968;BR-262/MG;Leste;Colisão Traseira;;;;2;;;;;;;1;1;;;
19/07/2018;03:51:00;38;sem vítima;515,799;BR-153/GO;Norte;Choque - Suporte de Sinalização;1;;;;;;;;;;1;;;;
19/07/2018;06:50:00;79;sem vítima;394,7;BR-262/MG;Leste;Saida de Pista;;;2;;;;;;;;2;;;;
19/07/2018;07:44:00;98;sem vítima;493,5;BR-153/GO;Norte;Colisão Lateral;1;;1;;;;;;;;2;;;;
19/07/2018;08:17:00;114;com vítima;629;BR-153/GO;Norte;Capotamento;1;;;;;;;;;;0;;;1;
19/07/2018;08:19:00;115;sem vítima;495,9;BR-153/GO;Sul;Colisão Traseira;;;2;;;;;;;;2;;;;
19/07/2018;09:45:00;166;sem vítima;496,4;BR-153/GO;Sul;Engavetamento;3;;1;;;;;;;;9;;;;
19/07/2018;13:51:00;316;sem vítima;147,7;BR-153/MG;Sul;Colisão Traseira;1;;1;;;;;;;;2;;;;
20/07/2018;02:13:00;33;sem vítima;622,269;BR-262/MG;Oeste;Colisão Traseira;;;2;;;;;;;;2;;;;
20/07/2018;12:39:00;351;sem vítima;685;BR-153/GO;Sul;Colisão Traseira;;;1;;1;;;;;;2;;;;
20/07/2018;14:29:00;411;com vítima;406,3;BR-262/MG;Leste;Choque - Objeto sobre a pista;1;;;1;;;;;;;1;1;;;
20/07/2018;14:52:00;426;sem vítima;14,699;BR-153/MG;Norte;Saida de Pista;1;;;;;;;;;;1;;;;
20/07/2018;15:36:00;453;sem vítima;579,9;BR-153/GO;Norte;Capotamento;1;;;;;;;;;;3;;;;
20/07/2018;17:13:00;507;sem vítima;128,1;BR-153/MG;Sul;Colisão Traseira;2;;;;;;;;;;2;;;;
20/07/2018;22:49:00;664;sem vítima;553,299;BR-153/GO;Norte;Tombamento;;;1;;;1;;;;;2;;;;
21/07/2018;03:30:00;43;sem vítima;529,189;BR-153/GO;Sul;Colisão Traseira;2;;;;;;;;;;4;;;;
21/07/2018;07:34:00;107;sem vítima;409,3;BR-262/MG;Oeste;Choque - Talude;1;;;;;;;;;;2;;;;
21/07/2018;07:45:00;111;com vítima;471;BR-262/MG;Leste;Colisão Traseira;1;;1;;;;;;;;4;2;;;
21/07/2018;08:50:00;144;com vítima;369;BR-262/MG;Leste;Queda de Moto;;;;1;;;;;;;0;1;1;;
21/07/2018;11:58:00;252;sem vítima;403,3;BR-262/MG;Oeste;Atropelamento de Animal;1;;;;;;;;;;1;;;;
21/07/2018;16:51:00;419;com vítima;18,7;BR-060/GO;Sul;Queda de Moto;;;;1;;;;;;;0;1;;;
21/07/2018;17:16:00;441;com vítima;136,8;BR-060/GO;Sul;Colisão Frontal;1;;;1;;;;;;;2;;;1;
21/07/2018;17:59:00;480;com vítima;12,5;BR-153/MG;Sul;Capotamento;1;;;;;;;;;;0;2;;;
21/07/2018;18:01:00;482;com vítima;541,074;BR-153/GO;Sul;Queda de Moto;;;;1;;;;;;;0;2;;;
21/07/2018;18:09:00;485;com vítima;97,7;BR-060/GO;Norte;Queda de Moto;;;;1;;;;;;;0;1;;;
21/07/2018;18:15:00;488;com vítima;509,2;BR-153/GO;Norte;Colisão Traseira;1;;;1;;;;;;;1;1;;;
21/07/2018;18:40:00;503;sem vítima;356;BR-262/MG;Leste;Colisão Traseira;2;;;;;;;;;;6;;;;
21/07/2018;18:54:00;507;com vítima;507,3;BR-153/GO;Norte;Colisão Traseira;2;;;;;;;;;;1;1;;;
21/07/2018;19:48:00;534;com vítima;513,7;BR-153/GO;Sul;Colisão Traseira;1;;;1;;;;;;;1;1;;;
21/07/2018;20:02:00;539;com vítima;113,599;BR-060/GO;Sul;Queda de Moto;;;;1;;;;;;;0;1;1;;
21/07/2018;21:25:00;554;sem vítima;28,1;BR-060/GO;Sul;Capotamento;1;;;;;;;;;;2;;;;
21/07/2018;21:55:00;562;sem vítima;97,995;BR-060/GO;Sul;Capotamento;1;;;;;;;;;;1;;;;
21/07/2018;23:02:00;584;sem vítima;449;BR-262/MG;Leste;Saida de Pista;1;;;;;;;;;;1;;;;
22/07/2018;03:39:00;33;sem vítima;408,567;BR-262/MG;Leste;Saida de Pista;1;;;;;;;;;;2;;;;
22/07/2018;06:41:00;62;sem vítima;364;BR-262/MG;Oeste;Choque - Arvore;1;;;;;;;;;;1;;;;
22/07/2018;10:16:00;182;com vítima;538,899;BR-153/GO;Sul;Choque - Outros;1;;;;;;;;;;2;1;;;
22/07/2018;12:58:00;276;sem vítima;437,78;BR-262/MG;Oeste;Colisão Traseira;2;;;;;;;;;;3;;;;
22/07/2018;14:43:00;348;sem vítima;366,3;BR-262/MG;Oeste;Tombamento;1;;;;;;;;;;1;;;;
22/07/2018;16:18:00;418;com vítima;572,846;BR-262/MG;Oeste;Choque - Talude;1;;;;;;;;;;3;1;1;;
22/07/2018;16:28:00;424;sem vítima;375,076;BR-262/MG;Oeste;Saida de Pista;;;;;;;;;;1;2;;;;
22/07/2018;17:00:00;443;sem vítima;516;BR-153/GO;Sul;Saida de Pista;1;;1;;;;;;;;2;;;;
22/07/2018;19:19:00;518;com vítima;521,5;BR-153/GO;Norte;Colisão Traseira;2;;;;;;;;;;3;1;;;
22/07/2018;19:53:00;534;sem vítima;5;BR-060/DF;Sul;Choque - Suporte de Sinalização;1;;;;;;;;;;1;;;;
22/07/2018;21:04:00;571;com vítima;118,4;BR-060/GO;Norte;Colisão Lateral;1;;;1;;;;;;;1;2;;;
22/07/2018;23:59:00;643;sem vítima;6,6;BR-060/DF;Norte;Choque - Poste;1;;;;;;;;;;1;;;;
22/07/2018;23:59:00;644;com vítima;504,1;BR-153/GO;Norte;Queda de Moto;;;;1;;;;;;;0;;;1;
23/07/2018;06:16:00;79;com vítima;459,934;BR-262/MG;Leste;Colisão Frontal;2;;1;;;;;;;;4;1;;1;3
23/07/2018;07:08:00;93;com vítima;102,831;BR-060/GO;Norte;Colisão Traseira;1;;;1;;;;;;;1;1;;;
23/07/2018;07:24:00;101;com vítima;678,371;BR-262/MG;Oeste;Choque - Talude;1;;;;;;;;;;0;3;1;;
23/07/2018;09:28:00;168;sem vítima;455;BR-262/MG;Oeste;Colisão Traseira;1;;1;;;;;;;;2;;;;
23/07/2018;09:29:00;170;com vítima;675,519;BR-153/GO;Sul;Tombamento;;;1;;;;;;;;0;1;;;
23/07/2018;13:07:00;351;com vítima;9,9;BR-060/DF;Norte;Capotamento;2;;;;;;;;;;1;1;;;
23/07/2018;14:24:00;384;sem vítima;780,127;BR-262/MG;Oeste;Capotamento;1;;1;;;;;;;;2;;;;
23/07/2018;15:25:00;423;com vítima;392,001;BR-262/MG;Oeste;Tombamento;;;1;;;;;;;;0;1;;;
23/07/2018;15:48:00;439;sem vítima;43;BR-060/GO;Sul;Colisão Traseira;2;;;;;;;;;;2;;;;
23/07/2018;16:38:00;460;com vítima;512,7;BR-153/GO;Sul;Objeto lançado contra veículo;;;;1;;;;;;;0;;;;1
23/07/2018;18:02:00;493;com vítima;509,4;BR-153/GO;Norte;Colisão Lateral;;;1;1;;;;;;;1;;1;;
23/07/2018;18:13:00;501;com vítima;96;BR-060/GO;Norte;Colisão Traseira;;;1;1;;;;;;;1;;1;;
23/07/2018;19:00:00;514;sem vítima;497,9;BR-153/GO;Norte;Colisão Traseira;2;;;;;;;;;;2;;;;
23/07/2018;21:23:00;584;com vítima;505;BR-153/GO;Sul;Queda de Moto;;;;1;;;;;;;0;1;;;
23/07/2018;22:46:00;616;com vítima;536,368;BR-262/MG;Oeste;Queda de Moto;;;;1;;;;;;;0;1;;;
24/07/2018;08:33:00;130;sem vítima;600;BR-262/MG;Oeste;Colisão Traseira;;;2;;;;;;;;2;;;;
24/07/2018;11:03:00;272;com vítima;580;BR-262/MG;Oeste;Choque - Outros;;;;1;;;;;;;0;;1;;
24/07/2018;14:06:00;373;com vítima;506,7;BR-153/GO;Sul;Engavetamento;1;;3;1;1;;;;;2;38;2;;;
24/07/2018;18:46:00;549;sem vítima;507,778;BR-153/GO;Sul;Capotamento;1;;1;;;;;;;;3;;;;
24/07/2018;19:58:00;580;com vítima;507,77;BR-153/GO;Sul;Colisão Lateral;;;;1;;1;;;;;1;1;;;
24/07/2018;23:41:00;648;sem vítima;568,6;BR-153/GO;Norte;Capotamento;1;;;;;;;;;;1;;;;
25/07/2018;04:42:00;35;com vítima;9,472;BR-060/GO;Sul;Capotamento;1;;;;;;;;;;1;1;;2;
25/07/2018;05:35:00;45;com vítima;542;BR-262/MG;Leste;Tombamento;;;1;;;;;;;;0;1;;;
25/07/2018;08:14:00;107;com vítima;101,625;BR-060/GO;Norte;Colisão Lateral;1;;;1;;;;;;;1;1;;;
25/07/2018;08:33:00;125;com vítima;596;BR-262/MG;Oeste;Colisão Lateral;1;;1;;;;;;;;4;2;;;
25/07/2018;09:17:00;155;sem vítima;118;BR-060/GO;Sul;Colisão Lateral;2;;;;;;;;;;2;;;;
25/07/2018;16:05:00;388;sem vítima;94,794;BR-060/GO;Norte;Colisão Transversal;2;;;;;;;;;;2;;;;
25/07/2018;19:46:00;490;com vítima;510,616;BR-153/GO;Norte;Queda de Moto;;;;1;;;;;;;0;1;;;
25/07/2018;20:05:00;524;com vítima;510,616;BR-153/GO;Norte;Queda de Moto;;;;1;;;;;;;0;1;;;
25/07/2018;20:58:00;535;sem vítima;590;BR-262/MG;Oeste;Colisão Traseira;;;2;;;;;;;;2;;;;
26/07/2018;02:12:00;24;sem vítima;225,5;BR-153/MG;Norte;Choque - Suporte de Sinalização;;;;;;;;;;1;1;;;;
26/07/2018;05:51:00;62;sem vítima;121;BR-153/MG;Sul;Colisão Traseira;1;;1;;;;;;;;4;;;;
26/07/2018;06:08:00;65;com vítima;97,3;BR-060/GO;Sul;Colisão Traseira;2;;;;;;;;;;2;1;;;
26/07/2018;09:57:00;187;sem vítima;444,9;BR-262/MG;Leste;Colisão Traseira;1;;;1;;;;;;;2;;;;
26/07/2018;14:38:00;382;sem vítima;539,9;BR-262/MG;Leste;Colisão Traseira;1;;1;;;;;;;;2;;;;
26/07/2018;16:11:00;438;com vítima;558,006;BR-262/MG;Leste;Colisão Frontal;2;;;;;;;;;;0;2;2;;
26/07/2018;17:08:00;473;com vítima;93;BR-060/GO;Sul;Choque - Defensa, barreira ou "submarino";;;;1;;;;;;;0;1;;;
26/07/2018;19:08:00;538;sem vítima;360,001;BR-262/MG;Oeste;Colisão Traseira;1;;1;;;;;;;;2;;;;
26/07/2018;19:08:00;539;sem vítima;417,076;BR-262/MG;Leste;Capotamento;;;;;;;;;;1;2;;;;
27/07/2018;04:18:00;61;sem vítima;563,2;BR-153/GO;Norte;Choque - Talude;1;;;;;;;;;;1;;;;
27/07/2018;05:21:00;67;sem vítima;126,799;BR-060/GO;Norte;Choque - Objeto sobre a pista;2;;1;;;;;;;;3;;;;
27/07/2018;06:26:00;86;sem vítima;553,7;BR-262/MG;Leste;Choque - Talude;;;1;;;;;;;;1;;;;
27/07/2018;06:44:00;91;com vítima;662,356;BR-153/GO;Sul;Capotamento;1;;;;;;;;;;0;1;;;