data;horario;n_da_ocorrencia;tipo_de_ocorrencia;km;trecho;sentido;tipo_de_acidente;automovel;bicicleta;caminhao;moto;onibus;outros;tracao_animal;transporte_de_cargas_especiais;trator_maquinas;utilitarios;ilesos;levemente_feridos;moderadamente_feridos;gravemente_feridos;mortos
27/07/2018;06:58:00;96;com vítima;244,556;BR-153/MG;Norte;Colisão Lateral;;;;1;;;;;;1;0;2;;;
27/07/2018;09:28:00;183;com vítima;500;BR-153/GO;Norte;Colisão Traseira;1;;1;;;;;;;;2;1;;;
27/07/2018;14:28:00;387;sem vítima;448;BR-262/MG;Leste;Colisão Lateral;1;;1;;;;;;;;2;;;;
27/07/2018;17:28:00;492;com vítima;509;BR-153/GO;Norte;Atropelamento - Ciclista;1;1;;;;;;;;;1;1;;;
27/07/2018;19:39:00;559;sem vítima;693,99;BR-262/MG;Oeste;Colisão Lateral;1;;1;;;;;;;;2;;;;
27/07/2018;20:25:00;583;sem vítima;500,699;BR-153/GO;Norte;Colisão Lateral;1;;1;;;;;;;;2;;;;
27/07/2018;20:28:00;587;sem vítima;500;BR-153/GO;Norte;Colisão Lateral;1;;1;;;;;;;;2;;;;
28/07/2018;00:08:00;2;com vítima;496;BR-153/GO;Sul;Colisão Traseira;1;;;1;;;;;;;1;1;;;
28/07/2018;03:11:00;47;sem vítima;12;BR-153/MG;Norte;Atropelamento de Animal;1;;;;;;;;;;2;;;;
28/07/2018;06:12:00;80;sem vítima;423;BR-262/MG;Oeste;Choque - Arvore;1;;;;;;;;;;2;;;;
28/07/2018;08:01:00;123;sem vítima;23,2;BR-060/GO;Norte;Capotamento;1;;;;;;;;;;3;;;;
28/07/2018;10:56:00;215;sem vítima;591,8;BR-153/GO;Norte;Saida de Pista;1;;;;;;;;;;4;;;;
28/07/2018;14:08:00;318;sem vítima;799;BR-262/MG;Leste;Colisão Traseira;1;;1;;;;;;;;3;;;;
28/07/2018;16:44:00;420;sem vítima;15,5;BR-153/MG;Norte;Capotamento;1;;;;;;;;;;2;;;;
28/07/2018;18:15:00;470;sem vítima;9;BR-060/GO;Sul;Queda de Moto;;;;1;;;;;;;1;;;;
28/07/2018;19:38:00;506;com vítima;236;BR-153/MG;Sul;Colisão Lateral;2;;;;;;;;;;0;3;;;
28/07/2018;20:28:00;524;com vítima;666,732;BR-153/GO;Sul;Choque - Suporte de Sinalização;;;1;;;;;;;;0;1;;;
28/07/2018;21:15:00;538;com vítima;514,245;BR-153/GO;Norte;Colisão Traseira;1;;;;1;;;;;;4;;;1;
28/07/2018;21:40:00;546;com vítima;88;BR-153/MG;Sul;Saida de Pista;1;;;;;;;;;;0;;1;;
28/07/2018;22:27:00;564;sem vítima;26;BR-060/GO;Norte;Carreta deu L;;;1;;;;;;;;1;;;;
28/07/2018;22:38:00;565;com vítima;598;BR-153/GO;Sul;Choque - Talude;1;;;;;;;;;;0;1;;;
29/07/2018;02:03:00;24;com vítima;12,099;BR-060/DF;Norte;Queda de Moto;;;;1;;;;;;;0;;;;1
29/07/2018;05:35:00;59;sem vítima;22,468;BR-060/DF;Sul;Capotamento;1;;;;;;;;;;1;;;;
29/07/2018;07:46:00;94;com vítima;23;BR-153/MG;Sul;Capotamento;1;;;;;;;;;;0;2;;;
29/07/2018;09:07:00;134;com vítima;511;BR-262/MG;Leste;Colisão Frontal;2;;;;;;;;;;2;;1;;
29/07/2018;10:07:00;167;com vítima;875,188;BR-262/MG;Leste;Saida de Pista;1;;;;;;;;;;1;;1;;
29/07/2018;10:55:00;195;com vítima;670,299;BR-153/GO;Sul;Colisão Traseira;;;1;1;;;;;;;1;;;;1
29/07/2018;13:02:00;265;com vítima;496,8;BR-153/GO;Sul;Queda de Moto;;;;1;;;;;;;1;1;;;
29/07/2018;14:08:00;291;sem vítima;4,3;BR-060/GO;Norte;Saida de Pista;1;;;;;;;;;;1;;;;
29/07/2018;16:50:00;405;com vítima;501,07;BR-153/GO;Norte;Queda de Moto;;;;1;;;;;;;1;1;;;
29/07/2018;17:20:00;426;com vítima;4;BR-060/DF;Norte;Colisão Traseira;2;;;;;;;;;;1;3;;;
29/07/2018;18:04:00;461;sem vítima;365,5;BR-262/MG;Leste;Colisão Traseira;2;;;;;;;;;;2;;;;
29/07/2018;18:44:00;488;com vítima;387;BR-262/MG;Oeste;Queda de Moto;;;;1;;;;;;;0;2;;;
29/07/2018;19:15:00;502;sem vítima;394;BR-262/MG;Oeste;Colisão Transversal;1;;;;;1;;;;;2;;;;
29/07/2018;20:54:00;544;com vítima;21,585;BR-153/MG;Sul;Colisão Traseira;1;;1;;;;;;;;1;1;;;
29/07/2018;22:58:00;590;com vítima;368,3;BR-262/MG;Oeste;Choque - Suporte de Sinalização;;;;1;;;;;;;0;;1;;
30/07/2018;04:51:00;34;sem vítima;706,829;BR-262/MG;Oeste;Tombamento;;;1;;;;;;;;1;;;;
30/07/2018;07:31:00;76;sem vítima;409;BR-262/MG;Leste;Colisão Lateral;;;2;;;;;;;;2;;;;
30/07/2018;08:12:00;100;sem vítima;496,1;BR-153/GO;Sul;Engavetamento;3;;;;;;;;;;3;;;;
30/07/2018;10:04:00;175;sem vítima;506,5;BR-153/GO;Norte;Colisão Traseira;;;;;;;;;;2;2;;;;
30/07/2018;14:15:00;379;sem vítima;501,7;BR-153/GO;Norte;Colisão Lateral;1;;1;;;;;;;;2;;;;
30/07/2018;14:47:00;397;sem vítima;382,043;BR-262/MG;Oeste;Choque - Suporte de Sinalização;1;;;;;;;;;;1;;;;
30/07/2018;15:41:00;435;sem vítima;539,5;BR-153/GO;Sul;Queda de Ciclista;;;;1;;;;;;;1;;;;
30/07/2018;16:56:00;483;com vítima;364,6;BR-262/MG;Oeste;Tombamento;;;1;;1;;;;;;6;;1;;
30/07/2018;17:27:00;506;sem vítima;19,7;BR-060/GO;Sul;Colisão Traseira;2;;;;;;;;;;2;;;;
30/07/2018;23:09:00;641;sem vítima;4;BR-060/DF;Sul;Colisão Traseira;2;;;;;;;;;;2;;;;
31/07/2018;01:48:00;32;com vítima;11;BR-153/MG;Sul;Capotamento;;;;;;;;;;1;0;1;;;
31/07/2018;07:39:00;123;com vítima;31,8;BR-060/GO;Sul;Colisão Transversal;;;1;;;;;;;1;1;1;;;
31/07/2018;08:05:00;141;sem vítima;500,001;BR-153/GO;Sul;Engavetamento;3;;;;;;;;;;5;;;;
31/07/2018;12:00:00;344;sem vítima;382,578;BR-262/MG;Oeste;Choque - Defensa, barreira ou "submarino";1;;;;;;;;;;1;;;;
31/07/2018;16:28:00;539;sem vítima;502,5;BR-153/GO;Norte;Colisão Lateral;2;;;;;;;;;;2;;;;
31/07/2018;16:40:00;547;sem vítima;719;BR-262/MG;Leste;Colisão Traseira;1;;;;;1;;;;;2;;;;
31/07/2018;20:08:00;688;sem vítima;607,2;BR-153/GO;Norte;Colisão Lateral;2;;;;;;;;;;2;;;;
01/08/2018;07:40:00;117;sem vítima;495,8;BR-153/GO;Sul;Colisão Traseira;2;;;;;;;;;;2;;;;
01/08/2018;09:12:00;173;com vítima;93,9;BR-060/GO;Norte;Queda de Moto;;;;1;;;;;;;0;;1;;
01/08/2018;11:46:00;322;com vítima;31,84;BR-060/GO;Norte;Colisão Transversal;1;;;1;;;;;;;1;1;;;
01/08/2018;13:03:00;357;sem vítima;565;BR-262/MG;Leste;Saida de Pista;1;;;;;;;;;;1;;;;
01/08/2018;16:55:00;497;sem vítima;110,2;BR-060/GO;Norte;Colisão Transversal;2;;;;;;;;;;4;;;;
01/08/2018;18:38:00;543;sem vítima;429,224;BR-262/MG;Leste;Choque - Defensa, barreira ou "submarino";1;;;;;;;;;;1;;;;
01/08/2018;21:41:00;612;sem vítima;504,272;BR-153/GO;Norte;Colisão Traseira;2;;;;;;;;;;2;;;;
01/08/2018;21:54:00;617;sem vítima;694;BR-262/MG;Leste;Saida de Pista;1;;;;;;;;;;1;;;;
01/08/2018;21:57:00;619;sem vítima;475;BR-262/MG;Leste;Saida de Pista;1;;;;;;;;;;1;;;;
02/08/2018;02:08:00;20;sem vítima;17,243;BR-153/MG;Norte;Tombamento;;;;;;;;;;1;1;;;;
02/08/2018;07:15:00;76;sem vítima;61,4;BR-060/GO;Norte;Colisão Lateral;1;;1;;;;;;;;2;;;;
02/08/2018;09:05:00;155;sem vítima;385;BR-262/MG;Leste;Capotamento;1;;;;;;;;;;1;;;;
02/08/2018;09:24:00;169;sem vítima;480;BR-262/MG;Oeste;Choque - Talude;;;1;;;;;;;;1;;;;
02/08/2018;09:56:00;194;com vítima;451;BR-262/MG;Leste;Queda de Ciclista;;;;1;;;;;;;0;1;;;
02/08/2018;10:02:00;201;sem vítima;637;BR-262/MG;Oeste;Saida de Pista;;;1;;;;;;;;1;;;;
02/08/2018;11:19:00;255;sem vítima;99;BR-060/GO;Sul;Colisão Traseira;;;1;;1;;;;;;2;;;;
02/08/2018;12:38:00;318;sem vítima;574;BR-262/MG;Leste;Colisão Transversal;;;1;;;;;;;;1;;;;
02/08/2018;12:38:00;319;sem vítima;377,3;BR-262/MG;Oeste;Saida de Pista;;;1;;;;;;;;1;;;;
02/08/2018;13:09:00;334;com vítima;430,9;BR-262/MG;Leste;Tombamento;;;1;;;;;;;;0;;;1;
02/08/2018;15:44:00;428;sem vítima;65,3;BR-060/GO;Sul;Colisão Lateral;1;;1;;;;;;;;2;;;;
02/08/2018;19:15:00;517;com vítima;877,714;BR-262/MG;Leste;Capotamento;1;;;;;;;;;;1;;1;;1
02/08/2018;20:03:00;526;com vítima;510,475;BR-153/GO;Sul;Colisão Traseira;1;;;1;;;;;;;1;;;1;
02/08/2018;20:53:00;551;sem vítima;109,299;BR-060/GO;Sul;Colisão Transversal;1;;1;;;;;;;;6;;;;
02/08/2018;23:22:00;603;com vítima;95,462;BR-060/GO;Norte;Atropelamento de Animal;;;;1;;;;;;;0;1;;;
02/08/2018;23:29:00;605;com vítima;237;BR-153/MG;Norte;Queda de Moto;;;;1;;;;;;;0;1;;;
02/08/2018;23:22:00;608;sem vítima;95,462;BR-060/GO;Norte;Colisão Traseira;1;;;;;;;;;;1;;;;
03/08/2018;01:05:00;20;sem vítima;693;BR-262/MG;Leste;Saida de Pista;;;1;;;;;;;;1;;;;
03/08/2018;01:56:00;30;sem vítima;561,899;BR-153/GO;Norte;Choque - Talude;1;;;;;;;;;;1;;;;
03/08/2018;08:02:00;99;com vítima;400;BR-262/MG;Oeste;Colisão Traseira;1;;;1;;;;;;;1;1;;;
03/08/2018;11:51:00;235;sem vítima;131,4;BR-060/GO;Norte;Colisão Traseira;2;;;;;;;;;;2;;;;
03/08/2018;15:03:00;330;sem vítima;8,2;BR-060/DF;Norte;Colisão Frontal;1;;;;1;;;;;;2;;;;
03/08/2018;15:40:00;355;sem vítima;547,475;BR-262/MG;Leste;Capotamento;1;;;;;;;;;;3;;;;
03/08/2018;16:35:00;393;sem vítima;506,9;BR-153/GO;Sul;Engavetamento;3;;;;;;;;;;3;;;;
03/08/2018;19:30:00;500;sem vítima;594;BR-262/MG;Oeste;Carreta deu L;;;1;;;;;;;;1;;;;
03/08/2018;20:01:00;517;sem vítima;590;BR-262/MG;Oeste;Saida de Pista;;;;;;;;;;1;1;;;;
03/08/2018;20:49:00;552;sem vítima;435;BR-262/MG;Oeste;Saida de Pista;1;;;;;;;;;;1;;;;
03/08/2018;23:10:00;607;com vítima;33;BR-060/GO;Norte;Atropelamento - Andarilho;1;;;;;;;;;;1;1;;;
03/08/2018;23:29:00;616;sem vítima;35,8;BR-060/GO;Sul;Choque - Talude;1;;;;;;;;;;1;;;;
04/08/2018;03:36:00;46;com vítima;636,5;BR-153/GO;Norte;Colisão Traseira;;;2;;;;;;;;0;1;;1;
04/08/2018;03:45:00;48;sem vítima;563,046;BR-262/MG;Leste;Tombamento;;;1;;;;;;;;1;;;;
04/08/2018;05:02:00;62;sem vítima;702;BR-153/GO;Norte;Atropelamento de Animal;;;1;;;;;;;;1;;;;
04/08/2018;05:12:00;66;sem vítima;594,971;BR-262/MG;Leste;Saida de Pista;;;1;;;;;;;;1;;;;
04/08/2018;06:54:00;89;sem vítima;58;BR-153/MG;Sul;Colisão Traseira;2;;;;;;;;;;2;;;;
04/08/2018;06:58:00;91;sem vítima;480;BR-262/MG;Leste;Capotamento;1;;;;;;;;;;3;;;;
04/08/2018;07:31:00;99;com vítima;379;BR-262/MG;Leste;Choque - Talude;;;;;;;;;;1;1;1;;;
04/08/2018;07:37:00;101;sem vítima;382;BR-262/MG;Oeste;Saida de Pista;1;;;;;;;;;;1;;;;
04/08/2018;08:24:00;119;sem vítima;40;BR-060/GO;Norte;Saida de Pista;;;1;;;;;;;;1;;;;
04/08/2018;09:39:00;160;sem vítima;499,2;BR-153/GO;Norte;Colisão Lateral;2;;;;;;;;;;2;;;;
04/08/2018;10:02:00;180;sem vítima;589;BR-262/MG;Oeste;Choque - Defensa, barreira ou "submarino";1;;;;;;;;;;1;;;;
04/08/2018;10:20:00;191;sem vítima;379;BR-262/MG;Oeste;Saida de Pista;;;;;;;;;;1;2;;;;
04/08/2018;10:40:00;203;sem vítima;382;BR-262/MG;Oeste;Tombamento;;;;;;;;;;1;2;;;;
04/08/2018;10:48:00;207;com vítima;402;BR-262/MG;Leste;Choque - Defensa, barreira ou "submarino";1;;;;;;;;;;1;1;;;
04/08/2018;11:26:00;228;com vítima;381,8;BR-262/MG;Oeste;Choque - Suporte de Sinalização;1;;;;;;;;;;0;1;;;
04/08/2018;11:40:00;237;com vítima;612;BR-262/MG;Oeste;Capotamento;1;;;;;;;;;;0;1;;;
04/08/2018;13:18:00;273;com vítima;92,8;BR-060/GO;Norte;Colisão Traseira;1;;;1;;;;;;;1;1;;;
04/08/2018;13:31:00;281;com vítima;0;BR-060/DF;Norte;Colisão Lateral;1;;;1;;;;;;;1;;2;;
04/08/2018;15:33:00;324;sem vítima;56;BR-060/GO;Norte;Saida de Pista;1;;;;;;;;;;2;;;;
04/08/2018;19:24:00;446;sem vítima;72,094;BR-060/GO;Sul;Colisão Lateral;1;;1;;;;;;;;5;;;;
04/08/2018;20:06:00;472;sem vítima;438,5;BR-262/MG;Leste;Saida de Pista;1;;;;;;;;;;1;;;;
04/08/2018;20:27:00;481;sem vítima;124;BR-153/MG;Norte;Engavetamento;;;3;;;;;;;;3;;;;
05/08/2018;02:11:00;32;com vítima;514,243;BR-153/GO;Norte;Colisão Transversal;2;;;;;;;;;;5;1;;;
05/08/2018;05:40:00;84;com vítima;663;BR-153/GO;Norte;Colisão Traseira;;;1;;;;;;;1;1;1;;;
05/08/2018;05:54:00;89;com vítima;508,8;BR-153/GO;Sul;Choque - Elemento de Drenagem;;;;1;;;;;;;0;1;;;
05/08/2018;07:41:00;113;sem vítima;588;BR-262/MG;Leste;Capotamento;1;;;;;;;;;;1;;;;
05/08/2018;16:11:00;398;sem vítima;554;BR-262/MG;Leste;Choque - Elemento de Drenagem;;;1;;;;;;;;1;;;;
05/08/2018;16:49:00;413;sem vítima;213,5;BR-153/MG;Sul;Colisão Lateral;1;;1;;;;;;;;3;;;;
05/08/2018;18:20:00;471;com vítima;22,441;BR-060/DF;Sul;Queda de Ciclista;;;;1;;;;;;;1;1;;;
05/08/2018;18:44:00;479;com vítima;599,95;BR-153/GO;Sul;Engavetamento;1;;1;;;;;;;1;3;1;1;;
05/08/2018;19:11:00;493;sem vítima;394,5;BR-262/MG;Leste;Choque - Talude;1;;;;;;;;;;1;;;;
05/08/2018;19:13:00;495;com vítima;134,115;BR-060/GO;Norte;Colisão Traseira;;;;1;;1;;;;;1;1;;;
05/08/2018;20:31:00;520;sem vítima;493,468;BR-262/MG;Leste;Colisão Lateral;;;1;;;;;;;1;2;;;;
05/08/2018;22:30:00;559;com vítima;136,649;BR-060/GO;Norte;Capotamento;1;;;;;;;;;;1;;1;;
05/08/2018;23:25:00;573;sem vítima;9,5;BR-153/MG;Norte;Capotamento;1;;;;;;;;;;1;;;;
06/08/2018;01:46:00;19;com vítima;491,83;BR-153/GO;Norte;Colisão Traseira;1;;1;;;;;;;;1;;;1;
06/08/2018;04:04:00;45;com vítima;510,953;BR-153/GO;Sul;Choque - Defensa, barreira ou "submarino";1;;1;;;;;;;;2;1;;;
06/08/2018;06:24:00;71;sem vítima;506,9;BR-153/GO;Sul;Choque - Outros;1;;1;;;1;;;;;4;;;;
06/08/2018;07:30:00;92;com vítima;580;BR-153/GO;Norte;Saida de Pista;;;;1;;;;;;;0;;;1;
06/08/2018;07:50:00;102;sem vítima;508,1;BR-153/GO;Norte;Engavetamento;5;;;;;;;;;;5;;;;
06/08/2018;09:04:00;161;sem vítima;625;BR-153/GO;Sul;Choque - Outros;1;;;;;;;;;;1;;;;
06/08/2018;09:17:00;172;sem vítima;622,2;BR-153/GO;Sul;Choque - Outros;1;;;;;;;;;;2;;;;
06/08/2018;12:23:00;283;sem vítima;153;BR-153/MG;Sul;Queda de Moto;;;;1;;;;;;;1;;;;
06/08/2018;14:16:00;353;sem vítima;644,299;BR-153/GO;Norte;Colisão Traseira;;;1;;;;;;;1;2;;;;
06/08/2018;18:19:00;517;sem vítima;480;BR-262/MG;Leste;Engavetamento;2;;1;;;;;;;;7;;;;
06/08/2018;18:27:00;524;sem vítima;501;BR-153/GO;Sul;Engavetamento;3;;;;;;;;;;3;;;;
06/08/2018;19:10:00;543;com vítima;94,167;BR-060/GO;Norte;Choque - Defensa, barreira ou "submarino";;;;1;;;;;;;0;1;;;
06/08/2018;20:03:00;565;sem vítima;580;BR-262/MG;Oeste;Saida de Pista;1;;;;;;;;;;5;;;;
06/08/2018;20:16:00;570;com vítima;513,165;BR-153/GO;Sul;Engavetamento;1;;;2;;;;;;;3;1;;;
07/08/2018;00:09:00;6;sem vítima;904,3;BR-262/MG;Leste;Tombamento;;;1;;;;;;;;1;;;;
07/08/2018;06:23:00;72;com vítima;366,573;BR-262/MG;Oeste;Capotamento;1;;1;;;;;;;;1;1;;;
07/08/2018;13:32:00;344;com vítima;645,279;BR-262/MG;Leste;Colisão Traseira;1;;1;;;;;;;;1;;2;;
07/08/2018;16:31:00;449;sem vítima;876,55;BR-262/MG;Oeste;Colisão Lateral;1;;;1;;;;;;;2;;;;
07/08/2018;18:01:00;509;com vítima;44,399;BR-153/MG;Norte;Colisão Traseira;;;2;;;;;;;;1;;1;;
07/08/2018;20:33:00;581;sem vítima;504,995;BR-153/GO;Sul;Choque - Poste;;;1;;;;;;;;1;;;;
07/08/2018;20:52:00;589;com vítima;491,1;BR-153/GO;Sul;Colisão Traseira;2;;;;;;;;;;4;1;;;
07/08/2018;22:12:00;612;com vítima;635;BR-153/GO;Norte;Tombamento;;;1;;;;;;;;0;1;;;
07/08/2018;22:34:00;615;com vítima;505,1;BR-153/GO;Sul;Colisão Traseira;;;;2;;;;;;;1;1;;;
08/08/2018;00:31:00;9;sem vítima;187;BR-153/MG;Sul;Choque - Outros;1;;;;;;;;;;2;;;;
08/08/2018;10:44:00;250;com vítima;904;BR-262/MG;Leste;Capotamento;;;1;;;;;;;;0;;;;1
08/08/2018;11:53:00;292;sem vítima;412,157;BR-262/MG;Oeste;Queda de Moto;;;;1;;;;;;;2;;;;
08/08/2018;13:57:00;352;com vítima;358,089;BR-262/MG;Oeste;Capotamento;1;;;;;;;;;;1;1;;;
08/08/2018;15:37:00;417;com vítima;353,074;BR-262/MG;Leste;Colisão Lateral;;;1;1;;;;;;;2;1;;;
08/08/2018;18:25:00;497;sem vítima;801,3;BR-262/MG;Leste;Atropelamento de Animal;2;;;;;;;;;;3;;;;
08/08/2018;19:27:00;526;sem vítima;541,7;BR-153/GO;Sul;Choque - Elemento de Drenagem;;;;;;;;;;1;1;;;;
08/08/2018;19:30:00;529;sem vítima;404;BR-262/MG;Oeste;Saida de Pista;1;;;;;;;;;;1;;;;
08/08/2018;19:45:00;535;sem vítima;770,5;BR-262/MG;Leste;Tombamento;;;1;;;;;;;;1;;;;
08/08/2018;20:22:00;556;sem vítima;96,7;BR-060/GO;Norte;Queda de Moto;;;;1;;;;;;;1;;;;
08/08/2018;20:22:00;557;sem vítima;96,617;BR-060/GO;Norte;Choque - Objeto sobre a pista;1;;;;;;;;;;1;;;;
08/08/2018;20:28:00;561;com vítima;516,2;BR-153/GO;Norte;Queda de Ciclista;;;;1;;;;;;;0;1;;;
09/08/2018;01:15:00;17;com vítima;514,899;BR-153/GO;Sul;Colisão Traseira;;;2;;;;;;;;0;1;1;;
09/08/2018;04:23:00;51;sem vítima;47,2;BR-060/GO;Norte;Choque - Defensa, barreira ou "submarino";1;;;;;;;;;;1;;;;
09/08/2018;06:30:00;80;sem vítima;590;BR-262/MG;Leste;Capotamento;1;;;;;;;;;;2;;;;
09/08/2018;06:49:00;85;sem vítima;590;BR-262/MG;Leste;Choque - Talude;;;;;;;;;;1;1;;;;
09/08/2018;08:06:00;138;sem vítima;108,8;BR-060/GO;Norte;Colisão Traseira;1;;1;;;;;;;;2;;;;
09/08/2018;09:58:00;250;sem vítima;116,6;BR-060/GO;Sul;Capotamento;1;;;;;;;;;;1;;;;
09/08/2018;10:10:00;260;sem vítima;389;BR-262/MG;Oeste;Colisão Traseira;1;;;;;1;;;;;2;;;;
09/08/2018;10:48:00;274;sem vítima;41,299;BR-153/MG;Norte;Colisão Traseira;;;2;;;;;;;;2;;;;
09/08/2018;13:57:00;397;sem vítima;900,107;BR-262/MG;Oeste;Choque - Defensa, barreira ou "submarino";;;1;;;;;;;;2;;;;
09/08/2018;16:09:00;476;sem vítima;553;BR-153/GO;Sul;;2;;;;;;;;;;3;;;;
09/08/2018;17:20:00;520;com vítima;96,4;BR-060/GO;Sul;Colisão Lateral;;;1;1;;;;;;;1;1;;;
09/08/2018;18:05:00;562;sem vítima;501,8;BR-153/GO;Sul;Colisão Traseira;1;;;;;1;;;;;2;;;;
09/08/2018;18:09:00;564;com vítima;541,2;BR-153/GO;Sul;Queda de Moto;;;;1;;;;;;;0;1;;;
09/08/2018;19:44:00;596;com vítima;491,5;BR-153/GO;Norte;Colisão Frontal;;1;;1;;;;;;;1;2;;;
09/08/2018;22:54:00;661;com vítima;443,37;BR-262/MG;Leste;Atropelamento - Andarilho;;;;1;;;;;;;1;;;;1
09/08/2018;23:00:00;664;sem vítima;17,233;BR-153/MG;Norte;Colisão Traseira;;;2;;;;;;;;2;;;;
10/08/2018;01:49:00;28;sem vítima;509,7;BR-153/GO;Norte;Colisão Traseira;2;;;;;;;;;;2;;;;
10/08/2018;09:23:00;199;com vítima;17,4;BR-060/DF;Norte;Capotamento;1;;;;;;;;;;4;1;;;
10/08/2018;10:00:00;251;sem vítima;600;BR-262/MG;Leste;Colisão Traseira;;;2;;;;;;;;2;;;;
10/08/2018;10:50:00;303;sem vítima;747;BR-262/MG;Oeste;Saida de Pista;;;1;;;;;;;;1;;;;
10/08/2018;12:24:00;361;com vítima;240,699;BR-153/MG;Sul;Colisão Lateral;;;1;1;;;;;;;1;;;;1
10/08/2018;15:10:00;444;com vítima;75,3;BR-060/GO;Sul;Tombamento;;;1;;;;;;;;2;;1;;
10/08/2018;16:08:00;477;sem vítima;446;BR-262/MG;Oeste;Colisão Traseira;1;;1;;;;;;;;3;;;;
10/08/2018;17:25:00;511;sem vítima;99;BR-060/GO;Norte;Engavetamento;3;;;;;;;;;;7;;;;
10/08/2018;18:06:00;524;sem vítima;98,9;BR-060/GO;Norte;Colisão Traseira;2;;;;;;;;;;2;;;;
10/08/2018;18:35:00;545;com vítima;46,495;BR-060/GO;Norte;Queda de Moto;;;;1;;;;;;;0;1;;;
10/08/2018;18:46:00;552;sem vítima;459;BR-262/MG;Oeste;Colisão Traseira;2;;;;;;;;;;2;;;;
10/08/2018;19:30:00;574;sem vítima;210;BR-153/MG;Sul;Colisão Traseira;2;;;;;;;;;;5;;;;
10/08/2018;20:18:00;607;sem vítima;0,7;BR-153/MG;Norte;Saida de Pista;1;;;;;;;;;;1;;;;
10/08/2018;21:29:00;635;sem vítima;430,5;BR-262/MG;Leste;Saida de Pista;1;;;;;;;;;;3;;;;
10/08/2018;22:05:00;645;sem vítima;19,185;BR-060/DF;Sul;Saida de Pista;1;;;;;;;;;;1;;;;
10/08/2018;22:27:00;651;sem vítima;439,87;BR-262/MG;Oeste;Choque - Defensa, barreira ou "submarino";1;;;;;;;;;;1;;;;
11/08/2018;00:31:00;10;sem vítima;547;BR-262/MG;Leste;Choque - Suporte de Sinalização;;;1;;;;;;;;1;;;;
11/08/2018;10:11:00;192;com vítima;406,07;BR-262/MG;Leste;Queda de Moto;;;;1;;;;;;;0;;;1;
11/08/2018;10:26:00;205;com vítima;406,021;BR-262/MG;Leste;Queda de Moto;;;;1;;;;;;;0;;;1;
11/08/2018;10:42:00;214;sem vítima;698,4;BR-153/GO;Sul;Colisão Frontal;2;;;;;;;;;;2;;;;
11/08/2018;12:00:00;264;sem vítima;359;BR-262/MG;Oeste;Choque - Elemento de Drenagem;1;;1;;;;;;;;2;;;;
11/08/2018;13:42:00;308;com vítima;365,404;BR-262/MG;Leste;Queda de Moto;;;;1;;;;;;;1;1;;;
11/08/2018;19:59:00;502;sem vítima;61,659;BR-060/GO;Sul;Atropelamento de Animal;1;;;;;;;;;;1;;;;
11/08/2018;20:18:00;508;com vítima;447;BR-262/MG;Leste;Atropelamento - Ciclista;;;;;;1;;;;;1;;;;1
11/08/2018;20:59:00;517;sem vítima;385;BR-262/MG;Leste;Capotamento;1;;;;;;;;;;1;;;;
11/08/2018;23:17:00;565;com vítima;91,374;BR-060/GO;Sul;Colisão Traseira;1;;;1;;;;;;;1;;;1;
12/08/2018;01:29:00;33;com vítima;2,958;BR-060/DF;Norte;Capotamento;1;;;;;;;;;;0;;2;;
12/08/2018;03:20:00;49;sem vítima;498,199;BR-153/GO;Sul;Colisão Traseira;2;;;;;;;;;;2;;;;
12/08/2018;03:44:00;53;sem vítima;37,7;BR-060/GO;Norte;Choque - Elemento de Drenagem;1;;;;;;;;;;1;;;;
12/08/2018;04:39:00;64;sem vítima;3,971;BR-060/GO;Norte;Choque - Suporte de Sinalização;1;;;;;;;;;;1;;;;
12/08/2018;04:54:00;67;sem vítima;69,7;BR-153/MG;Norte;Atropelamento de Animal;;;;;1;;;;;;1;;;;
12/08/2018;08:27:00;142;sem vítima;512;BR-153/GO;Sul;Colisão Traseira;2;;;;;;;;;;2;;;;
12/08/2018;08:37:00;150;com vítima;507;BR-153/GO;Sul;Colisão Traseira;1;;;1;;;;;;;1;2;;;
12/08/2018;09:22:00;163;sem vítima;120;BR-060/GO;Norte;Queda de Moto;;;;1;;;;;;;2;;;;
12/08/2018;12:31:00;287;com vítima;101,8;BR-060/GO;Sul;Queda de Ciclista;;;;1;;;;;;;0;2;;;
12/08/2018;15:50:00;375;sem vítima;835;BR-262/MG;Oeste;Saida de Pista;1;;;;;;;;;;2;;;;
12/08/2018;18:00:00;442;sem vítima;378;BR-262/MG;Leste;Saida de Pista;1;;;;;;;;;;1;;;;
12/08/2018;18:01:00;443;sem vítima;96,99;BR-060/GO;Norte;Choque - Elemento de Drenagem;1;;;;;;;;;;1;;;;
12/08/2018;18:20:00;459;com vítima;519,799;BR-153/GO;Norte;Capotamento;;;;;;;;;;1;1;4;;;
12/08/2018;18:39:00;472;sem vítima;92,1;BR-060/GO;Norte;Colisão Traseira;2;;;;;;;;;;2;;;;
12/08/2018;19:07:00;489;sem vítima;448;BR-262/MG;Leste;Engavetamento;3;;;;;;;;;;9;;;;
12/08/2018;19:48:00;511;com vítima;508,129;BR-153/GO;Norte;Colisão Lateral;1;;;1;;;;;;;1;1;;;
12/08/2018;20:09:00;526;sem vítima;508;BR-153/GO;Norte;Engavetamento;3;;;;;;;;;;9;;;;
12/08/2018;21:00:00;549;com vítima;802,9;BR-262/MG;Leste;Queda de Moto;;;;1;;;;;;;0;1;;;