data;horario;n_da_ocorrencia;tipo_de_ocorrencia;km;trecho;sentido;tipo_de_acidente;automovel;bicicleta;caminhao;moto;onibus;outros;tracao_animal;transporte_de_cargas_especiais;trator_maquinas;utilitarios;ilesos;levemente_feridos;moderadamente_feridos;gravemente_feridos;mortos
12/08/2018;22:03:00;574;com vítima;563;BR-262/MG;Oeste;Atropelamento - Morador;;;1;;;;;;;;1;;;;1
13/08/2018;04:34:00;48;sem vítima;25,399;BR-060/GO;Norte;Choque - Suporte de Sinalização;1;;;;;;;;;;1;;;;
13/08/2018;07:26:00;101;sem vítima;811,571;BR-262/MG;Oeste;Choque - Poste;;;;;;;;;;1;1;;;;
13/08/2018;07:34:00;105;sem vítima;9,68;BR-060/DF;Norte;Atropelamento - Outros;;;;1;;;;;;;2;;;;
13/08/2018;07:38:00;110;sem vítima;502,07;BR-153/GO;Norte;Engavetamento;3;;;;;;;;;;3;;;;
13/08/2018;07:46:00;115;sem vítima;504;BR-153/GO;Norte;Colisão Traseira;;;;2;;;;;;;2;;;;
13/08/2018;08:12:00;127;sem vítima;504,05;BR-153/GO;Norte;Colisão Traseira;2;;;;;;;;;;2;;;;
13/08/2018;08:26:00;134;sem vítima;504,1;BR-153/GO;Norte;Colisão Traseira;;;1;1;;;;;;;2;;;;
13/08/2018;11:12:00;250;com vítima;625,899;BR-153/GO;Norte;Capotamento;1;;;;;;;;;;3;1;;;
13/08/2018;11:58:00;273;com vítima;486;BR-262/MG;Leste;Queda de Moto;;;;1;;;;;;;0;1;1;;
13/08/2018;12:20:00;283;com vítima;539;BR-153/GO;Sul;Queda de Moto;;;;1;;;;;;;1;1;;;
13/08/2018;16:50:00;504;com vítima;541,4;BR-153/GO;Sul;Capotamento;1;;;;;;;;;;0;;1;;
13/08/2018;17:37:00;535;sem vítima;531;BR-153/GO;Sul;Colisão Traseira;;;2;;;;;;;;2;;;;
13/08/2018;22:59:00;650;com vítima;99,2;BR-060/GO;Norte;Queda de Moto;;;;1;;;;;;;0;2;;;
14/08/2018;07:37:00;87;sem vítima;508,079;BR-153/GO;Norte;Colisão Traseira;3;;;;;;;;;;3;;;;
14/08/2018;08:01:00;102;sem vítima;94,95;BR-060/GO;Sul;Engavetamento;3;;;;;;;;;;3;;;;
14/08/2018;09:55:00;189;sem vítima;623,8;BR-153/GO;Norte;Capotamento;1;;;;;;;;;;2;;;;
14/08/2018;12:27:00;338;sem vítima;680;BR-153/GO;Norte;Atropelamento - Outros;;;;;;;;;;1;1;;;;
14/08/2018;13:04:00;361;com vítima;500,3;BR-153/GO;Norte;Queda de Moto;;;;1;;;;;;;0;2;;;
14/08/2018;13:18:00;371;sem vítima;589;BR-262/MG;Oeste;Saida de Pista;;;1;;;;;;;;1;;;;
14/08/2018;16:18:00;458;com vítima;539,3;BR-262/MG;Oeste;Tombamento;;;2;;1;;;;;;16;;1;;1
14/08/2018;17:42:00;593;sem vítima;539;BR-262/MG;Oeste;Engavetamento;1;;1;;;1;;;;3;6;;;;
14/08/2018;18:37:00;672;sem vítima;66,18;BR-060/GO;Sul;Colisão Frontal;2;;;;;;;;;;3;;;;
14/08/2018;18:44:00;676;sem vítima;30,199;BR-060/DF;Sul;Colisão Traseira;2;;;;;;;;;;3;;;;
14/08/2018;22:54:00;767;sem vítima;547;BR-262/MG;Leste;Colisão Traseira;;;2;;;;;;;;2;;;;
14/08/2018;23:08:00;772;sem vítima;577;BR-262/MG;Oeste;Saida de Pista;;;1;;;;;;;;1;;;;
15/08/2018;00:11:00;6;sem vítima;535,8;BR-262/MG;Oeste;Atropelamento de Animal;;;1;;;;;;;;1;;;;
15/08/2018;01:44:00;27;sem vítima;137,416;BR-060/GO;Norte;Colisão Traseira;1;;1;;;;;;;;2;;;;
15/08/2018;03:08:00;39;sem vítima;460;BR-262/MG;Leste;Saida de Pista;1;;;;;;;;;;1;;;;
15/08/2018;03:57:00;45;sem vítima;550,7;BR-153/GO;Norte;Colisão Traseira;;;2;;;;;;;;2;;;;
15/08/2018;07:43:00;83;com vítima;372;BR-262/MG;Leste;Queda de Moto;;;;1;;;;;;;0;1;;;
15/08/2018;08:31:00;128;sem vítima;508,9;BR-153/GO;Norte;Colisão Traseira;2;;;;;;;;;;2;;;;
15/08/2018;15:58:00;390;sem vítima;366,993;BR-262/MG;Oeste;Choque - Elemento de Drenagem;1;;;;;;;;;;3;;;;
15/08/2018;17:41:00;445;com vítima;512,825;BR-153/GO;Norte;Engavetamento;1;;1;1;;;;;;;2;1;1;;
15/08/2018;19:07:00;476;com vítima;47,996;BR-060/GO;Norte;Atropelamento de Animal;1;;;;;;;;;;2;1;;;
15/08/2018;21:59:00;539;com vítima;439;BR-262/MG;Oeste;Colisão Lateral;1;;;1;;;;;;;1;1;;;
15/08/2018;22:34:00;558;sem vítima;709;BR-262/MG;Oeste;Capotamento;1;;;;;;;;;;1;;;;
15/08/2018;22:43:00;563;sem vítima;361;BR-262/MG;Leste;Atropelamento de Animal;1;;;;;;;;;;2;;;;
16/08/2018;07:03:00;101;com vítima;516,7;BR-262/MG;Leste;Choque - Elemento de Drenagem;;;;;;;;;;1;0;;2;;
16/08/2018;07:32:00;113;sem vítima;495,6;BR-153/GO;Sul;Engavetamento;3;;;;;;;;;;3;;;;
16/08/2018;11:14:00;322;sem vítima;378,3;BR-262/MG;Leste;Queda de Moto;;;;1;;;;;;;1;;;;
16/08/2018;12:06:00;362;sem vítima;505,224;BR-262/MG;Oeste;Saida de Pista;1;;;;;;;;;;1;;;;
16/08/2018;14:12:00;420;sem vítima;762;BR-262/MG;Leste;Capotamento;2;;;;;;;;;;2;;;;
16/08/2018;15:38:00;488;sem vítima;75,8;BR-060/GO;Sul;Colisão Traseira;1;;1;;;;;;;;2;;;;
16/08/2018;16:07:00;514;sem vítima;584;BR-262/MG;Leste;Choque - Talude;;;;;;;;;;1;1;;;;
16/08/2018;16:26:00;534;sem vítima;98,2;BR-060/GO;Sul;Colisão Lateral;2;;;;;;;;;;2;;;;
16/08/2018;17:40:00;581;sem vítima;87,599;BR-153/MG;Sul;Choque - Arvore;1;;;;;;;;;;2;;;;
16/08/2018;20:26:00;655;com vítima;12,8;BR-153/MG;Sul;Colisão Traseira;;;1;1;;;;;;;1;;;1;
16/08/2018;20:29:00;657;com vítima;94;BR-060/GO;Norte;Queda de Moto;;;;1;;;;;;;0;1;;;
17/08/2018;05:07:00;59;com vítima;64,5;BR-153/MG;Sul;Tombamento;;;1;;;;;;;;0;2;;;
17/08/2018;08:26:00;138;sem vítima;176,6;BR-153/MG;Sul;Capotamento;1;;;;;;;;;;1;;;;
17/08/2018;08:59:00;173;com vítima;492,8;BR-153/GO;Norte;Colisão Traseira;1;;1;;;;;;;;2;3;;;
17/08/2018;09:28:00;190;sem vítima;117,9;BR-060/GO;Norte;Colisão Transversal;2;;;;;;;;;;5;;;;
17/08/2018;10:57:00;259;sem vítima;590;BR-262/MG;Oeste;Saida de Pista;1;;;;;;;;;;1;;;;
17/08/2018;12:02:00;307;com vítima;815,243;BR-262/MG;Oeste;Queda de Moto;;;;1;;;;;;;0;2;;;
17/08/2018;12:15:00;313;sem vítima;584;BR-262/MG;Oeste;Saida de Pista;1;;;;;;;;;;1;;;;
17/08/2018;13:21:00;355;sem vítima;407;BR-262/MG;Leste;Tombamento;;;;;;;;;;1;1;;;;
17/08/2018;16:08:00;444;sem vítima;47,5;BR-153/MG;Norte;Choque - Defensa, barreira ou "submarino";1;;;;;;;;;;1;;;;
17/08/2018;17:10:00;486;sem vítima;33,7;BR-153/MG;Norte;Choque - Suporte de Sinalização;1;;;;;;;;;;1;;;;
17/08/2018;17:21:00;493;sem vítima;801,5;BR-262/MG;Oeste;Colisão Traseira;2;;;;;;;;;;2;;;;
17/08/2018;18:37:00;528;sem vítima;58,1;BR-153/MG;Norte;Choque - Poste;;;;;;;;;;1;2;;;;
17/08/2018;19:20:00;543;com vítima;92;BR-060/GO;Sul;Colisão Transversal;1;;;1;;;;;;;1;1;;;
17/08/2018;20:28:00;571;sem vítima;441;BR-262/MG;Leste;Queda de Moto;;;;1;;1;;;;;2;;;;
17/08/2018;21:27:00;588;sem vítima;549;BR-262/MG;Leste;Saida de Pista;1;;;;;;;;;;1;;;;
17/08/2018;21:28:00;589;com vítima;443,37;BR-262/MG;Oeste;Atropelamento - Andarilho;1;;;;;;;;;;1;;;;1
17/08/2018;21:57:00;598;sem vítima;554,2;BR-262/MG;Leste;Saida de Pista;1;;;;;;;;;;2;;;;
17/08/2018;22:38:00;615;sem vítima;125,034;BR-060/GO;Norte;Choque - Defensa, barreira ou "submarino";1;;;;;;;;;;2;;;;
18/08/2018;00:04:00;2;com vítima;440,468;BR-262/MG;Leste;Colisão Lateral;2;;;;;;;;;;4;;2;;
18/08/2018;00:14:00;4;sem vítima;450;BR-262/MG;Leste;Saida de Pista;1;;;;;;;;;;1;;;;
18/08/2018;00:50:00;14;sem vítima;544;BR-262/MG;Oeste;Saida de Pista;1;;;;;;;;;;1;;;;
18/08/2018;02:05:00;34;sem vítima;40,1;BR-153/MG;Norte;Tombamento;;;1;;;;;;;;2;;;;
18/08/2018;04:04:00;57;com vítima;398,072;BR-262/MG;Oeste;Tombamento;1;;;;;;;;;;1;1;;;
18/08/2018;06:31:00;81;com vítima;12,967;BR-153/MG;Norte;Colisão Traseira;;;2;;;;;;;;1;;;;1
18/08/2018;08:11:00;127;sem vítima;511,5;BR-153/GO;Sul;Colisão Traseira;1;;;;;;;;;1;2;;;;
18/08/2018;08:16:00;129;com vítima;466,5;BR-262/MG;Leste;Colisão Frontal;;;1;;;;;;;1;5;2;1;;
18/08/2018;10:52:00;214;sem vítima;353;BR-262/MG;Oeste;Saida de Pista;1;;;;;;;;;;1;;;;
18/08/2018;11:28:00;225;sem vítima;517,3;BR-153/GO;Sul;Colisão Lateral;1;;;;;;;;;1;4;;;;
18/08/2018;12:55:00;266;sem vítima;463;BR-262/MG;Oeste;Colisão Traseira;2;;;;;;;;;;2;;;;
18/08/2018;16:53:00;371;sem vítima;506,4;BR-153/GO;Norte;Queda de Moto;;;;1;;;;;;;1;;;;
18/08/2018;17:12:00;379;com vítima;512,7;BR-153/GO;Norte;Colisão Lateral;1;1;;;;;;;;;1;1;;;
18/08/2018;18:44:00;419;com vítima;519,709;BR-262/MG;Leste;Colisão Transversal;1;;1;;;;;;;;1;;;;1
18/08/2018;21:22:00;467;sem vítima;507,844;BR-153/GO;Norte;Colisão Lateral;2;;;2;;;;;;;4;;;;
18/08/2018;23:07:00;501;sem vítima;95,114;BR-060/GO;Sul;Saida de Pista;1;;;;;;;;;;2;;;;
19/08/2018;08:11:00;83;com vítima;50,7;BR-060/GO;Sul;Saida de Pista;;;;1;;;;;;;0;;1;;
19/08/2018;09:43:00;127;com vítima;553,156;BR-262/MG;Leste;Tombamento;;;2;;;;;;;;2;;;;1
19/08/2018;12:47:00;212;sem vítima;118,2;BR-060/GO;Sul;Colisão Traseira;1;;;;;;;;;1;2;;;;
19/08/2018;13:07:00;221;com vítima;544,073;BR-153/GO;Norte;Capotamento;1;;;;;;;;;;0;1;;;
19/08/2018;14:23:00;260;com vítima;397,18;BR-262/MG;Leste;Capotamento;1;;;;;;;;;;2;;1;;
19/08/2018;17:18:00;348;sem vítima;562;BR-153/GO;Sul;Capotamento;1;;;;;;;;;;1;;;;
19/08/2018;20:48:00;447;com vítima;362;BR-262/MG;Leste;Choque - Defensa, barreira ou "submarino";1;;;;;;;;;;0;;1;;
19/08/2018;20:48:00;448;sem vítima;503;BR-153/GO;Sul;Colisão Lateral;2;;1;;;;;;;;3;;;;
19/08/2018;21:12:00;459;com vítima;617,6;BR-153/GO;Norte;Choque - Defensa, barreira ou "submarino";1;;;;;;;;;;0;1;1;;
19/08/2018;21:35:00;469;com vítima;138,044;BR-153/MG;Norte;Colisão Traseira;;;1;1;;;;;;;1;;1;;
20/08/2018;00:47:00;12;sem vítima;89,299;BR-153/MG;Sul;Atropelamento de Animal;;;1;;;;;;;;1;;;;
20/08/2018;07:12:00;102;sem vítima;36,8;BR-060/GO;Sul;Colisão Traseira;1;;1;;;;;;;;2;;;;
20/08/2018;08:18:00;142;sem vítima;504,2;BR-153/GO;Norte;Colisão Traseira;2;;;;;;;;;;2;;;;
20/08/2018;09:22:00;195;com vítima;667;BR-262/MG;Leste;Capotamento;1;;;;;;;;;;1;1;;;
20/08/2018;11:10:00;273;sem vítima;557,588;BR-262/MG;Oeste;Tombamento;;;1;;;;;;;;1;;;;
20/08/2018;11:14:00;275;sem vítima;357,343;BR-262/MG;Leste;Choque - Elemento de Drenagem;1;;;;;;;;;;1;;;;
20/08/2018;14:14:00;376;com vítima;421;BR-262/MG;Leste;Colisão Traseira;1;;1;;;;;;;;1;;;1;
20/08/2018;15:26:00;417;sem vítima;527,9;BR-153/GO;Sul;Saida de Pista;;;1;;;;;;;;1;;;;
20/08/2018;19:53:00;548;sem vítima;491,8;BR-153/GO;Sul;Choque - Defensa, barreira ou "submarino";1;;;;;;;;;;1;;;;
21/08/2018;02:39:00;33;com vítima;210;BR-153/MG;Norte;Tombamento;;;1;;;;;;;;0;1;;;
21/08/2018;07:57:00;113;sem vítima;502,22;BR-153/GO;Norte;Engavetamento;3;;;;;;;;;;3;;;;
21/08/2018;08:46:00;150;com vítima;534,05;BR-153/GO;Norte;Colisão Traseira;1;;1;;;;;;;;3;1;;;
21/08/2018;09:04:00;158;com vítima;99,3;BR-060/GO;Norte;Tombamento;;;1;;;;;;;;0;1;;;
21/08/2018;11:21:00;240;sem vítima;53,8;BR-060/GO;Sul;Choque - Defensa, barreira ou "submarino";1;;;;;;;;;;1;;;;
21/08/2018;12:54:00;287;sem vítima;97;BR-060/GO;Sul;Engavetamento;2;;;;;;;;;1;3;;;;
21/08/2018;13:39:00;301;sem vítima;524;BR-153/GO;Sul;Capotamento;1;;;;;;;;;;1;;;;
22/08/2018;06:57:00;79;sem vítima;33,3;BR-153/MG;Sul;Capotamento;1;;;;;;;;;;2;;;;
22/08/2018;08:57:00;150;sem vítima;913;BR-262/MG;Leste;Tombamento;;;1;;;;;;;;1;;;;
22/08/2018;12:44:00;333;com vítima;12,95;BR-060/GO;Norte;Choque - Outros;1;;;;;;;;;;0;1;;;
22/08/2018;13:31:00;354;com vítima;616,299;BR-153/GO;Norte;Capotamento;1;;;;;;;;;;0;1;;;
22/08/2018;17:25:00;504;sem vítima;499;BR-153/GO;Sul;Engavetamento;2;;;;;;;;;1;3;;;;
22/08/2018;18:18:00;544;sem vítima;496,6;BR-153/GO;Sul;Colisão Lateral;;;;2;;;;;;;2;;;;
22/08/2018;18:47:00;568;com vítima;92,9;BR-060/GO;Sul;Colisão Traseira;1;;;1;;;;;;;1;1;;;
22/08/2018;19:45:00;578;sem vítima;9,3;BR-153/MG;Sul;Saida de Pista;;;1;;;;;;;;1;;;;
22/08/2018;22:05:00;626;com vítima;441;BR-262/MG;Oeste;Colisão Traseira;2;;;;;;;;;;1;1;;;
23/08/2018;08:57:00;152;sem vítima;506;BR-153/GO;Sul;Colisão Traseira;;;;2;;;;;;;2;;;;
23/08/2018;10:01:00;187;com vítima;592;BR-153/GO;Sul;Queda de Moto;;;;1;;;;;;;0;1;;;
23/08/2018;10:53:00;212;com vítima;473;BR-262/MG;Oeste;Queda de Moto;;;;;;1;;;;;0;1;;;
23/08/2018;11:46:00;246;sem vítima;411;BR-262/MG;Oeste;;1;;;;;;;;;;1;;;;
23/08/2018;11:46:00;247;sem vítima;365;BR-262/MG;Leste;Colisão Traseira;1;;;1;;;;;;;2;;;;
23/08/2018;12:52:00;277;sem vítima;107;BR-060/GO;Sul;Colisão Traseira;1;;1;;;;;;;;2;;;;
23/08/2018;14:28:00;332;sem vítima;454;BR-262/MG;Leste;Colisão Lateral;1;;1;;;;;;;;6;;;;
23/08/2018;14:44:00;337;com vítima;95,9;BR-060/GO;Sul;Capotamento;1;;;;;;;;;;0;1;1;;
23/08/2018;16:11:00;388;sem vítima;435;BR-262/MG;Oeste;Queda de Moto;;;;1;;;;;;;2;;;;
23/08/2018;19:56:00;501;com vítima;371,5;BR-262/MG;Oeste;Colisão Lateral;;;1;1;;;;;;;1;;1;;1
23/08/2018;20:34:00;509;sem vítima;19,899;BR-060/DF;Norte;Capotamento;1;;;;;;;;;;2;;;;
23/08/2018;21:07:00;522;sem vítima;552,8;BR-262/MG;Oeste;Tombamento;;;1;;;;;;;;1;;;;
23/08/2018;23:19:00;569;sem vítima;80,2;BR-060/GO;Sul;Choque - Suporte de Sinalização;;;;;;;;;;1;1;;;;
24/08/2018;06:14:00;76;com vítima;620;BR-262/MG;Leste;Capotamento;1;;;;;;;;;;0;1;1;;
24/08/2018;07:36:00;114;sem vítima;495,5;BR-153/GO;Sul;Colisão Traseira;;;2;;;;;;;;2;;;;
24/08/2018;11:17:00;258;sem vítima;498,5;BR-153/GO;Sul;Colisão Traseira;1;;;;;;;;;1;2;;;;
24/08/2018;13:46:00;326;sem vítima;97;BR-060/GO;Sul;Colisão Traseira;2;;;;;;;;;;2;;;;
24/08/2018;16:14:00;415;sem vítima;96,1;BR-060/GO;Sul;Choque - Defensa, barreira ou "submarino";1;;;;;;;;;;1;;;;
24/08/2018;16:24:00;419;com vítima;35,5;BR-060/GO;Norte;Choque - Talude;1;;;;;;;;;;1;2;;;
24/08/2018;16:31:00;425;sem vítima;678;BR-262/MG;Leste;Colisão Traseira;2;;;;;;;;;;5;;;;
24/08/2018;18:05:00;462;sem vítima;498,5;BR-153/GO;Sul;;2;;;;;;;;;;5;;;;
24/08/2018;18:34:00;475;com vítima;567,4;BR-262/MG;Oeste;Colisão Lateral;;;1;1;;;;;;;1;;;1;
24/08/2018;18:48:00;482;sem vítima;502;BR-153/GO;Sul;Colisão Lateral;1;;1;;;;;;;;2;;;;
24/08/2018;18:55:00;486;com vítima;118;BR-060/GO;Norte;Queda de Ciclista;;;;1;;;;;;;0;1;;;
24/08/2018;20:08:00;509;com vítima;682,6;BR-153/GO;Sul;Colisão Traseira;;;2;;;;;;;;1;;;;1
24/08/2018;20:56:00;528;sem vítima;73;BR-060/GO;Norte;Saida de Pista;1;;;;;;;;;;1;;;;
24/08/2018;23:23:00;575;com vítima;104,299;BR-153/MG;Norte;Choque - Talude;1;;;;;;;;;;0;1;;;
25/08/2018;04:50:00;55;sem vítima;76,5;BR-153/MG;Norte;Choque - Talude;1;;;;;;;;;;1;;;;
25/08/2018;05:21:00;59;sem vítima;516;BR-153/GO;Norte;Choque - Elemento de Drenagem;1;;;;;;;;;;1;;;;
25/08/2018;08:02:00;119;sem vítima;548,9;BR-262/MG;Leste;Choque - Defensa, barreira ou "submarino";1;;;;;;;;;;5;;;;
25/08/2018;10:39:00;212;sem vítima;661,4;BR-153/GO;Norte;Colisão Traseira;1;;1;;;;;;;;3;;;;
25/08/2018;13:09:00;290;com vítima;584;BR-262/MG;Leste;Capotamento;;;;;;;;;;1;0;1;;;
25/08/2018;13:19:00;299;com vítima;607;BR-262/MG;Oeste;Capotamento;1;;;;;;;;;;0;1;;;
25/08/2018;14:19:00;330;sem vítima;578,95;BR-153/GO;Sul;Choque - Suporte de Sinalização;1;;;;;;;;;;1;;;;
25/08/2018;18:07:00;439;com vítima;802;BR-262/MG;Oeste;Colisão Traseira;;;;1;;;;;;1;2;1;;;
25/08/2018;18:43:00;454;com vítima;705;BR-262/MG;Oeste;Colisão Frontal;1;;1;;;;;;;;4;;1;;
25/08/2018;20:44:00;489;com vítima;508;BR-153/GO;Norte;Queda de Moto;;;;1;;;;;;;0;1;;;
26/08/2018;00:15:00;5;sem vítima;526;BR-153/GO;Sul;Saida de Pista;1;;;;;;;;;;1;;;;
26/08/2018;03:31:00;35;sem vítima;381,2;BR-262/MG;Oeste;Atropelamento de Animal;1;;;;;;;;;;1;;;;
26/08/2018;04:56:00;49;com vítima;365,567;BR-262/MG;Leste;Atropelamento de Animal;;;;1;;;;;;;0;2;;;
26/08/2018;06:01:00;65;sem vítima;631,7;BR-153/GO;Sul;Colisão Lateral;1;;1;;;;;;;;5;;;;
26/08/2018;07:48:00;99;com vítima;45,6;BR-060/GO;Sul;Capotamento;1;;;;;;;;;;0;;1;;
26/08/2018;09:08:00;140;com vítima;361;BR-262/MG;Oeste;Queda de Moto;;;;1;;;;;;;0;2;;;
26/08/2018;11:43:00;234;sem vítima;554;BR-262/MG;Leste;Tombamento;;;1;;;;;;;;1;;;;
26/08/2018;12:47:00;271;sem vítima;626,899;BR-153/GO;Sul;Choque - Arvore;1;;;;;;;;;;1;;;;
26/08/2018;14:02:00;297;sem vítima;607;BR-262/MG;Oeste;Tombamento;1;;;;;;;;;;2;;;;
26/08/2018;14:25:00;308;sem vítima;590,3;BR-262/MG;Oeste;Saida de Pista;1;;;;;;;;;;1;;;;
26/08/2018;15:18:00;330;com vítima;44,5;BR-153/MG;Sul;Tombamento;;;1;;;;;;;;0;;;1;
26/08/2018;16:58:00;396;sem vítima;618;BR-262/MG;Leste;Tombamento;1;;;;;;;;;;1;;;;
26/08/2018;18:51:00;460;sem vítima;534;BR-153/GO;Norte;Atropelamento de Animal;1;;;;;;;;;;4;;;;
26/08/2018;19:48:00;481;sem vítima;5;BR-060/GO;Norte;Choque - Elemento de Drenagem;1;;;;;;;;;;1;;;;
26/08/2018;20:09:00;493;sem vítima;417;BR-262/MG;Leste;Saida de Pista;1;;;;;;;;;;1;;;;
26/08/2018;21:51:00;522;com vítima;555,3;BR-153/GO;Norte;Atropelamento - Morador;1;;;;;;;;;;2;;;;1
27/08/2018;06:19:00;57;sem vítima;878;BR-262/MG;Leste;Saida de Pista;;;;;;;;;;1;1;;;;
27/08/2018;07:07:00;70;sem vítima;568;BR-262/MG;Leste;Carreta deu L;;;1;;;;;;;;1;;;;
27/08/2018;07:46:00;84;com vítima;505,6;BR-153/GO;Norte;Colisão Traseira;1;;;1;;;;;;;1;;;1;
27/08/2018;07:55:00;86;com vítima;811;BR-262/MG;Leste;Queda de Moto;;;;1;;;;;;;0;;1;;
27/08/2018;08:36:00;109;sem vítima;505;BR-153/GO;Norte;Engavetamento;3;;;;;;;;;;3;;;;
27/08/2018;11:35:00;229;sem vítima;118;BR-060/GO;Sul;Carreta deu L;;;1;;;;;;;;1;;;;
27/08/2018;14:47:00;330;sem vítima;578;BR-262/MG;Leste;Choque - Talude;1;;;;;;;;;;1;;;;
27/08/2018;15:41:00;358;com vítima;497;BR-153/GO;Sul;Tombamento;;;1;;;;;;;;0;;1;;
27/08/2018;17:23:00;424;com vítima;128;BR-060/GO;Sul;Queda de Moto;;;;1;;;;;;;1;1;;;
27/08/2018;17:24:00;425;com vítima;90;BR-060/GO;Norte;Colisão Transversal;1;1;;;;;;;;;1;;1;;
27/08/2018;18:11:00;456;sem vítima;500,3;BR-153/GO;Sul;Colisão Traseira;;;1;1;;;;;;;2;;;;
27/08/2018;18:50:00;483;sem vítima;484,1;BR-262/MG;Oeste;Colisão Traseira;;;2;;;;;;;;3;;;;
28/08/2018;14:27:00;398;sem vítima;497,9;BR-153/GO;Norte;Colisão Traseira;2;;;;;;;;;;2;;;;
28/08/2018;15:52:00;447;sem vítima;49,926;BR-153/MG;Sul;Tombamento;;;1;;;;;;;;1;;;;
28/08/2018;19:26:00;565;sem vítima;43;BR-060/GO;Norte;Choque - Suporte de Sinalização;1;;;;;;;;;;1;;;;
29/08/2018;07:57:00;136;sem vítima;36,06;BR-060/GO;Norte;Capotamento;1;;;;;;;;;;5;;;;
29/08/2018;10:05:00;252;com vítima;4,7;BR-060/DF;Sul;Capotamento;1;;1;;;;;;;;2;1;;;
29/08/2018;15:02:00;454;com vítima;97,5;BR-060/GO;Sul;Colisão Frontal;;;;1;;;;;;1;1;1;;;
29/08/2018;21:25:00;669;com vítima;504,454;BR-153/GO;Sul;Queda de Moto;;;;1;;;;;;;0;1;;;
29/08/2018;22:47:00;698;sem vítima;503,674;BR-153/GO;Sul;Colisão Traseira;1;;;;1;;;;;;2;;;;
29/08/2018;23:13:00;713;sem vítima;3,1;BR-060/DF;Sul;Colisão Traseira;2;;;;;;;;;;2;;;;
30/08/2018;04:51:00;37;sem vítima;611,063;BR-262/MG;Leste;Tombamento;;;1;;;;;;;;1;;;;
30/08/2018;07:26:00;85;sem vítima;381,8;BR-262/MG;Leste;Choque - Defensa, barreira ou "submarino";1;;;;;;;;;;2;;;;
30/08/2018;07:35:00;88;sem vítima;777,5;BR-262/MG;Oeste;Choque - Talude;1;;;;;;;;;;2;;;;
30/08/2018;08:55:00;146;sem vítima;79,4;BR-060/GO;Sul;Choque - Outros;1;;;;;;;;;;1;;;;
30/08/2018;11:23:00;280;com vítima;89,9;BR-060/GO;Norte;Choque - Elemento de Drenagem;1;;;;;;;;;;0;2;;;
30/08/2018;13:32:00;388;sem vítima;801,5;BR-262/MG;Leste;Choque - Outros;1;;;;;;;;;;2;;;;
30/08/2018;15:00:00;428;sem vítima;139;BR-153/MG;Sul;Engavetamento;;;3;;;;;;;;3;;;;
30/08/2018;18:10:00;541;com vítima;625,467;BR-262/MG;Oeste;Tombamento;;;1;;;;;;;;0;1;;;
30/08/2018;19:13:00;562;sem vítima;480;BR-262/MG;Leste;Colisão Traseira;;;1;;;;;;;1;2;;;;
30/08/2018;21:21:00;614;sem vítima;664,471;BR-262/MG;Oeste;Saida de Pista;1;;;;;;;;;;1;;;;
30/08/2018;21:49:00;624;sem vítima;354;BR-262/MG;Oeste;Choque - Talude;1;;;;;1;;;;;2;;;;
30/08/2018;22:15:00;635;com vítima;28,456;BR-060/GO;Sul;Colisão Traseira;;;;1;;1;;;;;1;;;;1
31/08/2018;00:22:00;5;sem vítima;16,5;BR-153/MG;Norte;Saida de Pista;;;1;;;;;;;;1;;;;
31/08/2018;01:36:00;22;sem vítima;429,87;BR-262/MG;Leste;Objeto lançado contra veículo;1;;1;;;;;;;;2;;;;
31/08/2018;04:41:00;45;com vítima;502,822;BR-153/GO;Sul;Choque - Defensa, barreira ou "submarino";1;;;;;;;;;;2;1;;;
31/08/2018;07:09:00;81;sem vítima;188,9;BR-153/MG;Sul;Colisão Traseira;1;;1;;;;;;;;2;;;;
31/08/2018;14:30:00;349;com vítima;82,2;BR-060/GO;Norte;Choque - Talude;1;;;;;;;;;;0;1;;;
31/08/2018;18:14:00;497;com vítima;5,4;BR-060/GO;Sul;Capotamento;1;;;;;;;;;;0;;3;;
31/08/2018;18:28:00;504;sem vítima;46;BR-060/GO;Norte;Choque - Suporte de Sinalização;;;;;;;;;;1;1;;;;
31/08/2018;19:02:00;519;com vítima;504,2;BR-153/GO;Norte;Queda de Moto;;;;1;;;;;;;1;1;;;
31/08/2018;20:46:00;579;com vítima;506;BR-153/GO;Sul;Atropelamento - Usuário;;;;1;1;;;;;;2;;;1;
31/08/2018;22:45:00;632;com vítima;48;BR-060/GO;Norte;Colisão Lateral;1;;;1;;;;;;;3;2;;;
31/08/2018;23:18:00;642;sem vítima;119,7;BR-153/MG;Norte;Choque - Talude;1;;;;;;;;;;1;;;;
01/09/2018;03:42:00;63;sem vítima;1,5;BR-153/MG;Sul;Choque - Suporte de Sinalização;1;;;;;;;;;;1;;;;
01/09/2018;04:21:00;74;sem vítima;58,7;BR-153/MG;Norte;Colisão Traseira;2;;;;;;;;;;2;;;;
01/09/2018;06:30:00;111;com vítima;22,7;BR-060/GO;Norte;Tombamento;;;1;;;;;;;;0;2;;;
01/09/2018;08:34:00;169;com vítima;14,6;BR-060/DF;Norte;Choque - Poste;1;;;;;;;;;;1;1;;;
01/09/2018;12:29:00;284;sem vítima;8,8;BR-060/DF;Sul;Colisão Lateral;2;;;;;;;;;;2;;;;
01/09/2018;12:59:00;292;sem vítima;510,5;BR-153/GO;Sul;Choque - Veiculo parado na pista;1;;;1;;;;;;;2;;;;