data;horario;n_da_ocorrencia;tipo_de_ocorrencia;km;trecho;sentido;tipo_de_acidente;automovel;bicicleta;caminhao;moto;onibus;outros;tracao_animal;transporte_de_cargas_especiais;trator_maquinas;utilitarios;ilesos;levemente_feridos;moderadamente_feridos;gravemente_feridos;mortos
01/09/2018;15:18:00;368;com vítima;185,579;BR-153/MG;Sul;Capotamento;2;;;;;;;;;;0;;4;;1
01/09/2018;16:01:00;404;com vítima;655,9;BR-262/MG;Leste;Saida de Pista;1;;;;;;;;;;0;1;;;
01/09/2018;16:31:00;422;sem vítima;386;BR-262/MG;Oeste;Saida de Pista;;;1;;;;;;;;2;;;;
01/09/2018;19:27:00;511;sem vítima;134,599;BR-153/MG;Norte;Colisão Traseira;;;2;;;;;;;;2;;;;
01/09/2018;20:07:00;534;com vítima;2;BR-060/DF;Sul;Capotamento;2;;;;;;;;;;2;2;;;
01/09/2018;23:33:00;621;sem vítima;32;BR-060/GO;Sul;Atropelamento de Animal;1;;;;;;;;;;1;;;;
02/09/2018;01:05:00;13;sem vítima;517;BR-153/GO;Norte;Saida de Pista;1;;;;;;;;;;1;;;;
02/09/2018;03:04:00;36;sem vítima;128,099;BR-060/GO;Sul;Choque - Suporte de Sinalização;1;;;;;;;;;;2;;;;
02/09/2018;03:52:00;44;sem vítima;512;BR-153/GO;Norte;Saida de Pista;1;;;;;;;;;;1;;;;
02/09/2018;03:54:00;45;com vítima;508,484;BR-262/MG;Oeste;Choque - Talude;;;1;;;;;;;;0;1;;;
02/09/2018;04:26:00;52;com vítima;508,484;BR-262/MG;Oeste;Choque - Veiculo parado no acostamento;2;;;;;;;;;;1;1;;;
02/09/2018;05:56:00;70;com vítima;101,6;BR-060/GO;Norte;Capotamento;1;;;;;;;;;;0;1;;;
02/09/2018;06:10:00;77;sem vítima;13,9;BR-153/MG;Sul;Tombamento;;;1;;;;;;;;1;;;;
02/09/2018;11:54:00;227;sem vítima;447,5;BR-262/MG;Leste;Queda de Moto;;;;1;;;;;;;2;;;;
02/09/2018;15:35:00;328;com vítima;448;BR-262/MG;Leste;Queda de Moto;;;;1;;;;;;;0;1;;;
02/09/2018;15:52:00;346;sem vítima;382;BR-262/MG;Leste;Queda de Moto;;;;1;;;;;;;1;;;;
02/09/2018;16:57:00;379;sem vítima;106;BR-153/MG;Sul;Colisão Traseira;;;2;;;;;;;;2;;;;
02/09/2018;18:13:00;426;sem vítima;370,6;BR-262/MG;Leste;Saida de Pista;1;;;;;;;;;;1;;;;
02/09/2018;19:10:00;457;sem vítima;498;BR-153/GO;Sul;Choque - Defensa, barreira ou "submarino";1;;;;;1;;;;;4;;;;
02/09/2018;21:40:00;539;com vítima;100;BR-060/GO;Norte;Capotamento;1;;;;;;;;;;0;1;2;;
02/09/2018;22:14:00;552;sem vítima;360,696;BR-262/MG;Oeste;Atropelamento de Animal;1;;;;;;;;;;1;;;;
03/09/2018;05:16:00;55;sem vítima;8,225;BR-153/MG;Sul;Saida de Pista;1;;;;;;;;;;1;;;;
03/09/2018;05:28:00;57;com vítima;505;BR-153/GO;Sul;Atropelamento - Andarilho;;;;1;;;;;;;0;1;;;
03/09/2018;06:30:00;68;com vítima;487,7;BR-262/MG;Oeste;Queda de Ciclista;;;;1;;;;;;;0;;1;;
03/09/2018;08:28:00;119;sem vítima;507,7;BR-153/GO;Norte;Engavetamento;4;;;;;;;;;;4;;;;
03/09/2018;11:01:00;218;sem vítima;84,7;BR-060/GO;Sul;Tombamento;;;1;;;;;;;;1;;;;
03/09/2018;16:46:00;393;sem vítima;125;BR-153/MG;Norte;Colisão Lateral;;;;;;1;;;;1;4;;;;
03/09/2018;18:59:00;444;sem vítima;508,046;BR-153/GO;Norte;Colisão Traseira;3;;;;;;;;;;9;;;;
03/09/2018;19:17:00;454;com vítima;515,001;BR-153/GO;Norte;Queda de Moto;;;;1;;;;;;;0;1;1;;
03/09/2018;21:00:00;495;sem vítima;1,951;BR-060/GO;Norte;Colisão Traseira;1;;;;;;;;;;2;;;;
04/09/2018;05:23:00;57;sem vítima;369,163;BR-262/MG;Leste;Capotamento;1;;;;;1;;;;;2;;;;
04/09/2018;06:36:00;76;com vítima;452,9;BR-262/MG;Leste;Tombamento;;;1;;;;;;;;2;1;;;
04/09/2018;08:59:00;138;sem vítima;559;BR-262/MG;Leste;Saida de Pista;1;;;;;;;;;;1;;;;
04/09/2018;09:24:00;166;com vítima;615,25;BR-153/GO;Sul;Choque - Suporte de Sinalização;;;;;;;;;;1;0;2;;;
04/09/2018;12:38:00;290;sem vítima;499,95;BR-153/GO;Sul;Colisão Traseira;2;;;;;;;;;;2;;;;
04/09/2018;13:24:00;322;sem vítima;505,4;BR-153/GO;Norte;Colisão Traseira;1;;1;;;;;;;;2;;;;
04/09/2018;16:52:00;422;com vítima;495,2;BR-153/GO;Sul;Colisão Traseira;;1;1;;;;;;;;1;;1;;
04/09/2018;17:04:00;427;com vítima;631,5;BR-153/GO;Sul;Colisão Traseira;;;1;1;;;;;;;1;;;;1
04/09/2018;19:03:00;491;com vítima;17,5;BR-153/MG;Norte;Colisão Traseira;2;;;;;;;;;;0;1;1;;
05/09/2018;05:49:00;68;sem vítima;398,526;BR-262/MG;Oeste;Choque - Elemento de Drenagem;1;;;;;;;;;;1;;;;
05/09/2018;07:12:00;94;sem vítima;528,5;BR-153/GO;Sul;Colisão Lateral;1;;;1;;;;;;;2;;;;
05/09/2018;10:20:00;222;sem vítima;690;BR-262/MG;Oeste;Colisão Traseira;;;2;;;;;;;;2;;;;
05/09/2018;13:30:00;339;com vítima;508,9;BR-153/GO;Norte;Colisão Traseira;;;;1;;;;;;;0;;1;;
05/09/2018;13:41:00;342;sem vítima;696,41;BR-262/MG;Oeste;Choque - Talude;1;;;;;;;;;;1;;;;
05/09/2018;19:32:00;517;com vítima;643,2;BR-153/GO;Norte;Queda de Moto;;;;1;;;;;;;0;;1;1;
05/09/2018;22:04:00;586;sem vítima;757;BR-262/MG;Oeste;Tombamento;;;1;;;;;;;;1;;;;
05/09/2018;23:27:00;621;sem vítima;371,5;BR-262/MG;Oeste;Choque - Elemento de Drenagem;2;;;;;;;;;;6;;;;
05/09/2018;23:31:00;623;com vítima;619,2;BR-153/GO;Norte;Choque - Suporte de Sinalização;;;;1;;;;;;;0;1;;;
06/09/2018;00:40:00;12;sem vítima;45;BR-153/MG;Sul;Tombamento;;;1;;;;;;;;1;;;;
06/09/2018;01:14:00;17;sem vítima;43;BR-153/MG;Sul;Colisão Traseira;2;;;;;;;;;;2;;;;
06/09/2018;07:22:00;113;sem vítima;480;BR-262/MG;Leste;Colisão Traseira;1;;;;;1;;;;;2;;;;
06/09/2018;07:23:00;115;sem vítima;736;BR-262/MG;Leste;Colisão Transversal;;;2;;;;;;;;2;;;;
06/09/2018;07:39:00;126;sem vítima;499,1;BR-153/GO;Sul;Engavetamento;4;;;;;;;;;;4;;;;
06/09/2018;08:03:00;143;sem vítima;495;BR-153/GO;Sul;Engavetamento;3;;;;;;;;;2;7;;;;
06/09/2018;08:14:00;150;sem vítima;501,3;BR-153/GO;Sul;Engavetamento;4;;;;;;;;;1;6;;;;
06/09/2018;10:49:00;259;sem vítima;122;BR-060/GO;Norte;Engavetamento;3;;;;;;;;;;4;;;;
06/09/2018;11:35:00;288;com vítima;665;BR-262/MG;Oeste;Engavetamento;3;;1;;;;;;;;4;2;1;;
06/09/2018;13:00:00;326;com vítima;500,5;BR-153/GO;Sul;Colisão Traseira;1;;;1;;;;;;;1;1;;;
06/09/2018;14:20:00;379;sem vítima;23,4;BR-060/DF;Norte;Tombamento;;;;;;;;;;1;1;;;;
06/09/2018;15:08:00;412;com vítima;25,523;BR-060/GO;Norte;Capotamento;1;;;;;;;;;;0;2;;;
06/09/2018;17:24:00;511;com vítima;458;BR-262/MG;Oeste;Colisão Traseira;1;;1;1;;;;;;;2;1;;;
06/09/2018;18:33:00;550;sem vítima;502,8;BR-153/GO;Norte;Colisão Traseira;2;;;;;1;;;;;3;;;;
06/09/2018;19:53:00;591;sem vítima;653;BR-262/MG;Leste;Saida de Pista;1;;;;;;;;;;1;;;;
06/09/2018;23:54:00;687;sem vítima;438;BR-262/MG;Leste;Choque - Poste;1;;;;;;;;;;1;;;;
07/09/2018;02:26:00;31;sem vítima;513;BR-262/MG;Leste;Colisão Traseira;1;;;;;1;;;;;2;;;;
07/09/2018;04:47:00;47;sem vítima;503,562;BR-153/GO;Sul;Colisão Lateral;2;;;;;;;;;;3;;;;
07/09/2018;07:20:00;78;sem vítima;47,23;BR-060/GO;Sul;Choque - Defensa, barreira ou "submarino";1;;1;;;;;;;;5;;;;
07/09/2018;09:45:00;192;sem vítima;473;BR-262/MG;Oeste;Colisão Traseira;1;;;1;;;;;;;2;;;;
07/09/2018;10:40:00;230;com vítima;86,6;BR-060/GO;Norte;Capotamento;1;;;;;;;;;;1;1;;;
07/09/2018;11:10:00;250;sem vítima;109,8;BR-060/GO;Norte;Colisão Traseira;1;;;;;;;;;1;2;;;;
07/09/2018;11:24:00;259;sem vítima;129;BR-060/GO;Sul;Engavetamento;3;;;;;;;;;;6;;;;
07/09/2018;12:43:00;306;sem vítima;36;BR-060/GO;Sul;Capotamento;1;;;;;;;;;;1;;;;
07/09/2018;13:13:00;325;com vítima;44,95;BR-060/GO;Sul;Capotamento;1;;;;;1;;;;;3;2;;;
07/09/2018;13:39:00;339;com vítima;128;BR-060/GO;Norte;Choque - Veiculo parado no acostamento;1;;;;;;;;;;0;;1;;
07/09/2018;18:52:00;544;sem vítima;510,6;BR-153/GO;Norte;Choque - Defensa, barreira ou "submarino";1;;;;;;;;;;1;;;;
07/09/2018;19:37:00;556;com vítima;535,7;BR-153/GO;Norte;Capotamento;;;;;;;;;;1;0;1;;;
08/09/2018;13:26:00;259;com vítima;0,7;BR-060/GO;Sul;Capotamento;;;;;;;;;;1;0;;2;;1
08/09/2018;13:42:00;267;com vítima;621,2;BR-153/GO;Sul;Capotamento;;;;;;;;;;1;0;1;;;
08/09/2018;16:17:00;340;com vítima;101,1;BR-060/GO;Sul;Colisão Traseira;1;;;1;;;;;;;3;1;;;
08/09/2018;16:57:00;365;sem vítima;134;BR-060/GO;Norte;Colisão Lateral;1;;;;1;;;;;;2;;;;
08/09/2018;17:37:00;390;com vítima;687,5;BR-262/MG;Oeste;Tombamento;;;1;;;;;;;;0;1;;;
08/09/2018;17:55:00;398;sem vítima;4;BR-060/DF;Norte;Colisão Lateral;2;;;;;;;;;;4;;;;
08/09/2018;18:22:00;418;com vítima;565;BR-262/MG;Leste;Capotamento;1;;;;;;;;;;1;;1;;
08/09/2018;20:24:00;475;sem vítima;362;BR-262/MG;Leste;Atropelamento de Animal;1;;;;;;;;;;1;;;;
08/09/2018;23:21:00;543;sem vítima;356;BR-262/MG;Leste;Atropelamento de Animal;;;;;;;;;;1;5;;;;
09/09/2018;01:30:00;24;sem vítima;585;BR-153/GO;Norte;Colisão Traseira;1;;1;;;;;;;;4;;;;
09/09/2018;04:40:00;46;com vítima;504,1;BR-153/GO;Norte;Colisão Frontal;1;;;1;;;;;;;1;;1;;
09/09/2018;08:20:00;112;sem vítima;369;BR-262/MG;Oeste;Saida de Pista;;;;;;;;;;1;1;;;;
09/09/2018;09:18:00;134;sem vítima;729;BR-262/MG;Leste;Tombamento;;;;;;;;;;1;1;;;;
09/09/2018;10:31:00;172;sem vítima;649,5;BR-153/GO;Norte;Saida de Pista;1;;;;;;;;;;1;;;;
09/09/2018;10:54:00;194;sem vítima;421,493;BR-262/MG;Oeste;Saida de Pista;1;;;;;;;;;;1;;;;
09/09/2018;11:14:00;202;sem vítima;355,535;BR-262/MG;Oeste;Tombamento;1;;1;;;;;;;;2;;;;
09/09/2018;12:25:00;232;com vítima;16,7;BR-060/DF;Sul;Capotamento;1;;;;;;;;;;0;1;;;
09/09/2018;14:16:00;282;com vítima;171,7;BR-153/MG;Sul;Capotamento;;;1;;;;;;;;0;1;;;
09/09/2018;15:39:00;335;sem vítima;28;BR-153/MG;Norte;Saida de Pista;;;1;;;;;;;;1;;;;
09/09/2018;15:46:00;339;sem vítima;527;BR-153/GO;Norte;Engavetamento;2;;;;;;;;;1;3;;;;
09/09/2018;15:56:00;351;sem vítima;744;BR-262/MG;Oeste;Saida de Pista;1;;;;;;;;;;1;;;;
09/09/2018;17:12:00;406;sem vítima;28;BR-153/MG;Norte;Colisão Traseira;;;2;;;;;;;;2;;;;
09/09/2018;17:40:00;433;com vítima;476,85;BR-262/MG;Oeste;Colisão Lateral;1;;;1;;;;;;;2;1;;;
09/09/2018;17:59:00;452;com vítima;449,98;BR-262/MG;Oeste;Colisão Traseira;;;;2;;;;;;;2;1;;;
09/09/2018;18:17:00;471;sem vítima;580,3;BR-153/GO;Norte;Colisão Lateral;2;;;;;;;;;;4;;;;
09/09/2018;18:38:00;489;sem vítima;478;BR-262/MG;Oeste;Colisão Lateral;2;;;;;;;;;;2;;;;
09/09/2018;18:38:00;490;sem vítima;3;BR-060/GO;Norte;Engavetamento;3;;;;;;;;;;10;;;;
09/09/2018;19:10:00;519;sem vítima;21;BR-060/GO;Norte;Saida de Pista;1;;;;;;;;;;1;;;;
09/09/2018;19:37:00;534;sem vítima;452;BR-262/MG;Oeste;Engavetamento;2;;;;;3;;;;;9;;;;
09/09/2018;19:46:00;541;com vítima;446;BR-262/MG;Oeste;Colisão Lateral;2;;;;;;;;;;1;1;;;
10/09/2018;02:47:00;31;com vítima;501,1;BR-153/GO;Norte;Queda de Moto;;;;1;;;;;;;0;1;;;
10/09/2018;03:54:00;40;sem vítima;641;BR-262/MG;Oeste;Atropelamento de Animal;;;;;;;;;;1;2;;;;
10/09/2018;07:23:00;101;sem vítima;2,3;BR-060/GO;Norte;Colisão Traseira;2;;;;;;;;;1;5;;;;
10/09/2018;09:26:00;189;sem vítima;73,9;BR-060/GO;Sul;Capotamento;;;1;;;;;;;;1;;;;
10/09/2018;13:42:00;355;sem vítima;380,7;BR-262/MG;Leste;Tombamento;;;;;;;;;;1;1;;;;
10/09/2018;17:29:00;475;com vítima;757,693;BR-262/MG;Leste;Colisão Frontal;;;1;;;;;;;1;0;1;;1;
10/09/2018;19:51:00;534;com vítima;496,464;BR-153/GO;Sul;Capotamento;1;;;;;;;;;;2;;1;;
11/09/2018;06:34:00;60;com vítima;366;BR-262/MG;Leste;Colisão Traseira;;;;1;;;;;;1;1;1;;;
11/09/2018;07:37:00;88;sem vítima;514,2;BR-153/GO;Sul;Colisão Transversal;1;;;1;1;;;;;;4;;;;
11/09/2018;09:09:00;154;com vítima;25,7;BR-060/DF;Sul;Capotamento;1;;;;;;;;;;4;1;;;
11/09/2018;09:42:00;185;com vítima;9,006;BR-060/DF;Norte;Colisão Traseira;1;;;;;1;;;;;1;;1;;
11/09/2018;13:23:00;312;com vítima;32,1;BR-060/GO;Norte;Colisão Transversal;1;;;1;;;;;;;2;1;;;
11/09/2018;14:36:00;355;sem vítima;107,8;BR-060/GO;Sul;Colisão Lateral;;;1;;;;;;;1;2;;;;
11/09/2018;16:17:00;415;sem vítima;14,1;BR-060/DF;Sul;Colisão Traseira;2;;;;;;;;;;2;;;;
11/09/2018;23:08:00;604;com vítima;365;BR-262/MG;Oeste;Choque - Suporte de Sinalização;;;;;;;;;;1;2;1;;;
12/09/2018;12:51:00;299;sem vítima;31,8;BR-060/GO;Norte;Colisão Frontal;1;;;;;;;;;1;2;;;;
12/09/2018;14:16:00;349;sem vítima;705;BR-262/MG;Leste;Saida de Pista;;;1;;;;;;;;1;;;;
12/09/2018;16:13:00;432;com vítima;590,146;BR-262/MG;Leste;Colisão Lateral;1;;1;;;;;;;;1;;;;1
12/09/2018;16:37:00;454;sem vítima;460;BR-262/MG;Leste;Colisão Traseira;1;;1;;;;;;;;2;;;;
12/09/2018;17:32:00;493;sem vítima;633;BR-153/GO;Sul;Choque - Veiculo parado na pista;1;;;1;;;;;;;3;;;;
12/09/2018;18:42:00;541;com vítima;577;BR-262/MG;Leste;Colisão Lateral;1;;1;;;;;;;;0;1;1;;
12/09/2018;21:53:00;628;sem vítima;58,899;BR-153/MG;Sul;Colisão Traseira;;;2;;;;;;;;2;;;;
13/09/2018;00:25:00;9;com vítima;629,6;BR-153/GO;Sul;Saida de Pista;1;;;;;1;;;;;1;1;;;
13/09/2018;05:20:00;76;com vítima;41,399;BR-060/GO;Sul;Colisão Traseira;1;;;1;;;;;;;2;;1;;
13/09/2018;06:05:00;86;sem vítima;510,6;BR-153/GO;Norte;;1;;1;;;;;;;;2;;;;
13/09/2018;06:33:00;104;sem vítima;79,2;BR-060/GO;Norte;Choque - Suporte de Sinalização;1;;;;;;;;;;1;;;;
13/09/2018;06:45:00;111;sem vítima;15,4;BR-060/GO;Norte;Colisão Traseira;;;2;;;;;;;;2;;;;
13/09/2018;08:26:00;183;sem vítima;364;BR-262/MG;Oeste;Capotamento;;;;;;;;;;1;3;;;;
13/09/2018;08:56:00;217;com vítima;55,7;BR-060/GO;Norte;Colisão Traseira;;;2;;;;;;;;1;;;1;
13/09/2018;10:16:00;267;com vítima;107,9;BR-060/GO;Sul;Colisão Traseira;2;;;;;;;;;;4;1;;;
13/09/2018;10:34:00;277;com vítima;124,4;BR-060/GO;Norte;;;;;1;;;;;;;0;2;;;
13/09/2018;11:36:00;322;com vítima;483,381;BR-262/MG;Oeste;Saida de Pista;;;;;;;;;;1;0;1;;;
13/09/2018;16:53:00;527;sem vítima;506,5;BR-153/GO;Sul;Choque - Poste;;;1;;;;;;;;2;;;;
13/09/2018;17:17:00;540;com vítima;633,6;BR-153/GO;Norte;Capotamento;1;;;;;;;;;;0;;1;;
13/09/2018;18:00:00;567;sem vítima;559;BR-153/GO;Sul;Saida de Pista;1;;;;;;;;;;1;;;;
13/09/2018;18:33:00;583;sem vítima;564;BR-153/GO;Norte;Choque - Arvore;1;;;;;;;;;;1;;;;
13/09/2018;20:07:00;635;sem vítima;595;BR-262/MG;Leste;Choque - Talude;;;;;;;;;;1;2;;;;
13/09/2018;20:30:00;646;com vítima;410;BR-262/MG;Leste;Queda de Moto;;;;1;;;;;;;1;;1;;
13/09/2018;20:54:00;659;com vítima;37,5;BR-060/GO;Sul;Atropelamento - Andarilho;1;;;;;;;;;;1;;;;1
13/09/2018;21:16:00;673;sem vítima;598;BR-262/MG;Oeste;Saida de Pista;1;;;;;;;;;;4;;;;
13/09/2018;22:56:00;710;sem vítima;547;BR-262/MG;Oeste;Capotamento;1;;;;;;;;;;1;;;;
14/09/2018;05:32:00;77;sem vítima;594,5;BR-262/MG;Oeste;Carreta deu L;;;1;;;;;;;;1;;;;
14/09/2018;06:44:00;112;sem vítima;141,3;BR-153/MG;Sul;Colisão Traseira;;;1;;1;;;;;;24;;;;
14/09/2018;06:44:00;113;com vítima;508,7;BR-153/GO;Norte;Colisão Traseira;;;2;;;;;;;;1;1;;;
14/09/2018;06:47:00;115;sem vítima;508,1;BR-153/GO;Norte;Engavetamento;3;;;;;;;;;;4;;;;
14/09/2018;13:46:00;395;sem vítima;7,5;BR-060/DF;Norte;Capotamento;1;;;;;;;;;;1;;;;
14/09/2018;14:39:00;425;com vítima;102,8;BR-153/MG;Norte;Choque - Arvore;;;1;;;;;;;;0;1;;;
14/09/2018;15:18:00;440;sem vítima;599,6;BR-153/GO;Sul;Choque - Suporte de Sinalização;;;1;;;;;;;;1;;;;
14/09/2018;15:31:00;447;sem vítima;530;BR-153/GO;Sul;Colisão Traseira;;;;;;;;;;2;2;;;;
14/09/2018;15:37:00;450;com vítima;777,3;BR-262/MG;Leste;Choque - Arvore;1;;;;;;;;;;0;1;1;;
14/09/2018;18:18:00;556;sem vítima;547,5;BR-262/MG;Oeste;Carreta deu L;;;1;;;;;;;;1;;;;
14/09/2018;18:20:00;557;sem vítima;481;BR-262/MG;Oeste;Colisão Traseira;;;1;;;;;;;1;3;;;;
14/09/2018;18:25:00;560;sem vítima;518,5;BR-262/MG;Leste;Saida de Pista;;;1;;;;;;;;1;;;;
14/09/2018;18:30:00;562;sem vítima;581;BR-262/MG;Oeste;Saida de Pista;1;;;;;;;;;;3;;;;
14/09/2018;18:34:00;566;sem vítima;34;BR-153/MG;Norte;Choque - Talude;1;;;;;;;;;;1;;;;
14/09/2018;21:24:00;639;sem vítima;591,5;BR-262/MG;Leste;;;;;;;;;;;1;1;;;;
14/09/2018;23:46:00;682;sem vítima;353;BR-262/MG;Oeste;Saida de Pista;1;;;;;;;;;;1;;;;
14/09/2018;23:59:00;686;sem vítima;360;BR-262/MG;Oeste;Saida de Pista;1;;;;;;;;;;1;;;;
15/09/2018;03:37:00;35;com vítima;210;BR-153/MG;Norte;Capotamento;1;;;;;;;;;;0;1;;;
15/09/2018;08:11:00;134;sem vítima;382;BR-262/MG;Oeste;Choque - Defensa, barreira ou "submarino";1;;;;;;;;;;1;;;;
15/09/2018;08:11:00;145;sem vítima;382;BR-262/MG;Oeste;Choque - Defensa, barreira ou "submarino";1;;;;;;;;;;1;;;;
15/09/2018;08:11:00;154;sem vítima;382;BR-262/MG;Oeste;Capotamento;;;;;;;;;;1;1;;;;
15/09/2018;09:40:00;218;sem vítima;494;BR-262/MG;Leste;Colisão Traseira;1;;1;;;;;;;;4;;;;
15/09/2018;10:45:00;271;sem vítima;400,5;BR-262/MG;Leste;Capotamento;1;;;;;;;;;;1;;;;
15/09/2018;11:24:00;308;sem vítima;1,05;BR-060/GO;Sul;Colisão Lateral;1;;;;;1;;;;;2;;;;
15/09/2018;12:16:00;337;sem vítima;3,9;BR-060/GO;Sul;Choque - Defensa, barreira ou "submarino";1;;;;;;;;;;3;;;;
15/09/2018;16:27:00;437;com vítima;583;BR-262/MG;Leste;Capotamento;;;;;;;;;;1;0;2;1;;
15/09/2018;17:15:00;472;sem vítima;494,8;BR-153/GO;Sul;Engavetamento;3;;;;;;;;;;8;;;;
15/09/2018;17:35:00;492;sem vítima;380,8;BR-262/MG;Leste;Choque - Elemento de Drenagem;1;;;;;;;;;;2;;;;
15/09/2018;18:34:00;522;com vítima;520,7;BR-153/GO;Norte;Choque - Elemento de Drenagem;1;;;;;;;;;;0;;1;;
15/09/2018;20:07:00;565;sem vítima;429,67;BR-262/MG;Oeste;Capotamento;;;1;;;;;;;;1;;;;
15/09/2018;22:14:00;613;com vítima;569;BR-262/MG;Leste;Colisão Lateral;1;;1;;;;;;;;1;1;;;
16/09/2018;04:50:00;48;sem vítima;475;BR-262/MG;Oeste;Saida de Pista;1;;;;;;;;;;1;;;;
16/09/2018;06:10:00;64;com vítima;368;BR-262/MG;Oeste;Capotamento;;;;;;;;;;1;0;;2;;
16/09/2018;09:07:00;165;sem vítima;378,7;BR-262/MG;Oeste;Capotamento;;;;;;;;;;1;2;;;;
16/09/2018;10:14:00;231;com vítima;12;BR-060/DF;Sul;Choque - Arvore;1;;;;;;;;;;0;1;;;
16/09/2018;13:04:00;337;sem vítima;91,5;BR-153/MG;Sul;Tombamento;;;1;;;;;;;;1;;;;
16/09/2018;14:44:00;377;com vítima;413;BR-262/MG;Leste;Choque - Poste;1;;;;;;;;;;0;;;1;3
16/09/2018;15:27:00;406;sem vítima;517,95;BR-153/GO;Sul;Capotamento;1;;;;;;;;;;4;;;;
16/09/2018;15:30:00;408;sem vítima;591;BR-262/MG;Leste;Capotamento;1;;;;;;;;;;2;;;;
16/09/2018;15:44:00;416;com vítima;811;BR-262/MG;Leste;Choque - Defensa, barreira ou "submarino";1;;;;;;;;;;0;;1;;
16/09/2018;16:00:00;426;com vítima;105;BR-153/MG;Norte;Capotamento;;;;;;;;;;1;1;2;;;
16/09/2018;16:13:00;437;sem vítima;188;BR-153/MG;Sul;Choque - Arvore;1;;;;;;;;;;1;;;;
16/09/2018;17:11:00;462;sem vítima;574;BR-262/MG;Leste;Capotamento;1;;;;;;;;;;3;;;;
16/09/2018;18:24:00;496;sem vítima;537;BR-153/GO;Norte;Atropelamento de Animal;;;1;;;;;;;;1;;;;
16/09/2018;18:26:00;498;sem vítima;365,8;BR-262/MG;Leste;Choque - Elemento de Drenagem;1;;;;;;;;;;1;;;;
16/09/2018;21:41:00;583;sem vítima;725;BR-262/MG;Leste;Atropelamento de Animal;1;;;;;;;;;;2;;;;
16/09/2018;21:43:00;585;sem vítima;725;BR-262/MG;Oeste;Atropelamento de Animal;1;;;;;;;;;;2;;;;
16/09/2018;22:20:00;607;sem vítima;17;BR-153/MG;Sul;Tombamento;1;;;;;;;;;;1;;;;
16/09/2018;22:34:00;613;sem vítima;90;BR-060/GO;Norte;Colisão Lateral;1;;1;;;;;;;;2;;;;
16/09/2018;22:50:00;618;sem vítima;607,2;BR-153/GO;Norte;Saida de Pista;;;1;;;;;;;;1;;;;
16/09/2018;23:40:00;629;sem vítima;366,5;BR-262/MG;Leste;Saida de Pista;1;;;;;;;;;;1;;;;
17/09/2018;00:01:00;2;sem vítima;664;BR-262/MG;Oeste;Colisão Lateral;1;;1;;;;;;;;2;;;;
17/09/2018;01:09:00;14;sem vítima;385;BR-262/MG;Leste;Colisão Traseira;1;;1;;;;;;;;2;;;;
17/09/2018;03:42:00;37;sem vítima;124,4;BR-060/GO;Sul;Choque - Defensa, barreira ou "submarino";;;1;;;;;;;;2;;;;
17/09/2018;06:25:00;60;com vítima;354,344;BR-262/MG;Leste;Capotamento;1;;;;;;;;;;3;;3;;
17/09/2018;06:29:00;65;sem vítima;120;BR-060/GO;Sul;Tombamento;;;1;;;;;;;;2;;;;
17/09/2018;06:58:00;76;sem vítima;547,028;BR-262/MG;Oeste;Capotamento;1;;;;;;;;;;1;;;;
17/09/2018;07:45:00;103;sem vítima;356,404;BR-262/MG;Leste;Colisão Lateral;1;;;1;;;;;;;2;;;;
17/09/2018;08:13:00;118;com vítima;549;BR-262/MG;Leste;Capotamento;1;;;;;;;;;;0;;1;;
17/09/2018;08:48:00;154;sem vítima;800,389;BR-262/MG;Oeste;Colisão Transversal;1;;1;;;;;;;;2;;;;
17/09/2018;09:47:00;193;sem vítima;380,517;BR-262/MG;Leste;Capotamento;1;;;;;;;;;;1;;;;
17/09/2018;15:50:00;377;sem vítima;380,527;BR-262/MG;Leste;Choque - Elemento de Drenagem;1;;;;;;;;;;1;;;;
17/09/2018;17:02:00;413;sem vítima;33,5;BR-060/GO;Norte;Colisão Traseira;1;;;;;;;;;1;3;;;;
17/09/2018;18:19:00;451;sem vítima;501,9;BR-153/GO;Sul;Engavetamento;3;;;;;;;;;;3;;;;
17/09/2018;22:05:00;534;com vítima;610;BR-262/MG;Leste;Choque - Talude;1;;;;;;;;;;0;1;;;
18/09/2018;06:57:00;68;com vítima;447;BR-262/MG;Oeste;Colisão Lateral;;;;;;2;;;;;0;1;1;;
18/09/2018;08:02:00;98;com vítima;496,962;BR-153/GO;Sul;Queda de Moto;;;;1;;;;;;;0;1;;;
18/09/2018;11:23:00;287;sem vítima;497;BR-262/MG;Leste;Colisão Traseira;;;2;;;1;;;;;3;;;;
18/09/2018;13:19:00;360;sem vítima;597,459;BR-262/MG;Oeste;Tombamento;;;1;;;;;;;;2;;;;
18/09/2018;14:02:00;377;sem vítima;580,5;BR-262/MG;Leste;Tombamento;;;1;;;;;;;;9;;;;
18/09/2018;14:23:00;391;sem vítima;14,07;BR-060/DF;Norte;Colisão Traseira;1;;;;;;;;;1;2;;;;
18/09/2018;14:38:00;398;sem vítima;534,65;BR-262/MG;Leste;Saida de Pista;1;;;;;;;;;;2;;;;
18/09/2018;15:50:00;449;sem vítima;117;BR-060/GO;Sul;Colisão Traseira;2;;;;;;;;;;2;;;;
18/09/2018;16:39:00;473;sem vítima;58,3;BR-153/MG;Sul;Tombamento;;;1;;;;;;;;1;;;;
18/09/2018;16:48:00;480;sem vítima;381,8;BR-262/MG;Oeste;Choque - Defensa, barreira ou "submarino";1;;;;;;;;;;1;;;;
18/09/2018;16:50:00;484;sem vítima;594;BR-262/MG;Leste;Saida de Pista;;;1;;;;;;;;1;;;;