data;horario;n_da_ocorrencia;tipo_de_ocorrencia;km;trecho;sentido;tipo_de_acidente;automovel;bicicleta;caminhao;moto;onibus;outros;tracao_animal;transporte_de_cargas_especiais;trator_maquinas;utilitarios;ilesos;levemente_feridos;moderadamente_feridos;gravemente_feridos;mortos
18/09/2018;18:14:00;535;sem vítima;506,001;BR-153/GO;Sul;Queda de Moto;;;;1;;;;;;;1;;;;
18/09/2018;19:12:00;552;com vítima;693,371;BR-153/GO;Norte;Capotamento;1;;;;;;;;;;0;;2;;
18/09/2018;20:45:00;595;sem vítima;528,6;BR-262/MG;Leste;Tombamento;;;1;;;;;;;;1;;;;
18/09/2018;21:38:00;619;sem vítima;364;BR-262/MG;Leste;Colisão Traseira;;;2;;;;;;;;2;;;;
18/09/2018;22:03:00;623;sem vítima;576;BR-262/MG;Oeste;Carreta deu L;;;1;;;1;;;;;2;;;;
19/09/2018;00:49:00;8;sem vítima;94;BR-153/MG;Norte;Atropelamento de Animal;;;2;;;;;;;;2;;;;
19/09/2018;08:23:00;116;com vítima;490,7;BR-153/GO;Norte;Choque - Veiculo parado na pista;1;;;;;;;;;1;2;1;;;
19/09/2018;10:42:00;249;com vítima;13,1;BR-060/GO;Sul;Capotamento;1;;;;;;;;;;0;;;1;
19/09/2018;11:55:00;305;com vítima;96,07;BR-060/GO;Sul;Colisão Transversal;1;;;1;;;;;;;1;2;;;
19/09/2018;14:21:00;393;sem vítima;8;BR-060/DF;Norte;Colisão Traseira;1;;;;;;;;;;1;;;;
19/09/2018;14:45:00;402;sem vítima;96,4;BR-060/GO;Sul;Carreta deu L;;;1;;;;;;;;1;;;;
19/09/2018;14:51:00;410;sem vítima;554;BR-262/MG;Leste;Colisão Lateral;;;2;;;;;;;;2;;;;
19/09/2018;15:12:00;420;sem vítima;113,8;BR-060/GO;Sul;Tombamento;;;1;;;;;;;;1;;;;
19/09/2018;16:25:00;458;sem vítima;28,4;BR-060/DF;Norte;Choque - Talude;1;;;;;;;;;;1;;;;
19/09/2018;16:55:00;477;sem vítima;674,6;BR-262/MG;Oeste;Choque - Talude;1;;;;;;;;;;1;;;;
19/09/2018;21:19:00;581;sem vítima;693;BR-262/MG;Oeste;Saida de Pista;1;;;;;;;;;;1;;;;
19/09/2018;23:06:00;611;com vítima;241,5;BR-153/MG;Sul;Atropelamento de Animal;1;;;;;;;;;;0;1;;;
20/09/2018;04:58:00;32;sem vítima;418;BR-262/MG;Leste;Choque - Veiculo parado na pista;;;2;;;;;;;;4;;;;
20/09/2018;06:34:00;51;sem vítima;49,986;BR-060/GO;Sul;Tombamento;;;1;;;;;;;;2;;;;
20/09/2018;07:10:00;65;sem vítima;12,2;BR-060/GO;Norte;Choque - Suporte de Sinalização;1;;;;;;;;;;1;;;;
20/09/2018;08:29:00;111;sem vítima;380,517;BR-262/MG;Oeste;Choque - Elemento de Drenagem;1;;;;;;;;;;1;;;;
20/09/2018;10:42:00;219;sem vítima;586,873;BR-262/MG;Oeste;Choque - Suporte de Sinalização;;;1;;;;;;;;1;;;;
20/09/2018;11:51:00;257;com vítima;381,568;BR-262/MG;Leste;Capotamento;1;;;;;;;;;;0;2;;;
20/09/2018;15:40:00;362;sem vítima;633;BR-153/GO;Sul;Capotamento;1;;;;;;;;;;1;;;;
20/09/2018;15:50:00;370;sem vítima;614;BR-153/GO;Sul;Colisão Traseira;;;1;1;;;;;;;2;;;;
20/09/2018;17:13:00;406;sem vítima;385;BR-262/MG;Oeste;Saida de Pista;1;;;;;;;;;;1;;;;
20/09/2018;17:17:00;412;sem vítima;590;BR-262/MG;Leste;Capotamento;;;;;;;;;;1;1;;;;
20/09/2018;18:24:00;452;com vítima;502,8;BR-153/GO;Sul;Colisão Traseira;1;;;1;;;;;;;2;1;;;
20/09/2018;19:23:00;485;sem vítima;137,8;BR-060/GO;Sul;Colisão Lateral;1;;;1;;;;;;;2;;;;
20/09/2018;21:57:00;559;sem vítima;26;BR-060/DF;Norte;Saida de Pista;;;;;;;;;;1;1;;;;
20/09/2018;22:02:00;563;sem vítima;86;BR-060/GO;Norte;Colisão Traseira;;;3;;;;;;;;3;;;;
20/09/2018;22:44:00;571;com vítima;104;BR-060/GO;Sul;Queda de Ciclista;;;;1;;;;;;;0;1;;;
21/09/2018;00:45:00;15;sem vítima;549;BR-262/MG;Leste;Choque - Suporte de Sinalização;1;;;;;;;;;;1;;;;
21/09/2018;04:50:00;54;sem vítima;43,3;BR-060/GO;Norte;Capotamento;1;;;;;;;;;;1;;;;
21/09/2018;06:36:00;83;sem vítima;667;BR-153/GO;Norte;Colisão Lateral;1;;;;1;;;;;;2;;;;
21/09/2018;08:10:00;135;com vítima;75,9;BR-060/GO;Sul;Capotamento;1;;;;;;;;;;1;1;;;
21/09/2018;09:03:00;179;com vítima;381,5;BR-262/MG;Oeste;Saida de Pista;1;;;;;;;;;;0;1;;;
21/09/2018;09:21:00;192;com vítima;499;BR-153/GO;Sul;Engavetamento;2;;1;;;;;;;;3;1;;;
21/09/2018;11:31:00;255;com vítima;15,3;BR-060/DF;Sul;Colisão Traseira;2;;;;;;;;;;2;1;;;
21/09/2018;11:44:00;264;sem vítima;524,9;BR-153/GO;Norte;Choque - Outros;;;1;;;;;;;;1;;;;
21/09/2018;13:50:00;324;sem vítima;493;BR-153/GO;Norte;Colisão Traseira;1;;1;;;;;;;;2;;;;
21/09/2018;14:56:00;359;com vítima;520;BR-153/GO;Norte;Capotamento;2;;;;;1;;;;;2;1;1;;
21/09/2018;19:08:00;501;sem vítima;802;BR-262/MG;Leste;Saida de Pista;1;;;;;;;;;;1;;;;
21/09/2018;19:08:00;522;sem vítima;802;BR-262/MG;Leste;Saida de Pista;1;;;;;;;;;;3;;;;
21/09/2018;20:34:00;537;sem vítima;33;BR-060/GO;Sul;Colisão Frontal;1;;;1;;;;;;;3;;;;
22/09/2018;00:10:00;6;sem vítima;385;BR-262/MG;Oeste;Choque - Elemento de Drenagem;1;;;;;;;;;;1;;;;
22/09/2018;01:02:00;12;com vítima;444;BR-262/MG;Oeste;Queda de Moto;;;;1;;;;;;;0;1;;;
22/09/2018;03:41:00;45;com vítima;609,741;BR-262/MG;Oeste;Colisão Frontal;1;;1;;;;;;;;0;;1;;1
22/09/2018;06:14:00;72;sem vítima;107,8;BR-060/GO;Sul;Choque - Veiculo parado na pista;2;;;;;;;;;;2;;;;
22/09/2018;06:46:00;85;com vítima;506,4;BR-153/GO;Norte;Queda de Moto;;;;1;;;;;;;0;1;;;
22/09/2018;07:25:00;94;com vítima;507,2;BR-153/GO;Norte;Colisão Lateral;1;;;1;;;;;;;1;1;;;
22/09/2018;07:47:00;102;com vítima;837;BR-262/MG;Oeste;Colisão Frontal;2;;;;;;;;;;0;3;;;
22/09/2018;08:57:00;145;sem vítima;453,176;BR-262/MG;Leste;Capotamento;1;;;;;;;;;;2;;;;
22/09/2018;09:31:00;169;sem vítima;418;BR-262/MG;Leste;Colisão Lateral;;;1;;;;;;;1;2;;;;
22/09/2018;11:02:00;234;sem vítima;496,02;BR-153/GO;Sul;Engavetamento;3;;;;;;;;;;4;;;;
22/09/2018;14:32:00;339;com vítima;114,1;BR-060/GO;Sul;Capotamento;1;;;;;;;;;;4;1;;;
22/09/2018;17:58:00;455;sem vítima;431;BR-262/MG;Oeste;Queda de Moto;;;;1;;;;;;;1;;;;
22/09/2018;17:59:00;456;sem vítima;132,001;BR-060/GO;Norte;Queda de Moto;;;;1;;;;;;;1;;;;
22/09/2018;18:34:00;473;sem vítima;365,269;BR-262/MG;Leste;Saida de Pista;1;;;;;;;;;;4;;;;
22/09/2018;19:40:00;510;com vítima;97,172;BR-060/GO;Sul;Queda de Moto;1;;;;;;;;;;0;1;;;
22/09/2018;19:48:00;513;sem vítima;694;BR-262/MG;Oeste;Colisão Lateral;1;;;;;;;;;1;2;;;;
22/09/2018;20:44:00;538;sem vítima;6,253;BR-060/DF;Sul;Colisão Traseira;2;;;;;;;;;;2;;;;
22/09/2018;21:59:00;555;com vítima;507,369;BR-153/GO;Norte;Colisão Traseira;1;;;1;;;;;;;1;1;;;
22/09/2018;23:04:00;575;com vítima;499,199;BR-153/GO;Sul;Choque - Outros;1;;;;;;;;;;0;1;;;
23/09/2018;00:01:00;1;sem vítima;497,522;BR-153/GO;Sul;Capotamento;1;;;;;;;;;;1;;;;
23/09/2018;11:49:00;254;com vítima;474;BR-262/MG;Oeste;Colisão Transversal;1;;1;;;;;;;;1;1;2;;2
23/09/2018;13:56:00;339;sem vítima;46,7;BR-060/GO;Sul;Colisão Lateral;1;;1;;;;;;;;2;;;;
23/09/2018;14:15:00;353;com vítima;572,3;BR-153/GO;Norte;Capotamento;1;;;;;;;;;;0;1;;1;
23/09/2018;14:25:00;358;sem vítima;584,3;BR-153/GO;Norte;Colisão Traseira;;;1;;;;;;;1;2;;;;
23/09/2018;14:42:00;369;sem vítima;42,5;BR-060/GO;Norte;Choque - Defensa, barreira ou "submarino";1;;;;;;;;;;4;;;;
23/09/2018;15:28:00;398;com vítima;100,55;BR-060/GO;Sul;Queda de Moto;;;;1;;;;;;;0;2;;;
23/09/2018;16:13:00;420;sem vítima;129;BR-060/GO;Sul;Colisão Traseira;1;;;;;1;;;;;2;;;;
23/09/2018;16:39:00;441;sem vítima;4,2;BR-060/DF;Norte;Colisão Traseira;2;;;;;;;;;;2;;;;
23/09/2018;17:02:00;456;com vítima;118;BR-060/GO;Norte;Colisão Traseira;1;;1;;;;;;;;4;1;;;
23/09/2018;17:52:00;494;sem vítima;4,5;BR-060/GO;Norte;Colisão Lateral;2;;;;;;;;;;2;;;;
24/09/2018;01:11:00;10;com vítima;45;BR-153/MG;Norte;Colisão Traseira;;;2;;;;;;;;4;;;1;
24/09/2018;01:18:00;11;sem vítima;500,5;BR-153/GO;Norte;Choque - Arvore;1;;;;;;;;;;2;;;;
24/09/2018;03:13:00;35;sem vítima;439;BR-262/MG;Oeste;Capotamento;1;;;;;;;;;;4;;;;
24/09/2018;05:55:00;58;com vítima;97;BR-060/GO;Norte;Capotamento;1;;;;;;;;;;1;;1;;
24/09/2018;08:10:00;113;sem vítima;509,7;BR-153/GO;Sul;Engavetamento;3;;;;;;;;;;3;;;;
24/09/2018;11:33:00;229;com vítima;47,5;BR-060/GO;Sul;Colisão Transversal;1;;;;;;;;;1;2;2;;;
24/09/2018;13:02:00;271;com vítima;492;BR-153/GO;Norte;Queda de Moto;;;;1;;;;;;;0;1;;;
24/09/2018;14:22:00;307;sem vítima;473;BR-262/MG;Oeste;Colisão Traseira;2;;;;;;;;;;2;;;;
24/09/2018;17:07:00;398;sem vítima;29,1;BR-060/GO;Sul;Colisão Traseira;;;2;;;;;;;;2;;;;
24/09/2018;19:25:00;483;sem vítima;3;BR-060/DF;Sul;Colisão Lateral;2;;;;;;;;;;2;;;;
24/09/2018;20:51:00;519;sem vítima;7;BR-060/DF;Sul;Colisão Lateral;2;;;;;;;;;;2;;;;
24/09/2018;23:42:00;596;com vítima;38,7;BR-060/GO;Sul;Tombamento;;;1;;;;;;;;0;1;;;
25/09/2018;01:11:00;17;com vítima;504;BR-153/GO;Sul;Choque - Defensa, barreira ou "submarino";2;;;;;;;;;;1;;1;;
25/09/2018;02:50:00;28;sem vítima;514;BR-153/GO;Norte;Choque - Elemento de Drenagem;1;;;;;;;;;;2;;;;
25/09/2018;08:39:00;136;sem vítima;368,665;BR-262/MG;Leste;Colisão Lateral;2;;;;;;;;;;2;;;;
25/09/2018;10:57:00;224;sem vítima;29;BR-060/DF;Sul;Saida de Pista;1;;;;;;;;;;1;;;;
25/09/2018;11:21:00;236;sem vítima;442;BR-262/MG;Leste;Colisão Traseira;1;;;1;;;;;;;2;;;;
25/09/2018;17:35:00;462;com vítima;75,5;BR-153/MG;Norte;Saida de Pista;;;1;;;;;;;;0;1;;;
25/09/2018;18:44:00;499;com vítima;608;BR-262/MG;Oeste;Capotamento;;;1;;;;;;;;0;;1;;1
25/09/2018;21:59:00;593;com vítima;513;BR-153/GO;Norte;Queda de Moto;;;;1;;;;;;;0;1;;;
26/09/2018;08:11:00;143;com vítima;620;BR-153/GO;Norte;Colisão Traseira;1;;1;;;;;;;;1;1;;;
26/09/2018;09:45:00;195;sem vítima;495,05;BR-153/GO;Sul;Colisão Traseira;1;;;;;;;;;1;2;;;;
26/09/2018;11:06:00;246;sem vítima;45,2;BR-060/GO;Sul;Capotamento;1;;;;;;;;;;1;;;;
26/09/2018;17:19:00;461;sem vítima;372;BR-262/MG;Oeste;Colisão Traseira;2;;;;;;;;;;2;;;;
26/09/2018;20:01:00;556;sem vítima;22,8;BR-060/DF;Norte;Colisão Lateral;1;;;;1;;;;;;2;;;;
26/09/2018;20:41:00;570;com vítima;491,899;BR-153/GO;Norte;Queda de Moto;;;;1;;;;;;;0;1;;;
26/09/2018;22:50:00;617;com vítima;361;BR-262/MG;Oeste;Colisão Traseira;1;;;1;;;;;;;1;;1;;
27/09/2018;09:14:00;180;sem vítima;108;BR-060/GO;Norte;Colisão Lateral;1;;1;;;;;;;;2;;;;
27/09/2018;09:34:00;195;sem vítima;525;BR-262/MG;Leste;Colisão Traseira;;;2;;;;;;;;2;;;;
27/09/2018;10:12:00;238;sem vítima;400;BR-262/MG;Leste;Colisão Lateral;1;1;;;;;;;;;2;;;;
27/09/2018;18:21:00;538;sem vítima;560,268;BR-262/MG;Leste;Tombamento;;;1;;;;;;;;1;;;;
27/09/2018;19:46:00;574;sem vítima;660;BR-153/GO;Norte;Atropelamento de Animal;;;;;;;;;;1;1;;;;
28/09/2018;02:05:00;24;com vítima;450,468;BR-262/MG;Oeste;Colisão Traseira;;;;2;;;;;;;3;1;;;
28/09/2018;08:07:00;113;sem vítima;508,5;BR-153/GO;Norte;Colisão Traseira;2;;;;;;;;;;2;;;;
28/09/2018;08:31:00;132;sem vítima;133,5;BR-153/MG;Sul;Colisão Traseira;;;2;;;;;;;;2;;;;
28/09/2018;11:39:00;252;sem vítima;23,5;BR-060/GO;Sul;Colisão Lateral;1;;1;;;;;;;;3;;;;
28/09/2018;14:47:00;344;sem vítima;360,203;BR-262/MG;Oeste;Tombamento;;;;;;;;;;1;1;;;;
28/09/2018;16:45:00;421;sem vítima;508,9;BR-153/GO;Sul;Colisão Traseira;;;;1;;1;;;;1;3;;;;
28/09/2018;19:44:00;514;sem vítima;514;BR-153/GO;Norte;Colisão Lateral;1;;2;;;;;;;;4;;;;
28/09/2018;20:05:00;525;sem vítima;137;BR-060/GO;Norte;Choque - Suporte de Sinalização;1;;;;;;;;;;2;;;;
28/09/2018;21:06:00;549;com vítima;18,4;BR-060/DF;Sul;Capotamento;1;;;;;;;;;;1;;1;;
29/09/2018;00:51:00;13;sem vítima;509;BR-153/GO;Norte;Choque - Defensa, barreira ou "submarino";1;;;;;;;;;;1;;;;
29/09/2018;01:14:00;18;sem vítima;442;BR-262/MG;Leste;Saida de Pista;1;;;;;;;;;;1;;;;
29/09/2018;03:00:00;40;sem vítima;17,3;BR-153/MG;Sul;Choque - Elemento de Drenagem;1;;;;;;;;;;1;;;;
29/09/2018;07:42:00;106;sem vítima;635,156;BR-262/MG;Leste;Colisão Lateral;1;;1;;;;;;;;5;;;;
29/09/2018;08:06:00;125;com vítima;31,8;BR-060/GO;Sul;Atropelamento de Animal;;;;1;;;;;;;0;1;;;
29/09/2018;10:09:00;195;sem vítima;514,057;BR-153/GO;Norte;Capotamento;1;;;;;;;;;;1;;;;
29/09/2018;12:39:00;270;com vítima;584,3;BR-153/GO;Sul;Queda de Moto;;;;1;;;;;;;0;1;;;
29/09/2018;12:43:00;272;sem vítima;499,9;BR-153/GO;Sul;Queda de Ciclista;;1;1;;;;;;;;2;;;;
29/09/2018;14:58:00;337;sem vítima;405;BR-262/MG;Leste;Saida de Pista;1;;;;;;;;;;1;;;;
29/09/2018;15:21:00;353;sem vítima;405,1;BR-262/MG;Leste;Saida de Pista;1;;;;;;;;;;4;;;;
29/09/2018;16:15:00;385;sem vítima;579;BR-262/MG;Leste;Saida de Pista;1;;;;;;;;;;1;;;;
29/09/2018;16:15:00;386;sem vítima;380,9;BR-262/MG;Oeste;Choque - Elemento de Drenagem;1;;;;;;;;;;1;;;;
29/09/2018;16:57:00;411;sem vítima;79,8;BR-060/GO;Sul;Choque - Defensa, barreira ou "submarino";;;1;;;;;;;;1;;;;
29/09/2018;17:27:00;428;sem vítima;389;BR-262/MG;Leste;Colisão Traseira;2;;;;;;;;;;2;;;;
29/09/2018;17:45:00;433;sem vítima;413;BR-262/MG;Leste;Saida de Pista;1;;;;;;;;;;1;;;;
29/09/2018;18:33:00;459;sem vítima;107;BR-060/GO;Sul;Choque - Suporte de Sinalização;;;1;;;;;;;;1;;;;
29/09/2018;18:51:00;469;com vítima;400;BR-262/MG;Oeste;Colisão Traseira;2;;;;;;;;;;3;2;;;
29/09/2018;18:54:00;470;sem vítima;560;BR-153/GO;Sul;Colisão Traseira;;;2;;;;;;;;2;;;;
29/09/2018;19:04:00;475;com vítima;543;BR-153/GO;Norte;Capotamento;1;;;;;;;;;;4;1;;;
29/09/2018;21:23:00;535;sem vítima;808,57;BR-262/MG;Leste;Capotamento;1;;;;;;;;;;1;;;;
29/09/2018;22:34:00;559;com vítima;443,849;BR-262/MG;Oeste;Choque - Defensa, barreira ou "submarino";;;;1;;;;;;;0;;1;;
29/09/2018;23:18:00;576;sem vítima;506;BR-153/GO;Norte;Colisão Traseira;2;;;;;;;;;;2;;;;
29/09/2018;23:44:00;586;com vítima;402;BR-262/MG;Oeste;Choque - Suporte de Sinalização;1;;;;;;;;;;0;1;;;
30/09/2018;01:49:00;29;sem vítima;412;BR-262/MG;Leste;Saida de Pista;1;;;;;;;;;;1;;;;
30/09/2018;04:59:00;64;com vítima;862,8;BR-262/MG;Oeste;Capotamento;1;;;;;;;;;;0;2;;;
30/09/2018;05:25:00;69;sem vítima;437;BR-262/MG;Oeste;Saida de Pista;1;;;;;;;;;;1;;;;
30/09/2018;06:19:00;86;sem vítima;415,55;BR-262/MG;Oeste;Choque - Talude;1;;;;;;;;;;1;;;;
30/09/2018;08:02:00;133;com vítima;589;BR-262/MG;Leste;Choque - Arvore;1;;;;;1;;;;;3;3;;;
30/09/2018;09:10:00;170;com vítima;98;BR-153/MG;Norte;Colisão Traseira;;;3;;;;;;;;2;1;;;
30/09/2018;15:40:00;334;sem vítima;94,225;BR-060/GO;Sul;Colisão Traseira;1;;1;;;;;;;;2;;;;
30/09/2018;15:42:00;336;sem vítima;422,9;BR-262/MG;Leste;Choque - Talude;1;;;;;;;;;;1;;;;
30/09/2018;19:39:00;444;sem vítima;388,8;BR-262/MG;Oeste;Saida de Pista;1;;;;;;;;;;1;;;;
01/10/2018;02:17:00;18;com vítima;814,8;BR-262/MG;Leste;Capotamento;1;;;;;;;;;;0;1;;;
01/10/2018;05:38:00;38;com vítima;554;BR-262/MG;Leste;Tombamento;;;1;;;;;;;;0;1;;;
01/10/2018;05:49:00;39;sem vítima;384;BR-262/MG;Oeste;Saida de Pista;1;;;;;;;;;;2;;;;
01/10/2018;09:24:00;143;sem vítima;4,6;BR-060/DF;Norte;Colisão Traseira;2;;;;;;;;;;2;;;;
01/10/2018;16:12:00;382;sem vítima;607,5;BR-262/MG;Leste;Tombamento;;;1;;;;;;;;3;;;;
01/10/2018;18:58:00;471;com vítima;113,74;BR-060/GO;Sul;Capotamento;;;1;;;;;;;;2;2;;;
01/10/2018;19:24:00;480;sem vítima;113,878;BR-060/GO;Sul;Carreta deu L;;;1;;;;;;;;1;;;;
01/10/2018;19:25:00;481;sem vítima;94,299;BR-060/GO;Sul;Colisão Traseira;2;;1;;;;;;;;3;;;;
02/10/2018;05:36:00;48;sem vítima;48,985;BR-060/GO;Sul;Colisão Traseira;;;2;;;;;;;;3;;;;
02/10/2018;06:12:00;59;sem vítima;534,3;BR-153/GO;Norte;Colisão Lateral;;;1;;;;;;;1;2;;;;
02/10/2018;07:51:00;109;sem vítima;4,6;BR-060/DF;Norte;Colisão Traseira;1;;;;1;;;;;;2;;;;
02/10/2018;08:40:00;130;sem vítima;209,9;BR-153/MG;Norte;Choque - Suporte de Sinalização;1;;;;;;;;;;1;;;;
02/10/2018;12:50:00;286;sem vítima;586,9;BR-153/GO;Sul;Choque - Talude;1;;;;;;;;;;1;;;;
02/10/2018;15:07:00;361;sem vítima;502,5;BR-153/GO;Norte;Colisão Traseira;1;;;1;;;;;;;2;;;;
02/10/2018;15:36:00;375;sem vítima;130,5;BR-060/GO;Sul;Carreta deu L;;;1;;;;;;;;1;;;;
02/10/2018;16:06:00;395;sem vítima;368,691;BR-262/MG;Leste;Choque - Defensa, barreira ou "submarino";;;;;;;;;;1;1;;;;
02/10/2018;17:33:00;449;com vítima;70,8;BR-060/GO;Norte;Capotamento;1;;;;;;;;;;0;1;;;
02/10/2018;18:38:00;480;com vítima;125,299;BR-153/MG;Sul;Colisão Frontal;1;;1;;;;;;;;1;;1;;
02/10/2018;20:32:00;540;sem vítima;83;BR-060/GO;Sul;Colisão Traseira;;;2;;;;;;;;2;;;;
03/10/2018;07:27:00;128;com vítima;68,6;BR-060/GO;Sul;Queda de Moto;;;1;1;;;;;;;1;;1;;
03/10/2018;07:30:00;130;com vítima;135,9;BR-060/GO;Sul;Queda de Moto;;;;1;;;;;;;1;1;;;
03/10/2018;07:32:00;133;sem vítima;93,3;BR-060/GO;Norte;Tombamento;;;1;;;;;;;;1;;;;
03/10/2018;08:16:00;169;sem vítima;24,2;BR-060/GO;Sul;Choque - Outros;;;1;;;;;;;;1;;;;
03/10/2018;09:26:00;225;sem vítima;417,236;BR-262/MG;Oeste;Choque - Defensa, barreira ou "submarino";;;;;;;;;;1;1;;;;
03/10/2018;09:45:00;240;sem vítima;118,4;BR-153/MG;Sul;Colisão Traseira;;;2;;;1;;;;;3;;;;
03/10/2018;10:21:00;263;sem vítima;197;BR-153/MG;Sul;Tombamento;;;1;;;;;;;;1;;;;
03/10/2018;19:18:00;559;sem vítima;498;BR-153/GO;Sul;Colisão Traseira;1;;;;;;;;;1;2;;;;
03/10/2018;21:29:00;618;sem vítima;121,54;BR-060/GO;Norte;Choque - Suporte de Sinalização;1;;;;;;;;;;1;;;;
03/10/2018;23:50:00;657;sem vítima;41,5;BR-153/MG;Norte;Saida de Pista;1;;;;;;;;;;1;;;;
04/10/2018;04:42:00;47;com vítima;494;BR-262/MG;Oeste;Colisão Frontal;1;;1;;;;;;;;0;1;;;2
04/10/2018;13:21:00;382;com vítima;501,002;BR-153/GO;Sul;Colisão Lateral;1;;;1;;;;;;;2;1;;;
04/10/2018;13:58:00;401;sem vítima;433;BR-262/MG;Leste;Tombamento;;;1;;;;;;;;1;;;;
04/10/2018;14:51:00;429;com vítima;507,5;BR-153/GO;Sul;Queda de Moto;;;;1;;;;;;;0;1;1;;
04/10/2018;16:29:00;486;sem vítima;115,9;BR-060/GO;Sul;Capotamento;;;;;;;;;;1;1;;;;
04/10/2018;16:46:00;496;sem vítima;1,8;BR-153/MG;Sul;Saida de Pista;1;;;;;;;;;;1;;;;
04/10/2018;16:46:00;497;sem vítima;142,199;BR-153/MG;Norte;Colisão Lateral;;;2;;;;;;;;2;;;;
05/10/2018;01:40:00;18;sem vítima;475;BR-262/MG;Leste;Tombamento;;;1;;;;;;;;1;;;;
05/10/2018;03:45:00;45;sem vítima;626,5;BR-153/GO;Sul;Saida de Pista;;;1;;;;;;;;1;;;;
05/10/2018;05:17:00;56;sem vítima;111,619;BR-060/GO;Norte;Saida de Pista;;;1;;;;;;;;3;;;;
05/10/2018;07:12:00;108;sem vítima;497,358;BR-153/GO;Sul;Colisão Traseira;1;;1;;;;;;;;3;;;;
05/10/2018;08:28:00;154;com vítima;373,5;BR-262/MG;Oeste;Choque - Defensa, barreira ou "submarino";1;;;;;;;;;;0;1;;;
05/10/2018;09:46:00;195;com vítima;37,799;BR-153/MG;Norte;Capotamento;1;;;;;;;;;;0;;1;1;1
05/10/2018;15:10:00;382;sem vítima;48,899;BR-153/MG;Sul;Choque - Elemento de Drenagem;1;;;;;;;;;;2;;;;
05/10/2018;15:30:00;393;sem vítima;386;BR-262/MG;Leste;Saida de Pista;1;;;;;;;;;;1;;;;
05/10/2018;15:32:00;395;com vítima;512;BR-153/GO;Sul;Colisão Lateral;;;1;1;;;;;;;1;;1;;
05/10/2018;15:40:00;401;sem vítima;109;BR-060/GO;Norte;Colisão Traseira;2;;;;;;;;;;2;;;;
05/10/2018;16:26:00;433;sem vítima;129;BR-060/GO;Sul;Engavetamento;3;;;;;;;;;;8;;;;
05/10/2018;17:18:00;454;sem vítima;498,1;BR-153/GO;Sul;Colisão Traseira;1;;;;;1;;;;;2;;;;
05/10/2018;17:32:00;459;sem vítima;497,2;BR-153/GO;Sul;Colisão Traseira;2;;;;;;;;;;2;;;;
05/10/2018;18:40:00;494;com vítima;906;BR-262/MG;Oeste;Colisão Traseira;2;;;;;;;;;;1;;2;;
05/10/2018;18:45:00;496;sem vítima;92,299;BR-060/GO;Sul;Colisão Traseira;1;;1;;;;;;;;2;;;;
05/10/2018;19:10:00;511;sem vítima;23,1;BR-060/GO;Norte;Colisão Transversal;1;;;;;1;;;;;2;;;;
05/10/2018;20:26:00;537;sem vítima;52;BR-060/GO;Sul;Tombamento;;;1;;;;;;;;1;;;;
05/10/2018;20:59:00;552;com vítima;30,5;BR-060/GO;Norte;Colisão Frontal;1;;;1;;;;;;;1;1;;;
05/10/2018;21:26:00;565;sem vítima;3;BR-060/GO;Norte;Colisão Traseira;1;;1;;;;;;;;6;;;;
05/10/2018;21:37:00;570;sem vítima;575,471;BR-262/MG;Oeste;Tombamento;1;;;;;;;;;;2;;;;
06/10/2018;00:06:00;2;com vítima;536,01;BR-153/GO;Sul;Capotamento;1;;;;;;;;;;0;1;;;
06/10/2018;04:05:00;56;com vítima;74,046;BR-060/GO;Norte;Saida de Pista;1;;;;;;;;;;2;2;;;
06/10/2018;04:32:00;61;sem vítima;505,098;BR-153/GO;Norte;Choque - Suporte de Sinalização;1;;;;;;;;;;2;;;;
06/10/2018;04:34:00;62;sem vítima;435,767;BR-262/MG;Leste;Capotamento;1;;;;;;;;;;1;;;;
06/10/2018;05:12:00;73;com vítima;506,027;BR-153/GO;Sul;Queda de Moto;;;;1;;;;;;;0;1;1;;
06/10/2018;06:23:00;87;sem vítima;124,05;BR-153/MG;Norte;Engavetamento;;;2;;1;;;;;;19;;;;
06/10/2018;07:40:00;104;com vítima;434,225;BR-262/MG;Leste;Colisão Traseira;1;1;;;;;;;;;2;;;;1
06/10/2018;08:45:00;149;sem vítima;433;BR-262/MG;Oeste;Colisão Traseira;2;;;;;;;;;;2;;;;
06/10/2018;09:11:00;165;com vítima;355,72;BR-262/MG;Leste;Colisão Traseira;2;;;;;;;;;;4;1;;;
06/10/2018;10:14:00;206;sem vítima;501;BR-153/GO;Norte;Choque - Defensa, barreira ou "submarino";;;1;;;;;;;1;2;;;;
06/10/2018;10:39:00;219;com vítima;504,085;BR-153/GO;Norte;Colisão Traseira;1;;1;1;;;;;;;2;;;;1
06/10/2018;12:41:00;275;com vítima;706,1;BR-262/MG;Leste;Tombamento;;;1;;;;;;;;0;;1;;
06/10/2018;14:02:00;314;sem vítima;17;BR-153/MG;Sul;Choque - Elemento de Drenagem;1;;;;;;;;;;2;;;;
06/10/2018;14:18:00;321;com vítima;557;BR-153/GO;Sul;Capotamento;1;;;;;;;;;;0;;2;;
06/10/2018;15:01:00;338;com vítima;502;BR-153/GO;Sul;Colisão Traseira;1;;;1;;;;;;;1;;1;;
06/10/2018;15:11:00;342;sem vítima;611,2;BR-262/MG;Oeste;Colisão Lateral;;;2;;;;;;;;2;;;;
06/10/2018;15:16:00;345;sem vítima;18;BR-060/DF;Norte;Choque - Outros;;;;;;;;;;1;1;;;;