data;horario;n_da_ocorrencia;tipo_de_ocorrencia;km;trecho;sentido;tipo_de_acidente;automovel;bicicleta;caminhao;moto;onibus;outros;tracao_animal;transporte_de_cargas_especiais;trator_maquinas;utilitarios;ilesos;levemente_feridos;moderadamente_feridos;gravemente_feridos;mortos
06/10/2018;16:13:00;374;com vítima;707;BR-262/MG;Leste;Capotamento;1;;;;;;;;;;0;2;1;;
06/10/2018;16:19:00;383;sem vítima;497,5;BR-153/GO;Norte;Choque - Defensa, barreira ou "submarino";1;;;;;;;;;;1;;;;
06/10/2018;17:06:00;416;sem vítima;360;BR-262/MG;Oeste;Saida de Pista;1;;;;;;;;;;1;;;;
06/10/2018;17:17:00;422;sem vítima;585;BR-262/MG;Leste;Saida de Pista;1;;;;;;;;;;1;;;;
06/10/2018;18:41:00;472;com vítima;65;BR-060/GO;Norte;Capotamento;1;;;;;;;;;;0;1;1;1;
06/10/2018;19:04:00;482;sem vítima;478;BR-262/MG;Leste;Colisão Lateral;;;1;;1;;;;;;12;;;;
06/10/2018;19:24:00;489;com vítima;800,6;BR-262/MG;Oeste;Tombamento;;;1;;;;;;;;0;1;;;
06/10/2018;19:50:00;504;sem vítima;593,8;BR-262/MG;Oeste;Colisão Lateral;;;2;;;;;;;;3;;;;
06/10/2018;20:18:00;518;sem vítima;594,5;BR-262/MG;Leste;Choque - Talude;;;1;;;;;;;;1;;;;
06/10/2018;20:22:00;520;com vítima;588,47;BR-262/MG;Oeste;Tombamento;;;1;;;;;;;;1;1;;;
06/10/2018;20:55:00;529;com vítima;14;BR-060/DF;Norte;Atropelamento - Andarilho;1;;;;;;;;;;1;;;;1
06/10/2018;21:58:00;553;sem vítima;628,5;BR-262/MG;Leste;Saida de Pista;1;;;;;;;;;;2;;;;
06/10/2018;21:59:00;554;com vítima;542;BR-262/MG;Oeste;Capotamento;1;;1;;;;;;;;1;1;;;
06/10/2018;22:35:00;562;com vítima;4,299;BR-153/MG;Norte;Queda de Ciclista;;1;;;;;;;;;0;1;;;
07/10/2018;00:12:00;5;sem vítima;6,7;BR-153/MG;Sul;Choque - Elemento de Drenagem;1;;;;;;;;;;5;;;;
07/10/2018;03:04:00;45;sem vítima;31,4;BR-060/GO;Sul;Choque - Elemento de Drenagem;1;;;;;;;;;;1;;;;
07/10/2018;04:48:00;62;com vítima;504;BR-153/GO;Norte;Queda de Moto;;;;1;;;;;;;0;1;;;
07/10/2018;04:51:00;63;sem vítima;444,867;BR-262/MG;Oeste;Choque - Elemento de Drenagem;1;;;;;;;;;;1;;;;
07/10/2018;05:45:00;68;com vítima;91;BR-060/GO;Sul;Queda de Moto;;;;1;;;;;;;0;;1;;
07/10/2018;05:57:00;73;sem vítima;354,704;BR-262/MG;Oeste;Capotamento;1;;;;;;;;;;1;;;;
07/10/2018;07:05:00;92;sem vítima;51;BR-060/GO;Sul;Capotamento;1;;;;;;;;;;1;;;;
07/10/2018;07:35:00;107;sem vítima;356;BR-262/MG;Leste;Capotamento;1;;;;;;;;;;1;;;;
07/10/2018;11:20:00;195;sem vítima;510;BR-153/GO;Sul;Engavetamento;2;;;1;;;;;;;3;;;;
07/10/2018;11:21:00;196;sem vítima;382;BR-262/MG;Oeste;Saida de Pista;1;;;;;;;;;;1;;;;
07/10/2018;11:21:00;197;sem vítima;23;BR-060/DF;Sul;Saida de Pista;1;;;;;;;;;;1;;;;
07/10/2018;11:34:00;203;sem vítima;379;BR-262/MG;Leste;Saida de Pista;1;;;;;;;;;;1;;;;
07/10/2018;11:39:00;207;sem vítima;379;BR-262/MG;Leste;Capotamento;1;;;;;;;;;;1;;;;
07/10/2018;12:13:00;219;com vítima;876,8;BR-262/MG;Leste;Colisão Traseira;;1;;1;;;;;;;1;1;;;
07/10/2018;12:23:00;224;sem vítima;515;BR-153/GO;Sul;Colisão Lateral;2;;;;;;;;;;2;;;;
07/10/2018;13:01:00;249;sem vítima;136;BR-060/GO;Norte;Saida de Pista;1;;;;;;;;;;1;;;;
07/10/2018;15:49:00;291;sem vítima;598;BR-262/MG;Leste;Colisão Transversal;1;;1;;;;;;;;2;;;;
07/10/2018;17:04:00;324;sem vítima;500,95;BR-153/GO;Sul;Saida de Pista;1;;;;;;;;;;1;;;;
07/10/2018;17:34:00;337;com vítima;399,2;BR-262/MG;Oeste;Capotamento;1;;;;;;;;;;1;;2;;
07/10/2018;17:36:00;339;com vítima;627,9;BR-153/GO;Sul;Choque - Suporte de Sinalização;1;;;;;;;;;;0;2;;;
07/10/2018;17:48:00;346;com vítima;429;BR-262/MG;Leste;Choque - Suporte de Sinalização;1;;;;;;;;;;0;;1;1;1
07/10/2018;20:31:00;415;sem vítima;801,001;BR-262/MG;Leste;Atropelamento de Animal;;;1;;;;;;;;1;;;;
07/10/2018;21:48:00;444;sem vítima;557,299;BR-153/GO;Norte;Colisão Traseira;;;2;;;;;;;;2;;;;
08/10/2018;00:50:00;11;com vítima;66,099;BR-060/GO;Norte;Capotamento;1;;;;;;;;;;0;1;;;
08/10/2018;07:42:00;110;sem vítima;494,5;BR-153/GO;Norte;Colisão Lateral;;;;2;;;;;;;3;;;;
08/10/2018;07:56:00;116;sem vítima;507,494;BR-153/GO;Norte;Colisão Traseira;2;;;;;;;;;;2;;;;
08/10/2018;13:08:00;350;sem vítima;132,232;BR-060/GO;Norte;Saida de Pista;1;;;;;;;;;;2;;;;
08/10/2018;13:42:00;374;sem vítima;100;BR-060/GO;Norte;;1;;;;;;;;;;1;;;;
08/10/2018;15:27:00;423;sem vítima;112;BR-060/GO;Sul;Saida de Pista;;;;;;;;;;1;2;;;;
08/10/2018;15:48:00;444;sem vítima;96;BR-060/GO;Norte;Colisão Lateral;1;;1;;;;;;;;4;;;;
08/10/2018;18:14:00;565;com vítima;70;BR-060/GO;Norte;Colisão Lateral;1;;;1;;;;;;;5;1;;;
08/10/2018;21:41:00;656;sem vítima;507,618;BR-153/GO;Norte;Queda de Moto;;;;1;;;;;;;1;;;;
08/10/2018;22:54:00;679;com vítima;129,1;BR-060/GO;Norte;Choque - Arvore;1;;;;;;;;;;0;2;;;
08/10/2018;23:08:00;684;sem vítima;29,653;BR-060/GO;Sul;Colisão Traseira;;;1;;;;;;;;1;;;;
09/10/2018;01:05:00;10;sem vítima;427,567;BR-262/MG;Leste;Capotamento;1;;;;;;;;;;2;;;;
09/10/2018;03:25:00;33;sem vítima;673;BR-262/MG;Leste;Choque - Defensa, barreira ou "submarino";;;1;;;;;;;;1;;;;
09/10/2018;04:40:00;42;sem vítima;172;BR-153/MG;Norte;Choque - Elemento de Drenagem;1;;;;;;;;;;2;;;;
09/10/2018;04:57:00;45;com vítima;799,269;BR-262/MG;Oeste;Saida de Pista;;;1;;;;;;;;0;1;;;
09/10/2018;05:57:00;59;sem vítima;704,3;BR-262/MG;Leste;Colisão Traseira;;;1;;;;;;;1;2;;;;
09/10/2018;07:24:00;89;sem vítima;497;BR-153/GO;Norte;Engavetamento;2;;;;;;;;;1;3;;;;
09/10/2018;07:52:00;108;com vítima;130,565;BR-060/GO;Norte;Colisão Traseira;1;;1;;;;;;;;1;3;;;
09/10/2018;07:53:00;109;sem vítima;506,413;BR-153/GO;Norte;Engavetamento;4;;1;;;;;;;;5;;;;
09/10/2018;10:21:00;256;sem vítima;496,3;BR-153/GO;Sul;Engavetamento;2;;;1;;;;;;;3;;;;
09/10/2018;13:14:00;381;sem vítima;92,001;BR-153/MG;Sul;Tombamento;;;1;;;;;;;;1;;;;
09/10/2018;13:56:00;396;com vítima;380,5;BR-262/MG;Oeste;Colisão Lateral;1;;1;;;;;;;;0;4;;;
09/10/2018;16:59:00;518;sem vítima;116;BR-060/GO;Sul;Carreta deu L;;;1;;;;;;;;1;;;;
09/10/2018;17:42:00;541;sem vítima;890,001;BR-262/MG;Leste;Saida de Pista;1;;;;;;;;;;1;;;;
09/10/2018;18:14:00;551;sem vítima;125,1;BR-060/GO;Norte;Saida de Pista;;;1;;;;;;;;2;;;;
10/10/2018;07:32:00;91;com vítima;594,578;BR-262/MG;Leste;Tombamento;;;1;;;;;;;;1;1;;;
10/10/2018;07:52:00;99;com vítima;398;BR-262/MG;Leste;Choque - Defensa, barreira ou "submarino";;;;1;;;;;;;0;;;1;
10/10/2018;08:08:00;107;com vítima;662,892;BR-153/GO;Norte;Capotamento;;;1;;;;;;;;0;;;;1
10/10/2018;09:25:00;153;sem vítima;587;BR-262/MG;Oeste;;;;1;;;;;;;;1;;;;
10/10/2018;09:38:00;164;sem vítima;589;BR-262/MG;Leste;Choque - Elemento de Drenagem;1;;;;;;;;;;1;;;;
10/10/2018;10:20:00;188;sem vítima;93,449;BR-060/GO;Norte;Tombamento;;;1;;;;;;;;1;;;;
10/10/2018;15:19:00;366;sem vítima;123,634;BR-060/GO;Norte;Choque - Talude;1;;;;;;;;;;1;;;;
10/10/2018;18:51:00;478;com vítima;505,3;BR-153/GO;Norte;Colisão Traseira;;;;2;;;;;;;1;1;;;
10/10/2018;19:34:00;503;sem vítima;509;BR-153/GO;Sul;Colisão Traseira;2;;;;;;;;;;2;;;;
10/10/2018;22:55:00;574;com vítima;186,3;BR-153/MG;Sul;Tombamento;;;1;;;;;;;;0;1;;;
11/10/2018;00:10:00;4;sem vítima;365,001;BR-262/MG;Leste;Colisão Traseira;;;2;;;;;;;;2;;;;
11/10/2018;04:49:00;48;sem vítima;63,299;BR-153/MG;Norte;Tombamento;;;1;;;;;;;;2;;;;
11/10/2018;08:09:00;132;sem vítima;494;BR-153/GO;Sul;Engavetamento;3;;;;;;;;;;3;;;;
11/10/2018;10:45:00;237;sem vítima;19;BR-153/MG;Sul;Queda de Ciclista;;;;1;;;;;;;2;;;;
11/10/2018;12:41:00;309;sem vítima;10;BR-060/GO;Norte;Saida de Pista;1;;;;;;;;;;1;;;;
11/10/2018;13:46:00;336;com vítima;588;BR-262/MG;Leste;Carreta deu L;1;;2;;;;;;;;2;1;;;
11/10/2018;14:30:00;363;com vítima;584,8;BR-262/MG;Oeste;Colisão Frontal;;;;;1;;;;;1;8;10;6;2;1
11/10/2018;16:08:00;423;sem vítima;623;BR-262/MG;Oeste;Saida de Pista;1;;;;;;;;;;1;;;;
11/10/2018;16:41:00;452;sem vítima;382;BR-262/MG;Leste;Saida de Pista;1;;;;;;;;;;1;;;;
11/10/2018;17:00:00;468;com vítima;367;BR-262/MG;Oeste;Atropelamento - Outros;1;;;;;;;;;;1;;;1;
11/10/2018;17:37:00;491;sem vítima;382;BR-262/MG;Leste;Choque - Arvore;;;;;;;;;;1;1;;;;
11/10/2018;18:45:00;539;sem vítima;580;BR-262/MG;Oeste;Choque - Suporte de Sinalização;;;;;;;;;;1;1;;;;
11/10/2018;19:01:00;545;sem vítima;94,5;BR-060/GO;Norte;Colisão Traseira;2;;;;;;;;;;2;;;;
11/10/2018;19:09:00;547;sem vítima;94,4;BR-060/GO;Sul;Queda de Moto;;;;1;;;;;;;1;;;;
11/10/2018;19:15:00;549;sem vítima;500,2;BR-153/GO;Sul;Colisão Traseira;;;1;;1;;;;;;2;;;;
11/10/2018;19:55:00;574;sem vítima;17,5;BR-153/MG;Norte;Colisão Lateral;1;;;;1;;;;;;5;;;;
11/10/2018;20:52:00;603;sem vítima;382;BR-262/MG;Oeste;Colisão Traseira;2;;;;;;;;;;7;;;;
11/10/2018;21:44:00;631;sem vítima;109,5;BR-060/GO;Sul;Queda de Moto;;;;1;;;;;;;1;;;;
11/10/2018;21:52:00;638;sem vítima;538;BR-262/MG;Leste;Capotamento;1;;;;;;;;;;1;;;;
12/10/2018;00:33:00;12;sem vítima;443;BR-262/MG;Oeste;Colisão Traseira;2;;;;;;;;;;2;;;;
12/10/2018;04:12:00;56;sem vítima;419;BR-262/MG;Oeste;Choque - Arvore;1;;;;;;;;;;1;;;;
12/10/2018;04:16:00;57;com vítima;235,159;BR-153/MG;Sul;Tombamento;;;1;;;;;;;;1;1;;;
12/10/2018;07:14:00;121;com vítima;621,6;BR-153/GO;Norte;Capotamento;1;;1;;;;;;;;3;;;;1
12/10/2018;08:57:00;209;sem vítima;645;BR-153/GO;Norte;Colisão Traseira;1;;1;;;;;;;;4;;;;
12/10/2018;09:34:00;239;sem vítima;223,3;BR-153/MG;Sul;Colisão Frontal;2;;1;;;;;;;;3;;;;
12/10/2018;09:44:00;244;com vítima;773;BR-262/MG;Leste;Colisão Lateral;1;;;;;1;;;;1;5;3;;;
12/10/2018;10:03:00;260;sem vítima;715;BR-262/MG;Leste;Colisão Traseira;1;;1;;;;;;;;2;;;;
12/10/2018;10:40:00;292;sem vítima;583,1;BR-153/GO;Sul;Colisão Traseira;2;;;;;;;;;;2;;;;
12/10/2018;12:58:00;384;com vítima;42,158;BR-060/GO;Sul;Capotamento;1;;;;;;;;;;0;;3;;1
12/10/2018;13:10:00;393;com vítima;506,5;BR-153/GO;Sul;Queda de Moto;;;;1;;;;;;;1;1;;;
12/10/2018;13:36:00;400;sem vítima;507;BR-153/GO;Norte;Choque - Defensa, barreira ou "submarino";1;;;;;;;;;;2;;;;
12/10/2018;16:03:00;490;com vítima;584;BR-262/MG;Oeste;Colisão Lateral;1;;;1;;;;;;;1;1;;;
12/10/2018;16:18:00;501;com vítima;30;BR-060/DF;Norte;Queda de Moto;;;;1;;;;;;;0;1;;;
12/10/2018;16:42:00;519;com vítima;1;BR-060/GO;Norte;Colisão Traseira;2;;;;;;;;;;2;1;;;
12/10/2018;18:29:00;590;com vítima;447,067;BR-262/MG;Leste;Colisão Transversal;;;;2;;;;;;;1;;1;;1
12/10/2018;22:49:00;687;sem vítima;134;BR-060/GO;Sul;Atropelamento de Animal;1;;;;;;;;;;2;;;;
13/10/2018;06:21:00;71;com vítima;96,665;BR-060/GO;Norte;Choque - Defensa, barreira ou "submarino";2;;;;;;;;;;1;1;;;
13/10/2018;11:00:00;244;sem vítima;125;BR-060/GO;Norte;Colisão Traseira;1;;;1;;;;;;;2;;;;
13/10/2018;12:24:00;300;com vítima;514,241;BR-153/GO;Sul;Colisão Transversal;1;;;1;;;;;;;2;1;1;;
13/10/2018;13:37:00;334;com vítima;243,2;BR-153/MG;Sul;Atropelamento - Ciclista;;1;1;;;;;;;;1;;;1;
13/10/2018;13:48:00;340;sem vítima;28,9;BR-060/DF;Sul;Choque - Objeto sobre a pista;1;;1;;;;;;;;2;;;;
13/10/2018;14:45:00;371;sem vítima;679,567;BR-262/MG;Oeste;Saida de Pista;;;1;;;;;;;;1;;;;
13/10/2018;16:21:00;431;sem vítima;23,6;BR-153/MG;Norte;Saida de Pista;;;;;;;;;;1;1;;;;
13/10/2018;19:17:00;504;sem vítima;495;BR-153/GO;Sul;Atropelamento de Animal;;;;1;;;;;;;1;;;;
13/10/2018;19:55:00;523;com vítima;4;BR-060/GO;Sul;Queda de Ciclista;;1;;;;;;;;;0;1;;;
13/10/2018;20:09:00;527;sem vítima;380,471;BR-262/MG;Leste;Capotamento;1;;;;;;;;;;1;;;;
13/10/2018;20:59:00;544;com vítima;136,549;BR-060/GO;Norte;Colisão Frontal;2;;;;;;;;;;0;2;;;
13/10/2018;21:49:00;561;sem vítima;475;BR-262/MG;Leste;Saida de Pista;1;;;;;;;;;;1;;;;
13/10/2018;23:19:00;588;sem vítima;639,257;BR-153/GO;Sul;Saida de Pista;1;;;;;;;;;;1;;;;
14/10/2018;03:27:00;31;com vítima;509;BR-153/GO;Sul;Colisão Traseira;1;;;1;;;;;;;1;;1;;
14/10/2018;05:26:00;42;sem vítima;687,072;BR-262/MG;Oeste;Colisão Lateral;1;;1;;;;;;;;2;;;;
14/10/2018;06:34:00;58;com vítima;459;BR-262/MG;Leste;Colisão Frontal;2;;1;;;;;;;;2;;;;2
14/10/2018;10:42:00;182;sem vítima;461;BR-262/MG;Oeste;Colisão Traseira;2;;;;;;;;;;5;;;;
14/10/2018;11:03:00;197;com vítima;28,3;BR-060/GO;Norte;Colisão Traseira;1;;;;;;;;;;1;1;;;
14/10/2018;11:06:00;199;sem vítima;90;BR-060/GO;Norte;Colisão Traseira;1;;;1;;;;;;;7;;;;
14/10/2018;12:42:00;245;sem vítima;76,5;BR-153/MG;Sul;Colisão Frontal;;;2;;1;;;;;;27;;;;
14/10/2018;16:02:00;368;sem vítima;239,8;BR-153/MG;Sul;Capotamento;1;;;;;;;;;;4;;;;
14/10/2018;17:03:00;414;sem vítima;861;BR-262/MG;Leste;;1;;;;;;;;;;1;;;;
14/10/2018;17:06:00;418;sem vítima;549;BR-262/MG;Oeste;Choque - Defensa, barreira ou "submarino";1;;;;;;;;;;2;;;;
14/10/2018;17:17:00;427;sem vítima;870,5;BR-262/MG;Leste;Saida de Pista;1;;;;;;;;;;1;;;;
14/10/2018;17:51:00;455;sem vítima;496;BR-153/GO;Sul;Engavetamento;3;;;;;;;;;;3;;;;
14/10/2018;18:55:00;485;sem vítima;62,814;BR-060/GO;Norte;Colisão Traseira;1;;;1;;;;;;;6;;;;
14/10/2018;18:57:00;486;com vítima;677,4;BR-262/MG;Leste;Tombamento;;;;;;;;;;1;0;4;;;
14/10/2018;19:00:00;489;com vítima;687,3;BR-262/MG;Leste;Capotamento;;;;;;;;;;1;0;1;;;
14/10/2018;19:33:00;508;com vítima;447;BR-262/MG;Oeste;Colisão Frontal;1;;1;;;;;;;;1;;2;;
14/10/2018;19:55:00;520;com vítima;246;BR-153/MG;Norte;Capotamento;1;;;;;;;;;;1;1;;;
15/10/2018;03:37:00;51;sem vítima;375;BR-262/MG;Oeste;Saida de Pista;;;1;;;;;;;;2;;;;
15/10/2018;07:51:00;121;sem vítima;538,132;BR-262/MG;Oeste;Choque - Elemento de Drenagem;1;;;;;;;;;;4;;;;
15/10/2018;08:17:00;152;sem vítima;385;BR-262/MG;Oeste;Capotamento;1;;;;;;;;;;2;;;;
15/10/2018;09:55:00;221;sem vítima;656,2;BR-262/MG;Oeste;Tombamento;;;1;;;;;;;;1;;;;
15/10/2018;11:37:00;296;com vítima;734,191;BR-262/MG;Leste;Colisão Transversal;2;;;;;;;;;;3;;3;;
15/10/2018;11:43:00;300;sem vítima;581,3;BR-262/MG;Leste;Choque - Elemento de Drenagem;;;;;;;;;;1;1;;;;
15/10/2018;11:50:00;305;sem vítima;831;BR-262/MG;Leste;Choque - Defensa, barreira ou "submarino";1;;;;;;;;;;2;;;;
15/10/2018;12:12:00;321;sem vítima;587;BR-262/MG;Leste;Carreta deu L;;;1;;;;;;;;1;;;;
15/10/2018;12:42:00;336;com vítima;544;BR-262/MG;Leste;Capotamento;1;;;;;;;;;;1;2;;;
15/10/2018;14:48:00;389;com vítima;382;BR-262/MG;Oeste;Capotamento;1;;;;;;;;;;1;1;;;
15/10/2018;15:04:00;398;sem vítima;385;BR-262/MG;Oeste;Saida de Pista;1;;;;;;;;;;1;;;;
15/10/2018;15:24:00;417;sem vítima;522,7;BR-153/GO;Sul;Saida de Pista;;;;;;;;;;1;1;;;;
15/10/2018;16:24:00;453;sem vítima;106;BR-060/GO;Norte;;1;;;;;;;;;;1;;;;
15/10/2018;16:25:00;455;sem vítima;69,9;BR-060/GO;Sul;Capotamento;1;;;;;;;;;;2;;;;
15/10/2018;16:34:00;462;sem vítima;607;BR-262/MG;Leste;Saida de Pista;;;;;;;;;;1;1;;;;
15/10/2018;16:41:00;465;sem vítima;590;BR-262/MG;Oeste;Capotamento;;;1;;;;;;;;1;;;;
15/10/2018;16:53:00;472;sem vítima;590,5;BR-262/MG;Leste;Saida de Pista;1;;;;;;;;;;1;;;;
15/10/2018;17:19:00;488;com vítima;505,995;BR-153/GO;Norte;Colisão Traseira;1;;;1;;;;;;;3;1;;;
15/10/2018;17:55:00;508;sem vítima;590;BR-262/MG;Leste;;1;;;;;;;;;;1;;;;
15/10/2018;18:04:00;516;sem vítima;382;BR-262/MG;Leste;Choque - Defensa, barreira ou "submarino";1;;;;;;;;;;1;;;;
15/10/2018;18:07:00;519;com vítima;381;BR-262/MG;Leste;Choque - Talude;1;;;;;;;;;;0;2;;;
15/10/2018;18:34:00;532;sem vítima;132;BR-060/GO;Norte;Colisão Traseira;2;;;;;;;;;;2;;;;
15/10/2018;19:39:00;558;com vítima;493;BR-262/MG;Leste;Capotamento;1;;;;;;;;;;1;3;;;
15/10/2018;21:18:00;586;com vítima;211;BR-153/MG;Sul;Colisão Traseira;2;;1;;;;;;;;2;3;;1;
16/10/2018;00:27:00;11;sem vítima;626;BR-262/MG;Oeste;Tombamento;;;1;;;;;;;;1;;;;
16/10/2018;02:16:00;33;sem vítima;415,2;BR-262/MG;Leste;Capotamento;;;1;;;;;;;;2;;;;
16/10/2018;05:58:00;84;sem vítima;92;BR-060/GO;Sul;Colisão Traseira;1;;;1;;;;;;;2;;;;
16/10/2018;06:15:00;88;com vítima;666,584;BR-153/GO;Sul;Capotamento;1;;;;;;;;;;0;1;;;
16/10/2018;07:00:00;104;sem vítima;787;BR-262/MG;Leste;Colisão Traseira;2;;;;;;;;;;2;;;;
16/10/2018;07:33:00;139;com vítima;137;BR-060/GO;Sul;Choque - Outros;1;;;2;;;;;;;2;2;1;;
16/10/2018;07:34:00;140;sem vítima;96;BR-060/GO;Sul;Colisão Lateral;2;;;;;;;;;;2;;;;
16/10/2018;09:03:00;196;sem vítima;506,8;BR-153/GO;Sul;Saida de Pista;2;;;;;;;;;;2;;;;
16/10/2018;11:24:00;300;com vítima;546;BR-153/GO;Norte;Capotamento;1;;;;;;;;;;1;;1;;
16/10/2018;12:35:00;342;com vítima;505;BR-153/GO;Norte;Colisão Traseira;1;;;1;;;;;;;2;1;;;
16/10/2018;12:41:00;348;com vítima;491;BR-153/GO;Sul;Colisão Traseira;;;1;1;;;;;;;1;1;1;;
16/10/2018;12:50:00;351;com vítima;511;BR-153/GO;Sul;Choque - Veiculo parado na pista;;;1;1;;;;;;;2;;;1;
16/10/2018;13:52:00;384;sem vítima;779;BR-262/MG;Leste;Colisão Lateral;1;;;;;;;;;1;2;;;;
16/10/2018;15:24:00;428;sem vítima;126,9;BR-060/GO;Norte;Tombamento;;;1;;;;;;;;1;;;;
16/10/2018;15:34:00;433;sem vítima;508,6;BR-153/GO;Norte;Colisão Lateral;1;;1;;;;;;;;2;;;;
16/10/2018;15:37:00;437;sem vítima;44;BR-153/MG;Sul;;1;;;;;;;;;;1;;;;
16/10/2018;15:57:00;442;sem vítima;42,8;BR-153/MG;Norte;Choque - Arvore;1;;;;;;;;;;2;;;;
16/10/2018;16:46:00;469;com vítima;702,1;BR-153/GO;Sul;Colisão Traseira;;;2;;;;;;;;0;1;1;;
16/10/2018;16:54:00;475;sem vítima;450;BR-262/MG;Leste;Engavetamento;;;3;;;;;;;;3;;;;
16/10/2018;18:35:00;533;com vítima;507;BR-153/GO;Sul;Colisão Traseira;1;;;1;;;;;;;4;2;;;
16/10/2018;18:40:00;535;sem vítima;781,065;BR-262/MG;Leste;Choque - Outros;1;;;;;1;;;;;5;;;;
16/10/2018;19:00:00;582;sem vítima;507,2;BR-153/GO;Sul;Colisão Traseira;1;;;;;1;;;;;3;;;;
16/10/2018;23:45:00;627;sem vítima;24;BR-060/GO;Norte;Atropelamento de Animal;;;;;1;;;;;;1;;;;
17/10/2018;00:05:00;1;com vítima;506,777;BR-153/GO;Norte;Colisão Traseira;1;;;1;;;;;;;1;1;;;
17/10/2018;05:20:00;42;sem vítima;443;BR-262/MG;Leste;Capotamento;1;;;;;;;;;;1;;;;
17/10/2018;08:07:00;98;com vítima;625;BR-262/MG;Oeste;Colisão Traseira;1;;1;;;;;;;;0;3;;;
17/10/2018;09:38:00;166;sem vítima;380,7;BR-262/MG;Leste;Choque - Talude;1;;;;;;;;;;1;;;;
17/10/2018;10:44:00;208;sem vítima;608;BR-262/MG;Oeste;Capotamento;1;;;;;;;;;;1;;;;
17/10/2018;14:48:00;333;com vítima;584;BR-262/MG;Leste;Colisão Frontal;2;;;;;;;;;;0;3;2;;
17/10/2018;15:31:00;347;com vítima;581;BR-262/MG;Oeste;Saida de Pista;;;1;;;;;;;;0;1;1;;
17/10/2018;16:16:00;376;com vítima;591;BR-262/MG;Oeste;Capotamento;1;;;;;;;;;;1;1;;;
17/10/2018;16:52:00;398;sem vítima;649,9;BR-262/MG;Oeste;Colisão Traseira;;;1;;;1;;;;;2;;;;
17/10/2018;17:56:00;443;sem vítima;499;BR-153/GO;Sul;Colisão Traseira;1;;;;;1;;;;;2;;;;
17/10/2018;19:22:00;475;com vítima;47,818;BR-060/GO;Sul;Queda de Ciclista;;;;1;;;;;;;0;1;;;
17/10/2018;20:17:00;498;sem vítima;359;BR-262/MG;Oeste;Saida de Pista;1;;;;;;;;;;1;;;;
17/10/2018;22:11:00;527;com vítima;358,668;BR-262/MG;Oeste;Colisão Traseira;2;;;;;;;;;;2;1;;;
17/10/2018;23:28:00;552;com vítima;43,123;BR-153/MG;Sul;Tombamento;1;;1;;;1;;;;;1;1;1;;
18/10/2018;04:38:00;44;sem vítima;63,6;BR-153/MG;Norte;Tombamento;;;1;;;;;;;;1;;;;
18/10/2018;06:54:00;77;sem vítima;495;BR-153/GO;Sul;Engavetamento;2;;1;;;;;;;;3;;;;
18/10/2018;07:08:00;86;sem vítima;494;BR-153/GO;Norte;Engavetamento;;;1;1;;;;;;1;3;;;;
18/10/2018;08:00:00;109;sem vítima;500;BR-153/GO;Sul;;1;;;;;;;;;;1;;;;
18/10/2018;10:38:00;228;sem vítima;607,897;BR-262/MG;Oeste;Saida de Pista;1;;;;;;;;;;1;;;;
18/10/2018;10:52:00;235;sem vítima;421,172;BR-262/MG;Leste;Colisão Traseira;2;;;;;;;;;;2;;;;
18/10/2018;10:59:00;239;sem vítima;513;BR-153/GO;Sul;;1;;;;;;;;;;1;;;;
18/10/2018;10:59:00;240;sem vítima;521,788;BR-262/MG;Leste;Saida de Pista;;;;;;;;;;1;2;;;;
18/10/2018;11:02:00;241;sem vítima;521,788;BR-262/MG;Oeste;Saida de Pista;1;;;;;;;;;;1;;;;
18/10/2018;11:21:00;254;sem vítima;383,567;BR-262/MG;Oeste;Saida de Pista;1;;;;;;;;;;1;;;;
18/10/2018;11:32:00;263;com vítima;545,299;BR-262/MG;Leste;Capotamento;1;;;;;;;;;;1;1;;;
18/10/2018;14:02:00;351;sem vítima;381,676;BR-262/MG;Oeste;Choque - Elemento de Drenagem;;;;;;;;;;1;1;;;;
18/10/2018;15:34:00;430;sem vítima;509;BR-153/GO;Sul;;;;1;;;;;;;;1;;;;
18/10/2018;15:42:00;435;sem vítima;660;BR-262/MG;Oeste;Saida de Pista;1;;;;;;;;;;1;;;;
18/10/2018;16:34:00;471;sem vítima;535;BR-153/GO;Sul;Capotamento;;;1;;;;;;;;1;;;;
18/10/2018;18:50:00;542;sem vítima;134,3;BR-153/MG;Norte;Colisão Traseira;;;2;;;;;;;;2;;;;
18/10/2018;21:26:00;620;com vítima;496,4;BR-153/GO;Norte;Queda de Moto;;;;1;;;;;;;1;1;;;
18/10/2018;22:49:00;654;com vítima;507,3;BR-153/GO;Sul;Colisão Traseira;1;;;1;;;;;;;1;1;;;
19/10/2018;02:39:00;35;sem vítima;127,4;BR-060/GO;Sul;Colisão Traseira;2;;;;;;;;;;2;;;;
19/10/2018;05:25:00;60;sem vítima;114,3;BR-060/GO;Sul;Saida de Pista;;;1;;;;;;;;1;;;;
19/10/2018;05:36:00;63;com vítima;76,7;BR-153/MG;Sul;Tombamento;;;1;;;;;;;;0;;1;;
19/10/2018;06:23:00;72;sem vítima;4;BR-060/GO;Norte;Saida de Pista;1;;;;;;;;;;2;;;;
19/10/2018;06:29:00;73;sem vítima;702,64;BR-262/MG;Oeste;Colisão Lateral;1;;1;;;;;;;;2;;;;
19/10/2018;08:52:00;168;sem vítima;517,572;BR-262/MG;Leste;Colisão Lateral;2;;;;;;;;;;3;;;;
19/10/2018;09:45:00;215;sem vítima;0;BR-060/DF;Sul;Capotamento;;;;;;;;;;1;1;;;;