data;horario;n_da_ocorrencia;tipo_de_ocorrencia;km;trecho;sentido;tipo_de_acidente;automovel;bicicleta;caminhao;moto;onibus;outros;tracao_animal;transporte_de_cargas_especiais;trator_maquinas;utilitarios;ilesos;levemente_feridos;moderadamente_feridos;gravemente_feridos;mortos
05/11/2018;16:40:00;595;sem vítima;114,299;BR-060/GO;Sul;Saida de Pista;;;1;;;;;;;;1;;;;
05/11/2018;16:51:00;602;sem vítima;501,05;BR-153/GO;Sul;Colisão Traseira;;;2;;;;;;;;2;;;;
05/11/2018;16:53:00;605;com vítima;593;BR-262/MG;Leste;Colisão Lateral;;;2;;;;;;;;1;1;1;;
05/11/2018;17:47:00;669;sem vítima;498;BR-153/GO;Sul;Colisão Traseira;2;;;;;;;;;;3;;;;
05/11/2018;18:05:00;682;sem vítima;583;BR-262/MG;Leste;Saida de Pista;;;1;;;;;;;;1;;;;
05/11/2018;19:12:00;715;sem vítima;529,144;BR-153/GO;Norte;Tombamento;1;;;;;;;;;;2;;;;
05/11/2018;20:34:00;747;sem vítima;515,15;BR-153/GO;Norte;Saida de Pista;1;;;;;;;;;;1;;;;
06/11/2018;04:21:00;58;com vítima;76,875;BR-060/GO;Sul;Capotamento;1;;;;;;;;;;0;;;2;
06/11/2018;06:02:00;76;sem vítima;70,099;BR-060/GO;Norte;Choque - Suporte de Sinalização;1;;;;;;;;;;1;;;;
06/11/2018;09:57:00;218;com vítima;37,248;BR-060/GO;Sul;Capotamento;1;;;;;;;;;;0;1;1;;
06/11/2018;13:16:00;334;com vítima;0;BR-060/GO;Norte;Saida de Pista;;;;;;;;;;1;0;2;;;
06/11/2018;17:49:00;474;com vítima;101;BR-060/GO;Sul;Colisão Lateral;1;;;1;;;;;;;1;;1;;
07/11/2018;03:49:00;35;com vítima;46,485;BR-060/GO;Sul;Choque - Defensa, barreira ou "submarino";;;;1;;;;;;;0;;;;1
07/11/2018;07:25:00;67;sem vítima;90;BR-060/GO;Sul;Colisão Lateral;1;;1;;;;;;;;2;;;;
07/11/2018;08:51:00;131;sem vítima;702,938;BR-262/MG;Leste;Colisão Traseira;1;;1;;;;;;;;2;;;;
07/11/2018;09:53:00;180;sem vítima;594,5;BR-153/GO;Sul;Tombamento;;;;;;;;;;1;2;;;;
07/11/2018;10:31:00;204;sem vítima;517;BR-153/GO;Sul;Tombamento;;;1;;;;;;;;1;;;;
07/11/2018;10:47:00;221;sem vítima;81;BR-060/GO;Sul;Capotamento;1;;;;;;;;;;1;;;;
07/11/2018;11:02:00;233;sem vítima;517;BR-153/GO;Sul;Colisão Traseira;;;2;;;;;;;;2;;;;
07/11/2018;13:06:00;313;sem vítima;553,1;BR-153/GO;Sul;Saida de Pista;;;;;;;;;;1;1;;;;
07/11/2018;14:31:00;347;sem vítima;607,7;BR-153/GO;Norte;Saida de Pista;;;2;;;;;;;;3;;;;
07/11/2018;14:32:00;348;sem vítima;607,8;BR-262/MG;Leste;Capotamento;1;;;;;;;;;;1;;;;
07/11/2018;15:58:00;383;com vítima;607,569;BR-262/MG;Leste;Choque - Talude;;;;;;;;;;1;0;3;1;;
07/11/2018;16:15:00;391;sem vítima;561;BR-153/GO;Sul;Saida de Pista;1;;;;;;;;;;1;;;;
07/11/2018;17:06:00;416;sem vítima;590,9;BR-262/MG;Oeste;Saida de Pista;1;;;;;;;;;;1;;;;
07/11/2018;17:26:00;432;com vítima;510,2;BR-153/GO;Sul;Queda de Moto;;;;1;;;;;;;0;1;;;
07/11/2018;20:28:00;530;sem vítima;109;BR-153/MG;Sul;Colisão Lateral;2;;;;;;;;;;2;;;;
07/11/2018;22:16:00;569;sem vítima;375;BR-262/MG;Leste;;1;;;;;;;;;;1;;;;
08/11/2018;00:10:00;1;sem vítima;606,2;BR-153/GO;Norte;Saida de Pista;;;1;;;;;;;;1;;;;
08/11/2018;00:17:00;5;sem vítima;482;BR-262/MG;Oeste;Colisão Traseira;1;;1;;;;;;;;2;;;;
08/11/2018;03:10:00;40;sem vítima;75;BR-153/MG;Norte;Saida de Pista;;;1;;;;;;;;1;;;;
08/11/2018;05:04:00;52;com vítima;96;BR-060/GO;Norte;Colisão Traseira;1;;;1;;;;;;;0;;1;1;
08/11/2018;06:41:00;69;sem vítima;446,995;BR-262/MG;Leste;Colisão Traseira;1;;;1;;;;;;;2;;;;
08/11/2018;07:10:00;87;sem vítima;492;BR-153/GO;Sul;Colisão Traseira;1;;;1;;;;;;;2;;;;
08/11/2018;07:44:00;103;sem vítima;525;BR-153/GO;Norte;Colisão Traseira;;;2;;;;;;;;2;;;;
08/11/2018;09:23:00;162;sem vítima;607;BR-262/MG;Oeste;Saida de Pista;;;;;;;;;;1;1;;;;
08/11/2018;09:42:00;178;sem vítima;594;BR-262/MG;Leste;Choque - Talude;;;1;;;;;;;;1;;;;
08/11/2018;10:38:00;216;sem vítima;817;BR-262/MG;Leste;Saida de Pista;1;;;;;;;;;;1;;;;
08/11/2018;10:47:00;219;com vítima;504,836;BR-262/MG;Oeste;Capotamento;1;;;;;;;;;;3;2;;;
08/11/2018;12:04:00;254;sem vítima;388,5;BR-262/MG;Leste;Choque - Defensa, barreira ou "submarino";1;;;;;;;;;;1;;;;
08/11/2018;12:28:00;260;sem vítima;772;BR-262/MG;Leste;Choque - Elemento de Drenagem;1;;;;;;;;;;1;;;;
08/11/2018;13:14:00;278;sem vítima;443,3;BR-262/MG;Leste;Choque - Defensa, barreira ou "submarino";1;;;;;;;;;;1;;;;
08/11/2018;14:52:00;326;sem vítima;598;BR-262/MG;Oeste;Carreta deu L;;;1;;;;;;;;1;;;;
08/11/2018;15:52:00;359;sem vítima;405;BR-262/MG;Leste;Choque - Elemento de Drenagem;1;;;;;;;;;;1;;;;
08/11/2018;15:55:00;360;com vítima;548,729;BR-262/MG;Oeste;Colisão Lateral;1;;1;;;;;;;;1;;1;;
08/11/2018;16:01:00;366;sem vítima;100;BR-060/GO;Norte;Colisão Traseira;1;;;;1;;;;;;2;;;;
08/11/2018;20:39:00;493;sem vítima;605;BR-153/GO;Norte;;;;1;;;;;;;;1;;;;
08/11/2018;22:35:00;530;sem vítima;380;BR-262/MG;Oeste;Saida de Pista;1;;;;;;;;;;1;;;;
09/11/2018;01:30:00;14;com vítima;499,1;BR-153/GO;Norte;Choque - Defensa, barreira ou "submarino";1;;;;;;;;;;0;1;;;
09/11/2018;01:47:00;19;sem vítima;385;BR-262/MG;Leste;Saida de Pista;;;1;;;;;;;;1;;;;
09/11/2018;02:59:00;22;sem vítima;552,1;BR-153/GO;Norte;Choque - Elemento de Drenagem;;;1;;;;;;;;1;;;;
09/11/2018;03:36:00;28;sem vítima;5,001;BR-060/DF;Sul;Tombamento;1;;;;;;;;;;1;;;;
09/11/2018;04:27:00;38;sem vítima;611;BR-262/MG;Oeste;Capotamento;;;;;;;;;;1;1;;;;
09/11/2018;07:18:00;78;sem vítima;129,2;BR-060/GO;Sul;Choque - Suporte de Sinalização;;;;1;;;;;;;1;;;;
09/11/2018;07:21:00;81;com vítima;504;BR-153/GO;Norte;Colisão Traseira;;;1;1;;;;;;;1;;1;;
09/11/2018;07:37:00;90;sem vítima;527;BR-153/GO;Norte;Colisão Traseira;;;2;;;;;;;;2;;;;
09/11/2018;07:53:00;103;sem vítima;354;BR-262/MG;Leste;Saida de Pista;1;;;;;;;;;;1;;;;
09/11/2018;09:01:00;154;sem vítima;117;BR-060/GO;Norte;Saida de Pista;1;;;;;;;;;;1;;;;
09/11/2018;09:06:00;157;sem vítima;25;BR-060/GO;Sul;Choque - Defensa, barreira ou "submarino";1;;;;;;;;;;1;;;;
09/11/2018;11:39:00;251;com vítima;72;BR-060/GO;Norte;Choque - Elemento de Drenagem;1;;;;;;;;;;0;1;;;
09/11/2018;11:49:00;263;sem vítima;509,5;BR-153/GO;Sul;Engavetamento;4;;;;;;;;;;4;;;;
09/11/2018;12:01:00;269;com vítima;509,5;BR-153/GO;Sul;Colisão Traseira;1;;;1;;;;;;;1;1;;;
09/11/2018;12:05:00;272;com vítima;27;BR-060/DF;Norte;Saida de Pista;1;;;;;;;;;;0;1;;;
09/11/2018;12:12:00;276;sem vítima;394;BR-262/MG;Oeste;Colisão Traseira;2;;;;;;;;;;2;;;;
09/11/2018;12:24:00;279;sem vítima;368;BR-262/MG;Oeste;Tombamento;;;1;;;;;;;;1;;;;
09/11/2018;13:39:00;306;sem vítima;362,8;BR-262/MG;Oeste;Choque - Elemento de Drenagem;1;;;;;;;;;;1;;;;
09/11/2018;14:09:00;320;sem vítima;132;BR-060/GO;Norte;Colisão Traseira;2;;;;;;;;;;3;;;;
09/11/2018;14:36:00;330;sem vítima;355;BR-262/MG;Oeste;Capotamento;1;;;;;;;;;;3;;;;
09/11/2018;15:01:00;339;sem vítima;368;BR-262/MG;Oeste;Engavetamento;3;;3;;;;;;;;6;;;;
09/11/2018;15:24:00;354;com vítima;507;BR-153/GO;Sul;Colisão Traseira;1;;;1;;;;;;;1;1;;;
09/11/2018;16:33:00;386;sem vítima;388;BR-262/MG;Oeste;Saida de Pista;1;;;;;;;;;;1;;;;
09/11/2018;16:47:00;391;sem vítima;516,8;BR-262/MG;Oeste;Choque - Outros;1;;;;;;;;;;2;;;;
09/11/2018;20:06:00;473;sem vítima;499;BR-153/GO;Sul;Engavetamento;3;;;;;;;;;;5;;;;
09/11/2018;21:03:00;491;sem vítima;506;BR-153/GO;Norte;Queda de Moto;;;;1;;;;;;;1;;;;
09/11/2018;21:17:00;502;sem vítima;380,5;BR-262/MG;Leste;Saida de Pista;1;;;;;;;;;;1;;;;
09/11/2018;22:13:00;530;com vítima;96,9;BR-060/GO;Sul;Colisão Frontal;1;;;1;;;;;;;2;;1;;
09/11/2018;23:26:00;562;sem vítima;590;BR-262/MG;Leste;Colisão Frontal;;;2;;;;;;;;2;;;;
09/11/2018;23:32:00;563;sem vítima;119;BR-060/GO;Sul;Tombamento;;;1;;;;;;;;3;;;;
10/11/2018;04:53:00;47;com vítima;1,3;BR-153/MG;Norte;Queda de Moto;;;;1;;;;;;;0;1;;;
10/11/2018;05:37:00;57;sem vítima;580;BR-262/MG;Leste;Choque - Suporte de Sinalização;1;;;;;;;;;;2;;;;
10/11/2018;07:02:00;87;sem vítima;428;BR-262/MG;Leste;Saida de Pista;1;;;;;;;;;;1;;;;
10/11/2018;07:36:00;100;sem vítima;443;BR-262/MG;Oeste;Capotamento;1;;;;;;;;;;1;;;;
10/11/2018;07:48:00;105;com vítima;1;BR-060/DF;Norte;Capotamento;1;;;;;;;;;;0;1;;;
10/11/2018;07:52:00;108;sem vítima;632;BR-262/MG;Oeste;Carreta deu L;;;1;;;;;;;;1;;;;
10/11/2018;08:05:00;116;com vítima;113;BR-060/GO;Sul;Colisão Traseira;;;;;;1;;;;1;1;2;;;
10/11/2018;14:00:00;377;com vítima;507;BR-153/GO;Norte;Colisão Traseira;;;;1;;1;;;;;1;1;;;
10/11/2018;14:25:00;384;sem vítima;176,699;BR-153/MG;Sul;Saida de Pista;1;;;;;;;;;;3;;;;
10/11/2018;14:46:00;403;sem vítima;529;BR-262/MG;Leste;Colisão Traseira;;;2;;;;;;;;2;;;;
10/11/2018;16:43:00;471;sem vítima;140,024;BR-153/MG;Sul;Saida de Pista;1;;;;;;;;;;2;;;;
10/11/2018;17:00:00;486;com vítima;18,034;BR-153/MG;Norte;Queda de Moto;;;;1;;;;;;;0;2;;;
10/11/2018;18:00:00;517;com vítima;437;BR-262/MG;Oeste;Atropelamento - Outros;1;;;1;;;;;;;3;;;1;
10/11/2018;18:20:00;526;sem vítima;369;BR-262/MG;Leste;Choque - Defensa, barreira ou "submarino";1;;;;;;;;;;2;;;;
10/11/2018;22:04:00;609;sem vítima;493;BR-153/GO;Norte;Colisão Lateral;2;;1;;;;;;;;5;;;;
11/11/2018;00:23:00;5;sem vítima;6,599;BR-060/DF;Sul;Choque - Defensa, barreira ou "submarino";2;;;;;;;;;;2;;;;
11/11/2018;04:35:00;78;sem vítima;511,8;BR-153/GO;Sul;Choque - Defensa, barreira ou "submarino";2;;;;;;;;;;4;;;;
11/11/2018;08:23:00;131;sem vítima;839;BR-262/MG;Oeste;Saida de Pista;1;;;;;;;;;;1;;;;
11/11/2018;08:47:00;159;sem vítima;412;BR-262/MG;Leste;Colisão Traseira;2;;;;;;;;;;3;;;;
11/11/2018;09:51:00;209;sem vítima;31;BR-060/DF;Norte;Colisão Lateral;;;;1;;;;;;;1;;;;
11/11/2018;10:34:00;244;com vítima;509;BR-153/GO;Sul;Choque - Defensa, barreira ou "submarino";;;;1;;;;;;;0;1;;;
11/11/2018;14:33:00;408;com vítima;585;BR-262/MG;Oeste;Capotamento;1;;;;;;;;;;1;;1;;
11/11/2018;16:12:00;490;sem vítima;503;BR-153/GO;Norte;Colisão Traseira;1;;1;;;;;;;;2;;;;
11/11/2018;16:34:00;503;sem vítima;507;BR-153/GO;Sul;Choque - Defensa, barreira ou "submarino";1;;;;;;;;;;1;;;;
11/11/2018;16:36:00;505;com vítima;469;BR-262/MG;Oeste;Saida de Pista;1;;;;;;;;;;1;1;;;
12/11/2018;00:26:00;16;com vítima;360,5;BR-262/MG;Oeste;Capotamento;1;;;;;;;;;;0;2;;;
12/11/2018;00:49:00;26;sem vítima;624,6;BR-153/GO;Sul;Saida de Pista;1;;;;;;;;;;1;;;;
12/11/2018;01:52:00;39;sem vítima;421;BR-262/MG;Oeste;Capotamento;;;;;;;;;;1;1;;;;
12/11/2018;02:14:00;41;sem vítima;360;BR-262/MG;Oeste;Colisão Lateral;1;;1;;;;;;;;2;;;;
12/11/2018;05:01:00;71;sem vítima;14,1;BR-060/DF;Norte;Colisão Traseira;1;;1;;;;;;;;2;;;;
12/11/2018;06:30:00;95;sem vítima;114,4;BR-060/GO;Sul;Tombamento;;;1;;;;;;;;1;;;;
12/11/2018;09:00:00;159;sem vítima;504;BR-153/GO;Norte;Engavetamento;6;;;;;;;;;;6;;;;
12/11/2018;09:03:00;164;sem vítima;113;BR-060/GO;Norte;Colisão Traseira;2;;;;;;;;;;2;;;;
12/11/2018;09:13:00;173;sem vítima;501;BR-153/GO;Sul;Colisão Lateral;2;;;;;;;;;;2;;;;
12/11/2018;09:21:00;179;sem vítima;1;BR-060/DF;Sul;Colisão Lateral;2;;;;;;;;;;2;;;;
12/11/2018;10:08:00;220;sem vítima;363,508;BR-262/MG;Leste;Tombamento;1;;;;;;;;;;1;;;;
12/11/2018;11:25:00;285;sem vítima;619;BR-153/GO;Sul;Colisão Traseira;1;;1;;;;;;;;2;;;;
12/11/2018;11:47:00;297;com vítima;10;BR-060/DF;Norte;Queda de Moto;;;;1;;;;;;;0;1;;;
12/11/2018;13:33:00;365;sem vítima;658,9;BR-262/MG;Oeste;Tombamento;;;1;;;;;;;;1;;;;
12/11/2018;16:40:00;470;com vítima;444,155;BR-262/MG;Oeste;Capotamento;1;;;;;;;;;;1;1;1;;
12/11/2018;17:27:00;509;com vítima;444;BR-262/MG;Leste;Queda de Moto;;;;1;;;;;;;0;1;;;
12/11/2018;18:08:00;538;sem vítima;505;BR-153/GO;Norte;Colisão Traseira;1;;;1;;;;;;;2;;;;
12/11/2018;18:25:00;551;com vítima;876,5;BR-262/MG;Leste;Colisão Transversal;1;;;1;;;;;;;1;1;;;
12/11/2018;18:35:00;562;sem vítima;505,001;BR-153/GO;Norte;Colisão Traseira;1;;;1;;;;;;;2;;;;
12/11/2018;23:53:00;691;sem vítima;13,4;BR-060/GO;Norte;Colisão Traseira;;;2;;;;;;;;2;;;;
13/11/2018;00:26:00;13;sem vítima;81,8;BR-153/MG;Sul;Atropelamento de Animal;;;1;;;;;;;;1;;;;
13/11/2018;07:32:00;143;sem vítima;3,4;BR-060/GO;Norte;Colisão Traseira;;;1;;;;;;;1;2;;;;
13/11/2018;07:54:00;156;sem vítima;506,5;BR-153/GO;Norte;Colisão Traseira;;;;;;;;;;2;2;;;;
13/11/2018;07:58:00;160;sem vítima;151;BR-153/MG;Sul;Colisão Lateral;;;1;;;;;;;1;2;;;;
13/11/2018;08:11:00;171;com vítima;502,856;BR-153/GO;Sul;Colisão Traseira;1;;;1;;;;;;;1;1;;;
13/11/2018;08:55:00;213;sem vítima;555,4;BR-262/MG;Leste;Choque - Elemento de Drenagem;;;1;;;;;;;;1;;;;
13/11/2018;12:02:00;429;sem vítima;423;BR-262/MG;Oeste;Colisão Traseira;;;1;1;;;;;;;2;;;;
13/11/2018;12:28:00;450;sem vítima;32,1;BR-060/GO;Norte;Colisão Traseira;1;;;1;;;;;;;2;;;;
13/11/2018;14:24:00;539;sem vítima;12,6;BR-060/GO;Norte;Saida de Pista;;;;;;;;;;1;1;;;;
13/11/2018;15:16:00;578;sem vítima;751;BR-262/MG;Oeste;Colisão Traseira;;;2;;;;;;;;3;;;;
13/11/2018;15:24:00;581;com vítima;512,9;BR-153/GO;Norte;Colisão Lateral;1;;;1;;;;;;;1;1;;;
13/11/2018;16:07:00;597;com vítima;501,475;BR-153/GO;Sul;Colisão Lateral;;;;1;;;;;;1;1;1;1;;
13/11/2018;16:28:00;606;com vítima;800;BR-262/MG;Leste;Atropelamento - Outros;1;;1;;;;;;;;1;;1;;
13/11/2018;16:53:00;621;sem vítima;653;BR-262/MG;Leste;Choque - Talude;;;1;;;;;;;;1;;;;
13/11/2018;17:00:00;623;sem vítima;570;BR-153/GO;Sul;Carreta deu L;;;1;;;;;;;;1;;;;
13/11/2018;19:04:00;688;sem vítima;447,3;BR-262/MG;Leste;Colisão Frontal;2;;;;;;;;;;2;;;;
13/11/2018;19:28:00;703;com vítima;119;BR-060/GO;Sul;Saida de Pista;;;1;;;;;;;;0;;1;;
14/11/2018;03:34:00;42;com vítima;550;BR-262/MG;Leste;Colisão Traseira;1;;1;;;;;;;;0;2;1;;
14/11/2018;06:42:00;81;com vítima;361;BR-262/MG;Leste;Atropelamento - Morador;1;;;;;;;;;;1;;;1;
14/11/2018;06:45:00;83;com vítima;435;BR-262/MG;Leste;Choque - Outros;1;;;;;;;;;;0;1;;;
14/11/2018;08:09:00;126;sem vítima;96;BR-060/GO;Sul;Colisão Traseira;2;;;;;;;;;;2;;;;
14/11/2018;08:13:00;127;sem vítima;378;BR-262/MG;Leste;Capotamento;1;;1;;;;;;;;5;;;;
14/11/2018;08:28:00;145;sem vítima;362;BR-262/MG;Leste;Colisão Traseira;1;;;;;;;;;1;2;;;;
14/11/2018;11:59:00;411;com vítima;616,089;BR-262/MG;Leste;Tombamento;;;1;;;;;;;;0;1;;;
14/11/2018;12:08:00;416;sem vítima;505,4;BR-153/GO;Norte;Colisão Traseira;;;1;1;;;;;;;2;;;;
14/11/2018;13:58:00;468;com vítima;573;BR-262/MG;Leste;Capotamento;1;;;;;;;;;;2;1;;;
14/11/2018;17:37:00;601;sem vítima;512;BR-262/MG;Leste;;;;1;;;;;;;1;2;;;;
14/11/2018;18:05:00;615;sem vítima;859;BR-262/MG;Oeste;Capotamento;1;;;;;;;;;;2;;;;
14/11/2018;18:08:00;619;com vítima;413;BR-262/MG;Leste;Queda de Moto;;;;1;;;;;;;0;2;;;
14/11/2018;19:26:00;660;sem vítima;418,3;BR-262/MG;Oeste;Capotamento;1;;;;;;;;;;1;;;;
14/11/2018;20:38:00;701;sem vítima;377,8;BR-262/MG;Oeste;Colisão Lateral;2;;;;;;;;;;2;;;;
14/11/2018;21:32:00;722;sem vítima;588,9;BR-153/GO;Sul;Capotamento;1;;;;;;;;;;2;;;;
14/11/2018;22:33:00;740;sem vítima;26,575;BR-060/GO;Norte;Saida de Pista;1;;;;;;;;;;1;;;;
14/11/2018;23:42:00;754;sem vítima;695;BR-153/GO;Norte;Saida de Pista;1;;;;;;;;;;1;;;;
15/11/2018;04:03:00;65;sem vítima;9,3;BR-060/DF;Sul;Choque - Talude;;;1;;;;;;;;1;;;;
15/11/2018;04:08:00;66;sem vítima;410,571;BR-262/MG;Leste;Choque - Arvore;;;1;;;;;;;;1;;;;
15/11/2018;07:11:00;117;sem vítima;31;BR-153/MG;Sul;Saida de Pista;;;;;;;;;;1;1;;;;
15/11/2018;08:46:00;185;sem vítima;505;BR-153/GO;Norte;Colisão Traseira;2;;;;;;;;;;2;;;;
15/11/2018;08:52:00;189;sem vítima;359,2;BR-262/MG;Leste;Colisão Traseira;1;;1;;;;;;;;2;;;;
15/11/2018;09:12:00;201;com vítima;2;BR-060/DF;Norte;Queda de Ciclista;;;;1;;;;;;;0;1;;;
15/11/2018;12:22:00;343;sem vítima;512,85;BR-262/MG;Leste;Colisão Traseira;;;2;;;;;;;;2;;;;
15/11/2018;14:59:00;413;sem vítima;42;BR-060/GO;Norte;Choque - Talude;1;;;;;;;;;;1;;;;
15/11/2018;17:52:00;514;sem vítima;227;BR-153/MG;Sul;Colisão Traseira;2;;;;;;;;;;6;;;;
15/11/2018;18:11:00;520;sem vítima;441,571;BR-262/MG;Leste;Colisão Lateral;1;;1;;;;;;;;2;;;;
15/11/2018;19:27:00;558;sem vítima;25,984;BR-060/DF;Norte;Queda de Moto;;;;1;;;;;;;1;;;;
15/11/2018;20:41:00;593;com vítima;85,2;BR-153/MG;Sul;Choque - Arvore;1;;;;;;;;;;1;1;;;
15/11/2018;21:04:00;605;sem vítima;489;BR-262/MG;Leste;Saida de Pista;1;;;;;;;;;;1;;;;
15/11/2018;21:16:00;620;sem vítima;11,5;BR-060/DF;Sul;Choque - Veiculo parado no acostamento;2;;;;;;;;;;4;;;;
16/11/2018;03:42:00;42;sem vítima;388,5;BR-262/MG;Oeste;Saida de Pista;1;;;;;;;;;;1;;;;
16/11/2018;05:14:00;55;sem vítima;26,5;BR-060/GO;Norte;Saida de Pista;1;;;;;;;;;;1;;;;
16/11/2018;10:11:00;176;sem vítima;119;BR-060/GO;Sul;Colisão Traseira;1;;1;;;;;;;;2;;;;
16/11/2018;13:34:00;272;com vítima;400,229;BR-262/MG;Leste;Queda de Moto;;;;1;;;;;;;0;1;;;
16/11/2018;13:55:00;282;sem vítima;48;BR-060/GO;Norte;Saida de Pista;1;;;;;;;;;;3;;;;
16/11/2018;14:21:00;292;sem vítima;432,378;BR-262/MG;Oeste;Choque - Elemento de Drenagem;;;1;;;;;;;;1;;;;
16/11/2018;15:38:00;341;sem vítima;115,504;BR-153/MG;Norte;Colisão Traseira;1;;1;;;;;;;;6;;;;
16/11/2018;16:02:00;355;sem vítima;402,4;BR-262/MG;Leste;Saida de Pista;1;;;;;;;;;;1;;;;
16/11/2018;16:22:00;365;sem vítima;380;BR-262/MG;Leste;Saida de Pista;1;;;;;;;;;;2;;;;
16/11/2018;16:23:00;376;sem vítima;386,4;BR-262/MG;Leste;Colisão Traseira;2;;;;;;;;;;2;;;;
16/11/2018;17:19:00;397;sem vítima;650;BR-262/MG;Leste;;1;;;;;;;;;;5;;;;
17/11/2018;00:45:00;11;com vítima;15;BR-153/MG;Sul;Carreta deu L;1;;;;;;;;;;0;1;;;
17/11/2018;00:56:00;13;com vítima;35;BR-153/MG;Norte;Tombamento;;;2;;;;;;;;1;;1;;
17/11/2018;04:01:00;36;sem vítima;2;BR-060/DF;Sul;;1;;;;;;;;;;1;;;;
17/11/2018;06:41:00;61;com vítima;400,5;BR-262/MG;Oeste;Capotamento;1;;;;;;;;;;1;1;;;
17/11/2018;08:36:00;119;sem vítima;117;BR-060/GO;Sul;Colisão Traseira;1;;;;;;;;;1;2;;;;
17/11/2018;12:25:00;230;sem vítima;4;BR-060/DF;Norte;Choque - Elemento de Drenagem;1;;;;;;;;;;1;;;;
17/11/2018;14:23:00;284;sem vítima;490;BR-262/MG;Leste;Choque - Defensa, barreira ou "submarino";;;;;;;;;;1;1;;;;
17/11/2018;15:00:00;303;sem vítima;119,5;BR-060/GO;Sul;Saida de Pista;;;1;;;;;;;;1;;;;
17/11/2018;16:39:00;361;sem vítima;564,2;BR-153/GO;Norte;Choque - Talude;1;;;;;;;;;;1;;;;
17/11/2018;17:11:00;373;sem vítima;113,78;BR-060/GO;Norte;Saida de Pista;;;1;;;;;;;;1;;;;
17/11/2018;20:40:00;448;sem vítima;354;BR-262/MG;Leste;Choque - Talude;1;;;;;1;;;;;2;;;;
17/11/2018;21:09:00;462;com vítima;436;BR-262/MG;Oeste;Capotamento;1;;;;;1;;;;;5;;;1;
17/11/2018;23:09:00;484;com vítima;508,879;BR-153/GO;Sul;Colisão Traseira;1;;;1;;;;;;;1;1;;;
18/11/2018;02:41:00;32;com vítima;575;BR-262/MG;Oeste;Capotamento;1;;;;;;;;;;0;1;;;
18/11/2018;03:27:00;49;com vítima;88,4;BR-153/MG;Norte;Capotamento;;;;;;;;;;1;2;3;;;
18/11/2018;07:41:00;111;sem vítima;491;BR-153/GO;Norte;Tombamento;;;1;;;;;;;;1;;;;
18/11/2018;09:34:00;174;com vítima;26;BR-060/GO;Norte;Capotamento;1;;;;;;;;;;0;1;;;
18/11/2018;13:27:00;288;sem vítima;575,3;BR-153/GO;Norte;Capotamento;1;;;;;;;;;;1;;;;
18/11/2018;13:37:00;294;sem vítima;607;BR-262/MG;Leste;Capotamento;1;;;;;;;;;;1;;;;
18/11/2018;14:03:00;315;sem vítima;82,6;BR-060/GO;Norte;Saida de Pista;1;;;;;;;;;;1;;;;
18/11/2018;14:33:00;325;com vítima;108;BR-153/MG;Sul;Colisão Transversal;1;;1;;;;;;;;1;4;1;;
18/11/2018;14:40:00;332;sem vítima;76,6;BR-060/GO;Norte;Capotamento;1;;;;;;;;;;4;;;;
18/11/2018;15:20:00;353;sem vítima;96;BR-060/GO;Norte;Queda de Moto;;;;1;;;;;;;1;;;;
18/11/2018;16:03:00;381;sem vítima;104;BR-060/GO;Sul;Saida de Pista;;;;;;;;;;1;1;;;;
18/11/2018;16:42:00;398;com vítima;509,9;BR-153/GO;Norte;Colisão Lateral;1;;;1;;;;;;;1;1;;;
18/11/2018;17:44:00;439;sem vítima;534;BR-153/GO;Norte;Colisão Lateral;1;;1;;;;;;;;2;;;;
18/11/2018;17:51:00;441;sem vítima;609,8;BR-262/MG;Leste;Colisão Frontal;1;;1;;;;;;;;2;;;;
18/11/2018;18:01:00;445;com vítima;534;BR-153/GO;Norte;Colisão Traseira;1;;;1;;;;;;;1;1;;;
18/11/2018;18:40:00;467;com vítima;0,5;BR-153/MG;Norte;Choque - Defensa, barreira ou "submarino";1;;;;;;;;;;0;1;;;
18/11/2018;19:06:00;482;com vítima;702,265;BR-262/MG;Leste;Capotamento;1;;;;;;;;;;0;1;1;;
18/11/2018;21:05:00;530;sem vítima;621,1;BR-262/MG;Oeste;Choque - Defensa, barreira ou "submarino";;;;;;;;;;1;4;;;;
18/11/2018;21:17:00;537;sem vítima;598;BR-262/MG;Leste;Carreta deu L;;;1;;;;;;;;1;;;;
18/11/2018;22:01:00;556;sem vítima;508;BR-153/GO;Sul;Saida de Pista;;;1;;;;;;;;1;;;;
18/11/2018;22:13:00;560;com vítima;529,268;BR-262/MG;Leste;Colisão Traseira;2;;1;;;;;;;;4;;1;;
18/11/2018;22:49:00;577;com vítima;529,272;BR-262/MG;Leste;Engavetamento;3;;;;;;;;;;7;;1;;
19/11/2018;00:12:00;3;sem vítima;25,319;BR-060/DF;Norte;Saida de Pista;1;;;;;;;;;;1;;;;
19/11/2018;02:25:00;18;sem vítima;527;BR-153/GO;Sul;Carreta deu L;;;1;;;;;;;;1;;;;
19/11/2018;02:53:00;24;sem vítima;676;BR-153/GO;Norte;Saida de Pista;1;;;;;;;;;;1;;;;
19/11/2018;07:08:00;58;sem vítima;44,65;BR-153/MG;Sul;Saida de Pista;;;1;;;;;;;;2;;;;
19/11/2018;07:53:00;84;sem vítima;381,5;BR-262/MG;Oeste;Capotamento;1;;;;;;;;;;1;;;;
19/11/2018;07:58:00;87;com vítima;625,5;BR-262/MG;Leste;Capotamento;1;;;;;;;;;;1;3;;;
19/11/2018;08:23:00;100;sem vítima;495;BR-153/GO;Sul;Engavetamento;2;;;;;;;;;1;3;;;;