data;horario;n_da_ocorrencia;tipo_de_ocorrencia;km;trecho;sentido;tipo_de_acidente;automovel;bicicleta;caminhao;moto;onibus;outros;tracao_animal;transporte_de_cargas_especiais;trator_maquinas;utilitarios;ilesos;levemente_feridos;moderadamente_feridos;gravemente_feridos;mortos
19/11/2018;08:33:00;104;sem vítima;385;BR-262/MG;Oeste;Saida de Pista;1;;;;;;;;;;1;;;;
19/11/2018;08:38:00;107;sem vítima;643,6;BR-262/MG;Leste;Colisão Traseira;;;2;;;;;;;;2;;;;
19/11/2018;08:54:00;116;sem vítima;494,2;BR-153/GO;Sul;Colisão Traseira;1;;1;;;;;;;;2;;;;
19/11/2018;09:28:00;129;sem vítima;15;BR-060/DF;Norte;Capotamento;1;;;;;;;;;;1;;;;
19/11/2018;09:29:00;131;sem vítima;52;BR-153/MG;Sul;Saida de Pista;1;;;;;;;;;;4;;;;
19/11/2018;09:35:00;134;com vítima;381;BR-262/MG;Oeste;Choque - Defensa, barreira ou "submarino";1;;;;;;;;;;0;1;;;
19/11/2018;10:46:00;170;sem vítima;96;BR-060/GO;Sul;Colisão Lateral;2;;;;;;;;;;2;;;;
19/11/2018;10:50:00;173;sem vítima;381;BR-262/MG;Oeste;Choque - Defensa, barreira ou "submarino";1;;;;;;;;;;1;;;;
19/11/2018;11:49:00;200;com vítima;548;BR-262/MG;Leste;Capotamento;1;;;;;;;;;;2;1;;;
19/11/2018;11:55:00;203;com vítima;10;BR-060/DF;Sul;Capotamento;1;;;;;;;;;;0;1;;;
19/11/2018;12:53:00;226;sem vítima;758,024;BR-262/MG;Leste;Saida de Pista;1;;;;;;;;;;1;;;;
19/11/2018;14:00:00;248;sem vítima;58,3;BR-060/GO;Norte;Colisão Traseira;;;2;;;;;;;;2;;;;
19/11/2018;14:17:00;259;sem vítima;6,7;BR-060/DF;Norte;Saida de Pista;1;;;;;;;;;;1;;;;
19/11/2018;15:29:00;292;sem vítima;91;BR-060/GO;Sul;Colisão Traseira;;;2;;;;;;;;2;;;;
19/11/2018;16:24:00;318;sem vítima;586;BR-262/MG;Leste;Saida de Pista;1;;;;;;;;;;1;;;;
19/11/2018;22:56:00;472;sem vítima;506,1;BR-153/GO;Sul;Saida de Pista;1;;;;;;;;;;1;;;;
19/11/2018;23:58:00;493;com vítima;476,001;BR-262/MG;Leste;Colisão Lateral;1;;1;;;;;;;;0;1;;;2
20/11/2018;03:39:00;60;com vítima;361,168;BR-262/MG;Oeste;Colisão Traseira;;;2;;;;;;;;1;;1;;
20/11/2018;06:37:00;81;com vítima;505;BR-153/GO;Norte;Choque - Suporte de Sinalização;;;;1;;;;;;;0;1;1;;
20/11/2018;07:31:00;95;sem vítima;509;BR-153/GO;Norte;Engavetamento;2;;;1;;;;;;;3;;;;
20/11/2018;07:39:00;99;sem vítima;368,283;BR-262/MG;Leste;Colisão Lateral;;;1;;1;;;;;;3;;;;
20/11/2018;07:47:00;102;sem vítima;501,5;BR-153/GO;Norte;Colisão Traseira;1;;1;;;;;;;;2;;;;
20/11/2018;09:31:00;144;sem vítima;509;BR-153/GO;Norte;Saida de Pista;;;1;;;;;;;;1;;;;
20/11/2018;09:58:00;158;com vítima;388,25;BR-262/MG;Oeste;Choque - Veiculo parado no acostamento;1;;1;;;;;;;;10;;;;1
20/11/2018;13:12:00;228;sem vítima;59;BR-153/MG;Sul;Colisão Frontal;1;;;;;1;;;;;2;;;;
20/11/2018;14:02:00;256;sem vítima;578,69;BR-262/MG;Oeste;Choque - Talude;;;;;;;;;;1;1;;;;
20/11/2018;14:34:00;277;sem vítima;480,198;BR-262/MG;Leste;Capotamento;1;;;;;;;;;;1;;;;
20/11/2018;15:09:00;295;sem vítima;150,2;BR-153/MG;Sul;Saida de Pista;1;;;;;;;;;;1;;;;
20/11/2018;15:41:00;312;sem vítima;437,5;BR-262/MG;Leste;Saida de Pista;1;;;;;;;;;;1;;;;
20/11/2018;15:48:00;315;sem vítima;491;BR-153/GO;Sul;Colisão Lateral;1;;;1;;;;;;;3;;;;
20/11/2018;16:30:00;337;sem vítima;595,2;BR-262/MG;Leste;Saida de Pista;;;1;;;;;;;;2;;;;
20/11/2018;17:14:00;359;sem vítima;595,5;BR-262/MG;Oeste;Colisão Traseira;;;2;;;;;;;;2;;;;
20/11/2018;17:35:00;365;sem vítima;91;BR-060/GO;Norte;Colisão Lateral;1;1;;;;;;;;;2;;;;
20/11/2018;18:54:00;400;sem vítima;381,7;BR-262/MG;Oeste;Choque - Elemento de Drenagem;1;;;;;;;;;;1;;;;
20/11/2018;19:27:00;418;sem vítima;122,4;BR-060/GO;Norte;Carreta deu L;;;1;;;;;;;;3;;;;
20/11/2018;19:55:00;428;sem vítima;510,8;BR-262/MG;Oeste;Saida de Pista;1;;;;1;;;;;;13;;;;
21/11/2018;06:04:00;55;sem vítima;445;BR-262/MG;Oeste;Saida de Pista;1;;;;;;;;;;1;;;;
21/11/2018;08:00:00;91;sem vítima;509;BR-153/GO;Norte;Engavetamento;3;;;;;;;;;;4;;;;
21/11/2018;09:02:00;134;sem vítima;381,6;BR-262/MG;Oeste;Choque - Defensa, barreira ou "submarino";1;;;;;;;;;;1;;;;
21/11/2018;09:43:00;158;sem vítima;554;BR-262/MG;Oeste;Colisão Traseira;1;;1;;;;;;;;5;;;;
21/11/2018;09:56:00;166;com vítima;32;BR-060/GO;Sul;Colisão Transversal;2;;;;;;;;;;1;;1;;
21/11/2018;12:26:00;395;sem vítima;419;BR-262/MG;Oeste;Capotamento;1;;1;;;;;;;;2;;;;
21/11/2018;12:45:00;403;sem vítima;607;BR-262/MG;Oeste;Capotamento;;;;;;;;;;1;1;;;;
21/11/2018;13:03:00;407;sem vítima;375;BR-262/MG;Oeste;Colisão Traseira;1;;1;;;;;;;;2;;;;
21/11/2018;16:14:00;526;sem vítima;379;BR-262/MG;Leste;Choque - Defensa, barreira ou "submarino";1;;;;;;;;;;1;;;;
21/11/2018;18:01:00;603;sem vítima;96;BR-060/GO;Norte;Saida de Pista;1;;;;;;;;;;1;;;;
21/11/2018;18:33:00;622;sem vítima;388,255;BR-262/MG;Oeste;Choque - Defensa, barreira ou "submarino";1;;;;;;;;;;3;;;;
21/11/2018;19:32:00;650;sem vítima;221,9;BR-153/MG;Sul;Saida de Pista;1;;;;;;;;;;1;;;;
21/11/2018;21:29:00;705;sem vítima;23,5;BR-060/GO;Sul;Saida de Pista;;;1;;;;;;;;1;;;;
22/11/2018;06:44:00;84;com vítima;492;BR-262/MG;Oeste;Colisão Transversal;1;;1;;;;;;;;1;1;;;
22/11/2018;06:54:00;88;sem vítima;3;BR-060/DF;Norte;Colisão Traseira;1;;;1;;;;;;;2;;;;
22/11/2018;07:20:00;97;sem vítima;803;BR-262/MG;Oeste;Colisão Traseira;2;;;;;;;;;;2;;;;
22/11/2018;14:33:00;381;sem vítima;683,5;BR-153/GO;Norte;Choque - Elemento de Drenagem;;;;;;;;;;1;1;;;;
22/11/2018;15:02:00;402;sem vítima;133,655;BR-060/GO;Sul;Capotamento;1;;;;;;;;;;2;;;;
22/11/2018;16:40:00;457;sem vítima;53;BR-153/MG;Sul;Capotamento;;;;;;;;;;2;3;;;;
22/11/2018;18:18:00;534;sem vítima;598,3;BR-153/GO;Sul;Choque - Defensa, barreira ou "submarino";1;;;;;;;;;;2;;;;
22/11/2018;19:44:00;603;sem vítima;417,584;BR-262/MG;Leste;Tombamento;;;;;;;;;;1;1;;;;
22/11/2018;19:49:00;607;sem vítima;91,599;BR-153/MG;Norte;Saida de Pista;1;;;;;;;;;;1;;;;
22/11/2018;21:25:00;659;com vítima;378,37;BR-262/MG;Oeste;Queda de Moto;;;;1;;;;;;;0;;1;;
23/11/2018;09:38:00;182;sem vítima;490,5;BR-153/GO;Sul;Colisão Traseira;2;;;;;;;;;;3;;;;
23/11/2018;12:23:00;306;sem vítima;503;BR-153/GO;Sul;Colisão Traseira;2;;;;;;;;;;2;;;;
23/11/2018;13:28:00;350;com vítima;35;BR-060/GO;Norte;Capotamento;1;;;;;;;;;;0;1;;;
23/11/2018;14:26:00;378;sem vítima;382,499;BR-262/MG;Oeste;Saida de Pista;1;;;;;;;;;;1;;;;
23/11/2018;17:22:00;482;sem vítima;494,8;BR-153/GO;Norte;Choque - Defensa, barreira ou "submarino";1;;;;;;;;;;1;;;;
23/11/2018;17:43:00;500;sem vítima;2,4;BR-060/DF;Sul;Colisão Lateral;2;;;;;;;;;;3;;;;
23/11/2018;18:00:00;507;sem vítima;500,2;BR-153/GO;Sul;Colisão Traseira;2;;;;;;;;;;2;;;;
23/11/2018;19:25:00;541;sem vítima;46,6;BR-060/GO;Sul;Colisão Traseira;1;;1;;;;;;;;2;;;;
23/11/2018;21:05:00;587;sem vítima;768,001;BR-262/MG;Leste;Saida de Pista;1;;;;;;;;;;1;;;;
23/11/2018;21:59:00;609;com vítima;110,9;BR-060/GO;Norte;Colisão Traseira;1;;1;;;;;;;;1;;1;;
23/11/2018;23:09:00;626;sem vítima;506,1;BR-153/GO;Sul;Choque - Defensa, barreira ou "submarino";1;;;;;;;;;;1;;;;
24/11/2018;04:01:00;49;sem vítima;121,9;BR-060/GO;Sul;Atropelamento - Usuário;2;;;;;;;;;;2;;;;
24/11/2018;06:47:00;67;sem vítima;485,17;BR-262/MG;Leste;Capotamento;1;;;;;;;;;;2;;;;
24/11/2018;07:24:00;86;sem vítima;451,359;BR-262/MG;Oeste;Colisão Transversal;;;1;;;;;;;1;2;;;;
24/11/2018;08:21:00;116;sem vítima;136;BR-060/GO;Sul;Queda de Moto;;;;1;;;;;;;1;;;;
24/11/2018;08:45:00;133;sem vítima;59;BR-153/MG;Norte;Colisão Traseira;2;;;;;;;;;;2;;;;
24/11/2018;10:08:00;188;sem vítima;73,3;BR-060/GO;Sul;Choque - Defensa, barreira ou "submarino";1;;;;;;;;;;1;;;;
24/11/2018;10:11:00;191;sem vítima;56,5;BR-060/GO;Sul;Choque - Defensa, barreira ou "submarino";1;;;;;;;;;;1;;;;
24/11/2018;10:41:00;202;sem vítima;46;BR-060/GO;Norte;Choque - Elemento de Drenagem;1;;;;;;;;;;1;;;;
24/11/2018;10:55:00;216;com vítima;571;BR-262/MG;Oeste;Colisão Frontal;1;;1;;;;;;;;3;1;;;
24/11/2018;11:12:00;224;com vítima;22;BR-060/DF;Norte;Capotamento;1;;;;;;;;;;1;1;;;
24/11/2018;11:23:00;234;sem vítima;435,492;BR-262/MG;Leste;Saida de Pista;;;;;;;;;;1;4;;;;
24/11/2018;13:41:00;310;sem vítima;500;BR-153/GO;Sul;Queda de Moto;;;;1;;;;;;;1;;;;
24/11/2018;13:48:00;311;sem vítima;524;BR-262/MG;Leste;Carreta deu L;;;1;;;;;;;;1;;;;
24/11/2018;14:16:00;329;sem vítima;576;BR-262/MG;Leste;Tombamento;;;1;;;;;;;;1;;;;
24/11/2018;14:24:00;332;sem vítima;20,4;BR-153/MG;Sul;Choque - Elemento de Drenagem;1;;;;;;;;;;2;;;;
24/11/2018;15:22:00;360;com vítima;505;BR-153/GO;Norte;Colisão Lateral;1;;;1;;;;;;;1;1;;;
24/11/2018;15:24:00;361;sem vítima;429;BR-262/MG;Oeste;Saida de Pista;1;;;;;;;;;;1;;;;
24/11/2018;15:38:00;374;sem vítima;380;BR-262/MG;Leste;Saida de Pista;1;;;;;;;;;;1;;;;
24/11/2018;16:56:00;401;sem vítima;432,87;BR-262/MG;Leste;Colisão Traseira;2;;;;;;;;;;2;;;;
24/11/2018;17:28:00;418;sem vítima;382;BR-262/MG;Leste;;1;;;;;;;;;;1;;;;
24/11/2018;17:46:00;424;sem vítima;477,5;BR-262/MG;Oeste;Saida de Pista;1;;;;;;;;;;1;;;;
24/11/2018;17:47:00;425;sem vítima;380;BR-262/MG;Leste;Choque - Talude;1;;;;;;;;;;1;;;;
24/11/2018;19:34:00;466;sem vítima;508;BR-153/GO;Sul;Choque - Talude;1;;;;;;;;;;4;;;;
24/11/2018;21:04:00;514;com vítima;12,226;BR-060/GO;Norte;Colisão Traseira;1;;1;;;;;;;;1;1;;;
24/11/2018;22:34:00;545;sem vítima;99,097;BR-060/GO;Sul;Saida de Pista;1;;;;;;;;;;1;;;;
25/11/2018;00:17:00;7;sem vítima;42,2;BR-153/MG;Sul;Tombamento;;;1;;;;;;;;3;;;;
25/11/2018;00:37:00;15;com vítima;417;BR-262/MG;Leste;Choque - Elemento de Drenagem;1;;;;;;;;;;0;;1;;
25/11/2018;01:11:00;31;sem vítima;380;BR-262/MG;Leste;Capotamento;1;;;;;;;;;;2;;;;
25/11/2018;02:09:00;45;com vítima;501,465;BR-153/GO;Norte;Capotamento;1;;;;;;;;;;0;1;;;
25/11/2018;04:14:00;63;com vítima;116,7;BR-060/GO;Sul;Capotamento;2;;;;;;;;;;1;;1;;
25/11/2018;05:46:00;78;sem vítima;408,867;BR-262/MG;Leste;Saida de Pista;;;1;;;;;;;;1;;;;
25/11/2018;06:12:00;82;com vítima;425,5;BR-262/MG;Leste;Saida de Pista;1;;;;;;;;;;0;1;;;
25/11/2018;06:56:00;89;sem vítima;508,6;BR-153/GO;Sul;Saida de Pista;2;;;;;;;;;;5;;;;
25/11/2018;08:59:00;123;sem vítima;536;BR-262/MG;Leste;;;;1;;;;;;;;1;;;;
25/11/2018;09:11:00;126;sem vítima;136;BR-060/GO;Sul;Saida de Pista;1;;;;;;;;;;2;;;;
25/11/2018;09:42:00;139;sem vítima;553,2;BR-262/MG;Leste;Choque - Talude;;;1;;;;;;;;1;;;;
25/11/2018;10:30:00;201;sem vítima;104,358;BR-060/GO;Sul;Saida de Pista;1;;;;;;;;;;1;;;;
25/11/2018;10:44:00;230;sem vítima;545;BR-262/MG;Leste;Saida de Pista;1;;;;;;;;;;1;;;;
25/11/2018;11:40:00;284;sem vítima;511;BR-153/GO;Sul;Colisão Traseira;1;;1;;;;;;;;3;;;;
25/11/2018;14:40:00;372;sem vítima;243;BR-153/MG;Norte;Colisão Lateral;1;;1;;;;;;;;2;;;;
25/11/2018;15:02:00;378;sem vítima;115;BR-060/GO;Norte;;1;;;;;;;;;;1;;;;
25/11/2018;15:14:00;385;sem vítima;378,7;BR-262/MG;Leste;Choque - Elemento de Drenagem;1;;;;;;;;;;1;;;;
25/11/2018;15:39:00;397;sem vítima;69,58;BR-060/GO;Norte;Capotamento;1;;;;;;;;;;1;;;;
25/11/2018;16:25:00;417;sem vítima;45;BR-060/GO;Norte;Saida de Pista;1;;;;;;;;;;1;;;;
25/11/2018;16:52:00;428;com vítima;596,8;BR-153/GO;Norte;Capotamento;1;;;;;;;;;;0;2;;;2
25/11/2018;17:24:00;440;sem vítima;354;BR-262/MG;Leste;Colisão Traseira;1;;1;;;;;;;;4;;;;
25/11/2018;20:02:00;504;com vítima;5,178;BR-060/GO;Norte;Colisão Frontal;1;;;1;;;;;;;0;3;1;;
25/11/2018;20:52:00;525;sem vítima;822,7;BR-262/MG;Leste;Saida de Pista;1;;;;;;;;;;1;;;;
25/11/2018;21:21:00;532;sem vítima;439;BR-262/MG;Oeste;Choque - Defensa, barreira ou "submarino";1;;;;;;;;;;1;;;;
25/11/2018;21:57:00;544;sem vítima;507,094;BR-153/GO;Sul;Colisão Frontal;;;;;;;;;;2;2;;;;
25/11/2018;23:05:00;563;sem vítima;503,014;BR-153/GO;Sul;Capotamento;2;;;;;;;;;;2;;;;
26/11/2018;00:22:00;9;com vítima;694;BR-262/MG;Leste;Queda de Moto;;;;1;;;;;;;0;1;;;
26/11/2018;06:53:00;82;sem vítima;437;BR-262/MG;Leste;Queda de Moto;;;;1;;;;;;;1;;;;
26/11/2018;07:36:00;101;com vítima;537;BR-262/MG;Leste;Choque - Arvore;;;1;;;;;;;;0;;1;;
26/11/2018;13:13:00;395;sem vítima;380;BR-262/MG;Leste;Tombamento;;;1;;;;;;;;1;;;;
26/11/2018;14:42:00;448;sem vítima;477;BR-262/MG;Leste;Colisão Lateral;2;;;;;;;;;;2;;;;
26/11/2018;14:59:00;458;sem vítima;501;BR-262/MG;Leste;Colisão Lateral;1;;1;;;;;;;;2;;;;
26/11/2018;16:22:00;495;sem vítima;889;BR-262/MG;Oeste;Choque - Elemento de Drenagem;1;;;;;;;;;;1;;;;
26/11/2018;17:01:00;546;sem vítima;780;BR-262/MG;Oeste;Choque - Talude;1;;1;;;;;;;;2;;;;
26/11/2018;21:12:00;746;sem vítima;458;BR-262/MG;Leste;Queda de Moto;;;;1;;;;;;;1;;;;
27/11/2018;01:10:00;21;sem vítima;136;BR-060/GO;Norte;Saida de Pista;;;;;;;;;;1;1;;;;
27/11/2018;01:26:00;24;sem vítima;11;BR-060/GO;Norte;Tombamento;1;;;;;;;;;;1;;;;
27/11/2018;02:27:00;35;sem vítima;496;BR-153/GO;Sul;Colisão Traseira;1;;1;;;;;;;;2;;;;
27/11/2018;05:47:00;56;sem vítima;791;BR-262/MG;Leste;Tombamento;;;1;;;;;;;;1;;;;
27/11/2018;06:22:00;65;sem vítima;747;BR-262/MG;Leste;Choque - Elemento de Drenagem;1;;;;;;;;;;1;;;;
27/11/2018;06:28:00;66;sem vítima;499;BR-153/GO;Sul;Queda de Moto;;;;1;;;;;;;1;;;;
27/11/2018;07:17:00;84;com vítima;499,3;BR-153/GO;Sul;Engavetamento;4;;;;;;;;;;3;;1;;
27/11/2018;07:35:00;87;sem vítima;499,9;BR-153/GO;Sul;Colisão Lateral;1;;1;;;;;;;;2;;;;
27/11/2018;08:22:00;122;sem vítima;61;BR-060/GO;Sul;Colisão Traseira;;;2;;;;;;;;2;;;;
27/11/2018;09:58:00;261;com vítima;2,9;BR-060/DF;Sul;Colisão Lateral;1;;;1;;;;;;;1;1;;;
27/11/2018;17:32:00;519;com vítima;509,3;BR-153/GO;Sul;Queda de Moto;;;;1;;;;;;;0;2;;;
27/11/2018;17:59:00;545;com vítima;509;BR-153/GO;Norte;Engavetamento;1;;1;1;;;;;;;2;;1;;
27/11/2018;18:50:00;599;sem vítima;803;BR-262/MG;Leste;Colisão Transversal;1;;1;;;;;;;;2;;;;
27/11/2018;21:26:00;675;com vítima;801,267;BR-262/MG;Oeste;Queda de Moto;;;;1;;;;;;;0;1;;;
28/11/2018;05:07:00;84;sem vítima;631,4;BR-153/GO;Sul;Choque - Elemento de Drenagem;;;1;;;;;;;;1;;;;
28/11/2018;08:22:00;152;com vítima;500;BR-153/GO;Sul;Colisão Traseira;;;2;;;;;;;;1;3;;;
28/11/2018;12:53:00;315;sem vítima;0,8;BR-060/DF;Sul;Saida de Pista;;;1;;;;;;;;1;;;;
28/11/2018;15:36:00;406;sem vítima;89;BR-060/GO;Sul;Colisão Traseira;2;;;;;;;;;;4;;;;
28/11/2018;16:07:00;433;com vítima;484,5;BR-262/MG;Oeste;Colisão Frontal;1;;1;;;;;;;;1;;1;;
28/11/2018;17:05:00;470;com vítima;770,1;BR-262/MG;Oeste;Capotamento;1;;;;;;;;;;0;2;2;;
28/11/2018;18:50:00;531;com vítima;362,3;BR-262/MG;Leste;Capotamento;1;;;;;;;;;;1;;1;;
28/11/2018;19:49:00;582;sem vítima;412,1;BR-262/MG;Leste;Saida de Pista;1;;;;;;;;;;1;;;;
28/11/2018;20:27:00;608;sem vítima;442,5;BR-262/MG;Leste;Colisão Lateral;2;;;;;;;;;;2;;;;
28/11/2018;21:21:00;631;sem vítima;516,5;BR-262/MG;Leste;Colisão Traseira;;;1;;;;;;;1;2;;;;
29/11/2018;05:45:00;82;sem vítima;578;BR-262/MG;Leste;Tombamento;;;1;;;;;;;;1;;;;
29/11/2018;07:51:00;123;sem vítima;509,9;BR-153/GO;Norte;Queda de Moto;;;;1;;;;;;;1;;;;
29/11/2018;08:35:00;157;sem vítima;99;BR-060/GO;Sul;Colisão Lateral;1;;1;;;;;;;;2;;;;
29/11/2018;15:23:00;453;sem vítima;31,2;BR-060/GO;Norte;Colisão Traseira;1;;;;;;;;;1;6;;;;
29/11/2018;15:28:00;457;com vítima;490;BR-262/MG;Leste;Engavetamento;3;;;;;;;;;;3;;1;;
29/11/2018;16:20:00;492;sem vítima;389;BR-262/MG;Leste;Colisão Transversal;2;;;;;;;;;;2;;;;
29/11/2018;16:37:00;506;sem vítima;388;BR-262/MG;Leste;Colisão Lateral;;;2;;;;;;;;2;;;;
29/11/2018;18:33:00;567;sem vítima;802,5;BR-262/MG;Leste;Queda de Moto;;;;1;;;;;;;1;;;;
29/11/2018;18:56:00;586;com vítima;97;BR-060/GO;Sul;Colisão Transversal;1;;;1;;;;;;;1;1;;;
29/11/2018;20:18:00;622;com vítima;96,001;BR-060/GO;Sul;Colisão Frontal;1;;;1;;;;;;;1;1;;;
29/11/2018;20:40:00;629;sem vítima;118,5;BR-060/GO;Norte;Saida de Pista;;;;;;;;;;1;1;;;;
29/11/2018;21:22:00;645;com vítima;564;BR-153/GO;Sul;Colisão Traseira;;;2;;;;;;;;3;1;;;
29/11/2018;22:50:00;672;sem vítima;493;BR-153/GO;Sul;Colisão Traseira;1;;;;;1;;;;;2;;;;
29/11/2018;23:26:00;681;sem vítima;788;BR-262/MG;Oeste;Capotamento;1;;;;;1;;;;;2;;;;
30/11/2018;02:42:00;29;com vítima;539,068;BR-262/MG;Oeste;Tombamento;;;1;;;;;;;;0;1;;;
30/11/2018;04:06:00;40;sem vítima;370,382;BR-262/MG;Leste;Choque - Suporte de Sinalização;;;1;;;;;;;;1;;;;
30/11/2018;04:39:00;45;sem vítima;404;BR-262/MG;Leste;Saida de Pista;1;;;;;;;;;;1;;;;
30/11/2018;06:34:00;70;sem vítima;24,35;BR-060/DF;Sul;Choque - Defensa, barreira ou "submarino";1;;;;;;;;;;1;;;;
30/11/2018;06:57:00;82;sem vítima;653;BR-153/GO;Sul;Saida de Pista;1;;;;;;;;;;1;;;;
30/11/2018;07:18:00;89;sem vítima;100;BR-060/GO;Norte;Saida de Pista;1;;;;;;;;;;1;;;;
30/11/2018;07:38:00;94;sem vítima;633,4;BR-153/GO;Norte;Capotamento;;;;;;;;;;1;1;;;;
30/11/2018;07:43:00;100;sem vítima;93,99;BR-060/GO;Norte;Colisão Traseira;1;;1;;;;;;;;2;;;;
30/11/2018;07:44:00;102;sem vítima;501;BR-153/GO;Norte;Engavetamento;2;;1;;;;;;;;3;;;;
30/11/2018;08:01:00;113;com vítima;508;BR-153/GO;Norte;Engavetamento;1;;2;;;;;;;;3;1;;;
30/11/2018;08:06:00;118;sem vítima;632,8;BR-153/GO;Sul;Saida de Pista;1;;;;;;;;;;4;;;;
30/11/2018;08:07:00;120;sem vítima;93,4;BR-060/GO;Norte;Queda de Ciclista;;;;1;;;;;;;1;;;;
30/11/2018;08:56:00;163;sem vítima;508;BR-153/GO;Norte;Colisão Traseira;1;;;;;;;;;1;2;;;;
30/11/2018;09:31:00;201;sem vítima;129;BR-060/GO;Norte;Saida de Pista;;;1;;;;;;;;1;;;;
30/11/2018;11:47:00;377;sem vítima;496;BR-153/GO;Norte;Colisão Traseira;1;;1;;;;;;;;2;;;;
30/11/2018;15:06:00;493;sem vítima;505;BR-153/GO;Sul;Capotamento;1;;;;;1;;;;;2;;;;
30/11/2018;15:12:00;497;sem vítima;493;BR-153/GO;Sul;Engavetamento;2;;1;;1;;;;;1;5;;;;
30/11/2018;19:04:00;618;sem vítima;508,899;BR-153/GO;Norte;Colisão Traseira;2;;;;;;;;;;2;;;;
30/11/2018;21:08:00;678;com vítima;388;BR-262/MG;Oeste;Colisão Lateral;2;;;;;;;;;;2;1;;;
30/11/2018;21:20:00;687;sem vítima;31,001;BR-060/GO;Norte;Colisão Lateral;2;;;;;;;;;;2;;;;
30/11/2018;21:44:00;702;sem vítima;656,467;BR-262/MG;Oeste;Colisão Traseira;1;;;;;1;;;;;2;;;;
30/11/2018;23:13:00;733;sem vítima;129;BR-060/GO;Norte;;;;1;;;;;;;;1;;;;
01/12/2018;04:59:00;63;sem vítima;512,001;BR-153/GO;Sul;Saida de Pista;1;;;;;;;;;;1;;;;
01/12/2018;05:42:00;71;sem vítima;9;BR-153/MG;Sul;Tombamento;;;1;;;;;;;;1;;;;
01/12/2018;06:52:00;87;sem vítima;511;BR-153/GO;Sul;Colisão Traseira;2;;;;;;;;;;2;;;;
01/12/2018;07:47:00;98;sem vítima;514;BR-153/GO;Norte;Colisão Traseira;2;;;;;;;;;;2;;;;
01/12/2018;08:17:00;116;com vítima;51;BR-153/MG;Norte;Capotamento;1;;;;;;;;;;0;3;;;
01/12/2018;08:26:00;122;sem vítima;584,5;BR-262/MG;Oeste;Capotamento;1;;;;;;;;;;2;;;;
01/12/2018;08:36:00;129;sem vítima;379,767;BR-262/MG;Leste;Saida de Pista;1;;;;;;;;;;2;;;;
01/12/2018;10:44:00;200;sem vítima;128,7;BR-060/GO;Norte;Colisão Traseira;;;;1;1;;;;;;2;;;;
01/12/2018;10:54:00;207;com vítima;35;BR-060/GO;Sul;Queda de Moto;;;;1;;;;;;;0;1;;;
01/12/2018;11:24:00;229;com vítima;48;BR-060/GO;Norte;Capotamento;1;;;;;;;;;;0;1;1;;
01/12/2018;13:17:00;275;sem vítima;408;BR-262/MG;Leste;Saida de Pista;;;;;;;;;;1;1;;;;
01/12/2018;15:10:00;312;com vítima;380;BR-262/MG;Leste;Choque - Elemento de Drenagem;1;;;;;;;;;;3;1;;;
01/12/2018;15:40:00;328;com vítima;547,3;BR-262/MG;Leste;Colisão Frontal;;;4;;;;;;;;2;;;1;1
01/12/2018;15:59:00;345;sem vítima;197;BR-153/MG;Norte;Colisão Transversal;1;;1;;;;;;;;3;;;;
01/12/2018;16:03:00;348;sem vítima;800,9;BR-262/MG;Leste;Colisão Traseira;2;;;;;;;;;;2;;;;
01/12/2018;17:45:00;388;sem vítima;389,4;BR-262/MG;Leste;Colisão Traseira;2;;;;;;;;;;2;;;;
01/12/2018;18:08:00;401;sem vítima;444,05;BR-262/MG;Leste;Saida de Pista;1;;;;;;;;;;1;;;;
01/12/2018;18:34:00;416;com vítima;584,001;BR-262/MG;Oeste;Capotamento;1;;;;;;;;;;0;1;;;
01/12/2018;18:53:00;425;sem vítima;430;BR-262/MG;Leste;;1;;;;;;;;;;1;;;;
01/12/2018;19:07:00;431;sem vítima;125;BR-153/MG;Sul;Choque - Talude;1;;1;;;;;;;;2;;;;
01/12/2018;19:44:00;449;com vítima;372,001;BR-262/MG;Leste;Saida de Pista;;;;;;;;;;1;2;;1;;
01/12/2018;19:53:00;458;com vítima;536,3;BR-153/GO;Norte;Colisão Traseira;1;;;1;;;;;;;0;;3;;
02/12/2018;00:47:00;15;sem vítima;549,1;BR-262/MG;Leste;Choque - Defensa, barreira ou "submarino";1;;;;;;;;;;1;;;;
02/12/2018;03:21:00;42;sem vítima;506,6;BR-153/GO;Sul;Choque - Defensa, barreira ou "submarino";1;;;1;;;;;;;2;;;;
02/12/2018;08:14:00;93;sem vítima;514;BR-153/GO;Sul;Colisão Traseira;1;;1;;;;;;;;3;;;;
02/12/2018;09:19:00;126;sem vítima;380;BR-262/MG;Oeste;Choque - Defensa, barreira ou "submarino";1;;;;;;;;;;1;;;;
02/12/2018;11:49:00;191;sem vítima;494;BR-153/GO;Norte;Capotamento;;;;;;;;;;1;4;;;;
02/12/2018;11:55:00;192;sem vítima;370,1;BR-262/MG;Leste;Choque - Defensa, barreira ou "submarino";;;1;;;;;;;;1;;;;
02/12/2018;12:22:00;196;sem vítima;385;BR-262/MG;Oeste;Saida de Pista;1;;;;;;;;;;1;;;;
02/12/2018;13:20:00;217;sem vítima;114;BR-060/GO;Sul;Capotamento;1;;;;;;;;;;1;;;;
02/12/2018;13:29:00;225;sem vítima;465;BR-262/MG;Leste;Saida de Pista;;;1;;;;;;;;1;;;;
02/12/2018;14:39:00;248;com vítima;413;BR-262/MG;Oeste;Colisão Traseira;2;;;;;;;;;;6;2;;;