data;horario;n_da_ocorrencia;tipo_de_ocorrencia;km;trecho;sentido;tipo_de_acidente;automovel;bicicleta;caminhao;moto;onibus;outros;tracao_animal;transporte_de_cargas_especiais;trator_maquinas;utilitarios;ilesos;levemente_feridos;moderadamente_feridos;gravemente_feridos;mortos
02/12/2018;15:18:00;262;sem vítima;832;BR-262/MG;Oeste;Choque - Talude;1;;;;;;;;;;1;;;;
02/12/2018;16:20:00;302;com vítima;612;BR-262/MG;Leste;Saida de Pista;1;;;;;;;;;;1;1;;;
02/12/2018;16:26:00;306;sem vítima;116;BR-153/MG;Sul;Saida de Pista;;;;;;;;;;1;1;;;;
02/12/2018;16:54:00;318;sem vítima;584;BR-262/MG;Leste;;1;;;;;;;;;;1;;;;
02/12/2018;17:07:00;321;sem vítima;16,9;BR-060/GO;Norte;Capotamento;1;;;;;;;;;;1;;;;
02/12/2018;17:44:00;339;sem vítima;96,599;BR-060/GO;Norte;Colisão Lateral;2;;;;;;;;;;2;;;;
02/12/2018;17:50:00;342;sem vítima;50,1;BR-153/MG;Sul;Capotamento;1;;;;;;;;;;3;;;;
02/12/2018;20:08:00;397;com vítima;720,75;BR-262/MG;Oeste;Colisão Traseira;2;;;;;;;;;;1;1;;;
02/12/2018;22:53:00;463;com vítima;365,4;BR-262/MG;Oeste;Colisão Traseira;1;;1;;;;;;;;1;1;;;
03/12/2018;07:24:00;76;com vítima;445,9;BR-262/MG;Oeste;Colisão Traseira;1;;;1;;;;;;;1;1;;;
03/12/2018;07:55:00;85;com vítima;505,25;BR-153/GO;Norte;Queda de Ciclista;1;;;1;;;;;;;2;1;;;
03/12/2018;08:18:00;94;sem vítima;2;BR-060/GO;Norte;Saida de Pista;1;;;;;;;;;;1;;;;
03/12/2018;09:01:00;117;sem vítima;425;BR-262/MG;Oeste;Colisão Traseira;;;2;;;;;;;;6;;;;
03/12/2018;09:01:00;119;sem vítima;14;BR-060/DF;Norte;Capotamento;1;;;;;;;;;;1;;;;
03/12/2018;09:04:00;120;sem vítima;466;BR-262/MG;Leste;Tombamento;;;1;;;;;;;;2;;;;
03/12/2018;11:29:00;179;com vítima;580;BR-153/GO;Sul;Capotamento;1;;;;;;;;;;1;1;1;;
03/12/2018;11:48:00;188;sem vítima;385,468;BR-262/MG;Oeste;Capotamento;1;;;;;;;;;;1;;;;
03/12/2018;11:59:00;193;sem vítima;549;BR-262/MG;Leste;Choque - Talude;1;;;;;;;;;;2;;;;
03/12/2018;13:34:00;227;sem vítima;909;BR-262/MG;Oeste;Choque - Defensa, barreira ou "submarino";;;1;;;;;;;;1;;;;
03/12/2018;17:24:00;375;com vítima;500;BR-153/GO;Sul;Colisão Lateral;1;;;1;;;;;;;2;1;;;
03/12/2018;18:33:00;418;com vítima;501;BR-153/GO;Norte;Engavetamento;3;;;;;;;;;;4;2;;;
03/12/2018;18:52:00;428;sem vítima;501,1;BR-153/GO;Sul;Colisão Traseira;1;;1;;;;;;;;2;;;;
03/12/2018;19:02:00;431;com vítima;506;BR-153/GO;Norte;Colisão Lateral;1;;;1;;;;;;;1;1;;;
03/12/2018;22:59:00;510;sem vítima;476;BR-262/MG;Leste;Colisão Traseira;1;;1;;;;;;;;2;;;;
03/12/2018;23:28:00;516;sem vítima;17;BR-153/MG;Sul;Choque - Elemento de Drenagem;;;;;;;;;;1;1;;;;
04/12/2018;07:24:00;104;sem vítima;588;BR-153/GO;Sul;Choque - Elemento de Drenagem;1;;;;;1;;;;;2;;;;
04/12/2018;09:02:00;263;sem vítima;18;BR-153/MG;Norte;Tombamento;;;1;;;;;;;;1;;;;
04/12/2018;09:23:00;286;com vítima;493,5;BR-153/GO;Sul;Atropelamento - Andarilho;1;;;;;;;;;;1;;1;;
04/12/2018;11:46:00;508;sem vítima;109;BR-060/GO;Norte;Choque - Defensa, barreira ou "submarino";1;;;;;;;;;;2;;;;
04/12/2018;13:33:00;557;sem vítima;620;BR-153/GO;Sul;Capotamento;1;;;;;;;;;;1;;;;
04/12/2018;14:43:00;593;sem vítima;424;BR-262/MG;Leste;Choque - Veiculo parado no acostamento;1;;1;;;;;;;;2;;;;
04/12/2018;16:12:00;663;sem vítima;599;BR-153/GO;Norte;Tombamento;;;1;;;;;;;;1;;;;
04/12/2018;17:41:00;728;sem vítima;439;BR-262/MG;Oeste;Colisão Traseira;;;1;;;;;;;1;3;;;;
04/12/2018;18:36:00;755;sem vítima;499,699;BR-153/GO;Sul;Colisão Traseira;2;;;;;;;;;;2;;;;
04/12/2018;18:49:00;760;sem vítima;499,73;BR-153/GO;Sul;Colisão Traseira;2;;;;;;;;;;2;;;;
04/12/2018;18:51:00;761;com vítima;444;BR-262/MG;Leste;Colisão Lateral;1;;;1;;;;;;;1;;;1;
04/12/2018;20:41:00;809;sem vítima;32;BR-060/GO;Sul;Colisão Lateral;2;;;;;;;;;;3;;;;
05/12/2018;01:44:00;23;sem vítima;510;BR-153/GO;Norte;Colisão Traseira;2;;;;;;;;;;2;;;;
05/12/2018;09:46:00;197;sem vítima;437,5;BR-262/MG;Oeste;Colisão Transversal;1;;1;;;;;;;;2;;;;
05/12/2018;11:34:00;269;sem vítima;100;BR-153/MG;Norte;Saida de Pista;;;;;;;;;;1;1;;;;
05/12/2018;12:26:00;294;sem vítima;736,9;BR-262/MG;Leste;Colisão Traseira;;;2;;;;;;;;2;;;;
05/12/2018;12:59:00;310;sem vítima;838;BR-262/MG;Oeste;Colisão Traseira;;;2;;;;;;;;2;;;;
05/12/2018;13:42:00;332;com vítima;35,5;BR-060/GO;Norte;Capotamento;1;;;;;;;;;;0;1;;;
05/12/2018;14:01:00;342;sem vítima;366;BR-262/MG;Leste;Colisão Lateral;1;;1;;;;;;;;2;;;;
05/12/2018;15:48:00;402;sem vítima;565;BR-262/MG;Leste;Colisão Traseira;;;2;;;;;;;;2;;;;
05/12/2018;15:48:00;403;com vítima;563,9;BR-153/GO;Sul;Capotamento;;;1;;;;;;;;0;1;;;
05/12/2018;16:04:00;410;sem vítima;574;BR-262/MG;Leste;Queda de Moto;;;;1;;;;;;;1;;;;
05/12/2018;16:19:00;418;sem vítima;690;BR-262/MG;Leste;Carreta deu L;;;1;;;;;;;;1;;;;
05/12/2018;17:05:00;452;sem vítima;83;BR-060/GO;Norte;Choque - Suporte de Sinalização;1;;;;;;;;;;4;;;;
05/12/2018;22:16:00;611;sem vítima;517,399;BR-153/GO;Sul;Saida de Pista;3;;;;;;;;;;3;;;;
05/12/2018;23:24:00;632;sem vítima;706;BR-262/MG;Leste;Saida de Pista;1;;;;;;;;;;2;;;;
06/12/2018;05:34:00;74;sem vítima;12;BR-153/MG;Norte;Saida de Pista;;;1;;;;;;;;1;;;;
06/12/2018;06:03:00;83;sem vítima;91;BR-153/MG;Norte;Saida de Pista;;;1;;;;;;;;1;;;;
06/12/2018;07:47:00;122;sem vítima;463,37;BR-262/MG;Leste;Choque - Arvore;1;;;;;;;;;;1;;;;
06/12/2018;08:33:00;162;sem vítima;361,4;BR-262/MG;Leste;Colisão Traseira;2;;;;;;;;;;2;;;;
06/12/2018;09:57:00;231;com vítima;44,6;BR-153/MG;Sul;Queda de Moto;;;;1;;;;;;;0;1;;;
06/12/2018;11:55:00;305;com vítima;184;BR-153/MG;Sul;Tombamento;;;1;;;;;;;;0;1;;;
06/12/2018;11:57:00;307;sem vítima;490,3;BR-153/GO;Norte;Colisão Frontal;1;;1;;;;;;;;2;;;;
06/12/2018;12:25:00;325;sem vítima;110;BR-153/MG;Norte;Colisão Transversal;2;;;;;;;;;;2;;;;
06/12/2018;12:54:00;341;sem vítima;560;BR-153/GO;Sul;Choque - Elemento de Drenagem;1;;;;;;;;;;1;;;;
06/12/2018;15:22:00;445;sem vítima;496;BR-153/GO;Sul;Engavetamento;3;;;;;;;;;;3;;;;
06/12/2018;17:03:00;528;sem vítima;612,7;BR-262/MG;Leste;Choque - Talude;1;;;;;;;;;;1;;;;
06/12/2018;18:31:00;583;sem vítima;4,001;BR-060/DF;Sul;Colisão Traseira;1;;;;;;1;;;;3;;;;
06/12/2018;19:37:00;642;sem vítima;615,2;BR-262/MG;Leste;Colisão Traseira;;;2;;;;;;;;2;;;;
06/12/2018;20:38:00;677;sem vítima;700;BR-262/MG;Oeste;Atropelamento de Animal;1;;;;;;;;;;1;;;;
06/12/2018;21:27:00;700;com vítima;636,2;BR-153/GO;Norte;Colisão Traseira;2;;;;;;;;;;1;1;;;
06/12/2018;21:30:00;703;sem vítima;423;BR-262/MG;Oeste;Tombamento;1;;;;;;;;;;1;;;;
06/12/2018;22:18:00;722;sem vítima;521,001;BR-153/GO;Norte;Atropelamento de Animal;1;;;;;;;;;;1;;;;
06/12/2018;23:19:00;744;sem vítima;402,47;BR-262/MG;Oeste;Saida de Pista;1;;;;;;;;;;1;;;;
07/12/2018;04:08:00;57;com vítima;682,299;BR-153/GO;Norte;Tombamento;;;1;;;;;;;;0;1;;;
07/12/2018;09:31:00;212;com vítima;518;BR-153/GO;Norte;Queda de Ciclista;;;;1;;;;;;;0;1;;;
07/12/2018;10:03:00;231;sem vítima;366,3;BR-262/MG;Oeste;Saida de Pista;1;;;;;;;;;;3;;;;
07/12/2018;10:36:00;264;sem vítima;366;BR-262/MG;Oeste;Colisão Traseira;1;;;;;1;;;;;3;;;;
07/12/2018;11:18:00;307;com vítima;903,9;BR-262/MG;Oeste;Capotamento;1;;;;;;;;;;0;1;;;
07/12/2018;12:23:00;329;com vítima;512,1;BR-153/GO;Norte;Queda de Ciclista;;;;1;;;;;;;0;1;;;
07/12/2018;16:21:00;505;sem vítima;499,5;BR-153/GO;Sul;Colisão Traseira;2;;;;;;;;;;2;;;;
07/12/2018;17:01:00;542;sem vítima;133,3;BR-060/GO;Sul;Saida de Pista;;;1;;;;;;;;1;;;;
07/12/2018;17:33:00;567;sem vítima;502;BR-153/GO;Sul;Colisão Traseira;1;;;;;1;;;;;3;;;;
07/12/2018;18:34:00;596;com vítima;497,5;BR-153/GO;Norte;Colisão Traseira;1;;;1;;;;;;;3;1;;;
07/12/2018;19:46:00;628;com vítima;617,899;BR-153/GO;Sul;Capotamento;1;;;;;;;;;;0;5;;;
07/12/2018;22:13:00;700;sem vítima;421,3;BR-262/MG;Oeste;Saida de Pista;;;;;;;;;;1;1;;;;
07/12/2018;22:59:00;721;com vítima;0;BR-153/MG;Sul;Colisão Lateral;;;1;;;1;;;;;1;1;;;
07/12/2018;23:04:00;723;sem vítima;101;BR-060/GO;Sul;Saida de Pista;1;;;;;;;;;;1;;;;
07/12/2018;23:24:00;729;sem vítima;403;BR-262/MG;Leste;Colisão Lateral;2;;;;;;;;;;4;;;;
07/12/2018;23:38:00;735;sem vítima;660;BR-153/GO;Sul;Saida de Pista;;;1;;;;;;;;1;;;;
08/12/2018;00:05:00;2;sem vítima;620;BR-153/GO;Sul;Colisão Traseira;;;2;;;;;;;;2;;;;
08/12/2018;00:18:00;4;com vítima;366;BR-262/MG;Oeste;Saida de Pista;1;;;;;1;;;;;3;1;;;
08/12/2018;04:37:00;52;sem vítima;466;BR-262/MG;Leste;Saida de Pista;1;;;;;;;;;;1;;;;
08/12/2018;05:52:00;60;com vítima;3,6;BR-060/GO;Sul;Colisão Traseira;1;;;1;;;;;;;1;1;;;
08/12/2018;05:56:00;62;sem vítima;3,5;BR-060/GO;Sul;Tombamento;;;;;;;;;;1;1;;;;
08/12/2018;09:48:00;171;sem vítima;400;BR-262/MG;Leste;Colisão Traseira;2;;;;;;;;;;2;;;;
08/12/2018;11:00:00;234;sem vítima;127;BR-060/GO;Sul;Saida de Pista;1;;;;;;;;;;1;;;;
08/12/2018;12:03:00;269;sem vítima;46;BR-153/MG;Norte;Engavetamento;2;;1;;;;;;;;3;;;;
08/12/2018;12:13:00;271;com vítima;63,5;BR-060/GO;Norte;Choque - Suporte de Sinalização;;;;1;;;;;;;0;;;1;
08/12/2018;12:59:00;291;com vítima;495;BR-153/GO;Norte;Queda de Ciclista;;;;1;;;;;;;0;;2;;
08/12/2018;14:43:00;329;sem vítima;107;BR-060/GO;Sul;Colisão Traseira;1;;;;;;;;;1;2;;;;
08/12/2018;15:21:00;351;sem vítima;48;BR-060/GO;Norte;Saida de Pista;1;;;;;;;;;;1;;;;
08/12/2018;15:32:00;353;com vítima;375;BR-262/MG;Oeste;Colisão Traseira;;;;1;;1;;;;;1;1;;;
08/12/2018;15:57:00;362;sem vítima;586;BR-262/MG;Leste;Choque - Elemento de Drenagem;;;;;;;;;;1;1;;;;
08/12/2018;17:08:00;396;sem vítima;368,5;BR-262/MG;Leste;Choque - Defensa, barreira ou "submarino";1;;;;;;;;;;1;;;;
08/12/2018;17:40:00;412;sem vítima;548;BR-153/GO;Sul;Colisão Lateral;;;2;;;;;;;;2;;;;
08/12/2018;18:03:00;424;sem vítima;4;BR-060/DF;Sul;Colisão Transversal;1;;;1;;;;;;;2;;;;
08/12/2018;21:44:00;530;com vítima;494,8;BR-153/GO;Norte;Queda de Moto;;;;1;;;;;;;1;1;;;
08/12/2018;21:56:00;534;com vítima;93;BR-060/GO;Norte;Colisão Traseira;1;;1;;;;;;;;3;1;;;
08/12/2018;23:11:00;550;com vítima;369;BR-262/MG;Leste;Capotamento;1;;;;;;;;;;1;;1;;
08/12/2018;23:24:00;554;sem vítima;101;BR-060/GO;Sul;Saida de Pista;;;;1;;;;;;;1;;;;
08/12/2018;23:39:00;558;com vítima;369,7;BR-262/MG;Oeste;Colisão Traseira;2;;;;;;;;;;2;3;;;
09/12/2018;05:43:00;52;sem vítima;518;BR-153/GO;Sul;Saida de Pista;1;;;;;;;;;;2;;;;
09/12/2018;06:32:00;59;com vítima;55,8;BR-060/GO;Norte;Capotamento;1;;;;;;;;;;0;1;;;
09/12/2018;08:25:00;97;com vítima;504;BR-153/GO;Norte;Queda de Moto;;;;1;;;;;;;0;1;;;
09/12/2018;08:30:00;100;sem vítima;15;BR-153/MG;Norte;Saida de Pista;1;;;;;;;;;;1;;;;
09/12/2018;09:47:00;150;sem vítima;448;BR-262/MG;Leste;Colisão Lateral;2;;;;;;;;;;4;;;;
09/12/2018;11:24:00;231;com vítima;22,3;BR-060/DF;Sul;Capotamento;1;;;;;;;;;;2;2;;1;
09/12/2018;12:11:00;259;sem vítima;96;BR-060/GO;Sul;Colisão Lateral;2;;;;;;;;;;2;;;;
09/12/2018;13:54:00;297;sem vítima;536,6;BR-153/GO;Sul;Capotamento;1;;;;;1;;;;;3;;;;
09/12/2018;14:23:00;314;com vítima;588;BR-153/GO;Sul;Capotamento;1;;;;;;;;;;1;1;;;
09/12/2018;14:22:00;315;com vítima;812;BR-262/MG;Leste;Colisão Lateral;1;;;1;;;;;;;1;1;1;;
09/12/2018;15:41:00;351;sem vítima;17,199;BR-153/MG;Norte;Choque - Elemento de Drenagem;1;;;;;;;;;;1;;;;
09/12/2018;16:12:00;370;com vítima;364;BR-262/MG;Leste;Capotamento;1;;;;;;;;;;1;1;;;
09/12/2018;17:42:00;413;com vítima;96;BR-060/GO;Norte;Colisão Transversal;1;1;;;;;;;;;3;;1;;
09/12/2018;18:39:00;441;sem vítima;561;BR-153/GO;Norte;Choque - Talude;1;;;;;;;;;;1;;;;
09/12/2018;20:27:00;492;com vítima;528,001;BR-262/MG;Leste;Capotamento;1;;;;;;;;;;0;2;;;
09/12/2018;21:07:00;515;sem vítima;47,7;BR-153/MG;Sul;Colisão Lateral;;;2;;;;;;;;2;;;;
09/12/2018;22:37:00;546;sem vítima;62;BR-060/GO;Sul;Capotamento;1;;;;;;;;;;1;;;;
09/12/2018;23:22:00;561;com vítima;358,001;BR-262/MG;Leste;Queda de Moto;;;;1;;;;;;;1;;1;;
10/12/2018;02:30:00;33;com vítima;502;BR-153/GO;Sul;Queda de Moto;;;;1;;;;;;;0;1;;;
10/12/2018;07:17:00;113;com vítima;507;BR-153/GO;Norte;Colisão Traseira;1;;;1;;;;;;;2;;1;;
10/12/2018;07:45:00;126;sem vítima;4,3;BR-060/GO;Norte;Choque - Elemento de Drenagem;1;;;;;;;;;;2;;;;
10/12/2018;13:01:00;351;com vítima;697;BR-153/GO;Sul;Colisão Transversal;1;;;1;;;;;;;1;1;;;
10/12/2018;13:57:00;385;com vítima;507;BR-153/GO;Sul;Queda de Moto;;;;1;;;;;;;0;1;;;
10/12/2018;14:49:00;407;sem vítima;8;BR-153/MG;Sul;Tombamento;1;;;;;;;;;;1;;;;
10/12/2018;15:49:00;443;sem vítima;105,2;BR-060/GO;Sul;Choque - Defensa, barreira ou "submarino";;;1;;;;;;;;1;;;;
10/12/2018;17:14:00;502;com vítima;130;BR-153/MG;Norte;Colisão Traseira;;;1;;;;;;;1;1;2;;;
10/12/2018;17:22:00;505;sem vítima;40,001;BR-060/GO;Sul;Carreta deu L;;;1;;;;;;;;1;;;;
10/12/2018;18:12:00;527;sem vítima;505,3;BR-153/GO;Norte;Colisão Traseira;1;;1;;;;;;;;2;;;;
10/12/2018;18:30:00;540;com vítima;502,899;BR-153/GO;Norte;Colisão Lateral;1;;;2;;;;;;;2;;1;;
10/12/2018;18:54:00;557;sem vítima;129,996;BR-153/MG;Norte;Colisão Traseira;2;;;;;;;;;;2;;;;
10/12/2018;19:04:00;563;sem vítima;130,8;BR-060/GO;Norte;Choque - Elemento de Drenagem;1;;;;;;;;;;3;;;;
10/12/2018;19:17:00;567;sem vítima;424,4;BR-262/MG;Leste;Saida de Pista;1;;;;;;;;;;1;;;;
11/12/2018;01:03:00;47;com vítima;392,17;BR-262/MG;Oeste;Capotamento;1;;;;;;;;;;0;;1;;
11/12/2018;01:33:00;58;sem vítima;108,5;BR-153/MG;Norte;Colisão Traseira;1;;1;;;;;;;;2;;;;
11/12/2018;07:32:00;144;com vítima;509;BR-153/GO;Norte;Engavetamento;4;;1;;;;;;;;5;1;;;
11/12/2018;07:39:00;151;com vítima;94;BR-060/GO;Norte;Queda de Moto;;;;1;;;;;;;0;2;;;
11/12/2018;07:47:00;154;sem vítima;508;BR-153/GO;Norte;Engavetamento;3;;;;;;;;;;5;;;;
11/12/2018;08:33:00;184;sem vítima;509;BR-153/GO;Norte;Colisão Lateral;1;;;;;;;;;1;2;;;;
11/12/2018;10:13:00;255;sem vítima;122;BR-153/MG;Sul;Colisão Traseira;2;;;;;;;;;;7;;;;
11/12/2018;15:44:00;460;sem vítima;31;BR-153/MG;Norte;Objeto lançado contra veículo;1;;1;;;;;;;;2;;;;
11/12/2018;17:11:00;530;sem vítima;685;BR-153/GO;Norte;Capotamento;1;;;;;;;;;;3;;;;
11/12/2018;17:57:00;556;sem vítima;496;BR-153/GO;Sul;Colisão Transversal;1;;1;;;;;;;;2;;;;
11/12/2018;18:11:00;563;com vítima;61;BR-060/GO;Sul;Queda de Moto;;;;1;;;;;;;0;1;;;
11/12/2018;18:17:00;567;com vítima;106;BR-060/GO;Norte;Tombamento;;;1;;;;;;;;0;;1;;
11/12/2018;18:31:00;578;com vítima;510;BR-153/GO;Norte;Queda de Moto;;;;1;;;;;;;0;;1;;
11/12/2018;18:55:00;590;com vítima;114;BR-060/GO;Norte;Queda de Ciclista;;1;;;;;;;;;0;1;;;
11/12/2018;20:55:00;636;com vítima;446;BR-262/MG;Leste;Colisão Transversal;1;;;1;;;;;;;1;1;;;
11/12/2018;21:08:00;639;com vítima;505;BR-153/GO;Sul;Colisão Traseira;2;;;;;;;;;;0;2;;;
11/12/2018;22:37:00;666;sem vítima;92;BR-060/GO;Sul;Saida de Pista;1;;;;;;;;;;1;;;;
12/12/2018;04:59:00;53;com vítima;32;BR-153/MG;Norte;Choque - Elemento de Drenagem;;;;;1;;;;;;38;;1;;
12/12/2018;07:21:00;79;sem vítima;507,3;BR-153/GO;Norte;Colisão Lateral;1;;;1;;;;;;;3;;;;
12/12/2018;07:25:00;84;sem vítima;676;BR-262/MG;Leste;Colisão Traseira;1;;1;;;;;;;;2;;;;
12/12/2018;07:37:00;92;com vítima;507;BR-153/GO;Norte;Queda de Moto;;;;1;;;;;;;0;2;;;
12/12/2018;08:15:00;109;sem vítima;507;BR-153/GO;Norte;Colisão Traseira;2;;;;;;;;;;2;;;;
12/12/2018;09:31:00;214;sem vítima;133,7;BR-060/GO;Sul;Choque - Talude;1;;;;;;;;;;2;;;;
12/12/2018;10:20:00;284;com vítima;501;BR-262/MG;Leste;Colisão Transversal;1;;1;;;;;;;;1;;1;;
12/12/2018;10:44:00;301;sem vítima;15,099;BR-060/GO;Sul;Colisão Traseira;2;;;;;;;;;;2;;;;
12/12/2018;10:56:00;306;sem vítima;505;BR-153/GO;Norte;Colisão Traseira;1;;;1;;;;;;;2;;;;
12/12/2018;17:03:00;572;sem vítima;685;BR-153/GO;Sul;Colisão Lateral;1;;1;;;;;;;;2;;;;
12/12/2018;18:32:00;621;sem vítima;58;BR-153/MG;Norte;Tombamento;;;1;;;;;;;;1;;;;
12/12/2018;19:28:00;652;sem vítima;512;BR-262/MG;Leste;Colisão Traseira;1;;;;;;;;;1;2;;;;
12/12/2018;20:35:00;689;sem vítima;506,2;BR-153/GO;Norte;Choque - Defensa, barreira ou "submarino";1;;;;;;;;;;1;;;;
12/12/2018;20:37:00;691;sem vítima;500,5;BR-153/GO;Norte;Colisão Traseira;1;;1;;;;;;;;2;;;;
12/12/2018;21:35:00;717;com vítima;12;BR-153/MG;Norte;Tombamento;;;1;;;;;;;;0;1;;;
12/12/2018;21:52:00;723;com vítima;385;BR-262/MG;Oeste;Capotamento;1;;;;;;;;;;0;;1;;
13/12/2018;03:54:00;32;sem vítima;439;BR-262/MG;Leste;Capotamento;1;;;;;;;;;;1;;;;
13/12/2018;06:26:00;52;com vítima;509,9;BR-153/GO;Norte;Queda de Moto;;;;1;;;;;;;0;1;;;
13/12/2018;06:28:00;54;sem vítima;497;BR-153/GO;Norte;Choque - Elemento de Drenagem;1;;;;;;;;;;2;;;;
13/12/2018;07:09:00;62;com vítima;493;BR-153/GO;Norte;Queda de Moto;;;;1;;;;;;;0;1;;;
13/12/2018;08:37:00;129;com vítima;503;BR-153/GO;Norte;Queda de Moto;1;;;1;;;;;;;1;;;1;
13/12/2018;09:05:00;148;sem vítima;103;BR-060/GO;Sul;Queda de Moto;;;;1;;;;;;;2;;;;
13/12/2018;09:27:00;163;sem vítima;401;BR-262/MG;Leste;Queda de Moto;;;;1;;;;;;;2;;;;
13/12/2018;11:43:00;237;com vítima;519;BR-153/GO;Norte;Tombamento;;;1;;;;;;;;0;;1;;
13/12/2018;13:22:00;314;com vítima;605;BR-153/GO;Sul;Choque - Objeto sobre a pista;1;;;;;;;;;;1;3;;;
13/12/2018;14:55:00;357;sem vítima;110;BR-060/GO;Norte;Colisão Traseira;1;;1;;;;;;;;3;;;;
13/12/2018;16:58:00;435;sem vítima;137,9;BR-060/GO;Norte;Queda de Moto;;;;1;;;;;;;1;;;;
13/12/2018;17:24:00;449;sem vítima;589,3;BR-262/MG;Leste;Capotamento;;;;;;;;;;1;2;;;;
13/12/2018;18:06:00;472;sem vítima;481,5;BR-262/MG;Leste;Choque - Arvore;;;1;;;;;;;;1;;;;
13/12/2018;19:17:00;533;sem vítima;8;BR-060/DF;Sul;;1;;;;;;;;;;1;;;;
13/12/2018;19:35:00;541;sem vítima;219;BR-153/MG;Sul;Tombamento;;;1;;;;;;;;1;;;;
13/12/2018;19:51:00;547;sem vítima;4,001;BR-060/DF;Norte;Colisão Traseira;2;;;;;;;;;;4;;;;
13/12/2018;20:02:00;554;sem vítima;146,9;BR-153/MG;Norte;Carreta deu L;;;1;;;;;;;;2;;;;
13/12/2018;20:09:00;558;sem vítima;233,5;BR-153/MG;Sul;Saida de Pista;1;;;;;;;;;;1;;;;
13/12/2018;21:48:00;589;sem vítima;441,2;BR-262/MG;Leste;Queda de Moto;;;;1;;;;;;;1;;;;
14/12/2018;02:29:00;35;com vítima;614,868;BR-262/MG;Oeste;Saida de Pista;1;;;;;;;;;;0;;;2;1
14/12/2018;04:35:00;58;sem vítima;17;BR-153/MG;Sul;Choque - Suporte de Sinalização;1;;;;;;;;;;1;;;;
14/12/2018;07:26:00;97;sem vítima;509;BR-153/GO;Norte;Colisão Lateral;1;;1;;;;;;;;2;;;;
14/12/2018;08:30:00;132;com vítima;479;BR-262/MG;Leste;Colisão Traseira;1;;;1;;;;;;;1;;1;;
14/12/2018;09:45:00;218;sem vítima;758;BR-262/MG;Leste;Saida de Pista;;;1;;;;;;;;1;;;;
14/12/2018;10:23:00;262;sem vítima;127;BR-060/GO;Sul;Colisão Traseira;;;1;;;1;;;;;4;;;;
14/12/2018;10:41:00;275;sem vítima;637;BR-262/MG;Oeste;Saida de Pista;;;1;;;;;;;;1;;;;
14/12/2018;10:55:00;288;sem vítima;109;BR-060/GO;Sul;Choque - Elemento de Drenagem;1;;;;;;;;;;4;;;;
14/12/2018;11:14:00;302;sem vítima;17;BR-060/DF;Norte;Capotamento;1;;;;;;;;;;1;;;;
14/12/2018;12:30:00;342;com vítima;575,3;BR-153/GO;Sul;Choque - Elemento de Drenagem;1;;;;;;;;;;0;3;;;
14/12/2018;13:13:00;352;com vítima;23;BR-153/MG;Norte;Capotamento;1;;;;;;;;;;0;1;;;
14/12/2018;14:55:00;411;sem vítima;218;BR-153/MG;Sul;Colisão Traseira;;;2;;;;;;;;2;;;;
14/12/2018;15:04:00;417;sem vítima;508;BR-153/GO;Sul;Choque - Defensa, barreira ou "submarino";1;;;;;1;;;;1;3;;;;
14/12/2018;15:20:00;428;sem vítima;507,5;BR-153/GO;Sul;Colisão Traseira;2;;;;;;;;;;2;;;;
14/12/2018;15:22:00;429;sem vítima;508;BR-153/GO;Norte;Colisão Traseira;;;1;;1;;;;;;5;;;;
14/12/2018;15:25:00;431;sem vítima;821;BR-262/MG;Leste;Queda de Moto;;;;1;;;;;;;1;;;;
14/12/2018;15:37:00;435;sem vítima;508;BR-153/GO;Sul;Engavetamento;3;;;;;;;;;;4;;;;
14/12/2018;15:54:00;449;sem vítima;502;BR-153/GO;Sul;Colisão Lateral;;;2;;;;;;;;2;;;;
14/12/2018;16:10:00;459;sem vítima;507,45;BR-153/GO;Sul;Colisão Traseira;1;;1;;;;;;;;2;;;;
14/12/2018;16:26:00;469;sem vítima;508;BR-153/GO;Norte;Colisão Traseira;1;;1;;;;;;;;2;;;;
14/12/2018;16:46:00;482;sem vítima;499;BR-153/GO;Sul;Engavetamento;2;;1;;;;;;;1;5;;;;
14/12/2018;18:58:00;567;sem vítima;17,399;BR-153/MG;Sul;Choque - Elemento de Drenagem;1;;;;;;;;;;1;;;;
14/12/2018;21:40:00;677;com vítima;16,5;BR-153/MG;Sul;Capotamento;1;;;;;;;;;;0;1;;;
14/12/2018;22:25:00;703;com vítima;529,2;BR-153/GO;Norte;Saida de Pista;;;;1;;;;;;;0;;1;;
15/12/2018;07:23:00;88;com vítima;387,172;BR-262/MG;Leste;Capotamento;;;1;;;;;;;1;1;5;4;2;2
15/12/2018;07:30:00;91;com vítima;442;BR-262/MG;Leste;Colisão Frontal;1;;;1;;;;;;;1;1;;;
15/12/2018;08:12:00;118;sem vítima;6;BR-060/DF;Norte;Capotamento;1;;;;;;;;;;1;;;;
15/12/2018;09:19:00;146;sem vítima;111;BR-060/GO;Norte;Colisão Lateral;1;;1;;;;;;;;6;;;;
15/12/2018;09:37:00;159;sem vítima;0;BR-153/MG;Sul;Colisão Traseira;2;;;;;;;;;;2;;;;
15/12/2018;11:16:00;212;com vítima;802;BR-262/MG;Leste;Atropelamento - Andarilho;;;;;;1;;;;;1;1;;;
15/12/2018;13:56:00;288;sem vítima;8;BR-060/DF;Norte;Capotamento;1;;;;;;;;;;1;;;;
15/12/2018;14:56:00;314;com vítima;508;BR-153/GO;Norte;Colisão Traseira;2;;;;;;;;;;3;1;;;
15/12/2018;17:47:00;422;sem vítima;549;BR-262/MG;Oeste;Saida de Pista;;;1;;;;;;;;1;;;;
15/12/2018;23:29:00;612;sem vítima;63,9;BR-060/GO;Sul;Capotamento;1;;;;;;;;;;1;;;;