data;horario;n_da_ocorrencia;tipo_de_ocorrencia;km;trecho;sentido;tipo_de_acidente;automovel;bicicleta;caminhao;moto;onibus;outros;tracao_animal;transporte_de_cargas_especiais;trator_maquinas;utilitarios;ilesos;levemente_feridos;moderadamente_feridos;gravemente_feridos;mortos
16/12/2018;00:15:00;5;com vítima;502;BR-153/GO;Norte;Queda de Moto;;;;1;;;;;;;0;1;;;
16/12/2018;03:57:00;46;com vítima;27,8;BR-153/MG;Norte;Capotamento;1;;;;;;;;;;0;;1;;
16/12/2018;04:46:00;52;com vítima;492,5;BR-153/GO;Norte;Colisão Frontal;2;;;;;;;;;;1;1;;;
16/12/2018;07:05:00;75;com vítima;138;BR-060/GO;Sul;Queda de Ciclista;;;;1;;;;;;;0;1;;;
16/12/2018;08:42:00;129;com vítima;371;BR-262/MG;Leste;Colisão Traseira;1;;;1;;;;;;;1;1;;;
16/12/2018;09:10:00;138;sem vítima;33,5;BR-060/GO;Norte;Queda de Ciclista;;;;1;;;;;;;1;;;;
16/12/2018;09:31:00;151;sem vítima;673;BR-153/GO;Norte;Saida de Pista;1;;;;;;;;;;2;;;;
16/12/2018;12:09:00;286;com vítima;637;BR-262/MG;Oeste;Colisão Lateral;1;;1;;;;;;;;1;1;;;
16/12/2018;12:27:00;292;com vítima;646;BR-262/MG;Oeste;Capotamento;1;;;;;;;;;;1;1;;;
16/12/2018;15:25:00;379;com vítima;116;BR-060/GO;Sul;Atropelamento - Morador;1;;;;;;;;;;1;;1;;
16/12/2018;15:39:00;387;sem vítima;562,8;BR-153/GO;Norte;Colisão Traseira;1;;1;;;;;;;;2;;;;
16/12/2018;16:11:00;407;com vítima;19,6;BR-060/GO;Norte;Atropelamento - Usuário;;;;;;1;;;;;1;;1;;
16/12/2018;16:52:00;436;sem vítima;18;BR-060/DF;Norte;;2;;;;;;;;;;2;;;;
16/12/2018;18:37:00;524;sem vítima;45,8;BR-060/GO;Sul;Colisão Lateral;2;;;;;;;;;;2;;;;
16/12/2018;18:40:00;527;sem vítima;527;BR-262/MG;Leste;Tombamento;;;1;;;;;;;;1;;;;
16/12/2018;21:16:00;608;sem vítima;16;BR-060/DF;Sul;Colisão Lateral;2;;;;;;;;;;4;;;;
17/12/2018;02:00:00;22;sem vítima;359;BR-262/MG;Oeste;Saida de Pista;1;;;;;;;;;;1;;;;
17/12/2018;05:48:00;49;sem vítima;900;BR-262/MG;Leste;Carreta deu L;;;1;;;;;;;;1;;;;
17/12/2018;06:28:00;60;com vítima;22,9;BR-060/DF;Norte;Colisão Lateral;1;;;1;;;;;;;3;2;;;
17/12/2018;06:30:00;61;com vítima;508;BR-153/GO;Norte;Colisão Lateral;1;;;1;;;;;;;1;1;;;
17/12/2018;07:27:00;86;sem vítima;527;BR-153/GO;Norte;Tombamento;;;1;;;;;;;;1;;;;
17/12/2018;07:45:00;90;sem vítima;437,8;BR-262/MG;Leste;Capotamento;1;;;;;;;;;;1;;;;
17/12/2018;11:31:00;224;sem vítima;559;BR-153/GO;Norte;Capotamento;1;;;;;;;;;;1;;;;
17/12/2018;13:40:00;296;sem vítima;577;BR-153/GO;Sul;Choque - Elemento de Drenagem;1;;;;;;;;;;2;;;;
17/12/2018;15:20:00;348;sem vítima;497;BR-153/GO;Sul;Colisão Lateral;;;1;;1;;;;;;2;;;;
17/12/2018;16:13:00;390;com vítima;1;BR-153/MG;Sul;Capotamento;;;1;;;;;;;;1;1;;;
17/12/2018;17:39:00;442;sem vítima;99;BR-060/GO;Norte;Engavetamento;4;;;;;;;;;;4;;;;
17/12/2018;18:29:00;473;sem vítima;499;BR-153/GO;Sul;Engavetamento;1;;2;;;;;;;;3;;;;
17/12/2018;21:18:00;559;com vítima;611,2;BR-262/MG;Leste;Colisão Traseira;1;;1;;;;;;;;4;;1;;
17/12/2018;23:07:00;592;sem vítima;96,5;BR-060/GO;Sul;Colisão Lateral;2;;;;;;;;;;2;;;;
18/12/2018;01:01:00;22;sem vítima;49;BR-153/MG;Sul;Saida de Pista;;;;;;;;;;1;4;;;;
18/12/2018;05:04:00;73;sem vítima;409,064;BR-262/MG;Leste;Choque - Elemento de Drenagem;;;1;;;;;;;;1;;;;
18/12/2018;06:46:00;99;com vítima;362;BR-262/MG;Leste;Capotamento;1;;;;;;;;;;0;;1;;
18/12/2018;08:01:00;142;sem vítima;501,7;BR-153/GO;Sul;Colisão Traseira;2;;;;;;;;;;2;;;;
18/12/2018;11:45:00;305;sem vítima;508,1;BR-153/GO;Norte;Engavetamento;5;;;;;;;;;;7;;;;
18/12/2018;12:31:00;326;com vítima;478;BR-262/MG;Leste;Colisão Traseira;1;;;1;;;;;;;1;1;;;
18/12/2018;14:14:00;389;sem vítima;570;BR-262/MG;Leste;Choque - Elemento de Drenagem;1;;;;;;;;;;1;;;;
18/12/2018;15:56:00;455;com vítima;703,5;BR-153/GO;Norte;Colisão Lateral;1;;;1;;;;;;;2;1;;;
18/12/2018;17:33:00;511;com vítima;502,5;BR-153/GO;Sul;Colisão Lateral;1;;;1;;;;;;;1;;1;;
18/12/2018;17:36:00;513;sem vítima;801,2;BR-262/MG;Leste;Colisão Traseira;1;;;;;;;;;1;2;;;;
18/12/2018;18:18:00;539;sem vítima;14,061;BR-153/MG;Norte;Choque - Suporte de Sinalização;1;;;;;;;;;;1;;;;
18/12/2018;18:27:00;544;com vítima;31,5;BR-060/GO;Norte;Colisão Lateral;1;;;1;;;;;;;1;1;;;
18/12/2018;19:45:00;586;sem vítima;496,699;BR-153/GO;Norte;Colisão Lateral;1;;;1;;;;;;;2;;;;
18/12/2018;23:44:00;684;sem vítima;510,6;BR-153/GO;Sul;Colisão Traseira;2;;;;;;;;;;3;;;;
19/12/2018;01:17:00;23;com vítima;122,9;BR-060/GO;Norte;Saida de Pista;1;;;;;;;;;;0;1;;;
19/12/2018;02:39:00;59;sem vítima;40,6;BR-060/GO;Sul;Colisão Traseira;1;;1;;;;;;;;2;;;;
19/12/2018;06:11:00;100;sem vítima;51,5;BR-153/MG;Sul;Choque - Elemento de Drenagem;;;1;;;;;;;;1;;;;
19/12/2018;07:57:00;155;com vítima;368;BR-262/MG;Oeste;Capotamento;;;;;;;;;;1;0;1;1;;
19/12/2018;09:06:00;189;sem vítima;395;BR-262/MG;Oeste;Choque - Defensa, barreira ou "submarino";1;;;;;;;;;;2;;;;
19/12/2018;09:11:00;192;com vítima;507,1;BR-153/GO;Sul;Colisão Traseira;2;;;;;;;;;;1;1;;;
19/12/2018;10:30:00;245;sem vítima;358;BR-262/MG;Oeste;Saida de Pista;1;;;;;;;;;;4;;;;
19/12/2018;10:48:00;258;sem vítima;848;BR-262/MG;Oeste;Choque - Veiculo parado no acostamento;;;2;;;;;;;;2;;;;
19/12/2018;10:56:00;265;com vítima;763;BR-262/MG;Leste;Capotamento;;;;;;;;;;1;0;;;2;
19/12/2018;11:08:00;271;com vítima;536;BR-262/MG;Oeste;Choque - Arvore;1;;;;;;;;;;0;1;;;
19/12/2018;12:02:00;309;sem vítima;535;BR-153/GO;Sul;Capotamento;1;;;;;;;;;;1;;;;
19/12/2018;12:04:00;311;sem vítima;215;BR-153/MG;Sul;Colisão Traseira;1;;1;;;;;;;;2;;;;
19/12/2018;12:48:00;326;sem vítima;496;BR-153/GO;Sul;Colisão Traseira;1;;1;;;;;;;;2;;;;
19/12/2018;17:47:00;474;sem vítima;378;BR-262/MG;Leste;Tombamento;;;1;;;;;;;;1;;;;
19/12/2018;20:56:00;591;sem vítima;109;BR-153/MG;Norte;Colisão Transversal;1;;1;;;;;;;;4;;;;
20/12/2018;01:19:00;21;sem vítima;588,9;BR-153/GO;Norte;Tombamento;;;2;;;1;;;;;3;;;;
20/12/2018;07:31:00;93;com vítima;749;BR-262/MG;Oeste;Colisão Frontal;1;;2;;;;;;;1;3;;1;2;
20/12/2018;08:16:00;120;sem vítima;501,3;BR-153/GO;Norte;Engavetamento;3;;;;;;;;;;6;;;;
20/12/2018;10:11:00;208;com vítima;240;BR-153/MG;Sul;Choque - Arvore;1;;;;;;;;;;0;1;1;;
20/12/2018;11:38:00;264;sem vítima;130;BR-153/MG;Sul;Colisão Lateral;1;;1;;;;;;;;2;;;;
20/12/2018;13:04:00;313;sem vítima;7;BR-153/MG;Norte;Colisão Traseira;1;;1;;;;;;;;2;;;;
20/12/2018;13:14:00;318;sem vítima;25;BR-060/DF;Sul;Capotamento;;;;;;;;;;1;1;;;;
20/12/2018;13:24:00;322;sem vítima;561;BR-262/MG;Leste;Carreta deu L;;;1;;;;;;;;1;;;;
20/12/2018;13:32:00;327;com vítima;92,75;BR-060/GO;Norte;Colisão Transversal;1;;;1;;;;;;;0;1;;;1
20/12/2018;13:43:00;329;sem vítima;49,7;BR-060/GO;Sul;Saida de Pista;1;;;;;;;;;;1;;;;
20/12/2018;15:55:00;395;sem vítima;594;BR-262/MG;Leste;Tombamento;;;1;;;;;;;;1;;;;
20/12/2018;16:03:00;398;com vítima;11;BR-060/GO;Sul;Queda de Moto;;;;1;;;;;;;0;2;;;
20/12/2018;16:33:00;415;com vítima;10,65;BR-060/GO;Norte;Colisão Traseira;1;;1;;;;;;;;1;;1;;
20/12/2018;20:29:00;550;com vítima;362;BR-262/MG;Leste;Tombamento;;;1;;;;;;;;0;1;;;
20/12/2018;20:47:00;560;com vítima;847,668;BR-262/MG;Leste;Capotamento;1;;;;;;;;;;0;;;1;
20/12/2018;20:59:00;567;sem vítima;30;BR-060/GO;Norte;Saida de Pista;;;;;;;;;;1;5;;;;
20/12/2018;22:05:00;586;sem vítima;366;BR-262/MG;Oeste;Colisão Traseira;1;;1;;;;;;;;2;;;;
21/12/2018;01:46:00;32;com vítima;79;BR-060/GO;Norte;Saida de Pista;1;;;;;;;;;;0;2;;;
21/12/2018;06:37:00;80;sem vítima;71;BR-153/MG;Norte;Tombamento;;;1;;;;;;;;1;;;;
21/12/2018;06:52:00;87;sem vítima;16;BR-060/GO;Norte;Queda de Moto;;;;1;;;;;;;1;;;;
21/12/2018;07:16:00;99;sem vítima;444,8;BR-262/MG;Oeste;Queda de Moto;;;;;;;;;;1;1;;;;
21/12/2018;07:38:00;111;sem vítima;121,6;BR-153/MG;Sul;Colisão Traseira;1;;;;;;;;;1;5;;;;
21/12/2018;07:49:00;117;sem vítima;600,8;BR-262/MG;Leste;Colisão Traseira;;;2;;;;;;;;2;;;;
21/12/2018;09:30:00;193;com vítima;112;BR-153/MG;Sul;Colisão Lateral;2;;;;;;;;;;2;3;;;
21/12/2018;09:32:00;196;sem vítima;116;BR-153/MG;Sul;;1;;;;;;;;;;1;;;;
21/12/2018;13:06:00;362;sem vítima;490;BR-153/GO;Norte;Colisão Traseira;;;;1;;;;;;1;2;;;;
21/12/2018;14:22:00;403;sem vítima;496,5;BR-153/GO;Sul;Colisão Lateral;1;;1;;;;;;;;5;;;;
21/12/2018;15:20:00;438;sem vítima;637,6;BR-153/GO;Sul;Saida de Pista;1;;;;;;;;;;4;;;;
21/12/2018;15:41:00;453;sem vítima;659;BR-262/MG;Oeste;Saida de Pista;1;;;;;;;;;;1;;;;
21/12/2018;16:05:00;463;sem vítima;550,001;BR-262/MG;Leste;Engavetamento;2;;1;;;;;;;;4;;;;
21/12/2018;16:19:00;474;sem vítima;376;BR-262/MG;Oeste;Choque - Suporte de Sinalização;1;;;;;;;;;;1;;;;
21/12/2018;16:30:00;479;sem vítima;500,5;BR-153/GO;Sul;Colisão Lateral;1;;1;;;;;;;;2;;;;
21/12/2018;17:41:00;520;com vítima;58;BR-153/MG;Sul;Tombamento;;;1;;;;;;;;1;;1;;
21/12/2018;18:18:00;543;sem vítima;584,001;BR-262/MG;Oeste;Saida de Pista;1;;;;;;;;;;1;;;;
21/12/2018;19:49:00;612;sem vítima;58,799;BR-153/MG;Sul;Colisão Traseira;1;;;;;;;;;1;3;;;;
21/12/2018;20:45:00;647;sem vítima;122,1;BR-153/MG;Sul;Choque - Elemento de Drenagem;1;;;;;;;;;;1;;;;
21/12/2018;23:42:00;736;sem vítima;101,4;BR-060/GO;Sul;Capotamento;;;;;;;;;;1;1;;;;
22/12/2018;03:31:00;68;com vítima;509,3;BR-153/GO;Norte;Queda de Ciclista;;;;1;;;;;;;0;1;;;
22/12/2018;04:43:00;85;sem vítima;95,7;BR-060/GO;Sul;Choque - Elemento de Drenagem;1;;;;;;;;;;5;;;;
22/12/2018;07:21:00;138;sem vítima;530;BR-153/GO;Norte;Colisão Transversal;1;;1;;;;;;;;2;;;;
22/12/2018;08:04:00;157;sem vítima;120,2;BR-153/MG;Norte;Colisão Lateral;2;;2;;;;;;;;4;;;;
22/12/2018;08:57:00;200;com vítima;544;BR-153/GO;Sul;Capotamento;1;;;;;;;;;;0;1;;;
22/12/2018;09:56:00;259;com vítima;72;BR-060/GO;Sul;Capotamento;1;;;;;;;;;;2;2;;;
22/12/2018;11:04:00;316;sem vítima;618;BR-153/GO;Sul;Capotamento;1;;;;;;;;;;1;;;;
22/12/2018;11:48:00;344;sem vítima;605,2;BR-262/MG;Leste;Colisão Traseira;2;;;;;;;;;;2;;;;
22/12/2018;12:57:00;388;sem vítima;608;BR-262/MG;Leste;Capotamento;1;;;;;;;;;;1;;;;
22/12/2018;13:16:00;398;com vítima;618,9;BR-153/GO;Norte;Tombamento;;;1;;;;;;;;0;1;;1;
22/12/2018;13:22:00;404;sem vítima;400;BR-262/MG;Leste;Colisão Traseira;2;;;;;;;;;;3;;;;
22/12/2018;14:34:00;455;com vítima;381;BR-262/MG;Leste;Capotamento;1;;;;;;;;;;0;2;;;
22/12/2018;14:36:00;458;sem vítima;24;BR-153/MG;Sul;Colisão Lateral;2;;;;;;;;;;6;;;;
22/12/2018;14:43:00;466;com vítima;585;BR-262/MG;Leste;Colisão Transversal;;;1;;;;;;;1;1;;;1;
22/12/2018;15:04:00;481;sem vítima;437;BR-262/MG;Leste;Choque - Defensa, barreira ou "submarino";1;;;;;;;;;;1;;;;
22/12/2018;15:32:00;490;com vítima;23,7;BR-153/MG;Norte;Saida de Pista;1;;;;;;;;;;1;2;1;;
22/12/2018;15:41:00;496;com vítima;501,8;BR-153/GO;Norte;Colisão Traseira;1;;;1;;;;;;;1;1;;;
22/12/2018;16:06:00;507;sem vítima;814;BR-262/MG;Leste;Choque - Defensa, barreira ou "submarino";1;;;;;;;;;;1;;;;
22/12/2018;16:54:00;537;sem vítima;856,3;BR-262/MG;Leste;Saida de Pista;1;;;;;;;;;;2;;;;
22/12/2018;18:04:00;581;sem vítima;4;BR-060/DF;Sul;Engavetamento;3;;;;;;;;;;3;;;;
22/12/2018;18:23:00;594;sem vítima;509;BR-153/GO;Sul;Colisão Lateral;1;;1;;;;;;;;2;;;;
22/12/2018;18:53:00;608;sem vítima;491,8;BR-153/GO;Norte;Tombamento;1;;;;;;;;;;3;;;;
22/12/2018;19:46:00;644;sem vítima;505,1;BR-153/GO;Sul;Colisão Traseira;2;;;;;;;;;;2;;;;
22/12/2018;19:47:00;646;sem vítima;84,4;BR-153/MG;Sul;Tombamento;;;1;;;;;;;;1;;;;
22/12/2018;20:44:00;680;sem vítima;514,899;BR-153/GO;Norte;Colisão Transversal;2;;;;;;;;;;2;;;;
22/12/2018;20:58:00;693;sem vítima;3,001;BR-060/DF;Sul;Queda de Moto;;;;1;;;;;;;1;;;;
22/12/2018;23:18:00;750;sem vítima;702;BR-153/GO;Norte;Choque - Elemento de Drenagem;1;;;;;;;;;;1;;;;
23/12/2018;00:34:00;14;sem vítima;708;BR-262/MG;Oeste;;1;;;;;;;;;;1;;;;
23/12/2018;01:40:00;34;com vítima;31,1;BR-060/GO;Sul;Atropelamento - Ciclista;1;1;;;;;;;;;2;1;;;
23/12/2018;03:00:00;52;sem vítima;444;BR-262/MG;Oeste;Queda de Ciclista;;;;1;;;;;;;2;;;;
23/12/2018;03:24:00;59;com vítima;812;BR-262/MG;Oeste;Choque - Suporte de Sinalização;1;;;;;;;;;;0;1;;;
23/12/2018;04:37:00;75;com vítima;498,7;BR-153/GO;Norte;Queda de Moto;;;;1;;;;;;;1;;1;;
23/12/2018;04:55:00;77;sem vítima;27,8;BR-060/GO;Sul;Saida de Pista;1;;;;;;;;;;1;;;;
23/12/2018;05:25:00;84;sem vítima;206,4;BR-153/MG;Sul;Colisão Lateral;1;;1;;1;;;;;;46;;;;
23/12/2018;06:50:00;110;sem vítima;22;BR-060/DF;Norte;Choque - Outros;1;;;;;;;;;;1;;;;
23/12/2018;06:53:00;113;sem vítima;67,4;BR-153/MG;Sul;Capotamento;1;;;;;;;;;;3;;;;
23/12/2018;07:29:00;119;sem vítima;418;BR-262/MG;Leste;Colisão Traseira;2;;;;;;;;;;2;;;;
23/12/2018;07:35:00;120;sem vítima;514;BR-153/GO;Sul;Colisão Traseira;2;;;;;;;;;;2;;;;
23/12/2018;08:07:00;131;com vítima;380,4;BR-262/MG;Oeste;Queda de Moto;;;;1;;;;;;;0;1;;;
23/12/2018;10:10:00;220;com vítima;17;BR-153/MG;Norte;Capotamento;1;;;;;;;;;;1;4;;;
23/12/2018;10:43:00;241;com vítima;640,899;BR-153/GO;Norte;Choque - Outros;1;;;;;;;;;;2;2;;;
23/12/2018;12:05:00;288;com vítima;2,6;BR-060/DF;Norte;Colisão Traseira;1;;;1;;;;;;;1;1;;;
23/12/2018;15:22:00;388;sem vítima;118;BR-060/GO;Norte;Colisão Lateral;2;;;;;;;;;;2;;;;
23/12/2018;15:24:00;389;sem vítima;12;BR-153/MG;Norte;Capotamento;1;;;;;;;;;;1;;;;
23/12/2018;15:26:00;390;com vítima;101;BR-060/GO;Norte;Colisão Lateral;1;;;1;;;;;;;1;2;;;
23/12/2018;15:52:00;400;sem vítima;92,5;BR-060/GO;Norte;Colisão Traseira;2;;;;;;;;;;2;;;;
23/12/2018;17:38:00;462;sem vítima;183;BR-153/MG;Norte;Colisão Traseira;;;2;;;;;;;;2;;;;
23/12/2018;18:04:00;477;sem vítima;553;BR-262/MG;Oeste;Capotamento;;;;;;;;;;1;4;;;;
23/12/2018;18:46:00;498;sem vítima;748;BR-262/MG;Leste;Saida de Pista;1;;;;;;;;;;1;;;;
23/12/2018;19:54:00;526;com vítima;443;BR-262/MG;Leste;Colisão Traseira;1;;;1;;;;;;;2;;1;;
23/12/2018;21:06:00;547;sem vítima;510;BR-153/GO;Sul;Colisão Traseira;;;;2;;;;;;;3;;;;
23/12/2018;23:46:00;590;sem vítima;506;BR-153/GO;Sul;Saida de Pista;1;;;;;;;;;;2;;;;
24/12/2018;00:58:00;18;sem vítima;506;BR-153/GO;Sul;Saida de Pista;1;;;;;;;;;;1;;;;
24/12/2018;06:17:00;69;sem vítima;540;BR-153/GO;Norte;Saida de Pista;1;;;;;;;;;;1;;;;
24/12/2018;06:42:00;81;sem vítima;594;BR-262/MG;Leste;Saida de Pista;1;;;;;;;;;;1;;;;
24/12/2018;06:44:00;82;sem vítima;453,2;BR-262/MG;Oeste;Saida de Pista;1;;;;;;;;;;1;;;;
24/12/2018;08:21:00;107;sem vítima;55;BR-060/GO;Norte;Choque - Elemento de Drenagem;1;;;;;;;;;;2;;;;
24/12/2018;14:54:00;312;sem vítima;11,4;BR-060/GO;Sul;Colisão Traseira;2;;;;;;;;;;5;;;;
24/12/2018;15:01:00;317;sem vítima;28,5;BR-060/DF;Norte;Saida de Pista;1;;;;;;;;;;2;;;;
24/12/2018;18:34:00;414;sem vítima;873;BR-262/MG;Oeste;Saida de Pista;1;;;;;;;;;;1;;;;
24/12/2018;19:03:00;426;sem vítima;388;BR-262/MG;Leste;;1;;;;;;;;;;1;;;;
24/12/2018;20:36:00;470;com vítima;439,67;BR-262/MG;Oeste;Colisão Traseira;;;1;1;;;;;;;1;1;;;
24/12/2018;21:03:00;485;sem vítima;370,2;BR-262/MG;Leste;Saida de Pista;1;;;;;;;;;;1;;;;
24/12/2018;22:09:00;501;com vítima;137;BR-060/GO;Sul;Atropelamento - Ciclista;1;1;;;;;;;;;1;;1;;
24/12/2018;23:00:00;512;sem vítima;364,4;BR-262/MG;Leste;Saida de Pista;1;;;;;;;;;;1;;;;
24/12/2018;23:23:00;520;sem vítima;88;BR-060/GO;Norte;Choque - Suporte de Sinalização;;;;1;;;;;;;1;;;;
24/12/2018;23:43:00;525;com vítima;815;BR-262/MG;Leste;Choque - Defensa, barreira ou "submarino";1;;;;;;;;;;0;2;;;
25/12/2018;00:49:00;12;sem vítima;45,6;BR-153/MG;Sul;Saida de Pista;1;;;;;;;;;;4;;;;
25/12/2018;06:09:00;46;sem vítima;13,7;BR-060/GO;Norte;Atropelamento de Animal;1;;;;;;;;;;4;;;;
25/12/2018;08:25:00;90;sem vítima;658;BR-262/MG;Oeste;Capotamento;1;;;;;;;;;;2;;;;
25/12/2018;16:05:00;256;sem vítima;607,2;BR-262/MG;Oeste;Capotamento;1;;;;;;;;;;2;;;;
25/12/2018;16:28:00;273;sem vítima;506,25;BR-153/GO;Sul;Colisão Traseira;3;;1;;;;;;;;6;;;;
25/12/2018;16:31:00;277;sem vítima;607;BR-262/MG;Oeste;Capotamento;1;;;;;;;;;;4;;;;
25/12/2018;16:59:00;294;sem vítima;508,5;BR-153/GO;Norte;Colisão Frontal;2;;;;;;;;;;2;;;;
25/12/2018;17:04:00;299;sem vítima;477;BR-262/MG;Oeste;Colisão Transversal;2;;;;;;;;;;6;;;;
25/12/2018;17:05:00;300;sem vítima;537;BR-153/GO;Sul;Capotamento;1;;;;;;;;;;3;;;;
25/12/2018;17:18:00;312;sem vítima;5,1;BR-153/MG;Sul;Saida de Pista;;;;;;;;;;1;2;;;;
25/12/2018;17:25:00;316;sem vítima;701;BR-153/GO;Sul;;;;;;;;;;;1;1;;;;
25/12/2018;17:26:00;317;sem vítima;582;BR-262/MG;Oeste;Choque - Elemento de Drenagem;;;1;;;;;;;;1;;;;
25/12/2018;17:33:00;328;com vítima;42,2;BR-153/MG;Norte;Capotamento;1;;;;;;;;;;0;2;1;1;
25/12/2018;18:28:00;360;sem vítima;575,4;BR-153/GO;Norte;Capotamento;1;;;;;;;;;;3;;;;
25/12/2018;19:29:00;397;sem vítima;507,1;BR-153/GO;Norte;Tombamento;1;;;;;;;;;;1;;;;
25/12/2018;21:00:00;453;sem vítima;443,367;BR-262/MG;Oeste;Capotamento;;;1;;;;;;;;1;;;;
25/12/2018;22:23:00;475;com vítima;513,001;BR-153/GO;Sul;Choque - Suporte de Sinalização;;;;;;1;;;;;1;;1;;
25/12/2018;23:28:00;508;sem vítima;478,17;BR-262/MG;Oeste;Colisão Lateral;;;2;;;;;;;;2;;;;
25/12/2018;23:40:00;514;com vítima;494,6;BR-153/GO;Sul;Atropelamento - Andarilho;;;1;;;;;;;1;2;;;;1
26/12/2018;06:11:00;62;com vítima;512;BR-153/GO;Sul;Choque - Poste;1;;;;;;;;;;1;;;1;
26/12/2018;06:25:00;66;sem vítima;386,072;BR-262/MG;Leste;Capotamento;1;;;;;;;;;;1;;;;
26/12/2018;06:39:00;69;sem vítima;494,8;BR-153/GO;Norte;Colisão Lateral;1;;1;;;;;;;;2;;;;
26/12/2018;08:09:00;96;com vítima;130,099;BR-153/MG;Sul;Colisão Traseira;2;;;;;;;;;;5;1;;;
26/12/2018;08:29:00;108;com vítima;827;BR-262/MG;Oeste;Queda de Ciclista;;1;;;;;;;;;0;1;;;
26/12/2018;08:55:00;127;com vítima;656;BR-262/MG;Leste;Saida de Pista;1;;;;;;;;;;3;1;;;
26/12/2018;09:45:00;162;sem vítima;101;BR-060/GO;Norte;Colisão Lateral;1;;1;;;;;;;;2;;;;
26/12/2018;10:30:00;194;sem vítima;11;BR-153/MG;Norte;Saida de Pista;;;;;;;;;;1;1;;;;
26/12/2018;11:49:00;254;com vítima;75,6;BR-060/GO;Sul;Queda de Moto;;;;1;;;;;;;0;1;;;
26/12/2018;12:12:00;265;sem vítima;479;BR-262/MG;Leste;Engavetamento;3;;;;;;;;;;3;;;;
26/12/2018;12:21:00;268;com vítima;110,5;BR-060/GO;Sul;Capotamento;1;;;;;;;;;;0;1;;;
26/12/2018;15:31:00;342;sem vítima;595;BR-153/GO;Norte;Saida de Pista;1;;;;;;;;;;1;;;;
26/12/2018;16:06:00;355;sem vítima;31;BR-060/DF;Norte;Colisão Traseira;1;;1;;;;;;;;2;;;;
26/12/2018;16:29:00;364;com vítima;628;BR-153/GO;Sul;Capotamento;1;;;;;;;;;;0;2;;1;
26/12/2018;17:43:00;413;sem vítima;129;BR-153/MG;Norte;Colisão Traseira;;;2;;;;;;;;3;;;;
26/12/2018;18:51:00;458;sem vítima;509,899;BR-153/GO;Sul;Queda de Moto;;;;1;;;;;;;1;;;;
26/12/2018;19:43:00;485;sem vítima;371,2;BR-262/MG;Leste;Saida de Pista;1;;;;;;;;;;1;;;;
27/12/2018;03:34:00;50;com vítima;526,567;BR-262/MG;Leste;Colisão Lateral;;;2;;;;;;;;2;;1;;
27/12/2018;06:05:00;71;sem vítima;667;BR-262/MG;Leste;Choque - Talude;1;;;;;;;;;;2;;;;
27/12/2018;06:18:00;74;sem vítima;25,9;BR-153/MG;Sul;Saida de Pista;1;;;;;;;;;;1;;;;
27/12/2018;06:59:00;80;com vítima;594;BR-262/MG;Leste;Capotamento;1;;;;;;;;;;2;2;;;
27/12/2018;07:05:00;81;sem vítima;587;BR-262/MG;Leste;Capotamento;1;;;;;;;;;;5;;;;
27/12/2018;07:51:00;95;sem vítima;586;BR-262/MG;Oeste;Colisão Lateral;1;;1;;;;;;;;2;;;;
27/12/2018;08:22:00;116;sem vítima;611;BR-262/MG;Oeste;Choque - Talude;1;;;;;;;;;;3;;;;
27/12/2018;10:39:00;202;sem vítima;640;BR-153/GO;Norte;Tombamento;;;1;;;;;;;;1;;;;
27/12/2018;10:55:00;213;com vítima;472,5;BR-262/MG;Oeste;Colisão Frontal;1;;1;;;;;;;;0;1;;;1
27/12/2018;11:22:00;229;sem vítima;594;BR-262/MG;Leste;Saida de Pista;;;1;;;;;;;;1;;;;
27/12/2018;11:22:00;230;com vítima;542;BR-153/GO;Norte;Queda de Moto;;;;1;;;;;;;1;1;;;
27/12/2018;12:36:00;263;sem vítima;584;BR-262/MG;Leste;Saida de Pista;1;;;;;;;;;;1;;;;
27/12/2018;12:54:00;272;com vítima;611,3;BR-262/MG;Leste;Capotamento;;;;;;;;;;1;1;1;;;
27/12/2018;13:03:00;278;com vítima;397,1;BR-262/MG;Leste;Tombamento;;;;;;;;;;1;1;1;;;
27/12/2018;13:56:00;293;sem vítima;387;BR-262/MG;Leste;Saida de Pista;1;;;;;;;;;;1;;;;
27/12/2018;14:24:00;305;com vítima;585;BR-262/MG;Oeste;Capotamento;;;;;;;;;;1;0;;2;;
27/12/2018;14:45:00;315;com vítima;446;BR-262/MG;Oeste;Queda de Moto;;;;1;;;;;;;0;2;;;
27/12/2018;14:49:00;318;sem vítima;482;BR-262/MG;Leste;Choque - Suporte de Sinalização;;;1;;;;;;;;1;;;;
27/12/2018;14:53:00;321;sem vítima;585;BR-262/MG;Leste;Choque - Talude;1;;;;;;;;;;1;;;;
27/12/2018;15:00:00;324;com vítima;413;BR-262/MG;Leste;Choque - Talude;1;;;;;;;;;;2;1;;;
27/12/2018;15:06:00;328;sem vítima;130;BR-153/MG;Norte;Saida de Pista;;;;;;;;;;1;2;;;;
27/12/2018;15:09:00;330;sem vítima;470;BR-262/MG;Oeste;Choque - Arvore;;;;;;;;;;1;1;;;;
27/12/2018;17:03:00;379;sem vítima;380;BR-262/MG;Leste;Choque - Elemento de Drenagem;1;;;;;;;;;;1;;;;
27/12/2018;17:16:00;386;sem vítima;380;BR-262/MG;Oeste;Choque - Elemento de Drenagem;1;;;;;;;;;;2;;;;
27/12/2018;17:27:00;391;sem vítima;398;BR-262/MG;Oeste;Colisão Lateral;;;1;;1;;;;;;2;;;;
27/12/2018;19:49:00;461;sem vítima;75;BR-060/GO;Norte;Capotamento;1;;;;;;;;;;1;;;;