data;horario;n_da_ocorrencia;tipo_de_ocorrencia;km;trecho;sentido;tipo_de_acidente;automovel;bicicleta;caminhao;moto;onibus;outros;tracao_animal;transporte_de_cargas_especiais;trator_maquinas;utilitarios;ilesos;levemente_feridos;moderadamente_feridos;gravemente_feridos;mortos
27/12/2018;20:52:00;481;sem vítima;442;BR-262/MG;Leste;Queda de Moto;;;;1;;;;;;;1;;;;
27/12/2018;22:44:00;511;sem vítima;424;BR-262/MG;Oeste;Tombamento;;;1;;;;;;;;1;;;;
28/12/2018;00:54:00;8;sem vítima;506,399;BR-153/GO;Sul;Saida de Pista;1;;;;;;;;;;1;;;;
28/12/2018;00:58:00;10;com vítima;128,1;BR-060/GO;Norte;Capotamento;1;;;;;;;;;;0;2;;;
28/12/2018;05:21:00;37;sem vítima;56,7;BR-060/GO;Norte;Saida de Pista;1;;;;;;;;;;5;;;;
28/12/2018;07:30:00;67;sem vítima;29,199;BR-060/DF;Norte;Choque - Talude;1;;;;;;;;;;1;;;;
28/12/2018;08:16:00;92;sem vítima;508;BR-153/GO;Norte;Engavetamento;3;;;;;;;;;;3;;;;
28/12/2018;08:42:00;108;sem vítima;66;BR-060/GO;Sul;;1;;;;;;;;;;1;;;;
28/12/2018;08:42:00;109;com vítima;81,358;BR-060/GO;Sul;Saida de Pista;1;;;;;;;;;;0;2;2;;
28/12/2018;08:55:00;117;sem vítima;379;BR-262/MG;Leste;Saida de Pista;1;;;;;;;;;;1;;;;
28/12/2018;09:18:00;143;com vítima;149,8;BR-153/MG;Sul;Capotamento;1;;;;;;;;;;2;2;;;
28/12/2018;12:05:00;248;sem vítima;105;BR-060/GO;Sul;Choque - Elemento de Drenagem;1;;;;;;;;;;1;;;;
28/12/2018;12:30:00;258;sem vítima;504,3;BR-153/GO;Sul;Colisão Lateral;1;;1;;;;;;;;6;;;;
28/12/2018;15:54:00;353;com vítima;502,75;BR-153/GO;Sul;Choque - Outros;;;1;;;;;;;;1;1;;;
28/12/2018;17:09:00;376;sem vítima;438;BR-262/MG;Oeste;Saida de Pista;1;;;;;;;;;;1;;;;
28/12/2018;17:13:00;377;sem vítima;594;BR-262/MG;Leste;Colisão Traseira;2;;;;;;;;;;4;;;;
28/12/2018;17:32:00;383;sem vítima;360;BR-262/MG;Oeste;Colisão Traseira;2;;;;;;;;;;6;;;;
28/12/2018;18:39:00;422;sem vítima;594;BR-262/MG;Leste;Saida de Pista;;;;;;;;;;1;1;;;;
28/12/2018;19:23:00;445;sem vítima;589;BR-262/MG;Oeste;Tombamento;;;1;;;;;;;;1;;;;
28/12/2018;22:04:00;516;com vítima;242,5;BR-153/MG;Sul;Queda de Moto;;;;1;;;;;;;0;1;;;
29/12/2018;05:20:00;48;com vítima;35,6;BR-060/GO;Sul;Saida de Pista;1;;;;;;;;;;0;1;;;
29/12/2018;12:41:00;244;sem vítima;480;BR-262/MG;Leste;Engavetamento;4;;;;;;;;;;7;;;;
29/12/2018;13:43:00;271;sem vítima;38,3;BR-153/MG;Norte;Capotamento;;;;;;;;;;1;4;;;;
29/12/2018;13:48:00;273;sem vítima;38;BR-153/MG;Norte;Choque - Veiculo parado no acostamento;;;;1;;;;;;;1;;;;
29/12/2018;14:55:00;300;sem vítima;58;BR-153/MG;Norte;Colisão Traseira;2;;;;;;;;;;3;;;;
29/12/2018;15:33:00;314;com vítima;498,5;BR-153/GO;Sul;Queda de Moto;;;;1;;;;;;;1;1;;;
29/12/2018;15:39:00;319;sem vítima;21;BR-060/GO;Norte;Capotamento;1;;;;;;;;;;1;;;;
29/12/2018;13:51:00;335;com vítima;38;BR-153/MG;Norte;Atropelamento - Usuário;;;;;;;;;;;0;;;1;
29/12/2018;16:34:00;343;com vítima;584;BR-262/MG;Leste;Capotamento;1;;;;;;;;;;0;2;1;;1
29/12/2018;18:49:00;409;sem vítima;385,968;BR-262/MG;Oeste;Capotamento;1;;;;;;;;;;5;;;;
30/12/2018;03:40:00;40;com vítima;355,567;BR-262/MG;Oeste;Atropelamento - Andarilho;1;;;;;;;;;;1;;1;;
30/12/2018;03:45:00;42;sem vítima;767,05;BR-262/MG;Oeste;Saida de Pista;;;;;1;;;;;;1;;;;
30/12/2018;03:54:00;46;sem vítima;496,9;BR-153/GO;Norte;Choque - Arvore;1;;;;;;;;;;1;;;;
30/12/2018;06:09:00;60;sem vítima;409;BR-262/MG;Leste;Capotamento;1;;;;;;;;;;1;;;;
30/12/2018;06:38:00;65;com vítima;774;BR-262/MG;Leste;Choque - Arvore;1;;;;;;;;;;0;1;;;
30/12/2018;06:56:00;67;sem vítima;503,8;BR-153/GO;Sul;Colisão Lateral;1;;1;;;;;;;;2;;;;
30/12/2018;07:14:00;72;sem vítima;13,5;BR-153/MG;Sul;Tombamento;;;;;;;;;;1;2;;;;
30/12/2018;10:45:00;161;com vítima;510;BR-153/GO;Sul;Queda de Moto;;;;1;;;;;;;0;2;;;
30/12/2018;12:06:00;202;com vítima;42,9;BR-060/GO;Norte;Queda de Moto;;;;1;;;;;;;0;;1;;
30/12/2018;22:21:00;415;sem vítima;513,001;BR-153/GO;Sul;Colisão Lateral;1;;;;1;;;;;;2;;;;
30/12/2018;23:44:00;439;sem vítima;539,8;BR-262/MG;Oeste;Choque - Elemento de Drenagem;1;;;;;;;;;;2;;;;
31/12/2018;00:32:00;8;com vítima;356;BR-262/MG;Oeste;Atropelamento - Usuário;1;;;;;;;;;;1;1;;;
31/12/2018;04:53:00;46;com vítima;625,068;BR-262/MG;Oeste;Choque - Arvore;1;;;;;;;;;;0;1;;;
31/12/2018;12:55:00;284;sem vítima;534;BR-262/MG;Oeste;Choque - Elemento de Drenagem;1;;;;;;;;;;4;;;;
31/12/2018;17:30:00;408;com vítima;497;BR-153/GO;Norte;Engavetamento;4;;;;;;;;;;4;2;;;
31/12/2018;19:06:00;452;sem vítima;31;BR-060/GO;Sul;Colisão Traseira;2;;;;;;;;;;8;;;;
31/12/2018;23:10:00;518;com vítima;430;BR-262/MG;Oeste;Choque - Defensa, barreira ou "submarino";1;;;;;;;;;;0;1;;;
01/01/2019;02:58:00;15;sem vítima;514,9;BR-262/MG;Oeste;Saida de Pista;1;;;;;;;;;;1;;;;
01/01/2019;06:11:00;31;com vítima;412,5;BR-262/MG;Leste;Capotamento;1;;;;;;;;;;0;2;;;
01/01/2019;09:41:00;126;sem vítima;432;BR-262/MG;Leste;Choque - Defensa, barreira ou "submarino";1;;;;;;;;;;1;;;;
01/01/2019;11:13:00;186;sem vítima;522;BR-262/MG;Oeste;Saida de Pista;;;1;;;;;;;;1;;;;
01/01/2019;11:56:00;197;sem vítima;624,7;BR-262/MG;Leste;Choque - Talude;;;;;;;;;;1;1;;;;
01/01/2019;12:28:00;209;sem vítima;380;BR-262/MG;Oeste;Capotamento;;;;;;;;;;1;4;;;;
01/01/2019;13:00:00;220;sem vítima;388,5;BR-262/MG;Leste;Saida de Pista;1;;;;;;;;;;1;;;;
01/01/2019;13:15:00;226;sem vítima;608;BR-262/MG;Leste;Tombamento;;;1;;;;;;;;1;;;;
01/01/2019;20:08:00;380;sem vítima;559;BR-153/GO;Norte;Saida de Pista;;;;1;;;;;;;2;;;;
01/01/2019;21:23:00;411;com vítima;448;BR-262/MG;Leste;Atropelamento de Animal;1;;;;;;;;;;1;2;;;
01/01/2019;21:43:00;417;com vítima;106,099;BR-153/MG;Norte;Choque - Arvore;1;;;;;;;;;;2;2;;;
01/01/2019;22:11:00;424;com vítima;366;BR-262/MG;Oeste;Queda de Moto;;;;1;;;;;;;0;;1;;
01/01/2019;23:31:00;443;com vítima;497;BR-153/GO;Sul;Queda de Moto;;;;1;;;;;;;0;1;;;
02/01/2019;07:13:00;55;sem vítima;564;BR-153/GO;Norte;Choque - Elemento de Drenagem;1;;;;;;;;;;1;;;;
02/01/2019;12:12:00;224;sem vítima;499,9;BR-153/GO;Sul;Colisão Traseira;1;;;;;1;;;;;2;;;;
02/01/2019;14:08:00;268;sem vítima;102;BR-060/GO;Sul;Colisão Traseira;1;;;;;;;;;;1;;;;
02/01/2019;14:47:00;280;sem vítima;502,8;BR-153/GO;Sul;Colisão Lateral;;;1;;1;;;;;;2;;;;
02/01/2019;15:46:00;310;sem vítima;69;BR-060/GO;Sul;Atropelamento de Animal;1;;;;;;;;;;1;;;;
02/01/2019;15:51:00;314;sem vítima;640,5;BR-153/GO;Sul;Saida de Pista;1;;;;;;;;;;3;;;;
02/01/2019;16:16:00;333;sem vítima;102,2;BR-060/GO;Norte;Choque - Elemento de Drenagem;;;1;;;;;;;;1;;;;
03/01/2019;06:35:00;64;com vítima;514;BR-153/GO;Norte;Colisão Lateral;;;;1;1;;;;;;1;1;;;
03/01/2019;09:13:00;153;sem vítima;554,8;BR-262/MG;Oeste;Engavetamento;3;;;;;;;;;;9;;;;
03/01/2019;12:39:00;264;sem vítima;583;BR-262/MG;Oeste;Capotamento;1;;;;;;;;;;4;;;;
03/01/2019;13:22:00;285;sem vítima;439;BR-262/MG;Leste;Colisão Traseira;2;;;;;;;;;;4;;;;
03/01/2019;13:59:00;300;com vítima;819,5;BR-262/MG;Leste;Capotamento;;;;;;;;;;1;0;1;;;
03/01/2019;14:01:00;301;com vítima;88,9;BR-153/MG;Sul;Capotamento;1;;;;;;;;;;0;2;1;;
03/01/2019;14:37:00;319;sem vítima;113;BR-153/MG;Sul;Capotamento;;;;;;;;;;1;2;;;;
03/01/2019;15:50:00;367;com vítima;30;BR-153/MG;Norte;Capotamento;1;;;;;;;;;;0;1;;;
03/01/2019;17:07:00;408;sem vítima;750,7;BR-262/MG;Oeste;Saida de Pista;1;;1;;;;;;;;2;;;;
03/01/2019;21:13:00;526;sem vítima;505,468;BR-262/MG;Oeste;Colisão Traseira;1;;1;;;;;;;;2;;;;
03/01/2019;21:24:00;529;sem vítima;118,001;BR-060/GO;Sul;Colisão Lateral;1;;1;;;;;;;;3;;;;
04/01/2019;00:26:00;13;com vítima;4,5;BR-060/DF;Norte;Queda de Moto;;;;1;;;;;;;0;1;;;
04/01/2019;04:38:00;65;sem vítima;359,57;BR-262/MG;Oeste;Saida de Pista;1;;;;;;;;;;1;;;;
04/01/2019;05:50:00;75;sem vítima;693,99;BR-262/MG;Leste;Colisão Transversal;;;1;;;;;;;1;4;;;;
04/01/2019;06:51:00;91;sem vítima;595,4;BR-262/MG;Leste;Tombamento;;;1;;;;;;;;1;;;;
04/01/2019;10:11:00;190;sem vítima;440,5;BR-262/MG;Oeste;Saida de Pista;;;;;;;;;;1;1;;;;
04/01/2019;10:11:00;191;sem vítima;477,17;BR-262/MG;Leste;Colisão Lateral;1;;;1;;;;;;;4;;;;
04/01/2019;14:22:00;311;sem vítima;778,3;BR-262/MG;Leste;Colisão Traseira;1;;1;;;;;;;;2;;;;
04/01/2019;14:39:00;319;com vítima;106;BR-060/GO;Norte;Queda de Moto;;;;1;;;;;;;0;1;;;
04/01/2019;16:51:00;377;com vítima;510;BR-153/GO;Sul;Colisão Traseira;;1;1;;;;;;;;1;1;;;
04/01/2019;19:03:00;440;sem vítima;530,799;BR-153/GO;Sul;Choque - Suporte de Sinalização;1;;;;;;;;;;1;;;;
04/01/2019;23:22:00;526;sem vítima;78,299;BR-060/GO;Norte;Engavetamento;;;3;;;;;;;;3;;;;
05/01/2019;00:12:00;3;com vítima;78,5;BR-060/GO;Norte;Choque - Defensa, barreira ou "submarino";1;;;;;;;;;;0;1;;;
05/01/2019;05:30:00;47;sem vítima;360,468;BR-262/MG;Leste;Choque - Suporte de Sinalização;1;;;;;;;;;;2;;;;
05/01/2019;08:54:00;101;sem vítima;20;BR-153/MG;Norte;Tombamento;;;1;;;;;;;;1;;;;
05/01/2019;10:55:00;181;sem vítima;155,7;BR-153/MG;Sul;Choque - Arvore;;;1;;;;;;;;1;;;;
05/01/2019;11:01:00;184;sem vítima;23;BR-060/DF;Norte;Colisão Traseira;1;;;;;;;;;1;4;;;;
05/01/2019;11:16:00;192;sem vítima;608,7;BR-262/MG;Leste;Tombamento;1;;;;;;;;;;1;;;;
05/01/2019;11:27:00;198;sem vítima;507,6;BR-153/GO;Norte;Colisão Traseira;2;;;;;;;;;;2;;;;
05/01/2019;11:38:00;210;com vítima;401,27;BR-262/MG;Leste;Queda de Moto;;;;1;;;;;;;0;1;;;
05/01/2019;12:06:00;228;sem vítima;436,57;BR-262/MG;Leste;Colisão Traseira;2;;;;;;;;;;2;;;;
05/01/2019;12:13:00;231;sem vítima;164,5;BR-153/MG;Norte;Saida de Pista;1;;;;;;;;;;1;;;;
05/01/2019;13:17:00;256;com vítima;165,2;BR-153/MG;Norte;Choque - Arvore;1;;;;;;;;;;2;;1;;
05/01/2019;14:14:00;272;sem vítima;150,2;BR-153/MG;Norte;Choque - Arvore;1;;;;;;;;;;3;;;;
05/01/2019;14:49:00;286;sem vítima;403;BR-262/MG;Leste;Colisão Lateral;1;;1;;;;;;;;2;;;;
05/01/2019;21:13:00;419;sem vítima;506;BR-153/GO;Sul;Choque - Suporte de Sinalização;1;;;;;;;;;;1;;;;
06/01/2019;06:25:00;38;com vítima;812;BR-262/MG;Oeste;Capotamento;;;;;;;;;;1;0;1;;;
06/01/2019;08:06:00;66;sem vítima;84;BR-060/GO;Sul;Choque - Suporte de Sinalização;1;;;;;;;;;;1;;;;
06/01/2019;10:39:00;122;sem vítima;123,9;BR-153/MG;Sul;Colisão Traseira;2;;;;;;;;;;7;;;;
06/01/2019;13:39:00;183;com vítima;147,8;BR-153/MG;Sul;Colisão Transversal;1;;1;;;;;;;;3;;1;1;1
06/01/2019;17:01:00;260;sem vítima;546;BR-153/GO;Norte;Choque - Arvore;1;;;;;;;;;;2;;;;
06/01/2019;17:34:00;279;sem vítima;485,5;BR-262/MG;Oeste;Colisão Lateral;1;;1;;;;;;;;4;;;;
06/01/2019;21:52:00;402;com vítima;27;BR-060/GO;Sul;Saida de Pista;1;;;;;;;;;;0;1;;;
07/01/2019;00:26:00;5;sem vítima;507;BR-153/GO;Sul;Choque - Suporte de Sinalização;;;;1;;;;;;;1;;;;
07/01/2019;04:31:00;52;sem vítima;28;BR-060/GO;Norte;Saida de Pista;2;;;;;;;;;;4;;;;
07/01/2019;05:51:00;67;com vítima;114,2;BR-060/GO;Sul;Choque - Veiculo parado no acostamento;1;;1;;1;;;;;;14;4;;;
07/01/2019;07:53:00;108;sem vítima;113,25;BR-153/MG;Norte;Colisão Traseira;1;;;;;;;;;;1;;;;
07/01/2019;10:03:00;194;sem vítima;792,264;BR-262/MG;Leste;Saida de Pista;;;;;;;;;;1;1;;;;
07/01/2019;10:16:00;198;sem vítima;573;BR-262/MG;Oeste;Colisão Traseira;2;;;;;;;;;;2;;;;
07/01/2019;10:57:00;226;com vítima;18,7;BR-060/GO;Sul;Capotamento;1;;;;;;;;;;2;1;1;;
07/01/2019;18:03:00;441;sem vítima;498,1;BR-153/GO;Norte;Engavetamento;2;;1;;;;;;;;3;;;;
07/01/2019;18:26:00;452;sem vítima;500,5;BR-153/GO;Sul;Colisão Traseira;2;;;;;;;;;;2;;;;
07/01/2019;19:45:00;500;sem vítima;0,8;BR-153/MG;Norte;Colisão Traseira;2;;;;;;;;;;2;;;;
08/01/2019;03:39:00;37;sem vítima;13,9;BR-153/MG;Sul;Choque - Defensa, barreira ou "submarino";;;1;;;;;;;;1;;;;
08/01/2019;07:52:00;100;sem vítima;100,099;BR-060/GO;Sul;Tombamento;;;1;;;;;;;;1;;;;
08/01/2019;18:07:00;453;sem vítima;188;BR-153/MG;Norte;Choque - Talude;;;1;;;;;;;;1;;;;
08/01/2019;18:09:00;456;com vítima;507;BR-153/GO;Norte;Queda de Ciclista;;;;1;;;;;;;0;1;;;
08/01/2019;18:26:00;463;sem vítima;803;BR-262/MG;Oeste;Colisão Traseira;2;;;;;1;;;;;4;;;;
08/01/2019;21:23:00;546;sem vítima;499;BR-262/MG;Leste;;;;1;;;;;;;;1;;;;
08/01/2019;21:37:00;554;sem vítima;524;BR-262/MG;Oeste;Choque - Arvore;1;;;;;;;;;;2;;;;
08/01/2019;21:42:00;557;sem vítima;497;BR-262/MG;Leste;Choque - Arvore;1;;;;;;;;;;3;;;;
09/01/2019;04:01:00;46;sem vítima;138;BR-060/GO;Sul;Choque - Defensa, barreira ou "submarino";;;1;;;;;;;;2;;;;
09/01/2019;04:29:00;51;sem vítima;443;BR-262/MG;Leste;Saida de Pista;1;;;;;;;;;;1;;;;
09/01/2019;06:14:00;67;sem vítima;508;BR-153/GO;Norte;Colisão Lateral;2;;;;;;;;;;2;;;;
09/01/2019;07:46:00;105;com vítima;506;BR-153/GO;Norte;Engavetamento;1;;;2;;;;;;;2;1;1;;
09/01/2019;13:47:00;319;sem vítima;539;BR-153/GO;Sul;Saida de Pista;1;;;;;;;;;;1;;;;
09/01/2019;14:24:00;328;sem vítima;29,6;BR-060/DF;Sul;Choque - Elemento de Drenagem;1;;;;;;;;;;1;;;;
09/01/2019;15:52:00;366;com vítima;29,5;BR-060/DF;Norte;Capotamento;1;;;;;;;;;;1;;1;;
09/01/2019;16:39:00;387;sem vítima;107;BR-060/GO;Norte;Colisão Lateral;1;;1;;;;;;;;2;;;;
09/01/2019;16:42:00;390;sem vítima;506;BR-153/GO;Sul;Queda de Moto;;;;1;;;;;;;1;;;;
09/01/2019;17:07:00;403;com vítima;6;BR-060/GO;Sul;Atropelamento - Ciclista;1;1;;;;;;;;;4;1;;;
09/01/2019;18:33:00;427;sem vítima;504;BR-153/GO;Norte;Colisão Traseira;2;;;;;;;;;;2;;;;
10/01/2019;00:38:00;3;sem vítima;768;BR-262/MG;Leste;Choque - Suporte de Sinalização;;;;;;;;;;1;1;;;;
10/01/2019;05:28:00;43;sem vítima;12;BR-153/MG;Norte;Capotamento;;;;;;;;;;1;4;;;;
10/01/2019;10:09:00;163;com vítima;511,5;BR-153/GO;Sul;Colisão Lateral;1;;;1;;;;;;;1;1;;;
10/01/2019;10:56:00;191;com vítima;579,2;BR-262/MG;Oeste;Colisão Transversal;1;;1;;;;;;;;1;1;;;
10/01/2019;11:08:00;196;sem vítima;498,5;BR-153/GO;Norte;Colisão Lateral;1;;;;;;;;;1;2;;;;
10/01/2019;12:25:00;230;sem vítima;225;BR-153/MG;Sul;Choque - Veiculo parado na pista;1;;1;;;;;;;;2;;;;
10/01/2019;18:25:00;408;sem vítima;60,299;BR-060/GO;Sul;Colisão Lateral;2;;;;;;;;;;2;;;;
10/01/2019;23:14:00;546;com vítima;97,9;BR-153/MG;Sul;Colisão Frontal;;;4;;;;;;;;1;;1;1;1
11/01/2019;06:56:00;84;sem vítima;97;BR-153/MG;Norte;Capotamento;;;1;;;;;;;;2;;;;
11/01/2019;07:11:00;89;sem vítima;552,4;BR-262/MG;Leste;Tombamento;;;1;;;;;;;;1;;;;
11/01/2019;11:40:00;245;com vítima;774,567;BR-262/MG;Leste;Capotamento;;;1;;;;;;;;1;1;;;
11/01/2019;11:43:00;248;sem vítima;49,7;BR-153/MG;Sul;Capotamento;;;1;;;;;;;;1;;;;
11/01/2019;13:22:00;287;com vítima;513;BR-262/MG;Oeste;Choque - Arvore;;;;;;;;;;1;2;2;1;;
11/01/2019;15:09:00;335;sem vítima;591;BR-153/GO;Norte;Choque - Outros;;;;;;;;;;1;1;;;;
11/01/2019;15:19:00;342;com vítima;30,3;BR-153/MG;Norte;Capotamento;1;;;;;;;;;;0;;1;;
11/01/2019;15:35:00;351;sem vítima;19;BR-060/GO;Sul;Colisão Traseira;1;;;;;;;;;1;2;;;;
11/01/2019;17:52:00;425;sem vítima;118,4;BR-060/GO;Sul;Colisão Lateral;2;;;;;;;;;;2;;;;
11/01/2019;19:12:00;469;sem vítima;12,001;BR-060/GO;Sul;Colisão Lateral;2;;;;;;;;;;3;;;;
11/01/2019;21:46:00;549;sem vítima;390;BR-262/MG;Oeste;Capotamento;1;;;;;;;;;;3;;;;
12/01/2019;00:53:00;18;sem vítima;518;BR-153/GO;Sul;Atropelamento de Animal;1;;;;;;;;;;1;;;;
12/01/2019;05:35:00;67;com vítima;802,5;BR-262/MG;Oeste;Capotamento;1;;;;;;;;;;1;;;1;
12/01/2019;06:02:00;71;sem vítima;505;BR-153/GO;Sul;Queda de Moto;;;;1;;;;;;;1;;;;
12/01/2019;06:15:00;74;sem vítima;371,971;BR-262/MG;Oeste;Colisão Transversal;;;2;;;;;;;;2;;;;
12/01/2019;11:01:00;218;sem vítima;18,6;BR-060/GO;Sul;Capotamento;1;;;;;;;;;;1;;;;
12/01/2019;11:48:00;237;com vítima;360,25;BR-262/MG;Oeste;Capotamento;1;;;;;;;;;;2;;1;;
12/01/2019;12:19:00;248;com vítima;27,6;BR-153/MG;Sul;Choque - Elemento de Drenagem;1;;;;;;;;;;4;1;;;
12/01/2019;13:21:00;276;sem vítima;359,5;BR-262/MG;Oeste;Colisão Lateral;1;;1;;;;;;;;2;;;;
12/01/2019;16:52:00;386;sem vítima;114;BR-060/GO;Norte;Capotamento;1;;;;;;;;;;1;;;;
12/01/2019;17:20:00;396;com vítima;435,9;BR-262/MG;Leste;Queda de Moto;;;;1;;;;;;;0;1;1;;
12/01/2019;18:07:00;418;sem vítima;508;BR-153/GO;Sul;Choque - Talude;;;1;;;;;;;;1;;;;
12/01/2019;18:18:00;428;sem vítima;511;BR-153/GO;Sul;Colisão Traseira;1;;1;;;;;;;;3;;;;
12/01/2019;20:31:00;485;com vítima;61,3;BR-060/GO;Norte;Queda de Moto;;;;1;;;;;;;0;1;;;
12/01/2019;21:03:00;493;sem vítima;90;BR-060/GO;Sul;Colisão Traseira;1;;1;;;;;;;;2;;;;
12/01/2019;22:02:00;515;com vítima;513;BR-153/GO;Sul;Queda de Moto;;;;1;;;;;;;0;;;1;
12/01/2019;22:11:00;517;sem vítima;121,7;BR-153/MG;Norte;Colisão Traseira;1;;;;;1;;;;;4;;;;
13/01/2019;00:19:00;8;com vítima;136;BR-060/GO;Sul;Choque - Elemento de Drenagem;1;;;;;;;;;;0;3;;;
13/01/2019;05:25:00;51;sem vítima;468;BR-262/MG;Oeste;Saida de Pista;1;;;;;;;;;;1;;;;
13/01/2019;09:09:00;130;sem vítima;44,7;BR-153/MG;Norte;Colisão Lateral;1;;1;;;;;;;;3;;;;
13/01/2019;09:28:00;142;sem vítima;557,7;BR-262/MG;Leste;Tombamento;;;1;;;;;;;;1;;;;
13/01/2019;11:10:00;191;com vítima;499,3;BR-153/GO;Sul;Queda de Moto;;;;1;;;;;;;0;2;;;
13/01/2019;12:25:00;217;com vítima;761,5;BR-262/MG;Leste;Capotamento;1;;;;;;;;;;1;;2;1;
13/01/2019;15:20:00;288;com vítima;3,8;BR-060/DF;Sul;Colisão Lateral;1;;;1;;;;;;;1;1;;;
13/01/2019;18:34:00;373;sem vítima;557;BR-153/GO;Sul;Capotamento;1;;;;;;;;;;3;;;;
14/01/2019;06:25:00;45;sem vítima;665,5;BR-262/MG;Oeste;Atropelamento de Animal;1;;;;;;;;;;1;;;;
14/01/2019;12:52:00;257;sem vítima;490;BR-153/GO;Norte;Saida de Pista;;;1;;;;;;;;1;;;;
14/01/2019;13:45:00;274;com vítima;53,9;BR-060/GO;Sul;Capotamento;1;;;;;;;;;;0;2;;;
14/01/2019;13:46:00;275;sem vítima;39;BR-060/GO;Norte;Saida de Pista;;;;;;;;;;1;1;;;;
14/01/2019;14:57:00;306;com vítima;23;BR-153/MG;Norte;Choque - Talude;;;;;;;;;;1;0;1;;;
14/01/2019;15:09:00;311;sem vítima;23;BR-153/MG;Sul;;1;;;;;;;;;;1;;;;
14/01/2019;17:34:00;394;com vítima;12;BR-153/MG;Sul;Colisão Frontal;2;;;;;;;;;;0;3;;;
14/01/2019;18:24:00;424;sem vítima;505,899;BR-153/GO;Sul;Engavetamento;1;;2;;;;;;;;3;;;;
14/01/2019;21:01:00;517;sem vítima;577,168;BR-262/MG;Oeste;Choque - Suporte de Sinalização;1;;;;;;;;;;1;;;;
14/01/2019;23:20:00;553;com vítima;490,001;BR-153/GO;Sul;Queda de Moto;;;;1;;;;;;;1;1;;;
15/01/2019;00:17:00;7;sem vítima;663,2;BR-153/GO;Norte;Colisão Traseira;;;2;;;;;;;;2;;;;
15/01/2019;01:22:00;26;com vítima;572,2;BR-153/GO;Sul;Capotamento;;;;;;;;;;1;0;1;;;
15/01/2019;06:10:00;79;sem vítima;128,992;BR-153/MG;Norte;Colisão Traseira;1;;1;;;;;;;;4;;;;
15/01/2019;10:25:00;201;sem vítima;36;BR-153/MG;Norte;Choque - Arvore;1;;;;;;;;;;4;;;;
15/01/2019;11:00:00;223;sem vítima;692;BR-153/GO;Norte;Colisão Traseira;2;;;;;;;;;;2;;;;
15/01/2019;17:56:00;406;sem vítima;357,4;BR-262/MG;Oeste;Saida de Pista;1;;;;;;;;;;1;;;;
15/01/2019;19:20:00;444;com vítima;19;BR-060/GO;Sul;Tombamento;1;;;;;;;;;;0;1;;;
15/01/2019;20:04:00;468;sem vítima;107,8;BR-060/GO;Sul;Tombamento;;;1;;;;;;;;2;;;;
15/01/2019;21:48:00;519;sem vítima;593;BR-153/GO;Sul;Colisão Traseira;;;2;;;;;;;;2;;;;
15/01/2019;22:59:00;541;com vítima;27,037;BR-153/MG;Norte;Tombamento;;;1;;;;;;;;0;2;;;
16/01/2019;03:44:00;54;sem vítima;509;BR-153/GO;Sul;Saida de Pista;1;;;;;;;;;;1;;;;
16/01/2019;06:01:00;79;com vítima;657,5;BR-153/GO;Sul;Colisão Traseira;;;2;;;;;;;;2;2;;;
16/01/2019;06:44:00;89;com vítima;593,4;BR-153/GO;Norte;Capotamento;1;;;;;;;;;;0;;2;;
16/01/2019;08:23:00;119;com vítima;26,1;BR-060/GO;Norte;Queda de Moto;;;;1;;;;;;;0;1;;;
16/01/2019;09:52:00;168;sem vítima;514;BR-153/GO;Sul;Colisão Traseira;2;;;;;;;;;;2;;;;
16/01/2019;10:26:00;191;sem vítima;2;BR-060/DF;Norte;Colisão Traseira;;;2;;;;;;;;2;;;;
16/01/2019;10:39:00;199;sem vítima;27;BR-153/MG;Norte;Colisão Traseira;2;;;;;;;;;1;8;;;;
16/01/2019;12:44:00;262;com vítima;17,8;BR-153/MG;Sul;Choque - Suporte de Sinalização;;;;1;;;;;;;1;;1;;
16/01/2019;14:50:00;319;sem vítima;504;BR-153/GO;Norte;;3;;;;;;;;;;3;;;;
16/01/2019;15:15:00;335;sem vítima;43;BR-060/GO;Sul;;;;1;;;;;;;1;2;;;;
16/01/2019;15:17:00;336;sem vítima;43;BR-060/GO;Sul;Colisão Traseira;;;1;;;;;;;1;3;;;;
16/01/2019;15:48:00;362;sem vítima;60;BR-153/MG;Norte;Saida de Pista;1;;;;;;;;;;3;;;;
16/01/2019;17:34:00;414;com vítima;608;BR-262/MG;Leste;Colisão Frontal;1;;1;;;;;;;;2;3;;;
16/01/2019;18:02:00;433;sem vítima;801;BR-262/MG;Oeste;Choque - Talude;;;;;;;;;;1;1;;;;
16/01/2019;18:30:00;446;com vítima;360;BR-262/MG;Leste;Saida de Pista;1;;;;;;;;;;1;;1;;
16/01/2019;18:30:00;447;com vítima;501;BR-153/GO;Sul;Engavetamento;4;;;;;;;;;;6;1;;;
17/01/2019;05:32:00;54;com vítima;6;BR-153/MG;Norte;Choque - Talude;1;;;;;;;;;;0;1;;;
17/01/2019;06:02:00;58;sem vítima;429,37;BR-262/MG;Leste;Colisão Traseira;;;2;;;;;;;;2;;;;
17/01/2019;06:44:00;70;com vítima;436,55;BR-262/MG;Oeste;Queda de Moto;;;;1;;;;;;;0;1;;;
17/01/2019;07:30:00;99;sem vítima;5,5;BR-060/GO;Sul;Tombamento;1;;;;;;;;;;1;;;;
17/01/2019;09:05:00;161;sem vítima;547;BR-262/MG;Leste;Choque - Veiculo parado na pista;1;;1;;;;;;;;2;;;;
17/01/2019;12:07:00;281;sem vítima;785,7;BR-262/MG;Oeste;Atropelamento de Animal;1;;;;;;;;;;1;;;;
17/01/2019;13:11:00;316;sem vítima;496;BR-153/GO;Norte;Queda de Moto;;;;1;;;;;;;1;;;;