data;horario;n_da_ocorrencia;tipo_de_ocorrencia;km;trecho;sentido;tipo_de_acidente;automovel;bicicleta;caminhao;moto;onibus;outros;tracao_animal;transporte_de_cargas_especiais;trator_maquinas;utilitarios;ilesos;levemente_feridos;moderadamente_feridos;gravemente_feridos;mortos
17/01/2019;15:45:00;384;sem vítima;190;BR-153/MG;Sul;Colisão Lateral;1;;1;;;;;;;;5;;;;
17/01/2019;15:45:00;385;sem vítima;676;BR-153/GO;Sul;Capotamento;1;;;;;;;;;;2;;;;
17/01/2019;17:54:00;455;sem vítima;516,399;BR-153/GO;Sul;Colisão Lateral;2;;;;;;;;;;2;;;;
17/01/2019;18:18:00;465;com vítima;375;BR-262/MG;Leste;Queda de Moto;;;;1;;;;;;;0;;1;;
17/01/2019;19:17:00;493;com vítima;25,899;BR-060/DF;Sul;Capotamento;1;;;;;;;;;;1;1;;;
17/01/2019;22:33:00;553;com vítima;508,899;BR-153/GO;Norte;Colisão Traseira;;;1;1;;;;;;;1;;1;;
18/01/2019;01:39:00;13;sem vítima;80,7;BR-153/MG;Sul;Saida de Pista;;;1;;;;;;;;3;;;;
18/01/2019;08:28:00;111;com vítima;491,968;BR-262/MG;Oeste;Tombamento;;;1;;;;;;;;0;1;;;
18/01/2019;09:57:00;158;sem vítima;415,5;BR-262/MG;Leste;Choque - Elemento de Drenagem;1;;;;;;;;;;1;;;;
18/01/2019;10:17:00;164;sem vítima;106;BR-060/GO;Sul;Colisão Traseira;1;;1;;;;;;;;2;;;;
18/01/2019;12:39:00;237;sem vítima;50,3;BR-153/MG;Sul;Saida de Pista;1;;;;;;;;;;4;;;;
18/01/2019;12:40:00;238;sem vítima;539;BR-262/MG;Leste;Colisão Traseira;;;2;;;;;;;;2;;;;
18/01/2019;17:19:00;374;com vítima;527,5;BR-153/GO;Sul;Choque - Defensa, barreira ou "submarino";;;1;;;;;;;;1;2;1;;
18/01/2019;18:25:00;407;sem vítima;89;BR-060/GO;Sul;Colisão Traseira;1;;;;;;;;;1;2;;;;
18/01/2019;19:37:00;454;com vítima;622,299;BR-153/GO;Norte;Capotamento;1;;;;;;;;;;0;1;;1;
19/01/2019;00:44:00;18;sem vítima;510,6;BR-153/GO;Norte;Colisão Traseira;2;;;;;;;;;;2;;;;
19/01/2019;00:56:00;23;sem vítima;427,7;BR-262/MG;Oeste;Colisão Traseira;1;;;;;;;;;;2;;;;
19/01/2019;04:38:00;59;sem vítima;24;BR-060/DF;Sul;Saida de Pista;1;;;;;;;;;;1;;;;
19/01/2019;06:28:00;80;sem vítima;110;BR-060/GO;Sul;Capotamento;1;;;;;;;;;;1;;;;
19/01/2019;08:42:00;125;com vítima;499;BR-153/GO;Norte;Choque - Defensa, barreira ou "submarino";1;;;;;;;;;;0;1;;;
19/01/2019;09:31:00;144;sem vítima;499;BR-153/GO;Norte;Colisão Traseira;2;;;;;;;;;;2;;;;
19/01/2019;09:55:00;151;sem vítima;93;BR-060/GO;Sul;Choque - Defensa, barreira ou "submarino";1;;;;;;;;;;2;;;;
19/01/2019;10:48:00;187;com vítima;384;BR-262/MG;Oeste;Capotamento;1;;;;;;;;;;1;1;;;
19/01/2019;12:43:00;232;com vítima;71,5;BR-153/MG;Norte;Choque - Arvore;;;1;;;;;;;;1;;1;;
19/01/2019;13:52:00;254;sem vítima;20;BR-060/GO;Sul;Choque - Veiculo parado no acostamento;1;;1;;;;;;;;2;;;;
19/01/2019;15:28:00;310;com vítima;426,9;BR-262/MG;Leste;Queda de Moto;;;;1;;;;;;;1;1;;;
19/01/2019;15:35:00;314;sem vítima;2;BR-060/DF;Sul;Engavetamento;3;;;;;;;;;;4;;;;
19/01/2019;15:44:00;321;com vítima;462;BR-262/MG;Leste;Capotamento;1;;;;;;;;;;1;2;1;;
19/01/2019;16:22:00;353;sem vítima;594;BR-262/MG;Oeste;Colisão Transversal;;;2;;;;;;;;5;;;;
19/01/2019;18:36:00;418;sem vítima;14,199;BR-153/MG;Norte;Choque - Suporte de Sinalização;1;;;;;;;;;;3;;;;
19/01/2019;18:56:00;428;sem vítima;102;BR-060/GO;Sul;;;;;1;;;;;;;1;;;;
19/01/2019;19:26:00;451;sem vítima;235;BR-153/MG;Norte;Colisão Lateral;1;;1;;;;;;;;6;;;;
19/01/2019;20:58:00;492;sem vítima;412;BR-262/MG;Oeste;Choque - Elemento de Drenagem;1;;;;;;;;;;1;;;;
19/01/2019;21:21:00;508;sem vítima;0;BR-060/DF;Sul;;1;;;;;;;;;;1;;;;
19/01/2019;21:47:00;518;sem vítima;1,001;BR-060/DF;Sul;Colisão Lateral;2;;;;;;;;;;2;;;;
19/01/2019;22:51:00;534;sem vítima;506,1;BR-153/GO;Sul;Choque - Defensa, barreira ou "submarino";1;;;;;;;;;;1;;;;
19/01/2019;23:52:00;551;sem vítima;239,5;BR-153/MG;Norte;Colisão Lateral;2;;;;;;;;;;3;;;;
20/01/2019;06:03:00;58;sem vítima;64;BR-060/GO;Sul;Tombamento;;;1;;;;;;;;1;;;;
20/01/2019;07:53:00;87;sem vítima;10;BR-153/MG;Norte;Tombamento;;;1;;;;;;;;1;;;;
20/01/2019;09:05:00;132;com vítima;4,3;BR-060/GO;Sul;Queda de Moto;;;;1;;;;;;;0;;1;;
20/01/2019;10:21:00;167;sem vítima;28,7;BR-060/GO;Sul;Saida de Pista;1;;;;;;;;;;1;;;;
20/01/2019;10:39:00;184;sem vítima;16;BR-060/GO;Norte;Colisão Traseira;2;;;;;;;;;;2;;;;
20/01/2019;11:43:00;204;sem vítima;124;BR-060/GO;Norte;Queda de Moto;;;;1;;;;;;;1;;;;
20/01/2019;14:38:00;280;sem vítima;45,9;BR-153/MG;Sul;Capotamento;1;;;;;;;;;;2;;;;
20/01/2019;15:09:00;287;com vítima;34;BR-153/MG;Sul;Choque - Talude;1;;;;;;;;;;2;1;;;
20/01/2019;15:13:00;289;com vítima;50,05;BR-153/MG;Sul;Capotamento;1;;;;;;;;;;0;2;;;
20/01/2019;15:27:00;296;sem vítima;75,5;BR-153/MG;Norte;Choque - Defensa, barreira ou "submarino";;;1;;;;;;;;2;;;;
20/01/2019;16:51:00;337;com vítima;2,258;BR-060/DF;Norte;Capotamento;3;;;;;;;;;;3;1;;;
20/01/2019;17:11:00;348;sem vítima;387,9;BR-262/MG;Oeste;Capotamento;;;;;;;;;;1;4;;;;
20/01/2019;17:50:00;369;sem vítima;4,8;BR-060/DF;Norte;Engavetamento;3;;;;;;;;;;3;;;;
20/01/2019;21:02:00;458;sem vítima;96;BR-060/GO;Norte;Queda de Ciclista;;;;1;;;;;;;1;;;;
21/01/2019;04:52:00;36;sem vítima;530;BR-262/MG;Oeste;Queda de Moto;;;;1;;;;;;;1;;;;
21/01/2019;12:59:00;261;sem vítima;482,3;BR-262/MG;Leste;Saida de Pista;1;;;;;;;;;;2;;;;
21/01/2019;14:31:00;305;sem vítima;663,889;BR-153/GO;Norte;Colisão Traseira;;;2;;;;;;;;2;;;;
22/01/2019;04:20:00;34;com vítima;385;BR-262/MG;Oeste;Capotamento;;;1;;;;;;;;0;;;;1
22/01/2019;05:34:00;40;sem vítima;764;BR-262/MG;Oeste;Choque - Suporte de Sinalização;1;;;;;;;;;;2;;;;
22/01/2019;08:09:00;83;sem vítima;600;BR-262/MG;Leste;Colisão Traseira;;;2;;;;;;;;2;;;;
22/01/2019;08:23:00;93;com vítima;7;BR-060/DF;Sul;Capotamento;1;;;;;;;;;;3;1;;;
22/01/2019;13:45:00;252;com vítima;511;BR-153/GO;Sul;Colisão Lateral;1;;;1;;;;;;;1;1;;;
22/01/2019;16:02:00;318;com vítima;580;BR-262/MG;Leste;Tombamento;;;1;;;;;;;;0;1;;;
22/01/2019;16:05:00;321;sem vítima;115,5;BR-153/MG;Sul;Colisão Frontal;1;;;;;;;;;1;3;;;;
22/01/2019;16:32:00;334;sem vítima;49;BR-153/MG;Norte;;1;;;;;;;;;;1;;;;
22/01/2019;16:43:00;345;sem vítima;9;BR-153/MG;Norte;Capotamento;1;;;;;;;;;;4;;;;
22/01/2019;16:53:00;350;sem vítima;515;BR-153/GO;Norte;Colisão Lateral;1;;;;1;;;;;;2;;;;
22/01/2019;17:49:00;378;sem vítima;380;BR-262/MG;Leste;Saida de Pista;1;;;;;;;;;;1;;;;
22/01/2019;18:44:00;400;sem vítima;32,5;BR-060/GO;Norte;Colisão Frontal;2;;;;;;;;;;5;;;;
22/01/2019;19:07:00;415;sem vítima;116;BR-060/GO;Norte;;1;;;;;;;;;;1;;;;
23/01/2019;03:30:00;89;com vítima;502,199;BR-153/GO;Sul;Colisão Traseira;1;;;1;;;;;;;1;1;;;
23/01/2019;10:36:00;269;sem vítima;663;BR-153/GO;Sul;Capotamento;1;;;;;;;;;;1;;;;
23/01/2019;11:22:00;294;com vítima;507;BR-153/GO;Norte;Queda de Moto;1;;;1;;;;;;;1;1;;;
23/01/2019;13:16:00;362;com vítima;94;BR-060/GO;Sul;Queda de Moto;;;;1;;;;;;;1;1;;;
23/01/2019;13:51:00;385;sem vítima;503,3;BR-153/GO;Sul;Colisão Frontal;1;;1;;;;;;;;2;;;;
23/01/2019;14:47:00;418;com vítima;855,05;BR-262/MG;Oeste;Colisão Traseira;1;;1;;;;;;;;1;2;;;
23/01/2019;15:06:00;425;sem vítima;527;BR-153/GO;Norte;Colisão Traseira;1;;1;;;;;;;;2;;;;
23/01/2019;15:34:00;433;com vítima;172,9;BR-153/MG;Sul;Queda de Moto;;;;1;;;;;;;1;1;;;
24/01/2019;03:00:00;37;sem vítima;23,8;BR-153/MG;Norte;Tombamento;;;1;;;;;;;;1;;;;
24/01/2019;04:25:00;51;com vítima;24,1;BR-153/MG;Norte;Colisão Traseira;1;;;1;;;;;;;2;;1;;
24/01/2019;08:51:00;144;com vítima;418,5;BR-262/MG;Leste;Atropelamento - Andarilho;;;1;;;;;;;;1;;1;;
24/01/2019;11:57:00;251;sem vítima;539,4;BR-262/MG;Leste;Queda de Ciclista;;;;1;;;;;;;1;;;;
24/01/2019;14:38:00;356;sem vítima;542,8;BR-153/GO;Sul;Capotamento;1;;;;;;;;;;1;;;;
24/01/2019;14:46:00;362;com vítima;507,95;BR-153/GO;Sul;Colisão Traseira;;;1;1;;;;;;;1;;1;;
24/01/2019;14:54:00;366;sem vítima;507,95;BR-153/GO;Sul;Queda de Moto;;;;1;;;;;;;1;;;;
24/01/2019;15:25:00;390;sem vítima;108;BR-060/GO;Norte;;;;1;;;;;;;1;2;;;;
24/01/2019;17:33:00;443;sem vítima;17;BR-060/GO;Sul;Colisão Lateral;1;;2;;;;;;;;3;;;;
24/01/2019;18:29:00;473;com vítima;420;BR-262/MG;Leste;Queda de Moto;;;;1;;;;;;;0;2;;;
24/01/2019;18:59:00;490;com vítima;96;BR-060/GO;Sul;Colisão Lateral;;;;2;;;;;;;0;2;;;
25/01/2019;02:51:00;28;sem vítima;440;BR-262/MG;Oeste;Atropelamento de Animal;;;1;;;;;;;;1;;;;
25/01/2019;03:39:00;34;sem vítima;695,299;BR-153/GO;Norte;Atropelamento de Animal;;;1;;;;;;;;1;;;;
25/01/2019;07:49:00;93;sem vítima;538,5;BR-262/MG;Leste;Colisão Traseira;1;;1;;;;;;;;3;;;;
25/01/2019;07:56:00;99;sem vítima;505,6;BR-153/GO;Norte;Colisão Traseira;2;;;;;;;;;;4;;;;
25/01/2019;15:17:00;363;sem vítima;130;BR-060/GO;Sul;Colisão Traseira;2;;;;;;;;;;2;;;;
25/01/2019;15:43:00;380;com vítima;368,71;BR-262/MG;Leste;Capotamento;1;;;;;;;;;;0;1;;;
25/01/2019;15:49:00;383;com vítima;574,7;BR-153/GO;Norte;Tombamento;;;1;;;;;;;;0;;;1;
25/01/2019;15:56:00;389;sem vítima;535;BR-153/GO;Sul;Choque - Elemento de Drenagem;;;1;;;;;;;;1;;;;
25/01/2019;16:17:00;398;sem vítima;82,9;BR-060/GO;Norte;Choque - Elemento de Drenagem;1;;;;;;;;;;1;;;;
25/01/2019;16:57:00;419;com vítima;241;BR-153/MG;Norte;Engavetamento;1;;;;1;;;;;1;48;1;;;
25/01/2019;18:24:00;466;sem vítima;43;BR-060/GO;Norte;Colisão Traseira;;;2;;;;;;;;3;;;;
25/01/2019;18:30:00;471;sem vítima;516;BR-153/GO;Sul;Colisão Lateral;1;;;;;1;;;;;2;;;;
25/01/2019;18:31:00;472;sem vítima;45;BR-153/MG;Sul;Capotamento;;;;;;;;;;1;1;;;;
25/01/2019;18:39:00;477;sem vítima;501;BR-153/GO;Sul;Engavetamento;3;;;;;;;;;;5;;;;
25/01/2019;22:56:00;576;com vítima;562,671;BR-262/MG;Leste;Atropelamento - Andarilho;;;;;;1;;;;;1;;1;;
25/01/2019;23:10:00;580;com vítima;685;BR-262/MG;Leste;Colisão Lateral;1;;1;;;;;;;;1;1;;;
26/01/2019;05:33:00;53;com vítima;607,947;BR-262/MG;Leste;Tombamento;;;1;;;;;;;;1;;1;;
26/01/2019;10:13:00;166;sem vítima;584;BR-262/MG;Leste;Saida de Pista;1;;;;;;;;;;1;;;;
26/01/2019;11:08:00;193;sem vítima;91,8;BR-060/GO;Norte;Choque - Elemento de Drenagem;;;1;;;;;;;;1;;;;
26/01/2019;11:09:00;195;com vítima;584;BR-262/MG;Leste;Colisão Traseira;1;;;;;;;;;1;7;1;;;
26/01/2019;12:02:00;216;sem vítima;74,9;BR-060/GO;Norte;Choque - Elemento de Drenagem;1;;;;;;;;;;1;;;;
26/01/2019;12:17:00;223;sem vítima;54;BR-060/GO;Norte;Choque - Elemento de Drenagem;1;;;;;;;;;;1;;;;
26/01/2019;12:59:00;253;sem vítima;28;BR-060/DF;Norte;Capotamento;1;;;;;;;;;;3;;;;
26/01/2019;13:36:00;273;sem vítima;494;BR-153/GO;Sul;Queda de Moto;;;;1;;;;;;;2;;;;
26/01/2019;13:49:00;278;com vítima;3;BR-060/DF;Norte;Colisão Traseira;;;;1;;;;;;1;1;1;;;
26/01/2019;14:39:00;296;sem vítima;426,5;BR-262/MG;Leste;Saida de Pista;1;;;;;;;;;;1;;;;
26/01/2019;14:47:00;300;sem vítima;515,6;BR-153/GO;Sul;Capotamento;1;;;;;;;;;;2;;;;
26/01/2019;14:58:00;307;sem vítima;422;BR-262/MG;Leste;Saida de Pista;1;;;;;;;;;;1;;;;
26/01/2019;15:37:00;325;sem vítima;507;BR-153/GO;Norte;Choque - Elemento de Drenagem;1;;;;;;;;;;1;;;;
26/01/2019;16:20:00;349;sem vítima;547;BR-153/GO;Norte;Colisão Lateral;2;;;;;;;;;;6;;;;
26/01/2019;17:06:00;370;com vítima;492,001;BR-153/GO;Sul;Queda de Moto;;;;1;;;;;;;0;;1;;
26/01/2019;17:21:00;378;sem vítima;383;BR-262/MG;Oeste;Saida de Pista;1;;;;;;;;;;1;;;;
26/01/2019;17:44:00;390;sem vítima;450,5;BR-262/MG;Oeste;Saida de Pista;1;;;;;;;;;;1;;;;
26/01/2019;18:05:00;399;sem vítima;386,072;BR-262/MG;Oeste;Saida de Pista;1;;;;;;;;;;1;;;;
26/01/2019;18:15:00;403;sem vítima;131,8;BR-153/MG;Sul;Choque - Suporte de Sinalização;;;1;;;;;;;;1;;;;
26/01/2019;18:45:00;415;sem vítima;380;BR-262/MG;Oeste;Capotamento;1;;;;;;;;;;1;;;;
26/01/2019;18:50:00;417;com vítima;380,1;BR-262/MG;Leste;Choque - Elemento de Drenagem;1;;;;;;;;;;2;1;;;
26/01/2019;19:09:00;423;com vítima;17;BR-153/MG;Sul;Atropelamento - Ciclista;;1;1;;;;;;;;1;;;;1
26/01/2019;22:05:00;482;sem vítima;588,1;BR-153/GO;Norte;Saida de Pista;1;;;;;;;;;;1;;;;
26/01/2019;22:45:00;494;sem vítima;94,7;BR-060/GO;Norte;Colisão Traseira;2;;;;;;;;;;2;;;;
26/01/2019;23:37:00;504;com vítima;10,199;BR-060/GO;Norte;Capotamento;1;;;;;;;;;;0;1;;;
27/01/2019;02:45:00;27;com vítima;499,8;BR-153/GO;Sul;Choque - Defensa, barreira ou "submarino";;;;;1;;;;;;32;11;;;2
27/01/2019;07:25:00;59;sem vítima;611;BR-153/GO;Norte;Colisão Traseira;2;;;;;;;;;;7;;;;
27/01/2019;11:31:00;166;sem vítima;17,8;BR-060/GO;Norte;Saida de Pista;1;;;;;;;;;;1;;;;
27/01/2019;16:04:00;254;sem vítima;501;BR-153/GO;Sul;Capotamento;1;;;;;;;;;;1;;;;
27/01/2019;16:15:00;263;sem vítima;499,9;BR-153/GO;Sul;Colisão Lateral;1;;1;;;;;;;;5;;;;
27/01/2019;17:02:00;283;sem vítima;499,9;BR-153/GO;Sul;Colisão Traseira;2;;;;;;;;;;2;;;;
27/01/2019;17:22:00;292;sem vítima;502;BR-153/GO;Norte;Colisão Lateral;1;;;1;;;;;;;2;;;;
27/01/2019;17:56:00;312;com vítima;473;BR-262/MG;Oeste;Colisão Traseira;2;;;;;;;;;;3;1;;;
27/01/2019;17:58:00;313;com vítima;695,8;BR-153/GO;Norte;Queda de Moto;;;;1;;;;;;;0;1;;;
27/01/2019;18:04:00;316;sem vítima;457;BR-262/MG;Oeste;Colisão Traseira;2;;;;;;;;;;5;;;;
27/01/2019;18:09:00;322;sem vítima;26,001;BR-060/DF;Sul;Capotamento;1;;;;;;;;;;1;;;;
27/01/2019;18:19:00;326;sem vítima;5;BR-060/DF;Norte;;1;;;;;;;;;;1;;;;
27/01/2019;18:53:00;342;sem vítima;465,37;BR-262/MG;Leste;Colisão Traseira;2;;;;;;;;;;5;;;;
27/01/2019;22:20:00;438;sem vítima;12,699;BR-153/MG;Sul;Saida de Pista;;;;;;;;;;1;4;;;;
28/01/2019;09:33:00;130;com vítima;363;BR-262/MG;Oeste;Capotamento;;;;;;;;;;1;0;3;1;;
28/01/2019;10:25:00;151;com vítima;505;BR-153/GO;Norte;Engavetamento;3;;;;;;;;;;3;1;1;;
28/01/2019;13:51:00;229;sem vítima;117;BR-060/GO;Sul;;;;;1;;;;;;;1;;;;
28/01/2019;14:26:00;242;sem vítima;59,5;BR-060/GO;Norte;Colisão Lateral;1;;;;;;;;;;1;;;;
28/01/2019;14:55:00;261;sem vítima;675;BR-262/MG;Leste;Colisão Lateral;;;2;;;;;;;;2;;;;
28/01/2019;18:26:00;366;com vítima;498;BR-153/GO;Sul;Engavetamento;3;;;;;;;;;;3;1;;;
28/01/2019;23:32:00;452;com vítima;58;BR-153/MG;Norte;Colisão Lateral;;;2;;;;;;;;1;;1;;
29/01/2019;01:52:00;19;com vítima;384;BR-262/MG;Leste;Tombamento;;;1;;;;;;;;0;2;;;
29/01/2019;10:02:00;184;sem vítima;745;BR-262/MG;Leste;Engavetamento;;;3;;;;;;;;3;;;;
29/01/2019;11:07:00;223;sem vítima;8,65;BR-060/GO;Sul;Queda de Moto;;;;1;;;;;;;2;;;;
29/01/2019;12:33:00;270;sem vítima;107;BR-060/GO;Norte;Colisão Traseira;1;;1;;;;;;;;6;;;;
29/01/2019;13:34:00;292;com vítima;683,4;BR-153/GO;Sul;Capotamento;1;;;;;;;;;;1;1;1;;
29/01/2019;14:42:00;323;sem vítima;2;BR-060/DF;Norte;Colisão Lateral;1;;;1;;;;;;;2;;;;
29/01/2019;17:55:00;435;sem vítima;727;BR-262/MG;Oeste;Colisão Traseira;;;2;;;;;;;;2;;;;
29/01/2019;20:46:00;516;com vítima;1,1;BR-060/DF;Norte;Atropelamento - Andarilho;;;;1;;;;;;;0;1;1;;1
29/01/2019;21:54:00;538;sem vítima;4;BR-060/DF;Sul;Colisão Lateral;2;;;;;;;;;;2;;;;
29/01/2019;22:24:00;540;sem vítima;448,8;BR-262/MG;Oeste;Colisão Traseira;;;;;;1;;;;1;2;;;;
30/01/2019;00:59:00;9;com vítima;117;BR-060/GO;Norte;Atropelamento - Andarilho;1;;;;;;;;;;1;;1;;
30/01/2019;06:45:00;51;sem vítima;446,57;BR-262/MG;Leste;Colisão Transversal;1;;;1;;;;;;;2;;;;
30/01/2019;09:14:00;115;sem vítima;514;BR-153/GO;Norte;Colisão Transversal;2;;;;;;;;;;2;;;;
30/01/2019;10:21:00;156;sem vítima;46;BR-153/MG;Norte;Tombamento;;;1;;;;;;;;1;;;;
30/01/2019;10:55:00;172;sem vítima;57,2;BR-153/MG;Sul;Saida de Pista;1;;;;;;;;;;1;;;;
30/01/2019;15:28:00;304;com vítima;94,3;BR-060/GO;Sul;Queda de Moto;;;;1;;;;;;;0;2;;;
30/01/2019;23:54:00;561;sem vítima;63,799;BR-060/GO;Sul;Colisão Traseira;1;;;;;;;;;;1;;;;
31/01/2019;02:33:00;40;sem vítima;40,1;BR-060/GO;Sul;Saida de Pista;1;;;;;;;;;;1;;;;
31/01/2019;09:11:00;156;com vítima;121,5;BR-060/GO;Sul;Colisão Frontal;1;;;;1;;;;;;5;;1;;
31/01/2019;09:33:00;163;sem vítima;506;BR-153/GO;Sul;Colisão Traseira;2;;;;;;;;;;2;;;;
31/01/2019;12:37:00;262;sem vítima;640;BR-153/GO;Norte;Colisão Traseira;1;;1;;;;;;;;2;;;;
31/01/2019;12:45:00;266;sem vítima;376;BR-262/MG;Leste;Saida de Pista;1;;;;;;;;;;1;;;;
31/01/2019;16:43:00;377;sem vítima;12,6;BR-060/DF;Sul;Capotamento;1;;;;;;;;;;1;;;;
31/01/2019;16:50:00;387;com vítima;58;BR-153/MG;Norte;Tombamento;;;1;;;;;;;;0;1;;;
31/01/2019;16:56:00;392;sem vítima;525;BR-262/MG;Leste;Colisão Traseira;;;2;;;;;;;;2;;;;
31/01/2019;17:09:00;396;sem vítima;41,2;BR-060/GO;Sul;Saida de Pista;1;;;;;;;;;;1;;;;
31/01/2019;19:18:00;471;sem vítima;1;BR-060/DF;Sul;Colisão Traseira;2;;;;;;;;;;2;;;;
31/01/2019;21:10:00;542;sem vítima;571;BR-262/MG;Leste;Saida de Pista;1;;;;;;;;;;1;;;;
31/01/2019;21:10:00;542;sem vítima;571;BR-262/MG;Leste;Saida de Pista;1;;;;;;;;;;1;;;;
01/02/2019;07:28:00;80;sem vítima;437;BR-262/MG;Oeste;Colisão Traseira;1;;;1;;;;;;;5;;;;
01/02/2019;14:49:00;337;sem vítima;431,5;BR-262/MG;Leste;Capotamento;1;;;;;;;;;;2;;;;
01/02/2019;14:53:00;342;com vítima;97,5;BR-060/GO;Sul;Colisão Traseira;2;;;;;;;;;;2;2;;;
01/02/2019;16:23:00;389;com vítima;494,15;BR-153/GO;Norte;Atropelamento - Ciclista;1;1;;;;;;;;;1;1;;;
02/02/2019;01:53:00;20;com vítima;39;BR-060/GO;Sul;Capotamento;1;;;;;;;;;;0;2;;;
02/02/2019;09:48:00;174;sem vítima;855,5;BR-262/MG;Leste;Saida de Pista;1;;;;;;;;;;1;;;;
02/02/2019;13:11:00;272;sem vítima;53,2;BR-060/GO;Sul;Capotamento;1;;;;;;;;;;1;;;;
02/02/2019;15:52:00;352;sem vítima;114;BR-153/MG;Sul;Colisão Frontal;;;3;;;;;;;;5;;;;
02/02/2019;17:51:00;403;sem vítima;4;BR-060/DF;Sul;Capotamento;1;;;;;;;;;;1;;;;
02/02/2019;19:00:00;436;sem vítima;14,3;BR-060/GO;Sul;Tombamento;1;;1;;;;;;;;2;;;;
02/02/2019;21:34:00;506;sem vítima;4,3;BR-060/DF;Sul;Colisão Traseira;2;;;;;;;;;;2;;;;
03/02/2019;08:01:00;105;sem vítima;360,266;BR-262/MG;Oeste;Colisão Lateral;1;;1;;;;;;;;2;;;;
03/02/2019;08:03:00;107;com vítima;497;BR-153/GO;Norte;Queda de Moto;;;;1;;;;;;;1;1;;;
03/02/2019;08:54:00;131;com vítima;138;BR-060/GO;Norte;Colisão Frontal;1;;;1;;;;;;;3;1;;;
03/02/2019;10:16:00;160;sem vítima;42;BR-153/MG;Norte;Choque - Suporte de Sinalização;;;;;;;;;;1;1;;;;
03/02/2019;10:35:00;170;sem vítima;26;BR-153/MG;Sul;Colisão Traseira;2;;;;;;;;;;8;;;;
03/02/2019;11:46:00;191;sem vítima;657;BR-262/MG;Leste;Colisão Lateral;;;2;;;;;;;;2;;;;
03/02/2019;11:50:00;193;sem vítima;568,067;BR-262/MG;Oeste;Queda de Moto;;;;1;;;;;;;2;;;;
03/02/2019;12:04:00;200;sem vítima;566;BR-262/MG;Leste;Saida de Pista;1;;;;;;;;;;2;;;;
03/02/2019;17:50:00;374;sem vítima;493;BR-153/GO;Norte;Queda de Ciclista;;;;1;;;;;;;1;;;;
03/02/2019;18:31:00;402;com vítima;429;BR-262/MG;Leste;Colisão Transversal;1;;;1;;;;;;;0;2;;;
03/02/2019;18:55:00;416;com vítima;653,5;BR-262/MG;Oeste;Saida de Pista;1;;;;;;;;;;0;1;;;
03/02/2019;18:56:00;419;sem vítima;31,6;BR-060/GO;Sul;Colisão Frontal;2;;;;;;;;;;2;;;;
03/02/2019;19:46:00;452;sem vítima;133,9;BR-060/GO;Norte;Engavetamento;5;;;;;;;;;;6;;;;
03/02/2019;20:34:00;482;com vítima;665,2;BR-153/GO;Sul;Capotamento;1;;1;;;;;;;;0;1;;;1
03/02/2019;21:27:00;508;sem vítima;371;BR-262/MG;Oeste;Saida de Pista;1;;;;;;;;;;3;;;;
03/02/2019;22:11:00;526;com vítima;30,199;BR-060/DF;Sul;Atropelamento - Morador;;;;1;;;;;;;1;;;1;1
04/02/2019;04:32:00;55;sem vítima;703,1;BR-153/GO;Sul;Colisão Lateral;;;3;;;;;;;;3;;;;
04/02/2019;08:11:00;121;sem vítima;378;BR-262/MG;Oeste;Saida de Pista;1;;;;;;;;;;1;;;;
04/02/2019;11:00:00;239;com vítima;220,8;BR-153/MG;Sul;Colisão Frontal;;;1;;;;;;;1;1;;;;1
04/02/2019;11:10:00;244;com vítima;511,4;BR-153/GO;Norte;Choque - Veiculo parado na pista;;;2;;;;;;;;1;;1;;
04/02/2019;11:17:00;247;sem vítima;385;BR-262/MG;Oeste;Capotamento;1;;;;;;;;;;1;;;;
04/02/2019;12:22:00;266;sem vítima;128;BR-153/MG;Sul;Colisão Traseira;;;2;;;;;;;;2;;;;
04/02/2019;16:48:00;365;sem vítima;500;BR-153/GO;Sul;Colisão Traseira;2;;;;;;;;;;4;;;;
04/02/2019;17:41:00;394;com vítima;16,3;BR-153/MG;Sul;Capotamento;1;;;;;;;;;;1;1;;;
04/02/2019;19:29:00;439;sem vítima;498,065;BR-153/GO;Norte;Saida de Pista;1;;;;;;;;;;2;;;;
05/02/2019;07:30:00;73;sem vítima;506,2;BR-153/GO;Sul;Choque - Suporte de Sinalização;1;;;;;;;;;;1;;;;
05/02/2019;07:55:00;88;com vítima;492,2;BR-153/GO;Sul;Colisão Lateral;1;;;1;;;;;;;1;1;;;
05/02/2019;15:44:00;330;sem vítima;14;BR-060/DF;Norte;Saida de Pista;;;;;;;;;;1;1;;;;
05/02/2019;16:39:00;356;sem vítima;1;BR-060/GO;Sul;Tombamento;1;;;;;;;;;;4;;;;
05/02/2019;18:22:00;411;com vítima;494;BR-153/GO;Sul;Engavetamento;2;;;1;;;;;;;2;1;;;
05/02/2019;22:07:00;512;sem vítima;22,2;BR-060/GO;Sul;Tombamento;;;1;;;1;;;;;2;;;;
05/02/2019;23:42:00;545;sem vítima;497,9;BR-153/GO;Norte;Choque - Suporte de Sinalização;1;;;;;;;;;;1;;;;
06/02/2019;06:36:00;49;sem vítima;356,3;BR-262/MG;Oeste;Tombamento;;;2;;;;;;;;2;;;;
06/02/2019;06:52:00;53;com vítima;506;BR-153/GO;Norte;Atropelamento - Ciclista;;1;;1;;;;;;;0;2;;;
06/02/2019;06:36:00;63;sem vítima;356,5;BR-262/MG;Oeste;Choque - Defensa, barreira ou "submarino";;;1;;;;;;;;1;;;;
06/02/2019;07:13:00;64;sem vítima;479;BR-262/MG;Oeste;Colisão Lateral;1;;1;;;;;;;;2;;;;
06/02/2019;08:12:00;84;com vítima;501,4;BR-153/GO;Sul;Queda de Moto;;;;1;;;;;;;1;1;;;