data;horario;n_da_ocorrencia;tipo_de_ocorrencia;km;trecho;sentido;tipo_de_acidente;automovel;bicicleta;caminhao;moto;onibus;outros;tracao_animal;transporte_de_cargas_especiais;trator_maquinas;utilitarios;ilesos;levemente_feridos;moderadamente_feridos;gravemente_feridos;mortos
06/02/2019;08:39:00;94;sem vítima;42,3;BR-153/MG;Norte;Colisão Traseira;;;2;;;;;;;;2;;;;
06/02/2019;09:09:00;116;sem vítima;509,3;BR-153/GO;Norte;Colisão Traseira;2;;;;;;;;;;2;;;;
06/02/2019;09:37:00;132;sem vítima;525;BR-262/MG;Oeste;Colisão Traseira;;;2;;;;;;;;2;;;;
06/02/2019;10:49:00;161;com vítima;381;BR-262/MG;Oeste;Capotamento;1;;;;;;;;;;0;1;;;
06/02/2019;12:22:00;214;sem vítima;13,6;BR-060/GO;Norte;Saida de Pista;1;;;;;;;;;;1;;;;
06/02/2019;12:51:00;223;sem vítima;608;BR-262/MG;Oeste;Saida de Pista;1;;;;;;;;;;1;;;;
06/02/2019;13:24:00;235;com vítima;381,5;BR-262/MG;Leste;Capotamento;1;;;;;;;;;;0;1;;;
06/02/2019;14:58:00;277;sem vítima;581;BR-262/MG;Oeste;Tombamento;;;1;;;;;;;;2;;;;
06/02/2019;15:15:00;286;sem vítima;586;BR-262/MG;Leste;Saida de Pista;1;;;;;;;;;;1;;;;
06/02/2019;15:26:00;290;sem vítima;584;BR-262/MG;Leste;Tombamento;1;;;;;;;;;;1;;;;
06/02/2019;17:36:00;353;sem vítima;500,2;BR-153/GO;Sul;Colisão Traseira;;;1;;;;;;;1;2;;;;
07/02/2019;07:15:00;55;com vítima;364;BR-262/MG;Oeste;Capotamento;1;;;;;;;;;;0;;1;;
07/02/2019;08:47:00;101;sem vítima;584;BR-262/MG;Leste;Saida de Pista;1;;;;;;;;;;1;;;;
07/02/2019;09:31:00;122;sem vítima;65,5;BR-153/MG;Sul;Choque - Defensa, barreira ou "submarino";;;1;;;;;;;;2;;;;
07/02/2019;10:03:00;137;com vítima;585;BR-262/MG;Oeste;Capotamento;;;;;;;;;;1;0;;1;;
07/02/2019;11:00:00;167;sem vítima;10,5;BR-153/MG;Norte;Capotamento;1;;;;;;;;;;1;;;;
07/02/2019;12:03:00;196;com vítima;567;BR-153/GO;Norte;Capotamento;1;;;;;;;;;;1;1;;;
07/02/2019;13:02:00;225;com vítima;56,9;BR-153/MG;Sul;Tombamento;;;1;;;;;;;;0;1;;;
07/02/2019;14:31:00;262;sem vítima;388;BR-262/MG;Oeste;Saida de Pista;;;1;;;;;;;;1;;;;
07/02/2019;21:31:00;468;sem vítima;585;BR-262/MG;Leste;Queda de Moto;;;;1;;;;;;;1;;;;
08/02/2019;00:59:00;15;com vítima;534;BR-153/GO;Sul;Atropelamento - Andarilho;;;1;;;;;;;;1;;;;1
08/02/2019;05:46:00;67;sem vítima;569;BR-262/MG;Leste;Tombamento;;;1;;;;;;;;1;;;;
08/02/2019;06:34:00;76;sem vítima;556;BR-262/MG;Leste;Colisão Lateral;1;;1;;;;;;;;2;;;;
08/02/2019;07:23:00;88;sem vítima;506,2;BR-153/GO;Norte;Colisão Traseira;2;;;;;;;;;;3;;;;
08/02/2019;08:20:00;119;sem vítima;506,4;BR-153/GO;Norte;Colisão Traseira;2;;;;;;;;;;2;;;;
08/02/2019;08:27:00;125;sem vítima;424;BR-262/MG;Leste;Saida de Pista;1;;;;;;;;;;1;;;;
08/02/2019;09:04:00;150;sem vítima;705;BR-262/MG;Oeste;Colisão Traseira;1;;1;;;;;;;;2;;;;
08/02/2019;11:53:00;227;sem vítima;558,5;BR-153/GO;Sul;Capotamento;1;;;;;;;;;;1;;;;
08/02/2019;14:49:00;307;sem vítima;72;BR-060/GO;Sul;Tombamento;;;1;;;;;;;;1;;;;
08/02/2019;15:01:00;309;com vítima;4,5;BR-153/MG;Norte;Capotamento;2;;;;;;;;;;1;1;;;
08/02/2019;15:09:00;311;sem vítima;568,5;BR-262/MG;Leste;Tombamento;;;1;;;;;;;;2;;;;
08/02/2019;15:18:00;315;sem vítima;95;BR-060/GO;Norte;Colisão Lateral;;;1;;;;;;;1;3;;;;
08/02/2019;16:27:00;350;sem vítima;68,3;BR-060/GO;Norte;Choque - Outros;1;;;;;;;;;;1;;;;
08/02/2019;16:46:00;357;com vítima;630;BR-262/MG;Oeste;Tombamento;;;1;;;;;;;;0;1;;;
08/02/2019;20:41:00;477;com vítima;92;BR-060/GO;Sul;Atropelamento - Ciclista;1;1;;;;;;;;;1;1;;;
08/02/2019;20:53:00;482;com vítima;97,599;BR-060/GO;Norte;Colisão Lateral;;;;2;;;;;;;0;3;;;
09/02/2019;00:10:00;5;com vítima;35,299;BR-060/GO;Norte;Capotamento;1;;;;;;;;;;2;;1;;
09/02/2019;01:49:00;18;com vítima;446,071;BR-262/MG;Oeste;Atropelamento - Morador;;;1;;;;;;;;1;;;;1
09/02/2019;06:07:00;54;com vítima;472,5;BR-262/MG;Leste;Colisão Frontal;3;;;;;;;;;;1;;2;;
09/02/2019;06:32:00;60;sem vítima;115,9;BR-060/GO;Sul;Queda de Moto;;;;1;;;;;;;1;;;;
09/02/2019;07:36:00;70;com vítima;620,87;BR-262/MG;Oeste;Choque - Outros;1;;;;;;;;;;0;;;;1
09/02/2019;10:15:00;150;sem vítima;3,1;BR-153/MG;Sul;Capotamento;;;;;;;;;;1;3;;;;
09/02/2019;11:38:00;193;com vítima;508,4;BR-153/GO;Norte;Colisão Traseira;;;1;1;;;;;;;2;1;1;;
09/02/2019;15:07:00;281;sem vítima;521,5;BR-153/GO;Sul;Colisão Lateral;1;;1;;;;;;;;5;;;;
09/02/2019;17:40:00;360;sem vítima;520;BR-262/MG;Leste;Colisão Lateral;1;;1;;;;;;;;2;;;;
09/02/2019;18:05:00;375;sem vítima;360;BR-262/MG;Leste;Saida de Pista;1;;;;;;;;;;1;;;;
09/02/2019;18:54:00;396;com vítima;819;BR-262/MG;Oeste;Choque - Defensa, barreira ou "submarino";1;;;;;;;;;;0;4;;;
09/02/2019;19:37:00;408;com vítima;137;BR-060/GO;Sul;Colisão Frontal;2;;;;;;;;;;0;3;2;;
09/02/2019;22:59:00;481;sem vítima;433,168;BR-262/MG;Oeste;Capotamento;1;;;;;;;;;;1;;;;
10/02/2019;00:19:00;2;sem vítima;391;BR-262/MG;Oeste;Colisão Lateral;1;;1;;;;;;;;2;;;;
10/02/2019;05:04:00;42;com vítima;534,7;BR-153/GO;Sul;Capotamento;1;;;;;1;;;;;1;1;;;
10/02/2019;06:22:00;48;sem vítima;409;BR-262/MG;Oeste;Saida de Pista;1;;;;;;;;;;1;;;;
10/02/2019;07:41:00;71;sem vítima;608;BR-262/MG;Oeste;Saida de Pista;1;;;;;;;;;;4;;;;
10/02/2019;08:08:00;89;com vítima;376,5;BR-262/MG;Oeste;Queda de Ciclista;;;;1;;;;;;;0;;1;;
10/02/2019;10:11:00;139;sem vítima;375,5;BR-262/MG;Leste;Choque - Talude;1;;;;;;;;;;1;;;;
10/02/2019;10:47:00;158;com vítima;625,5;BR-262/MG;Leste;Capotamento;;;;;;;;;;1;0;2;;;
10/02/2019;11:59:00;193;com vítima;606;BR-262/MG;Leste;Capotamento;1;;;;;;;;;;0;1;;;
10/02/2019;13:05:00;230;com vítima;15,599;BR-060/DF;Sul;Capotamento;1;;;;;;;;;;0;;1;;1
10/02/2019;15:23:00;283;sem vítima;46,9;BR-060/GO;Norte;Choque - Talude;1;;;;;;;;;;1;;;;
10/02/2019;16:40:00;318;sem vítima;73,3;BR-060/GO;Norte;Choque - Elemento de Drenagem;1;;;;;;;;;;1;;;;
10/02/2019;16:58:00;327;sem vítima;508,9;BR-153/GO;Sul;Colisão Traseira;2;;;;;;;;;;3;;;;
10/02/2019;17:31:00;344;sem vítima;3;BR-060/DF;Sul;Choque - Arvore;1;;;;;;;;;;4;;;;
10/02/2019;18:12:00;361;sem vítima;361,069;BR-262/MG;Leste;Saida de Pista;1;;;;;;;;;;1;;;;
10/02/2019;18:27:00;364;sem vítima;220;BR-153/MG;Norte;Colisão Lateral;1;;;1;;;;;;;5;;;;
10/02/2019;18:33:00;365;sem vítima;45;BR-153/MG;Sul;Capotamento;1;;;;;;;;;;2;;;;
10/02/2019;18:50:00;374;sem vítima;45;BR-153/MG;Sul;Choque - Defensa, barreira ou "submarino";1;;;;;;;;;;1;;;;
10/02/2019;19:31:00;401;sem vítima;373;BR-262/MG;Leste;Colisão Lateral;1;;;;;1;;;;;2;;;;
10/02/2019;19:51:00;412;sem vítima;50,5;BR-153/MG;Sul;Saida de Pista;1;;;;;;;;;;1;;;;
10/02/2019;20:48:00;441;sem vítima;418;BR-262/MG;Oeste;Colisão Traseira;2;;;;;;;;;;6;;;;
10/02/2019;20:54:00;445;sem vítima;537;BR-153/GO;Norte;Saida de Pista;;;1;;;;;;;;1;;;;
10/02/2019;23:38:00;470;com vítima;522,9;BR-153/GO;Norte;Choque - Outros;1;;;;;;;;;;0;;1;;
11/02/2019;02:21:00;23;com vítima;5;BR-060/GO;Sul;Capotamento;1;;;;;;;;;;0;1;;;
11/02/2019;04:35:00;29;sem vítima;4;BR-060/DF;Sul;Saida de Pista;1;;;;;;;;;;1;;;;
11/02/2019;06:47:00;46;sem vítima;446;BR-262/MG;Oeste;Atropelamento - Andarilho;1;;;;;;;;;;2;;;;
11/02/2019;07:17:00;54;com vítima;507,8;BR-153/GO;Norte;Colisão Traseira;1;;;1;;;;;;;1;1;;;
11/02/2019;09:07:00;116;sem vítima;686;BR-153/GO;Norte;Colisão Lateral;;;1;;;;;;;1;2;;;;
11/02/2019;09:34:00;130;sem vítima;36,4;BR-060/GO;Sul;Colisão Lateral;1;;1;;;;;;;;2;;;;
11/02/2019;15:41:00;305;com vítima;507,9;BR-153/GO;Sul;Atropelamento - Usuário;1;;;;;;;;;;1;1;;;
11/02/2019;16:07:00;319;sem vítima;538;BR-262/MG;Oeste;Choque - Elemento de Drenagem;1;;;;;;;;;;1;;;;
11/02/2019;16:33:00;333;sem vítima;137,3;BR-060/GO;Norte;Colisão Traseira;1;;1;;;;;;;;3;;;;
11/02/2019;17:16:00;353;sem vítima;1,1;BR-060/GO;Norte;Choque - Elemento de Drenagem;1;;;;;;;;;;1;;;;
11/02/2019;17:53:00;372;sem vítima;58;BR-153/MG;Sul;Choque - Talude;;;1;;;;;;;;1;;;;
11/02/2019;18:04:00;377;sem vítima;502,9;BR-153/GO;Sul;Colisão Traseira;2;;;;;;;;;;2;;;;
11/02/2019;19:23:00;420;sem vítima;58;BR-153/MG;Sul;Capotamento;;;1;;;;;;;;2;;;;
12/02/2019;02:50:00;30;com vítima;617,399;BR-153/GO;Sul;Atropelamento de Animal;1;;;;;;;;;;0;1;;;
12/02/2019;07:36:00;80;sem vítima;368,489;BR-262/MG;Oeste;Choque - Defensa, barreira ou "submarino";1;;;;;;;;;;1;;;;
12/02/2019;08:03:00;89;sem vítima;364;BR-262/MG;Leste;Colisão Lateral;1;1;;;;;;;;;2;;;;
12/02/2019;10:32:00;193;sem vítima;610;BR-262/MG;Leste;Tombamento;;;1;;;;;;;;1;;;;
12/02/2019;15:34:00;312;sem vítima;233,8;BR-153/MG;Norte;Choque - Defensa, barreira ou "submarino";;;1;;;;;;;;1;;;;
12/02/2019;18:36:00;415;sem vítima;519,001;BR-153/GO;Norte;Choque - Elemento de Drenagem;1;;;;;;;;;;1;;;;
12/02/2019;20:35:00;459;sem vítima;519;BR-153/GO;Norte;Choque - Elemento de Drenagem;1;;;;;;;;;;2;;;;
12/02/2019;21:26:00;484;com vítima;522,2;BR-262/MG;Oeste;Colisão Traseira;1;;1;;;;;;;;1;1;;;
13/02/2019;07:18:00;65;sem vítima;530;BR-153/GO;Norte;Colisão Frontal;2;;;;;;;;;;3;;;;
13/02/2019;08:03:00;88;sem vítima;40,5;BR-153/MG;Sul;Capotamento;1;;;;;;;;;;3;;;;
13/02/2019;08:37:00;102;sem vítima;589,9;BR-153/GO;Sul;Colisão Traseira;;;2;;;;;;;;2;;;;
13/02/2019;08:57:00;119;com vítima;503;BR-153/GO;Norte;Queda de Moto;;;;1;;;;;;;0;2;;;
13/02/2019;12:02:00;218;com vítima;447;BR-262/MG;Oeste;Colisão Transversal;1;;;1;;;;;;;1;1;;;
13/02/2019;12:39:00;239;sem vítima;384,5;BR-262/MG;Oeste;Choque - Elemento de Drenagem;1;;;;;;;;;;1;;;;
13/02/2019;13:18:00;269;com vítima;513,7;BR-153/GO;Norte;Queda de Moto;;;;1;;;;;;;0;;;1;
13/02/2019;15:31:00;332;sem vítima;524,3;BR-153/GO;Sul;Saida de Pista;1;;;;;;;;;;1;;;;
13/02/2019;16:16:00;360;sem vítima;511;BR-153/GO;Sul;Colisão Traseira;1;;1;;;;;;;;2;;;;
13/02/2019;16:57:00;379;com vítima;558;BR-153/GO;Norte;Capotamento;1;;;;;;;;;;1;2;;;
13/02/2019;17:16:00;388;sem vítima;558,1;BR-153/GO;Norte;Saida de Pista;1;;;;;;;;;;1;;;;
13/02/2019;19:03:00;462;com vítima;594,8;BR-262/MG;Leste;Saida de Pista;;;1;;;;;;;;0;;;1;
14/02/2019;00:12:00;4;com vítima;10,85;BR-060/GO;Sul;Colisão Traseira;;;2;;;;;;;;1;;;;1
14/02/2019;07:17:00;61;com vítima;137;BR-060/GO;Sul;Atropelamento - Morador;;;;1;;;;;;;0;;2;;
14/02/2019;07:42:00;66;com vítima;90,4;BR-060/GO;Sul;Colisão Traseira;2;;;;;;;;;;1;1;1;;
14/02/2019;08:17:00;84;sem vítima;620,22;BR-153/GO;Sul;Tombamento;1;;;;;;;;;;1;;;;
14/02/2019;12:01:00;242;sem vítima;575;BR-262/MG;Leste;Choque - Talude;1;;;;;;;;;;1;;;;
14/02/2019;13:51:00;290;com vítima;385;BR-262/MG;Oeste;Capotamento;1;;;;;;;;;;0;1;;;
14/02/2019;15:01:00;329;sem vítima;537,9;BR-262/MG;Leste;Colisão Transversal;1;;1;;;;;;;;2;;;;
14/02/2019;15:43:00;359;com vítima;96,5;BR-060/GO;Norte;Queda de Moto;;;;1;;;;;;;0;1;;;
15/02/2019;05:47:00;41;sem vítima;47,8;BR-060/GO;Norte;Choque - Elemento de Drenagem;1;;;;;;;;;;2;;;;
15/02/2019;06:30:00;48;com vítima;508,4;BR-153/GO;Sul;Choque - Veiculo parado na pista;2;;;;;;;;;;1;1;;;
15/02/2019;06:56:00;53;sem vítima;508,4;BR-153/GO;Sul;Colisão Traseira;1;;1;;;1;;;;;5;;;;
15/02/2019;08:02:00;76;sem vítima;687;BR-262/MG;Oeste;Queda de Moto;;;;1;;;;;;;1;;;;
15/02/2019;10:35:00;162;com vítima;388,255;BR-262/MG;Oeste;Colisão Transversal;2;;;;;;;;;;3;;1;;
15/02/2019;10:38:00;164;sem vítima;607,783;BR-262/MG;Oeste;Saida de Pista;;;1;;;;;;;;1;;;;
15/02/2019;10:49:00;170;sem vítima;466,089;BR-262/MG;Leste;Saida de Pista;1;;;;;;;;;;1;;;;
15/02/2019;15:18:00;293;sem vítima;31,3;BR-060/DF;Norte;Colisão Traseira;1;;1;;;;;;;;2;;;;
15/02/2019;17:35:00;380;com vítima;499;BR-153/GO;Sul;Colisão Lateral;;;;1;;;;;;;1;1;;;
15/02/2019;19:20:00;446;sem vítima;124;BR-153/MG;Sul;Choque - Elemento de Drenagem;;;;;;;;;;1;1;;;;
15/02/2019;19:54:00;463;sem vítima;740;BR-262/MG;Leste;Capotamento;1;;;;;;;;;;1;;;;
15/02/2019;23:04:00;547;com vítima;913;BR-262/MG;Oeste;Tombamento;;;1;;;;;;;;0;1;;;
16/02/2019;02:09:00;29;com vítima;5,2;BR-060/DF;Sul;Choque - Poste;1;;;;;;;;;;0;;1;;
16/02/2019;04:49:00;48;com vítima;498,5;BR-153/GO;Norte;Queda de Moto;;;;1;;;;;;;0;1;;;
16/02/2019;05:07:00;54;com vítima;492,4;BR-262/MG;Leste;Queda de Moto;;;;1;;;;;;;0;;;1;1
16/02/2019;05:50:00;58;com vítima;520;BR-153/GO;Norte;Choque - Elemento de Drenagem;1;;;;;;;;;;0;1;;;
16/02/2019;08:08:00;81;com vítima;104;BR-153/MG;Sul;Colisão Frontal;1;;1;;;;;;;;1;;;;2
16/02/2019;08:17:00;87;sem vítima;593,5;BR-262/MG;Leste;Capotamento;;;;;;;;;;1;1;;;;
16/02/2019;08:18:00;88;sem vítima;37,5;BR-153/MG;Sul;Saida de Pista;;;;;;;;;;1;1;;;;
16/02/2019;08:20:00;90;com vítima;27,5;BR-153/MG;Norte;Colisão Lateral;1;;1;;;;;;;;2;;1;;
16/02/2019;08:29:00;95;sem vítima;28,2;BR-153/MG;Norte;Capotamento;1;;;;;;;;;;1;;;;
16/02/2019;08:41:00;103;com vítima;361,37;BR-262/MG;Leste;Capotamento;1;;;;;;;;;;0;1;;;
16/02/2019;08:50:00;107;sem vítima;229,3;BR-153/MG;Norte;Capotamento;1;;;;;;;;;;3;;;;
16/02/2019;09:34:00;125;com vítima;901;BR-262/MG;Leste;Choque - Elemento de Drenagem;;;;;;;;;;1;0;1;;;
16/02/2019;09:49:00;134;sem vítima;510;BR-262/MG;Oeste;Saida de Pista;;;2;;;;;;;;2;;;;
16/02/2019;10:03:00;145;sem vítima;37,5;BR-153/MG;Sul;Choque - Veiculo parado na pista;2;;1;;;;;;;;4;;;;
16/02/2019;10:59:00;162;sem vítima;591;BR-153/GO;Sul;Choque - Elemento de Drenagem;1;;;;;;;;;;1;;;;
16/02/2019;11:25:00;169;sem vítima;571,05;BR-153/GO;Sul;Carreta deu L;;;1;;;;;;;;1;;;;
16/02/2019;12:16:00;184;com vítima;379;BR-262/MG;Leste;Capotamento;1;;;;;;;;;;0;2;;;
16/02/2019;15:18:00;254;sem vítima;402;BR-262/MG;Leste;Saida de Pista;1;;;;;;;;;;1;;;;
16/02/2019;15:29:00;264;com vítima;0,8;BR-060/GO;Norte;Capotamento;1;;;;;;;;;;2;1;1;1;
16/02/2019;17:21:00;311;sem vítima;519,899;BR-153/GO;Sul;Saida de Pista;1;;;;;;;;;;5;;;;
16/02/2019;17:22:00;312;com vítima;179,5;BR-153/MG;Sul;Choque - Talude;;;;;;;;;;1;0;;1;;
16/02/2019;18:13:00;327;com vítima;401,5;BR-262/MG;Oeste;Choque - Defensa, barreira ou "submarino";1;;;;;;;;;;1;;1;;
16/02/2019;19:04:00;339;sem vítima;25,5;BR-060/GO;Sul;Saida de Pista;1;;;;;;;;;;1;;;;
16/02/2019;19:06:00;340;com vítima;129,9;BR-153/MG;Norte;Colisão Lateral;;;2;;;;;;;;2;1;;;
16/02/2019;19:55:00;361;sem vítima;28,5;BR-060/GO;Norte;Choque - Suporte de Sinalização;1;;;;;;;;;;1;;;;
16/02/2019;21:14:00;380;sem vítima;503,985;BR-153/GO;Norte;Choque - Suporte de Sinalização;1;;;;;;;;;;1;;;;
16/02/2019;21:29:00;384;com vítima;95,7;BR-060/GO;Sul;Colisão Transversal;1;;;1;;;;;;;1;1;;;
16/02/2019;21:51:00;389;com vítima;452;BR-262/MG;Oeste;Tombamento;1;;;;;;;;;;0;1;;;
17/02/2019;01:10:00;16;sem vítima;34;BR-060/GO;Sul;Saida de Pista;1;;;;;;;;;;2;;;;
17/02/2019;03:33:00;26;sem vítima;505,8;BR-153/GO;Norte;Saida de Pista;1;;;;;;;;;;2;;;;
17/02/2019;08:04:00;68;sem vítima;119;BR-060/GO;Norte;Saida de Pista;1;;;;;;;;;;1;;;;
17/02/2019;08:31:00;79;sem vítima;558;BR-153/GO;Norte;Choque - Defensa, barreira ou "submarino";1;;;;;;;;;;1;;;;
17/02/2019;10:27:00;147;com vítima;28,5;BR-060/DF;Norte;Capotamento;1;;;;;;;;;;0;2;;;
17/02/2019;10:32:00;152;com vítima;584;BR-262/MG;Leste;Capotamento;1;;;;;;;;;;2;1;;;
17/02/2019;11:41:00;180;com vítima;530;BR-153/GO;Sul;Colisão Frontal;2;;;;;;;;;;1;;1;;
17/02/2019;11:42:00;181;sem vítima;80;BR-060/GO;Sul;Saida de Pista;1;;;;;1;;;;;2;;;;
17/02/2019;11:42:00;182;com vítima;594;BR-262/MG;Oeste;Colisão Traseira;;;2;;;;;;;;2;;1;;
17/02/2019;12:00:00;194;com vítima;608;BR-262/MG;Leste;Capotamento;1;;;;;;;;;;0;1;;;
17/02/2019;12:09:00;200;sem vítima;685;BR-153/GO;Sul;Colisão Lateral;1;;1;;;;;;;;2;;;;
17/02/2019;12:34:00;216;sem vítima;511;BR-153/GO;Sul;Carreta deu L;;;1;;;;;;;;1;;;;
17/02/2019;13:39:00;247;com vítima;380;BR-262/MG;Leste;Capotamento;1;;;;;;;;;;2;2;;;
17/02/2019;13:46:00;250;sem vítima;616,8;BR-153/GO;Norte;Capotamento;;;;;;;;;;1;4;;;;
17/02/2019;13:54:00;258;sem vítima;380;BR-262/MG;Leste;Choque - Elemento de Drenagem;1;;;;;;;;;;1;;;;
17/02/2019;14:14:00;270;com vítima;448;BR-262/MG;Oeste;Capotamento;1;;;;;;;;;;1;2;;;
17/02/2019;15:21:00;299;sem vítima;388;BR-262/MG;Oeste;Saida de Pista;1;;;;;;;;;;1;;;;
17/02/2019;17:32:00;365;sem vítima;41;BR-060/GO;Sul;Queda de Moto;;;;1;;;;;;;1;;;;
17/02/2019;18:19:00;392;sem vítima;380;BR-262/MG;Leste;Saida de Pista;1;;;;;;;;;;3;;;;
17/02/2019;18:54:00;404;sem vítima;382,37;BR-262/MG;Leste;Capotamento;1;;;;;;;;;;4;;;;
17/02/2019;21:03:00;473;sem vítima;109,3;BR-060/GO;Norte;Colisão Traseira;1;;1;;;;;;;;2;;;;
17/02/2019;21:28:00;482;sem vítima;396,567;BR-262/MG;Oeste;Saida de Pista;1;;;;;;;;;;1;;;;
18/02/2019;06:46:00;69;sem vítima;369;BR-262/MG;Oeste;Choque - Defensa, barreira ou "submarino";1;;;;;;;;;;1;;;;
18/02/2019;06:57:00;74;sem vítima;5;BR-060/DF;Sul;Tombamento;1;;;;;;;;;;1;;;;
18/02/2019;07:35:00;109;sem vítima;93;BR-060/GO;Norte;Choque - Defensa, barreira ou "submarino";1;;;;;;;;;;1;;;;
18/02/2019;07:41:00;112;sem vítima;385;BR-262/MG;Oeste;Capotamento;1;;;;;;;;;;1;;;;
18/02/2019;07:52:00;122;com vítima;124,8;BR-060/GO;Sul;Capotamento;1;;;;;;;;;;0;1;1;;
18/02/2019;13:27:00;345;sem vítima;101;BR-060/GO;Norte;Saida de Pista;1;;;;;;;;;;1;;;;
18/02/2019;13:33:00;347;sem vítima;608;BR-262/MG;Leste;Capotamento;1;;;;;;;;;;1;;;;
18/02/2019;13:42:00;351;sem vítima;385;BR-262/MG;Leste;Choque - Elemento de Drenagem;1;;;;;;;;;;3;;;;
18/02/2019;14:39:00;370;sem vítima;130;BR-153/MG;Norte;Colisão Traseira;2;;;;;;;;;;2;;;;
18/02/2019;15:18:00;389;sem vítima;401,5;BR-262/MG;Leste;Capotamento;1;;;;;;;;;;1;;;;
18/02/2019;16:25:00;418;sem vítima;526;BR-262/MG;Leste;Saida de Pista;1;;;;;;;;;;1;;;;
19/02/2019;02:09:00;21;com vítima;8,3;BR-060/DF;Norte;Colisão Traseira;;;2;;;;;;;;1;;;;1
19/02/2019;04:37:00;39;sem vítima;34,3;BR-153/MG;Sul;Saida de Pista;;;1;;;;;;;;1;;;;
19/02/2019;07:27:00;66;com vítima;494,1;BR-153/GO;Sul;Choque - Veiculo parado na pista;;;;1;;1;;;;;2;1;;;
19/02/2019;07:34:00;74;com vítima;137,8;BR-060/GO;Norte;Colisão Transversal;;;;2;;;;;;;1;1;;;
19/02/2019;10:07:00;198;sem vítima;129;BR-060/GO;Sul;Capotamento;1;;;;;;;;;;3;;;;
19/02/2019;11:42:00;260;sem vítima;539;BR-262/MG;Oeste;Saida de Pista;;;1;;;;;;;;1;;;;
19/02/2019;11:50:00;266;sem vítima;500,9;BR-153/GO;Sul;Colisão Traseira;1;;;1;;;;;;;2;;;;
19/02/2019;12:43:00;285;sem vítima;533;BR-153/GO;Sul;Carreta deu L;;;1;;;;;;;;1;;;;
19/02/2019;13:57:00;312;sem vítima;365;BR-262/MG;Leste;Colisão Traseira;1;;1;;;;;;;;2;;;;
19/02/2019;14:03:00;315;com vítima;114,5;BR-153/MG;Sul;Colisão Lateral;;;2;;;;;;;;1;1;;;
19/02/2019;17:06:00;400;sem vítima;41;BR-060/GO;Norte;Choque - Talude;1;;;;;;;;;;1;;;;
19/02/2019;17:10:00;402;sem vítima;549;BR-262/MG;Leste;Colisão Traseira;1;;1;;;;;;;;3;;;;
19/02/2019;22:18:00;509;sem vítima;540;BR-262/MG;Oeste;Saida de Pista;1;;;;;1;;;;;5;;;;
20/02/2019;06:20:00;71;com vítima;536,15;BR-153/GO;Sul;Capotamento;;;;;;;;;;1;2;1;;;
20/02/2019;10:29:00;249;com vítima;508;BR-153/GO;Sul;Colisão Lateral;;;;1;;;;;;1;1;1;;;
20/02/2019;11:02:00;272;sem vítima;159,8;BR-153/MG;Norte;Tombamento;;;1;;;;;;;;1;;;;
20/02/2019;12:15:00;308;com vítima;639;BR-153/GO;Norte;Capotamento;;;;;;;;;;1;0;;;1;
20/02/2019;13:01:00;340;sem vítima;700;BR-262/MG;Oeste;Saida de Pista;1;;1;;;;;;;;8;;;;
20/02/2019;13:13:00;345;sem vítima;362;BR-262/MG;Leste;Queda de Moto;;;;1;;;;;;;1;;;;
20/02/2019;13:37:00;354;sem vítima;594;BR-262/MG;Oeste;Tombamento;;;1;;;;;;;;1;;;;
20/02/2019;15:38:00;419;sem vítima;111,5;BR-060/GO;Norte;Choque - Elemento de Drenagem;;;1;;;;;;;;1;;;;
20/02/2019;16:54:00;451;sem vítima;815;BR-262/MG;Leste;Colisão Traseira;2;;;;;;;;;;2;;;;
20/02/2019;18:52:00;505;com vítima;472;BR-262/MG;Leste;Engavetamento;;;3;;;;;;;;2;1;;;
20/02/2019;21:24:00;569;sem vítima;762;BR-262/MG;Leste;Saida de Pista;;;1;;;;;;;;1;;;;
21/02/2019;00:54:00;8;sem vítima;63;BR-153/MG;Sul;Colisão Lateral;;;2;;;;;;;;3;;;;
21/02/2019;05:58:00;48;sem vítima;41,5;BR-060/GO;Norte;Saida de Pista;1;;;;;;;;;;4;;;;
21/02/2019;07:51:00;96;sem vítima;495,5;BR-153/GO;Sul;Engavetamento;4;;;;;;;;;;7;;;;
21/02/2019;08:20:00;113;com vítima;112,2;BR-153/MG;Sul;Colisão Frontal;;;3;;;;;;;;0;3;;;
21/02/2019;12:37:00;248;sem vítima;494,6;BR-153/GO;Sul;Engavetamento;1;;;;;;;;;2;3;;;;
21/02/2019;14:24:00;295;sem vítima;70,5;BR-153/MG;Norte;Tombamento;;;1;;;;;;;;1;;;;
21/02/2019;15:19:00;314;com vítima;30,2;BR-060/GO;Sul;Queda de Moto;;;;1;;;;;;;0;1;;;
21/02/2019;15:35:00;331;sem vítima;21,8;BR-153/MG;Norte;Saida de Pista;;;1;;;;;;;;2;;;;
21/02/2019;18:13:00;404;sem vítima;533;BR-153/GO;Sul;Capotamento;1;;;;;;;;;;2;;;;
21/02/2019;18:20:00;407;com vítima;97;BR-060/GO;Sul;Queda de Moto;;;;1;;;;;;;1;1;;;
21/02/2019;20:31:00;457;com vítima;703;BR-153/GO;Norte;Colisão Frontal;;;2;;;;;;;;0;;1;;1
22/02/2019;03:47:00;33;sem vítima;427;BR-262/MG;Oeste;Colisão Traseira;;;2;;;;;;;;2;;;;
22/02/2019;05:53:00;59;com vítima;2;BR-153/MG;Norte;Colisão Traseira;1;;;1;;;;;;;1;1;;;
22/02/2019;10:02:00;189;com vítima;781;BR-262/MG;Oeste;Choque - Talude;1;;;;;;;;;;0;1;;;