data;horario;n_da_ocorrencia;tipo_de_ocorrencia;km;trecho;sentido;tipo_de_acidente;automovel;bicicleta;caminhao;moto;onibus;outros;tracao_animal;transporte_de_cargas_especiais;trator_maquinas;utilitarios;ilesos;levemente_feridos;moderadamente_feridos;gravemente_feridos;mortos
22/02/2019;10:31:00;209;sem vítima;537,5;BR-153/GO;Norte;Saida de Pista;1;;;;;;;;;;2;;;;
22/02/2019;10:33:00;211;com vítima;511,4;BR-153/GO;Sul;Queda de Moto;;;;1;;;;;;;0;;1;;
22/02/2019;15:37:00;363;sem vítima;473,038;BR-262/MG;Oeste;Colisão Traseira;1;;;;;;;;;;3;;;;
22/02/2019;15:40:00;379;sem vítima;138;BR-060/GO;Norte;Choque - Poste;;;1;;;;;;;;1;;;;
22/02/2019;17:55:00;422;com vítima;509,001;BR-153/GO;Norte;Colisão Lateral;1;;;1;;;;;;;1;1;;1;
22/02/2019;22:31:00;545;sem vítima;588;BR-153/GO;Norte;Saida de Pista;1;;;;;;;;;;1;;;;
22/02/2019;23:58:00;570;sem vítima;408;BR-262/MG;Oeste;Choque - Objeto sobre a pista;;;;1;;;;;;;2;;;;
23/02/2019;02:00:00;26;com vítima;445;BR-262/MG;Leste;Queda de Moto;;;;1;;;;;;;1;;1;;
23/02/2019;08:01:00;87;com vítima;230;BR-153/MG;Norte;Choque - Defensa, barreira ou "submarino";1;;;;;;;;;;0;1;;;
23/02/2019;08:07:00;93;com vítima;510,4;BR-153/GO;Sul;Colisão Lateral;1;;;1;;;;;;;3;1;;;
23/02/2019;08:08:00;94;com vítima;504,3;BR-153/GO;Norte;Queda de Moto;;;1;1;;;;;;;1;2;;;
23/02/2019;08:26:00;107;sem vítima;502,9;BR-153/GO;Sul;Colisão Traseira;1;;;1;;;;;;;2;;;;
23/02/2019;09:00:00;129;sem vítima;468;BR-262/MG;Oeste;Colisão Traseira;1;;1;;;;;;;;2;;;;
23/02/2019;11:02:00;194;com vítima;46,5;BR-060/GO;Norte;Choque - Talude;1;;;;;;;;;;0;1;;;
23/02/2019;12:56:00;248;sem vítima;559,6;BR-262/MG;Oeste;Tombamento;;;1;;;;;;;;1;;;;
23/02/2019;14:03:00;283;sem vítima;89;BR-153/MG;Norte;Choque - Elemento de Drenagem;1;;;;;;;;;;1;;;;
23/02/2019;14:14:00;286;com vítima;630,6;BR-262/MG;Leste;Colisão Frontal;1;;1;;;;;;;;1;;;1;
23/02/2019;15:50:00;337;sem vítima;187;BR-153/MG;Norte;Choque - Talude;;;1;;;;;;;;1;;;;
23/02/2019;19:31:00;442;sem vítima;789;BR-262/MG;Leste;Saida de Pista;;;1;;;;;;;;1;;;;
23/02/2019;19:35:00;443;sem vítima;628,001;BR-262/MG;Leste;Saida de Pista;1;;;;;;;;;;1;;;;
23/02/2019;20:12:00;461;sem vítima;855,1;BR-262/MG;Oeste;Choque - Talude;1;;;;;;;;;;1;;;;
23/02/2019;22:10:00;510;sem vítima;35,2;BR-060/GO;Norte;Saida de Pista;1;;;;;;;;;;1;;;;
24/02/2019;00:17:00;5;com vítima;405,065;BR-262/MG;Oeste;Choque - Arvore;1;;;;;;;;;;0;;1;;1
24/02/2019;04:16:00;55;sem vítima;607,5;BR-262/MG;Oeste;Saida de Pista;1;;;;;;;;;;1;;;;
24/02/2019;04:22:00;58;sem vítima;645,5;BR-262/MG;Leste;Saida de Pista;1;;;;;;;;;;2;;;;
24/02/2019;07:18:00;91;com vítima;535,6;BR-153/GO;Sul;Queda de Moto;;;;1;;;;;;;0;2;;;
24/02/2019;10:18:00;169;com vítima;88,4;BR-060/GO;Sul;Choque - Suporte de Sinalização;;;;1;;;;;;;0;1;;;
24/02/2019;10:47:00;184;com vítima;78,1;BR-153/MG;Norte;Queda de Moto;;;;1;;;;;;;1;1;;;
24/02/2019;11:18:00;200;sem vítima;360;BR-262/MG;Leste;Colisão Lateral;2;;;;;;;;;;2;;;;
24/02/2019;14:02:00;267;com vítima;23,4;BR-060/GO;Sul;Capotamento;;;;;;;;;;1;1;3;1;;
24/02/2019;14:04:00;268;sem vítima;58;BR-153/MG;Sul;Tombamento;;;1;;;;;;;;1;;;;
24/02/2019;14:19:00;274;sem vítima;24,8;BR-060/GO;Sul;Choque - Defensa, barreira ou "submarino";1;;;;;;;;;;3;;;;
24/02/2019;16:33:00;352;sem vítima;612;BR-153/GO;Norte;Saida de Pista;;;;;;;;;;1;4;;;;
24/02/2019;17:41:00;398;sem vítima;118,4;BR-060/GO;Norte;Colisão Lateral;2;;;;;;;;;;4;;;;
24/02/2019;17:56:00;405;com vítima;8,599;BR-153/MG;Norte;Tombamento;;;1;;;;;;;;0;1;;;
24/02/2019;18:57:00;431;sem vítima;359;BR-262/MG;Leste;Saida de Pista;1;;;;;;;;;;1;;;;
24/02/2019;21:26:00;487;com vítima;26;BR-153/MG;Sul;Tombamento;;;1;;;;;;;;0;1;;;
24/02/2019;22:17:00;502;sem vítima;494,8;BR-153/GO;Norte;Saida de Pista;1;;;;;;;;;;1;;;;
24/02/2019;22:28:00;506;com vítima;509;BR-153/GO;Sul;Queda de Moto;;;;1;;;;;;;0;1;;;
24/02/2019;23:08:00;521;sem vítima;503,5;BR-153/GO;Sul;Capotamento;1;;;;;;;;;;1;;;;
25/02/2019;06:53:00;67;com vítima;675,6;BR-153/GO;Sul;Capotamento;;;1;;;;;;;;0;1;;;
25/02/2019;07:07:00;71;com vítima;10,5;BR-060/GO;Sul;Saida de Pista;1;;;;;;;;;;0;;1;;
25/02/2019;07:22:00;81;sem vítima;506;BR-153/GO;Norte;Colisão Traseira;1;;;;;1;;;;;2;;;;
25/02/2019;07:34:00;86;com vítima;494,9;BR-153/GO;Sul;Colisão Traseira;;;;1;;;;;;1;3;1;;;
25/02/2019;07:39:00;92;com vítima;507;BR-153/GO;Norte;Colisão Traseira;1;;;1;;;;;;;4;1;;;
25/02/2019;08:52:00;115;com vítima;494,3;BR-153/GO;Sul;Colisão Traseira;;;;1;;;;;;1;1;;2;;
25/02/2019;12:36:00;244;sem vítima;449;BR-262/MG;Leste;Colisão Transversal;1;;1;;;;;;;;2;;;;
25/02/2019;12:47:00;248;sem vítima;108;BR-060/GO;Norte;Engavetamento;1;;1;;;;;;;1;6;;;;
25/02/2019;15:09:00;305;sem vítima;1;BR-060/DF;Norte;Choque - Elemento de Drenagem;1;;;;;;;;;;1;;;;
25/02/2019;15:24:00;316;sem vítima;562;BR-153/GO;Sul;Choque - Arvore;1;;;;;;;;;;1;;;;
25/02/2019;22:06:00;480;com vítima;603,671;BR-262/MG;Oeste;Choque - Talude;;;1;;;;;;;;0;1;;;
26/02/2019;02:33:00;38;sem vítima;172;BR-153/MG;Sul;Saida de Pista;;;;;;;;;;1;1;;;;
26/02/2019;06:16:00;59;com vítima;93,2;BR-060/GO;Sul;Colisão Traseira;2;;;;;;;;;;1;1;;;
26/02/2019;08:55:00;152;com vítima;494,3;BR-153/GO;Norte;Choque - Veiculo parado no acostamento;1;;;1;;;;;;;1;1;;;
26/02/2019;09:37:00;178;sem vítima;506;BR-153/GO;Norte;Colisão Lateral;1;;;1;;;;;;;2;;;;
26/02/2019;10:11:00;197;sem vítima;600;BR-262/MG;Leste;Colisão Traseira;1;;;;;;;;;1;2;;;;
26/02/2019;10:26:00;205;com vítima;598;BR-262/MG;Leste;Colisão Transversal;1;;;;;;;;;1;0;2;1;;
26/02/2019;10:34:00;210;sem vítima;16,4;BR-153/MG;Sul;Tombamento;;;1;;;;;;;;1;;;;
26/02/2019;13:57:00;300;com vítima;508;BR-153/GO;Sul;Colisão Lateral;1;;;1;;;;;;;1;1;;;
26/02/2019;16:37:00;416;sem vítima;358;BR-262/MG;Oeste;Carreta deu L;;;1;;;;;;;;1;;;;
26/02/2019;19:29:00;489;com vítima;116,299;BR-153/MG;Sul;Colisão Frontal;;;2;;;;;;;;1;1;;;
26/02/2019;21:29:00;528;sem vítima;383,968;BR-262/MG;Oeste;Saida de Pista;1;;;;;;;;;;2;;;;
27/02/2019;06:34:00;62;sem vítima;630,5;BR-153/GO;Norte;Saida de Pista;1;;;;;;;;;;2;;;;
27/02/2019;07:18:00;76;com vítima;501,2;BR-153/GO;Sul;Colisão Traseira;1;;;1;;;;;;;1;;1;;
27/02/2019;08:30:00;110;com vítima;503,4;BR-153/GO;Norte;Colisão Traseira;1;;;1;;;;;;;1;1;;;
27/02/2019;09:58:00;166;sem vítima;58;BR-153/MG;Sul;Colisão Lateral;1;;1;;;;;;;;2;;;;
27/02/2019;11:02:00;207;com vítima;539,8;BR-153/GO;Norte;Queda de Moto;;;;1;;;;;;;0;1;;;
27/02/2019;12:44:00;282;sem vítima;418;BR-262/MG;Leste;Colisão Traseira;;;2;;;;;;;;2;;;;
27/02/2019;18:34:00;453;sem vítima;43;BR-153/MG;Norte;Saida de Pista;;;1;;;;;;;;1;;;;
27/02/2019;19:32:00;480;com vítima;441,067;BR-262/MG;Oeste;Queda de Moto;;;;1;;;;;;;0;1;;;
28/02/2019;02:37:00;28;sem vítima;371,468;BR-262/MG;Leste;Saida de Pista;;;1;;;;;;;;1;;;;
28/02/2019;05:40:00;47;sem vítima;538,868;BR-262/MG;Oeste;Saida de Pista;1;;;;;;;;;;1;;;;
28/02/2019;06:46:00;65;com vítima;360;BR-262/MG;Leste;Queda de Moto;;;;1;;;;;;;0;1;;;
28/02/2019;06:51:00;66;sem vítima;561;BR-153/GO;Sul;Colisão Lateral;1;;;;;;;;;;1;;;;
28/02/2019;07:07:00;69;sem vítima;2;BR-060/DF;Norte;Colisão Traseira;2;;;;;;;;;;3;;;;
28/02/2019;07:59:00;98;com vítima;501;BR-153/GO;Norte;Queda de Moto;;;;1;;;;;;;0;1;;;
28/02/2019;07:59:00;99;sem vítima;584;BR-262/MG;Leste;Saida de Pista;1;;;;;;;;;;2;;;;
28/02/2019;09:43:00;148;sem vítima;96;BR-060/GO;Sul;Colisão Lateral;1;;1;;;;;;;;3;;;;
28/02/2019;09:45:00;150;sem vítima;478;BR-262/MG;Oeste;Colisão Lateral;1;;;;;;;;;1;2;;;;
28/02/2019;10:02:00;160;sem vítima;510,4;BR-153/GO;Norte;Colisão Traseira;2;;;;;;;;;;4;;;;
28/02/2019;11:14:00;211;com vítima;28,24;BR-060/GO;Norte;Colisão Traseira;2;;;;;;;;;;5;1;;;
28/02/2019;13:03:00;258;sem vítima;136;BR-060/GO;Sul;Tombamento;;;1;;;;;;;;1;;;;
28/02/2019;13:33:00;278;sem vítima;634,1;BR-153/GO;Sul;Tombamento;;;1;;;;;;;;1;;;;
28/02/2019;14:12:00;295;sem vítima;9;BR-060/DF;Sul;Colisão Traseira;2;;;;;;;;;;2;;;;
28/02/2019;15:34:00;328;sem vítima;74,8;BR-153/MG;Norte;Tombamento;;;1;;;;;;;;1;;;;
28/02/2019;16:06:00;351;com vítima;500,8;BR-153/GO;Sul;Queda de Moto;;;;1;;;;;;;0;1;;;
28/02/2019;16:11:00;354;com vítima;535,6;BR-153/GO;Norte;Tombamento;;;1;;;;;;;;2;1;;;
28/02/2019;16:59:00;382;sem vítima;379,4;BR-262/MG;Leste;Choque - Talude;;;1;;;;;;;;1;;;;
28/02/2019;19:00:00;445;sem vítima;19,2;BR-060/DF;Sul;Saida de Pista;1;;;;;;;;;;1;;;;
01/03/2019;01:58:00;30;com vítima;729,5;BR-262/MG;Oeste;Capotamento;;;1;;;;;;;;0;;;1;
01/03/2019;05:32:00;62;sem vítima;618;BR-153/GO;Norte;Choque - Elemento de Drenagem;1;;1;;;;;;;;2;;;;
01/03/2019;05:51:00;65;com vítima;464;BR-262/MG;Leste;Tombamento;;;1;;;;;;;;0;1;;;
01/03/2019;07:19:00;89;sem vítima;57,2;BR-153/MG;Norte;Choque - Talude;1;;;;;;;;;;1;;;;
01/03/2019;07:36:00;97;com vítima;506;BR-153/GO;Sul;Colisão Traseira;1;;;1;;;;;;;1;;1;;
01/03/2019;08:02:00;109;com vítima;500;BR-153/GO;Sul;Colisão Traseira;1;;;1;;;;;;;1;1;;;
01/03/2019;08:20:00;118;com vítima;501;BR-153/GO;Norte;Queda de Moto;;;;1;;;;;;;1;1;;;
01/03/2019;13:13:00;288;com vítima;598;BR-153/GO;Norte;Capotamento;1;;;;;;;;;;0;2;;;
01/03/2019;13:46:00;311;sem vítima;499;BR-153/GO;Sul;Engavetamento;4;;;;;;;;;;6;;;;
01/03/2019;14:31:00;335;sem vítima;514;BR-153/GO;Sul;Capotamento;1;;;;;;;;;;1;;;;
01/03/2019;14:34:00;338;sem vítima;625,9;BR-153/GO;Sul;Tombamento;;;1;;;;;;;1;4;;;;
01/03/2019;14:46:00;346;sem vítima;534,5;BR-262/MG;Leste;Colisão Traseira;1;;1;;;;;;;;2;;;;
01/03/2019;15:32:00;373;sem vítima;22;BR-153/MG;Sul;Choque - Elemento de Drenagem;1;;;;;;;;;;1;;;;
01/03/2019;15:52:00;384;sem vítima;39;BR-153/MG;Sul;Saida de Pista;1;;;;;1;;;;;2;;;;
01/03/2019;16:17:00;399;sem vítima;447;BR-262/MG;Leste;Capotamento;2;;;;;;;;;;2;;;;
01/03/2019;17:04:00;428;sem vítima;354;BR-262/MG;Oeste;Colisão Traseira;2;;;;;;;;;;2;;;;
01/03/2019;17:21:00;439;sem vítima;594;BR-262/MG;Leste;Saida de Pista;;;1;;;;;;;;1;;;;
01/03/2019;17:53:00;453;sem vítima;79;BR-060/GO;Sul;Colisão Traseira;2;;;;;;;;;;2;;;;
01/03/2019;21:53:00;563;sem vítima;385;BR-262/MG;Oeste;Saida de Pista;1;;;;;;;;;;1;;;;
01/03/2019;22:18:00;570;com vítima;82;BR-060/GO;Sul;Capotamento;1;;;;;;;;;;0;4;1;;
02/03/2019;06:07:00;63;com vítima;16;BR-060/DF;Sul;Queda de Ciclista;;2;;;;;;;;;1;;1;;
02/03/2019;06:12:00;65;sem vítima;114;BR-060/GO;Norte;Choque - Talude;1;;;;;;;;;;1;;;;
02/03/2019;07:11:00;85;sem vítima;706;BR-262/MG;Leste;Colisão Traseira;;;1;;1;;;;;;2;;;;
02/03/2019;07:22:00;88;sem vítima;663;BR-153/GO;Sul;Engavetamento;3;;;;;;;;;;3;;;;
02/03/2019;07:23:00;89;sem vítima;496,5;BR-153/GO;Sul;Queda de Moto;;;;1;;;;;;;1;;;;
02/03/2019;07:30:00;92;sem vítima;4;BR-060/DF;Sul;Colisão Lateral;1;;;;1;;;;;;2;;;;
02/03/2019;07:31:00;94;com vítima;607;BR-262/MG;Leste;Choque - Talude;1;;;;;;;;;;1;1;;;
02/03/2019;07:33:00;95;sem vítima;506;BR-153/GO;Norte;Colisão Lateral;;;1;1;;;;;;;2;;;;
02/03/2019;07:50:00;103;com vítima;716;BR-262/MG;Leste;Tombamento;;;1;;;;;;;;0;1;;;
02/03/2019;07:53:00;107;sem vítima;666;BR-153/GO;Sul;Choque - Elemento de Drenagem;1;;;;;;;;;;1;;;;
02/03/2019;08:17:00;115;com vítima;585,9;BR-262/MG;Leste;Colisão Frontal;3;;;;;;;;;;6;1;2;;
02/03/2019;10:05:00;180;sem vítima;131;BR-060/GO;Sul;Colisão Traseira;2;;;;;;;;;;2;;;;
02/03/2019;10:06:00;182;sem vítima;209,8;BR-153/MG;Norte;Colisão Lateral;1;;;;;;;;;1;2;;;;
02/03/2019;11:04:00;208;com vítima;505,5;BR-153/GO;Sul;Colisão Traseira;1;;;1;;1;;;;;2;1;;;
02/03/2019;12:25:00;255;sem vítima;501,1;BR-153/GO;Sul;;1;;;1;;;;;;;2;;;;
02/03/2019;12:39:00;261;sem vítima;499,2;BR-153/GO;Norte;Choque - Suporte de Sinalização;1;;;;;;;;;;1;;;;
02/03/2019;13:26:00;285;sem vítima;22;BR-153/MG;Norte;Saida de Pista;1;;;;;;;;;;1;;;;
02/03/2019;15:54:00;353;com vítima;389;BR-262/MG;Leste;Engavetamento;3;;;;;;;;;;5;1;;;
02/03/2019;17:31:00;403;com vítima;516,3;BR-153/GO;Sul;Queda de Ciclista;;;;1;;;;;;;0;1;;;
02/03/2019;19:00:00;445;sem vítima;245;BR-153/MG;Sul;Colisão Lateral;1;;;1;;;;;;;2;;;;
03/03/2019;00:46:00;13;com vítima;95;BR-060/GO;Sul;Saida de Pista;1;;;;;;;;;;0;1;;;
03/03/2019;02:31:00;26;sem vítima;596;BR-153/GO;Sul;Capotamento;1;;;;;;;;;;3;;;;
03/03/2019;04:19:00;33;sem vítima;58;BR-153/MG;Sul;Tombamento;;;1;;;;;;;;1;;;;
03/03/2019;05:52:00;42;com vítima;5;BR-060/DF;Norte;Choque - Talude;1;;;;;;;;;;0;1;;;
03/03/2019;07:20:00;54;sem vítima;551,8;BR-262/MG;Leste;Carreta deu L;;;1;;;;;;;;1;;;;
03/03/2019;09:55:00;119;com vítima;53;BR-060/GO;Norte;Queda de Moto;;;;1;;;;;;;0;1;;;
03/03/2019;11:34:00;162;sem vítima;13;BR-153/MG;Norte;Saida de Pista;;;;;;;;;;1;1;;;;
03/03/2019;12:07:00;171;com vítima;438,5;BR-262/MG;Leste;Colisão Traseira;1;;1;;;;;;;;2;3;;;
03/03/2019;13:32:00;209;sem vítima;16;BR-060/GO;Norte;Saida de Pista;1;;;;;;;;;;1;;;;
03/03/2019;13:33:00;210;com vítima;471;BR-262/MG;Leste;Capotamento;1;;;;;;;;;;1;2;;;
03/03/2019;14:48:00;233;sem vítima;516;BR-262/MG;Oeste;Colisão Traseira;1;;1;;;;;;;;4;;;;
03/03/2019;16:19:00;274;sem vítima;436;BR-262/MG;Leste;Saida de Pista;1;;;;;;;;;;1;;;;
03/03/2019;18:51:00;325;sem vítima;64,6;BR-060/GO;Norte;Queda de Ciclista;;;;1;;;;;;;2;;;;
03/03/2019;19:05:00;327;com vítima;506,199;BR-153/GO;Norte;Queda de Moto;;;;1;;;;;;;0;1;;;
03/03/2019;20:35:00;359;com vítima;514,001;BR-153/GO;Sul;Queda de Moto;;;;1;;;;;;;0;;1;;
03/03/2019;23:09:00;400;sem vítima;30,699;BR-060/DF;Sul;Colisão Traseira;1;;;1;;;;;;;2;;;;
04/03/2019;01:59:00;18;com vítima;109,599;BR-060/GO;Norte;Tombamento;;;1;;;;;;;;1;1;;;
04/03/2019;03:06:00;24;com vítima;912;BR-262/MG;Leste;Capotamento;1;;;;;;;;;;0;1;;;
04/03/2019;06:21:00;46;sem vítima;166,2;BR-153/MG;Sul;Saida de Pista;1;;;;;;;;;;1;;;;
04/03/2019;10:59:00;171;com vítima;127;BR-060/GO;Norte;Colisão Traseira;;;;1;;;;;;1;2;;1;;
04/03/2019;12:29:00;221;com vítima;797;BR-262/MG;Leste;Queda de Moto;;;;1;;;;;;;1;1;;;
05/03/2019;00:08:00;2;com vítima;438,8;BR-262/MG;Leste;Atropelamento de Animal;1;;;;;;;;;;0;;1;1;
05/03/2019;00:08:00;7;sem vítima;438,8;BR-262/MG;Leste;Atropelamento - Outros;1;;;;;;;;;;2;;;;
05/03/2019;00:50:00;10;com vítima;493,699;BR-153/GO;Sul;Colisão Frontal;1;;;1;;;;;;;1;;;1;
05/03/2019;00:53:00;11;sem vítima;479;BR-262/MG;Oeste;Carreta deu L;1;;1;;;;;;;;2;;;;
05/03/2019;02:17:00;24;sem vítima;4,8;BR-060/DF;Norte;Capotamento;1;;;;;;;;;;3;;;;
05/03/2019;05:51:00;38;sem vítima;423;BR-262/MG;Oeste;Colisão Transversal;1;;;;;;;;;;1;;;;
05/03/2019;07:58:00;96;com vítima;407;BR-262/MG;Leste;Queda de Ciclista;;1;;;;;;;;;0;;1;;
05/03/2019;12:27:00;301;sem vítima;84;BR-060/GO;Norte;Saida de Pista;1;;;;;;;;;;1;;;;
05/03/2019;12:39:00;308;sem vítima;2;BR-060/GO;Norte;Capotamento;1;;;;;;;;;;1;;;;
05/03/2019;13:43:00;334;com vítima;2,1;BR-060/GO;Sul;Atropelamento - Usuário;;;;;;;;;;1;1;1;;;
05/03/2019;16:22:00;419;sem vítima;481,1;BR-262/MG;Oeste;Colisão Lateral;2;;;;;;;;;;2;;;;
05/03/2019;16:39:00;432;sem vítima;100,8;BR-060/GO;Sul;Saida de Pista;1;;;;;;;;;;1;;;;
05/03/2019;17:40:00;473;com vítima;591;BR-153/GO;Norte;Capotamento;1;;;;;;;;;;1;2;;;
05/03/2019;18:23:00;492;com vítima;131;BR-060/GO;Sul;Colisão Traseira;2;;;;;;;;;;4;1;;;
05/03/2019;18:28:00;496;sem vítima;353;BR-262/MG;Oeste;Capotamento;1;;;;;;;;;;1;;;;
05/03/2019;19:18:00;524;com vítima;104;BR-060/GO;Sul;Capotamento;1;;;;;;;;;;0;;1;;
05/03/2019;19:47:00;538;sem vítima;105;BR-060/GO;Norte;Choque - Defensa, barreira ou "submarino";1;;;;;;;;;;1;;;;
05/03/2019;21:28:00;580;sem vítima;408;BR-262/MG;Leste;Queda de Moto;;;;1;;;;;;;2;;;;
05/03/2019;23:09:00;614;com vítima;28;BR-060/DF;Norte;Colisão Traseira;2;;;;;;;;;;3;2;;;
06/03/2019;11:32:00;329;com vítima;813;BR-262/MG;Oeste;Colisão Traseira;1;;;1;;;;;;;1;1;;;
06/03/2019;12:13:00;353;sem vítima;512;BR-153/GO;Sul;Colisão Traseira;;;2;;;;;;;;2;;;;
06/03/2019;13:52:00;396;sem vítima;443,968;BR-262/MG;Leste;Choque - Suporte de Sinalização;1;;;;;;;;;;1;;;;
06/03/2019;14:35:00;412;sem vítima;626,9;BR-153/GO;Sul;Capotamento;1;;;;;;;;;;1;;;;
06/03/2019;15:14:00;425;com vítima;363,6;BR-262/MG;Oeste;Capotamento;;;;;;;;;;1;0;1;;;
06/03/2019;16:01:00;439;sem vítima;603,978;BR-153/GO;Sul;Capotamento;;;1;;;;;;;;1;;;;
06/03/2019;16:10:00;445;com vítima;380,5;BR-262/MG;Leste;Capotamento;1;;;;;;;;;;2;;1;;
06/03/2019;18:27:00;492;com vítima;94,3;BR-060/GO;Sul;Engavetamento;3;;1;1;;;;;;;6;1;;;
06/03/2019;19:59:00;526;sem vítima;30,1;BR-060/GO;Norte;Colisão Traseira;1;;1;;;;;;;;2;;;;
06/03/2019;21:31:00;551;sem vítima;507,971;BR-262/MG;Oeste;Tombamento;;;1;;;;;;;;1;;;;
06/03/2019;21:35:00;553;com vítima;33,9;BR-060/GO;Norte;Colisão Traseira;1;;1;;;;;;;;1;2;;;
07/03/2019;04:06:00;36;sem vítima;389;BR-262/MG;Oeste;Choque - Outros;;;1;;;;;;;;1;;;;
07/03/2019;06:06:00;51;com vítima;491,9;BR-153/GO;Norte;Colisão Lateral;;;;2;;;;;;;2;;1;;
07/03/2019;06:55:00;61;sem vítima;2,9;BR-060/DF;Norte;Engavetamento;1;;;;;;;;;;1;;;;
07/03/2019;08:31:00;122;sem vítima;494,9;BR-153/GO;Norte;Colisão Traseira;1;;1;;;1;;;;;3;;;;
07/03/2019;10:01:00;180;sem vítima;362;BR-262/MG;Leste;Capotamento;1;;;;;;;;;;3;;;;
07/03/2019;10:19:00;200;com vítima;484,5;BR-262/MG;Leste;Choque - Talude;1;;;;;;;;;;0;1;;;
07/03/2019;12:40:00;274;sem vítima;480;BR-262/MG;Leste;Choque - Elemento de Drenagem;1;;;;;;;;;;1;;;;
07/03/2019;13:36:00;306;com vítima;116;BR-060/GO;Norte;Capotamento;;;;;;;;;;1;1;1;;;
07/03/2019;15:46:00;363;com vítima;889;BR-262/MG;Oeste;Capotamento;;;;;;;;;;1;2;;;1;
07/03/2019;17:40:00;399;sem vítima;59,5;BR-153/MG;Norte;Colisão Traseira;1;;;;;;;;;1;3;;;;
07/03/2019;18:26:00;426;com vítima;125,799;BR-153/MG;Norte;Tombamento;;;1;;;;;;;;0;1;1;;
07/03/2019;20:51:00;478;sem vítima;510,1;BR-153/GO;Norte;Colisão Traseira;2;;;;;;;;;;2;;;;
07/03/2019;20:55:00;479;com vítima;134,2;BR-060/GO;Sul;Queda de Ciclista;;;;1;;;;;;;1;1;;;
07/03/2019;22:50:00;533;sem vítima;475,3;BR-262/MG;Leste;Colisão Traseira;1;;;;;;;;;1;2;;;;
07/03/2019;23:42:00;544;com vítima;657,3;BR-153/GO;Sul;Colisão Traseira;1;;1;;;;;;;;1;1;;;
08/03/2019;01:20:00;19;sem vítima;494;BR-262/MG;Leste;Saida de Pista;;;1;;;;;;;;1;;;;
08/03/2019;06:46:00;51;sem vítima;210;BR-153/MG;Sul;Choque - Elemento de Drenagem;1;;;;;;;;;;1;;;;
08/03/2019;07:54:00;81;sem vítima;495,5;BR-153/GO;Sul;Colisão Traseira;2;;;;;;;;;;2;;;;
08/03/2019;08:04:00;86;sem vítima;366;BR-262/MG;Leste;Saida de Pista;1;;;;;;;;;1;2;;;;
08/03/2019;10:24:00;180;sem vítima;218;BR-153/MG;Sul;Capotamento;;;;;;;;;;1;1;;;;
08/03/2019;15:17:00;337;sem vítima;0,3;BR-153/MG;Norte;Saida de Pista;1;;;;;;;;;;1;;;;
08/03/2019;16:46:00;375;sem vítima;621;BR-262/MG;Leste;Colisão Traseira;1;;1;;;;;;;;2;;;;
08/03/2019;17:39:00;404;com vítima;499;BR-153/GO;Sul;Colisão Lateral;1;;;1;;;;;;;2;1;1;;
08/03/2019;18:58:00;441;sem vítima;58,899;BR-153/MG;Norte;Colisão Traseira;;;2;;;;;;;;2;;;;
08/03/2019;19:33:00;459;com vítima;1,8;BR-153/MG;Norte;Colisão Lateral;;;1;1;;;;;;;2;1;;;
09/03/2019;00:03:00;1;com vítima;516;BR-153/GO;Norte;Queda de Moto;;;;1;;;;;;;0;1;;;
09/03/2019;04:47:00;64;sem vítima;52,6;BR-060/GO;Norte;Capotamento;1;;;;;;;;;;1;;;;
09/03/2019;05:22:00;71;sem vítima;479,4;BR-262/MG;Oeste;Colisão Traseira;1;;1;;;;;;;;2;;;;
09/03/2019;06:38:00;85;sem vítima;81,2;BR-060/GO;Sul;Capotamento;1;;;;;;;;;;1;;;;
09/03/2019;07:18:00;101;com vítima;106;BR-060/GO;Sul;Queda de Ciclista;;;;1;;;;;;;0;2;;;
09/03/2019;07:37:00;109;com vítima;380;BR-262/MG;Oeste;Queda de Moto;;;;1;;;;;;;0;1;;;
09/03/2019;10:07:00;247;com vítima;385;BR-262/MG;Oeste;Queda de Moto;;;;1;;;;;;;0;1;;;
09/03/2019;11:39:00;316;sem vítima;99,965;BR-060/GO;Sul;Engavetamento;2;;1;;;;;;;;3;;;;
09/03/2019;12:24:00;326;com vítima;485;BR-262/MG;Oeste;Queda de Moto;;;;1;;;;;;;1;1;;;
09/03/2019;13:05:00;345;sem vítima;604,5;BR-153/GO;Sul;;1;;;;;;;;;;1;;;;
09/03/2019;14:53:00;387;sem vítima;21;BR-153/MG;Sul;Choque - Elemento de Drenagem;1;;;;;;;;;;1;;;;
09/03/2019;18:07:00;480;sem vítima;133;BR-060/GO;Sul;Capotamento;;;1;;;;;;;;1;;;;
09/03/2019;19:18:00;513;com vítima;622;BR-262/MG;Oeste;Colisão Lateral;1;;;;1;;;;;;29;1;;;
09/03/2019;23:22:00;597;sem vítima;171;BR-153/MG;Norte;Saida de Pista;1;;;;;;;;;;1;;;;
10/03/2019;10:11:00;270;com vítima;4,958;BR-060/GO;Norte;Queda de Moto;1;;;1;;;;;;;1;;;1;
10/03/2019;13:48:00;423;sem vítima;13;BR-060/DF;Sul;Choque - Suporte de Sinalização;1;;;;;;;;;;1;;;;
10/03/2019;15:26:00;474;sem vítima;138;BR-060/GO;Norte;Colisão Frontal;2;;;;;;;;;;2;;;;
10/03/2019;17:15:00;555;sem vítima;58;BR-153/MG;Sul;Colisão Lateral;1;;1;;;;;;;;5;;;;
10/03/2019;17:20:00;559;sem vítima;197;BR-153/MG;Sul;Colisão Lateral;;;1;;;;;;;1;3;;;;
10/03/2019;18:04:00;583;com vítima;611;BR-262/MG;Oeste;Carreta deu L;;;1;;;;;;;;0;;1;;
10/03/2019;18:04:00;597;sem vítima;611;BR-262/MG;Oeste;Colisão Traseira;1;;1;;;;;;;;4;;;;
10/03/2019;18:25:00;601;sem vítima;232;BR-153/MG;Norte;Colisão Traseira;2;;;;;;;;;;2;;;;