data;horario;n_da_ocorrencia;tipo_de_ocorrencia;km;trecho;sentido;tipo_de_acidente;automovel;bicicleta;caminhao;moto;onibus;outros;tracao_animal;transporte_de_cargas_especiais;trator_maquinas;utilitarios;ilesos;levemente_feridos;moderadamente_feridos;gravemente_feridos;mortos
10/03/2019;19:19:00;626;sem vítima;517;BR-153/GO;Sul;Colisão Traseira;;;2;;;;;;;;2;;;;
10/03/2019;19:25:00;628;sem vítima;59;BR-153/MG;Sul;Colisão Traseira;2;;;;;;;;;;2;;;;
10/03/2019;21:31:00;669;sem vítima;24,9;BR-060/GO;Norte;Colisão Traseira;;;;;1;1;;;;1;7;;;;
11/03/2019;02:50:00;32;com vítima;58;BR-153/MG;Norte;Colisão Lateral;;;1;;1;;;;;;19;1;1;;
11/03/2019;06:06:00;60;com vítima;9,7;BR-060/DF;Norte;Atropelamento - Usuário;2;;;1;;;;;;;2;1;;;1
11/03/2019;07:16:00;80;sem vítima;2,95;BR-060/DF;Sul;Colisão Transversal;1;;;1;;;;;;;2;;;;
11/03/2019;07:32:00;84;sem vítima;371;BR-262/MG;Oeste;Choque - Elemento de Drenagem;1;;;;;;;;;;1;;;;
11/03/2019;07:55:00;95;com vítima;502,95;BR-153/GO;Norte;Engavetamento;1;;;2;;;;;;;3;1;;;
11/03/2019;08:09:00;111;sem vítima;502,5;BR-153/GO;Sul;Engavetamento;3;;;;;;;;;;3;;;;
11/03/2019;08:42:00;134;sem vítima;18,7;BR-060/GO;Norte;Colisão Traseira;2;;;;;;;;;;2;;;;
11/03/2019;11:46:00;248;com vítima;92,7;BR-060/GO;Sul;Colisão Transversal;1;;;;;;;;;1;1;1;;;
11/03/2019;14:12:00;358;sem vítima;513;BR-153/GO;Sul;Choque - Defensa, barreira ou "submarino";1;;;;;;;;;;1;;;;
11/03/2019;16:48:00;437;sem vítima;541,8;BR-153/GO;Norte;Colisão Traseira;;;2;;;;;;;;2;;;;
11/03/2019;17:58:00;474;com vítima;115,099;BR-060/GO;Norte;Capotamento;;;;;1;;;;;;0;1;;;
12/03/2019;03:13:00;25;sem vítima;68,001;BR-060/GO;Sul;Capotamento;1;;;;;;;;;;5;;;;
12/03/2019;07:54:00;78;com vítima;507;BR-153/GO;Norte;Queda de Moto;;;;1;;;;;;;0;1;;1;
12/03/2019;09:26:00;154;sem vítima;606,7;BR-153/GO;Sul;Colisão Traseira;1;;;;;;;;;1;3;;;;
12/03/2019;09:58:00;176;com vítima;811;BR-262/MG;Leste;Colisão Traseira;1;;;;;;;;;1;1;1;;;
12/03/2019;13:38:00;276;com vítima;104,8;BR-060/GO;Sul;Tombamento;;;1;;;;;;;;0;1;;;
12/03/2019;13:42:00;278;sem vítima;611,5;BR-262/MG;Leste;Colisão Frontal;;;2;;;;;;;;2;;;;
12/03/2019;14:56:00;310;sem vítima;125,5;BR-060/GO;Sul;Colisão Traseira;;;1;;;;;;;;1;;;;
12/03/2019;15:00:00;313;com vítima;95;BR-060/GO;Norte;Queda de Moto;;;;1;;;;;;;0;1;;;
12/03/2019;15:25:00;325;sem vítima;764,3;BR-262/MG;Oeste;Saida de Pista;;;1;;;;;;;;1;;;;
12/03/2019;17:06:00;366;sem vítima;27,5;BR-060/DF;Sul;Capotamento;;;;;;;;;;1;1;;;;
12/03/2019;17:51:00;396;sem vítima;656;BR-153/GO;Sul;;1;;1;;;1;;;;;3;;;;
12/03/2019;18:30:00;410;com vítima;369,567;BR-262/MG;Oeste;Queda de Moto;;;;1;;;;;;;0;1;;;
12/03/2019;18:48:00;421;com vítima;227;BR-153/MG;Sul;Colisão Traseira;;;1;1;;;;;;;1;1;;;
12/03/2019;23:01:00;505;com vítima;357,2;BR-262/MG;Leste;Atropelamento de Animal;;;;1;;;;;;;0;;1;;
13/03/2019;01:47:00;19;sem vítima;639;BR-262/MG;Leste;Saida de Pista;1;;;;;;;;;;1;;;;
13/03/2019;05:18:00;44;com vítima;687,4;BR-153/GO;Norte;Colisão Traseira;1;;1;;;;;;;;2;2;;;
13/03/2019;05:25:00;45;com vítima;366,37;BR-262/MG;Leste;Colisão Traseira;;;2;;;;;;;;0;1;;;1
13/03/2019;07:16:00;78;com vítima;495,5;BR-153/GO;Sul;Colisão Traseira;1;;;1;;;;;;;1;1;;;
13/03/2019;07:20:00;81;com vítima;368,8;BR-262/MG;Leste;Engavetamento;6;;4;;;;;;;1;10;1;;;
13/03/2019;08:00:00;105;sem vítima;369;BR-262/MG;Leste;Colisão Lateral;;;2;;;;;;;;2;;;;
13/03/2019;08:41:00;147;sem vítima;497;BR-153/GO;Sul;Colisão Lateral;1;;;1;;1;;;;;2;;;;
13/03/2019;10:06:00;231;sem vítima;64,95;BR-153/MG;Norte;Tombamento;;;1;;;;;;;;1;;;;
13/03/2019;10:22:00;237;com vítima;532;BR-153/GO;Norte;Choque - Defensa, barreira ou "submarino";1;;;;;;;;;;1;1;;;
13/03/2019;13:28:00;319;com vítima;403;BR-262/MG;Leste;Tombamento;;;2;;;;;;;;0;1;1;;
13/03/2019;15:58:00;396;sem vítima;504,699;BR-153/GO;Sul;Saida de Pista;1;;;;;;;;;;1;;;;
13/03/2019;17:50:00;445;sem vítima;472;BR-262/MG;Oeste;Colisão Lateral;;;1;;1;;;;;;3;;;;
13/03/2019;21:53:00;539;com vítima;439;BR-262/MG;Oeste;Queda de Moto;;;;1;;;;;;;0;;1;;
13/03/2019;22:16:00;547;sem vítima;373,274;BR-262/MG;Oeste;Colisão Traseira;;;2;;;;;;;;2;;;;
13/03/2019;22:40:00;552;sem vítima;402,37;BR-262/MG;Leste;Colisão Traseira;2;;;;;;;;;;2;;;;
13/03/2019;23:12:00;557;sem vítima;22,899;BR-153/MG;Sul;Saida de Pista;1;;;;;;;;;;1;;;;
14/03/2019;05:14:00;33;sem vítima;357,269;BR-262/MG;Leste;Atropelamento de Animal;1;;;;;;;;;;1;;;;
14/03/2019;07:48:00;80;com vítima;508,456;BR-153/GO;Sul;Colisão Lateral;;;1;1;;;;;;;2;;1;;
14/03/2019;10:57:00;182;sem vítima;573;BR-262/MG;Leste;Capotamento;;;;;;;;;;1;2;;;;
14/03/2019;11:11:00;190;sem vítima;15;BR-060/DF;Sul;Capotamento;;;;;;;;;;1;1;;;;
14/03/2019;12:01:00;219;sem vítima;511,8;BR-153/GO;Sul;Colisão Lateral;1;;1;;;;;;;;2;;;;
14/03/2019;12:09:00;225;sem vítima;509;BR-262/MG;Oeste;Capotamento;1;;;;;;;;;;1;;;;
14/03/2019;12:29:00;243;sem vítima;568;BR-262/MG;Oeste;Choque - Suporte de Sinalização;;;1;;;;;;;;1;;;;
14/03/2019;14:41:00;320;com vítima;510;BR-153/GO;Sul;Colisão Traseira;;;1;1;;;;;;;1;;1;;
14/03/2019;16:27:00;385;sem vítima;107;BR-060/GO;Sul;Colisão Lateral;;;1;;;;;;;1;2;;;;
14/03/2019;17:22:00;412;sem vítima;583;BR-262/MG;Leste;Tombamento;;;1;;;;;;;;1;;;;
14/03/2019;20:09:00;491;com vítima;99;BR-060/GO;Sul;Choque - Defensa, barreira ou "submarino";1;;;;;;;;;;0;1;;;
14/03/2019;21:27:00;521;com vítima;814;BR-262/MG;Leste;Capotamento;1;;;;;;;;;;0;1;;;
14/03/2019;21:49:00;528;sem vítima;409,468;BR-262/MG;Oeste;Queda de Moto;;;;1;;;;;;;1;;;;
15/03/2019;00:01:00;1;com vítima;750;BR-262/MG;Oeste;Choque - Arvore;;;;;1;;;;;;44;4;;;
15/03/2019;00:01:00;30;sem vítima;750;BR-262/MG;Oeste;Carreta deu L;;;1;;;;;;;;1;;;;
15/03/2019;05:37:00;47;com vítima;751;BR-262/MG;Leste;Colisão Traseira;;;1;;1;;;;;;2;1;;;
15/03/2019;07:32:00;71;com vítima;94,3;BR-060/GO;Sul;Engavetamento;5;;;;;;;;;1;8;3;;;
15/03/2019;07:33:00;72;com vítima;505,6;BR-153/GO;Norte;Colisão Traseira;1;;;1;;;;;;;1;;;1;
15/03/2019;08:19:00;95;com vítima;677;BR-262/MG;Leste;Colisão Transversal;1;1;;;;;;;;;1;1;;;
15/03/2019;09:30:00;138;sem vítima;610;BR-153/GO;Norte;Colisão Traseira;;;2;;;;;;;;2;;;;
15/03/2019;10:50:00;200;com vítima;97;BR-060/GO;Sul;Colisão Traseira;2;;;;;;;;;;6;1;;;
15/03/2019;15:14:00;335;sem vítima;594;BR-262/MG;Oeste;Saida de Pista;;;1;;;;;;;;1;;;;
15/03/2019;15:48:00;353;sem vítima;2;BR-153/MG;Sul;Tombamento;;;1;;;;;;;;1;;;;
15/03/2019;16:03:00;362;sem vítima;77;BR-153/MG;Sul;Saida de Pista;;;1;;;;;;;;1;;;;
15/03/2019;16:58:00;385;sem vítima;584,9;BR-262/MG;Oeste;Capotamento;1;;;;;;;;;;3;;;;
15/03/2019;17:16:00;400;sem vítima;27,5;BR-060/DF;Norte;Tombamento;1;;;;;;;;;;3;;;;
15/03/2019;17:29:00;405;com vítima;498;BR-153/GO;Sul;Engavetamento;2;;;;;;;;;1;2;1;;;
15/03/2019;19:12:00;452;com vítima;354,4;BR-262/MG;Leste;Colisão Traseira;1;;1;;;;;;;;1;1;;;
15/03/2019;19:21:00;459;sem vítima;621,799;BR-153/GO;Norte;Tombamento;;;1;;;;;;;;3;;;;
15/03/2019;19:58:00;480;com vítima;504;BR-153/GO;Sul;Colisão Lateral;1;;;1;;;;;;;1;1;;;
15/03/2019;20:09:00;492;sem vítima;503;BR-153/GO;Sul;Choque - Outros;1;;1;;;;;;;;2;;;;
16/03/2019;02:10:00;25;sem vítima;41,1;BR-060/GO;Norte;Choque - Talude;1;;;;;;;;;;1;;;;
16/03/2019;04:36:00;44;sem vítima;380,668;BR-262/MG;Oeste;Choque - Defensa, barreira ou "submarino";1;;;;;;;;;;1;;;;
16/03/2019;07:40:00;77;com vítima;423;BR-262/MG;Leste;Queda de Ciclista;;1;;;;;;;;;0;;1;;
16/03/2019;09:11:00;130;sem vítima;561,6;BR-153/GO;Sul;Capotamento;1;;;;;;;;;;2;;;;
16/03/2019;10:28:00;194;sem vítima;358;BR-262/MG;Leste;Saida de Pista;1;;;;;;;;;;2;;;;
16/03/2019;11:01:00;216;sem vítima;501,5;BR-153/GO;Sul;Colisão Lateral;1;;;1;;;;;;;2;;;;
16/03/2019;12:51:00;275;com vítima;2,85;BR-060/DF;Sul;Colisão Traseira;1;;;;;;;;;1;1;2;;;
16/03/2019;12:59:00;280;com vítima;1,9;BR-060/DF;Sul;Colisão Lateral;1;;;1;;;;;;;1;2;;;
16/03/2019;15:06:00;349;com vítima;363,471;BR-262/MG;Leste;Choque - Veiculo parado no acostamento;;;1;;;;;;;1;2;1;;;
16/03/2019;15:06:00;350;com vítima;574;BR-153/GO;Sul;Capotamento;1;;;;;;;;;;0;2;;;
16/03/2019;15:41:00;391;com vítima;403,971;BR-262/MG;Oeste;Capotamento;1;;;;;;;;;;0;;;2;
16/03/2019;15:54:00;407;sem vítima;358,571;BR-262/MG;Oeste;Saida de Pista;1;;;;;;;;;;1;;;;
16/03/2019;16:43:00;422;sem vítima;506,8;BR-153/GO;Sul;Colisão Traseira;2;;;;;;;;;;2;;;;
16/03/2019;17:32:00;448;sem vítima;512;BR-153/GO;Sul;Colisão Traseira;2;;;;;;;;;;2;;;;
16/03/2019;17:34:00;449;sem vítima;578,2;BR-153/GO;Norte;Colisão Lateral;1;;;1;;;;;;;2;;;;
16/03/2019;17:34:00;450;com vítima;29,5;BR-060/GO;Norte;Colisão Traseira;1;;;1;;;;;;;0;2;;1;
16/03/2019;19:42:00;506;sem vítima;4,5;BR-060/DF;Sul;Queda de Moto;;;;1;;;;;;;1;;;;
16/03/2019;20:14:00;523;sem vítima;32,1;BR-060/GO;Sul;Atropelamento - Morador;;;;1;;;;;;;2;;;;
16/03/2019;20:41:00;532;sem vítima;748,4;BR-262/MG;Oeste;Tombamento;;;1;;;;;;;;1;;;;
16/03/2019;21:35:00;552;sem vítima;27,1;BR-153/MG;Norte;Colisão Lateral;1;;1;;;;;;;;2;;;;
16/03/2019;23:57:00;588;sem vítima;378,67;BR-262/MG;Oeste;Saida de Pista;1;;;;;;;;;;1;;;;
17/03/2019;02:21:00;21;sem vítima;65,5;BR-060/GO;Norte;Choque - Outros;1;;;;;;;;;;1;;;;
17/03/2019;03:14:00;30;com vítima;839,668;BR-262/MG;Oeste;Choque - Suporte de Sinalização;1;;;;;;;;;;0;1;;;
17/03/2019;06:58:00;64;com vítima;498;BR-153/GO;Norte;Colisão Lateral;1;;;1;;;;;;;2;1;;;
17/03/2019;09:42:00;121;sem vítima;563;BR-262/MG;Leste;Choque - Talude;1;;;;;;;;;;1;;;;
17/03/2019;10:04:00;138;sem vítima;20,8;BR-153/MG;Sul;Choque - Defensa, barreira ou "submarino";;;1;;;;;;;;1;;;;
17/03/2019;10:14:00;146;sem vítima;95;BR-060/GO;Sul;Choque - Outros;1;;;;;;;;;;1;;;;
17/03/2019;15:10:00;294;sem vítima;154,9;BR-153/MG;Norte;Colisão Traseira;1;;1;;;;;;;;2;;;;
17/03/2019;15:11:00;295;com vítima;583,9;BR-262/MG;Oeste;Colisão Frontal;1;;1;;;;;;;;1;;;1;
17/03/2019;16:23:00;320;sem vítima;496,3;BR-153/GO;Norte;Colisão Frontal;2;;;;;;;;;;2;;;;
17/03/2019;16:56:00;337;sem vítima;840,5;BR-262/MG;Leste;Saida de Pista;1;;;;;;;;;;1;;;;
17/03/2019;17:09:00;344;sem vítima;3;BR-060/GO;Norte;Engavetamento;4;;;;;;;;;;4;;;;
17/03/2019;23:04:00;484;sem vítima;43;BR-060/GO;Norte;Colisão Lateral;1;;1;;;;;;;;4;;;;
18/03/2019;07:17:00;65;sem vítima;493,5;BR-153/GO;Norte;Colisão Traseira;1;;;1;;;;;;;2;;;;
18/03/2019;07:27:00;68;sem vítima;495;BR-153/GO;Sul;Engavetamento;3;;;;;;;;;;3;;;;
18/03/2019;07:55:00;87;com vítima;124,3;BR-153/MG;Sul;Queda de Moto;;;;1;;;;;;;0;;;1;
18/03/2019;08:06:00;89;sem vítima;694;BR-262/MG;Oeste;Tombamento;;;1;;;;;;;;1;;;;
18/03/2019;13:27:00;357;sem vítima;89;BR-060/GO;Norte;Choque - Elemento de Drenagem;1;;;;;;;;;;1;;;;
18/03/2019;13:36:00;359;sem vítima;494,5;BR-153/GO;Sul;Colisão Traseira;2;;;;;;;;;;2;;;;
18/03/2019;13:55:00;370;sem vítima;495;BR-153/GO;Sul;Colisão Traseira;2;;;;;;;;;;6;;;;
18/03/2019;14:42:00;389;sem vítima;119;BR-060/GO;Sul;Choque - Arvore;1;;;;;;;;;;1;;;;
18/03/2019;16:19:00;428;sem vítima;523;BR-262/MG;Oeste;Capotamento;;;1;;;;;;;;2;;;;
18/03/2019;16:55:00;444;sem vítima;479,5;BR-262/MG;Oeste;Choque - Elemento de Drenagem;1;;;;;;;;;;1;;;;
18/03/2019;17:10:00;453;com vítima;577;BR-262/MG;Leste;Tombamento;;;1;;;;;;;;0;1;;;
18/03/2019;17:14:00;456;sem vítima;577;BR-262/MG;Leste;Colisão Traseira;1;;2;;;;;;;;7;;;;
18/03/2019;19:25:00;505;com vítima;767,5;BR-262/MG;Leste;Colisão Frontal;;;1;;;;;;;1;1;;;;1
18/03/2019;23:50:00;587;sem vítima;62;BR-060/GO;Norte;Saida de Pista;1;;;;;;;;;;1;;;;
19/03/2019;08:21:00;122;sem vítima;502,8;BR-153/GO;Norte;Engavetamento;3;;;;;;;;;1;4;;;;
19/03/2019;10:02:00;202;com vítima;145,308;BR-153/MG;Sul;Colisão Frontal;;;2;;;;;;;1;1;1;;;1
19/03/2019;11:16:00;233;com vítima;444,567;BR-262/MG;Leste;Capotamento;1;;;;;;;;;;0;1;;;
19/03/2019;11:33:00;240;sem vítima;543,5;BR-153/GO;Sul;Choque - Defensa, barreira ou "submarino";1;;;;;;;;;;1;;;;
19/03/2019;11:48:00;250;com vítima;227;BR-153/MG;Norte;Capotamento;1;;;;;;;;;;0;;1;;
19/03/2019;13:43:00;293;sem vítima;376;BR-262/MG;Oeste;Choque - Defensa, barreira ou "submarino";1;;;;;;;;;;1;;;;
19/03/2019;15:29:00;343;sem vítima;596,3;BR-153/GO;Sul;Colisão Traseira;2;;;;;;;;;;2;;;;
19/03/2019;17:05:00;378;sem vítima;25,5;BR-153/MG;Sul;Saida de Pista;1;;;;;;;;;;2;;;;
19/03/2019;19:06:00;431;com vítima;356,4;BR-262/MG;Oeste;Queda de Moto;;;;1;;;;;;;0;1;;;
19/03/2019;19:37:00;444;com vítima;48,2;BR-153/MG;Sul;Choque - Elemento de Drenagem;;;1;;;;;;;;0;;1;;
19/03/2019;19:53:00;454;com vítima;614,5;BR-262/MG;Oeste;Colisão Lateral;;;1;;1;;;;;;21;2;;;
20/03/2019;08:52:00;124;sem vítima;357;BR-262/MG;Leste;Capotamento;1;;;;;;;;;;1;;;;
20/03/2019;10:00:00;170;sem vítima;70,5;BR-153/MG;Norte;Tombamento;;;1;;;;;;;;1;;;;
20/03/2019;10:24:00;181;sem vítima;65,5;BR-153/MG;Sul;Colisão Traseira;;;1;;;;;;;1;2;;;;
20/03/2019;12:30:00;273;com vítima;521;BR-153/GO;Norte;Colisão Transversal;;;1;1;;;;;;;1;1;;;
20/03/2019;13:18:00;288;com vítima;811;BR-262/MG;Leste;Choque - Veiculo parado no acostamento;2;;;;;;;;;;2;1;;;
20/03/2019;16:36:00;387;com vítima;576,8;BR-262/MG;Leste;Colisão Traseira;;;3;;;;;;;;2;;;1;
20/03/2019;17:08:00;405;sem vítima;601,8;BR-262/MG;Leste;Colisão Traseira;;;1;;;;;;;1;6;;;;
20/03/2019;17:29:00;420;com vítima;24,1;BR-060/DF;Norte;Capotamento;1;;;;;;;;;;0;2;;;
20/03/2019;17:42:00;428;sem vítima;443,47;BR-262/MG;Leste;Colisão Traseira;1;;;1;;;;;;;3;;;;
20/03/2019;21:15:00;500;sem vítima;638,399;BR-153/GO;Norte;Choque - Talude;1;;;;;;;;;;1;;;;
20/03/2019;22:22:00;516;sem vítima;773,072;BR-262/MG;Leste;Choque - Suporte de Sinalização;1;;;;;;;;;;1;;;;
21/03/2019;03:03:00;32;sem vítima;678,299;BR-153/GO;Sul;Saida de Pista;1;;;;;;;;;;1;;;;
21/03/2019;10:46:00;199;sem vítima;605,8;BR-153/GO;Norte;Tombamento;;;1;;;;;;;;1;;;;
21/03/2019;11:03:00;206;com vítima;527;BR-262/MG;Oeste;Saida de Pista;;;1;;;;;;;;0;;1;;
21/03/2019;11:38:00;228;com vítima;109;BR-060/GO;Norte;Colisão Lateral;1;;;1;;;;;;;2;1;;;
21/03/2019;12:05:00;239;sem vítima;476;BR-262/MG;Leste;Saida de Pista;1;;;;;;;;;;1;;;;
21/03/2019;12:12:00;244;com vítima;503,3;BR-153/GO;Sul;Colisão Lateral;1;;;1;;;;;;;1;1;;;
21/03/2019;14:13:00;288;com vítima;590;BR-262/MG;Oeste;Colisão Lateral;1;;;1;;;;;;;1;;1;;
21/03/2019;14:36:00;294;sem vítima;75,6;BR-153/MG;Norte;Choque - Elemento de Drenagem;;;1;;;;;;;;1;;;;
21/03/2019;15:56:00;335;com vítima;368;BR-262/MG;Oeste;Colisão Frontal;;1;;;;;;;;1;1;;1;;
21/03/2019;16:20:00;343;sem vítima;537,9;BR-262/MG;Leste;Engavetamento;3;;1;;;;;;;;4;;;;
21/03/2019;16:29:00;349;sem vítima;513;BR-153/GO;Sul;Engavetamento;1;;2;;;;;;;;3;;;;
21/03/2019;18:15:00;396;sem vítima;605,9;BR-153/GO;Norte;Tombamento;;;2;;;;;;;;3;;;;
21/03/2019;18:50:00;413;sem vítima;699,399;BR-153/GO;Sul;Capotamento;1;;1;;;;;;;;5;;;;
21/03/2019;19:19:00;421;sem vítima;356;BR-262/MG;Oeste;Saida de Pista;;;1;;;;;;;;1;;;;
21/03/2019;20:55:00;450;com vítima;435;BR-262/MG;Oeste;Capotamento;1;;;;;;;;;;0;1;;;
21/03/2019;21:26:00;460;com vítima;692,3;BR-153/GO;Sul;Atropelamento - Usuário;;;;;;1;;;;;1;;;;1
21/03/2019;21:45:00;467;sem vítima;32,5;BR-060/GO;Sul;Colisão Traseira;1;;1;;;;;;;;2;;;;
21/03/2019;22:22:00;473;sem vítima;137;BR-060/GO;Norte;Atropelamento de Animal;1;;;;;;;;;;1;;;;
21/03/2019;22:24:00;474;sem vítima;465,269;BR-262/MG;Oeste;Colisão Lateral;1;;2;;;;;;;;6;;;;
21/03/2019;23:00:00;482;sem vítima;447,468;BR-262/MG;Leste;Colisão Transversal;1;;1;;;;;;;;2;;;;
22/03/2019;00:58:00;18;sem vítima;509;BR-262/MG;Leste;Tombamento;;;1;;;;;;;;1;;;;
22/03/2019;07:22:00;86;com vítima;359;BR-262/MG;Oeste;Queda de Moto;;;;1;;;;;;;0;1;;;
22/03/2019;09:24:00;156;sem vítima;645;BR-262/MG;Oeste;Engavetamento;;;5;;;;;;;;5;;;;
22/03/2019;11:02:00;219;sem vítima;382;BR-262/MG;Oeste;Capotamento;1;;;;;;;;;;1;;;;
22/03/2019;13:54:00;298;sem vítima;95;BR-060/GO;Sul;Engavetamento;2;;1;;;;;;;;8;;;;
22/03/2019;16:01:00;354;com vítima;406,03;BR-262/MG;Leste;Capotamento;1;;;;;;;;;;0;;1;;1
22/03/2019;20:02:00;453;sem vítima;23;BR-060/GO;Norte;Colisão Lateral;1;;1;;;;;;;;5;;;;
22/03/2019;20:04:00;454;sem vítima;516;BR-153/GO;Norte;Colisão Traseira;2;;;;;;;;;;3;;;;
22/03/2019;22:27:00;510;sem vítima;415,37;BR-262/MG;Leste;Colisão Traseira;;;2;;;;;;;;2;;;;
22/03/2019;23:44:00;527;com vítima;210;BR-153/MG;Norte;Capotamento;;;;;;;;;;1;0;1;;;
23/03/2019;00:55:00;11;sem vítima;504;BR-153/GO;Norte;Colisão Frontal;1;;;1;;;;;;;2;;;;
23/03/2019;04:31:00;53;com vítima;506,8;BR-153/GO;Norte;Queda de Moto;;;;1;;;;;;;0;;;;1
23/03/2019;05:38:00;59;sem vítima;16;BR-060/GO;Sul;Capotamento;1;;;;;;;;;;4;;;;
23/03/2019;06:25:00;67;sem vítima;575,467;BR-262/MG;Leste;Capotamento;1;;;;;;;;;;3;;;;
23/03/2019;11:22:00;212;com vítima;136,5;BR-060/GO;Sul;Colisão Frontal;1;;;1;;;;;;;1;1;;;
23/03/2019;14:43:00;316;com vítima;92,7;BR-060/GO;Sul;Colisão Transversal;2;;;;;;;;;;3;1;;;
23/03/2019;17:39:00;444;com vítima;4,5;BR-060/GO;Norte;Choque - Defensa, barreira ou "submarino";;;1;;;;;;;;0;;;;1
23/03/2019;18:45:00;471;sem vítima;8,4;BR-060/DF;Norte;Capotamento;1;;;;;;;;;;1;;;;
24/03/2019;05:04:00;51;com vítima;519,2;BR-153/GO;Norte;Colisão Traseira;;;;1;1;;;;;;45;;;1;1
24/03/2019;05:28:00;53;sem vítima;505,8;BR-153/GO;Sul;Choque - Arvore;1;;;;;;;;;;1;;;;
24/03/2019;08:11:00;92;com vítima;377,37;BR-262/MG;Leste;Colisão Frontal;1;;;1;;;;;;;1;;1;;
24/03/2019;10:27:00;177;com vítima;353,879;BR-262/MG;Leste;Queda de Moto;;;;1;;;;;;;0;2;;;
24/03/2019;15:02:00;277;sem vítima;30,2;BR-153/MG;Sul;Capotamento;1;;1;;;;;;;;2;;;;
24/03/2019;16:13:00;314;sem vítima;801;BR-262/MG;Leste;Colisão Traseira;2;;;;;;;;;;6;;;;
24/03/2019;16:46:00;330;sem vítima;505,8;BR-153/GO;Norte;Colisão Lateral;2;;;;;;;;;;2;;;;
24/03/2019;18:19:00;362;com vítima;50,1;BR-060/GO;Sul;Colisão Traseira;2;;;;;;;;;;6;2;;;
24/03/2019;19:07:00;383;sem vítima;4,7;BR-060/DF;Sul;Engavetamento;4;;;;;;;;;;5;;;;
24/03/2019;20:40:00;418;sem vítima;446;BR-262/MG;Leste;Saida de Pista;;;;;;;;;;1;2;;;;
25/03/2019;01:21:00;25;com vítima;511,5;BR-153/GO;Norte;Queda de Moto;;;;1;;;;;;;1;1;;;
25/03/2019;07:07:00;68;com vítima;31,399;BR-060/GO;Norte;Atropelamento de Animal;;;;1;;;;;;;0;1;;;
25/03/2019;07:33:00;78;com vítima;101;BR-060/GO;Norte;Choque - Elemento de Drenagem;1;;;;;;;;;;2;1;;;
25/03/2019;09:10:00;160;com vítima;795;BR-262/MG;Leste;Capotamento;1;;;;;;;;;;0;3;;;
25/03/2019;09:24:00;173;sem vítima;499;BR-153/GO;Norte;Colisão Lateral;1;;1;;;;;;;;2;;;;
25/03/2019;09:29:00;177;sem vítima;500;BR-153/GO;Norte;Colisão Lateral;1;;1;;;;;;;;2;;;;
25/03/2019;10:14:00;195;com vítima;622,3;BR-153/GO;Sul;Choque - Elemento de Drenagem;1;;;;;;;;;;0;1;;;
25/03/2019;11:56:00;264;com vítima;53,253;BR-060/GO;Norte;Capotamento;1;;;;;;;;;;2;1;1;;
25/03/2019;15:14:00;352;sem vítima;495,15;BR-153/GO;Sul;Colisão Lateral;1;;1;;;;;;;;2;;;;
25/03/2019;17:05:00;403;com vítima;499;BR-153/GO;Norte;Queda de Moto;;;;1;;;;;;;0;2;;;
26/03/2019;07:32:00;82;sem vítima;502;BR-153/GO;Norte;Engavetamento;2;;;;;;;;;1;5;;;;
26/03/2019;08:58:00;137;sem vítima;417,7;BR-262/MG;Oeste;Tombamento;;;1;;;;;;;;1;;;;
26/03/2019;09:59:00;188;sem vítima;43;BR-060/GO;Sul;Choque - Outros;;;1;;;;;;;;1;;;;
26/03/2019;14:47:00;346;com vítima;114,9;BR-060/GO;Sul;Tombamento;;;1;;;;;;;;0;1;;;
26/03/2019;16:21:00;401;com vítima;510,712;BR-153/GO;Norte;Choque - Suporte de Sinalização;;;1;;;;;;;;0;1;;;
26/03/2019;18:19:00;465;sem vítima;502,8;BR-153/GO;Sul;Colisão Traseira;1;;;;;;;;;1;4;;;;
26/03/2019;21:45:00;547;sem vítima;89;BR-060/GO;Sul;Colisão Traseira;1;;1;;;;;;;;2;;;;
27/03/2019;07:03:00;85;sem vítima;504;BR-153/GO;Sul;Choque - Defensa, barreira ou "submarino";1;;;;;;;;;;2;;;;
27/03/2019;07:19:00;93;sem vítima;490;BR-153/GO;Norte;Colisão Lateral;1;;1;;;;;;;;3;;;;
27/03/2019;08:14:00;124;sem vítima;508;BR-153/GO;Norte;Colisão Traseira;;;;1;;;;;;;1;;;;
27/03/2019;09:05:00;183;sem vítima;501,5;BR-153/GO;Norte;Colisão Traseira;2;;;;;;;;;;2;;;;
27/03/2019;09:07:00;185;sem vítima;502,8;BR-153/GO;Norte;Colisão Traseira;2;;;;;;;;;;4;;;;
27/03/2019;13:05:00;313;sem vítima;508;BR-153/GO;Norte;Colisão Lateral;;;1;;;;;;;1;2;;;;
27/03/2019;13:23:00;323;sem vítima;127,5;BR-060/GO;Sul;Capotamento;;;1;;;;;;;;2;;;;
27/03/2019;13:59:00;346;com vítima;28;BR-060/DF;Norte;Choque - Talude;1;;;;;;;;;;2;2;;;
27/03/2019;14:55:00;368;sem vítima;575;BR-153/GO;Norte;Choque - Elemento de Drenagem;1;;;;;;;;;;1;;;;
27/03/2019;16:36:00;410;sem vítima;109;BR-060/GO;Norte;Queda de Moto;;;;1;;;;;;;1;;;;
27/03/2019;17:43:00;442;sem vítima;498;BR-153/GO;Sul;Engavetamento;4;;;;;;;;;;5;;;;
28/03/2019;07:28:00;63;sem vítima;28;BR-060/GO;Sul;Choque - Talude;;;;;;;;;;1;2;;;;
28/03/2019;07:36:00;66;sem vítima;504;BR-153/GO;Norte;Colisão Lateral;2;;;;;;;;;;2;;;;