data;horario;n_da_ocorrencia;tipo_de_ocorrencia;km;trecho;sentido;tipo_de_acidente;automovel;bicicleta;caminhao;moto;onibus;outros;tracao_animal;transporte_de_cargas_especiais;trator_maquinas;utilitarios;ilesos;levemente_feridos;moderadamente_feridos;gravemente_feridos;mortos
28/03/2019;07:47:00;74;com vítima;32;BR-153/MG;Norte;Tombamento;;;1;;;;;;;;1;2;;;
28/03/2019;09:44:00;139;sem vítima;372,486;BR-262/MG;Leste;Capotamento;1;;;;;1;;;;;3;;;;
28/03/2019;10:54:00;169;sem vítima;749;BR-262/MG;Leste;Carreta deu L;;;1;;;;;;;;1;;;;
28/03/2019;16:30:00;302;sem vítima;23,9;BR-060/GO;Norte;Colisão Traseira;1;;;;;;;;;;1;;;;
28/03/2019;18:17:00;348;sem vítima;698,7;BR-153/GO;Sul;Capotamento;1;;;;;1;;;;;2;;;;
28/03/2019;18:41:00;357;com vítima;427,4;BR-262/MG;Oeste;Colisão Traseira;1;;1;;;;;;;;1;1;;;
28/03/2019;18:41:00;358;sem vítima;97;BR-060/GO;Norte;Saida de Pista;1;;;;;;;;;;1;;;;
29/03/2019;00:10:00;3;com vítima;509,1;BR-153/GO;Norte;Colisão Traseira;2;;;;;;;;;;0;2;;;
29/03/2019;00:25:00;5;sem vítima;550,9;BR-262/MG;Leste;Colisão Traseira;;;2;;;;;;;;2;;;;
29/03/2019;00:45:00;13;sem vítima;589,05;BR-153/GO;Norte;Saida de Pista;1;;;;;;;;;;2;;;;
29/03/2019;01:55:00;20;sem vítima;357,8;BR-262/MG;Leste;Colisão Traseira;;;2;;;;;;;;2;;;;
29/03/2019;05:53:00;49;com vítima;97;BR-060/GO;Sul;Queda de Moto;;;;1;;;;;;;0;1;;;
29/03/2019;05:55:00;50;com vítima;97,5;BR-060/GO;Sul;Colisão Traseira;2;;;;;;;;;;1;1;;;
29/03/2019;07:25:00;71;com vítima;359;BR-262/MG;Leste;Colisão Transversal;2;;;;;;;;;;0;2;;;
29/03/2019;07:46:00;77;sem vítima;500,85;BR-153/GO;Sul;Colisão Traseira;2;;;;;;;;;;2;;;;
29/03/2019;08:04:00;88;com vítima;501;BR-153/GO;Norte;Atropelamento - Andarilho;;;;1;;;;;;;1;1;1;;
29/03/2019;16:47:00;319;sem vítima;499;BR-153/GO;Sul;Engavetamento;3;;;;;;;;;;4;;;;
29/03/2019;23:08:00;487;sem vítima;777;BR-262/MG;Oeste;Saida de Pista;1;;;;;;;;;;1;;;;
29/03/2019;23:48:00;500;sem vítima;496,1;BR-153/GO;Sul;Colisão Traseira;2;;;;;;;;;;2;;;;
30/03/2019;07:56:00;93;sem vítima;23;BR-060/GO;Sul;Tombamento;1;;;;;1;;;;;4;;;;
30/03/2019;08:18:00;112;com vítima;384;BR-262/MG;Leste;Capotamento;1;;;;;;;;;;0;1;;;
30/03/2019;09:51:00;176;com vítima;18,486;BR-060/GO;Sul;Queda de Moto;;;;1;;;;;;;0;1;;;
30/03/2019;11:02:00;214;com vítima;533,7;BR-153/GO;Sul;Colisão Transversal;;;;2;;;;;;;0;1;2;;
30/03/2019;13:21:00;263;com vítima;462;BR-262/MG;Oeste;Capotamento;1;;;;;;;;;;2;1;1;;
30/03/2019;14:00:00;279;com vítima;823,5;BR-262/MG;Leste;Colisão Traseira;1;;1;;;;;;;;1;;1;;1
30/03/2019;14:04:00;281;com vítima;585;BR-153/GO;Norte;Choque - Outros;1;;;;;;;;;;0;1;;;
30/03/2019;14:08:00;282;sem vítima;506;BR-153/GO;Sul;Colisão Traseira;2;;;;;;;;;;2;;;;
30/03/2019;15:28:00;311;sem vítima;388,5;BR-262/MG;Oeste;Choque - Talude;1;;;;;;;;;;1;;;;
30/03/2019;18:12:00;390;com vítima;456,2;BR-262/MG;Oeste;Colisão Frontal;1;;1;;;;;;;;1;1;;;
30/03/2019;19:14:00;415;com vítima;100,8;BR-060/GO;Sul;Atropelamento - Ciclista;;1;;1;;;;;;;1;;1;;
30/03/2019;21:01:00;453;sem vítima;453;BR-262/MG;Oeste;Saida de Pista;1;;;;;;;;;;1;;;;
30/03/2019;21:02:00;455;com vítima;516;BR-153/GO;Norte;Colisão Traseira;;;1;1;;;;;;;1;;1;;
31/03/2019;03:00:00;37;com vítima;396,5;BR-262/MG;Oeste;Queda de Moto;;;;1;;;;;;;0;1;;;
31/03/2019;07:22:00;67;com vítima;18,2;BR-060/GO;Sul;Queda de Moto;;;;1;;;;;;;0;1;;;
31/03/2019;10:48:00;191;sem vítima;4,7;BR-153/MG;Norte;Saida de Pista;1;;;;;;;;;;2;;;;
31/03/2019;12:23:00;246;sem vítima;646;BR-262/MG;Leste;Saida de Pista;1;;;;;;;;;;1;;;;
31/03/2019;12:45:00;254;com vítima;510;BR-153/GO;Sul;Colisão Lateral;1;;;1;;;;;;;1;1;;;
31/03/2019;13:44:00;274;sem vítima;567;BR-262/MG;Leste;Colisão Traseira;;;2;;;;;;;;2;;;;
31/03/2019;16:52:00;346;com vítima;870;BR-262/MG;Leste;Capotamento;1;;;;;;;;;;0;1;;;
31/03/2019;17:28:00;357;com vítima;428,5;BR-262/MG;Oeste;Queda de Ciclista;;1;;;;;;;;;0;1;;;
31/03/2019;17:29:00;358;com vítima;137;BR-060/GO;Sul;Capotamento;1;;;;;;;;;;3;;2;;
31/03/2019;18:03:00;371;com vítima;375;BR-262/MG;Oeste;Queda de Moto;;;;1;;;;;;;0;;1;;
31/03/2019;19:09:00;414;sem vítima;580,2;BR-262/MG;Leste;Saida de Pista;1;;;;;;;;;;1;;;;
31/03/2019;19:13:00;419;sem vítima;5;BR-060/DF;Sul;Engavetamento;3;;;;;;;;;;3;;;;
31/03/2019;19:17:00;421;sem vítima;137,8;BR-060/GO;Norte;Saida de Pista;1;;;;;;;;;;5;;;;
31/03/2019;19:51:00;434;com vítima;5,599;BR-060/DF;Sul;Colisão Transversal;1;;;1;;;;;;;1;1;;;
31/03/2019;20:29:00;446;sem vítima;1,1;BR-060/DF;Sul;Colisão Traseira;1;;;1;;;;;;;2;;;;
31/03/2019;22:58:00;488;com vítima;2,9;BR-060/DF;Sul;Colisão Lateral;2;;;;;;;;;;1;3;;;
01/04/2019;07:17:00;82;com vítima;505,8;BR-153/GO;Norte;Colisão Traseira;1;;;1;;;;;;;1;2;;;
01/04/2019;13:35:00;256;sem vítima;525,95;BR-153/GO;Norte;Saida de Pista;1;;;;;1;;;;;3;;;;
01/04/2019;15:31:00;306;com vítima;381;BR-262/MG;Leste;Colisão Traseira;1;;1;;;;;;;;1;2;;;
01/04/2019;15:55:00;314;sem vítima;509;BR-153/GO;Norte;Engavetamento;2;;1;;;;;;;;3;;;;
01/04/2019;17:17:00;353;sem vítima;607,4;BR-262/MG;Leste;Saida de Pista;1;;;;;;;;;;1;;;;
01/04/2019;18:52:00;410;sem vítima;501;BR-153/GO;Sul;Engavetamento;3;;;;;;;;;;3;;;;
01/04/2019;20:39:00;452;com vítima;13,4;BR-153/MG;Norte;Tombamento;;;1;;;;;;;;0;1;;;
01/04/2019;21:15:00;463;sem vítima;130,3;BR-060/GO;Sul;Colisão Traseira;;;1;;1;;;;;;2;;;;
01/04/2019;21:28:00;468;sem vítima;362;BR-262/MG;Leste;Choque - Poste;;;;;1;;;;;;1;;;;
01/04/2019;23:22:00;496;sem vítima;694,399;BR-153/GO;Norte;Saida de Pista;1;;;;;;;;;;1;;;;
02/04/2019;06:28:00;50;com vítima;124,2;BR-060/GO;Sul;Choque - Talude;;;;1;;;;;;;0;;1;;
02/04/2019;13:23:00;286;sem vítima;494;BR-153/GO;Sul;Engavetamento;2;;2;;;;;;;;5;;;;
02/04/2019;14:30:00;317;com vítima;508,5;BR-153/GO;Norte;Queda de Ciclista;;;2;1;;;;;;;2;1;;;
02/04/2019;15:13:00;335;sem vítima;554,5;BR-262/MG;Oeste;Colisão Traseira;;;2;;;;;;;;2;;;;
02/04/2019;16:47:00;383;com vítima;439;BR-262/MG;Oeste;Colisão Traseira;1;;;1;;1;;;;;4;1;;;
02/04/2019;17:00:00;387;sem vítima;500,5;BR-153/GO;Sul;Colisão Traseira;2;;;;;;;;;;2;;;;
02/04/2019;17:29:00;399;sem vítima;594;BR-262/MG;Leste;Choque - Talude;;;1;;;;;;;;1;;;;
02/04/2019;17:56:00;413;com vítima;0,5;BR-060/DF;Sul;Colisão Traseira;;;1;1;;;;;;;1;;;;1
03/04/2019;07:32:00;79;sem vítima;507;BR-153/GO;Norte;Colisão Traseira;2;;;;;;;;;;2;;;;
03/04/2019;10:39:00;203;com vítima;13,9;BR-060/DF;Norte;Colisão Traseira;2;;;;;;;;;;3;1;1;;
03/04/2019;11:03:00;221;sem vítima;413;BR-262/MG;Leste;Queda de Moto;;;1;1;;;;;;;3;;;;
03/04/2019;11:58:00;243;com vítima;510;BR-153/GO;Norte;Colisão Lateral;1;;;1;;;;;;;1;1;;;
03/04/2019;17:04:00;380;sem vítima;230,5;BR-153/MG;Norte;Tombamento;1;;1;;;;;;;;3;;;;
03/04/2019;19:43:00;441;com vítima;12;BR-060/GO;Sul;Atropelamento - Morador;;;;;;1;;;;;1;;;;1
03/04/2019;19:44:00;442;com vítima;647,5;BR-153/GO;Norte;Colisão Lateral;;;1;;;;;;;1;4;1;;;
04/04/2019;07:47:00;93;com vítima;4,3;BR-060/DF;Norte;Colisão Traseira;1;;;1;;;;;;;1;1;;;
04/04/2019;08:29:00;111;sem vítima;439;BR-262/MG;Oeste;Choque - Suporte de Sinalização;1;;;;;;;;;;1;;;;
04/04/2019;10:08:00;170;com vítima;26;BR-060/DF;Norte;Capotamento;1;;;;;;;;;;0;1;;;
04/04/2019;13:05:00;268;com vítima;83,8;BR-153/MG;Norte;Tombamento;;;1;;;;;;;;0;1;;;
04/04/2019;13:50:00;290;sem vítima;16,3;BR-153/MG;Sul;Saida de Pista;;;1;;;;;;;;1;;;;
04/04/2019;13:58:00;295;com vítima;408;BR-262/MG;Leste;Capotamento;1;;;;;;;;;;0;2;;;
04/04/2019;15:04:00;335;sem vítima;624;BR-153/GO;Norte;Saida de Pista;1;;;;;;;;;;1;;;;
04/04/2019;15:56:00;354;com vítima;405;BR-262/MG;Leste;Queda de Moto;;;;1;;;;;;;0;1;;;
04/04/2019;16:33:00;362;com vítima;591;BR-153/GO;Norte;Choque - Elemento de Drenagem;;;1;;;;;;;;0;1;;;
04/04/2019;21:39:00;465;com vítima;511,1;BR-153/GO;Sul;Colisão Traseira;1;;1;;;;;;;;1;2;;;
04/04/2019;21:48:00;471;sem vítima;116,5;BR-060/GO;Sul;Saida de Pista;;;1;;;;;;;;1;;;;
04/04/2019;22:24:00;486;com vítima;40;BR-153/MG;Norte;Tombamento;;;1;;;;;;;;0;1;;;
04/04/2019;22:38:00;493;sem vítima;505,05;BR-153/GO;Sul;Queda de Moto;1;;;1;;;;;;;2;;;;
04/04/2019;22:57:00;499;sem vítima;101;BR-060/GO;Norte;Engavetamento;4;;;;;;;;;;4;;;;
04/04/2019;23:16:00;502;sem vítima;56,5;BR-060/GO;Sul;Choque - Suporte de Sinalização;1;;;;;;;;;;1;;;;
04/04/2019;23:41:00;510;sem vítima;779,4;BR-262/MG;Leste;Carreta deu L;;;1;;;;;;;;1;;;;
05/04/2019;00:26:00;10;sem vítima;107,2;BR-153/MG;Sul;Atropelamento de Animal;;;;;1;;;;;;2;;;;
05/04/2019;02:44:00;38;sem vítima;824,1;BR-262/MG;Leste;Choque - Suporte de Sinalização;;;1;;;;;;;;1;;;;
05/04/2019;07:54:00;95;com vítima;499;BR-153/GO;Sul;Engavetamento;5;;;;;;;;;;10;1;;;
05/04/2019;08:21:00;109;sem vítima;498,4;BR-153/GO;Sul;Engavetamento;5;;;;;;;;;;5;;;;
05/04/2019;10:16:00;160;com vítima;628,1;BR-153/GO;Norte;Capotamento;1;;;;;;;;;;0;1;;;
05/04/2019;16:07:00;318;sem vítima;23;BR-060/DF;Sul;Saida de Pista;;;;;;;;;;1;1;;;;
05/04/2019;16:30:00;330;com vítima;79;BR-060/GO;Sul;Colisão Traseira;1;;1;;;;;;;;1;1;;;
05/04/2019;17:22:00;353;sem vítima;499;BR-153/GO;Sul;Choque - Defensa, barreira ou "submarino";1;;;;;;;;;;2;;;;
05/04/2019;20:23:00;454;com vítima;123,599;BR-060/GO;Sul;Capotamento;1;;;;;;;;;;0;2;;;
05/04/2019;22:22:00;496;com vítima;499,199;BR-153/GO;Sul;Capotamento;1;;;;;;;;;;1;1;;;
06/04/2019;01:07:00;15;com vítima;367,67;BR-262/MG;Leste;Queda de Moto;;;;1;;;;;;;1;1;;;
06/04/2019;01:40:00;22;com vítima;673;BR-153/GO;Sul;Tombamento;;;1;;;;;;;;0;1;;;
06/04/2019;02:04:00;30;com vítima;97;BR-060/GO;Sul;Queda de Moto;1;;;;;;;;;;0;1;;;
06/04/2019;03:16:00;45;sem vítima;761,7;BR-262/MG;Oeste;Tombamento;;;1;;;;;;;;1;;;;
06/04/2019;04:43:00;60;com vítima;595;BR-262/MG;Oeste;Colisão Frontal;;;3;;;;;;;;0;2;1;1;
06/04/2019;05:00:00;64;com vítima;500;BR-153/GO;Sul;Colisão Traseira;1;;;1;;1;;;;;2;1;;;
06/04/2019;06:08:00;72;sem vítima;44,3;BR-153/MG;Norte;Tombamento;;;1;;;;;;;;1;;;;
06/04/2019;06:27:00;76;sem vítima;74,299;BR-153/MG;Sul;Colisão Traseira;;;2;;;;;;;;2;;;;
06/04/2019;06:36:00;80;com vítima;505,65;BR-153/GO;Sul;Colisão Traseira;1;;;1;;;;;;;1;;1;;
06/04/2019;07:46:00;105;sem vítima;29,7;BR-060/DF;Norte;Choque - Suporte de Sinalização;1;;;;;;;;;;1;;;;
06/04/2019;09:27:00;143;sem vítima;385;BR-262/MG;Oeste;Capotamento;1;;;;;;;;;;1;;;;
06/04/2019;09:34:00;145;sem vítima;381;BR-262/MG;Oeste;Choque - Talude;1;;;;;;;;;;1;;;;
06/04/2019;09:43:00;148;sem vítima;511,5;BR-153/GO;Sul;Colisão Traseira;1;;;1;;;;;;;2;;;;
06/04/2019;11:26:00;191;sem vítima;81;BR-060/GO;Norte;Capotamento;1;;;;;;;;;;1;;;;
06/04/2019;13:35:00;247;com vítima;575;BR-262/MG;Leste;Colisão Transversal;1;;1;;;;;;;;1;;1;;
06/04/2019;14:40:00;265;sem vítima;358;BR-262/MG;Oeste;Saida de Pista;;;;;;;;;;1;1;;;;
06/04/2019;16:25:00;315;sem vítima;590;BR-153/GO;Sul;Capotamento;1;;;;;;;;;;1;;;;
06/04/2019;16:29:00;317;sem vítima;512,6;BR-153/GO;Sul;Queda de Moto;;;;1;;;;;;;1;;;;
06/04/2019;17:00:00;335;com vítima;522,1;BR-153/GO;Sul;Atropelamento - Morador;;;;;;;;;;1;1;1;;;1
06/04/2019;19:10:00;394;com vítima;137;BR-060/GO;Sul;Colisão Lateral;;;;1;;1;;;;;2;1;;;
06/04/2019;20:57:00;427;com vítima;704,167;BR-262/MG;Oeste;Colisão Lateral;2;;;;;;;;;;1;1;;;
06/04/2019;22:49:00;452;com vítima;12;BR-060/DF;Norte;Saida de Pista;1;;;;;;;;;;0;1;;;
07/04/2019;07:29:00;71;sem vítima;52,3;BR-153/MG;Sul;Capotamento;1;;;;;;;;;;2;;;;
07/04/2019;10:21:00;166;sem vítima;450;BR-262/MG;Leste;Colisão Traseira;2;;;;;;;;;;2;;;;
07/04/2019;13:33:00;242;sem vítima;109;BR-060/GO;Norte;Choque - Elemento de Drenagem;1;;;;;;;;;;1;;;;
07/04/2019;14:30:00;265;sem vítima;103,9;BR-060/GO;Sul;Saida de Pista;1;;;;;;;;;;1;;;;
07/04/2019;14:38:00;268;sem vítima;115,9;BR-060/GO;Sul;Saida de Pista;1;;;;;;;;;;1;;;;
07/04/2019;18:38:00;392;sem vítima;136;BR-060/GO;Sul;Colisão Traseira;2;;;;;;;;;;7;;;;
07/04/2019;19:52:00;418;sem vítima;113;BR-060/GO;Norte;Colisão Lateral;1;;;;;1;;;;;2;;;;
08/04/2019;06:11:00;57;sem vítima;229;BR-153/MG;Sul;Choque - Arvore;;;;;;;;;;1;1;;;;
08/04/2019;07:23:00;78;com vítima;611;BR-262/MG;Leste;Colisão Traseira;;;2;;;;;;;;1;1;;;
08/04/2019;07:48:00;85;sem vítima;607;BR-262/MG;Oeste;Colisão Traseira;1;;1;;;;;;;;3;;;;
08/04/2019;07:56:00;90;com vítima;498;BR-153/GO;Sul;Engavetamento;3;;1;;;;;;;;3;1;;;
08/04/2019;08:09:00;98;com vítima;28;BR-060/DF;Norte;Choque - Suporte de Sinalização;1;;;;;;;;;;0;1;;;
08/04/2019;09:50:00;150;com vítima;584;BR-262/MG;Leste;Capotamento;;;;;;;;;;1;4;2;;;
08/04/2019;10:30:00;177;com vítima;363,6;BR-262/MG;Oeste;Capotamento;1;;;;;;;;;;0;1;;;
08/04/2019;14:18:00;294;com vítima;21,3;BR-153/MG;Sul;Capotamento;1;;;;;;;;;;0;1;;;
08/04/2019;15:30:00;313;com vítima;547,2;BR-262/MG;Oeste;Engavetamento;1;;2;;;;;;;;3;;2;;
08/04/2019;15:59:00;324;sem vítima;129;BR-060/GO;Norte;Colisão Traseira;1;;1;;;;;;;;2;;;;
08/04/2019;16:40:00;338;sem vítima;21,5;BR-060/GO;Sul;Colisão Traseira;2;;;;;;;;;;2;;;;
08/04/2019;17:09:00;342;sem vítima;128,9;BR-060/GO;Norte;Colisão Traseira;2;;;;;;;;;;2;;;;
08/04/2019;18:11:00;368;com vítima;510,07;BR-262/MG;Oeste;Colisão Traseira;2;;;;;;;;;1;6;;1;;
08/04/2019;18:21:00;377;com vítima;830;BR-262/MG;Oeste;Colisão Traseira;2;;;;;;;;;;1;2;;;
08/04/2019;20:24:00;434;sem vítima;608,5;BR-262/MG;Leste;Tombamento;;;1;;;;;;;;1;;;;
08/04/2019;21:08:00;447;sem vítima;383,2;BR-262/MG;Oeste;Tombamento;;;1;;;;;;;;1;;;;
08/04/2019;21:51:00;462;sem vítima;598,2;BR-262/MG;Leste;Saida de Pista;;;;;;;;;;1;1;;;;
09/04/2019;04:23:00;34;com vítima;73,799;BR-153/MG;Norte;Choque - Arvore;;;1;;;;;;;;0;2;;;
09/04/2019;07:28:00;59;sem vítima;1,8;BR-153/MG;Norte;Saida de Pista;;;2;;;;;;;;2;;;;
09/04/2019;08:14:00;83;sem vítima;517;BR-153/GO;Norte;Capotamento;1;;;;;;;;;;1;;;;
09/04/2019;15:36:00;325;sem vítima;503,4;BR-153/GO;Sul;Choque - Defensa, barreira ou "submarino";1;;;;;;;;;;1;;;;
09/04/2019;15:57:00;333;sem vítima;576;BR-262/MG;Leste;Capotamento;;;;;;;;;;1;1;;;;
09/04/2019;16:38:00;347;sem vítima;581;BR-262/MG;Leste;Tombamento;;;1;;;;;;;;2;;;;
09/04/2019;16:25:00;359;sem vítima;686;BR-153/GO;Norte;Choque - Veiculo parado na pista;1;;1;;;;;;;;2;;;;
09/04/2019;17:16:00;366;sem vítima;902;BR-262/MG;Leste;Saida de Pista;1;;;;;;;;;;3;;;;
09/04/2019;18:05:00;390;sem vítima;514;BR-153/GO;Sul;Colisão Lateral;2;;;;;;;;;;2;;;;
09/04/2019;19:24:00;421;sem vítima;59;BR-060/GO;Norte;Choque - Defensa, barreira ou "submarino";1;;;;;;;;;;2;;;;
10/04/2019;08:10:00;83;com vítima;493;BR-153/GO;Sul;Colisão Traseira;;;2;;;;;;;;1;1;1;;
10/04/2019;08:25:00;93;com vítima;516;BR-153/GO;Sul;Atropelamento - Usuário;;;1;;;;;;;;1;;1;;
10/04/2019;09:23:00;121;sem vítima;501;BR-153/GO;Sul;Colisão Lateral;2;;;;;;;;;;2;;;;
10/04/2019;12:31:00;245;sem vítima;114,3;BR-060/GO;Sul;Saida de Pista;;;;;;1;;;;1;2;;;;
10/04/2019;13:22:00;259;sem vítima;98;BR-060/GO;Norte;Colisão Traseira;;;2;;;;;;;;3;;;;
10/04/2019;14:25:00;283;sem vítima;827;BR-262/MG;Leste;Tombamento;;;1;;;;;;;;1;;;;
10/04/2019;14:41:00;292;sem vítima;83;BR-060/GO;Norte;Choque - Elemento de Drenagem;1;;;;;;;;;;1;;;;
10/04/2019;16:25:00;327;sem vítima;509;BR-153/GO;Norte;Colisão Traseira;1;;;;;;;;;1;2;;;;
10/04/2019;17:44:00;361;sem vítima;20;BR-060/GO;Sul;Colisão Traseira;;;1;;;;;;;1;2;;;;
10/04/2019;18:13:00;375;sem vítima;129;BR-060/GO;Sul;Saida de Pista;1;;1;;;;;;;;2;;;;
11/04/2019;06:11:00;57;sem vítima;66;BR-153/MG;Norte;Carreta deu L;;;1;;;;;;;;1;;;;
11/04/2019;06:14:00;58;com vítima;499;BR-153/GO;Sul;Queda de Moto;;;;1;;;;;;;0;1;;;
11/04/2019;07:21:00;88;com vítima;4,65;BR-060/GO;Norte;Capotamento;1;;;;;;;;;;0;1;;;
11/04/2019;07:27:00;92;com vítima;494,3;BR-153/GO;Norte;Atropelamento - Usuário;1;;;1;;;;;;;1;;1;;
11/04/2019;07:59:00;116;sem vítima;495,5;BR-153/GO;Sul;Colisão Traseira;2;;;;;;;;;;2;;;;
11/04/2019;08:40:00;140;sem vítima;97;BR-060/GO;Norte;Colisão Traseira;1;;;;;;;;;1;2;;;;
11/04/2019;08:54:00;151;sem vítima;495;BR-153/GO;Norte;Colisão Traseira;2;;;;;;;;;;2;;;;
11/04/2019;08:54:00;153;com vítima;499;BR-153/GO;Sul;Colisão Traseira;1;;;1;;;;;;;1;1;;;
11/04/2019;16:06:00;351;sem vítima;489;BR-262/MG;Oeste;Colisão Lateral;1;;1;;;;;;;;2;;;;
11/04/2019;17:33:00;395;sem vítima;71,7;BR-153/MG;Sul;Saida de Pista;;;1;;;;;;;;1;;;;
11/04/2019;18:40:00;424;com vítima;504;BR-153/GO;Sul;Queda de Moto;;;;1;;;;;;;0;1;;;
11/04/2019;19:40:00;442;sem vítima;13;BR-060/GO;Norte;Colisão Traseira;1;;;;;1;;;;;2;;;;
12/04/2019;00:16:00;3;com vítima;631,6;BR-153/GO;Sul;Colisão Traseira;1;;1;;;;;;;;1;1;;;
12/04/2019;02:17:00;61;com vítima;523,8;BR-262/MG;Oeste;Tombamento;;;1;;;1;;;;;1;1;;;
12/04/2019;04:10:00;80;sem vítima;557;BR-262/MG;Leste;Tombamento;;;1;;;1;;;;;2;;;;
12/04/2019;05:46:00;92;com vítima;478;BR-262/MG;Oeste;Colisão Transversal;2;;;;;;;;;;4;1;;;
12/04/2019;06:37:00;102;com vítima;520;BR-153/GO;Norte;Queda de Moto;;;;1;;;;;;;1;1;;;
12/04/2019;09:35:00;196;sem vítima;518,7;BR-153/GO;Sul;Choque - Elemento de Drenagem;1;;1;;;;;;;;2;;;;
12/04/2019;11:54:00;271;com vítima;507,5;BR-153/GO;Sul;Colisão Traseira;1;;;1;;1;;;;;2;;1;;
12/04/2019;11:55:00;273;com vítima;246;BR-153/MG;Sul;Saida de Pista;1;;;;;;;;;1;2;1;;;
12/04/2019;11:59:00;275;sem vítima;518,15;BR-153/GO;Sul;Tombamento;;;;;;1;;;;1;2;;;;
12/04/2019;13:28:00;306;com vítima;79;BR-153/MG;Sul;Colisão Lateral;1;;1;;;;;;;;2;2;;;
12/04/2019;15:04:00;345;com vítima;48,1;BR-060/GO;Norte;Choque - Elemento de Drenagem;1;;;;;;;;;;0;;1;;
12/04/2019;16:27:00;380;sem vítima;460;BR-262/MG;Oeste;Colisão Lateral;1;;1;;;;;;;;2;;;;
12/04/2019;16:59:00;392;sem vítima;497;BR-153/GO;Norte;Colisão Lateral;1;;;1;;;;;;;2;;;;
12/04/2019;17:10:00;401;sem vítima;497;BR-153/GO;Sul;Engavetamento;4;;;;;;;;;;4;;;;
12/04/2019;17:24:00;409;sem vítima;499,5;BR-153/GO;Sul;Engavetamento;2;;;;;;;;;;4;;;;
12/04/2019;17:55:00;428;sem vítima;91;BR-060/GO;Sul;Choque - Defensa, barreira ou "submarino";1;;;;;;;;;;1;;;;
12/04/2019;18:01:00;431;sem vítima;46,5;BR-060/GO;Norte;Saida de Pista;1;;;;;;;;;;1;;;;
12/04/2019;18:26:00;440;sem vítima;505;BR-153/GO;Norte;Colisão Traseira;2;;;;;;;;;;2;;;;
12/04/2019;18:43:00;451;com vítima;503;BR-153/GO;Norte;Engavetamento;3;;1;;;;;;;;5;2;;;
12/04/2019;18:47:00;454;com vítima;93;BR-060/GO;Norte;Queda de Moto;;;;1;;;;;;;1;1;;;
12/04/2019;19:09:00;463;com vítima;496;BR-153/GO;Sul;Colisão Lateral;1;;;1;;;;;;;1;1;;;
12/04/2019;20:45:00;499;com vítima;8;BR-060/DF;Sul;Colisão Traseira;1;;;1;;;;;;;1;1;;;
12/04/2019;21:20:00;519;sem vítima;23,699;BR-060/GO;Sul;Choque - Talude;1;;;;;;;;;;1;;;;
12/04/2019;21:56:00;533;sem vítima;100;BR-060/GO;Norte;Engavetamento;2;;1;;;;;;;;3;;;;
12/04/2019;22:31:00;542;com vítima;80;BR-153/MG;Sul;Tombamento;;;1;;;;;;;;0;1;;;
13/04/2019;02:55:00;34;sem vítima;49;BR-060/GO;Norte;Capotamento;1;;;;;;;;;;1;;;;
13/04/2019;05:31:00;55;sem vítima;210;BR-153/MG;Norte;Tombamento;;;1;;;;;;;;1;;;;
13/04/2019;06:22:00;66;com vítima;509;BR-153/GO;Sul;Colisão Lateral;;;1;1;;;;;;;1;1;;;
13/04/2019;07:44:00;98;com vítima;387,5;BR-262/MG;Oeste;Queda de Ciclista;;1;;;;;;;;;0;;1;;
13/04/2019;09:01:00;132;com vítima;10;BR-060/DF;Sul;Queda de Ciclista;;1;;;;;;;;;0;;;1;
13/04/2019;09:45:00;160;sem vítima;460,3;BR-262/MG;Oeste;Tombamento;;;;;;1;;;;1;2;;;;
13/04/2019;11:20:00;209;sem vítima;395;BR-262/MG;Leste;Saida de Pista;;;1;;;;;;;;1;;;;
13/04/2019;15:23:00;327;sem vítima;379;BR-262/MG;Leste;Saida de Pista;;;1;;;;;;;;1;;;;
13/04/2019;15:36:00;335;sem vítima;475;BR-262/MG;Leste;Choque - Defensa, barreira ou "submarino";1;;;;;;;;;;3;;;;
13/04/2019;17:20:00;381;sem vítima;558,6;BR-153/GO;Sul;Choque - Outros;1;;;;;;;;;;1;;;;
13/04/2019;18:32:00;410;sem vítima;549,2;BR-153/GO;Norte;Saida de Pista;1;;;;;;;;;;1;;;;
13/04/2019;19:09:00;422;com vítima;449,95;BR-262/MG;Oeste;Choque - Arvore;1;;;;;;;;;;1;1;;;
13/04/2019;19:52:00;440;sem vítima;437;BR-262/MG;Oeste;Choque - Veiculo parado no acostamento;1;;1;;;;;;;;3;;;;
13/04/2019;20:40:00;453;sem vítima;400;BR-262/MG;Leste;Choque - Elemento de Drenagem;;;1;;;;;;;;1;;;;
14/04/2019;01:47:00;16;sem vítima;470,5;BR-262/MG;Oeste;Saida de Pista;1;;;;;;;;;;1;;;;
14/04/2019;01:49:00;17;sem vítima;652;BR-262/MG;Leste;Tombamento;;;1;;;;;;;;1;;;;
14/04/2019;02:27:00;22;com vítima;33,029;BR-060/GO;Norte;Colisão Traseira;1;;1;;;;;;;;1;2;;;
14/04/2019;08:13:00;89;sem vítima;583;BR-153/GO;Norte;Choque - Arvore;1;;;;;;;;;;2;;;;
14/04/2019;08:19:00;91;com vítima;513;BR-153/GO;Sul;Choque - Veiculo parado na pista;1;;;1;;;;;;;1;;1;;
14/04/2019;10:44:00;136;com vítima;863;BR-262/MG;Oeste;Colisão Traseira;1;;1;;;;;;;;0;1;1;;1
14/04/2019;11:02:00;146;com vítima;131;BR-060/GO;Norte;Choque - Talude;1;;;;;;;;;;0;1;;;
14/04/2019;11:25:00;150;com vítima;659;BR-262/MG;Leste;Capotamento;1;;;;;;;;;;2;2;;;
14/04/2019;12:20:00;165;sem vítima;578;BR-262/MG;Leste;Saida de Pista;1;;;;;;;;;;1;;;;