data;horario;n_da_ocorrencia;tipo_de_ocorrencia;km;trecho;sentido;tipo_de_acidente;automovel;bicicleta;caminhao;moto;onibus;outros;tracao_animal;transporte_de_cargas_especiais;trator_maquinas;utilitarios;ilesos;levemente_feridos;moderadamente_feridos;gravemente_feridos;mortos
14/04/2019;12:28:00;167;com vítima;69;BR-060/GO;Norte;Queda de Moto;;;;1;;;;;;;0;1;;;
14/04/2019;14:18:00;199;sem vítima;577;BR-262/MG;Leste;Capotamento;;;1;;;;;;;;1;;;;
14/04/2019;14:20:00;200;sem vítima;608;BR-262/MG;Oeste;Capotamento;1;;;;;;;;;;1;;;;
14/04/2019;15:33:00;229;sem vítima;430;BR-262/MG;Leste;Tombamento;;;1;;;;;;;;1;;;;
14/04/2019;17:01:00;259;sem vítima;598;BR-262/MG;Leste;Saida de Pista;;;1;;;;;;;;1;;;;
14/04/2019;17:03:00;261;com vítima;542;BR-153/GO;Sul;Capotamento;1;;;;;;;;;;3;1;;;
14/04/2019;17:14:00;265;sem vítima;518;BR-153/GO;Norte;Engavetamento;2;;;;;;;;;1;3;;;;
14/04/2019;18:13:00;287;sem vítima;395;BR-262/MG;Oeste;Saida de Pista;1;;;;;;;;;;3;;;;
14/04/2019;19:36:00;321;sem vítima;156,8;BR-153/MG;Sul;Saida de Pista;1;;;;;;;;;;4;;;;
15/04/2019;02:11:00;22;sem vítima;579,5;BR-262/MG;Leste;Carreta deu L;;;1;;;;;;;;1;;;;
15/04/2019;06:30:00;55;sem vítima;595,5;BR-262/MG;Leste;Tombamento;1;;;;;;;;;;1;;;;
15/04/2019;06:37:00;59;sem vítima;584;BR-262/MG;Leste;Capotamento;1;;;;;;;;;;1;;;;
15/04/2019;07:51:00;85;sem vítima;495;BR-153/GO;Sul;Colisão Traseira;2;;;;;;;;;;2;;;;
15/04/2019;08:08:00;100;sem vítima;240;BR-153/MG;Sul;Colisão Lateral;1;;1;;;1;;;;1;4;;;;
15/04/2019;08:24:00;104;com vítima;501;BR-153/GO;Sul;Choque - Suporte de Sinalização;;;;1;;;;;;;0;1;;;
15/04/2019;11:48:00;204;com vítima;574,6;BR-153/GO;Sul;Choque - Outros;1;;;;;;;;;;0;1;;;
15/04/2019;12:26:00;222;com vítima;602,5;BR-153/GO;Norte;Capotamento;1;;;;;;;;;;0;2;;;
15/04/2019;12:30:00;225;com vítima;353,5;BR-262/MG;Oeste;Engavetamento;;;3;;;;;;;;2;1;;;
15/04/2019;14:49:00;278;sem vítima;97;BR-060/GO;Norte;Colisão Lateral;1;;2;;;;;;;;3;;;;
15/04/2019;15:29:00;290;sem vítima;381;BR-262/MG;Oeste;Tombamento;1;;;;;;;;;;1;;;;
15/04/2019;15:57:00;300;sem vítima;379;BR-262/MG;Oeste;Choque - Elemento de Drenagem;;;;;;;;;;1;1;;;;
15/04/2019;16:07:00;304;com vítima;90;BR-060/GO;Sul;Queda de Moto;;;;1;;;;;;;1;1;;;
15/04/2019;16:57:00;323;sem vítima;372,9;BR-262/MG;Oeste;Choque - Elemento de Drenagem;1;;;;;;;;;;1;;;;
15/04/2019;21:19:00;412;sem vítima;11,4;BR-060/DF;Norte;Capotamento;1;;;;;;;;;;1;;;;
15/04/2019;23:47:00;444;sem vítima;137;BR-060/GO;Norte;Colisão Traseira;2;;;;;;;;;;2;;;;
16/04/2019;02:52:00;28;com vítima;82,6;BR-153/MG;Sul;Choque - Defensa, barreira ou "submarino";;;3;;;;;;;;2;;;;1
16/04/2019;03:09:00;30;com vítima;10;BR-153/MG;Sul;Capotamento;1;;;;;;;;;;0;1;;;
16/04/2019;04:25:00;39;sem vítima;447;BR-262/MG;Oeste;Saida de Pista;1;;;;;;;;;;1;;;;
16/04/2019;06:12:00;56;sem vítima;129;BR-060/GO;Sul;Colisão Traseira;;;1;;;;;;;1;2;;;;
16/04/2019;06:31:00;58;sem vítima;501;BR-153/GO;Norte;Colisão Traseira;2;;;;;;;;;;2;;;;
16/04/2019;07:44:00;80;sem vítima;83;BR-153/MG;Sul;Tombamento;;;1;;;;;;;;1;;;;
16/04/2019;08:38:00;112;sem vítima;385;BR-262/MG;Oeste;Tombamento;1;;;;;;;;;;1;;;;
16/04/2019;09:54:00;143;sem vítima;558,2;BR-153/GO;Sul;Choque - Elemento de Drenagem;1;;;;;;;;;;2;;;;
16/04/2019;10:51:00;174;sem vítima;380;BR-262/MG;Leste;Tombamento;1;;;;;;;;;;1;;;;
16/04/2019;10:55:00;176;sem vítima;508;BR-153/GO;Norte;Colisão Traseira;2;;;;;;;;;;2;;;;
16/04/2019;11:33:00;201;sem vítima;395;BR-262/MG;Oeste;Colisão Lateral;;;1;;;;;;;1;2;;;;
16/04/2019;12:17:00;221;com vítima;651;BR-262/MG;Oeste;Colisão Frontal;1;;1;;;;;;;;1;;1;;
16/04/2019;12:49:00;231;sem vítima;633;BR-153/GO;Sul;Colisão Lateral;2;;;;;;;;;;3;;;;
16/04/2019;16:45:00;331;com vítima;611;BR-153/GO;Norte;Capotamento;1;;;;;;;;;;0;2;;;
16/04/2019;17:10:00;341;sem vítima;594;BR-262/MG;Oeste;Colisão Traseira;;;1;1;;;;;;;2;;;;
16/04/2019;22:06:00;440;sem vítima;497,6;BR-153/GO;Norte;Colisão Lateral;2;;;;;;;;;;2;;;;
16/04/2019;22:28:00;445;sem vítima;410,668;BR-262/MG;Leste;Tombamento;;;1;;;;;;;;1;;;;
16/04/2019;22:41:00;447;sem vítima;499;BR-153/GO;Sul;Queda de Moto;;;;1;;;;;;;1;;;;
17/04/2019;00:59:00;18;sem vítima;509,899;BR-153/GO;Sul;Queda de Moto;;;;1;;;;;;;1;;;;
17/04/2019;02:06:00;29;com vítima;58,799;BR-060/GO;Norte;Choque - Defensa, barreira ou "submarino";1;;;;;;;;;;0;;1;;
17/04/2019;03:40:00;41;com vítima;420,471;BR-262/MG;Oeste;Tombamento;;;1;;;;;;;;0;1;;;
17/04/2019;06:51:00;70;sem vítima;378;BR-262/MG;Leste;Tombamento;1;;;;;;;;;;1;;;;
17/04/2019;07:30:00;86;com vítima;505,3;BR-153/GO;Norte;Colisão Traseira;1;;;1;;;;;;;1;1;;;
17/04/2019;07:34:00;87;sem vítima;608;BR-153/GO;Sul;Choque - Talude;1;;;;;;;;;;2;;;;
17/04/2019;08:05:00;103;com vítima;499;BR-153/GO;Sul;Colisão Traseira;1;;;1;;;;;;;1;;1;;
17/04/2019;08:10:00;109;sem vítima;95;BR-060/GO;Norte;Colisão Traseira;2;;;;;;;;;;2;;;;
17/04/2019;08:33:00;126;sem vítima;129,5;BR-060/GO;Sul;Colisão Traseira;1;;;1;;;;;;;2;;;;
17/04/2019;08:50:00;134;com vítima;554;BR-153/GO;Norte;Capotamento;1;;;;;;;;;;2;1;;;
17/04/2019;15:13:00;312;sem vítima;600;BR-153/GO;Norte;Saida de Pista;2;;;;;;;;;;2;;;;
17/04/2019;18:06:00;396;sem vítima;371,2;BR-262/MG;Leste;Saida de Pista;1;;;;;;;;;;1;;;;
17/04/2019;18:47:00;411;com vítima;224,8;BR-153/MG;Norte;Colisão Frontal;1;;;;;;;;;1;1;1;1;;
17/04/2019;23:51:00;510;sem vítima;616,299;BR-153/GO;Sul;Capotamento;1;;;;;;;;;;1;;;;
18/04/2019;04:42:00;45;sem vítima;858;BR-262/MG;Leste;Capotamento;1;;;;;;;;;;1;;;;
18/04/2019;05:52:00;48;sem vítima;109;BR-060/GO;Norte;Colisão Traseira;2;;;;;;;;;;2;;;;
18/04/2019;11:21:00;190;sem vítima;671,5;BR-153/GO;Norte;Colisão Traseira;;;2;;;;;;;;2;;;;
18/04/2019;12:34:00;224;com vítima;87;BR-060/GO;Sul;Capotamento;;;;1;;;;;;;0;1;;;
18/04/2019;13:33:00;254;sem vítima;832;BR-262/MG;Leste;Choque - Defensa, barreira ou "submarino";1;;;;;;;;;;1;;;;
18/04/2019;13:41:00;258;com vítima;496;BR-153/GO;Sul;Queda de Moto;;;;1;;;;;;;0;2;;;
18/04/2019;16:15:00;345;com vítima;534;BR-153/GO;Sul;Queda de Moto;;;;1;;;;;;;0;1;1;;
18/04/2019;16:27:00;353;com vítima;55;BR-060/GO;Norte;Colisão Traseira;1;;;1;;;;;;;1;;1;;
18/04/2019;16:57:00;370;com vítima;25;BR-060/GO;Sul;Choque - Suporte de Sinalização;;;1;;;;;;;;0;1;;;
18/04/2019;17:08:00;378;com vítima;6;BR-060/GO;Norte;Tombamento;;;1;;;;;;;;1;1;;;
18/04/2019;17:26:00;389;com vítima;499;BR-153/GO;Sul;Colisão Traseira;1;;;1;;;;;;;1;1;;;
18/04/2019;19:45:00;466;sem vítima;501;BR-153/GO;Sul;Engavetamento;1;;2;;;;;;;;5;;;;
18/04/2019;20:43:00;494;com vítima;359;BR-262/MG;Leste;Queda de Moto;1;;;1;;;;;;;1;1;1;;
18/04/2019;21:51:00;531;com vítima;513;BR-153/GO;Norte;Queda de Moto;;;;1;;;;;;;0;1;;;
19/04/2019;00:40:00;21;com vítima;491;BR-153/GO;Sul;Queda de Moto;;;;1;;;;;;;0;;1;;
19/04/2019;03:51:00;51;com vítima;497;BR-153/GO;Sul;Queda de Moto;;;;1;;;;;;;0;1;;;
19/04/2019;05:02:00;58;sem vítima;436;BR-262/MG;Leste;Saida de Pista;1;;;;;;;;;;3;;;;
19/04/2019;08:17:00;105;sem vítima;501;BR-153/GO;Norte;Colisão Traseira;1;;1;;;;;;;;2;;;;
19/04/2019;09:18:00;138;com vítima;591;BR-262/MG;Oeste;Queda de Moto;;;;1;;;;;;;0;2;;;
19/04/2019;10:35:00;208;com vítima;132,5;BR-153/MG;Sul;Colisão Traseira;;;;2;;;;;;;0;1;1;;
19/04/2019;19:10:00;454;sem vítima;1,2;BR-060/GO;Norte;Saida de Pista;1;;;;;;;;;;2;;;;
20/04/2019;01:07:00;17;com vítima;4,6;BR-060/DF;Norte;Queda de Moto;;;;1;;;;;;;0;1;;;
20/04/2019;01:47:00;30;com vítima;513;BR-153/GO;Norte;Queda de Moto;1;;;1;;;;;;;1;1;;;
20/04/2019;06:14:00;51;sem vítima;94;BR-060/GO;Norte;Saida de Pista;1;;;;;;;;;;1;;;;
20/04/2019;09:55:00;130;com vítima;496;BR-153/GO;Sul;Engavetamento;1;;;1;;;;;;1;2;;1;;
20/04/2019;18:43:00;399;com vítima;101,6;BR-060/GO;Sul;Atropelamento - Morador;1;;;;;;;;;;1;;;;1
20/04/2019;18:55:00;408;com vítima;493,4;BR-153/GO;Norte;Queda de Moto;;;;1;;;;;;;0;1;;;
20/04/2019;20:12:00;437;sem vítima;396,4;BR-262/MG;Oeste;Queda de Moto;;;;1;;;;;;;2;;;;
20/04/2019;21:01:00;465;sem vítima;371;BR-262/MG;Oeste;Choque - Suporte de Sinalização;1;;;;;;;;;;1;;;;
20/04/2019;22:09:00;489;com vítima;503,3;BR-153/GO;Sul;Queda de Moto;;;;1;;;;;;;0;1;;;
20/04/2019;23:28:00;508;sem vítima;699,299;BR-153/GO;Norte;Choque - Talude;1;;;;;;;;;;1;;;;
20/04/2019;23:40:00;512;sem vítima;584,299;BR-153/GO;Sul;Saida de Pista;;;1;;;;;;;;1;;;;
21/04/2019;01:07:00;7;com vítima;369,6;BR-262/MG;Oeste;Atropelamento - Ciclista;1;;;;;;;;;;1;;;;1
21/04/2019;07:44:00;63;com vítima;106,6;BR-060/GO;Sul;Queda de Moto;;;;1;;;;;;;0;2;;;
21/04/2019;10:09:00;108;sem vítima;665;BR-153/GO;Norte;Saida de Pista;;;;;;;;;;1;1;;;;
21/04/2019;10:42:00;129;sem vítima;58;BR-153/MG;Norte;Colisão Traseira;;;2;;;;;;;;2;;;;
21/04/2019;11:09:00;147;com vítima;534,2;BR-153/GO;Norte;Queda de Moto;;;;1;;;;;;;0;1;;;
21/04/2019;13:23:00;198;com vítima;16;BR-060/GO;Norte;Queda de Moto;;;;1;;;;;;;1;1;;;
21/04/2019;16:44:00;317;com vítima;507,3;BR-153/GO;Norte;Colisão Traseira;1;;;1;;;;;;;1;1;;;
21/04/2019;16:48:00;320;sem vítima;491;BR-153/GO;Norte;Tombamento;;;1;;;;;;;;1;;;;
21/04/2019;17:27:00;349;sem vítima;450,5;BR-262/MG;Oeste;Colisão Traseira;2;;;;;;;;;;2;;;;
21/04/2019;17:44:00;361;com vítima;401;BR-262/MG;Leste;Capotamento;1;;;;;;;;;;2;1;;;
21/04/2019;19:02:00;408;sem vítima;81,9;BR-153/MG;Norte;Saida de Pista;1;;;;;;;;;;5;;;;
21/04/2019;22:19:00;492;sem vítima;46,2;BR-060/GO;Norte;Colisão Traseira;1;;1;;;;;;;;2;;;;
21/04/2019;22:28:00;498;sem vítima;4,9;BR-060/GO;Norte;Choque - Talude;;;;;;;;;;1;1;;;;
22/04/2019;06:10:00;67;com vítima;32;BR-153/MG;Norte;Tombamento;;;1;;;;;;;;0;1;;;
22/04/2019;06:43:00;74;sem vítima;442;BR-262/MG;Oeste;Capotamento;1;;;;;;;;;;4;;;;
22/04/2019;06:45:00;76;sem vítima;470,3;BR-262/MG;Oeste;Colisão Lateral;1;;1;;;;;;;;2;;;;
22/04/2019;07:15:00;89;sem vítima;501;BR-153/GO;Sul;Engavetamento;2;;;;;;;;;1;3;;;;
22/04/2019;08:20:00;125;sem vítima;363;BR-262/MG;Oeste;Colisão Traseira;1;;1;;;;;;;;2;;;;
22/04/2019;08:26:00;129;sem vítima;498;BR-153/GO;Sul;Engavetamento;4;;;;;;;;;;4;;;;
22/04/2019;12:53:00;252;sem vítima;514;BR-153/GO;Norte;Colisão Lateral;2;;;;;;;;;;2;;;;
22/04/2019;15:23:00;303;sem vítima;28;BR-060/GO;Norte;Capotamento;1;;;;;;;;;;2;;;;
22/04/2019;16:39:00;334;sem vítima;34;BR-060/GO;Norte;Choque - Talude;1;;;;;;;;;;2;;;;
22/04/2019;18:44:00;394;com vítima;356;BR-262/MG;Oeste;Engavetamento;4;;1;1;;;;;;;5;2;;;
22/04/2019;18:49:00;399;com vítima;509;BR-153/GO;Sul;Colisão Lateral;;;;2;;;;;;;1;;1;;
23/04/2019;05:58:00;50;com vítima;420;BR-262/MG;Oeste;Colisão Traseira;;;1;;;1;;;;;2;;1;;
23/04/2019;06:55:00;60;sem vítima;40,4;BR-060/GO;Norte;Colisão Traseira;1;;1;;;;;;;;2;;;;
23/04/2019;07:49:00;82;com vítima;507,8;BR-153/GO;Norte;Queda de Moto;;;;1;;;;;;;0;1;;;
23/04/2019;07:52:00;85;sem vítima;654;BR-153/GO;Norte;Choque - Elemento de Drenagem;1;;;;;;;;;;4;;;;
23/04/2019;11:08:00;185;sem vítima;235;BR-153/MG;Sul;Colisão Traseira;;;;;;;;;;1;1;;;;
23/04/2019;12:25:00;222;com vítima;17;BR-060/DF;Norte;Choque - Arvore;1;;;;;;;;;;0;1;;;
23/04/2019;12:35:00;227;sem vítima;608;BR-262/MG;Leste;Capotamento;;;;;;;;;;1;1;;;;
23/04/2019;13:48:00;258;sem vítima;483;BR-262/MG;Leste;Colisão Lateral;3;;1;;;1;;;;;6;;;;
23/04/2019;13:50:00;260;sem vítima;47;BR-153/MG;Sul;Capotamento;1;;;;;;;;;;2;;;;
23/04/2019;14:22:00;276;sem vítima;127;BR-060/GO;Norte;Capotamento;;;;;;;;;;1;1;;;;
23/04/2019;14:38:00;282;com vítima;23;BR-060/DF;Sul;Capotamento;1;;;;;;;;;;4;;1;;
23/04/2019;20:35:00;416;sem vítima;663;BR-153/GO;Sul;Choque - Defensa, barreira ou "submarino";1;;;;;;;;;;5;;;;
23/04/2019;22:32:00;443;sem vítima;364;BR-262/MG;Leste;Saida de Pista;1;;;;;;;;;;1;;;;
24/04/2019;07:42:00;89;sem vítima;92;BR-153/MG;Sul;Tombamento;;;1;;;;;;;;1;;;;
24/04/2019;10:47:00;190;com vítima;118;BR-060/GO;Norte;Colisão Transversal;1;;;1;;;;;;;1;1;;;
24/04/2019;18:41:00;383;sem vítima;498;BR-153/GO;Sul;Engavetamento;3;;;;;;;;;;3;;;;
24/04/2019;19:03:00;388;com vítima;504,1;BR-153/GO;Sul;Queda de Moto;;;;1;;;;;;;0;1;;;
24/04/2019;22:46:00;453;com vítima;15,199;BR-060/GO;Sul;Choque - Talude;1;;;;;;;;;;1;1;;;
25/04/2019;00:08:00;3;com vítima;601;BR-262/MG;Oeste;Colisão Frontal;;;3;;;;;;;;2;;;;1
25/04/2019;00:30:00;8;sem vítima;473;BR-262/MG;Leste;Tombamento;;;1;;;;;;;;1;;;;
25/04/2019;14:37:00;269;com vítima;504;BR-153/GO;Sul;Queda de Moto;;;;1;;;;;;;0;;1;;
25/04/2019;16:55:00;333;com vítima;94,5;BR-060/GO;Norte;Colisão Lateral;1;;;1;;;;;;;2;1;;;
26/04/2019;00:32:00;11;com vítima;589,2;BR-153/GO;Sul;Tombamento;;;1;;;;;;;;1;1;;;
26/04/2019;03:12:00;41;sem vítima;68,5;BR-153/MG;Sul;Saida de Pista;;;1;;;;;;;;1;;;;
26/04/2019;05:37:00;57;com vítima;57;BR-153/MG;Norte;Colisão Traseira;1;;1;;;;;;;;1;;;1;
26/04/2019;08:52:00;137;com vítima;30;BR-060/GO;Sul;Colisão Lateral;;;1;;;;;;;1;2;1;;;
26/04/2019;09:05:00;147;sem vítima;683;BR-153/GO;Sul;Colisão Traseira;1;;1;;;;;;;;2;;;;
26/04/2019;10:39:00;200;com vítima;504;BR-153/GO;Norte;Colisão Lateral;1;;;1;;;;;;;1;1;;;
26/04/2019;11:08:00;218;sem vítima;212;BR-153/MG;Sul;Colisão Lateral;1;;1;;;;;;;;4;;;;
26/04/2019;13:25:00;272;com vítima;89;BR-060/GO;Norte;Colisão Traseira;;;2;;;;;;;;2;1;;;
26/04/2019;14:13:00;301;sem vítima;437;BR-262/MG;Oeste;Choque - Talude;;;1;;;;;;;;1;;;;
26/04/2019;17:10:00;378;com vítima;493,5;BR-153/GO;Norte;Atropelamento - Usuário;1;;;;;;;;;;0;;1;;1
26/04/2019;17:14:00;381;sem vítima;501;BR-153/GO;Sul;Engavetamento;1;;1;;;;;;;1;3;;;;
26/04/2019;21:18:00;499;com vítima;441;BR-262/MG;Leste;Colisão Traseira;;;1;2;;;;;;;1;2;;;
26/04/2019;21:43:00;511;sem vítima;506;BR-153/GO;Sul;Capotamento;1;;;;;;;;;;1;;;;
26/04/2019;23:17:00;542;sem vítima;871;BR-262/MG;Oeste;Saida de Pista;1;;;;;;;;;;1;;;;
27/04/2019;05:53:00;55;sem vítima;461;BR-262/MG;Oeste;Atropelamento de Animal;;;;1;;;;;;;1;;;;
27/04/2019;07:39:00;87;sem vítima;363;BR-262/MG;Oeste;Choque - Elemento de Drenagem;1;;;;;;;;;;1;;;;
27/04/2019;08:01:00;96;sem vítima;677,8;BR-262/MG;Oeste;Colisão Traseira;1;;;;;;;;;1;2;;;;
27/04/2019;13:14:00;223;sem vítima;138;BR-153/MG;Norte;Choque - Poste;1;;1;;;;;;;;2;;;;
27/04/2019;13:48:00;245;com vítima;509;BR-153/GO;Norte;Queda de Moto;;;1;1;;;;;;;1;1;;;
27/04/2019;14:27:00;269;sem vítima;641;BR-153/GO;Norte;Colisão Traseira;1;;;;;;;;;;2;;;;
27/04/2019;16:45:00;331;com vítima;0,3;BR-153/MG;Sul;Choque - Suporte de Sinalização;1;;;;;;;;;;0;;1;;
27/04/2019;16:53:00;337;sem vítima;355;BR-262/MG;Leste;Capotamento;1;;;;;;;;;;1;;;;
27/04/2019;16:56:00;338;sem vítima;438;BR-262/MG;Oeste;Queda de Moto;;;;1;;;;;;;2;;;;
27/04/2019;16:59:00;341;com vítima;29;BR-060/DF;Norte;Capotamento;1;;;;;;;;;;1;1;1;;
27/04/2019;17:36:00;361;sem vítima;94;BR-060/GO;Norte;Colisão Traseira;1;;1;;;;;;;;2;;;;
28/04/2019;05:32:00;39;com vítima;380;BR-262/MG;Oeste;Capotamento;1;;;;;;;;;;0;1;;;
28/04/2019;07:28:00;61;com vítima;111;BR-060/GO;Sul;Capotamento;1;;;;;;;;;;0;1;1;;
28/04/2019;11:39:00;166;com vítima;3;BR-060/DF;Sul;Capotamento;1;;;;;;;;;1;3;1;;;
28/04/2019;15:50:00;284;sem vítima;549;BR-262/MG;Leste;Colisão Lateral;1;;1;;;;;;;;2;;;;
28/04/2019;16:09:00;295;sem vítima;82,5;BR-060/GO;Norte;Capotamento;1;;;;;;;;;;1;;;;
28/04/2019;16:22:00;305;com vítima;238;BR-153/MG;Norte;Choque - Arvore;;;1;;;;;;;;0;;1;;
28/04/2019;19:04:00;375;com vítima;495;BR-153/GO;Sul;Colisão Traseira;;;1;1;;;;;;;2;;1;;
28/04/2019;21:47:00;433;sem vítima;505,8;BR-153/GO;Norte;Choque - Defensa, barreira ou "submarino";1;;;;;;;;;;1;;;;
28/04/2019;22:21:00;447;sem vítima;210;BR-153/MG;Sul;Capotamento;1;;;;;;;;;;1;;;;
28/04/2019;23:12:00;464;com vítima;409,67;BR-262/MG;Leste;Atropelamento de Animal;;;;1;;;;;;;0;1;;;
29/04/2019;04:00:00;26;com vítima;497,1;BR-153/GO;Norte;Colisão Lateral;1;;;1;;;;;;;1;1;;;
29/04/2019;07:06:00;55;com vítima;490,4;BR-153/GO;Norte;Colisão Lateral;;1;;1;;;;;;;1;1;;;
29/04/2019;09:29:00;131;sem vítima;137;BR-060/GO;Norte;Colisão Traseira;1;;1;;;;;;;;2;;;;
29/04/2019;10:44:00;177;com vítima;496;BR-153/GO;Norte;Atropelamento - Andarilho;1;;;;;;;;;;1;;;1;
29/04/2019;11:36:00;216;sem vítima;496;BR-153/GO;Norte;Objeto lançado contra veículo;2;;1;;;;;;;;3;;;;
29/04/2019;11:37:00;217;sem vítima;480,4;BR-262/MG;Oeste;Saida de Pista;;;;;;;;;;1;2;;;;
29/04/2019;19:36:00;412;sem vítima;505,6;BR-153/GO;Norte;Choque - Defensa, barreira ou "submarino";1;;1;;;;;;;;2;;;;
29/04/2019;23:35:00;484;com vítima;509,3;BR-153/GO;Sul;Queda de Moto;;;;1;;;;;;;0;1;;;
30/04/2019;07:29:00;64;sem vítima;495,399;BR-153/GO;Sul;Colisão Traseira;2;;;;;;;;;;2;;;;
30/04/2019;09:46:00;126;com vítima;508,4;BR-153/GO;Norte;Queda de Moto;;;1;1;;;;;;;1;;1;;
30/04/2019;16:14:00;296;sem vítima;572,7;BR-153/GO;Norte;Choque - Objeto não identificado;1;;;;;;;;;;3;;;;
30/04/2019;17:49:00;335;com vítima;514;BR-153/GO;Sul;Queda de Ciclista;;;;1;;;;;;;0;1;;;
30/04/2019;18:20:00;349;com vítima;516;BR-153/GO;Norte;Colisão Lateral;;1;;1;;;;;;;0;1;1;;
30/04/2019;18:46:00;362;sem vítima;105;BR-060/GO;Sul;Capotamento;1;;;;;;;;;;1;;;;
30/04/2019;19:27:00;373;com vítima;32;BR-060/GO;Norte;Choque - Arvore;1;;;;;;;;;;0;1;;;
30/04/2019;19:43:00;377;sem vítima;593;BR-153/GO;Norte;Choque - Elemento de Drenagem;1;;;;;;;;;;1;;;;
01/06/2019;00:04:00;1;sem vítima;8;BR-153/MG;Sul;Saida de Pista;;;1;;;;;;;1;2;;;;
01/06/2019;07:38:00;71;sem vítima;3;BR-060/DF;Sul;Colisão Traseira;1;;1;;;;;;;;2;;;;
01/06/2019;10:37:00;169;sem vítima;570;BR-153/GO;Sul;Colisão Traseira;;;1;;;;;;;;1;;;;
01/06/2019;11:54:00;203;sem vítima;497;BR-153/GO;Sul;Choque - Poste;1;;;;;;;;;;1;;;;
01/06/2019;12:25:00;212;sem vítima;497;BR-153/GO;Sul;Colisão Traseira;1;;1;;;;;;;;2;;;;
01/06/2019;17:04:00;317;sem vítima;30,8;BR-060/GO;Norte;Colisão Lateral;1;;1;;;;;;;;2;;;;
02/06/2019;02:08:00;22;com vítima;431;BR-262/MG;Oeste;Colisão Traseira;2;;;;;;;;;;6;;1;;
02/06/2019;07:48:00;85;sem vítima;368,9;BR-262/MG;Leste;Capotamento;1;;;;;;;;;;1;;;;
02/06/2019;07:52:00;88;com vítima;50,5;BR-153/MG;Sul;Capotamento;;;;;;;;;;1;2;2;;;
02/06/2019;09:03:00;112;com vítima;575;BR-262/MG;Oeste;Capotamento;1;;;;;;;;;;4;1;;;
02/06/2019;11:09:00;168;sem vítima;94;BR-060/GO;Norte;Choque - Outros;1;;;;;;;;;;2;;;;
02/06/2019;11:41:00;182;com vítima;452,5;BR-262/MG;Oeste;Colisão Traseira;1;;1;;;;;;;;2;1;;;
02/06/2019;12:07:00;191;sem vítima;95;BR-060/GO;Sul;Capotamento;1;;;;;;;;;;2;;;;
02/06/2019;12:57:00;212;sem vítima;120;BR-060/GO;Norte;Colisão Lateral;1;;1;;;;;;;;3;;;;
02/06/2019;18:52:00;354;sem vítima;43,2;BR-153/MG;Norte;Tombamento;;;1;;;;;;;;1;;;;
02/06/2019;19:45:00;372;sem vítima;748;BR-262/MG;Oeste;Colisão Lateral;1;;1;;;;;;;;2;;;;
02/06/2019;19:46:00;373;com vítima;802,2;BR-262/MG;Leste;Colisão Traseira;1;;;1;;;;;;;1;1;;;
02/06/2019;22:51:00;420;com vítima;500,8;BR-153/GO;Sul;Queda de Moto;;;;1;;;;;;;0;;1;;
03/06/2019;06:36:00;53;com vítima;447,5;BR-262/MG;Leste;Colisão Transversal;2;;;1;;;;;;;7;1;;;
03/06/2019;06:53:00;57;com vítima;696,157;BR-153/GO;Sul;Colisão Lateral;1;;;1;;;;;;;1;1;;;
03/06/2019;09:33:00;163;sem vítima;111;BR-060/GO;Norte;Colisão Lateral;1;;;;;;;;;;1;;;;
03/06/2019;12:12:00;269;sem vítima;24,5;BR-153/MG;Sul;Capotamento;;;;;;;;;;1;1;;;;
03/06/2019;12:37:00;280;com vítima;410;BR-262/MG;Oeste;Choque - Talude;1;;;;;;;;;;1;3;;;
03/06/2019;15:38:00;356;sem vítima;587;BR-262/MG;Leste;Capotamento;1;;;;;;;;;;1;;;;
03/06/2019;16:09:00;372;sem vítima;582;BR-262/MG;Leste;Choque - Talude;1;;;;;;;;;;1;;;;
03/06/2019;17:21:00;397;sem vítima;355;BR-262/MG;Oeste;Choque - Defensa, barreira ou "submarino";;;1;;;;;;;;1;;;;
03/06/2019;17:43:00;404;sem vítima;378;BR-262/MG;Oeste;Saida de Pista;;;;;;;;;;1;1;;;;
03/06/2019;18:52:00;426;sem vítima;443,1;BR-262/MG;Leste;Saida de Pista;1;;;;;;;;;;1;;;;
03/06/2019;19:30:00;445;com vítima;5;BR-060/DF;Norte;Queda de Moto;;;;1;;;;;;;0;2;;;
03/06/2019;20:13:00;460;sem vítima;899,28;BR-262/MG;Leste;Choque - Talude;;;2;;;;;;;;2;;;;
04/06/2019;02:20:00;26;com vítima;504;BR-262/MG;Leste;Capotamento;1;;;;;;;;;;1;4;;;
04/06/2019;04:13:00;38;sem vítima;209,858;BR-153/MG;Sul;Choque - Talude;;;1;;;;;;;;1;;;;
04/06/2019;05:44:00;49;com vítima;2,9;BR-060/DF;Norte;Choque - Veiculo parado na pista;1;;;1;;;;;;;1;1;;;
04/06/2019;06:22:00;57;com vítima;520;BR-153/GO;Norte;Capotamento;1;;;;;;;;;;0;1;;;
04/06/2019;12:53:00;291;sem vítima;501;BR-153/GO;Norte;Engavetamento;3;;;;;;;;;;3;;;;
04/06/2019;18:13:00;419;com vítima;512,702;BR-153/GO;Norte;Colisão Traseira;1;;;1;;;;;;;1;1;;;
05/06/2019;04:10:00;53;sem vítima;26,852;BR-060/GO;Norte;Tombamento;;;1;;;;;;;;1;;;;
05/06/2019;13:32:00;309;sem vítima;801;BR-262/MG;Leste;Colisão Traseira;2;;;;;;;;;;2;;;;
05/06/2019;15:04:00;360;com vítima;700;BR-262/MG;Leste;Queda de Moto;;;;1;;;;;;;0;2;;;
05/06/2019;15:07:00;361;sem vítima;494;BR-153/GO;Norte;Queda de Moto;;;;1;;;;;;;1;;;;