data;horario;n_da_ocorrencia;tipo_de_ocorrencia;km;trecho;sentido;tipo_de_acidente;automovel;bicicleta;caminhao;moto;onibus;outros;tracao_animal;transporte_de_cargas_especiais;trator_maquinas;utilitarios;ilesos;levemente_feridos;moderadamente_feridos;gravemente_feridos;mortos
05/06/2019;17:04:00;420;sem vítima;96;BR-060/GO;Norte;Colisão Transversal;2;;;;;;;;;;2;;;;
05/06/2019;17:31:00;437;com vítima;506;BR-153/GO;Sul;Colisão Traseira;1;;;1;;;;;;;1;1;;;
05/06/2019;17:47:00;450;com vítima;500;BR-153/GO;Sul;Colisão Lateral;;;1;1;;;;;;;3;1;;;
05/06/2019;18:27:00;470;sem vítima;92;BR-060/GO;Sul;Queda de Moto;;;;1;;;;;;;1;;;;
05/06/2019;18:54:00;478;com vítima;27,7;BR-060/GO;Norte;Colisão Traseira;1;;1;;;;;;;;1;2;;;
05/06/2019;19:14:00;485;com vítima;531;BR-153/GO;Norte;Colisão Lateral;1;;;1;;;;;;;1;;;1;
06/06/2019;03:17:00;34;sem vítima;600,2;BR-262/MG;Leste;Choque - Defensa, barreira ou "submarino";;;1;;;;;;;;1;;;;
06/06/2019;05:23:00;51;com vítima;15,5;BR-153/MG;Sul;Capotamento;;;;;;;;;;1;0;1;;;
06/06/2019;06:51:00;65;com vítima;446;BR-262/MG;Leste;Colisão Transversal;3;;;;;;;;;;1;3;1;;
06/06/2019;08:12:00;110;sem vítima;500;BR-153/GO;Sul;Colisão Traseira;3;;2;;;;;;;;5;;;;
06/06/2019;09:17:00;168;sem vítima;10,1;BR-060/GO;Sul;Capotamento;1;;;;;;;;;;1;;;;
06/06/2019;15:05:00;330;sem vítima;161;BR-153/MG;Norte;Tombamento;;;1;;;;;;;;1;;;;
06/06/2019;17:36:00;395;com vítima;96;BR-060/GO;Norte;Colisão Traseira;1;;;1;;;;;;;1;1;;;
06/06/2019;18:12:00;417;sem vítima;498;BR-153/GO;Sul;Colisão Traseira;2;;;;;;;;;;2;;;;
06/06/2019;18:34:00;426;com vítima;3;BR-060/DF;Sul;Colisão Traseira;1;;;1;;;;;;;1;1;;;
06/06/2019;19:01:00;436;sem vítima;118;BR-060/GO;Norte;Colisão Lateral;2;;;;;;;;;;2;;;;
06/06/2019;19:04:00;438;com vítima;523;BR-153/GO;Sul;Queda de Moto;;;;1;;;;;;;0;1;;;
06/06/2019;20:32:00;475;sem vítima;541;BR-262/MG;Oeste;Colisão Traseira;;;2;;;;;;;;2;;;;
06/06/2019;20:57:00;484;sem vítima;819;BR-262/MG;Leste;Atropelamento de Animal;;;1;;;;;;;;1;;;;
06/06/2019;21:23:00;492;com vítima;802;BR-262/MG;Leste;Atropelamento - Andarilho;1;;;;;;;;;;2;;;;1
06/06/2019;22:24:00;510;com vítima;557;BR-153/GO;Norte;Colisão Traseira;;;2;;;;;;;;2;1;;;
07/06/2019;05:39:00;50;com vítima;563;BR-153/GO;Norte;Capotamento;1;;;;;;;;;;1;;1;;
07/06/2019;07:41:00;75;sem vítima;510,3;BR-153/GO;Norte;Colisão Lateral;1;;;1;;;;;;;4;;;;
07/06/2019;08:47:00;116;sem vítima;505;BR-153/GO;Norte;Colisão Traseira;1;;;;;;;;;1;2;;;;
07/06/2019;09:10:00;132;com vítima;519,4;BR-153/GO;Sul;Queda de Moto;;;;1;;;;;;;0;1;;;
07/06/2019;09:15:00;138;sem vítima;694,7;BR-262/MG;Leste;Colisão Traseira;2;;;;;;;;;;2;;;;
07/06/2019;13:03:00;284;sem vítima;595,8;BR-153/GO;Norte;Colisão Traseira;;;1;;;;;;;1;3;;;;
07/06/2019;13:06:00;287;sem vítima;541;BR-262/MG;Leste;Engavetamento;;;2;;1;;;;;;31;;;;
07/06/2019;15:09:00;349;com vítima;79,538;BR-060/GO;Sul;Saida de Pista;1;;;;;;;;;;0;1;;;
07/06/2019;15:11:00;350;sem vítima;0,8;BR-153/MG;Sul;Colisão Traseira;1;;;;;;;;;1;5;;;;
07/06/2019;16:31:00;393;sem vítima;515;BR-153/GO;Sul;Queda de Moto;;;;1;;;;;;;1;;;;
07/06/2019;17:02:00;403;sem vítima;498;BR-153/GO;Sul;Colisão Traseira;2;;;;;;;;;;2;;;;
07/06/2019;18:19:00;441;com vítima;4;BR-060/DF;Sul;Colisão Traseira;1;;;1;;;;;;;1;1;;;
07/06/2019;18:51:00;458;sem vítima;500;BR-153/GO;Norte;Colisão Transversal;1;;1;;;;;;;;2;;;;
07/06/2019;19:12:00;475;sem vítima;508;BR-153/GO;Sul;Engavetamento;5;;1;1;;;;;;;9;;;;
07/06/2019;19:52:00;489;sem vítima;648;BR-153/GO;Sul;Choque - Suporte de Sinalização;1;;;;;;;;;;1;;;;
07/06/2019;20:09:00;496;sem vítima;509,3;BR-153/GO;Norte;Colisão Traseira;;;2;;;;;;;;2;;;;
07/06/2019;22:54:00;544;com vítima;4;BR-060/DF;Sul;Queda de Moto;;;;1;;;;;;;0;;1;;
08/06/2019;02:26:00;22;sem vítima;82;BR-153/MG;Sul;Atropelamento de Animal;;;1;;;;;;;;1;;;;
08/06/2019;02:42:00;26;sem vítima;69,17;BR-153/MG;Sul;Atropelamento de Animal;;;1;;;;;;;;1;;;;
08/06/2019;02:46:00;27;sem vítima;245,756;BR-153/MG;Sul;Choque - Elemento de Drenagem;1;;;;;;;;;;1;;;;
08/06/2019;05:01:00;44;sem vítima;16,5;BR-060/GO;Norte;Capotamento;1;;;;;;;;;;1;;;;
08/06/2019;07:05:00;69;com vítima;87,381;BR-153/MG;Sul;Choque - Arvore;1;;;;;;;;;;0;1;;;
08/06/2019;09:13:00;94;com vítima;405;BR-262/MG;Leste;Colisão Transversal;;;1;1;;;;;;;1;;1;;
08/06/2019;10:53:00;158;sem vítima;18,5;BR-060/GO;Sul;Colisão Traseira;2;;;;;;;;;;2;;;;
08/06/2019;14:22:00;271;sem vítima;387;BR-262/MG;Leste;Colisão Transversal;1;;;1;;;;;;;4;;;;
08/06/2019;14:52:00;288;sem vítima;402;BR-262/MG;Oeste;Colisão Frontal;1;;1;;;;;;;;2;;;;
08/06/2019;15:26:00;316;com vítima;91,2;BR-060/GO;Sul;Capotamento;1;;;;;;;;;;1;2;;;
08/06/2019;16:47:00;355;com vítima;371;BR-262/MG;Leste;Colisão Transversal;1;;;1;;;;;;;1;1;;;
08/06/2019;20:17:00;431;sem vítima;685,8;BR-153/GO;Norte;Colisão Traseira;1;;;;1;;;;;;2;;;;
08/06/2019;20:52:00;441;sem vítima;365;BR-262/MG;Leste;Atropelamento de Animal;1;;;;;;;;;;1;;;;
09/06/2019;00:56:00;13;sem vítima;502;BR-262/MG;Leste;Atropelamento de Animal;1;;;;;;;;;;1;;;;
09/06/2019;03:22:00;33;com vítima;494,394;BR-153/GO;Norte;Capotamento;1;;;;;;;;;;1;1;;;
09/06/2019;04:20:00;39;com vítima;503,265;BR-153/GO;Sul;Queda de Moto;;;;1;;;;;;;0;1;;;
09/06/2019;04:58:00;42;com vítima;372;BR-262/MG;Leste;Saida de Pista;1;;;;;1;;;;;4;1;;;
09/06/2019;06:52:00;57;sem vítima;375;BR-262/MG;Leste;Choque - Elemento de Drenagem;1;;;;;;;;;;3;;;;
09/06/2019;08:03:00;66;com vítima;47,5;BR-060/GO;Sul;Queda de Moto;;;;1;;;;;;;0;1;;;
09/06/2019;11:35:00;164;com vítima;900;BR-262/MG;Leste;Tombamento;;;1;;;;;;;;0;1;;;
09/06/2019;15:29:00;274;com vítima;505,9;BR-153/GO;Norte;Colisão Lateral;;;;1;;;;;;1;1;1;;;
09/06/2019;17:08:00;318;com vítima;378,5;BR-262/MG;Oeste;Capotamento;1;;;;;;;;;;4;1;;;
09/06/2019;18:34:00;375;sem vítima;514;BR-153/GO;Norte;Engavetamento;3;;;;;1;;;;;4;;;;
09/06/2019;18:56:00;384;sem vítima;245;BR-153/MG;Sul;Colisão Lateral;2;;;;;;;;;;2;;;;
09/06/2019;18:56:00;385;sem vítima;245;BR-153/MG;Sul;Colisão Traseira;2;;;;;;;;;;2;;;;
09/06/2019;22:45:00;463;sem vítima;615;BR-262/MG;Oeste;Capotamento;1;;;;;;;;;;1;;;;
10/06/2019;00:45:00;7;sem vítima;82;BR-060/GO;Sul;Saida de Pista;1;;;;;;;;;;1;;;;
10/06/2019;06:28:00;29;com vítima;548;BR-153/GO;Sul;Colisão Traseira;;;1;;;;;;;1;2;;2;1;
10/06/2019;06:45:00;33;com vítima;506;BR-153/GO;Sul;Colisão Traseira;2;;;1;;;;;;;2;;1;;
10/06/2019;06:49:00;36;sem vítima;380;BR-262/MG;Leste;Colisão Lateral;1;;1;;;;;;;;2;;;;
10/06/2019;07:03:00;41;com vítima;3;BR-060/DF;Norte;Colisão Traseira;1;;;1;;;;;;;1;1;;;
10/06/2019;07:20:00;46;com vítima;507;BR-153/GO;Norte;Colisão Lateral;;;;1;;;;;;1;1;1;;;
10/06/2019;07:35:00;53;sem vítima;4,5;BR-060/DF;Sul;Choque - Poste;1;;;;;;;;;;1;;;;
10/06/2019;07:50:00;61;sem vítima;4;BR-060/DF;Norte;Engavetamento;3;;;;;;;;;;3;;;;
10/06/2019;08:00:00;65;sem vítima;506,9;BR-153/GO;Norte;Engavetamento;2;;;;;;;;;;2;;;;
10/06/2019;08:27:00;78;sem vítima;506,1;BR-153/GO;Norte;Colisão Traseira;2;;;;;;;;;;2;;;;
10/06/2019;08:12:00;80;com vítima;507,02;BR-153/GO;Norte;Colisão Traseira;;;1;1;;;;;;;1;;1;;
10/06/2019;08:40:00;86;sem vítima;506,055;BR-153/GO;Norte;Engavetamento;3;;;;;;;;;;3;;;;
10/06/2019;10:25:00;152;sem vítima;101,5;BR-060/GO;Norte;Engavetamento;2;;;;;;;;;1;3;;;;
10/06/2019;15:50:00;275;sem vítima;742,5;BR-262/MG;Leste;Colisão Traseira;;;2;;;;;;;;2;;;;
10/06/2019;16:04:00;280;sem vítima;549;BR-262/MG;Oeste;Saida de Pista;;;1;;;;;;;;1;;;;
10/06/2019;18:22:00;333;sem vítima;499;BR-153/GO;Sul;Colisão Traseira;2;;;;;;;;;;2;;;;
10/06/2019;20:10:00;376;com vítima;482;BR-262/MG;Oeste;Colisão Traseira;;;1;;;;;;;1;1;1;;;
10/06/2019;21:10:00;390;sem vítima;611;BR-262/MG;Leste;Colisão Lateral;;;2;;;;;;;;2;;;;
11/06/2019;00:15:00;4;sem vítima;502;BR-262/MG;Leste;Atropelamento de Animal;1;;;;;;;;;;1;;;;
11/06/2019;02:07:00;31;sem vítima;18;BR-153/MG;Sul;Saida de Pista;;;1;;;;;;;;1;;;;
11/06/2019;06:27:00;61;sem vítima;118;BR-060/GO;Sul;Capotamento;1;;;;;1;;;;;2;;;;
11/06/2019;07:43:00;84;sem vítima;495;BR-153/GO;Sul;Engavetamento;2;;;;;;;;;1;3;;;;
11/06/2019;08:41:00;120;sem vítima;544;BR-262/MG;Oeste;Choque - Outros;;;;;;;;;;1;2;;;;
11/06/2019;09:23:00;148;sem vítima;500;BR-153/GO;Norte;Colisão Lateral;1;;1;;;;;;;;2;;;;
11/06/2019;13:21:00;259;sem vítima;18;BR-153/MG;Norte;Choque - Outros;1;;;;;;;;;;1;;;;
11/06/2019;13:53:00;269;sem vítima;116;BR-060/GO;Norte;Capotamento;1;;;;;;;;;;1;;;;
11/06/2019;14:21:00;280;sem vítima;96;BR-060/GO;Sul;Choque - Suporte de Sinalização;1;;;;;;;;;;1;;;;
11/06/2019;15:09:00;300;sem vítima;15,7;BR-060/GO;Sul;Colisão Traseira;;;2;;;;;;;;2;;;;
11/06/2019;21:33:00;479;sem vítima;69,857;BR-060/GO;Norte;Capotamento;2;;;;;;;;;;3;;;;
11/06/2019;23:57:00;534;sem vítima;397;BR-262/MG;Oeste;Atropelamento de Animal;1;;;;;;;;;;1;;;;
12/06/2019;00:00:00;1;com vítima;510,891;BR-153/GO;Sul;Colisão Traseira;1;;1;;;;;;;;1;1;;;
12/06/2019;00:50:00;9;com vítima;21,429;BR-060/DF;Norte;Colisão Traseira;1;;;1;;;;;;;0;1;;;1
12/06/2019;07:20:00;141;sem vítima;119,95;BR-060/GO;Sul;Colisão Traseira;1;;;;;;;;;1;2;;;;
12/06/2019;09:37:00;156;com vítima;427,594;BR-262/MG;Oeste;Capotamento;1;;;;;;;;;;0;;1;;
12/06/2019;10:16:00;179;com vítima;446;BR-262/MG;Oeste;Atropelamento - Andarilho;;;1;;;;;;;;1;;1;;
12/06/2019;10:37:00;190;sem vítima;108,5;BR-153/MG;Sul;Saida de Pista;1;;;;;;;;;;2;;;;
12/06/2019;12:18:00;240;com vítima;358;BR-262/MG;Oeste;Capotamento;1;;;;;;;;;;3;;1;;
12/06/2019;15:51:00;332;sem vítima;600;BR-153/GO;Sul;Colisão Traseira;;;2;;;;;;;;2;;;;
13/06/2019;02:19:00;31;com vítima;462,1;BR-262/MG;Oeste;Colisão Traseira;;;2;;;;;;;;1;;1;;
13/06/2019;03:08:00;39;sem vítima;356;BR-262/MG;Oeste;Choque - Defensa, barreira ou "submarino";1;;;;;;;;;;1;;;;
13/06/2019;05:44:00;56;sem vítima;850;BR-262/MG;Leste;Tombamento;;;1;;;;;;;;1;;;;
13/06/2019;06:28:00;59;com vítima;575;BR-153/GO;Sul;Colisão Traseira;1;;1;;;1;;;;;3;2;1;;
13/06/2019;07:29:00;73;sem vítima;85,258;BR-060/GO;Norte;Colisão Traseira;;;2;;;;;;;;2;;;;
13/06/2019;07:31:00;75;sem vítima;494;BR-153/GO;Sul;Colisão Traseira;2;;;;;;;;;;2;;;;
13/06/2019;07:52:00;87;com vítima;499;BR-153/GO;Norte;Colisão Traseira;2;;;;;;;;;;2;1;;;
13/06/2019;08:56:00;117;sem vítima;501;BR-153/GO;Norte;Colisão Traseira;2;;;;;;;;;;2;;;;
13/06/2019;10:53:00;179;com vítima;114;BR-153/MG;Sul;Colisão Frontal;;;4;;;;;;;;2;2;;;
13/06/2019;10:59:00;185;com vítima;69;BR-153/MG;Norte;Colisão Frontal;2;;;;;;;;;;1;1;3;;1
13/06/2019;13:59:00;255;com vítima;358;BR-262/MG;Oeste;Queda de Moto;;;;1;;;;;;;0;;1;;
13/06/2019;14:33:00;267;com vítima;36,35;BR-060/GO;Sul;Queda de Moto;;;;1;;;;;;;0;2;;;
13/06/2019;18:14:00;345;sem vítima;506;BR-153/GO;Norte;Colisão Traseira;1;;;;;;;;;1;2;;;;
13/06/2019;18:46:00;354;sem vítima;506;BR-153/GO;Sul;Engavetamento;3;;;;;;;;;;3;;;;
13/06/2019;19:00:00;359;sem vítima;94;BR-060/GO;Norte;Atropelamento de Animal;;;;;;;;;;1;1;;;;
13/06/2019;19:51:00;381;com vítima;46;BR-060/GO;Norte;Atropelamento - Usuário;1;;;;;;;;;;2;1;;;
14/06/2019;00:09:00;3;com vítima;504;BR-153/GO;Sul;Colisão Traseira;;;1;1;;;;;;;1;2;;;
14/06/2019;00:55:00;12;com vítima;443,8;BR-262/MG;Oeste;Capotamento;1;;;;;;;;;;0;2;;;
14/06/2019;01:21:00;18;sem vítima;618;BR-153/GO;Sul;Queda de Moto;;;;1;;;;;;;1;;;;
14/06/2019;09:26:00;164;sem vítima;70;BR-060/GO;Sul;Saida de Pista;1;;;;;;;;;;1;;;;
14/06/2019;11:34:00;233;sem vítima;508;BR-153/GO;Norte;Engavetamento;4;;;;;;;;;;7;;;;
14/06/2019;16:18:00;367;sem vítima;118;BR-060/GO;Norte;Colisão Lateral;2;;;;;;;;;;2;;;;
14/06/2019;16:19:00;368;sem vítima;5;BR-153/MG;Sul;Choque - Defensa, barreira ou "submarino";1;;;;;;;;;;1;;;;
14/06/2019;17:32:00;399;sem vítima;2;BR-153/MG;Sul;Capotamento;1;;;;;;;;;;3;;;;
14/06/2019;18:05:00;421;sem vítima;360;BR-262/MG;Leste;Colisão Traseira;1;;1;;;;;;;;2;;;;
14/06/2019;19:06:00;444;com vítima;32,4;BR-060/GO;Sul;Colisão Traseira;1;;;1;;;;;;;1;1;;;
14/06/2019;21:08:00;493;sem vítima;413;BR-262/MG;Leste;Colisão Traseira;1;;1;;;;;;;;2;;;;
14/06/2019;21:23:00;498;com vítima;506;BR-153/GO;Norte;Colisão Transversal;1;;;1;;;;;;;1;1;;;
14/06/2019;21:46:00;505;sem vítima;71,6;BR-153/MG;Norte;Choque - Outros;;;1;;;;;;;;1;;;;
14/06/2019;23:13:00;529;sem vítima;530;BR-262/MG;Oeste;Atropelamento de Animal;;;1;;;;;;;;1;;;;
14/06/2019;23:37:00;542;sem vítima;530;BR-262/MG;Oeste;Atropelamento de Animal;1;;;;;;;;;;2;;;;
14/06/2019;23:53:00;549;sem vítima;14;BR-153/MG;Sul;Tombamento;1;;;;;1;;;;;2;;;;
15/06/2019;03:05:00;43;com vítima;97,3;BR-060/GO;Sul;Capotamento;;;;;;;;;;1;0;1;;;
15/06/2019;03:45:00;50;com vítima;103,67;BR-060/GO;Norte;Capotamento;1;;;;;;;;;;0;1;1;;
15/06/2019;04:55:00;60;sem vítima;96;BR-060/GO;Sul;Colisão Traseira;1;;;;1;;;;;;2;;;;
15/06/2019;05:49:00;65;com vítima;502;BR-153/GO;Norte;Colisão Traseira;;;;1;;;;;;1;1;1;;;
15/06/2019;10:06:00;161;com vítima;135;BR-060/GO;Sul;Queda de Moto;;;;1;;;;;;;0;2;;;
15/06/2019;11:37:00;206;sem vítima;360,5;BR-262/MG;Leste;Choque - Defensa, barreira ou "submarino";1;;;;;;;;;;1;;;;
15/06/2019;20:14:00;387;com vítima;507;BR-153/GO;Sul;Colisão Traseira;1;;;1;;;;;;;1;1;;;
15/06/2019;21:59:00;433;sem vítima;95;BR-060/GO;Norte;Tombamento;1;;;;;;;;;;1;;;;
15/06/2019;22:51:00;453;sem vítima;496;BR-153/GO;Sul;Saida de Pista;1;;;;;;;;;;1;;;;
15/06/2019;23:01:00;457;sem vítima;881,5;BR-262/MG;Leste;Colisão Traseira;1;;1;;;;;;;;2;;;;
16/06/2019;01:10:00;16;sem vítima;517;BR-153/GO;Sul;Saida de Pista;1;;;;;;;;;;1;;;;
16/06/2019;02:44:00;39;com vítima;426,912;BR-262/MG;Leste;Colisão Frontal;2;;;;;;;;;;0;;1;;1
16/06/2019;04:52:00;56;sem vítima;500;BR-153/GO;Norte;Choque - Veiculo parado na pista;3;;;;;;;;;;3;;;;
16/06/2019;06:58:00;74;com vítima;3,554;BR-060/DF;Sul;Colisão Traseira;1;;;1;;;;;;;1;1;;;
16/06/2019;08:31:00;105;com vítima;9;BR-060/DF;Sul;Queda de Moto;;1;;1;;;;;;;1;;1;;
16/06/2019;10:23:00;154;sem vítima;42;BR-153/MG;Sul;Saida de Pista;1;;;;;;;;;;1;;;;
16/06/2019;12:28:00;207;com vítima;442,5;BR-262/MG;Leste;Colisão Transversal;1;1;;;;;;;;;1;;;1;
16/06/2019;13:01:00;217;sem vítima;390;BR-262/MG;Oeste;Queda de Moto;;;;1;;;;;;;2;;;;
16/06/2019;13:54:00;230;sem vítima;500,6;BR-153/GO;Norte;Choque - Defensa, barreira ou "submarino";1;;;;;;;;;;1;;;;
16/06/2019;17:21:00;319;com vítima;778,1;BR-262/MG;Leste;Queda de Moto;;;;1;;;;;;;0;;1;;
16/06/2019;18:32:00;343;sem vítima;4,3;BR-060/DF;Sul;Colisão Traseira;2;;;;;;;;;;6;;;;
16/06/2019;19:10:00;353;sem vítima;4,6;BR-060/DF;Sul;Colisão Traseira;2;;;;;;;;;;5;;;;
16/06/2019;20:51:00;393;sem vítima;22,356;BR-060/DF;Sul;Choque - Talude;1;;;;;;;;;;1;;;;
16/06/2019;23:07:00;434;sem vítima;68;BR-060/GO;Norte;Saida de Pista;1;;;;;;;;;;2;;;;
17/06/2019;07:46:00;103;com vítima;116;BR-060/GO;Norte;Colisão Lateral;1;;1;;;;;;;;1;1;;;
17/06/2019;07:57:00;105;sem vítima;495;BR-153/GO;Sul;Engavetamento;5;;;;;;;;;;5;;;;
17/06/2019;09:07:00;147;sem vítima;666;BR-153/GO;Sul;Tombamento;;;;;;;;;;1;1;;;;
17/06/2019;10:41:00;228;com vítima;419;BR-262/MG;Leste;Capotamento;1;;;;;;;;;;1;1;;;
17/06/2019;13:30:00;299;sem vítima;407;BR-262/MG;Leste;Tombamento;;;;;;;;;;1;2;;;;
17/06/2019;14:49:00;330;sem vítima;23,4;BR-153/MG;Norte;Choque - Suporte de Sinalização;1;;;;;;;;;;2;;;;
17/06/2019;14:59:00;335;sem vítima;505,5;BR-153/GO;Norte;Colisão Traseira;2;;;;;;;;;;3;;;;
17/06/2019;15:51:00;350;com vítima;558,8;BR-153/GO;Sul;Capotamento;;;2;;;;;;;;1;;1;;
17/06/2019;18:05:00;408;com vítima;702,5;BR-153/GO;Norte;Capotamento;1;;;;;;;;;;0;1;;;
17/06/2019;18:47:00;421;sem vítima;501;BR-153/GO;Sul;Colisão Traseira;2;;;;;;;;;;2;;;;
17/06/2019;19:00:00;431;sem vítima;443;BR-262/MG;Leste;Colisão Traseira;2;;;;;;;;;;4;;;;
17/06/2019;19:29:00;439;sem vítima;500,2;BR-153/GO;Sul;Colisão Traseira;1;;1;;;;;;;;2;;;;
17/06/2019;20:29:00;460;sem vítima;801,15;BR-262/MG;Oeste;Saida de Pista;1;;;;;;;;;;5;;;;
17/06/2019;21:13:00;475;sem vítima;100;BR-060/GO;Sul;Saida de Pista;1;;;;;;;;;;1;;;;
17/06/2019;22:29:00;492;com vítima;619;BR-153/GO;Sul;Colisão Traseira;;;2;;;;;;;;1;1;;;
18/06/2019;07:30:00;89;sem vítima;501;BR-153/GO;Sul;Queda de Moto;;;;1;;;;;;;1;;;;
18/06/2019;08:03:00;111;com vítima;365;BR-262/MG;Leste;Queda de Moto;;;;1;;;;;;;1;1;;;
18/06/2019;08:03:00;112;sem vítima;498;BR-153/GO;Sul;Colisão Traseira;2;;;;;;;;;;2;;;;
18/06/2019;08:56:00;155;sem vítima;496,8;BR-153/GO;Norte;Colisão Traseira;;;;1;;;;;;1;2;;;;
18/06/2019;13:13:00;289;sem vítima;93,45;BR-060/GO;Sul;Choque - Defensa, barreira ou "submarino";1;;;;;;;;;;1;;;;
18/06/2019;15:46:00;364;sem vítima;109;BR-060/GO;Norte;Colisão Traseira;;;2;;;;;;;;2;;;;
18/06/2019;17:44:00;418;sem vítima;526,2;BR-262/MG;Oeste;Saida de Pista;1;;;;;;;;;;1;;;;
18/06/2019;22:38:00;508;sem vítima;5;BR-153/MG;Sul;Colisão Traseira;;;2;;;;;;;;2;;;;
18/06/2019;22:45:00;509;com vítima;108,725;BR-060/GO;Norte;Capotamento;1;;;;;;;;;;0;;1;;
19/06/2019;05:45:00;54;com vítima;79,1;BR-153/MG;Norte;Tombamento;;;1;;;1;;;;;1;1;;;
19/06/2019;08:37:00;116;sem vítima;501;BR-153/GO;Norte;Colisão Traseira;1;;;;;1;;;;;2;;;;
19/06/2019;10:19:00;184;sem vítima;494;BR-153/GO;Sul;Colisão Lateral;1;;;1;;;;;;;2;;;;
19/06/2019;15:55:00;355;sem vítima;501,5;BR-153/GO;Sul;Colisão Traseira;2;;;;;;;;;;2;;;;
19/06/2019;17:41:00;424;sem vítima;497;BR-153/GO;Norte;Engavetamento;3;;;;;;;;;;3;;;;
19/06/2019;18:17:00;446;com vítima;17,417;BR-153/MG;Norte;Tombamento;;;;;;;;;;1;0;1;;;
19/06/2019;18:51:00;463;com vítima;6,26;BR-060/DF;Sul;Colisão Traseira;1;;;1;;;;;;;1;1;;;
19/06/2019;20:59:00;512;com vítima;459,05;BR-262/MG;Oeste;Colisão Frontal;2;;;;;;;;;;1;1;1;;1
19/06/2019;22:35:00;545;sem vítima;507,047;BR-153/GO;Sul;Choque - Defensa, barreira ou "submarino";1;;;;;;;;;;1;;;;
20/06/2019;06:04:00;62;sem vítima;507;BR-153/GO;Norte;Colisão Lateral;1;;;;1;;;;;;2;;;;
20/06/2019;09:43:00;164;com vítima;431,5;BR-262/MG;Oeste;Capotamento;1;;;;;;;;;;0;2;;;
20/06/2019;09:44:00;165;com vítima;107;BR-060/GO;Sul;Queda de Moto;;;;1;;;;;;;0;2;;;
20/06/2019;10:09:00;173;sem vítima;574;BR-153/GO;Norte;Choque - Elemento de Drenagem;1;;;;;;;;;;1;;;;
20/06/2019;11:20:00;204;com vítima;549,15;BR-262/MG;Oeste;Engavetamento;1;;2;;;;;;;;2;1;1;;
20/06/2019;12:45:00;243;com vítima;94,95;BR-060/GO;Sul;Engavetamento;3;;;;;;;;;;4;1;;;
20/06/2019;17:34:00;374;sem vítima;358;BR-262/MG;Leste;Saida de Pista;1;;;;;;;;;;1;;;;
20/06/2019;19:53:00;432;sem vítima;22;BR-060/GO;Sul;Capotamento;1;;;;;;;;;;2;;;;
20/06/2019;21:00:00;462;sem vítima;9;BR-060/DF;Sul;Choque - Defensa, barreira ou "submarino";1;;;;;1;;;;;2;;;;
21/06/2019;07:49:00;75;sem vítima;510;BR-153/GO;Norte;Colisão Lateral;1;;1;;;;;;;;3;;;;
21/06/2019;08:06:00;91;sem vítima;118,2;BR-060/GO;Norte;Colisão Lateral;2;;;;;;;;;;2;;;;
21/06/2019;11:28:00;196;com vítima;560;BR-153/GO;Norte;Colisão Traseira;2;;;;;;;;;;2;1;;;
21/06/2019;15:00:00;296;sem vítima;495;BR-153/GO;Sul;Colisão Lateral;1;;1;;;;;;;;4;;;;
21/06/2019;15:55:00;322;sem vítima;37;BR-060/GO;Norte;Choque - Veiculo parado na pista;1;;1;;;;;;;;2;;;;
21/06/2019;16:54:00;355;sem vítima;516;BR-153/GO;Sul;Colisão Traseira;1;;1;;;;;;;;2;;;;
21/06/2019;21:34:00;486;sem vítima;362;BR-262/MG;Leste;Colisão Lateral;;;1;;;;;;;;1;;;;
21/06/2019;22:43:00;510;sem vítima;45;BR-060/GO;Sul;Colisão Traseira;2;;;;;;;;;;4;;;;
22/06/2019;00:20:00;8;com vítima;702,155;BR-153/GO;Norte;Colisão Frontal;1;;;;;;;;;1;4;1;;;
22/06/2019;00:29:00;9;sem vítima;783;BR-262/MG;Oeste;Atropelamento de Animal;1;;;;;;;;;;1;;;;
22/06/2019;01:57:00;23;sem vítima;635,5;BR-262/MG;Leste;Saida de Pista;;;1;;;;;;;;1;;;;
22/06/2019;03:16:00;32;sem vítima;725;BR-262/MG;Leste;Saida de Pista;1;;;;;;;;;;2;;;;
22/06/2019;04:39:00;39;com vítima;695,1;BR-153/GO;Norte;Colisão Frontal;1;;;1;;;;;;;1;;1;;
22/06/2019;07:03:00;57;sem vítima;553;BR-262/MG;Leste;Choque - Talude;;;1;;;;;;;;1;;;;
22/06/2019;15:49:00;292;sem vítima;538;BR-262/MG;Leste;Engavetamento;;;2;;;;;;;1;4;;;;
22/06/2019;19:35:00;402;sem vítima;240;BR-153/MG;Norte;Choque - Veiculo parado na pista;2;;;;;;;;;;2;;;;
22/06/2019;21:09:00;434;sem vítima;100;BR-060/GO;Norte;Colisão Traseira;2;;;;;;;;;;7;;;;
22/06/2019;21:15:00;436;sem vítima;9;BR-060/GO;Sul;Colisão Traseira;2;;;;;;;;;;2;;;;
23/06/2019;01:01:00;16;sem vítima;395,855;BR-262/MG;Oeste;Atropelamento de Animal;1;;;;;;;;;;1;;;;
23/06/2019;04:24:00;59;sem vítima;100;BR-060/GO;Sul;Colisão Frontal;1;;;;;;;;1;;2;;;;
23/06/2019;09:44:00;136;sem vítima;48,3;BR-060/GO;Norte;Choque - Suporte de Sinalização;1;;;;;;;;;;2;;;;
23/06/2019;11:55:00;178;com vítima;394;BR-262/MG;Leste;Colisão Lateral;;;;1;;;;;;1;1;;1;;
23/06/2019;12:26:00;186;com vítima;82,1;BR-060/GO;Sul;Capotamento;1;;;;;1;;;;;1;;1;;