data;horario;n_da_ocorrencia;tipo_de_ocorrencia;km;trecho;sentido;tipo_de_acidente;automovel;bicicleta;caminhao;moto;onibus;outros;tracao_animal;transporte_de_cargas_especiais;trator_maquinas;utilitarios;ilesos;levemente_feridos;moderadamente_feridos;gravemente_feridos;mortos
23/06/2019;12:38:00;192;sem vítima;124;BR-060/GO;Norte;Capotamento;1;;;;;;;;;;1;;;;
23/06/2019;12:55:00;197;com vítima;506;BR-153/GO;Norte;Queda de Moto;;;;1;;;;;;;0;1;;;
23/06/2019;14:38:00;235;com vítima;816,4;BR-262/MG;Leste;Capotamento;1;;;;;;;;;;0;1;;;
23/06/2019;15:55:00;274;sem vítima;460;BR-262/MG;Leste;Queda de Moto;;;;1;;;;;;;2;;;;
23/06/2019;16:50:00;302;sem vítima;15,9;BR-060/GO;Norte;Colisão Lateral;2;;;;;;;;;;2;;;;
23/06/2019;17:12:00;316;com vítima;620;BR-262/MG;Leste;Capotamento;2;;;;;;;;;;3;1;;;
23/06/2019;17:29:00;324;sem vítima;496;BR-153/GO;Sul;Colisão Lateral;1;;;1;;;;;;;2;;;;
23/06/2019;17:54:00;340;com vítima;44,868;BR-153/MG;Norte;Colisão Traseira;1;;1;;;;;;;;1;2;;;
23/06/2019;18:24:00;348;sem vítima;435,2;BR-262/MG;Oeste;Colisão Traseira;2;;;;;;;;;;2;;;;
23/06/2019;18:34:00;354;com vítima;237,907;BR-153/MG;Sul;Capotamento;1;;;;;;;;;;0;;3;;
23/06/2019;19:19:00;376;com vítima;32;BR-060/GO;Sul;Colisão Transversal;2;;;;;;;;;;3;3;;;
23/06/2019;19:42:00;387;sem vítima;78,998;BR-153/MG;Sul;Tombamento;;;1;;;;;;;;1;;;;
23/06/2019;21:12:00;422;com vítima;93;BR-060/GO;Norte;Colisão Lateral;1;;;2;;;;;;;2;2;;;
23/06/2019;21:23:00;429;com vítima;32;BR-060/GO;Norte;Queda de Moto;;;;1;;;;;;;0;1;;;
23/06/2019;22:02:00;446;sem vítima;138;BR-060/GO;Norte;Colisão Traseira;2;;;;;;;;;;3;;;;
24/06/2019;01:29:00;23;sem vítima;21;BR-060/GO;Sul;Choque - Objeto sobre a pista;1;;;;;;;;;;1;;;;
24/06/2019;02:09:00;29;com vítima;547,324;BR-153/GO;Norte;Capotamento;;;1;;;;;;;;0;;;;1
24/06/2019;07:19:00;98;com vítima;615;BR-262/MG;Oeste;Capotamento;1;;;;;;;;;;0;;1;;
24/06/2019;07:20:00;99;sem vítima;12;BR-060/GO;Norte;Colisão Traseira;1;;1;;;;;;;;2;;;;
24/06/2019;08:19:00;128;sem vítima;42;BR-153/MG;Norte;Choque - Elemento de Drenagem;1;;;;;;;;;;1;;;;
24/06/2019;11:26:00;247;com vítima;2;BR-060/DF;Norte;Atropelamento - Usuário;;;1;;;;;;;;1;1;;;
24/06/2019;13:33:00;323;com vítima;502,5;BR-153/GO;Sul;Engavetamento;;;2;1;;;;;;;2;;1;;
24/06/2019;14:46:00;355;sem vítima;511,015;BR-153/GO;Sul;Colisão Lateral;;;2;;;;;;;1;3;;;;
24/06/2019;15:14:00;379;sem vítima;801;BR-262/MG;Oeste;Choque - Talude;1;;;;;;;;;;2;;;;
24/06/2019;16:18:00;403;sem vítima;515,123;BR-153/GO;Norte;Colisão Traseira;1;;;1;;;;;;;3;;;;
24/06/2019;17:42:00;459;com vítima;812,12;BR-262/MG;Oeste;Capotamento;1;;;;;;;;;;0;1;;;
24/06/2019;19:26:00;499;com vítima;387;BR-262/MG;Leste;Atropelamento - Morador;;;;1;;;;;;;0;1;;;1
24/06/2019;20:00:00;509;sem vítima;497,098;BR-262/MG;Oeste;Saida de Pista;1;;;;;;;;;;1;;;;
24/06/2019;20:52:00;529;sem vítima;575;BR-153/GO;Sul;Tombamento;;;1;;;;;;;;1;;;;
24/06/2019;21:46:00;553;com vítima;58,736;BR-153/MG;Sul;Queda de Moto;;;;1;;;;;;;0;;1;;
24/06/2019;22:56:00;577;com vítima;506;BR-153/GO;Sul;Saida de Pista;1;;;;;;;;;;0;1;;;
25/06/2019;04:04:00;43;sem vítima;13;BR-060/GO;Norte;Colisão Traseira;;;1;;;;;;;1;2;;;;
25/06/2019;04:14:00;45;com vítima;767,9;BR-262/MG;Oeste;Tombamento;;;;;;;;;;1;10;2;;;
25/06/2019;08:08:00;97;com vítima;4;BR-060/DF;Norte;Colisão Traseira;1;;;1;;;;;;;1;1;;;
25/06/2019;08:53:00;125;com vítima;506;BR-153/GO;Norte;Colisão Traseira;2;;;1;;;;;;;2;1;;;
25/06/2019;09:31:00;156;com vítima;510;BR-153/GO;Norte;Queda de Moto;;;;1;;;;;;;0;1;;;
25/06/2019;09:42:00;164;sem vítima;507;BR-153/GO;Norte;Colisão Traseira;;;;;;;;;;2;2;;;;
25/06/2019;11:06:00;214;com vítima;511;BR-153/GO;Sul;Colisão Traseira;1;;;1;;;;;;;1;1;;;
25/06/2019;13:53:00;303;sem vítima;4;BR-060/GO;Norte;Tombamento;;;1;;;;;;;;1;;;;
25/06/2019;14:08:00;309;sem vítima;508;BR-153/GO;Norte;Colisão Traseira;1;;1;;;;;;;;2;;;;
25/06/2019;22:36:00;536;sem vítima;564;BR-153/GO;Norte;Saida de Pista;;;1;;;;;;;;1;;;;
25/06/2019;22:53:00;539;sem vítima;26;BR-060/GO;Norte;Atropelamento de Animal;1;;;;;;;;;;1;;;;
26/06/2019;00:06:00;4;sem vítima;35;BR-060/GO;Sul;Saida de Pista;;;1;;;;;;;;1;;;;
26/06/2019;01:57:00;30;com vítima;586,976;BR-153/GO;Norte;Choque - Objeto sobre a pista;;;;;;;;;;1;0;1;1;;
26/06/2019;09:39:00;153;sem vítima;443;BR-262/MG;Leste;Choque - Elemento de Drenagem;;;;;;;;;;1;1;;;;
26/06/2019;15:17:00;286;sem vítima;70,3;BR-153/MG;Norte;Saida de Pista;;;1;;;;;;;;1;;;;
26/06/2019;17:29:00;355;sem vítima;500;BR-153/GO;Norte;Colisão Traseira;2;;;;;;;;;;2;;;;
26/06/2019;21:06:00;437;sem vítima;73;BR-060/GO;Norte;Saida de Pista;1;;;;;;;;;;2;;;;
26/06/2019;23:55:00;488;sem vítima;560;BR-153/GO;Norte;Saida de Pista;;;1;;;;;;;;1;;;;
27/06/2019;04:34:00;37;sem vítima;42;BR-153/MG;Norte;Choque - Objeto sobre a pista;1;;1;;;;;;;;3;;;;
27/06/2019;09:09:00;127;sem vítima;505;BR-153/GO;Sul;Tombamento;;;;;;;;;;1;1;;;;
27/06/2019;12:16:00;247;com vítima;367;BR-262/MG;Leste;Queda de Moto;;;;1;;;;;;;0;2;;;
27/06/2019;14:25:00;303;sem vítima;129;BR-060/GO;Norte;Saida de Pista;1;;;;;;;;;;1;;;;
27/06/2019;16:36:00;368;sem vítima;564;BR-153/GO;Norte;Saida de Pista;;;1;;;;;;;;1;;;;
27/06/2019;16:49:00;374;sem vítima;357;BR-262/MG;Leste;Colisão Lateral;1;;1;;;;;;;;2;;;;
27/06/2019;17:30:00;403;com vítima;501,408;BR-153/GO;Norte;Colisão Traseira;;;1;1;;;;;;;1;1;;;
27/06/2019;18:44:00;430;sem vítima;359;BR-262/MG;Oeste;Saida de Pista;1;;;;;;;;;;1;;;;
27/06/2019;20:41:00;469;sem vítima;33;BR-060/GO;Norte;Colisão Traseira;2;;;;;1;;;;;3;;;;
27/06/2019;21:43:00;496;com vítima;372,23;BR-262/MG;Leste;Colisão Traseira;2;;;;;;;;;;6;2;;;
27/06/2019;22:44:00;517;com vítima;506;BR-153/GO;Norte;Queda de Moto;;;;1;;;;;;;1;;1;;
28/06/2019;06:07:00;56;sem vítima;701;BR-153/GO;Norte;Atropelamento de Animal;1;;;;;1;;;;;2;;;;
28/06/2019;07:21:00;83;sem vítima;441;BR-262/MG;Leste;Colisão Traseira;1;;;1;;;;;;;2;;;;
28/06/2019;08:37:00;120;sem vítima;495;BR-153/GO;Sul;Engavetamento;6;;;;;;;;;1;7;;;;
28/06/2019;08:40:00;122;sem vítima;494,5;BR-153/GO;Sul;Engavetamento;5;;;;;;;;;;5;;;;
28/06/2019;10:03:00;192;sem vítima;493,8;BR-153/GO;Sul;Colisão Traseira;1;;1;;;;;;;;3;;;;
28/06/2019;14:54:00;340;com vítima;97;BR-060/GO;Sul;Colisão Transversal;;;;1;1;;;;;;3;;1;;
28/06/2019;15:46:00;372;sem vítima;109;BR-060/GO;Sul;Choque - Talude;1;;;;;;;;;;1;;;;
28/06/2019;17:44:00;431;com vítima;507;BR-153/GO;Sul;Capotamento;1;;;;;;;;;;0;1;;;
28/06/2019;18:26:00;446;sem vítima;395;BR-262/MG;Oeste;Capotamento;1;;;;;;;;;;1;;;;
28/06/2019;19:14:00;479;sem vítima;501;BR-153/GO;Sul;Colisão Traseira;2;;;;;;;;;;5;;;;
28/06/2019;20:02:00;502;sem vítima;47;BR-060/GO;Sul;Choque - Objeto sobre a pista;1;;;;;;;;;;1;;;;
28/06/2019;20:52:00;523;sem vítima;22,15;BR-060/DF;Sul;Capotamento;1;;;;;1;;;;;2;;;;
29/06/2019;06:33:00;83;sem vítima;611,1;BR-153/GO;Sul;Capotamento;1;;;;;;;;;;1;;;;
29/06/2019;08:38:00;133;com vítima;37;BR-153/MG;Norte;Capotamento;1;;;;;;;;;;0;;1;;
29/06/2019;08:46:00;138;com vítima;56,65;BR-060/GO;Sul;Colisão Frontal;2;;;;;;;;;;0;;3;1;
29/06/2019;11:35:00;206;sem vítima;379;BR-262/MG;Oeste;Choque - Defensa, barreira ou "submarino";1;;;;;;;;;;1;;;;
29/06/2019;13:42:00;257;sem vítima;132,5;BR-060/GO;Norte;Colisão Traseira;2;;;;;;;;;;5;;;;
29/06/2019;14:37:00;276;com vítima;190,1;BR-153/MG;Sul;Queda de Moto;;;;1;;;;;;;0;1;;;
29/06/2019;16:24:00;322;com vítima;224,5;BR-153/MG;Norte;Queda de Moto;;;;1;;;;;;;0;1;;;
29/06/2019;18:55:00;388;sem vítima;361,486;BR-262/MG;Oeste;Capotamento;2;;;;;;;;;;4;;;;
29/06/2019;19:28:00;404;com vítima;0;BR-060/DF;Norte;Engavetamento;4;;;;;;;;;;3;3;;;
30/06/2019;01:36:00;31;sem vítima;508,6;BR-153/GO;Sul;Choque - Suporte de Sinalização;1;;;;;;;;;;1;;;;
30/06/2019;02:51:00;40;sem vítima;507,914;BR-153/GO;Sul;Colisão Traseira;2;;;;;;;;;;2;;;;
30/06/2019;04:23:00;50;sem vítima;88,55;BR-060/GO;Norte;Capotamento;1;;;;;;;;;;1;;;;
30/06/2019;06:14:00;69;sem vítima;516,545;BR-153/GO;Norte;Capotamento;1;;;;;;;;;;1;;;;
30/06/2019;09:22:00;137;sem vítima;6,075;BR-060/GO;Sul;Colisão Traseira;2;;;;;;;;;;2;;;;
30/06/2019;16:16:00;329;com vítima;93,4;BR-060/GO;Sul;Queda de Moto;;;;1;;;;;;;0;;;2;
30/06/2019;16:26:00;336;com vítima;227,2;BR-153/MG;Norte;Colisão Transversal;;;1;1;;;;;;;1;;;2;
30/06/2019;17:41:00;379;sem vítima;477;BR-262/MG;Leste;Colisão Lateral;2;;;;;;;;;;5;;;;
30/06/2019;17:43:00;381;com vítima;31,444;BR-060/GO;Norte;Colisão Lateral;;;;1;;;;;;1;1;;1;;
30/06/2019;18:31:00;407;sem vítima;818;BR-262/MG;Leste;Atropelamento de Animal;1;;;;;;;;;;3;;;;
30/06/2019;19:26:00;435;com vítima;98;BR-153/MG;Sul;Choque - Defensa, barreira ou "submarino";1;;;;;;;;;;3;1;;;
30/06/2019;19:59:00;454;sem vítima;830;BR-262/MG;Oeste;Atropelamento de Animal;1;;;;;;;;;;4;;;;
30/06/2019;20:39:00;470;sem vítima;94,129;BR-060/GO;Norte;Colisão Traseira;1;;1;;;;;;;;2;;;;
30/06/2019;21:06:00;482;com vítima;507,738;BR-153/GO;Norte;Queda de Moto;;;;1;;;;;;;0;;1;;
30/06/2019;21:36:00;490;com vítima;20,427;BR-060/DF;Sul;Choque - Defensa, barreira ou "submarino";1;;;;;;;;;;1;1;1;;
30/06/2019;21:58:00;495;sem vítima;912,2;BR-262/MG;Oeste;Capotamento;1;;1;;;;;;;;2;;;;
30/06/2019;23:27:00;520;sem vítima;15,5;BR-060/DF;Norte;Colisão Lateral;1;;;;;;;;;;1;;;;
01/05/2019;03:51:00;34;sem vítima;109;BR-060/GO;Norte;Saida de Pista;1;;;;;;;;;;2;;;;
01/05/2019;08:43:00;74;sem vítima;838;BR-262/MG;Oeste;Colisão Lateral;2;;;;;;;;;;2;;;;
01/05/2019;10:09:00;103;com vítima;20;BR-060/DF;Norte;Queda de Ciclista;;1;;;;;;;;;0;1;;;
01/05/2019;10:57:00;116;com vítima;244;BR-153/MG;Norte;Colisão Traseira;2;;;;;;;;;;4;1;;;
01/05/2019;11:18:00;128;sem vítima;39;BR-060/GO;Sul;Capotamento;;;;;;;;;;1;1;;;;
01/05/2019;13:12:00;160;com vítima;107;BR-060/GO;Sul;Colisão Lateral;1;;1;;;;;;;;1;1;;;
01/05/2019;19:28:00;294;com vítima;111;BR-060/GO;Sul;Capotamento;2;;;;;;;;;;1;2;;1;
01/05/2019;22:21:00;358;sem vítima;540;BR-153/GO;Sul;Colisão Lateral;2;;;;;;;;;;4;;;;
01/05/2019;23:45:00;372;com vítima;501;BR-153/GO;Sul;Colisão Lateral;1;;;1;;;;;;;2;1;;;
02/05/2019;01:29:00;13;com vítima;632,7;BR-153/GO;Norte;Capotamento;;;;;;;;;;1;0;1;;;
02/05/2019;08:14:00;72;com vítima;44,9;BR-153/MG;Norte;Colisão Traseira;;;2;;;;;;;;1;1;;;
02/05/2019;10:39:00;150;sem vítima;363,9;BR-262/MG;Leste;Capotamento;1;;;;;;;;;;1;;;;
02/05/2019;13:49:00;246;sem vítima;769;BR-262/MG;Leste;Saida de Pista;1;;;;;;;;;;1;;;;
02/05/2019;13:56:00;247;com vítima;96;BR-060/GO;Sul;Colisão Transversal;1;;;1;;;;;;;1;;;;1
02/05/2019;15:37:00;299;sem vítima;577;BR-153/GO;Sul;Capotamento;;;;;;;;;;1;2;;;;
02/05/2019;16:42:00;336;com vítima;431;BR-262/MG;Oeste;Engavetamento;1;;4;;;;;;;;4;;1;;
02/05/2019;17:06:00;341;com vítima;109;BR-153/MG;Norte;Colisão Frontal;;;3;;;;;;;;0;3;;1;
02/05/2019;17:20:00;346;com vítima;496;BR-153/GO;Sul;Atropelamento - Morador;;;;;;;;;;1;1;1;;;
02/05/2019;18:02:00;364;com vítima;94,7;BR-060/GO;Norte;Colisão Lateral;1;;;1;;;;;;;1;1;;;
02/05/2019;18:28:00;374;com vítima;113;BR-060/GO;Sul;Colisão Traseira;2;;;;;1;;;;;2;;;1;
02/05/2019;18:30:00;376;sem vítima;501;BR-153/GO;Sul;Colisão Traseira;2;;;;;;;;;;2;;;;
02/05/2019;21:02:00;429;sem vítima;524,87;BR-262/MG;Leste;Colisão Traseira;;;2;;;;;;;;2;;;;
03/05/2019;05:38:00;51;com vítima;590;BR-262/MG;Oeste;Capotamento;1;;;;;;;;;;0;2;1;;
03/05/2019;06:58:00;65;com vítima;494,4;BR-153/GO;Norte;Colisão Traseira;1;;;1;;;;;;;2;1;;;
03/05/2019;07:27:00;78;sem vítima;128,2;BR-060/GO;Norte;Tombamento;;;1;;;;;;;;1;;;;
03/05/2019;07:36:00;84;com vítima;509,5;BR-153/GO;Norte;Colisão Traseira;1;;;1;;1;;;;;3;1;;;
03/05/2019;11:04:00;185;sem vítima;7,5;BR-060/GO;Sul;Capotamento;;;;;;;;;;1;1;;;;
03/05/2019;13:59:00;257;sem vítima;20;BR-060/GO;Sul;Colisão Traseira;2;;;;;;;;;;2;;;;
03/05/2019;14:34:00;271;com vítima;478;BR-262/MG;Oeste;Colisão Transversal;1;;;1;;;;;;;1;;;1;
03/05/2019;16:22:00;305;sem vítima;27,7;BR-060/GO;Norte;Colisão Lateral;1;;1;;;;;;;;2;;;;
03/05/2019;17:25:00;338;sem vítima;586;BR-153/GO;Sul;Choque - Talude;1;;;;;;;;;;2;;;;
03/05/2019;18:15:00;365;sem vítima;400;BR-262/MG;Oeste;Saida de Pista;1;;;;;;;;;;1;;;;
03/05/2019;19:06:00;392;com vítima;592,6;BR-153/GO;Norte;Atropelamento - Andarilho;1;;;;;;;;;;1;;;;1
03/05/2019;21:00:00;431;sem vítima;511;BR-153/GO;Norte;Colisão Lateral;2;;;;;;;;;;2;;;;
03/05/2019;21:07:00;433;com vítima;581,9;BR-153/GO;Sul;Atropelamento - Andarilho;1;;;;;;;;;;1;;;;1
03/05/2019;23:26:00;463;sem vítima;556,2;BR-153/GO;Sul;Saida de Pista;1;;;;;;;;;;1;;;;
04/05/2019;03:34:00;35;com vítima;0,2;BR-153/MG;Norte;Saida de Pista;1;;;;;;;;;;0;1;;;
04/05/2019;05:33:00;47;sem vítima;83;BR-060/GO;Sul;Saida de Pista;;;2;;;;;;;;2;;;;
04/05/2019;11:24:00;119;com vítima;493;BR-153/GO;Sul;Colisão Traseira;1;;;1;;;;;;;1;;;1;
04/05/2019;13:11:00;149;com vítima;417;BR-262/MG;Leste;Queda de Moto;;;1;1;;;;;;;1;;1;;
04/05/2019;13:46:00;159;sem vítima;609;BR-262/MG;Leste;Tombamento;;;;;;;;;;1;1;;;;
04/05/2019;16:26:00;199;com vítima;802;BR-262/MG;Leste;Choque - Talude;1;;;;;;;;;;0;1;;;
04/05/2019;17:45:00;224;sem vítima;547;BR-262/MG;Oeste;Colisão Traseira;2;;;;;;;;;;2;;;;
04/05/2019;20:35:00;276;com vítima;522;BR-153/GO;Norte;Queda de Moto;;;;1;;;;;;;1;1;;;
05/05/2019;04:57:00;49;sem vítima;659;BR-153/GO;Sul;Saida de Pista;1;;;;;;;;;;1;;;;
05/05/2019;07:52:00;76;com vítima;769,95;BR-262/MG;Oeste;Capotamento;1;;;;;;;;;;0;;;;1
05/05/2019;09:21:00;109;sem vítima;494;BR-153/GO;Norte;Tombamento;1;;;;;;;;;;1;;;;
05/05/2019;09:56:00;122;sem vítima;626;BR-262/MG;Leste;Tombamento;;;1;;;;;;;;1;;;;
05/05/2019;11:25:00;143;sem vítima;439;BR-262/MG;Oeste;Queda de Moto;;;;1;;;;;;;1;;;;
05/05/2019;15:35:00;223;com vítima;9;BR-060/DF;Norte;Queda de Moto;;;;1;;;;;;;0;2;;;
05/05/2019;16:13:00;233;com vítima;367;BR-262/MG;Oeste;Colisão Frontal;2;;;;;;;;;;0;2;;2;
05/05/2019;23:40:00;377;sem vítima;595,799;BR-153/GO;Sul;Capotamento;;;1;;;;;;;;1;;;;
06/05/2019;04:12:00;24;sem vítima;210;BR-153/MG;Sul;Choque - Suporte de Sinalização;;;;;;;;;;1;1;;;;
06/05/2019;07:16:00;67;sem vítima;633,5;BR-262/MG;Leste;Choque - Arvore;1;;;;;;;;;;1;;;;
06/05/2019;07:41:00;84;sem vítima;78;BR-060/GO;Sul;Colisão Traseira;1;;;;1;;;;;;2;;;;
06/05/2019;08:18:00;99;sem vítima;501;BR-153/GO;Sul;Colisão Traseira;2;;;;;;;;;;2;;;;
06/05/2019;08:53:00;117;sem vítima;501,8;BR-153/GO;Norte;Colisão Traseira;2;;;;;;;;;;2;;;;
06/05/2019;11:11:00;194;com vítima;776,87;BR-262/MG;Leste;Queda de Moto;;;;1;;;;;;;0;2;;;
06/05/2019;13:12:00;251;com vítima;219,8;BR-153/MG;Norte;Saida de Pista;;;1;;;;;;;;0;1;;;
06/05/2019;21:19:00;451;com vítima;502,062;BR-153/GO;Sul;Atropelamento - Usuário;;;;1;;;;;;;1;1;;;
06/05/2019;22:52:00;475;sem vítima;4,423;BR-060/DF;Norte;Colisão Lateral;1;;;1;;;;;;;2;;;;
07/05/2019;00:22:00;4;sem vítima;137,281;BR-060/GO;Norte;Colisão Traseira;2;;;;;;;;;;2;;;;
07/05/2019;01:37:00;15;com vítima;480;BR-262/MG;Oeste;Colisão Frontal;1;;1;;;;;;;;1;;;1;1
07/05/2019;07:53:00;87;sem vítima;570;BR-262/MG;Leste;Tombamento;;;1;;;;;;;;1;;;;
07/05/2019;20:43:00;450;sem vítima;662;BR-262/MG;Leste;Choque - Defensa, barreira ou "submarino";;;;;;;;;;1;2;;;;
07/05/2019;20:55:00;458;com vítima;662;BR-262/MG;Leste;Colisão Lateral;;;2;;;;;;;1;3;1;1;;
08/05/2019;05:22:00;49;sem vítima;702;BR-153/GO;Norte;Choque - Elemento de Drenagem;1;;;;;;;;;;1;;;;
08/05/2019;07:48:00;87;sem vítima;500,05;BR-153/GO;Sul;Colisão Traseira;2;;;;;;;;;;2;;;;
08/05/2019;10:21:00;151;sem vítima;0,5;BR-060/DF;Norte;Colisão Lateral;1;;1;;;;;;;;3;;;;
08/05/2019;12:08:00;187;com vítima;506;BR-153/GO;Sul;Choque - Defensa, barreira ou "submarino";1;;;;;;;;;;0;;1;;
08/05/2019;13:38:00;213;sem vítima;364;BR-262/MG;Leste;Colisão Traseira;2;;;;;;;;;;2;;;;
08/05/2019;13:49:00;221;sem vítima;490;BR-262/MG;Leste;Choque - Elemento de Drenagem;1;;;;;;;;;;1;;;;
08/05/2019;13:56:00;222;com vítima;452;BR-262/MG;Leste;Capotamento;1;;;;;;;;;;0;2;;;
08/05/2019;14:09:00;233;sem vítima;394,5;BR-262/MG;Leste;Choque - Defensa, barreira ou "submarino";1;;;;;;;;;;1;;;;
08/05/2019;14:34:00;248;com vítima;75;BR-060/GO;Norte;Queda de Moto;;;;1;;;;;;;0;1;;;
08/05/2019;15:12:00;267;com vítima;369;BR-262/MG;Leste;Colisão Traseira;;;;;1;;;;;1;1;;1;;
08/05/2019;15:20:00;272;sem vítima;528;BR-153/GO;Sul;Choque - Outros;1;;;;;;;;;;2;;;;
08/05/2019;15:40:00;281;com vítima;448;BR-262/MG;Leste;Queda de Moto;;;;1;;;;;;;0;1;;;
08/05/2019;16:50:00;314;com vítima;464,3;BR-262/MG;Leste;Colisão Lateral;;;2;;;1;;;;;2;;;;1
08/05/2019;17:49:00;343;sem vítima;431;BR-262/MG;Leste;Saida de Pista;1;;;;;;;;;;3;;;;
08/05/2019;18:17:00;359;sem vítima;435;BR-262/MG;Leste;Choque - Outros;1;;;1;;;;;;;2;;;;
08/05/2019;19:52:00;393;com vítima;102,6;BR-153/MG;Sul;Colisão Lateral;1;;1;;;;;;;;2;1;;;
08/05/2019;21:52:00;431;sem vítima;432;BR-262/MG;Oeste;Choque - Defensa, barreira ou "submarino";1;;;;;;;;;;1;;;;
08/05/2019;22:37:00;445;sem vítima;555;BR-262/MG;Oeste;Tombamento;;;1;;;;;;;;1;;;;
09/05/2019;06:35:00;66;sem vítima;493,7;BR-153/GO;Norte;Colisão Traseira;;;1;;;;;;;1;2;;;;
09/05/2019;06:43:00;69;com vítima;16;BR-060/GO;Norte;Choque - Elemento de Drenagem;1;;1;;;;;;;;1;1;;;
09/05/2019;07:45:00;85;sem vítima;17,7;BR-060/GO;Norte;Tombamento;;;1;;;;;;;;2;;;;
09/05/2019;11:39:00;181;com vítima;504;BR-153/GO;Sul;Queda de Moto;;;1;1;;;;;;;1;1;;;
09/05/2019;12:50:00;211;sem vítima;514,2;BR-153/GO;Sul;Colisão Lateral;1;;1;;;;;;;;3;;;;
09/05/2019;16:41:00;300;sem vítima;802;BR-262/MG;Oeste;Engavetamento;3;;;;;;;;;;3;;;;
09/05/2019;19:10:00;359;com vítima;92;BR-060/GO;Sul;Colisão Transversal;1;;;1;;;;;;;1;1;;;
10/05/2019;07:32:00;84;sem vítima;502,2;BR-153/GO;Norte;Engavetamento;3;;;;;;;;;;3;;;;
10/05/2019;07:56:00;94;com vítima;501,2;BR-153/GO;Sul;Colisão Traseira;1;;;1;;;;;;;1;2;;;
10/05/2019;08:36:00;129;com vítima;233,2;BR-153/MG;Norte;Tombamento;;;2;;;;;;;;1;1;;;
10/05/2019;09:51:00;180;com vítima;98,2;BR-060/GO;Norte;Choque - Defensa, barreira ou "submarino";1;;;;;;;;;;0;1;;;
10/05/2019;13:45:00;307;sem vítima;657;BR-153/GO;Norte;Capotamento;1;;;;;;;;;;4;;;;
10/05/2019;18:15:00;447;sem vítima;434,8;BR-262/MG;Leste;Queda de Moto;;;;1;;;;;;;1;;;;
10/05/2019;18:19:00;450;sem vítima;473,4;BR-262/MG;Oeste;Colisão Traseira;2;;;;;;;;;;3;;;;
10/05/2019;20:32:00;513;sem vítima;696,5;BR-153/GO;Sul;Choque - Suporte de Sinalização;1;;;;;;;;;;1;;;;
11/05/2019;03:29:00;48;com vítima;3,147;BR-153/MG;Norte;Colisão Traseira;;;2;;;;;;;;1;;;1;1
11/05/2019;05:51:00;69;com vítima;747;BR-262/MG;Oeste;Choque - Suporte de Sinalização;1;;;;;;;;;;1;1;;;
11/05/2019;12:44:00;240;sem vítima;28;BR-060/GO;Sul;Atropelamento de Animal;1;;;;;;;;;;1;;;;
11/05/2019;14:06:00;272;sem vítima;370,9;BR-262/MG;Leste;Queda de Moto;;;;1;;;;;;;1;;;;
11/05/2019;14:50:00;306;sem vítima;4,6;BR-060/DF;Sul;Colisão Lateral;1;;;;;;;;;1;2;;;;
11/05/2019;15:47:00;335;com vítima;188;BR-153/MG;Norte;Choque - Talude;;;;;;;;;;1;0;1;;;
11/05/2019;16:48:00;363;com vítima;92,9;BR-060/GO;Sul;Queda de Moto;;;;1;;;;;;;0;1;;;
11/05/2019;19:19:00;414;sem vítima;33,5;BR-060/GO;Norte;Colisão Traseira;1;;1;;;;;;;;2;;;;
11/05/2019;20:20:00;435;sem vítima;31,2;BR-060/GO;Sul;Colisão Traseira;1;;1;;;;;;;;3;;;;
11/05/2019;21:20:00;458;sem vítima;412,25;BR-262/MG;Oeste;Capotamento;1;;;;;;;;;;1;;;;
11/05/2019;21:45:00;467;sem vítima;541,2;BR-153/GO;Sul;Choque - Suporte de Sinalização;1;;;;;;;;;;1;;;;
11/05/2019;22:54:00;489;com vítima;361;BR-262/MG;Oeste;Queda de Moto;;;;1;;;;;;;0;1;;;
12/05/2019;00:59:00;16;com vítima;835,248;BR-262/MG;Oeste;Choque - Suporte de Sinalização;1;;;;;;;;;;0;2;4;;1
12/05/2019;03:07:00;33;sem vítima;765;BR-262/MG;Leste;Colisão Frontal;1;;1;;;;;;;;4;;;;
12/05/2019;04:06:00;36;sem vítima;83;BR-060/GO;Sul;Capotamento;1;;;;;;;;;;1;;;;
12/05/2019;05:51:00;49;sem vítima;495;BR-153/GO;Norte;Colisão Traseira;2;;;;;;;;;;2;;;;
12/05/2019;07:36:00;68;sem vítima;616,3;BR-153/GO;Sul;Colisão Traseira;1;;1;;;;;;;;2;;;;
12/05/2019;10:04:00;122;sem vítima;6;BR-060/DF;Sul;Colisão Traseira;2;;;;;;;;;;2;;;;
12/05/2019;10:44:00;141;com vítima;681;BR-153/GO;Norte;Tombamento;1;;;;;;;;;;0;1;;;
12/05/2019;13:10:00;187;com vítima;358;BR-262/MG;Oeste;Saida de Pista;1;;1;;;;;;;;1;1;;;
12/05/2019;14:21:00;212;com vítima;435;BR-262/MG;Oeste;Queda de Moto;;;;1;;1;;;;;1;1;;;
12/05/2019;14:42:00;218;com vítima;506;BR-153/GO;Norte;Queda de Moto;;;;1;;;;;;;0;1;;;
12/05/2019;15:19:00;231;com vítima;28,7;BR-060/GO;Sul;Colisão Traseira;1;;1;;;;;;;;1;1;;;
12/05/2019;16:32:00;253;sem vítima;224;BR-153/MG;Sul;Colisão Lateral;1;;1;;;;;;;;5;;;;
12/05/2019;17:14:00;277;sem vítima;450,8;BR-262/MG;Leste;Colisão Traseira;1;;;;;;;;;1;7;;;;
12/05/2019;18:04:00;304;sem vítima;5;BR-060/GO;Sul;Choque - Defensa, barreira ou "submarino";1;;;;;;;;;;1;;;;