data;horario;n_da_ocorrencia;tipo_de_ocorrencia;km;trecho;sentido;tipo_de_acidente;automovel;bicicleta;caminhao;moto;onibus;outros;tracao_animal;transporte_de_cargas_especiais;trator_maquinas;utilitarios;ilesos;levemente_feridos;moderadamente_feridos;gravemente_feridos;mortos
12/05/2019;18:29:00;317;sem vítima;497;BR-262/MG;Leste;Choque - Arvore;1;;;;;;;;;;2;;;;
12/05/2019;18:33:00;320;com vítima;368;BR-262/MG;Leste;Colisão Lateral;1;;;1;;;;;;;1;1;;;
12/05/2019;19:43:00;352;sem vítima;509;BR-153/GO;Norte;Colisão Traseira;2;;;;;;;;;;2;;;;
12/05/2019;19:51:00;356;com vítima;549;BR-262/MG;Leste;Queda de Moto;;;;1;;;;;;;0;;1;;
12/05/2019;20:05:00;363;sem vítima;31;BR-060/DF;Norte;Saida de Pista;;;;;;;;;;1;3;;;;
12/05/2019;20:35:00;377;sem vítima;450;BR-262/MG;Leste;Colisão Traseira;2;;;;;;;;;;5;;;;
12/05/2019;22:47:00;418;com vítima;516;BR-262/MG;Leste;Colisão Traseira;2;;;;;;;;;;1;;2;;
13/05/2019;03:44:00;30;sem vítima;227;BR-153/MG;Sul;Capotamento;1;;;;;;;;;;1;;;;
13/05/2019;06:32:00;51;sem vítima;16;BR-060/DF;Sul;Choque - Suporte de Sinalização;1;;;;;;;;;;1;;;;
13/05/2019;06:51:00;63;com vítima;229,6;BR-153/MG;Norte;Queda de Moto;;;;1;;;;;;;0;2;;;
13/05/2019;07:22:00;74;sem vítima;41;BR-060/GO;Sul;Capotamento;1;;;;;;;;;;4;;;;
13/05/2019;07:55:00;100;sem vítima;52;BR-060/GO;Norte;Colisão Lateral;2;;;;;;;;;;2;;;;
13/05/2019;08:00:00;103;com vítima;503;BR-153/GO;Sul;Colisão Traseira;1;;;1;;;;;;;2;1;;;
13/05/2019;08:09:00;109;com vítima;503;BR-153/GO;Norte;Colisão Traseira;;;;1;;;;;;1;2;1;;;
13/05/2019;09:59:00;158;sem vítima;9;BR-060/GO;Norte;Choque - Talude;1;;;;;;;;;;1;;;;
13/05/2019;11:43:00;202;sem vítima;549;BR-262/MG;Oeste;Colisão Traseira;2;;;;;;;;;;2;;;;
13/05/2019;18:41:00;356;com vítima;226;BR-153/MG;Sul;Colisão Transversal;1;;1;;;;;;;;0;1;;1;
13/05/2019;19:32:00;371;sem vítima;9;BR-060/DF;Sul;Colisão Traseira;2;;;;;;;;;;2;;;;
13/05/2019;22:57:00;424;com vítima;97;BR-060/GO;Norte;Atropelamento de Animal;;;;1;;;;;;;0;1;;;
14/05/2019;01:55:00;27;sem vítima;391,5;BR-262/MG;Oeste;Capotamento;1;;;;;;;;;;1;;;;
14/05/2019;05:48:00;55;com vítima;388;BR-262/MG;Oeste;Colisão Traseira;;;2;;;;;;;;3;;1;;1
14/05/2019;07:12:00;72;com vítima;4;BR-060/DF;Norte;Colisão Traseira;1;;;;1;;;;;;3;1;;;
14/05/2019;10:02:00;166;com vítima;133;BR-060/GO;Sul;Colisão Traseira;;;;1;;1;;;;;1;1;;;
14/05/2019;11:37:00;214;sem vítima;405;BR-262/MG;Leste;Tombamento;;;;;;;;;1;;1;;;;
14/05/2019;11:51:00;218;sem vítima;388;BR-262/MG;Oeste;Choque - Suporte de Sinalização;;;1;;;;;;;;1;;;;
14/05/2019;16:11:00;315;com vítima;187,5;BR-153/MG;Sul;Colisão Traseira;;;1;;;;;;;1;1;3;;;
14/05/2019;18:54:00;386;sem vítima;499,134;BR-153/GO;Sul;Colisão Traseira;1;;1;;;;;;;;2;;;;
14/05/2019;22:38:00;476;sem vítima;772;BR-262/MG;Oeste;Saida de Pista;1;;;;;;;;;;1;;;;
14/05/2019;23:24:00;493;sem vítima;424,035;BR-262/MG;Oeste;Colisão Traseira;;;2;;;;;;;;2;;;;
14/05/2019;23:46:00;500;sem vítima;422;BR-262/MG;Leste;Capotamento;1;;;;;;;;;;1;;;;
15/05/2019;02:27:00;31;com vítima;457;BR-262/MG;Oeste;Choque - Arvore;;;;1;;;;;;;0;;;1;
15/05/2019;09:45:00;149;com vítima;508;BR-153/GO;Norte;Colisão Traseira;;;;1;;1;;;;;1;1;;;
15/05/2019;12:45:00;221;com vítima;514;BR-153/GO;Norte;Colisão Lateral;;;1;1;;;;;;;1;1;;;
15/05/2019;16:46:00;304;sem vítima;586;BR-262/MG;Leste;Carreta deu L;;;1;;;;;;;;1;;;;
15/05/2019;17:01:00;315;com vítima;545;BR-262/MG;Leste;Capotamento;;;;;;;;;;1;0;2;3;;
15/05/2019;17:12:00;325;sem vítima;385;BR-262/MG;Leste;Choque - Elemento de Drenagem;1;;;;;;;;;;1;;;;
15/05/2019;17:24:00;332;com vítima;499;BR-153/GO;Sul;Colisão Traseira;1;;;1;;;;;;;1;1;;;
15/05/2019;18:22:00;357;com vítima;354;BR-262/MG;Leste;Queda de Moto;;;;1;;;;;;;0;;1;;
15/05/2019;18:35:00;365;sem vítima;502;BR-153/GO;Norte;Colisão Traseira;2;;;;;;;;;;2;;;;
15/05/2019;19:09:00;387;sem vítima;137;BR-060/GO;Sul;Colisão Lateral;1;;1;;;;;;;;2;;;;
15/05/2019;19:17:00;393;sem vítima;8,5;BR-060/GO;Norte;Choque - Elemento de Drenagem;1;;;;;;;;;;2;;;;
15/05/2019;19:20:00;395;sem vítima;358;BR-262/MG;Oeste;Choque - Elemento de Drenagem;1;;;;;;;;;;1;;;;
15/05/2019;20:04:00;413;com vítima;507;BR-153/GO;Sul;Capotamento;1;;;;;1;;;;;1;1;;;
16/05/2019;05:53:00;56;sem vítima;118;BR-060/GO;Norte;Colisão Lateral;2;;;;;;;;;;2;;;;
16/05/2019;13:04:00;242;sem vítima;92;BR-060/GO;Sul;Colisão Traseira;;;2;;;;;;;;2;;;;
16/05/2019;14:58:00;280;sem vítima;185;BR-153/MG;Norte;Colisão Traseira;;;1;;;;;;;;1;;;;
16/05/2019;16:17:00;314;sem vítima;586;BR-262/MG;Leste;Tombamento;;;1;;;;;;;;1;;;;
16/05/2019;16:21:00;316;com vítima;503,9;BR-153/GO;Norte;Atropelamento - Outros;;;1;1;;;;;;;1;1;;;
16/05/2019;18:06:00;347;com vítima;507;BR-153/GO;Sul;Queda de Moto;;;;1;;;;;;;0;1;;;
16/05/2019;18:20:00;354;com vítima;506;BR-153/GO;Sul;Engavetamento;3;;;;;;;;;;2;1;;;
16/05/2019;18:44:00;360;sem vítima;500;BR-153/GO;Sul;Colisão Traseira;2;;;;;;;;;;2;;;;
16/05/2019;19:14:00;365;com vítima;695;BR-262/MG;Oeste;Colisão Lateral;2;;;;;;;;;;2;1;;;
16/05/2019;19:25:00;369;sem vítima;504;BR-153/GO;Sul;Engavetamento;3;;;;;;;;;;3;;;;
16/05/2019;20:34:00;382;sem vítima;580;BR-262/MG;Leste;Saida de Pista;1;;;;;;;;;;2;;;;
16/05/2019;23:27:00;426;sem vítima;517;BR-262/MG;Leste;Saida de Pista;1;;;;;;;;;;1;;;;
17/05/2019;01:48:00;28;com vítima;581,5;BR-262/MG;Leste;Capotamento;;;;;;;;;;1;11;3;;;
17/05/2019;05:29:00;58;sem vítima;28,857;BR-153/MG;Sul;Capotamento;;;;;1;;;;;;1;;;;
17/05/2019;06:42:00;70;sem vítima;506;BR-153/GO;Norte;Engavetamento;8;;;;;;;;;;8;;;;
17/05/2019;07:21:00;79;com vítima;567;BR-262/MG;Oeste;Tombamento;;;1;;;;;;;;0;;2;;
17/05/2019;07:29:00;82;sem vítima;506;BR-153/GO;Sul;Colisão Traseira;2;;;;;;;;;;2;;;;
17/05/2019;07:48:00;94;sem vítima;506;BR-153/GO;Norte;Engavetamento;3;;;1;;;;;;;4;;;;
17/05/2019;08:06:00;104;com vítima;726;BR-262/MG;Leste;Capotamento;;;;;;;;;;1;0;2;;;
17/05/2019;08:09:00;105;sem vítima;576;BR-262/MG;Leste;Choque - Talude;1;;;;;;;;;;1;;;;
17/05/2019;08:56:00;126;sem vítima;29;BR-060/GO;Sul;Colisão Lateral;1;;1;;;;;;;;2;;;;
17/05/2019;10:08:00;158;sem vítima;611;BR-262/MG;Leste;Capotamento;;;1;;;;;;;;1;;;;
17/05/2019;11:47:00;197;sem vítima;443;BR-262/MG;Leste;Choque - Defensa, barreira ou "submarino";1;;;;;;;;;;1;;;;
17/05/2019;13:53:00;240;sem vítima;386;BR-262/MG;Oeste;Colisão Traseira;2;;;;;;;;;;2;;;;
17/05/2019;15:23:00;273;sem vítima;525,8;BR-153/GO;Sul;Choque - Arvore;;;1;;;;;;;;1;;;;
17/05/2019;15:27:00;276;sem vítima;601,2;BR-262/MG;Leste;Tombamento;;;1;;;;;;;;1;;;;
17/05/2019;15:41:00;284;sem vítima;505;BR-153/GO;Sul;Engavetamento;3;;;;;;;;;;3;;;;
17/05/2019;15:55:00;292;sem vítima;383;BR-262/MG;Leste;Choque - Cancela de Pedagio;1;;;;;;;;;;1;;;;
17/05/2019;15:59:00;293;sem vítima;584;BR-262/MG;Leste;Saida de Pista;1;;;;;;;;;;1;;;;
17/05/2019;16:11:00;298;com vítima;380,8;BR-262/MG;Leste;Capotamento;1;;;;;;;;;;1;1;;;
17/05/2019;16:24:00;301;sem vítima;508;BR-153/GO;Norte;Engavetamento;2;;1;;;;;;;;3;;;;
17/05/2019;16:50:00;311;sem vítima;369;BR-262/MG;Leste;Colisão Lateral;1;;1;;;;;;;;2;;;;
17/05/2019;17:25:00;334;sem vítima;485;BR-262/MG;Oeste;Engavetamento;1;;2;;;;;;;;3;;;;
17/05/2019;17:31:00;338;com vítima;593,5;BR-262/MG;Leste;Choque - Talude;1;;;;;;;;;;0;1;;;
17/05/2019;18:21:00;362;sem vítima;503;BR-153/GO;Sul;Engavetamento;2;;;;;;;;;1;4;;;;
17/05/2019;18:40:00;370;com vítima;32;BR-060/GO;Norte;Atropelamento - Morador;;;;;;1;;;;;1;;1;;
17/05/2019;19:25:00;386;sem vítima;501;BR-153/GO;Sul;Colisão Traseira;2;;;;;;;;;;3;;;;
17/05/2019;20:26:00;415;sem vítima;12;BR-060/DF;Sul;Saida de Pista;;;1;;;;;;;;1;;;;
17/05/2019;20:49:00;425;com vítima;141,382;BR-153/MG;Sul;Atropelamento de Animal;;;;1;;;;;;;0;1;;;
17/05/2019;22:30:00;469;sem vítima;55,1;BR-153/MG;Sul;Capotamento;1;;;;;;;;;;1;;;;
17/05/2019;22:58:00;478;sem vítima;4,7;BR-060/GO;Norte;Capotamento;;;;;;;;;;1;2;;;;
17/05/2019;23:14:00;483;sem vítima;4,6;BR-060/GO;Sul;Choque - Talude;1;;;;;;;;;;3;;;;
18/05/2019;01:05:00;10;sem vítima;13,5;BR-153/MG;Norte;Tombamento;;;1;;;;;;;;1;;;;
18/05/2019;02:26:00;28;com vítima;134;BR-060/GO;Sul;Capotamento;1;;;;;;;;;;0;;1;;
18/05/2019;03:21:00;38;sem vítima;36;BR-060/GO;Norte;Colisão Lateral;1;;1;;;;;;;;2;;;;
18/05/2019;05:22:00;53;sem vítima;50;BR-060/GO;Sul;Colisão Traseira;;;2;;;;;;;;4;;;;
18/05/2019;06:18:00;61;sem vítima;507,3;BR-153/GO;Norte;Choque - Elemento de Drenagem;1;;;;;;;;;;1;;;;
18/05/2019;06:45:00;66;sem vítima;187;BR-153/MG;Sul;Colisão Traseira;;;2;;;;;;;;3;;;;
18/05/2019;06:54:00;69;com vítima;516;BR-153/GO;Norte;Queda de Ciclista;;1;;;;;;;;;0;1;;;
18/05/2019;07:30:00;77;com vítima;598;BR-153/GO;Sul;Capotamento;;;;;;;;;;1;0;2;;;
18/05/2019;08:11:00;95;sem vítima;524;BR-262/MG;Leste;Colisão Traseira;;;2;;;;;;;;2;;;;
18/05/2019;10:59:00;196;com vítima;96;BR-060/GO;Norte;Colisão Traseira;1;;;;;;;;;1;1;2;;;
18/05/2019;11:27:00;213;com vítima;537;BR-153/GO;Sul;Choque - Elemento de Drenagem;1;;;;;;;;;;0;2;;;
18/05/2019;12:50:00;250;sem vítima;586;BR-262/MG;Leste;Capotamento;;;;;;;;;;1;1;;;;
18/05/2019;14:53:00;288;com vítima;536,4;BR-153/GO;Sul;Queda de Moto;;;;1;;;;;;;0;1;;;
18/05/2019;17:32:00;363;sem vítima;401,3;BR-262/MG;Leste;Colisão Traseira;1;;1;;;;;;;;2;;;;
18/05/2019;19:18:00;399;sem vítima;543,05;BR-153/GO;Sul;Saida de Pista;1;;;;;;;;;;2;;;;
18/05/2019;19:34:00;409;com vítima;692,9;BR-153/GO;Norte;Capotamento;1;;;;;;;;;;0;2;;;
18/05/2019;19:54:00;417;com vítima;812,655;BR-262/MG;Leste;Atropelamento de Animal;;;;1;;;;;;;0;1;;;
18/05/2019;20:02:00;419;sem vítima;372;BR-262/MG;Oeste;Choque - Objeto sobre a pista;1;;;;;;;;;;1;;;;
18/05/2019;21:39:00;458;sem vítima;650;BR-262/MG;Leste;Choque - Talude;1;;;;;;;;;;1;;;;
19/05/2019;11:54:00;197;sem vítima;691,8;BR-153/GO;Norte;Saida de Pista;1;;;;;;;;;;2;;;;
19/05/2019;12:42:00;215;com vítima;388;BR-262/MG;Leste;Queda de Moto;;;;1;;;;;;;0;;1;;
19/05/2019;12:55:00;222;sem vítima;566;BR-153/GO;Sul;Choque - Defensa, barreira ou "submarino";1;;;;;;;;;;1;;;;
19/05/2019;13:19:00;229;sem vítima;413;BR-262/MG;Oeste;Capotamento;1;;;;;;;;;;1;;;;
19/05/2019;14:14:00;246;sem vítima;496;BR-153/GO;Norte;Choque - Defensa, barreira ou "submarino";1;;;;;;;;;;2;;;;
19/05/2019;14:20:00;248;sem vítima;592,8;BR-153/GO;Sul;Choque - Elemento de Drenagem;1;;;;;;;;;;1;;;;
19/05/2019;16:59:00;328;com vítima;516;BR-153/GO;Norte;Engavetamento;2;;;;;;;;;1;0;7;;;
19/05/2019;18:11:00;357;com vítima;118;BR-060/GO;Norte;Queda de Moto;;;;1;;;;;;;1;1;;;
19/05/2019;20:59:00;421;com vítima;820,384;BR-262/MG;Oeste;Queda de Moto;;;;1;;;;;;;0;;2;;
20/05/2019;02:01:00;27;sem vítima;20,537;BR-060/DF;Norte;Capotamento;1;;;;;;;;;;2;;;;
20/05/2019;06:28:00;64;com vítima;430;BR-262/MG;Leste;Queda de Moto;;;;1;;;;;;;0;;1;;
20/05/2019;07:35:00;93;sem vítima;503;BR-153/GO;Norte;Colisão Traseira;2;;;;;;;;;;2;;;;
20/05/2019;07:42:00;101;com vítima;423;BR-262/MG;Leste;Colisão Traseira;;;1;1;;;;;;;1;;;1;
20/05/2019;08:42:00;146;sem vítima;99;BR-060/GO;Sul;Colisão Traseira;1;;1;;;;;;;;2;;;;
20/05/2019;08:48:00;150;sem vítima;494;BR-153/GO;Sul;Engavetamento;;;3;;;;;;;;3;;;;
20/05/2019;08:58:00;157;com vítima;508,5;BR-153/GO;Sul;Colisão Traseira;1;;;1;;;;;;;1;;1;;
20/05/2019;12:05:00;261;sem vítima;490;BR-153/GO;Sul;Colisão Lateral;2;;;;;;;;;;2;;;;
20/05/2019;14:04:00;293;sem vítima;490,2;BR-153/GO;Norte;Colisão Lateral;1;;1;;;;;;;;2;;;;
20/05/2019;15:42:00;337;com vítima;607,9;BR-262/MG;Oeste;Colisão Frontal;1;;1;;;;;;;;1;;1;1;
20/05/2019;16:06:00;354;com vítima;502,9;BR-153/GO;Norte;Colisão Lateral;1;;;1;;;;;;;1;;1;;
20/05/2019;18:30:00;403;sem vítima;500,5;BR-153/GO;Sul;Queda de Moto;;;;1;;1;;;;;2;;;;
20/05/2019;19:13:00;418;sem vítima;652,5;BR-153/GO;Norte;Atropelamento de Animal;1;;;;;;;;;;1;;;;
21/05/2019;04:29:00;31;com vítima;148;BR-153/MG;Sul;Tombamento;;;1;;;1;;;;;1;2;;;
21/05/2019;07:17:00;57;com vítima;513;BR-153/GO;Sul;Colisão Traseira;1;;;1;;;;;;;2;;1;;
21/05/2019;08:14:00;83;sem vítima;499;BR-153/GO;Sul;Colisão Traseira;2;;;;;;;;;;2;;;;
21/05/2019;11:18:00;184;com vítima;522,5;BR-153/GO;Sul;Capotamento;1;;;;;;;;;;0;1;;;
21/05/2019;11:24:00;188;com vítima;115;BR-060/GO;Norte;Colisão Traseira;;;2;;;;;;;;1;;1;;
21/05/2019;16:37:00;323;sem vítima;499;BR-153/GO;Sul;Colisão Traseira;1;;;1;;;;;;;2;;;;
21/05/2019;18:41:00;385;com vítima;508;BR-153/GO;Sul;Atropelamento - Andarilho;;;;1;;;;;;;1;1;;;
21/05/2019;19:16:00;398;com vítima;442;BR-262/MG;Leste;Engavetamento;2;;1;;;;;;;;2;1;;;
21/05/2019;22:47:00;457;com vítima;136;BR-060/GO;Sul;Tombamento;;;1;;;;;;;;0;1;;;
22/05/2019;06:42:00;76;com vítima;626;BR-262/MG;Leste;Tombamento;;;1;;;;;;;;0;1;;;
22/05/2019;07:42:00;97;com vítima;503;BR-153/GO;Sul;Colisão Traseira;1;;;1;;;;;;;2;1;;;
22/05/2019;07:54:00;100;sem vítima;501,7;BR-153/GO;Sul;Colisão Traseira;2;;;;;;;;;;2;;;;
22/05/2019;09:31:00;167;sem vítima;527;BR-153/GO;Norte;Carreta deu L;;;1;;;;;;;;1;;;;
22/05/2019;12:59:00;273;sem vítima;782;BR-262/MG;Leste;Colisão Lateral;;;1;;;;;;;1;2;;;;
22/05/2019;15:51:00;344;sem vítima;505,4;BR-153/GO;Sul;Engavetamento;4;;;;;;;;;;4;;;;
22/05/2019;16:41:00;370;sem vítima;0,2;BR-153/MG;Sul;Colisão Traseira;;;2;;;;;;;;2;;;;
23/05/2019;01:12:00;17;com vítima;507;BR-153/GO;Norte;Queda de Moto;;;;1;;;;;;;0;1;;;
23/05/2019;04:01:00;47;sem vítima;39;BR-153/MG;Sul;Choque - Elemento de Drenagem;1;;;;;;;;;;1;;;;
23/05/2019;08:05:00;103;com vítima;494;BR-153/GO;Norte;Colisão Traseira;1;;;1;;;;;;;1;1;;;
23/05/2019;08:32:00;117;sem vítima;498;BR-153/GO;Norte;Colisão Traseira;;;2;;;;;;;;2;;;;
23/05/2019;09:07:00;133;com vítima;97,8;BR-060/GO;Norte;Capotamento;1;;;;;;;;;;0;2;;;
23/05/2019;12:54:00;248;sem vítima;530;BR-262/MG;Oeste;Colisão Lateral;1;;1;;;;;;;;2;;;;
23/05/2019;13:25:00;260;com vítima;62;BR-060/GO;Sul;Capotamento;2;;;;;;;;;;3;;1;;
23/05/2019;13:46:00;271;com vítima;497;BR-153/GO;Sul;Choque - Defensa, barreira ou "submarino";1;;;;;;;;;;0;1;;;
23/05/2019;14:47:00;302;sem vítima;541;BR-153/GO;Sul;Colisão Lateral;1;;1;;;;;;;;4;;;;
23/05/2019;17:44:00;378;sem vítima;501,1;BR-153/GO;Sul;Colisão Traseira;1;;;;;;;;;1;2;;;;
23/05/2019;17:50:00;382;com vítima;388;BR-262/MG;Oeste;Queda de Moto;;;;1;;;;;;;0;;1;;
23/05/2019;18:51:00;413;sem vítima;517,5;BR-153/GO;Norte;Saida de Pista;1;;;;;;;;;;1;;;;
23/05/2019;18:57:00;415;com vítima;9;BR-060/DF;Norte;Capotamento;1;;;;;;;;;;0;;;1;
23/05/2019;19:04:00;418;com vítima;502;BR-153/GO;Norte;Colisão Traseira;1;;;1;;;;;;;2;;1;;
23/05/2019;19:08:00;422;com vítima;0,8;BR-060/DF;Norte;Colisão Traseira;1;1;;;;;;;;;1;1;;;
24/05/2019;00:50:00;10;sem vítima;60,027;BR-060/GO;Norte;Atropelamento de Animal;1;;;;;;;;;;1;;;;
24/05/2019;04:28:00;40;sem vítima;640,01;BR-153/GO;Norte;Tombamento;;;1;;;;;;;;1;;;;
24/05/2019;05:56:00;51;sem vítima;619;BR-153/GO;Norte;Capotamento;;;1;;;;;;;;1;;;;
24/05/2019;09:45:00;141;sem vítima;227,9;BR-153/MG;Sul;Colisão Lateral;1;;;;;;;;;1;2;;;;
24/05/2019;13:26:00;240;com vítima;96,698;BR-060/GO;Sul;Saida de Pista;;;;;;;;;;1;1;2;;;
24/05/2019;14:25:00;265;sem vítima;494;BR-153/GO;Sul;Colisão Lateral;1;;1;;;;;;;;3;;;;
24/05/2019;15:13:00;281;sem vítima;483,5;BR-262/MG;Oeste;Colisão Traseira;2;;;;;;;;;;2;;;;
24/05/2019;15:47:00;292;com vítima;761;BR-262/MG;Leste;Colisão Frontal;1;;1;1;;;;;;;1;1;;1;
24/05/2019;16:15:00;301;sem vítima;38;BR-153/MG;Norte;Saida de Pista;;;;;;;;;;1;1;;;;
24/05/2019;16:56:00;316;com vítima;604;BR-262/MG;Oeste;Engavetamento;1;;2;;;1;;;;;4;;2;;
24/05/2019;16:59:00;318;sem vítima;29;BR-060/GO;Sul;Capotamento;1;;;;;;;;;;5;;;;
24/05/2019;17:57:00;344;com vítima;496;BR-153/GO;Sul;Queda de Moto;;;;1;;;;;;;0;2;;;
24/05/2019;19:10:00;366;sem vítima;444;BR-262/MG;Oeste;Saida de Pista;1;;;;;;;;;;1;;;;
24/05/2019;19:26:00;373;sem vítima;517;BR-153/GO;Sul;Tombamento;;;1;;;;;;;;1;;;;
24/05/2019;19:59:00;381;sem vítima;498;BR-153/GO;Norte;Queda de Moto;;;;1;;;;;;;1;;;;
24/05/2019;20:08:00;387;sem vítima;498;BR-153/GO;Norte;Colisão Traseira;2;;;;;;;;;;2;;;;
24/05/2019;20:33:00;393;com vítima;104;BR-060/GO;Sul;Atropelamento - Morador;;;;;;1;;;;;1;;;;1
24/05/2019;22:23:00;423;sem vítima;32;BR-060/GO;Sul;Colisão Lateral;1;;1;;;;;;;;2;;;;
24/05/2019;23:32:00;440;com vítima;148;BR-153/MG;Sul;Tombamento;;;1;;;;;;;;0;;1;;
25/05/2019;00:05:00;1;sem vítima;364;BR-262/MG;Oeste;Capotamento;1;;;;;;;;;;1;;;;
25/05/2019;10:45:00;154;com vítima;360;BR-262/MG;Oeste;Queda de Moto;;;;1;;;;;;;1;1;;;
25/05/2019;19:17:00;291;com vítima;439;BR-262/MG;Oeste;Capotamento;1;;;;;;;;;;1;3;;;
25/05/2019;20:14:00;311;sem vítima;371;BR-262/MG;Oeste;Capotamento;1;;;;;;;;;;1;;;;
25/05/2019;22:02:00;330;sem vítima;516;BR-153/GO;Sul;Colisão Traseira;2;;;;;;;;;;3;;;;
25/05/2019;22:31:00;337;com vítima;799;BR-262/MG;Leste;Queda de Moto;;;;1;;;;;;;0;;1;;
25/05/2019;22:44:00;341;sem vítima;22;BR-060/DF;Norte;Saida de Pista;1;;;;;;;;;;1;;;;
26/05/2019;05:36:00;43;sem vítima;759;BR-262/MG;Leste;Capotamento;1;;;;;;;;;;4;;;;
26/05/2019;07:31:00;63;sem vítima;425,8;BR-262/MG;Oeste;Capotamento;1;;;;;;;;;;1;;;;
26/05/2019;08:02:00;76;sem vítima;129;BR-060/GO;Sul;Choque - Elemento de Drenagem;1;;;;;;;;;;1;;;;
26/05/2019;14:59:00;259;sem vítima;593,8;BR-153/GO;Norte;Objeto lançado contra veículo;1;;;;;;;;;;4;;;;
26/05/2019;15:00:00;260;com vítima;359;BR-262/MG;Leste;Colisão Traseira;;1;;;;1;;;;;1;;1;;
26/05/2019;15:26:00;271;com vítima;51;BR-060/GO;Norte;Queda de Moto;;;;1;;;;;;;0;1;;;
26/05/2019;15:28:00;273;com vítima;30;BR-060/DF;Norte;Colisão Traseira;1;;;;;;;;;1;2;2;;;
26/05/2019;16:50:00;312;com vítima;475,9;BR-262/MG;Leste;Colisão Frontal;3;;1;;1;;;;;;9;1;1;;
26/05/2019;18:55:00;367;sem vítima;822;BR-262/MG;Leste;Choque - Suporte de Sinalização;1;;;;;;;;;;1;;;;
26/05/2019;19:42:00;385;com vítima;529,5;BR-153/GO;Norte;Engavetamento;1;;2;;;;;;;;7;1;;;
26/05/2019;19:45:00;386;sem vítima;474;BR-262/MG;Oeste;Colisão Transversal;2;;;;;;;;;;2;;;;
26/05/2019;20:20:00;395;com vítima;503,05;BR-153/GO;Sul;Queda de Moto;;;;1;;;;;;;0;1;;;
27/05/2019;06:47:00;60;sem vítima;10,5;BR-153/MG;Sul;Saida de Pista;1;;;;;;;;;;1;;;;
27/05/2019;07:13:00;72;sem vítima;634;BR-153/GO;Sul;Queda de Moto;;;;1;;;;;;;1;;;;
27/05/2019;07:19:00;73;sem vítima;408;BR-262/MG;Leste;Engavetamento;6;;;;;;;;;;6;;;;
27/05/2019;07:51:00;92;sem vítima;494;BR-153/GO;Sul;Colisão Traseira;2;;;;;;;;;;2;;;;
27/05/2019;08:01:00;96;com vítima;535;BR-153/GO;Norte;Capotamento;1;;1;;;;;;;;2;2;;;
27/05/2019;09:05:00;127;sem vítima;500;BR-153/GO;Sul;Engavetamento;3;;;;;;;;;;3;;;;
27/05/2019;14:49:00;279;sem vítima;453;BR-262/MG;Leste;Colisão Traseira;2;;;;;;;;;;2;;;;
28/05/2019;00:17:00;6;sem vítima;5;BR-153/MG;Sul;Tombamento;;;1;;;;;;;;2;;;;
28/05/2019;01:04:00;12;sem vítima;510;BR-153/GO;Norte;Colisão Traseira;2;;;;;;;;;;2;;;;
28/05/2019;07:59:00;104;sem vítima;495;BR-153/GO;Sul;Colisão Traseira;;;;;;;;;;2;2;;;;
28/05/2019;08:38:00;127;sem vítima;495,1;BR-153/GO;Sul;Colisão Traseira;2;;;;;;;;;;2;;;;
28/05/2019;09:07:00;143;com vítima;591;BR-153/GO;Norte;Capotamento;1;;;;;;;;;;0;1;;;
28/05/2019;09:46:00;160;com vítima;505,4;BR-153/GO;Sul;Colisão Traseira;1;;;2;;;;;;;2;1;;;
28/05/2019;10:12:00;171;sem vítima;675;BR-262/MG;Oeste;Colisão Traseira;1;;1;;;;;;;;5;;;;
28/05/2019;10:31:00;179;com vítima;94;BR-060/GO;Norte;Queda de Moto;;;;1;;;;;;;0;2;;;
28/05/2019;11:46:00;227;sem vítima;518;BR-153/GO;Norte;Saida de Pista;1;;;;;;;;;;2;;;;
28/05/2019;11:50:00;228;sem vítima;501;BR-153/GO;Sul;Colisão Traseira;1;;;;;;;;;1;2;;;;
28/05/2019;15:18:00;308;sem vítima;499;BR-153/GO;Sul;Colisão Lateral;1;;1;;;;;;;;2;;;;
28/05/2019;16:40:00;331;com vítima;615;BR-153/GO;Sul;Colisão Lateral;1;;;1;;;;;;;2;1;;;
28/05/2019;17:06:00;342;com vítima;665,8;BR-153/GO;Sul;Capotamento;;;;;;;;;;1;0;1;;;
29/05/2019;05:37:00;44;sem vítima;365,5;BR-262/MG;Leste;Atropelamento de Animal;1;;;;;;;;;;1;;;;
29/05/2019;07:32:00;63;sem vítima;494,5;BR-153/GO;Sul;Engavetamento;4;;;;;;;;;;4;;;;
29/05/2019;09:35:00;123;com vítima;766;BR-262/MG;Leste;Capotamento;1;;;;;;;;;;0;;1;;
29/05/2019;09:43:00;126;sem vítima;573,5;BR-153/GO;Sul;Capotamento;1;;;;;;;;;;3;;;;
29/05/2019;13:23:00;218;sem vítima;608;BR-153/GO;Sul;Choque - Elemento de Drenagem;1;;;;;;;;;;1;;;;
29/05/2019;21:27:00;407;sem vítima;588;BR-153/GO;Norte;Choque - Objeto não identificado;;;1;;;;;;;;1;;;;
30/05/2019;06:22:00;60;sem vítima;506;BR-153/GO;Sul;Choque - Defensa, barreira ou "submarino";1;;;;;;;;;;2;;;;
30/05/2019;07:18:00;71;sem vítima;94;BR-153/MG;Norte;Colisão Lateral;;;1;;;;;;;1;3;;;;
30/05/2019;07:39:00;79;com vítima;493;BR-153/GO;Sul;Colisão Traseira;;;;2;;;;;;;1;1;;;
30/05/2019;07:53:00;83;sem vítima;800,5;BR-262/MG;Oeste;Colisão Traseira;2;;;;;;;;;;2;;;;
30/05/2019;08:55:00;117;com vítima;492;BR-153/GO;Norte;Capotamento;2;;1;1;;;;;;;3;1;;;