data;horario;n_da_ocorrencia;tipo_de_ocorrencia;km;trecho;sentido;tipo_de_acidente;automovel;bicicleta;caminhao;moto;onibus;outros;tracao_animal;transporte_de_cargas_especiais;trator_maquinas;utilitarios;ilesos;levemente_feridos;moderadamente_feridos;gravemente_feridos;mortos
30/05/2019;13:14:00;248;sem vítima;503,5;BR-153/GO;Sul;Colisão Lateral;1;;1;;;;;;;;2;;;;
30/05/2019;15:40:00;309;sem vítima;540,5;BR-262/MG;Oeste;Saida de Pista;1;;;;;;;;;;1;;;;
30/05/2019;16:15:00;328;com vítima;497;BR-262/MG;Oeste;Colisão Frontal;1;;1;;;;;;;;0;2;;;2
30/05/2019;17:27:00;369;sem vítima;500,2;BR-153/GO;Sul;Colisão Traseira;2;;;;;;;;;;2;;;;
30/05/2019;19:00:00;412;sem vítima;93,413;BR-060/GO;Norte;Choque - Defensa, barreira ou "submarino";;;1;;;;;;;;1;;;;
31/05/2019;08:28:00;103;sem vítima;509;BR-153/GO;Norte;Colisão Traseira;;;2;;;;;;;;2;;;;
31/05/2019;11:05:00;205;sem vítima;245,5;BR-153/MG;Norte;Choque - Elemento de Drenagem;1;;;;;;;;;;1;;;;
31/05/2019;15:40:00;331;sem vítima;537,8;BR-262/MG;Leste;Engavetamento;1;;3;;;;;;;;4;;;;
31/05/2019;15:52:00;339;sem vítima;538;BR-262/MG;Leste;Colisão Lateral;1;;1;;;;;;;;3;;;;
31/05/2019;17:47:00;405;sem vítima;508;BR-153/GO;Norte;Colisão Traseira;2;;;;;;;;;;2;;;;
31/05/2019;18:59:00;437;sem vítima;512;BR-153/GO;Sul;Queda de Moto;;;;1;;;;;;;1;;;;
31/05/2019;19:00:00;438;com vítima;437;BR-262/MG;Oeste;Colisão Traseira;;;;1;;;;;;1;1;;1;;
31/05/2019;19:12:00;443;com vítima;92;BR-060/GO;Norte;Colisão Frontal;1;;;1;;;;;;;1;;;;1
31/05/2019;19:32:00;450;sem vítima;0,3;BR-153/MG;Norte;Tombamento;;;3;;;;;;;;5;;;;
31/05/2019;19:37:00;455;sem vítima;129;BR-060/GO;Sul;Capotamento;1;;;;;;;;;;1;;;;
31/05/2019;23:56:00;522;sem vítima;472;BR-262/MG;Oeste;Colisão Transversal;;;1;;;;;;;1;2;;;;
01/08/2019;08:08:00;94;sem vítima;501;BR-153/GO;Norte;Engavetamento;4;;;;;;;;;;6;;;;
01/08/2019;08:27:00;102;com vítima;755;BR-262/MG;Oeste;Tombamento;;;1;;;;;;;;0;1;;;
01/08/2019;11:52:00;222;sem vítima;477;BR-262/MG;Oeste;Colisão Traseira;1;;1;;;;;;;;5;;;;
01/08/2019;13:30:00;266;com vítima;33;BR-153/MG;Norte;Colisão Lateral;1;;2;;;;;;;;6;1;;;
01/08/2019;14:20:00;286;com vítima;493;BR-153/GO;Norte;Queda de Moto;;;;1;;;;;;;1;1;;;
01/08/2019;14:49:00;295;sem vítima;25;BR-060/GO;Sul;Choque - Defensa, barreira ou "submarino";1;;;;;;;;;;3;;;;
01/08/2019;17:15:00;368;sem vítima;444;BR-262/MG;Leste;Atropelamento - Andarilho;;;;1;;;;;;;2;;;;
01/08/2019;18:54:00;410;sem vítima;574;BR-153/GO;Norte;Colisão Traseira;1;;;;;;;;;1;3;;;;
01/08/2019;20:47:00;460;sem vítima;520;BR-153/GO;Norte;Colisão Lateral;2;;;;;;;;;;2;;;;
01/08/2019;21:09:00;468;com vítima;655,5;BR-153/GO;Sul;Choque - Objeto sobre a pista;1;;;;;;;;;;2;1;;;
01/08/2019;21:27:00;471;com vítima;364;BR-262/MG;Leste;Colisão Lateral;;;;1;;1;;;;;1;1;;;
01/08/2019;23:30:00;505;sem vítima;628;BR-153/GO;Norte;Tombamento;;;1;;;;;;;;1;;;;
02/08/2019;07:45:00;76;com vítima;520;BR-153/GO;Sul;Colisão Traseira;1;;;1;;;;;;;2;;1;;
02/08/2019;13:27:00;243;sem vítima;5,9;BR-153/MG;Sul;Colisão Traseira;2;;;;;;;;;;4;;;;
02/08/2019;13:50:00;253;com vítima;506,458;BR-153/GO;Norte;Queda de Moto;;;;1;;;;;;;0;;;1;
02/08/2019;14:54:00;293;sem vítima;508;BR-153/GO;Norte;Engavetamento;3;;;;;;;;;;3;;;;
02/08/2019;16:50:00;367;com vítima;417;BR-262/MG;Oeste;Capotamento;1;;;;;1;;;;;2;1;;;
02/08/2019;17:12:00;381;sem vítima;480;BR-262/MG;Leste;Choque - Elemento de Drenagem;;;1;;;1;;;;;2;;;;
02/08/2019;17:36:00;392;sem vítima;509;BR-153/GO;Norte;Engavetamento;4;;;;;;;;;;5;;;;
02/08/2019;17:50:00;402;sem vítima;499;BR-153/GO;Sul;Engavetamento;3;;1;;;;;;;;4;;;;
02/08/2019;19:27:00;450;com vítima;32;BR-060/GO;Sul;Atropelamento - Andarilho;1;;;;;;;;;;1;;1;;
02/08/2019;20:37:00;481;com vítima;95;BR-060/GO;Sul;Capotamento;1;;;;;;;;;;0;;1;;
02/08/2019;21:18:00;505;sem vítima;210;BR-153/MG;Norte;Saida de Pista;1;;;;;;;;;;1;;;;
02/08/2019;23:56:00;557;com vítima;93,042;BR-060/GO;Norte;Atropelamento - Outros;1;;;1;;;;;;;1;;;1;
03/08/2019;04:29:00;48;sem vítima;409,8;BR-262/MG;Leste;Atropelamento de Animal;;;;;;;;;;1;1;;;;
03/08/2019;04:36:00;49;sem vítima;374;BR-262/MG;Leste;Capotamento;1;;;;;;;;;;2;;;;
03/08/2019;06:14:00;67;sem vítima;10;BR-060/DF;Sul;Choque - Suporte de Sinalização;1;;;;;;;;;;1;;;;
03/08/2019;06:57:00;85;com vítima;660;BR-153/GO;Norte;Colisão Lateral;1;;;1;;;;;;;1;1;;;
03/08/2019;06:58:00;87;com vítima;379;BR-262/MG;Leste;Capotamento;1;;;;;;;;;;0;1;;;
03/08/2019;08:01:00;107;sem vítima;16;BR-060/GO;Norte;Choque - Elemento de Drenagem;1;;;;;;;;;;1;;;;
03/08/2019;09:06:00;142;sem vítima;87;BR-060/GO;Norte;Choque - Defensa, barreira ou "submarino";1;;;;;;;;;;1;;;;
03/08/2019;09:54:00;164;sem vítima;25,5;BR-060/DF;Sul;Choque - Objeto sobre a pista;1;;1;;;;;;;;2;;;;
03/08/2019;10:06:00;168;sem vítima;479;BR-262/MG;Oeste;Colisão Traseira;;;1;;;;;;;1;2;;;;
03/08/2019;19:15:00;420;com vítima;800;BR-262/MG;Oeste;Choque - Poste/;1;;;;;;;;;;0;1;;;
03/08/2019;19:33:00;425;com vítima;369;BR-262/MG;Oeste;Colisão Traseira;1;;;;;;;;;1;1;;1;;
03/08/2019;20:05:00;441;sem vítima;514;BR-153/GO;Norte;Colisão Lateral;2;;;;;;;;;;2;;;;
03/08/2019;21:38:00;475;com vítima;803;BR-262/MG;Oeste;Colisão Traseira;1;;1;;;;;;;;1;1;1;;
04/08/2019;02:07:00;32;com vítima;436,999;BR-262/MG;Oeste;Capotamento;1;;;;;;;;;;1;1;;;
04/08/2019;02:20:00;33;sem vítima;358;BR-262/MG;Oeste;Capotamento;1;;;;;;;;;;1;;;;
04/08/2019;02:54:00;42;sem vítima;354;BR-262/MG;Leste;Queda de Moto;;;;1;;;;;;;1;;;;
04/08/2019;05:04:00;63;sem vítima;383;BR-262/MG;Leste;Capotamento;1;;;;;;;;;;1;;;;
04/08/2019;05:25:00;67;com vítima;699;BR-153/GO;Sul;Choque - Veiculo parado no acostamento;1;;;;1;;;;;;2;;1;;
04/08/2019;07:40:00;91;sem vítima;244;BR-153/MG;Sul;Atropelamento de Animal;;;;;;;;;;1;1;;;;
04/08/2019;14:08:00;236;sem vítima;45;BR-153/MG;Norte;Tombamento;;;1;;;;;;;;1;;;;
04/08/2019;16:15:00;302;sem vítima;608;BR-262/MG;Oeste;Choque - Talude;1;;;;;;;;;;1;;;;
04/08/2019;16:50:00;318;com vítima;559,56;BR-153/GO;Sul;Choque - Talude;1;;;;;;;;;;1;2;1;;
04/08/2019;17:28:00;334;com vítima;554;BR-262/MG;Oeste;Tombamento;;;1;;;;;;;;0;;1;;
04/08/2019;17:53:00;347;sem vítima;388;BR-262/MG;Oeste;Colisão Lateral;2;;;;;;;;;;4;;;;
04/08/2019;18:57:00;365;sem vítima;519,8;BR-262/MG;Leste;Colisão Traseira;;;2;;;;;;;;2;;;;
04/08/2019;18:59:00;366;sem vítima;44;BR-060/GO;Sul;Colisão Traseira;1;;1;;;;;;;;2;;;;
04/08/2019;19:30:00;378;sem vítima;519;BR-262/MG;Leste;Saida de Pista;;;1;;;;;;;;1;;;;
04/08/2019;19:31:00;379;sem vítima;557;BR-262/MG;Leste;Capotamento;;;;;;;;;;1;1;;;;
04/08/2019;20:16:00;402;sem vítima;406;BR-262/MG;Leste;Colisão Traseira;2;;;;;;;;;;2;;;;
04/08/2019;20:58:00;414;sem vítima;362,3;BR-262/MG;Oeste;Capotamento;1;;;;;;;;;;1;;;;
05/08/2019;05:51:00;40;sem vítima;514;BR-153/GO;Norte;Colisão Lateral;2;;;;;;;;;;2;;;;
05/08/2019;06:48:00;56;sem vítima;636;BR-262/MG;Leste;Objeto lançado contra veículo;1;;;;;1;;;;;2;;;;
05/08/2019;07:21:00;68;com vítima;558;BR-153/GO;Sul;Capotamento;1;;;;;;;;;;0;;1;;
05/08/2019;07:52:00;81;com vítima;802;BR-262/MG;Leste;Saida de Pista;1;;;;;;;;;;0;1;;;
05/08/2019;11:28:00;218;sem vítima;500;BR-153/GO;Norte;Colisão Transversal;1;;1;;;;;;;;3;;;;
05/08/2019;11:35:00;224;sem vítima;672;BR-153/GO;Sul;Tombamento;;;1;;;;;;;;1;;;;
05/08/2019;11:42:00;226;com vítima;643;BR-153/GO;Norte;Capotamento;1;;;;;;;;;;0;;1;;
05/08/2019;13:56:00;289;sem vítima;79;BR-153/MG;Sul;Tombamento;;;1;;;;;;;;1;;;;
05/08/2019;15:48:00;336;sem vítima;52;BR-153/MG;Sul;Capotamento;1;;;;;;;;;;2;;;;
05/08/2019;16:40:00;397;sem vítima;503;BR-153/GO;Sul;Colisão Traseira;1;;;1;;;;;;;2;;;;
05/08/2019;18:26:00;441;sem vítima;537,2;BR-153/GO;Norte;Choque - Outros;;;;;;;;;;1;4;;;;
05/08/2019;22:30:00;519;com vítima;801,787;BR-262/MG;Oeste;Capotamento;1;;;;;;;;;;0;1;;;
06/08/2019;09:20:00;150;sem vítima;503;BR-153/GO;Sul;Engavetamento;1;;1;;;1;;;;;3;;;;
06/08/2019;11:22:00;227;sem vítima;762;BR-262/MG;Oeste;Engavetamento;1;;2;;;;;;;;3;;;;
06/08/2019;12:04:00;251;com vítima;417,9;BR-262/MG;Leste;Queda de Moto;;;;1;;;;;;;0;;1;;
06/08/2019;17:29:00;401;sem vítima;501;BR-153/GO;Norte;Colisão Traseira;2;;;;;;;;;;2;;;;
06/08/2019;17:43:00;409;sem vítima;138;BR-060/GO;Sul;Objeto lançado contra veículo;;;2;;;;;;;;2;;;;
06/08/2019;17:44:00;410;com vítima;503;BR-153/GO;Sul;Engavetamento;3;;;;;;;;;;3;1;;;
07/08/2019;00:46:00;11;sem vítima;88,382;BR-060/GO;Sul;Colisão Traseira;1;;1;;;;;;;;3;;;;
07/08/2019;04:14:00;58;sem vítima;576,324;BR-262/MG;Leste;Saida de Pista;1;;;;;;;;;;1;;;;
07/08/2019;08:51:00;145;com vítima;700;BR-153/GO;Sul;Atropelamento - Sem Informação;;;;;;1;;;;;1;1;;;
07/08/2019;09:08:00;162;sem vítima;748;BR-262/MG;Oeste;Saida de Pista;1;;;;;;;;;;1;;;;
07/08/2019;10:18:00;199;sem vítima;2,5;BR-060/DF;Sul;Choque - Suporte de Sinalização;1;;;;;;;;;;1;;;;
07/08/2019;10:22:00;205;sem vítima;367,5;BR-262/MG;Oeste;Choque - Elemento de Drenagem;1;;;;;;;;;;2;;;;
07/08/2019;12:20:00;263;com vítima;494;BR-153/GO;Norte;Queda de Moto;;;;1;;;;;;;0;1;;;
07/08/2019;12:43:00;272;com vítima;103;BR-060/GO;Norte;Capotamento;1;;;;;;;;;;0;2;;;
07/08/2019;16:11:00;362;sem vítima;500,2;BR-153/GO;Sul;Engavetamento;2;;1;;;1;;;;;4;;;;
07/08/2019;17:33:00;404;sem vítima;20,9;BR-060/GO;Norte;Saida de Pista;1;;;;;;;;;;1;;;;
07/08/2019;21:37:00;482;sem vítima;93;BR-060/GO;Norte;Saida de Pista;1;;;;;;;;;;1;;;;
08/08/2019;01:53:00;39;sem vítima;615;BR-153/GO;Sul;Tombamento;;;2;;;;;;;;2;;;;
08/08/2019;04:18:00;61;sem vítima;613;BR-262/MG;Leste;Colisão Lateral;;;2;;;;;;;;2;;;;
08/08/2019;04:44:00;64;com vítima;408;BR-262/MG;Leste;Capotamento;1;;;;;;;;;;0;1;;;
08/08/2019;07:35:00;99;com vítima;679;BR-262/MG;Oeste;Queda de Moto;;;;1;;;;;;;0;1;1;;
08/08/2019;07:41:00;103;sem vítima;92;BR-060/GO;Sul;Colisão Lateral;1;;1;;;;;;;;2;;;;
08/08/2019;10:25:00;206;sem vítima;137;BR-060/GO;Sul;Colisão Frontal;2;;;;;;;;;;2;;;;
08/08/2019;10:29:00;209;com vítima;661;BR-153/GO;Norte;Colisão Lateral;1;;1;;;;;;;;1;1;;;
08/08/2019;11:54:00;260;sem vítima;10,5;BR-153/MG;Sul;Choque - Defensa, barreira ou "submarino";;;;;;;;;;1;1;;;;
08/08/2019;12:14:00;272;sem vítima;128;BR-060/GO;Sul;Colisão Traseira;;;2;;;;;;;;2;;;;
08/08/2019;14:25:00;330;sem vítima;757,8;BR-262/MG;Oeste;Saida de Pista;1;;;;;;;;;;5;;;;
08/08/2019;16:21:00;387;com vítima;131,5;BR-153/MG;Sul;Colisão Lateral;;;2;;;;;;;;1;1;;;
08/08/2019;18:15:00;449;com vítima;360;BR-262/MG;Oeste;Colisão Traseira;;;1;1;;;;;;;1;;1;;
08/08/2019;18:55:00;461;sem vítima;850;BR-262/MG;Leste;Choque - Objeto sobre a pista;3;;;;;;;;;;3;;;;
08/08/2019;20:26:00;495;sem vítima;515;BR-153/GO;Sul;Choque - Objeto sobre a pista;1;;;;;;;;;;1;;;;
09/08/2019;07:30:00;93;sem vítima;500,2;BR-153/GO;Sul;Colisão Traseira;1;;;1;;;;;;;2;;;;
09/08/2019;07:40:00;100;sem vítima;635;BR-153/GO;Sul;Saida de Pista;1;;;;;;;;;;1;;;;
09/08/2019;07:47:00;104;com vítima;509;BR-153/GO;Norte;Queda de Moto;;;;1;;;;;;;0;;1;;
09/08/2019;08:10:00;120;sem vítima;508;BR-153/GO;Norte;Engavetamento;4;;;;;;;;;;4;;;;
09/08/2019;10:15:00;241;sem vítima;401;BR-262/MG;Oeste;Choque - Defensa, barreira ou "submarino";1;;;;;;;;;;2;;;;
09/08/2019;10:27:00;255;com vítima;501,9;BR-262/MG;Oeste;Colisão Traseira;1;;;;;;;;;1;1;;1;;
09/08/2019;11:25:00;282;sem vítima;175,3;BR-153/MG;Norte;Choque - Poste/;1;;;;;;;;;;1;;;;
09/08/2019;15:20:00;426;com vítima;403;BR-262/MG;Oeste;Tombamento;;;1;;;;;;;;2;1;1;;
09/08/2019;15:50:00;439;sem vítima;516;BR-153/GO;Norte;Colisão Transversal;2;;;;;;;;;;3;;;;
09/08/2019;17:26:00;507;sem vítima;406,406;BR-262/MG;Leste;Choque - Talude;;;1;;;;;;;;1;;;;
09/08/2019;17:35:00;516;sem vítima;116;BR-060/GO;Sul;Colisão Traseira;2;;;;;;;;;;4;;;;
09/08/2019;18:13:00;535;com vítima;508;BR-153/GO;Norte;Engavetamento;3;;;;;;;;;;2;2;;;
09/08/2019;18:37:00;550;sem vítima;667;BR-262/MG;Leste;Saida de Pista;;;;;;;;;;1;1;;;;
09/08/2019;18:57:00;561;sem vítima;632;BR-262/MG;Oeste;Choque - Outros;1;;;;;;;;;;1;;;;
09/08/2019;19:16:00;572;sem vítima;549;BR-153/GO;Norte;Colisão Traseira;;;2;;;;;;;;2;;;;
09/08/2019;19:26:00;579;sem vítima;514;BR-153/GO;Norte;Colisão Lateral;2;;;;;;;;;;6;;;;
09/08/2019;20:06:00;599;sem vítima;513;BR-262/MG;Leste;Choque - Veiculo parado na pista;2;;;;;;;;;;2;;;;
10/08/2019;05:26:00;66;sem vítima;28;BR-060/GO;Norte;Saida de Pista;1;;;;;;;;;;1;;;;
10/08/2019;06:56:00;91;com vítima;3,3;BR-060/DF;Norte;Choque - Veiculo parado no acostamento;2;;;;;;;;;;1;1;;;
10/08/2019;07:44:00;107;sem vítima;5;BR-060/DF;Norte;Engavetamento;4;;;;;;;;;;4;;;;
10/08/2019;11:19:00;215;sem vítima;90;BR-060/GO;Norte;Queda de Moto;;;;1;;;;;;;1;;;;
10/08/2019;11:22:00;216;sem vítima;90;BR-060/GO;Sul;Colisão Traseira;2;;;;;;;;;;2;;;;
10/08/2019;11:31:00;221;sem vítima;138;BR-060/GO;Norte;Choque - Outros;;;1;;;;;;;;1;;;;
10/08/2019;11:53:00;232;sem vítima;359,5;BR-262/MG;Leste;Colisão Traseira;2;;;;;;;;;;3;;;;
10/08/2019;12:40:00;252;com vítima;234;BR-153/MG;Sul;Capotamento;1;;;;;;;;;;3;;;1;
10/08/2019;12:54:00;265;sem vítima;505,5;BR-262/MG;Leste;Colisão Lateral;1;;1;;;1;;;;;3;;;;
10/08/2019;13:14:00;272;com vítima;372,8;BR-262/MG;Oeste;Capotamento;1;;;;;;;;;;0;2;1;;
10/08/2019;14:05:00;296;sem vítima;652,3;BR-153/GO;Norte;Choque - Elemento de Drenagem;;;2;;;;;;;;2;;;;
10/08/2019;14:28:00;306;com vítima;575;BR-153/GO;Norte;Capotamento;1;;;;;;;;;;1;1;;;
10/08/2019;19:43:00;423;sem vítima;4;BR-060/DF;Sul;Engavetamento;4;;;;;;;;;;4;;;;
10/08/2019;20:16:00;430;com vítima;827;BR-262/MG;Leste;Colisão Lateral;;;1;;;;;;;1;1;;1;;
10/08/2019;21:19:00;442;sem vítima;91;BR-060/GO;Sul;Colisão Traseira;2;;;;;;;;;;2;;;;
10/08/2019;21:20:00;444;com vítima;493;BR-153/GO;Norte;Queda de Moto;1;;;1;;;;;;;1;;1;;
10/08/2019;23:21:00;491;com vítima;59;BR-153/MG;Sul;Queda de Moto;;;;1;;;;;;;0;1;;;
11/08/2019;02:06:00;38;sem vítima;95;BR-060/GO;Norte;Colisão Traseira;1;;1;;;;;;;;2;;;;
11/08/2019;02:48:00;51;com vítima;513,664;BR-153/GO;Norte;Colisão Lateral;;;;2;;;;;;;0;1;1;;
11/08/2019;10:54:00;187;com vítima;10,2;BR-060/GO;Norte;Queda de Moto;;;;1;;;;;;;0;;;1;
11/08/2019;13:15:00;242;com vítima;777,9;BR-262/MG;Oeste;Colisão Traseira;2;;;;;;;;;;5;1;;;
11/08/2019;15:20:00;302;com vítima;514;BR-153/GO;Norte;Colisão Traseira;2;;;;;;;;;;3;1;;;
11/08/2019;15:46:00;325;sem vítima;555,3;BR-262/MG;Leste;Colisão Traseira;2;;;;;;;;;;6;;;;
11/08/2019;15:53:00;331;com vítima;384;BR-262/MG;Oeste;Queda de Moto;;;;1;;;;;;;0;1;;;
11/08/2019;17:06:00;380;sem vítima;555;BR-153/GO;Sul;Queda de Moto;;;;1;;;;;;;1;;;;
11/08/2019;19:55:00;464;sem vítima;0,708;BR-060/DF;Norte;Atropelamento - Sem Informação;1;;;;;;;;;;2;;;;
11/08/2019;19:59:00;467;com vítima;23,376;BR-060/GO;Sul;Capotamento;1;;;;;;;;;;1;;1;;
11/08/2019;22:06:00;514;com vítima;551,5;BR-262/MG;Oeste;Colisão Traseira;1;;1;;;;;;;;4;;2;;
11/08/2019;22:14:00;518;sem vítima;499;BR-262/MG;Oeste;Queda de Moto;;;;1;;;;;;;1;;;;
11/08/2019;22:31:00;522;sem vítima;23,887;BR-153/MG;Norte;Capotamento;1;;;;;;;;;;1;;;;
11/08/2019;23:22:00;538;sem vítima;551;BR-262/MG;Oeste;Colisão Traseira;;;1;;1;;;;;;33;;;;
12/08/2019;00:02:00;1;sem vítima;612,8;BR-262/MG;Leste;Atropelamento de Animal;1;;;;;;;;;;1;;;;
12/08/2019;07:18:00;104;sem vítima;495;BR-153/GO;Sul;Engavetamento;3;;;;;;;;;;3;;;;
12/08/2019;07:47:00;131;sem vítima;495;BR-153/GO;Norte;Colisão Traseira;2;;;;;;;;;;2;;;;
12/08/2019;08:43:00;199;sem vítima;55,3;BR-060/GO;Sul;Saida de Pista;1;;;;;;;;;;1;;;;
12/08/2019;10:03:00;276;sem vítima;539,356;BR-262/MG;Oeste;Capotamento;;;1;;;;;;;;1;;;;
12/08/2019;12:24:00;365;sem vítima;2;BR-060/GO;Sul;Choque - Elemento de Drenagem;;;1;;;;;;;;1;;;;
12/08/2019;12:38:00;374;sem vítima;514;BR-153/GO;Sul;Colisão Traseira;2;;;;;;;;;;2;;;;
12/08/2019;16:59:00;523;sem vítima;504;BR-153/GO;Norte;Colisão Traseira;1;;;;1;;;;;;2;;;;
12/08/2019;17:10:00;528;sem vítima;99;BR-060/GO;Sul;Tombamento;;;1;;;;;;;;1;;;;
12/08/2019;23:13:00;664;com vítima;563;BR-262/MG;Leste;Choque - Talude;1;;;;;;;;;;0;;1;;
13/08/2019;00:08:00;4;com vítima;1,5;BR-060/DF;Norte;Choque - Poste/;1;;;;;;;;;;0;1;;;
13/08/2019;02:45:00;46;com vítima;768;BR-262/MG;Leste;Choque - Elemento de Drenagem;1;;;;;;;;;;0;1;;;
13/08/2019;08:05:00;134;com vítima;496;BR-153/GO;Sul;Queda de Moto;;;;1;;;;;;;0;1;;;
13/08/2019;08:07:00;136;sem vítima;506;BR-153/GO;Sul;Colisão Traseira;2;;;;;;;;;;4;;;;
13/08/2019;08:15:00;143;sem vítima;495;BR-153/GO;Sul;Queda de Moto;;;;1;;;;;;;1;;;;
13/08/2019;08:36:00;152;sem vítima;490;BR-153/GO;Norte;Colisão Lateral;2;;;;;;;;;;2;;;;
13/08/2019;09:29:00;192;sem vítima;500;BR-153/GO;Norte;Colisão Traseira;1;;1;;;;;;;;2;;;;
13/08/2019;10:48:00;262;sem vítima;500;BR-153/GO;Sul;Engavetamento;2;;1;;;;;;;;3;;;;
13/08/2019;11:03:00;275;sem vítima;499,5;BR-153/GO;Sul;Engavetamento;1;;;2;;;;;;;3;;;;
13/08/2019;11:08:00;281;sem vítima;108;BR-060/GO;Norte;Choque - Defensa, barreira ou "submarino";1;;;;;;;;;;1;;;;
13/08/2019;11:29:00;297;sem vítima;89;BR-153/MG;Norte;Colisão Traseira;;;2;;;;;;;;2;;;;
13/08/2019;13:12:00;361;sem vítima;725;BR-262/MG;Leste;Colisão Traseira;;;2;;;;;;;;2;;;;
13/08/2019;13:52:00;376;com vítima;513;BR-262/MG;Leste;Engavetamento;3;;1;;;;;;;;7;1;;;
13/08/2019;14:24:00;392;sem vítima;694;BR-262/MG;Oeste;Colisão Traseira;1;;1;;;;;;;;2;;;;
13/08/2019;15:00:00;416;sem vítima;417;BR-262/MG;Leste;Choque - Defensa, barreira ou "submarino";1;;;;;;;;;;1;;;;
13/08/2019;15:26:00;434;com vítima;763;BR-262/MG;Oeste;Objeto lançado contra veículo;2;;;;;;;;;1;5;1;;;
13/08/2019;17:59:00;513;sem vítima;507,9;BR-153/GO;Norte;Colisão Traseira;2;;;;;;;;;;2;;;;
13/08/2019;18:33:00;530;sem vítima;506;BR-153/GO;Norte;Colisão Traseira;2;;;;;;;;;;2;;;;
13/08/2019;18:53:00;544;sem vítima;506;BR-153/GO;Norte;Colisão Traseira;2;;;;;;;;;;2;;;;
13/08/2019;19:34:00;553;com vítima;444;BR-262/MG;Oeste;Colisão Transversal;;1;;1;;;;;;;1;1;;;
13/08/2019;20:25:00;576;sem vítima;524;BR-153/GO;Norte;Atropelamento de Animal;1;;;;;;;;;;2;;;;
13/08/2019;22:45:00;639;sem vítima;417,297;BR-262/MG;Leste;Atropelamento de Animal;;;1;;;;;;;;1;;;;
13/08/2019;23:40:00;652;sem vítima;577;BR-153/GO;Norte;Capotamento;1;;;;;;;;;;2;;;;
14/08/2019;02:04:00;32;com vítima;7,01;BR-060/DF;Norte;Tombamento;;;1;;;;;;;;0;1;;;
14/08/2019;03:04:00;37;sem vítima;556;BR-153/GO;Norte;Colisão Traseira;;;2;;;;;;;;2;;;;
14/08/2019;07:17:00;81;com vítima;6,767;BR-060/DF;Norte;Colisão Traseira;1;;;1;;;;;;;1;1;;;
14/08/2019;12:32:00;253;sem vítima;506;BR-153/GO;Sul;Capotamento;1;;;;;;;;;;1;;;;
14/08/2019;13:44:00;279;sem vítima;503,5;BR-153/GO;Sul;Colisão Traseira;1;;;;;1;;;;;2;;;;
14/08/2019;15:35:00;327;sem vítima;784;BR-262/MG;Oeste;Colisão Traseira;1;;;;;;;;;1;2;;;;
14/08/2019;18:27:00;411;sem vítima;393,7;BR-262/MG;Oeste;Colisão Lateral;1;;1;;;;;;;;2;;;;
14/08/2019;18:30:00;414;com vítima;506;BR-153/GO;Sul;Engavetamento;3;;;;;;;;;;4;;;1;
14/08/2019;19:10:00;431;sem vítima;496;BR-153/GO;Sul;Colisão Lateral;1;;1;;;;;;;;2;;;;
14/08/2019;21:00:00;483;com vítima;681,9;BR-153/GO;Sul;Atropelamento de Animal;;;1;;;;;;;;1;1;;;
14/08/2019;22:38:00;524;com vítima;148;BR-153/MG;Norte;Tombamento;;;1;;;;;;;;0;1;;;
15/08/2019;00:24:00;11;sem vítima;580;BR-153/GO;Norte;Colisão Traseira;;;2;;;;;;;;2;;;;
15/08/2019;05:54:00;102;sem vítima;492;BR-153/GO;Norte;Colisão Traseira;1;;1;;;;;;;;2;;;;
15/08/2019;07:18:00;133;com vítima;494;BR-153/GO;Sul;Engavetamento;3;;;;;;;;;;3;1;;;
15/08/2019;07:30:00;137;com vítima;510;BR-153/GO;Sul;Choque - Veiculo parado na pista;;;;1;1;;;;;;1;1;;;
15/08/2019;09:43:00;230;sem vítima;3;BR-060/DF;Sul;Colisão Traseira;2;;;;;1;;;;;3;;;;
15/08/2019;14:00:00;366;com vítima;537;BR-153/GO;Sul;Choque - Arvore;1;;;;;;;;;;1;2;;;
15/08/2019;14:17:00;373;com vítima;509;BR-262/MG;Leste;Queda de Moto;;;;1;;;;;;;0;;1;;
15/08/2019;14:28:00;380;sem vítima;58;BR-153/MG;Sul;Colisão Lateral;;;1;;;;;;;1;2;;;;
15/08/2019;14:38:00;386;sem vítima;23,7;BR-153/MG;Norte;Choque - Talude;;;;;;1;;;;1;2;;;;
15/08/2019;17:41:00;477;sem vítima;354;BR-262/MG;Leste;Engavetamento;3;;;;;;;;;;6;;;;
15/08/2019;23:28:00;624;sem vítima;116;BR-060/GO;Sul;Capotamento;1;;;;;;;;;;1;;;;
16/08/2019;07:00:00;101;sem vítima;440;BR-262/MG;Oeste;Colisão Traseira;1;;;;;1;;;;;2;;;;
16/08/2019;07:31:00;108;com vítima;500,6;BR-153/GO;Sul;Engavetamento;10;;;;;;;;;;9;1;;;
16/08/2019;07:50:00;117;com vítima;507,364;BR-153/GO;Norte;Colisão Traseira;1;;;1;;;;;;;1;1;;;
16/08/2019;08:44:00;157;sem vítima;18,5;BR-060/GO;Sul;Choque - Elemento de Drenagem;1;;;;;;;;;;2;;;;
16/08/2019;08:45:00;158;com vítima;515,38;BR-153/GO;Sul;Colisão Traseira;1;;;1;;1;;;;;2;1;;;
16/08/2019;10:57:00;228;sem vítima;78;BR-060/GO;Norte;Tombamento;1;;;;;;;;;;1;;;;
16/08/2019;11:34:00;253;sem vítima;78;BR-060/GO;Norte;Colisão Lateral;1;;1;;;;;;;;2;;;;