data;horario;n_da_ocorrencia;tipo_de_ocorrencia;km;trecho;sentido;tipo_de_acidente;automovel;bicicleta;caminhao;moto;onibus;outros;tracao_animal;transporte_de_cargas_especiais;trator_maquinas;utilitarios;ilesos;levemente_feridos;moderadamente_feridos;gravemente_feridos;mortos
16/08/2019;12:26:00;284;sem vítima;727;BR-262/MG;Leste;Choque - Outros;;;;;;;;;;1;1;;;;
16/08/2019;12:42:00;298;com vítima;122,5;BR-153/MG;Norte;Tombamento;;;1;;;;;;;;0;1;;;
16/08/2019;13:54:00;336;sem vítima;500;BR-153/GO;Sul;Queda de Moto;;;;1;;;;;;;1;;;;
16/08/2019;18:18:00;488;com vítima;493;BR-153/GO;Sul;Queda de Moto;;;;1;;;;;;;0;2;;;
16/08/2019;19:30:00;519;sem vítima;388;BR-262/MG;Leste;Colisão Lateral;1;;1;;;;;;;;2;;;;
16/08/2019;19:56:00;531;sem vítima;59,3;BR-060/GO;Norte;Queda de Moto;;;;1;;;;;;;1;;;;
17/08/2019;03:23:00;41;sem vítima;494;BR-262/MG;Leste;Colisão Traseira;1;;;;;1;;;;;3;;;;
17/08/2019;03:39:00;43;com vítima;531,9;BR-262/MG;Oeste;Capotamento;1;;;;;;;;;;0;2;1;;
17/08/2019;10:33:00;206;sem vítima;692;BR-153/GO;Norte;Colisão Traseira;2;;;;;;;;;;6;;;;
17/08/2019;12:17:00;256;sem vítima;497;BR-153/GO;Norte;Colisão Traseira;2;;;;;;;;;;2;;;;
17/08/2019;13:51:00;296;sem vítima;685;BR-153/GO;Norte;Colisão Traseira;1;;1;;;;;;;;5;;;;
17/08/2019;15:56:00;370;com vítima;108,417;BR-060/GO;Norte;Colisão Lateral;1;;;1;;;;;;;1;;1;1;
17/08/2019;19:30:00;458;com vítima;443;BR-262/MG;Oeste;Atropelamento - Usuário;1;;;;;;;;;;1;1;;;
17/08/2019;19:50:00;464;sem vítima;444;BR-262/MG;Leste;Colisão Traseira;2;;;;;;;;;;2;;;;
18/08/2019;01:14:00;16;com vítima;3;BR-060/DF;Sul;Queda de Moto;1;;;1;;;;;;;1;1;;;
18/08/2019;02:14:00;27;sem vítima;29;BR-153/MG;Sul;Choque - Veiculo parado na pista;;;2;;;;;;;;2;;;;
18/08/2019;03:20:00;36;sem vítima;355;BR-262/MG;Oeste;Choque - Defensa, barreira ou "submarino";1;;;;;;;;;;1;;;;
18/08/2019;06:25:00;58;sem vítima;137;BR-060/GO;Sul;Choque - Defensa, barreira ou "submarino";1;;;;;;;;;;1;;;;
18/08/2019;11:23:00;187;sem vítima;535;BR-153/GO;Norte;Choque - Elemento de Drenagem;1;;;;;1;;;;;2;;;;
18/08/2019;15:58:00;333;com vítima;608;BR-153/GO;Norte;Queda de Ciclista;;1;;;;;;;;;0;1;;;
18/08/2019;19:33:00;470;sem vítima;518;BR-153/GO;Norte;Capotamento;1;;;;;;;;;;2;;;;
18/08/2019;19:52:00;482;com vítima;32;BR-060/GO;Sul;Colisão Traseira;2;;;;;;;;;;0;2;;;
18/08/2019;20:06:00;495;com vítima;70,345;BR-060/GO;Sul;Capotamento;1;;;;;;;;;;0;1;;;
18/08/2019;20:22:00;503;com vítima;510;BR-262/MG;Oeste;Colisão Frontal;2;;;;;;;;;;0;;1;3;
18/08/2019;22:46:00;560;com vítima;467;BR-262/MG;Leste;Colisão Lateral;1;;1;;;;;;;;1;3;;;
18/08/2019;23:52:00;585;sem vítima;79;BR-060/GO;Sul;Choque - Objeto sobre a pista;1;;;;;;;;;;1;;;;
19/08/2019;00:10:00;1;sem vítima;79;BR-060/GO;Sul;Choque - Objeto sobre a pista;1;;;;;;;;;;1;;;;
19/08/2019;00:44:00;15;sem vítima;79;BR-060/GO;Sul;Choque - Objeto sobre a pista;1;;;;;;;;;;1;;;;
19/08/2019;07:48:00;158;sem vítima;81,1;BR-153/MG;Norte;Choque - Defensa, barreira ou "submarino";;;1;;;;;;;;1;;;;
19/08/2019;08:35:00;195;sem vítima;495,5;BR-153/GO;Sul;Queda de Moto;;;;1;;;;;;;1;;;;
19/08/2019;09:20:00;224;sem vítima;505,45;BR-153/GO;Sul;Colisão Lateral;1;;1;;;;;;;;3;;;;
19/08/2019;11:30:00;309;sem vítima;119;BR-060/GO;Sul;Colisão Traseira;2;;1;;;;;;;;6;;;;
19/08/2019;12:16:00;329;com vítima;2;BR-060/DF;Norte;Colisão Transversal;;1;;1;;;;;;;1;1;;;
19/08/2019;13:51:00;369;sem vítima;520;BR-262/MG;Leste;Colisão Lateral;1;;;;;1;;;;;3;;;;
19/08/2019;15:33:00;425;sem vítima;547;BR-262/MG;Leste;Tombamento;;;1;;;;;;;;1;;;;
19/08/2019;19:44:00;532;com vítima;438;BR-262/MG;Leste;Atropelamento - Usuário;;;;1;;;;;;;0;2;;;
20/08/2019;08:13:00;147;com vítima;138;BR-060/GO;Norte;Atropelamento - Ciclista;;1;;1;;;;;;;1;1;;;
20/08/2019;10:39:00;278;com vítima;520;BR-262/MG;Oeste;Colisão Lateral;1;;1;;;;;;;;2;2;;;
20/08/2019;12:12:00;331;sem vítima;26;BR-153/MG;Sul;Colisão Lateral;;;1;;;;;;1;;2;;;;
20/08/2019;12:16:00;333;sem vítima;500,8;BR-153/GO;Norte;Colisão Traseira;;;;1;;;;;;1;3;;;;
20/08/2019;20:12:00;557;sem vítima;474,7;BR-262/MG;Leste;Colisão Lateral;;;1;;1;;;;;;3;;;;
20/08/2019;22:03:00;594;sem vítima;507,5;BR-153/GO;Sul;Colisão Lateral;1;;;1;;;;;;;2;;;;
20/08/2019;22:53:00;605;sem vítima;46;BR-153/MG;Norte;Colisão Traseira;;;2;;;;;;;;2;;;;
20/08/2019;23:35:00;615;sem vítima;491;BR-153/GO;Norte;Choque - Defensa, barreira ou "submarino";1;;;;;1;;;;;2;;;;
21/08/2019;01:07:00;17;sem vítima;850,6;BR-262/MG;Oeste;Tombamento;;;1;;;;;;;;1;;;;
21/08/2019;01:58:00;30;sem vítima;389;BR-262/MG;Leste;Choque - Outros;;;1;;;;;;;;1;;;;
21/08/2019;06:37:00;63;sem vítima;900;BR-262/MG;Oeste;Choque - Talude;;;;;1;;;;;;5;;;;
21/08/2019;07:37:00;87;sem vítima;26;BR-060/GO;Norte;Colisão Lateral;1;;1;;;;;;;;4;;;;
21/08/2019;09:40:00;155;sem vítima;400;BR-262/MG;Oeste;Queda de Moto;;;;1;;;;;;;1;;;;
21/08/2019;10:14:00;173;com vítima;505,3;BR-153/GO;Norte;Queda de Moto;;;;1;;;;;;;0;1;;;
21/08/2019;11:49:00;226;sem vítima;124;BR-060/GO;Norte;Queda de Moto;;;;1;;;;;;;1;;;;
21/08/2019;12:25:00;237;sem vítima;638;BR-262/MG;Oeste;Colisão Traseira;1;;1;;;;;;;;2;;;;
21/08/2019;16:41:00;342;com vítima;501,4;BR-153/GO;Sul;Colisão Traseira;;;1;1;;;;;;;1;1;;;
21/08/2019;17:18:00;365;com vítima;494,5;BR-153/GO;Norte;Choque - Veiculo parado no acostamento;1;;;1;;;;;;;3;;;1;
21/08/2019;18:43:00;397;com vítima;93;BR-060/GO;Norte;Colisão Lateral;1;;;1;;;;;;;1;;1;;
21/08/2019;19:21:00;411;com vítima;2;BR-060/DF;Norte;Colisão Transversal;2;;;;;;;;;;2;;1;;
21/08/2019;23:26:00;498;com vítima;513,496;BR-153/GO;Sul;Queda de Moto;;;;1;;;;;;;0;1;;;
21/08/2019;23:53:00;503;sem vítima;513;BR-153/GO;Sul;Colisão Traseira;1;;;;1;;;;;;2;;;;
22/08/2019;00:45:00;14;sem vítima;622;BR-262/MG;Oeste;Saida de Pista;;;1;;;;;;;;1;;;;
22/08/2019;01:31:00;29;sem vítima;545;BR-153/GO;Norte;Choque - Elemento de Drenagem;1;;;;;;;;;;1;;;;
22/08/2019;06:26:00;76;com vítima;568;BR-262/MG;Leste;Colisão Frontal;;;2;;;;;;;;0;;;;2
22/08/2019;06:47:00;85;sem vítima;567,5;BR-262/MG;Oeste;Choque - Talude;;;1;;;;;;;;1;;;;
22/08/2019;07:05:00;87;sem vítima;495,3;BR-153/GO;Sul;Colisão Traseira;1;;;;;;;;;1;3;;;;
22/08/2019;07:10:00;89;sem vítima;508,9;BR-153/GO;Norte;Queda de Moto;;;;1;;;;;;;1;;;;
22/08/2019;07:50:00;108;com vítima;848,45;BR-262/MG;Oeste;Tombamento;;;1;;;;;;;;0;;;;1
22/08/2019;08:05:00;117;sem vítima;497;BR-153/GO;Norte;Queda de Moto;;;;1;;;;;;;1;;;;
22/08/2019;08:10:00;123;com vítima;515;BR-153/GO;Norte;Colisão Lateral;;;;1;;;;;;1;1;1;;;
22/08/2019;08:13:00;124;com vítima;498;BR-153/GO;Norte;Colisão Traseira;1;;;1;;;;;;;2;1;;;
22/08/2019;09:50:00;195;sem vítima;500;BR-153/GO;Sul;Engavetamento;3;;;;;;;;;;3;;;;
22/08/2019;09:52:00;196;sem vítima;500;BR-153/GO;Sul;Colisão Traseira;2;;;;;;;;;;2;;;;
22/08/2019;11:23:00;247;com vítima;742;BR-262/MG;Oeste;Queda de Moto;;;;1;;;;;;;0;1;;;
22/08/2019;13:30:00;314;com vítima;671,5;BR-262/MG;Oeste;Colisão Lateral;1;;;1;;;;;;;1;;1;;
22/08/2019;13:36:00;317;com vítima;491;BR-153/GO;Norte;Colisão Traseira;;;;1;;1;;;;;1;1;;;
22/08/2019;13:39:00;320;sem vítima;594;BR-153/GO;Sul;Colisão Lateral;;;1;;;;;;;1;2;;;;
22/08/2019;13:48:00;326;sem vítima;532,4;BR-153/GO;Sul;Objeto lançado contra veículo;2;;;;;;;;;;2;;;;
22/08/2019;15:52:00;385;sem vítima;752;BR-262/MG;Oeste;Engavetamento;;;3;;;;;;;;3;;;;
22/08/2019;16:40:00;411;sem vítima;12,3;BR-060/DF;Sul;Colisão Traseira;;;1;;1;;;;;;2;;;;
22/08/2019;17:07:00;418;sem vítima;415,5;BR-262/MG;Oeste;Saida de Pista;1;;;;;;;;;;1;;;;
22/08/2019;18:28:00;461;sem vítima;502;BR-153/GO;Sul;Colisão Traseira;2;;;;;;;;;;2;;;;
22/08/2019;18:55:00;476;sem vítima;551;BR-262/MG;Leste;Colisão Lateral;;;2;;;;;;;;2;;;;
22/08/2019;20:47:00;526;com vítima;494;BR-153/GO;Norte;Queda de Moto;;;;1;;;;;;;0;1;;;
22/08/2019;21:31:00;551;com vítima;136,2;BR-060/GO;Sul;Queda de Moto;;;;1;;;;;;;1;1;;;
22/08/2019;22:31:00;588;com vítima;23,87;BR-153/MG;Norte;Choque - Talude;;;1;;;;;;;;0;1;;;
22/08/2019;22:45:00;600;sem vítima;57;BR-060/GO;Sul;Colisão Traseira;;;2;;;;;;;;2;;;;
23/08/2019;00:27:00;11;com vítima;496;BR-153/GO;Norte;Colisão Traseira;1;;;1;;;;;;;1;2;;;
23/08/2019;05:41:00;82;sem vítima;485,406;BR-262/MG;Oeste;Colisão Lateral;1;;1;;;;;;;;2;;;;
23/08/2019;07:20:00;120;sem vítima;365;BR-262/MG;Leste;Colisão Lateral;1;;1;;;;;;;;2;;;;
23/08/2019;09:02:00;185;sem vítima;463;BR-262/MG;Leste;Colisão Traseira;;;1;;1;;;;;;20;;;;
23/08/2019;09:20:00;196;sem vítima;505,9;BR-153/GO;Sul;Colisão Lateral;2;;1;;;;;;;;3;;;;
23/08/2019;11:37:00;275;sem vítima;736;BR-262/MG;Oeste;Choque - Elemento de Drenagem;;;1;;;;;;;;1;;;;
23/08/2019;16:08:00;413;sem vítima;193;BR-153/MG;Sul;Engavetamento;1;;2;;;;;;;;4;;;;
23/08/2019;16:59:00;441;sem vítima;136;BR-060/GO;Sul;Capotamento;1;;;;;;;;;;1;;;;
23/08/2019;17:01:00;442;sem vítima;498;BR-153/GO;Sul;Engavetamento;2;;;;;;;;;1;3;;;;
23/08/2019;17:59:00;471;sem vítima;24;BR-060/DF;Sul;Saida de Pista;1;;;;;;;;;;3;;;;
23/08/2019;19:36:00;523;sem vítima;506;BR-153/GO;Sul;Colisão Traseira;2;;;;;;;;;;2;;;;
23/08/2019;19:38:00;524;sem vítima;498;BR-153/GO;Sul;Colisão Traseira;2;;;;;;;;;;4;;;;
23/08/2019;19:39:00;527;com vítima;426,543;BR-262/MG;Oeste;Atropelamento - Sem Informação;1;;;;;;;;;;2;;;;1
24/08/2019;00:44:00;17;com vítima;386,7;BR-262/MG;Oeste;Capotamento;1;;;;;;;;;;0;1;;;
24/08/2019;02:38:00;60;sem vítima;689,3;BR-262/MG;Leste;Choque - Talude;1;;;;;;;;;;1;;;;
24/08/2019;03:52:00;71;sem vítima;493;BR-153/GO;Norte;Colisão Lateral;;;;1;;1;;;;;2;;;;
24/08/2019;07:00:00;104;sem vítima;21;BR-153/MG;Norte;Colisão Traseira;2;;1;;;;;;;;3;;;;
24/08/2019;07:36:00;115;com vítima;495;BR-153/GO;Norte;Atropelamento - Outros;;;1;;;;;;;;1;;1;;
24/08/2019;12:01:00;268;sem vítima;477;BR-262/MG;Leste;Colisão Lateral;2;;;;;;;;;;2;;;;
24/08/2019;12:23:00;277;sem vítima;632;BR-153/GO;Sul;Colisão Traseira;1;;1;;;;;;;;2;;;;
24/08/2019;12:25:00;278;com vítima;97;BR-060/GO;Sul;Colisão Lateral;;;;2;;;;;;;1;1;;;
24/08/2019;13:42:00;312;sem vítima;121,556;BR-060/GO;Norte;Choque - Suporte de Sinalização;2;;;;;;;;;;4;;;;
24/08/2019;17:37:00;435;com vítima;33;BR-060/GO;Norte;Choque - Defensa, barreira ou "submarino";1;;;;;;;;;;0;2;;;
24/08/2019;18:33:00;457;com vítima;433;BR-262/MG;Leste;Atropelamento - Sem Informação;;;1;;;;;;;;1;;;;1
24/08/2019;18:50:00;468;sem vítima;505;BR-153/GO;Sul;Colisão Traseira;1;;;;;1;;;;;2;;;;
24/08/2019;20:05:00;513;com vítima;36,1;BR-060/GO;Sul;Capotamento;1;;;;;;;;;;0;;1;;
24/08/2019;20:27:00;525;sem vítima;0;BR-060/GO;Norte;Choque - Objeto sobre a pista;1;;;;;;;;;;1;;;;
24/08/2019;20:36:00;533;sem vítima;512;BR-153/GO;Norte;Choque - Suporte de Sinalização;1;;;;;;;;;;1;;;;
24/08/2019;21:36:00;579;sem vítima;399;BR-262/MG;Leste;Choque - Defensa, barreira ou "submarino";1;;;;;;;;;;1;;;;
24/08/2019;23:14:00;637;sem vítima;69;BR-153/MG;Sul;Colisão Lateral;2;;;;;;;;;;5;;;;
25/08/2019;04:33:00;58;com vítima;783;BR-262/MG;Leste;Choque - Talude;1;;;;;;;;;;0;1;;;
25/08/2019;04:33:00;59;com vítima;711;BR-262/MG;Leste;Colisão Traseira;2;;;;;;;;;;4;1;2;;1
25/08/2019;05:34:00;63;sem vítima;441;BR-262/MG;Leste;Capotamento;1;;;;;;;;;;1;;;;
25/08/2019;07:20:00;82;sem vítima;507;BR-153/GO;Norte;Capotamento;1;;;;;;;;;;1;;;;
25/08/2019;08:01:00;92;sem vítima;631;BR-153/GO;Sul;Colisão Traseira;1;;1;;;;;;;;2;;;;
25/08/2019;08:10:00;97;com vítima;5,809;BR-060/DF;Sul;Choque - Talude;1;;;;;;;;;;0;;;1;
25/08/2019;08:55:00;116;sem vítima;631;BR-262/MG;Leste;Colisão Lateral;1;;1;;;;;;;;2;;;;
25/08/2019;13:18:00;223;sem vítima;511,4;BR-153/GO;Sul;Colisão Lateral;1;;;;;;;;;1;3;;;;
25/08/2019;16:19:00;311;sem vítima;525;BR-153/GO;Norte;Choque - Elemento de Drenagem;1;;;;;1;;;;;5;;;;
25/08/2019;17:03:00;337;sem vítima;411;BR-262/MG;Leste;Atropelamento de Animal;1;;;;;;;;;;1;;;;
25/08/2019;17:45:00;365;sem vítima;490,937;BR-153/GO;Norte;Colisão Traseira;1;;1;;;;;;;;2;;;;
25/08/2019;18:02:00;377;com vítima;554;BR-153/GO;Sul;Queda de Moto;;;;1;;;;;;;1;1;;;
25/08/2019;18:31:00;393;com vítima;245;BR-153/MG;Norte;Colisão Frontal;2;;;1;;;;;;;4;3;1;;
25/08/2019;19:33:00;417;sem vítima;520;BR-153/GO;Sul;Choque - Talude;1;;;;;;;;;;1;;;;
25/08/2019;20:33:00;443;sem vítima;446,5;BR-262/MG;Oeste;Capotamento;1;;;;;;;;;;1;;;;
25/08/2019;21:15:00;466;sem vítima;446;BR-262/MG;Leste;Colisão Traseira;1;;;;;1;;;;;2;;;;
25/08/2019;23:39:00;517;sem vítima;360,5;BR-262/MG;Oeste;Choque - Elemento de Drenagem;1;;;;;;;;;;1;;;;
26/08/2019;01:00:00;15;sem vítima;810,7;BR-262/MG;Oeste;Choque - Defensa, barreira ou "submarino";1;;;;;;;;;;1;;;;
26/08/2019;01:54:00;19;sem vítima;434;BR-262/MG;Leste;Choque - Elemento de Drenagem;1;;;;;;;;;;1;;;;
26/08/2019;03:20:00;32;sem vítima;655;BR-153/GO;Norte;Atropelamento de Animal;;;;;;;;;;1;1;;;;
26/08/2019;07:31:00;66;com vítima;41,8;BR-060/GO;Norte;Queda de Moto;;;;1;;;;;;;0;;;1;
26/08/2019;07:44:00;75;sem vítima;502,8;BR-153/GO;Norte;Colisão Traseira;1;;;;;1;;;;;2;;;;
26/08/2019;08:02:00;85;sem vítima;717;BR-262/MG;Oeste;Saida de Pista;1;;;;;;;;;;2;;;;
26/08/2019;11:05:00;185;sem vítima;619;BR-262/MG;Leste;Saida de Pista;1;;;;;1;;;;;2;;;;
26/08/2019;12:12:00;215;sem vítima;500,8;BR-153/GO;Sul;Colisão Traseira;;;;;;1;;;;1;2;;;;
26/08/2019;12:39:00;219;sem vítima;393,95;BR-262/MG;Oeste;Colisão Lateral;1;;1;;;;;;;;2;;;;
26/08/2019;12:50:00;226;sem vítima;118;BR-060/GO;Sul;Colisão Lateral;2;;;;;;;;;;6;;;;
26/08/2019;13:02:00;232;sem vítima;108;BR-153/MG;Sul;Colisão Transversal;1;;1;;;;;;;;2;;;;
26/08/2019;14:23:00;265;com vítima;428,9;BR-262/MG;Leste;Queda de Moto;;;;1;;;;;;;0;2;;;
26/08/2019;14:25:00;267;sem vítima;118;BR-060/GO;Norte;Colisão Traseira;2;;;;;;;;;;2;;;;
26/08/2019;14:50:00;276;com vítima;360;BR-262/MG;Oeste;Queda de Moto;;;;1;;;;;;;0;1;1;;
26/08/2019;15:07:00;281;com vítima;496;BR-153/GO;Norte;Atropelamento - Ciclista;;1;;;;1;;;;;1;;1;;
26/08/2019;15:08:00;282;sem vítima;132;BR-060/GO;Norte;Choque - Suporte de Sinalização;1;;;;;;;;;;1;;;;
26/08/2019;16:22:00;313;com vítima;636;BR-262/MG;Oeste;Capotamento;1;;;;;;;;;;0;1;;;
26/08/2019;16:31:00;323;com vítima;530,1;BR-153/GO;Norte;Capotamento;1;;;;;;;;;;0;1;;;
26/08/2019;17:48:00;365;com vítima;510,7;BR-153/GO;Sul;Colisão Lateral;;;1;1;;;;;;;1;;1;;
26/08/2019;18:55:00;395;com vítima;496;BR-153/GO;Sul;Queda de Moto;;;;1;;;;;;;0;;;1;
26/08/2019;19:03:00;399;com vítima;508,3;BR-153/GO;Norte;Colisão Traseira;1;;1;1;;;;;;;4;;;;1
26/08/2019;22:40:00;490;sem vítima;97,558;BR-060/GO;Sul;Choque - Defensa, barreira ou "submarino";;;2;;;;;;;;2;;;;
27/08/2019;00:23:00;11;sem vítima;509;BR-153/GO;Norte;Colisão Traseira;2;;;;;;;;;;2;;;;
27/08/2019;02:30:00;43;sem vítima;748;BR-262/MG;Oeste;Tombamento;;;1;;;;;;;;1;;;;
27/08/2019;07:42:00;112;sem vítima;494;BR-153/GO;Sul;Colisão Traseira;2;;;;;;;;;;3;;;;
27/08/2019;07:45:00;117;com vítima;505,9;BR-153/GO;Norte;Colisão Traseira;;;1;1;;1;;;;;2;;;1;
27/08/2019;08:57:00;189;com vítima;130;BR-060/GO;Sul;Capotamento;1;;;;;;;;;;0;;;1;
27/08/2019;10:57:00;272;com vítima;505,15;BR-153/GO;Norte;Colisão Lateral;1;;;1;;;;;;;1;1;;;
27/08/2019;14:00:00;380;sem vítima;22;BR-060/DF;Sul;Choque - Talude;1;;;;;;;;;;1;;;;
27/08/2019;14:49:00;397;com vítima;814;BR-262/MG;Leste;Capotamento;1;;;;;;;;;;0;1;;;
27/08/2019;15:54:00;435;sem vítima;3;BR-153/MG;Sul;Choque - Outros;1;;;;;;;;;;1;;;;
27/08/2019;15:55:00;437;sem vítima;585,8;BR-262/MG;Leste;Choque - Arvore;1;;;;;;;;;;1;;;;
27/08/2019;16:40:00;470;sem vítima;494,2;BR-153/GO;Norte;Choque - Defensa, barreira ou "submarino";;;1;;;;;;;;1;;;;
27/08/2019;18:01:00;512;sem vítima;501;BR-153/GO;Sul;Colisão Traseira;2;;;;;;;;;;3;;;;
27/08/2019;19:17:00;548;sem vítima;503;BR-153/GO;Sul;Engavetamento;1;;1;;;;;;;1;3;;;;
27/08/2019;20:09:00;571;sem vítima;450;BR-262/MG;Oeste;Choque - Elemento de Drenagem;1;;1;;;;;;;;2;;;;
27/08/2019;21:46:00;616;sem vítima;601,5;BR-262/MG;Leste;Atropelamento de Animal;;;1;;;;;;;;1;;;;
27/08/2019;22:19:00;625;com vítima;96,619;BR-060/GO;Sul;Colisão Lateral;1;;;1;;;;;;;1;1;;;
28/08/2019;09:02:00;190;com vítima;499;BR-153/GO;Sul;Queda de Moto;;;;1;;;;;;;0;1;1;;
28/08/2019;09:34:00;210;sem vítima;499;BR-153/GO;Sul;Colisão Traseira;2;;;;;;;;;;2;;;;
28/08/2019;10:56:00;271;com vítima;572;BR-153/GO;Sul;Tombamento;;;1;;;;;;;1;1;2;;;
28/08/2019;13:26:00;346;sem vítima;774;BR-262/MG;Leste;Colisão Lateral;;;2;;;;;;;;2;;;;
28/08/2019;17:32:00;436;sem vítima;358;BR-262/MG;Leste;Colisão Traseira;2;;;;;;;;;;5;;;;
28/08/2019;18:45:00;466;sem vítima;423;BR-262/MG;Leste;Atropelamento de Animal;1;;;;;;;;;;1;;;;
28/08/2019;19:44:00;491;com vítima;810,5;BR-262/MG;Oeste;Colisão Traseira;2;;;;;;;;;;0;5;;;
28/08/2019;19:54:00;496;sem vítima;96;BR-060/GO;Norte;Colisão Traseira;2;;;;;;;;;;4;;;;
28/08/2019;22:19:00;533;sem vítima;359,5;BR-262/MG;Leste;Choque - Elemento de Drenagem;1;;;;;1;;;;;3;;;;
29/08/2019;04:00:00;55;com vítima;30,5;BR-153/MG;Sul;Tombamento;;;1;;;;;;;;0;;1;;
29/08/2019;04:05:00;57;sem vítima;390;BR-262/MG;Oeste;Choque - Elemento de Drenagem;1;;;;;;;;;;1;;;;
29/08/2019;05:35:00;71;sem vítima;443;BR-262/MG;Oeste;Atropelamento de Animal;;;1;;;;;;;;1;;;;
29/08/2019;08:07:00;141;com vítima;4;BR-060/DF;Norte;Colisão Traseira;1;;;1;;;;;;;2;1;;;
29/08/2019;11:17:00;256;com vítima;219;BR-153/MG;Norte;Colisão Traseira;;;2;;;;;;;;1;1;;;
29/08/2019;12:38:00;287;sem vítima;101;BR-060/GO;Sul;Colisão Traseira;2;;;;;;;;;;2;;;;
29/08/2019;13:28:00;307;com vítima;356;BR-262/MG;Oeste;Capotamento;1;;;;;;;;;;0;2;;;
29/08/2019;13:37:00;317;sem vítima;129;BR-060/GO;Sul;Choque - Talude;;;1;;;;;;;;1;;;;
29/08/2019;15:18:00;366;sem vítima;438;BR-262/MG;Oeste;Colisão Transversal;1;;1;;;;;;;;2;;;;
29/08/2019;15:19:00;368;sem vítima;693;BR-262/MG;Oeste;Engavetamento;;;;;;;;;;3;4;;;;
29/08/2019;18:55:00;464;sem vítima;106;BR-060/GO;Norte;Queda de Moto;;;;1;;;;;;;2;;;;
29/08/2019;19:55:00;493;sem vítima;87,8;BR-060/GO;Sul;Choque - Elemento de Drenagem;1;;;;;2;;;;;3;;;;
29/08/2019;20:11:00;501;sem vítima;508;BR-153/GO;Norte;Colisão Lateral;1;;1;;;;;;;;2;;;;
29/08/2019;21:56:00;548;sem vítima;130;BR-153/MG;Sul;Colisão Traseira;;;2;;;;;;;;2;;;;
30/08/2019;00:00:00;2;com vítima;11,275;BR-060/GO;Sul;Colisão Traseira;;;2;;;;;;;;1;1;;;
30/08/2019;06:25:00;71;sem vítima;25,7;BR-060/GO;Sul;Capotamento;1;;;;;;;;;;1;;;;
30/08/2019;06:46:00;77;sem vítima;542;BR-153/GO;Sul;Capotamento;1;;;;;;;;;;1;;;;
30/08/2019;08:08:00;105;com vítima;495,8;BR-153/GO;Sul;Colisão Traseira;1;;1;1;;;;;;;3;;;;1
30/08/2019;08:12:00;108;com vítima;495,5;BR-153/GO;Sul;Colisão Traseira;2;;;;;;;;;;3;1;;;
30/08/2019;10:07:00;181;com vítima;540;BR-153/GO;Norte;Capotamento;1;;;;;;;;;;2;2;1;;
30/08/2019;11:48:00;221;sem vítima;800,8;BR-262/MG;Oeste;Colisão Traseira;;;2;;;;;;;;2;;;;
30/08/2019;12:16:00;233;sem vítima;367;BR-262/MG;Leste;Choque - Arvore;1;;;;;;;;;;2;;;;
30/08/2019;12:31:00;239;com vítima;110;BR-060/GO;Norte;Colisão Traseira;1;;;;;;;;;1;4;1;;;
30/08/2019;13:56:00;278;com vítima;92,1;BR-060/GO;Norte;Colisão Traseira;1;;1;;;;;;;;2;1;;;
30/08/2019;14:22:00;294;sem vítima;360;BR-262/MG;Oeste;Choque - Defensa, barreira ou "submarino";1;;;;;;;;;;1;;;;
30/08/2019;15:42:00;347;com vítima;99;BR-060/GO;Norte;Colisão Lateral;1;;;1;;;;;;;1;1;;;
30/08/2019;19:04:00;467;sem vítima;501;BR-153/GO;Sul;Colisão Traseira;3;;;;;;;;;;8;;;;
31/08/2019;04:25:00;66;com vítima;520;BR-153/GO;Norte;Colisão Frontal;2;;;;;;;;;;3;1;;;
31/08/2019;11:46:00;221;com vítima;245;BR-153/MG;Sul;Colisão Transversal;1;;;1;;;;;;;1;1;;;
31/08/2019;12:21:00;236;com vítima;507,6;BR-153/GO;Norte;Atropelamento - Andarilho;1;;;;;;;;;;1;;1;;
31/08/2019;14:22:00;282;sem vítima;7;BR-060/DF;Sul;Colisão Lateral;1;;1;;;;;;;;6;;;;
31/08/2019;20:08:00;456;sem vítima;130;BR-153/MG;Norte;Colisão Lateral;2;;;;;;;;;;4;;;;
01/07/2019;00:48:00;15;com vítima;57,939;BR-153/MG;Sul;Tombamento;;;1;;;;;;;;0;1;;;
01/07/2019;01:59:00;33;sem vítima;575;BR-262/MG;Leste;Saida de Pista;;;1;;;;;;;;1;;;;
01/07/2019;03:14:00;46;com vítima;5;BR-060/DF;Sul;Queda de Moto;;;;1;;;;;;;0;2;;;
01/07/2019;06:26:00;67;sem vítima;9;BR-060/DF;Sul;Colisão Traseira;;;1;1;;;;;;;2;;;;
01/07/2019;07:46:00;92;com vítima;693,5;BR-153/GO;Norte;Capotamento;1;;;;;;;;;;0;;1;;
01/07/2019;07:51:00;96;com vítima;511,372;BR-153/GO;Sul;Colisão Lateral;1;;;1;;;;;;;1;1;;;
01/07/2019;07:53:00;99;com vítima;82,266;BR-060/GO;Sul;Capotamento;1;;;;;;;;;;0;1;;;
01/07/2019;09:03:00;135;com vítima;504,5;BR-153/GO;Norte;Queda de Moto;;;;1;;;;;;;1;1;;;
01/07/2019;09:32:00;158;sem vítima;557;BR-153/GO;Norte;Choque - Elemento de Drenagem;1;;;;;;;;;;2;;;;
01/07/2019;11:11:00;218;sem vítima;99,8;BR-060/GO;Norte;Choque - Defensa, barreira ou "submarino";1;;1;;;;;;;;2;;;;