data;horario;n_da_ocorrencia;tipo_de_ocorrencia;km;trecho;sentido;tipo_de_acidente;automovel;bicicleta;caminhao;moto;onibus;outros;tracao_animal;transporte_de_cargas_especiais;trator_maquinas;utilitarios;ilesos;levemente_feridos;moderadamente_feridos;gravemente_feridos;mortos
01/07/2019;13:14:00;272;sem vítima;422;BR-262/MG;Leste;Choque - Defensa, barreira ou "submarino";;;;;;;;;;1;1;;;;
01/07/2019;13:37:00;289;sem vítima;445;BR-262/MG;Leste;Colisão Traseira;1;;;1;;;;;;;2;;;;
01/07/2019;16:32:00;366;com vítima;472,884;BR-262/MG;Leste;Colisão Lateral;;;2;;;;;;;;1;;;;1
01/07/2019;16:33:00;368;com vítima;529,5;BR-153/GO;Sul;Queda de Moto;;;;1;;;;;;;0;1;;;
01/07/2019;20:30:00;488;com vítima;512;BR-153/GO;Sul;Queda de Moto;;;;1;;;;;;;0;1;;;
02/07/2019;01:33:00;18;sem vítima;47,382;BR-153/MG;Sul;Choque - Defensa, barreira ou "submarino";;;1;;;;;;;;3;;;;
02/07/2019;07:00:00;60;sem vítima;514;BR-153/GO;Norte;Colisão Lateral;2;;;;;;;;;;2;;;;
02/07/2019;07:22:00;69;sem vítima;494;BR-153/GO;Norte;Colisão Traseira;1;;1;;;;;;;;2;;;;
02/07/2019;08:04:00;94;sem vítima;115,5;BR-060/GO;Norte;Colisão Traseira;1;;;;;1;;;;;2;;;;
02/07/2019;08:14:00;103;sem vítima;472,289;BR-262/MG;Oeste;Colisão Traseira;1;;1;;;;;;;;3;;;;
02/07/2019;09:56:00;172;sem vítima;496;BR-153/GO;Sul;Colisão Traseira;2;;;;;;;;;;2;;;;
02/07/2019;11:53:00;239;com vítima;92;BR-060/GO;Norte;Queda de Moto;;;;1;;;;;;;0;1;;;
02/07/2019;16:21:00;350;com vítima;496,175;BR-262/MG;Leste;Capotamento;1;;;;;;;;;;0;1;;;
02/07/2019;18:07:00;419;sem vítima;136,26;BR-060/GO;Norte;Saida de Pista;1;;;;;;;;;;1;;;;
02/07/2019;18:35:00;427;sem vítima;505;BR-153/GO;Sul;Colisão Lateral;1;;1;;;;;;;;2;;;;
03/07/2019;01:13:00;13;sem vítima;353;BR-262/MG;Leste;Colisão Traseira;1;;1;;;;;;;;2;;;;
03/07/2019;05:24:00;56;sem vítima;534,941;BR-153/GO;Norte;Colisão Traseira;;;2;;;;;;;;2;;;;
03/07/2019;07:40:00;85;sem vítima;92,9;BR-060/GO;Sul;Colisão Traseira;1;;;1;;;;;;;2;;;;
03/07/2019;08:22:00;109;sem vítima;550;BR-262/MG;Leste;Choque - Defensa, barreira ou "submarino";;;1;;;;;;;;1;;;;
03/07/2019;08:27:00;116;sem vítima;778;BR-262/MG;Leste;Colisão Traseira;;;2;;;;;;;;2;;;;
03/07/2019;10:22:00;172;sem vítima;69;BR-153/MG;Norte;Colisão Transversal;2;;;;;;;;;;6;;;;
03/07/2019;11:37:00;199;sem vítima;568,1;BR-153/GO;Norte;Saida de Pista;1;;;;;;;;;;5;;;;
03/07/2019;15:03:00;306;com vítima;508,7;BR-153/GO;Norte;Colisão Traseira;1;;;1;;;;;;;1;1;;;
03/07/2019;18:28:00;413;sem vítima;530;BR-153/GO;Norte;Tombamento;;;1;;;;;;;;1;;;;
03/07/2019;20:47:00;470;sem vítima;444;BR-262/MG;Oeste;Atropelamento de Animal;;;1;;;;;;;;1;;;;
03/07/2019;20:50:00;474;com vítima;564;BR-153/GO;Sul;Queda de Moto;;;;1;;;;;;;0;1;;;
03/07/2019;21:04:00;477;com vítima;547,2;BR-262/MG;Leste;Tombamento;;;1;;;;;;;;0;2;;;
03/07/2019;21:15:00;484;sem vítima;786;BR-262/MG;Leste;Colisão Traseira;1;;1;;;;;;;;2;;;;
03/07/2019;22:06:00;494;com vítima;455;BR-262/MG;Oeste;Colisão Frontal;1;;1;;;;;;;;1;;1;1;
03/07/2019;23:49:00;518;com vítima;544;BR-262/MG;Oeste;Tombamento;;;2;;;;;;;;1;1;;;
04/07/2019;04:01:00;37;sem vítima;95;BR-153/MG;Norte;Capotamento;1;;;;;;;;;;1;;;;
04/07/2019;08:12:00;100;com vítima;24;BR-060/DF;Sul;Capotamento;1;;;;;;;;;;2;2;;;
04/07/2019;10:44:00;204;sem vítima;687,3;BR-153/GO;Sul;Saida de Pista;;;1;;;;;;;;1;;;;
04/07/2019;14:53:00;336;sem vítima;1;BR-153/MG;Norte;Colisão Lateral;1;;;;1;;;;;;2;;;;
04/07/2019;16:47:00;383;sem vítima;500;BR-153/GO;Sul;Engavetamento;5;;;;;;;;;;5;;;;
04/07/2019;17:15:00;395;sem vítima;528;BR-153/GO;Norte;Colisão Traseira;1;;;;;;;;;;1;;;;
04/07/2019;19:41:00;469;sem vítima;494,6;BR-153/GO;Sul;Colisão Lateral;1;;1;;;;;;;;2;;;;
04/07/2019;20:55:00;497;sem vítima;96;BR-060/GO;Norte;Colisão Traseira;1;;1;;;;;;;;3;;;;
05/07/2019;02:28:00;23;com vítima;439;BR-262/MG;Leste;Capotamento;1;;;;;;;;;;0;;1;;
05/07/2019;03:43:00;26;com vítima;511,535;BR-153/GO;Sul;Queda de Moto;;;;1;;;;;;;0;;;1;
05/07/2019;06:41:00;44;sem vítima;118,7;BR-153/MG;Norte;Capotamento;1;;;;;;;;;;1;;;;
05/07/2019;07:59:00;78;sem vítima;101;BR-060/GO;Norte;Capotamento;1;;;;;;;;;1;2;;;;
05/07/2019;08:11:00;89;sem vítima;101;BR-060/GO;Norte;Colisão Traseira;2;;;;;;;;;;2;;;;
05/07/2019;12:02:00;209;com vítima;128;BR-153/MG;Norte;Colisão Traseira;2;;;;;;;;;;6;1;1;;
05/07/2019;12:41:00;226;sem vítima;0,2;BR-153/MG;Sul;Tombamento;;;1;;;;;;;;1;;;;
05/07/2019;13:04:00;233;sem vítima;34;BR-153/MG;Sul;Choque - Elemento de Drenagem;1;;;;;;;;;;1;;;;
05/07/2019;18:00:00;358;com vítima;539;BR-262/MG;Oeste;Tombamento;;;1;;;;;;;;0;1;;;
05/07/2019;18:06:00;366;sem vítima;4,402;BR-060/DF;Norte;Colisão Lateral;1;;;1;;;;;;;2;;;;
05/07/2019;21:53:00;454;sem vítima;675,382;BR-153/GO;Norte;Saida de Pista;1;;;;;;;;;;3;;;;
05/07/2019;22:17:00;464;sem vítima;699,079;BR-153/GO;Sul;Choque - Defensa, barreira ou "submarino";1;;;;;;;;;;1;;;;
06/07/2019;03:14:00;45;com vítima;436,292;BR-262/MG;Leste;Queda de Moto;;;;1;;;;;;;0;;1;;
06/07/2019;05:51:00;71;sem vítima;468;BR-262/MG;Oeste;Choque - Elemento de Drenagem;;;;;;;;;;1;1;;;;
06/07/2019;06:23:00;78;sem vítima;617;BR-153/GO;Sul;Atropelamento de Animal;;;1;;;;;;;;1;;;;
06/07/2019;08:07:00;123;com vítima;492;BR-153/GO;Sul;Atropelamento - Morador;;;;;;;;;;1;1;;1;;
06/07/2019;11:17:00;217;com vítima;95;BR-060/GO;Sul;Queda de Moto;;;;1;;;;;;;0;1;;;
06/07/2019;15:46:00;327;sem vítima;93;BR-060/GO;Sul;Colisão Frontal;1;1;;;;;;;;;2;;;;
06/07/2019;16:06:00;335;com vítima;574,319;BR-153/GO;Sul;Capotamento;1;;;;;;;;;;3;1;;;
06/07/2019;16:58:00;350;com vítima;365;BR-262/MG;Leste;Colisão Traseira;1;;;1;;;;;;;2;1;;;
06/07/2019;17:11:00;358;sem vítima;96;BR-060/GO;Sul;Tombamento;1;;;;;;;;;;2;;;;
06/07/2019;17:37:00;371;com vítima;498,9;BR-153/GO;Norte;Queda de Moto;;;;1;;;;;;;0;1;;;
06/07/2019;19:34:00;419;com vítima;148;BR-153/MG;Norte;Colisão Transversal;2;;;;;;;;;;2;;1;;
06/07/2019;19:37:00;422;com vítima;505,57;BR-153/GO;Norte;Queda de Moto;1;;;1;;;;;;;1;1;;;
06/07/2019;21:13:00;454;sem vítima;3,8;BR-060/GO;Sul;Saida de Pista;1;;;;;;;;;;1;;;;
06/07/2019;22:15:00;466;com vítima;0,8;BR-060/DF;Sul;Atropelamento - Andarilho;1;;;;;;;;;;1;;;;1
07/07/2019;04:21:00;31;com vítima;651,619;BR-153/GO;Sul;Colisão Traseira;1;;;;1;;;;;;27;1;;;
07/07/2019;04:32:00;36;sem vítima;502;BR-262/MG;Leste;Capotamento;1;;;;;;;;;;1;;;;
07/07/2019;06:16:00;45;sem vítima;372;BR-262/MG;Leste;Capotamento;1;;;;;;;;;;4;;;;
07/07/2019;06:23:00;46;sem vítima;365;BR-262/MG;Oeste;Choque - Talude;1;;;;;;;;;;1;;;;
07/07/2019;07:14:00;54;com vítima;362;BR-262/MG;Leste;Colisão Traseira;2;;;;;;;;;;3;;2;;
07/07/2019;07:33:00;56;sem vítima;634;BR-262/MG;Leste;Capotamento;1;;;;;;;;;;1;;;;
07/07/2019;10:58:00;158;com vítima;504,2;BR-262/MG;Leste;Capotamento;1;;;;;;;;;;0;3;;;
07/07/2019;14:35:00;243;sem vítima;3;BR-060/DF;Norte;Colisão Lateral;2;;;;;;;;;;2;;;;
07/07/2019;16:07:00;297;com vítima;655;BR-153/GO;Sul;Capotamento;1;;;;;;;;;;1;2;;;
07/07/2019;16:52:00;320;sem vítima;43;BR-060/GO;Norte;Saida de Pista;1;;;;;;;;;;1;;;;
07/07/2019;16:56:00;321;sem vítima;28,1;BR-060/GO;Sul;Engavetamento;;;3;;;;;;;;3;;;;
07/07/2019;17:37:00;335;sem vítima;29;BR-060/DF;Sul;Queda de Moto;;;;1;;;;;;;2;;;;
07/07/2019;23:57:00;473;sem vítima;354;BR-262/MG;Leste;Colisão Lateral;2;;;;;;;;;;2;;;;
08/07/2019;04:06:00;44;sem vítima;112;BR-060/GO;Sul;Tombamento;;;1;;;;;;;;1;;;;
08/07/2019;07:44:00;84;com vítima;518;BR-153/GO;Norte;Queda de Moto;;;;1;;;;;;;0;;1;;
08/07/2019;10:54:00;229;sem vítima;3;BR-060/GO;Norte;Choque - Defensa, barreira ou "submarino";1;;;;;;;;;;3;;;;
08/07/2019;11:29:00;248;com vítima;505;BR-153/GO;Sul;Colisão Traseira;1;;;1;;;;;;;1;1;;;
08/07/2019;15:01:00;336;sem vítima;574;BR-153/GO;Norte;Tombamento;;;1;;;;;;;;3;;;;
08/07/2019;16:14:00;359;sem vítima;6;BR-060/DF;Sul;Choque - Poste/;1;;;;;;;;;;1;;;;
08/07/2019;18:06:00;403;com vítima;495;BR-262/MG;Leste;Capotamento;1;;;;;;;;;;0;2;;;
08/07/2019;18:32:00;416;sem vítima;545;BR-153/GO;Norte;Colisão Lateral;1;;1;;;;;;;;2;;;;
08/07/2019;18:40:00;419;sem vítima;491;BR-153/GO;Norte;Choque - Defensa, barreira ou "submarino";1;;;;;;;;;;1;;;;
08/07/2019;18:41:00;420;sem vítima;501;BR-153/GO;Sul;Engavetamento;4;;;;;;;;;;4;;;;
08/07/2019;21:10:00;478;sem vítima;438;BR-262/MG;Oeste;Choque - Veiculo parado na pista;1;;1;;;;;;;;2;;;;
09/07/2019;01:08:00;11;sem vítima;532;BR-153/GO;Norte;Atropelamento de Animal;;;1;;;;;;;;1;;;;
09/07/2019;08:34:00;120;sem vítima;97;BR-060/GO;Sul;Colisão Traseira;;;1;;1;;;;;;26;;;;
09/07/2019;09:11:00;149;sem vítima;129;BR-060/GO;Norte;Tombamento;1;;;;;1;;;;;2;;;;
09/07/2019;09:49:00;172;com vítima;16,1;BR-060/GO;Sul;Choque - Elemento de Drenagem;1;;;;;;;;;;0;1;;;
09/07/2019;13:52:00;287;sem vítima;366;BR-262/MG;Leste;Capotamento;1;;;;;1;;;;;2;;;;
09/07/2019;14:20:00;299;sem vítima;512;BR-153/GO;Norte;Saida de Pista;1;;;;;;;;;;1;;;;
09/07/2019;14:25:00;302;com vítima;39;BR-060/GO;Norte;Colisão Traseira;;;2;;;;;;;2;13;;3;1;
09/07/2019;15:32:00;326;sem vítima;39;BR-060/GO;Sul;Choque - Defensa, barreira ou "submarino";;;1;;;;;;;;1;;;;
09/07/2019;15:58:00;336;com vítima;783;BR-262/MG;Oeste;Capotamento;;;1;;;;;;;;0;;1;;
09/07/2019;16:09:00;343;sem vítima;368;BR-262/MG;Leste;Colisão Traseira;2;;;;;;;;;;2;;;;
09/07/2019;16:46:00;363;sem vítima;95;BR-060/GO;Sul;Colisão Traseira;;;1;1;;;;;;;2;;;;
09/07/2019;18:32:00;396;sem vítima;499;BR-153/GO;Sul;Colisão Traseira;1;;;1;;;;;;;2;;;;
09/07/2019;19:31:00;423;sem vítima;507;BR-153/GO;Norte;Colisão Traseira;2;;;;;;;;;;2;;;;
09/07/2019;20:20:00;439;sem vítima;406,1;BR-262/MG;Leste;Colisão Traseira;;;2;;;;;;;;2;;;;
09/07/2019;21:52:00;469;com vítima;81,123;BR-153/MG;Sul;Colisão Traseira;;;2;;;;;;;;1;1;;;
09/07/2019;22:41:00;480;com vítima;148;BR-153/MG;Sul;Choque - Suporte de Sinalização;;;1;;;;;;;;0;1;;;
10/07/2019;00:14:00;2;com vítima;2,163;BR-153/MG;Sul;Colisão Lateral;;;2;;;;;;;;1;1;;;
10/07/2019;04:01:00;48;sem vítima;642,5;BR-153/GO;Norte;Tombamento;;;;;;;;;;1;1;;;;
10/07/2019;04:06:00;50;sem vítima;116;BR-060/GO;Norte;Colisão Traseira;;;2;;;;;;;;2;;;;
10/07/2019;07:00:00;90;com vítima;452;BR-262/MG;Oeste;Colisão Transversal;;;1;;;;;;;1;1;1;;;
10/07/2019;07:58:00;112;com vítima;496;BR-153/GO;Sul;Colisão Lateral;;;1;1;;;;;;1;2;1;;;
10/07/2019;08:13:00;125;com vítima;496,2;BR-153/GO;Sul;Engavetamento;3;;;1;;;;;;;3;;1;;
10/07/2019;15:19:00;297;sem vítima;599;BR-153/GO;Sul;Capotamento;1;;;;;;;;;;3;;;;
10/07/2019;18:08:00;389;sem vítima;366;BR-262/MG;Oeste;Tombamento;1;;;;;;;;;;1;;;;
10/07/2019;20:04:00;431;sem vítima;646,807;BR-153/GO;Norte;Colisão Lateral;;;2;;;;;;;;2;;;;
10/07/2019;21:41:00;464;com vítima;363;BR-262/MG;Leste;Tombamento;1;;1;;;;;;;;1;1;;;
10/07/2019;21:48:00;466;sem vítima;505,113;BR-153/GO;Norte;Queda de Moto;;;;1;;;;;;;1;;;;
11/07/2019;00:07:00;1;sem vítima;172;BR-153/MG;Sul;Choque - Suporte de Sinalização;1;;;;;;;;;;1;;;;
11/07/2019;04:38:00;45;sem vítima;66,41;BR-060/GO;Sul;Choque - Elemento de Drenagem;;;1;;;;;;;;1;;;;
11/07/2019;06:18:00;64;com vítima;624;BR-153/GO;Sul;Colisão Traseira;1;;1;;;;;;;;0;2;;1;
11/07/2019;07:13:00;82;com vítima;496;BR-153/GO;Norte;Colisão Traseira;1;;;1;;;;;;;1;1;;;
11/07/2019;07:46:00;98;sem vítima;494,5;BR-153/GO;Sul;Engavetamento;2;;;;;;;;;1;3;;;;
11/07/2019;07:55:00;105;sem vítima;24,5;BR-153/MG;Sul;Colisão Lateral;;;2;;;;;;;;2;;;;
11/07/2019;09:13:00;177;sem vítima;100;BR-060/GO;Sul;Colisão Lateral;1;;1;;;;;;;;2;;;;
11/07/2019;10:33:00;218;sem vítima;27,5;BR-060/GO;Sul;Colisão Traseira;;;2;;;;;;;;2;;;;
11/07/2019;16:22:00;382;sem vítima;99;BR-060/GO;Sul;Colisão Traseira;2;;;;;;;;;;2;;;;
11/07/2019;18:26:00;437;sem vítima;501,152;BR-153/GO;Sul;Colisão Lateral;1;;1;1;;;;;;;3;;;;
11/07/2019;18:28:00;439;com vítima;439;BR-262/MG;Oeste;Colisão Traseira;;1;;;;1;;;;;1;;;1;
11/07/2019;18:47:00;452;com vítima;520,159;BR-153/GO;Sul;Atropelamento - Sem Informação;;;;;1;;;;;;1;;1;;
11/07/2019;18:47:00;453;sem vítima;395;BR-262/MG;Oeste;Choque - Elemento de Drenagem;1;;;;;;;;;;1;;;;
11/07/2019;19:04:00;462;sem vítima;417;BR-262/MG;Leste;Saida de Pista;;;;;;;;;;1;1;;;;
11/07/2019;21:52:00;531;sem vítima;508;BR-153/GO;Sul;Queda de Moto;;;;1;;;;;;;1;;;;
12/07/2019;07:25:00;89;sem vítima;109;BR-060/GO;Norte;Choque - Elemento de Drenagem;1;;;;;;;;;;4;;;;
12/07/2019;07:45:00;101;sem vítima;6;BR-060/GO;Sul;Capotamento;1;;;;;;;;;;4;;;;
12/07/2019;09:55:00;208;sem vítima;389;BR-262/MG;Oeste;Choque - Outros;;;1;;;;;;;;1;;;;
12/07/2019;13:59:00;356;sem vítima;101;BR-060/GO;Norte;Choque - Veiculo parado no acostamento;2;;;;;;;;;;2;;;;
12/07/2019;14:16:00;362;com vítima;423;BR-262/MG;Leste;Capotamento;1;;;;;;;;;;0;1;;;
12/07/2019;14:45:00;380;com vítima;599,1;BR-153/GO;Norte;Tombamento;;;1;;;1;;;;;2;1;;;
12/07/2019;15:24:00;406;sem vítima;226;BR-153/MG;Sul;Colisão Traseira;1;;1;;;;;;;;2;;;;
12/07/2019;15:55:00;425;com vítima;439;BR-262/MG;Oeste;Engavetamento;2;;;;;;;;;2;3;;1;;
12/07/2019;21:21:00;580;sem vítima;113,558;BR-060/GO;Sul;Colisão Lateral;2;;;;;;;;;;2;;;;
12/07/2019;21:45:00;592;sem vítima;197;BR-153/MG;Sul;Capotamento;1;;;;;;;;;;1;;;;
13/07/2019;02:28:00;27;com vítima;67;BR-060/GO;Norte;Colisão Frontal;;1;;;;1;;;;;1;;;;1
13/07/2019;03:32:00;38;sem vítima;33;BR-153/MG;Norte;Atropelamento de Animal;1;;;;;;;;;;1;;;;
13/07/2019;05:05:00;51;sem vítima;705;BR-262/MG;Leste;Choque - Talude;1;;;;;;;;;;1;;;;
13/07/2019;06:04:00;61;com vítima;219;BR-153/MG;Norte;Colisão Transversal;1;;1;;;;;;;;1;;1;;1
13/07/2019;07:07:00;75;sem vítima;678;BR-262/MG;Leste;Colisão Traseira;2;;;;;;;;;;8;;;;
13/07/2019;07:51:00;91;sem vítima;3;BR-060/DF;Norte;Colisão Traseira;1;;;;;1;;;;;2;;;;
13/07/2019;08:54:00;135;sem vítima;509;BR-153/GO;Norte;Colisão Traseira;1;;;;;;;;;1;2;;;;
13/07/2019;11:57:00;227;sem vítima;495;BR-153/GO;Sul;Colisão Traseira;2;;;;;;;;;;2;;;;
13/07/2019;12:22:00;239;com vítima;158,7;BR-153/MG;Sul;Tombamento;;;1;;;;;;;;0;1;;;
13/07/2019;15:59:00;329;com vítima;50;BR-153/MG;Sul;Colisão Traseira;1;;1;;;;;;;;1;3;;;
13/07/2019;19:29:00;408;sem vítima;512;BR-262/MG;Oeste;Colisão Lateral;1;;1;;;;;;;;2;;;;
13/07/2019;23:24:00;487;com vítima;487,3;BR-262/MG;Oeste;Colisão Frontal;2;;1;;;;;;;;1;1;;;1
14/07/2019;02:19:00;27;com vítima;148;BR-153/MG;Sul;Tombamento;;;1;;;;;;;;0;1;;1;
14/07/2019;03:45:00;37;sem vítima;12,197;BR-060/DF;Norte;Capotamento;1;;;;;;;;;;2;;;;
14/07/2019;09:40:00;132;com vítima;740;BR-262/MG;Leste;Capotamento;1;;;;;;;;;;0;2;;;
14/07/2019;10:29:00;160;sem vítima;462;BR-262/MG;Oeste;Colisão Traseira;2;;;;;;;;;;4;;;;
14/07/2019;11:33:00;199;com vítima;118,5;BR-060/GO;Norte;Colisão Traseira;2;;;;;;;;;;3;1;;;
14/07/2019;11:34:00;200;sem vítima;487;BR-262/MG;Oeste;Engavetamento;1;;;;;1;;;;;2;;;;
14/07/2019;13:17:00;242;com vítima;369;BR-262/MG;Leste;Colisão Traseira;1;;;1;;;;;;;0;2;;1;
14/07/2019;14:45:00;297;sem vítima;73;BR-153/MG;Sul;Atropelamento de Animal;1;;;;;;;;;;1;;;;
14/07/2019;16:32:00;341;com vítima;813;BR-262/MG;Leste;Atropelamento - Usuário;1;;;;;;;;;;1;;1;;
14/07/2019;17:50:00;395;sem vítima;3;BR-153/MG;Norte;Choque - Suporte de Sinalização;1;;;;;;;;;;1;;;;
14/07/2019;18:26:00;413;sem vítima;389;BR-262/MG;Oeste;Colisão Traseira;1;;1;;;;;;;;2;;;;
14/07/2019;18:53:00;432;sem vítima;517;BR-262/MG;Oeste;Capotamento;1;;;;;;;;;;1;;;;
14/07/2019;19:45:00;446;sem vítima;429;BR-262/MG;Oeste;Saida de Pista;2;;1;;;;;;;;4;;;;
14/07/2019;19:38:00;452;sem vítima;6,4;BR-060/DF;Sul;Colisão Lateral;1;;;;;1;;;;;2;;;;
14/07/2019;21:11:00;490;com vítima;113,9;BR-060/GO;Sul;Queda de Moto;;;;1;;;;;;;0;;;2;
14/07/2019;23:11:00;535;sem vítima;512;BR-153/GO;Sul;Colisão Traseira;1;;;1;;;;;;;2;;;;
14/07/2019;23:30:00;544;com vítima;24;BR-060/GO;Norte;Queda de Moto;;;;1;;;;;;;0;;;1;
15/07/2019;04:10:00;49;sem vítima;356;BR-262/MG;Oeste;Capotamento;1;;;;;;;;;;1;;;;
15/07/2019;04:46:00;54;sem vítima;38;BR-060/GO;Sul;Tombamento;;;1;;;;;;;;2;;;;
15/07/2019;06:29:00;62;sem vítima;492;BR-153/GO;Norte;Queda de Moto;;;;1;;;;;;;1;;;;
15/07/2019;09:46:00;180;sem vítima;514;BR-153/GO;Norte;Colisão Transversal;2;;;;;;;;;;6;;;;
15/07/2019;13:48:00;337;com vítima;78,3;BR-153/MG;Sul;Saida de Pista;;;1;;;;;;;;0;4;;;
15/07/2019;14:21:00;364;sem vítima;107;BR-060/GO;Norte;Colisão Lateral;1;;1;;;;;;;;2;;;;
15/07/2019;14:37:00;373;sem vítima;403;BR-262/MG;Leste;Choque - Arvore;1;;;;;;;;;;1;;;;
15/07/2019;15:33:00;407;com vítima;4,8;BR-060/GO;Norte;Tombamento;;;1;;;;;;;;0;;1;;
15/07/2019;18:29:00;491;com vítima;498,027;BR-153/GO;Norte;Colisão Traseira;;;1;1;;;;;;;1;;;1;
15/07/2019;18:32:00;494;sem vítima;5,236;BR-060/GO;Sul;Choque - Veiculo parado no acostamento;2;;;;;;;;;;2;;;;
15/07/2019;19:27:00;514;com vítima;27;BR-060/DF;Sul;Colisão Transversal;1;1;;;;;;;;;2;1;;;1
16/07/2019;06:22:00;53;sem vítima;27,1;BR-060/DF;Norte;Tombamento;;;1;;;;;;;;2;;;;
16/07/2019;14:28:00;318;com vítima;500,5;BR-153/GO;Sul;Colisão Traseira;;1;;;;;;;;1;1;1;;;
16/07/2019;18:24:00;450;sem vítima;565;BR-153/GO;Sul;Colisão Lateral;1;;1;;;;;;;;2;;;;
16/07/2019;18:28:00;452;com vítima;526;BR-153/GO;Sul;Choque - Objeto sobre a pista;;;;1;;;;;;;0;1;;;
16/07/2019;18:30:00;454;sem vítima;454,2;BR-262/MG;Oeste;Colisão Lateral;1;;1;;;;;;;1;3;;;;
16/07/2019;19:00:00;467;sem vítima;499;BR-153/GO;Sul;Colisão Traseira;2;;;;;;;;;;3;;;;
16/07/2019;19:44:00;479;sem vítima;379;BR-262/MG;Oeste;Choque - Veiculo parado no acostamento;;;1;;;;;;;1;2;;;;
16/07/2019;19:55:00;482;com vítima;218,7;BR-153/MG;Sul;Colisão Traseira;1;;;1;;;;;;;1;2;;;
16/07/2019;22:27:00;543;com vítima;514,5;BR-262/MG;Leste;Saida de Pista;1;;;;;;;;;;0;1;;;
16/07/2019;22:57:00;553;sem vítima;353;BR-262/MG;Oeste;Capotamento;1;;;;;;;;;;1;;;;
17/07/2019;01:25:00;25;sem vítima;43,6;BR-153/MG;Sul;Saida de Pista;1;;;;;;;;;;2;;;;
17/07/2019;05:17:00;52;com vítima;53;BR-060/GO;Sul;Tombamento;;;1;;;;;;;;2;;1;;
17/07/2019;07:25:00;73;sem vítima;510,8;BR-153/GO;Norte;Colisão Traseira;1;;1;;;;;;;;2;;;;
17/07/2019;12:17:00;213;sem vítima;377;BR-262/MG;Oeste;Queda de Moto;;;;1;;;;;;;1;;;;
17/07/2019;12:40:00;222;com vítima;415;BR-262/MG;Oeste;Capotamento;1;;;;;;;;;;0;;;;1
17/07/2019;14:10:00;252;com vítima;485;BR-262/MG;Oeste;Colisão Transversal;1;;1;;;;;;;;1;2;;;
17/07/2019;14:59:00;277;sem vítima;388;BR-262/MG;Leste;Colisão Traseira;1;;1;;;;;;;;2;;;;
17/07/2019;15:15:00;283;sem vítima;415,6;BR-262/MG;Leste;Tombamento;;;1;;;;;;;;1;;;;
17/07/2019;18:01:00;363;com vítima;403;BR-262/MG;Leste;Queda de Moto;;;;1;;;;;;;1;1;;;
17/07/2019;18:07:00;366;com vítima;442,542;BR-262/MG;Oeste;Atropelamento - Outros;;;;;;;;;;1;1;1;;;
17/07/2019;18:39:00;380;sem vítima;460;BR-262/MG;Leste;Choque - Arvore;1;;;;;;;;;;3;;;;
17/07/2019;21:26:00;444;com vítima;512,427;BR-153/GO;Sul;Atropelamento - Outros;1;;;1;;;;;;;2;;1;;
17/07/2019;21:42:00;452;sem vítima;634,1;BR-153/GO;Norte;Choque - Talude;;;1;;;;;;;;1;;;;
18/07/2019;03:16:00;52;sem vítima;423,646;BR-262/MG;Leste;Saida de Pista;1;;;;;;;;;;2;;;;
18/07/2019;07:22:00;107;com vítima;437;BR-262/MG;Leste;Queda de Moto;1;;;1;;;;;;;1;1;;;
18/07/2019;07:52:00;123;sem vítima;507,6;BR-153/GO;Norte;Tombamento;;;1;;;;;;;;1;;;;
18/07/2019;09:01:00;163;sem vítima;479;BR-262/MG;Leste;Colisão Traseira;2;;;;;;;;;;2;;;;
18/07/2019;10:35:00;226;sem vítima;218,3;BR-153/MG;Norte;Colisão Transversal;1;;1;;;1;;;;;6;;;;
18/07/2019;12:02:00;277;sem vítima;118;BR-060/GO;Sul;Colisão Transversal;2;;;;;;;;;;2;;;;
18/07/2019;13:02:00;302;sem vítima;33,4;BR-153/MG;Sul;Tombamento;;;1;;;;;;;;1;;;;
18/07/2019;13:11:00;309;sem vítima;750;BR-262/MG;Oeste;Colisão Traseira;;;2;;;;;;;;2;;;;
18/07/2019;13:21:00;318;sem vítima;500;BR-153/GO;Sul;Engavetamento;4;;;;;1;;;;;6;;;;
18/07/2019;16:41:00;428;sem vítima;8;BR-153/MG;Norte;Choque - Elemento de Drenagem;1;;;;;;;;;;1;;;;
18/07/2019;17:02:00;438;sem vítima;507,4;BR-153/GO;Sul;Colisão Traseira;;;;1;;1;;;;;2;;;;
18/07/2019;17:23:00;451;sem vítima;97;BR-060/GO;Sul;Colisão Lateral;1;;;1;;;;;;;2;;;;
18/07/2019;18:51:00;488;sem vítima;512;BR-262/MG;Oeste;Choque - Outros;;;1;;;;;;;;1;;;;
18/07/2019;19:06:00;495;sem vítima;385,8;BR-262/MG;Leste;Atropelamento de Animal;1;;;;;;;;;;1;;;;
18/07/2019;19:12:00;497;com vítima;558,203;BR-153/GO;Norte;Colisão Traseira;;;1;1;;;;;;;1;;;1;
19/07/2019;05:00:00;50;com vítima;505,768;BR-153/GO;Norte;Colisão Traseira;1;;;1;;;;;;;1;1;;;
19/07/2019;08:06:00;122;sem vítima;509,33;BR-153/GO;Norte;Queda de Moto;;;;1;;;;;;;1;;;;
19/07/2019;12:30:00;310;com vítima;547,7;BR-262/MG;Leste;Tombamento;1;;2;;;;;;;1;3;5;1;;
19/07/2019;12:53:00;319;com vítima;14;BR-153/MG;Norte;Capotamento;;;;;;;;;;1;0;;1;;
19/07/2019;13:39:00;340;com vítima;872;BR-262/MG;Oeste;Choque - Talude;1;;;;;;;;;;0;;1;;
19/07/2019;16:51:00;442;com vítima;216,5;BR-153/MG;Norte;Capotamento;1;;;;;;;;;;0;1;;;