data;horario;n_da_ocorrencia;tipo_de_ocorrencia;km;trecho;sentido;tipo_de_acidente;automovel;bicicleta;caminhao;moto;onibus;outros;tracao_animal;transporte_de_cargas_especiais;trator_maquinas;utilitarios;ilesos;levemente_feridos;moderadamente_feridos;gravemente_feridos;mortos
19/07/2019;17:06:00;451;sem vítima;82;BR-153/MG;Norte;Colisão Traseira;;;2;;;;;;;;3;;;;
19/07/2019;17:24:00;459;com vítima;403;BR-262/MG;Oeste;Engavetamento;3;;;1;;;;;;;6;1;;;
19/07/2019;17:41:00;465;sem vítima;491;BR-153/GO;Sul;Engavetamento;3;;;;;;;;;;3;;;;
19/07/2019;18:30:00;489;sem vítima;36;BR-060/GO;Sul;Capotamento;1;;;;;;;;;;2;;;;
19/07/2019;19:34:00;521;sem vítima;448;BR-262/MG;Oeste;Choque - Arvore;1;;;;;;;;;;1;;;;
19/07/2019;19:58:00;534;sem vítima;101;BR-153/MG;Norte;Saida de Pista;1;;;;;;;;;;1;;;;
19/07/2019;20:22:00;542;sem vítima;441;BR-262/MG;Oeste;Choque - Talude;1;;;;;;;;;;1;;;;
19/07/2019;23:25:00;602;com vítima;7;BR-060/DF;Norte;Atropelamento - Andarilho;;;;1;;;;;;;1;;;1;
20/07/2019;02:40:00;34;sem vítima;57,97;BR-153/MG;Norte;Tombamento;;;1;;;;;;;;1;;;;
20/07/2019;03:52:00;42;sem vítima;459;BR-262/MG;Leste;Atropelamento de Animal;;;1;;;;;;;;1;;;;
20/07/2019;09:02:00;131;sem vítima;8;BR-060/GO;Sul;Queda de Moto;;;;1;;;;;;;1;;;;
20/07/2019;09:52:00;169;sem vítima;240;BR-153/MG;Sul;Colisão Traseira;;;2;;;;;;;;2;;;;
20/07/2019;11:05:00;206;sem vítima;423;BR-262/MG;Leste;Saida de Pista;1;;;;;;;;;;1;;;;
20/07/2019;15:27:00;332;com vítima;499,4;BR-153/GO;Norte;Choque - Veiculo parado na pista;1;;;1;;;;;;;2;;1;;
20/07/2019;16:24:00;367;com vítima;245;BR-153/MG;Sul;Choque - Talude;1;;;;;;;;;;0;1;;;
20/07/2019;17:13:00;390;sem vítima;508;BR-262/MG;Leste;Atropelamento de Animal;1;;;;;;;;;;1;;;;
20/07/2019;21:54:00;454;sem vítima;360;BR-262/MG;Oeste;Capotamento;1;;;;;;;;;;1;;;;
21/07/2019;02:16:00;24;sem vítima;802;BR-262/MG;Leste;Colisão Traseira;2;;;;;;;;;;6;;;;
21/07/2019;02:25:00;25;com vítima;553;BR-262/MG;Oeste;Tombamento;;;1;;;;;;;;0;;;1;
21/07/2019;08:26:00;93;com vítima;669;BR-153/GO;Sul;Tombamento;;;1;;;;;;;;0;3;;;
21/07/2019;11:41:00;165;com vítima;508;BR-153/GO;Norte;Queda de Moto;;;;1;;;;;;;0;;;1;
21/07/2019;12:42:00;180;sem vítima;509;BR-153/GO;Norte;Colisão Traseira;1;;;;;1;;;;;2;;;;
21/07/2019;13:32:00;189;sem vítima;507;BR-153/GO;Sul;Choque - Elemento de Drenagem;1;;;;;1;;;;;4;;;;
21/07/2019;14:05:00;198;sem vítima;633;BR-262/MG;Leste;Colisão Traseira;1;;;;;1;;;;1;3;;;;
21/07/2019;15:10:00;228;com vítima;475;BR-262/MG;Oeste;Colisão Lateral;2;;;;;;;;;;1;1;;;
21/07/2019;16:13:00;247;sem vítima;96;BR-060/GO;Norte;Capotamento;1;;;;;;;;;;2;;;;
21/07/2019;17:55:00;284;sem vítima;506;BR-153/GO;Norte;Engavetamento;3;;;;;;;;;;4;;;;
21/07/2019;18:00:00;288;sem vítima;513;BR-153/GO;Sul;Capotamento;1;;;;;;;;;;2;;;;
21/07/2019;19:41:00;330;com vítima;521;BR-153/GO;Sul;Colisão Transversal;2;;;;;;;;;;2;;1;;
21/07/2019;22:41:00;408;sem vítima;354;BR-262/MG;Oeste;Choque - Talude;1;;;;;;;;;;1;;;;
21/07/2019;23:37:00;422;sem vítima;4,282;BR-060/DF;Norte;Choque - Suporte de Sinalização;1;;;;;;;;;;1;;;;
22/07/2019;00:31:00;7;sem vítima;369;BR-262/MG;Oeste;Capotamento;1;;;;;;;;;;1;;;;
22/07/2019;02:51:00;25;sem vítima;447;BR-262/MG;Oeste;Atropelamento de Animal;;;1;;;;;;;;1;;;;
22/07/2019;06:24:00;61;sem vítima;404;BR-262/MG;Leste;Colisão Traseira;1;;;;;;;;;;1;;;;
22/07/2019;06:00:00;63;com vítima;67;BR-153/MG;Sul;Tombamento;;;1;;;;;;;;0;1;;;
22/07/2019;07:50:00;83;sem vítima;89;BR-060/GO;Sul;Colisão Traseira;1;;;;1;;;;;;7;;;;
22/07/2019;07:58:00;87;sem vítima;505;BR-153/GO;Sul;Colisão Traseira;2;;;;;;;;;;3;;;;
22/07/2019;08:55:00;121;sem vítima;890;BR-262/MG;Leste;Tombamento;;;1;;;;;;;;1;;;;
22/07/2019;09:25:00;138;com vítima;405;BR-262/MG;Oeste;Tombamento;;;1;;;;;;;;0;1;;;
22/07/2019;12:42:00;226;com vítima;575;BR-262/MG;Leste;Capotamento;1;;;;;;;;;;0;1;2;;
22/07/2019;15:53:00;310;com vítima;613;BR-153/GO;Sul;Capotamento;1;;;;;;;;;;0;1;;;
22/07/2019;18:01:00;372;sem vítima;499,4;BR-153/GO;Sul;Colisão Traseira;2;;;;;;;;;;2;;;;
23/07/2019;00:15:00;10;com vítima;75,814;BR-153/MG;Norte;Tombamento;;;1;;;;;;;;0;1;;;
23/07/2019;03:59:00;61;com vítima;409;BR-262/MG;Leste;Capotamento;;;;;;1;;;;1;2;;1;1;
23/07/2019;06:19:00;81;sem vítima;139,2;BR-153/MG;Sul;Tombamento;;;1;;;;;;;;1;;;;
23/07/2019;07:05:00;91;sem vítima;437;BR-262/MG;Leste;Capotamento;1;;;;;;;;;;1;;;;
23/07/2019;14:27:00;280;sem vítima;524;BR-262/MG;Leste;Choque - Outros;1;;;;;;;;;;1;;;;
23/07/2019;20:46:00;448;com vítima;501;BR-153/GO;Norte;Queda de Moto;;;;1;;;;;;;1;1;;;
23/07/2019;23:32:00;507;sem vítima;515;BR-153/GO;Norte;Colisão Lateral;2;;;;;;;;;;2;;;;
24/07/2019;05:18:00;40;com vítima;552,25;BR-262/MG;Leste;Tombamento;;;1;;;;;;;;0;;1;;
24/07/2019;06:21:00;48;sem vítima;380;BR-262/MG;Leste;Choque - Defensa, barreira ou "submarino";;;1;;;;;;;;1;;;;
24/07/2019;07:31:00;86;com vítima;51;BR-060/GO;Norte;Colisão Traseira;;;1;;;;;;;1;1;1;;;
24/07/2019;07:50:00;93;com vítima;495;BR-153/GO;Sul;Colisão Traseira;1;;;1;;;;;;;1;;1;;
24/07/2019;12:38:00;273;sem vítima;525,4;BR-262/MG;Leste;Colisão Traseira;2;;;;;;;;;;2;;;;
24/07/2019;14:15:00;320;com vítima;124;BR-060/GO;Norte;Saida de Pista;;;1;;;;;;;;0;;1;;
24/07/2019;14:30:00;330;sem vítima;78;BR-153/MG;Norte;Tombamento;;;2;;;;;;;;2;;;;
24/07/2019;15:39:00;362;com vítima;135,2;BR-060/GO;Sul;Capotamento;;;;;;;;;;1;0;1;;;
24/07/2019;18:00:00;438;sem vítima;514;BR-153/GO;Sul;Colisão Traseira;;;;1;;1;;;;;2;;;;
24/07/2019;18:27:00;450;com vítima;802;BR-262/MG;Leste;Queda de Moto;;;;1;;;;;;;0;1;;;
24/07/2019;21:59:00;536;com vítima;524;BR-262/MG;Leste;Atropelamento - Ciclista;;1;1;;;;;;;;1;1;;;
25/07/2019;02:50:00;57;sem vítima;500;BR-153/GO;Sul;Capotamento;;;;;;;;;;1;1;;;;
25/07/2019;07:26:00;98;sem vítima;537;BR-153/GO;Norte;Atropelamento de Animal;1;;;;;;;;;;1;;;;
25/07/2019;07:38:00;102;com vítima;623,098;BR-153/GO;Sul;Colisão Traseira;1;;1;;;;;;;;1;1;;;
25/07/2019;08:13:00;122;sem vítima;388;BR-262/MG;Oeste;Colisão Traseira;;;1;;;;;;;1;2;;;;
25/07/2019;10:36:00;215;com vítima;693;BR-262/MG;Oeste;Colisão Transversal;2;;;;;;;;;;1;1;;;
25/07/2019;10:45:00;219;sem vítima;18,3;BR-060/DF;Sul;Choque - Elemento de Drenagem;1;;;;;;;;;;1;;;;
25/07/2019;11:21:00;235;sem vítima;643,5;BR-262/MG;Oeste;Capotamento;1;;;;;1;;;;;2;;;;
25/07/2019;11:21:00;236;sem vítima;243,5;BR-153/MG;Sul;Colisão Traseira;1;;;;;;;;;1;2;;;;
25/07/2019;12:21:00;264;com vítima;537;BR-153/GO;Sul;Capotamento;;;;;;1;;;;1;4;2;;;
25/07/2019;15:39:00;348;com vítima;595;BR-153/GO;Sul;Colisão Lateral;;;1;;;;;;;1;1;1;;1;
25/07/2019;16:46:00;370;sem vítima;553;BR-262/MG;Leste;Colisão Traseira;;;2;;;;;;;;2;;;;
25/07/2019;16:52:00;372;sem vítima;509;BR-153/GO;Sul;Colisão Lateral;1;;1;;;;;;;;2;;;;
25/07/2019;18:24:00;416;sem vítima;155;BR-153/MG;Sul;Colisão Transversal;1;;1;;;;;;;;4;;;;
25/07/2019;18:55:00;427;sem vítima;99,688;BR-060/GO;Norte;Colisão Traseira;2;;;;;;;;;;2;;;;
26/07/2019;01:54:00;32;sem vítima;903,1;BR-262/MG;Oeste;Saida de Pista;;;1;;;;;;;;1;;;;
26/07/2019;05:29:00;66;com vítima;504,3;BR-153/GO;Norte;Queda de Moto;;;;1;;;;;;;0;1;;;
26/07/2019;07:15:00;93;sem vítima;514;BR-153/GO;Norte;Colisão Transversal;1;;;1;;;;;;;2;;;;
26/07/2019;08:35:00;132;com vítima;637;BR-262/MG;Oeste;Colisão Transversal;3;;;;;;;;;;1;1;1;1;6
26/07/2019;10:24:00;198;com vítima;117;BR-060/GO;Sul;Colisão Traseira;2;;;;;;;;;;4;1;;;
26/07/2019;11:13:00;221;sem vítima;504;BR-153/GO;Norte;Colisão Traseira;1;;1;;;;;;;;2;;;;
26/07/2019;11:26:00;230;sem vítima;505;BR-153/GO;Norte;Colisão Traseira;2;;;;;;;;;;2;;;;
26/07/2019;13:03:00;276;sem vítima;543;BR-153/GO;Sul;Choque - Talude;1;;;;;1;;;;;3;;;;
26/07/2019;14:28:00;327;sem vítima;511,5;BR-262/MG;Leste;Choque - Objeto sobre a pista;;;;1;;;;;;;1;;;;
26/07/2019;14:41:00;331;sem vítima;657;BR-153/GO;Norte;Choque - Suporte de Sinalização;1;;;;;;;;;;1;;;;
26/07/2019;22:12:00;565;com vítima;511,498;BR-153/GO;Sul;Colisão Traseira;1;;;1;;;;;;;1;;;2;
27/07/2019;00:36:00;9;sem vítima;355,32;BR-262/MG;Leste;Capotamento;;;;;;;;;;1;1;;;;
27/07/2019;04:21:00;69;sem vítima;97,311;BR-060/GO;Norte;Colisão Traseira;2;;;;;;;;;;4;;;;
27/07/2019;05:52:00;81;com vítima;129,267;BR-060/GO;Sul;Colisão Traseira;1;;1;;;;;;;;1;1;;1;
27/07/2019;10:31:00;193;com vítima;11;BR-060/GO;Sul;Colisão Traseira;;;1;1;;;;;;;1;;1;;
27/07/2019;11:11:00;204;sem vítima;118;BR-060/GO;Norte;Colisão Transversal;2;;;;;;;;;;4;;;;
27/07/2019;17:42:00;366;sem vítima;853,5;BR-262/MG;Oeste;Saida de Pista;1;;;;;;;;;;2;;;;
27/07/2019;19:01:00;404;sem vítima;573;BR-262/MG;Oeste;Choque - Talude;1;;;;;;;;;;1;;;;
27/07/2019;19:21:00;410;sem vítima;880;BR-262/MG;Oeste;Atropelamento de Animal;1;;;;;;;;;;5;;;;
27/07/2019;19:35:00;416;com vítima;448;BR-262/MG;Oeste;Colisão Traseira;1;;;1;;;;;;;5;1;;;
27/07/2019;20:15:00;431;com vítima;364;BR-262/MG;Oeste;Atropelamento - Andarilho;;;;1;;;;;;;1;;1;;
27/07/2019;20:39:00;434;com vítima;448;BR-262/MG;Leste;Colisão Traseira;2;;;;;;;;;;2;;1;;
27/07/2019;22:02:00;457;sem vítima;99;BR-060/GO;Sul;Colisão Traseira;1;;;;;;;;;1;5;;;;
27/07/2019;23:36:00;491;sem vítima;356;BR-262/MG;Oeste;Atropelamento de Animal;1;;;;;;;;;;1;;;;
28/07/2019;02:09:00;21;sem vítima;499;BR-153/GO;Sul;Queda de Moto;;;;1;;;;;;;2;;;;
28/07/2019;03:35:00;30;sem vítima;702;BR-262/MG;Oeste;Choque - Talude;1;;;;;;;;;;1;;;;
28/07/2019;04:46:00;41;sem vítima;362;BR-262/MG;Oeste;Capotamento;1;;;;;;;;;;1;;;;
28/07/2019;05:39:00;52;sem vítima;811;BR-262/MG;Oeste;Choque - Defensa, barreira ou "submarino";1;;;;;;;;;;1;;;;
28/07/2019;14:07:00;277;com vítima;129;BR-060/GO;Norte;Choque - Defensa, barreira ou "submarino";1;;;;;;;;;;3;1;;;
28/07/2019;15:42:00;327;sem vítima;550;BR-262/MG;Leste;Colisão Lateral;2;;;;;;;;;;6;;;;
28/07/2019;15:54:00;333;sem vítima;428;BR-262/MG;Oeste;Choque - Veiculo parado no acostamento;2;;;;;;;;;;2;;;;
28/07/2019;17:12:00;383;sem vítima;446,2;BR-262/MG;Oeste;Colisão Traseira;1;;1;;;;;;;;2;;;;
28/07/2019;17:38:00;406;com vítima;415;BR-262/MG;Oeste;Tombamento;;;1;;;;;;;;0;;;1;
29/07/2019;06:34:00;41;com vítima;536,15;BR-153/GO;Norte;Tombamento;;;1;;;;;;;;0;1;;;
29/07/2019;07:09:00;58;sem vítima;634;BR-262/MG;Leste;Choque - Suporte de Sinalização;;;1;;;;;;;;2;;;;
29/07/2019;08:03:00;84;sem vítima;501;BR-153/GO;Sul;Colisão Lateral;1;;1;;;;;;;;2;;;;
29/07/2019;08:05:00;85;com vítima;89;BR-060/GO;Sul;Queda de Moto;;;;1;;;;;;;0;1;;;
29/07/2019;08:23:00;95;com vítima;519;BR-153/GO;Sul;Queda de Moto;;;;1;;;;;;;1;1;;;
29/07/2019;08:25:00;96;com vítima;501,4;BR-153/GO;Sul;Colisão Traseira;1;;;1;;;;;;;1;1;;;
29/07/2019;08:36:00;101;sem vítima;43;BR-060/GO;Norte;Colisão Traseira;1;;;;;1;;;;;6;;;;
29/07/2019;10:44:00;165;com vítima;654;BR-262/MG;Oeste;Capotamento;1;;;;;;;;;;0;;1;;
29/07/2019;11:17:00;181;com vítima;566;BR-153/GO;Norte;Capotamento;1;;;;;;;;;;0;1;;;
29/07/2019;12:55:00;218;sem vítima;507;BR-153/GO;Sul;Colisão Traseira;2;;;;;;;;;;2;;;;
29/07/2019;13:18:00;231;sem vítima;243;BR-153/MG;Norte;Atropelamento de Animal;;;;;;;;;;1;1;;;;
29/07/2019;13:25:00;235;sem vítima;493;BR-153/GO;Sul;Queda de Moto;;;;1;;;;;;;2;;;;
29/07/2019;14:38:00;262;com vítima;62,5;BR-153/MG;Sul;Colisão Lateral;;;3;;;;;;;;2;;1;;
29/07/2019;19:30:00;396;sem vítima;800;BR-262/MG;Oeste;Capotamento;1;;;;;;;;;;1;;;;
29/07/2019;19:46:00;401;sem vítima;405;BR-262/MG;Leste;Capotamento;1;;;;;;;;;;4;;;;
30/07/2019;07:24:00;99;sem vítima;438;BR-262/MG;Oeste;Colisão Traseira;;;1;2;;;;;;;3;;;;
30/07/2019;11:01:00;217;sem vítima;577;BR-262/MG;Oeste;Choque - Outros;1;;;;;;;;;;1;;;;
30/07/2019;11:21:00;225;sem vítima;377;BR-262/MG;Oeste;Choque - Defensa, barreira ou "submarino";1;;;;;;;;;;1;;;;
30/07/2019;13:32:00;279;sem vítima;528;BR-262/MG;Oeste;Colisão Transversal;2;;;;;;;;;;2;;;;
30/07/2019;14:13:00;297;sem vítima;499;BR-153/GO;Norte;Queda de Moto;;;;1;;;;;;;1;;;;
30/07/2019;18:46:00;454;sem vítima;684;BR-153/GO;Norte;Saida de Pista;1;;;;;;;;;;1;;;;
31/07/2019;05:05:00;51;com vítima;137;BR-060/GO;Sul;Atropelamento - Ciclista;1;1;;;;;;;;;1;1;;;
31/07/2019;05:14:00;52;sem vítima;128;BR-060/GO;Norte;Colisão Traseira;;;1;;1;;;;;;19;;;;
31/07/2019;06:08:00;59;com vítima;780,5;BR-262/MG;Oeste;Colisão Frontal;;;2;;1;;;;;;16;;1;;
31/07/2019;07:42:00;85;com vítima;402,905;BR-262/MG;Oeste;Capotamento;;;1;;;;;;;;0;1;;;
31/07/2019;07:50:00;89;sem vítima;127,5;BR-060/GO;Sul;Engavetamento;3;;;;;;;;;;9;;;;
31/07/2019;07:53:00;90;sem vítima;764;BR-262/MG;Leste;Tombamento;;;1;;;;;;;;2;;;;
31/07/2019;08:21:00;102;sem vítima;573;BR-262/MG;Leste;Colisão Traseira;1;;1;;;;;;;;2;;;;
31/07/2019;11:29:00;199;com vítima;69,5;BR-060/GO;Sul;Queda de Ciclista;;1;;;;;;;;;0;;1;;
31/07/2019;14:02:00;269;sem vítima;92;BR-060/GO;Norte;Choque - Elemento de Drenagem;1;;;;;;;;;;1;;;;
31/07/2019;15:37:00;316;sem vítima;553,8;BR-262/MG;Leste;Tombamento;;;1;;;;;;;;1;;;;
31/07/2019;17:04:00;360;com vítima;812;BR-262/MG;Leste;Queda de Moto;1;;;1;;;;;;;1;;1;;
31/07/2019;19:31:00;444;com vítima;503;BR-153/GO;Norte;Queda de Moto;;;;1;;;;;;;0;;1;;
31/07/2019;20:09:00;465;sem vítima;504;BR-153/GO;Norte;Colisão Traseira;2;;;1;;;;;;;3;;;;
31/07/2019;20:51:00;479;sem vítima;514;BR-153/GO;Norte;Colisão Lateral;2;;;;;;;;;;2;;;;
01/09/2019;00:30:00;13;com vítima;401;BR-262/MG;Oeste;Capotamento;1;;;;;;;;;;0;2;1;;
01/09/2019;07:28:00;112;sem vítima;4;BR-060/DF;Norte;Colisão Transversal;1;;;1;;;;;;;2;;;;
01/09/2019;07:40:00;116;com vítima;460;BR-262/MG;Leste;Colisão Lateral;1;;;;1;;;;;;17;;1;;
01/09/2019;11:38:00;219;sem vítima;630;BR-153/GO;Norte;Colisão Traseira;1;;1;;;;;;;;2;;;;
01/09/2019;11:46:00;223;sem vítima;392;BR-262/MG;Leste;Choque - Objeto sobre a pista;1;;;;;;;;;;1;;;;
01/09/2019;12:06:00;231;com vítima;39;BR-060/GO;Norte;Queda de Moto;;;;1;;;;;;;1;;1;;
01/09/2019;12:44:00;242;com vítima;421;BR-262/MG;Leste;Queda de Moto;;;;1;;;;;;;0;2;;;
01/09/2019;16:41:00;341;sem vítima;436;BR-262/MG;Leste;Capotamento;1;;;;;;;;;;1;;;;
01/09/2019;16:55:00;352;com vítima;817;BR-262/MG;Oeste;Queda de Moto;;;;1;;;;;;;1;1;;;
01/09/2019;18:27:00;391;sem vítima;98;BR-060/GO;Sul;Capotamento;1;;;;;;;;;;1;;;;
01/09/2019;19:37:00;427;com vítima;7;BR-060/DF;Sul;Choque - Elemento de Drenagem;1;;;;;;;;;;0;1;;;
01/09/2019;21:37:00;469;sem vítima;96;BR-060/GO;Sul;Queda de Moto;;;;1;;;;;;;1;;;;
02/09/2019;07:41:00;89;sem vítima;495,5;BR-153/GO;Sul;Colisão Traseira;2;;;;;;;;;;2;;;;
02/09/2019;08:08:00;103;com vítima;31,506;BR-060/GO;Sul;Atropelamento - Morador;1;;;;;;;;;;2;;;;1
02/09/2019;09:07:00;155;sem vítima;4;BR-060/DF;Sul;Colisão Traseira;1;;1;;;;;;;;3;;;;
02/09/2019;11:17:00;236;sem vítima;693;BR-262/MG;Leste;Colisão Lateral;1;;1;;;;;;;;4;;;;
02/09/2019;11:58:00;260;com vítima;0;BR-060/DF;Sul;Colisão Transversal;;1;;1;;;;;;;2;;1;;
02/09/2019;13:13:00;291;com vítima;369;BR-262/MG;Oeste;Tombamento;;;1;;;;;;;;0;1;;;
02/09/2019;17:48:00;426;sem vítima;527;BR-153/GO;Norte;Tombamento;;;1;;;;;;;;1;;;;
02/09/2019;19:34:00;472;com vítima;505,2;BR-153/GO;Sul;Colisão Transversal;1;;;1;;;;;;;1;;;1;
03/09/2019;00:38:00;13;com vítima;148;BR-153/MG;Norte;Capotamento;;;;;1;;;;;;11;4;2;1;
03/09/2019;07:00:00;71;com vítima;513,6;BR-153/GO;Sul;Colisão Traseira;1;;;1;;;;;;;1;1;;;
03/09/2019;07:06:00;75;sem vítima;95;BR-060/GO;Sul;Capotamento;2;;;;;;;;;;2;;;;
03/09/2019;07:43:00;93;com vítima;8;BR-060/DF;Norte;Queda de Moto;;;;1;;;;;;;1;1;;;
03/09/2019;08:35:00;128;sem vítima;43;BR-060/GO;Sul;Choque - Defensa, barreira ou "submarino";1;;;;;;;;;;2;;;;
03/09/2019;09:43:00;178;sem vítima;495;BR-153/GO;Sul;Colisão Traseira;;;;;;;;;;2;2;;;;
03/09/2019;11:47:00;243;sem vítima;96;BR-060/GO;Sul;Colisão Traseira;2;;;;;;;;;;2;;;;
03/09/2019;12:35:00;261;sem vítima;461,85;BR-262/MG;Oeste;Colisão Lateral;;;2;;;;;;;;2;;;;
03/09/2019;13:04:00;272;sem vítima;493;BR-153/GO;Norte;Capotamento;1;;;;;;;;;;1;;;;
03/09/2019;13:06:00;274;sem vítima;365;BR-262/MG;Oeste;Choque - Defensa, barreira ou "submarino";1;;;;;;;;;;1;;;;
03/09/2019;16:56:00;450;com vítima;502;BR-153/GO;Sul;Colisão Lateral;1;;;;;1;;;;;1;1;;;
03/09/2019;17:36:00;478;com vítima;94,1;BR-153/MG;Sul;Colisão Traseira;;;2;;;;;;;;0;3;;;
03/09/2019;18:52:00;516;com vítima;552,4;BR-153/GO;Sul;Atropelamento - Ciclista;1;1;;;;;;;;;1;;;;1
03/09/2019;19:16:00;524;sem vítima;505;BR-153/GO;Sul;Colisão Traseira;1;;1;;;;;;;;3;;;;
03/09/2019;20:39:00;558;sem vítima;675;BR-262/MG;Leste;Choque - Objeto sobre a pista;1;;;;;;;;;;1;;;;
03/09/2019;22:22:00;607;com vítima;46;BR-153/MG;Sul;Queda de Moto;;;;1;;;;;;;0;;1;;
03/09/2019;23:11:00;626;com vítima;98;BR-060/GO;Sul;Colisão Traseira;1;;;;1;;;;;;2;2;;;
03/09/2019;23:23:00;634;com vítima;685;BR-153/GO;Norte;Queda de Moto;;;;1;;;;;;;0;1;;;
04/09/2019;01:38:00;25;sem vítima;493;BR-262/MG;Leste;Tombamento;;;1;;;;;;;;2;;;;
04/09/2019;07:49:00;112;sem vítima;93;BR-060/GO;Sul;Colisão Lateral;1;;1;;;;;;;;2;;;;
04/09/2019;08:36:00;149;com vítima;3;BR-060/DF;Sul;Colisão Traseira;1;;;1;;;;;;;1;1;;;
04/09/2019;12:18:00;277;sem vítima;491;BR-153/GO;Sul;Atropelamento - Morador;1;;;;;;;;;;2;;;;
04/09/2019;16:09:00;412;com vítima;568;BR-262/MG;Oeste;Capotamento;1;;;;;;;;;;1;1;;;
04/09/2019;16:21:00;422;sem vítima;123;BR-060/GO;Norte;Colisão Transversal;1;;;;;;;;;1;2;;;;
04/09/2019;16:27:00;430;com vítima;49;BR-060/GO;Sul;Colisão Traseira;1;;1;;;;;;;;1;1;1;;
04/09/2019;17:26:00;464;sem vítima;175;BR-153/MG;Norte;Choque- Placa/Suporte Sinalização;;;1;;;;;;;;1;;;;
04/09/2019;17:40:00;475;sem vítima;501;BR-153/GO;Sul;Colisão Traseira;1;;;;;1;;;;;2;;;;
04/09/2019;19:14:00;519;sem vítima;547;BR-153/GO;Sul;Choque - Objeto sobre a pista;1;;;;;;;;;;1;;;;
04/09/2019;20:04:00;544;sem vítima;2;BR-060/GO;Sul;Colisão Transversal;1;;;;;;;;;1;2;;;;
04/09/2019;20:29:00;554;com vítima;493;BR-153/GO;Norte;Queda de Moto;;;;1;;;;;;;0;1;;;
05/09/2019;06:42:00;100;sem vítima;497;BR-153/GO;Sul;Colisão Lateral;2;;;;;;;;;;2;;;;
05/09/2019;07:27:00;117;sem vítima;4;BR-060/DF;Sul;Colisão Lateral;;;2;;;;;;;;2;;;;
05/09/2019;07:31:00;119;sem vítima;498;BR-153/GO;Sul;Colisão Lateral;2;;1;;;;;;;;3;;;;
05/09/2019;07:32:00;121;sem vítima;494,8;BR-153/GO;Norte;Colisão Lateral;1;;;1;;;;;;;2;;;;
05/09/2019;08:09:00;141;sem vítima;501;BR-153/GO;Norte;Colisão Lateral;1;;1;;;;;;;;3;;;;
05/09/2019;08:50:00;178;sem vítima;502;BR-153/GO;Norte;Colisão Traseira;2;;;;;;;;;;2;;;;
05/09/2019;09:47:00;213;sem vítima;795;BR-262/MG;Oeste;Engavetamento;;;3;;;;;;;;3;;;;
05/09/2019;10:31:00;243;sem vítima;101;BR-060/GO;Norte;Colisão Traseira;2;;;;;;;;;;2;;;;
05/09/2019;12:57:00;316;com vítima;507;BR-153/GO;Sul;Queda de Moto;;;;1;;;;;;;0;;2;;
05/09/2019;13:45:00;334;com vítima;511,3;BR-153/GO;Sul;Queda de Moto;;;;1;;;;;;;0;;1;;
05/09/2019;14:42:00;363;sem vítima;389;BR-262/MG;Oeste;Choque - Talude;;;1;;;;;;;;1;;;;
05/09/2019;16:20:00;405;sem vítima;125;BR-060/GO;Sul;Colisão Lateral;1;;1;;;;;;;;2;;;;
05/09/2019;16:53:00;426;sem vítima;31,5;BR-060/GO;Sul;Colisão Traseira;2;;;;;;;;;;2;;;;
05/09/2019;17:12:00;438;com vítima;2;BR-060/GO;Norte;Colisão Traseira;1;;1;;;;;;;;1;1;;;
05/09/2019;17:31:00;451;sem vítima;365;BR-262/MG;Oeste;Colisão Traseira;1;;;;;1;;;;;2;;;;
05/09/2019;20:27:00;568;com vítima;14,5;BR-060/GO;Norte;Atropelamento de Animal;1;;;;;;;;;;0;;2;;
05/09/2019;22:03:00;599;com vítima;863,5;BR-262/MG;Oeste;Choque - Veiculo parado no acostamento;1;;1;;;;;;;;2;;1;;
06/09/2019;00:22:00;7;sem vítima;426;BR-262/MG;Oeste;Capotamento;1;;;;;;;;;;1;;;;
06/09/2019;09:06:00;179;com vítima;775;BR-262/MG;Oeste;Queda de Moto;;;;1;;;;;;;0;1;;;
06/09/2019;10:54:00;242;com vítima;627;BR-153/GO;Norte;Colisão Traseira;;;2;;;;;;;;1;1;;;
06/09/2019;12:11:00;293;com vítima;508;BR-153/GO;Norte;Colisão Traseira;2;;;;;;;;;;1;1;;;
06/09/2019;16:29:00;416;sem vítima;498,5;BR-153/GO;Sul;Engavetamento;3;;;;;;;;;;3;;;;
06/09/2019;17:05:00;440;com vítima;52;BR-060/GO;Sul;Queda de Moto;;;;1;;;;;;;0;1;1;;
06/09/2019;17:27:00;457;sem vítima;4;BR-060/GO;Norte;Choque - Talude;;;1;;;;;;;;1;;;;
06/09/2019;18:11:00;489;com vítima;506,5;BR-153/GO;Norte;Queda de Moto;;;;1;;;;;;;0;1;;;
06/09/2019;19:33:00;543;com vítima;531;BR-153/GO;Sul;Queda de Moto;;;;1;;;;;;;0;2;;;
06/09/2019;20:31:00;581;com vítima;134;BR-060/GO;Norte;Queda de Moto;;;;1;;;;;;;0;1;;;
06/09/2019;20:41:00;588;sem vítima;499,5;BR-153/GO;Sul;Engavetamento;3;;;;;;;;;;3;;;;
06/09/2019;21:21:00;613;sem vítima;34;BR-153/MG;Norte;Tombamento;;;1;;;1;;;;;2;;;;
06/09/2019;21:36:00;627;sem vítima;468,81;BR-262/MG;Leste;Colisão Traseira;1;;1;;;;;;;;2;;;;
06/09/2019;22:30:00;657;sem vítima;40;BR-060/GO;Sul;Saida de Pista;1;;;;;;;;;;4;;;;
06/09/2019;23:56:00;688;sem vítima;34,1;BR-153/MG;Norte;Choque - Veiculo parado no acostamento;1;;1;;;1;;;;;3;;;;