data;horario;n_da_ocorrencia;tipo_de_ocorrencia;km;trecho;sentido;tipo_de_acidente;automovel;bicicleta;caminhao;moto;onibus;outros;tracao_animal;transporte_de_cargas_especiais;trator_maquinas;utilitarios;ilesos;levemente_feridos;moderadamente_feridos;gravemente_feridos;mortos
07/09/2019;01:20:00;26;com vítima;515;BR-153/GO;Sul;Colisão Traseira;1;;;1;;;;;;;1;1;;;
07/09/2019;02:11:00;41;sem vítima;42;BR-060/GO;Sul;Colisão Traseira;1;;1;;;;;;;;2;;;;
07/09/2019;02:20:00;45;sem vítima;148;BR-153/MG;Norte;Choque- Placa/Suporte Sinalização;;;1;;;;;;;;1;;;;
07/09/2019;02:46:00;53;sem vítima;463,3;BR-262/MG;Oeste;Choque - Defensa, barreira ou "submarino";1;;;;;;;;;;1;;;;
07/09/2019;04:52:00;72;com vítima;508,9;BR-153/GO;Sul;Queda de Moto;;;;1;;;;;;;0;;1;;
07/09/2019;05:15:00;77;sem vítima;132,9;BR-060/GO;Norte;Colisão Traseira;1;;;;;1;;;;;2;;;;
07/09/2019;10:22:00;228;sem vítima;362;BR-262/MG;Leste;Queda de Ciclista;;2;;;;;;;;;2;;;;
07/09/2019;10:28:00;230;sem vítima;433;BR-262/MG;Leste;Capotamento;1;;;;;;;;;;2;;;;
07/09/2019;10:40:00;243;sem vítima;131,2;BR-060/GO;Norte;Engavetamento;4;;;;;;;;;;7;;;;
07/09/2019;11:36:00;276;sem vítima;101,36;BR-060/GO;Norte;Colisão Traseira;2;;;;;;;;;;2;;;;
07/09/2019;13:05:00;333;sem vítima;771;BR-262/MG;Oeste;Choque - Talude;;;;;;1;;;;1;2;;;;
07/09/2019;13:33:00;347;com vítima;485;BR-262/MG;Leste;Capotamento;1;;;;;;;;;;0;1;;;
07/09/2019;14:02:00;364;com vítima;460;BR-262/MG;Oeste;Capotamento;1;;;;;;;;;;0;;;1;
07/09/2019;15:38:00;399;com vítima;229,5;BR-153/MG;Sul;Tombamento;;;1;;;;;;;;0;;;1;
07/09/2019;15:41:00;400;sem vítima;648;BR-153/GO;Sul;Saida de Pista;;;1;;;;;;;;2;;;;
07/09/2019;16:16:00;415;sem vítima;757;BR-262/MG;Oeste;Choque - Arvore;;;1;;;;;;;;3;;;;
07/09/2019;21:11:00;556;com vítima;442,05;BR-262/MG;Leste;Queda de Moto;;;;1;;;;;;;0;1;;;
07/09/2019;23:10:00;597;com vítima;357,424;BR-262/MG;Oeste;Colisão Frontal;1;;;;;;;;;1;2;;3;;
08/09/2019;03:50:00;60;sem vítima;359;BR-262/MG;Oeste;Atropelamento de Animal;1;;;;;;;;;;2;;;;
08/09/2019;05:12:00;70;sem vítima;506,588;BR-153/GO;Sul;Capotamento;1;;;;;;;;;;1;;;;
08/09/2019;07:44:00;99;com vítima;368,56;BR-262/MG;Oeste;Choque - Outros;1;;;;;;;;;;0;1;;;
08/09/2019;09:15:00;151;sem vítima;117;BR-060/GO;Sul;Colisão Transversal;2;;;;;;;;;;2;;;;
08/09/2019;11:32:00;227;sem vítima;58;BR-153/MG;Norte;Tombamento;;;1;;;;;;;;1;;;;
08/09/2019;12:53:00;263;sem vítima;442;BR-262/MG;Leste;Colisão Traseira;1;;;;;1;;;;;3;;;;
08/09/2019;13:51:00;282;com vítima;597,73;BR-153/GO;Norte;Colisão Lateral;;;1;;;;;;;1;4;1;;;
08/09/2019;15:57:00;366;sem vítima;687,1;BR-262/MG;Leste;Colisão Traseira;1;;1;;;;;;;;2;;;;
08/09/2019;16:06:00;370;com vítima;615;BR-262/MG;Leste;Colisão Frontal;;;1;;;;;;;1;1;;;;1
08/09/2019;16:59:00;416;sem vítima;14;BR-060/GO;Norte;Colisão Traseira;;;;;2;;;;;;2;;;;
08/09/2019;17:13:00;424;sem vítima;14;BR-060/GO;Norte;Saida de Pista;1;;;;;;;;;;1;;;;
08/09/2019;17:39:00;440;sem vítima;234;BR-153/MG;Sul;Saida de Pista;1;;;;;;;;;;2;;;;
08/09/2019;18:39:00;481;com vítima;114,8;BR-153/MG;Norte;Engavetamento;1;;2;;;;;;;;2;1;1;;
08/09/2019;19:07:00;502;com vítima;8,5;BR-153/MG;Sul;Capotamento;1;;;;;;;;;;4;;1;;
08/09/2019;19:14:00;504;sem vítima;13;BR-060/GO;Norte;Colisão Traseira;2;;;;;;;;;;2;;;;
08/09/2019;20:21:00;542;sem vítima;372;BR-262/MG;Leste;Choque - Outros;1;;;;;;;;;;1;;;;
08/09/2019;20:23:00;544;com vítima;363,7;BR-262/MG;Oeste;Atropelamento - Outros;1;;;;;;;;;;0;1;;;2
08/09/2019;21:26:00;573;sem vítima;364;BR-262/MG;Leste;Colisão Traseira;2;;;;;;;;;;3;;;;
09/09/2019;01:26:00;18;sem vítima;575;BR-262/MG;Leste;Colisão Lateral;2;;;;;;;;;;5;;;;
09/09/2019;07:20:00;123;com vítima;509;BR-153/GO;Norte;Engavetamento;6;;2;2;;;;;;;12;2;;;
09/09/2019;12:23:00;312;com vítima;811;BR-262/MG;Leste;Colisão Traseira;1;;;1;;;;;;;1;;;1;
09/09/2019;15:37:00;417;com vítima;509;BR-262/MG;Oeste;Choque- Placa/Suporte Sinalização;1;;;;;;;;;;1;1;;;
09/09/2019;16:35:00;443;sem vítima;544,24;BR-153/GO;Sul;Colisão Traseira;;;;;;;;;;2;2;;;;
09/09/2019;16:35:00;444;com vítima;814;BR-262/MG;Oeste;Colisão Lateral;2;;;;;;;;;;3;2;1;;
09/09/2019;17:54:00;479;sem vítima;388;BR-262/MG;Oeste;Tombamento;;;1;;;;;;;;1;;;;
09/09/2019;18:28:00;501;com vítima;499,3;BR-153/GO;Sul;Colisão Transversal;;;1;1;;;;;;;1;;1;;
09/09/2019;20:32:00;551;com vítima;826,854;BR-262/MG;Leste;Queda de Moto;;;;1;;;;;;;0;1;;;
09/09/2019;20:36:00;554;sem vítima;182;BR-153/MG;Sul;Atropelamento de Animal;1;;;;;;;;;;1;;;;
10/09/2019;02:15:00;44;com vítima;31;BR-060/GO;Norte;Choque - Veiculo parado no acostamento;1;;1;;;;;;;;0;1;1;;
10/09/2019;05:40:00;79;com vítima;582;BR-262/MG;Oeste;Tombamento;;;1;;;;;;;;0;1;;;
10/09/2019;07:04:00;102;sem vítima;131;BR-060/GO;Sul;Tombamento;;;1;;;;;;;;1;;;;
10/09/2019;09:17:00;182;sem vítima;157;BR-153/MG;Sul;Colisão Traseira;1;;1;;;;;;;;2;;;;
10/09/2019;09:44:00;199;com vítima;460;BR-262/MG;Leste;Colisão Lateral;;;;1;;;;;;1;1;1;;;
10/09/2019;10:08:00;211;sem vítima;855,7;BR-262/MG;Oeste;Colisão Transversal;2;;;;;;;;;;2;;;;
10/09/2019;17:18:00;414;sem vítima;21;BR-153/MG;Norte;Colisão Traseira;1;;1;;;;;;;;2;;;;
10/09/2019;17:42:00;432;com vítima;463;BR-262/MG;Leste;Colisão Lateral;1;;1;;;;;;;;1;1;;;
10/09/2019;17:42:00;433;sem vítima;594;BR-153/GO;Sul;Tombamento;;;1;;;;;;;;1;;;;
10/09/2019;18:44:00;460;com vítima;495,726;BR-153/GO;Norte;Atropelamento - Morador;;;;1;;;;;;;1;1;;;
11/09/2019;02:22:00;30;com vítima;129;BR-060/GO;Sul;Colisão Traseira;;;1;;;1;;;;;1;1;;;
11/09/2019;06:29:00;83;sem vítima;739;BR-262/MG;Leste;Tombamento;;;1;;;;;;;;1;;;;
11/09/2019;07:39:00;118;com vítima;92;BR-060/GO;Sul;Atropelamento - Morador;1;;;;;;;;;;1;1;;;
11/09/2019;08:22:00;150;sem vítima;672,12;BR-262/MG;Leste;Objeto lançado contra veículo;1;;1;;;1;;;;;3;;;;
11/09/2019;10:14:00;225;sem vítima;769;BR-262/MG;Leste;Colisão Traseira;;;2;;;;;;;;2;;;;
11/09/2019;11:08:00;266;sem vítima;513;BR-262/MG;Leste;Colisão Traseira;2;;;;;;;;;;2;;;;
11/09/2019;11:17:00;273;com vítima;4;BR-060/DF;Norte;Capotamento;1;;;;;;;;;;0;1;;;
11/09/2019;13:04:00;331;com vítima;117,23;BR-060/GO;Norte;Colisão Transversal;1;;;1;;;;;;;1;2;;;
11/09/2019;13:33:00;344;sem vítima;516;BR-153/GO;Norte;Colisão Lateral;2;;;;;;;;;;3;;;;
11/09/2019;14:00:00;361;sem vítima;722;BR-262/MG;Oeste;Colisão Traseira;;;2;;;;;;;;2;;;;
11/09/2019;14:27:00;380;sem vítima;788,15;BR-262/MG;Leste;Colisão Traseira;2;;;;;;;;;;4;;;;
11/09/2019;15:10:00;401;sem vítima;694,155;BR-153/GO;Sul;Capotamento;1;;;;;;;;;;1;;;;
11/09/2019;18:41:00;505;com vítima;478;BR-262/MG;Oeste;Colisão Lateral;1;;1;;;;;;;;2;1;2;;
11/09/2019;19:55:00;548;com vítima;244;BR-153/MG;Norte;Queda de Moto;;;;1;;;;;;;0;1;;;
12/09/2019;05:52:00;95;com vítima;512;BR-153/GO;Sul;Queda de Moto;;;;1;;;;;;;0;1;;;
12/09/2019;07:04:00;117;sem vítima;443,25;BR-262/MG;Oeste;Atropelamento de Animal;1;;;;;;;;;;2;;;;
12/09/2019;07:17:00;125;sem vítima;494,55;BR-153/GO;Sul;Engavetamento;2;;;;;;;;;1;5;;;;
12/09/2019;08:21:00;164;sem vítima;650;BR-262/MG;Oeste;Choque - Talude;1;;;;;;;;;;1;;;;
12/09/2019;10:04:00;243;sem vítima;517;BR-153/GO;Sul;Tombamento;;;1;;;;;;;;1;;;;
12/09/2019;12:51:00;327;com vítima;92;BR-060/GO;Norte;Queda de Moto;;;;1;;;;;;;0;1;;;
12/09/2019;16:25:00;419;sem vítima;499;BR-153/GO;Sul;Engavetamento;1;;1;;;;;;;1;3;;;;
12/09/2019;17:26:00;459;sem vítima;501;BR-153/GO;Sul;Engavetamento;3;;;;;;;;;;3;;;;
12/09/2019;18:46:00;498;sem vítima;802;BR-262/MG;Oeste;Colisão Lateral;2;;;;;;;;;;2;;;;
12/09/2019;20:13:00;551;com vítima;535;BR-153/GO;Norte;Capotamento;1;;;;;;;;;;0;;1;;
13/09/2019;05:39:00;90;sem vítima;529,675;BR-153/GO;Sul;Colisão Traseira;2;;;;;;;;;;2;;;;
13/09/2019;07:56:00;137;com vítima;495,2;BR-153/GO;Sul;Colisão Traseira;;;;1;;1;;;;;1;1;;;
13/09/2019;08:26:00;159;sem vítima;500;BR-153/GO;Sul;Colisão Traseira;2;;;;;;;;;;2;;;;
13/09/2019;10:59:00;248;sem vítima;469;BR-262/MG;Leste;Colisão Traseira;2;;;;;;;;;;4;;;;
13/09/2019;15:43:00;421;com vítima;660;BR-153/GO;Norte;Capotamento;1;;;;;;;;;;0;1;;;
13/09/2019;16:46:00;465;sem vítima;437;BR-262/MG;Oeste;Choque - Defensa, barreira ou "submarino";1;;;;;;;;;;1;;;;
13/09/2019;16:21:00;496;sem vítima;115;BR-060/GO;Sul;Colisão Lateral;;;1;;;;;;;1;2;;;;
13/09/2019;17:30:00;498;sem vítima;785,8;BR-262/MG;Oeste;Queda de Moto;;;;1;;;;;;;2;;;;
13/09/2019;18:04:00;521;sem vítima;439;BR-262/MG;Leste;Colisão Traseira;2;;;;;;;;;;2;;;;
13/09/2019;18:12:00;526;sem vítima;501;BR-153/GO;Sul;Colisão Transversal;1;;1;;;;;;;;2;;;;
13/09/2019;18:19:00;531;sem vítima;438;BR-262/MG;Leste;Colisão Traseira;2;;;;;;;;;;2;;;;
13/09/2019;18:39:00;539;sem vítima;439,2;BR-262/MG;Leste;Colisão Traseira;2;;;;;;;;;;2;;;;
13/09/2019;19:03:00;550;sem vítima;801;BR-262/MG;Leste;Colisão Traseira;2;;;;;;;;;;3;;;;
13/09/2019;19:18:00;560;sem vítima;2;BR-060/GO;Sul;Colisão Lateral;1;;1;;;;;;;;5;;;;
13/09/2019;21:45:00;628;sem vítima;356;BR-262/MG;Leste;Atropelamento de Animal;;;;;;;;;;1;1;;;;
13/09/2019;22:55:00;654;sem vítima;688;BR-262/MG;Leste;Tombamento;;;1;;;1;;;;;2;;;;
13/09/2019;23:36:00;664;com vítima;500;BR-153/GO;Norte;Choque - Defensa, barreira ou "submarino";;;;1;;;;;;;0;2;;;
14/09/2019;03:30:00;55;sem vítima;651;BR-262/MG;Oeste;Tombamento;;;1;;;;;;;;2;;;;
14/09/2019;07:08:00;97;sem vítima;506;BR-153/GO;Sul;Saida de Pista;1;;;;;;;;;;1;;;;
14/09/2019;08:09:00;118;com vítima;435,5;BR-262/MG;Leste;Queda de Moto;;;;1;;;;;;;0;1;;;
14/09/2019;10:36:00;185;sem vítima;500;BR-153/GO;Norte;Engavetamento;3;;;;;;;;;;3;;;;
14/09/2019;10:44:00;191;sem vítima;496;BR-153/GO;Norte;Colisão Traseira;;;;;;;;;;2;3;;;;
14/09/2019;13:46:00;284;sem vítima;664,471;BR-262/MG;Leste;Choque - Arvore;;;1;;;;;;;;1;;;;
14/09/2019;15:44:00;345;sem vítima;80;BR-060/GO;Sul;Saida de Pista;1;;;;;;;;;;2;;;;
14/09/2019;16:56:00;380;com vítima;136;BR-060/GO;Sul;Colisão Lateral;1;;;1;;;;;;;1;1;1;;
14/09/2019;17:19:00;391;sem vítima;21;BR-060/GO;Sul;Colisão Lateral;1;;1;;;;;;;;2;;;;
14/09/2019;17:20:00;392;com vítima;405;BR-262/MG;Oeste;Capotamento;1;;;;;;;;;;0;1;;;
14/09/2019;17:30:00;396;sem vítima;427;BR-262/MG;Leste;Capotamento;1;;;;;;;;;;1;;;;
14/09/2019;21:56:00;534;sem vítima;108;BR-060/GO;Norte;Choque - Defensa, barreira ou "submarino";2;;;;;;;;;;3;;;;
15/09/2019;02:30:00;26;sem vítima;505;BR-153/GO;Sul;Colisão Lateral;;;;1;;1;;;;;3;;;;
15/09/2019;02:59:00;30;sem vítima;30;BR-060/DF;Norte;Colisão Traseira;;;2;;;;;;;;2;;;;
15/09/2019;03:23:00;33;com vítima;11,6;BR-060/DF;Sul;Queda de Moto;;;;1;;;;;;;0;1;;;
15/09/2019;03:44:00;36;sem vítima;504;BR-262/MG;Oeste;Queda de Moto;;;;1;;;;;;;1;;;;
15/09/2019;06:06:00;66;sem vítima;508,3;BR-153/GO;Norte;Colisão Transversal;1;;1;;;;;;;;2;;;;
15/09/2019;07:19:00;87;com vítima;866,045;BR-262/MG;Oeste;Tombamento;;;1;;;;;;;;0;1;;;
15/09/2019;10:03:00;164;sem vítima;49;BR-153/MG;Norte;Capotamento;1;;;;;;;;;;1;;;;
15/09/2019;10:17:00;175;sem vítima;20,76;BR-153/MG;Norte;Choque - Elemento de Drenagem;1;;;;;;;;;;1;;;;
15/09/2019;14:53:00;342;com vítima;693;BR-153/GO;Norte;Colisão Traseira;1;;1;;;;;;;;2;1;;;
15/09/2019;15:07:00;349;sem vítima;495;BR-153/GO;Sul;Colisão Lateral;1;;1;;;;;;;;2;;;;
15/09/2019;17:08:00;424;com vítima;31;BR-060/DF;Norte;Colisão Traseira;1;;;;;1;;;;;1;3;;;
15/09/2019;17:29:00;432;sem vítima;498;BR-153/GO;Sul;Colisão Traseira;1;;1;;;;;;;;2;;;;
15/09/2019;18:18:00;463;sem vítima;0;BR-060/GO;Norte;Colisão Traseira;2;;;;;;;;;;2;;;;
15/09/2019;21:11:00;542;sem vítima;529,7;BR-153/GO;Sul;Saida de Pista;1;;;;;;;;;;3;;;;
15/09/2019;21:48:00;556;sem vítima;792;BR-262/MG;Oeste;Colisão Traseira;2;;;;;;;;;;3;;;;
15/09/2019;22:43:00;571;sem vítima;579;BR-262/MG;Oeste;Choque - Defensa, barreira ou "submarino";1;;;;;;;;;;5;;;;
15/09/2019;23:51:00;585;sem vítima;426,5;BR-262/MG;Leste;Choque - Objeto sobre a pista;1;;;;;;;;;;1;;;;
16/09/2019;07:07:00;88;sem vítima;434;BR-262/MG;Oeste;Saida de Pista;1;;;;;;;;;;1;;;;
16/09/2019;07:32:00;98;sem vítima;499;BR-153/GO;Sul;Engavetamento;4;;;;;;;;;;4;;;;
16/09/2019;07:54:00;113;sem vítima;210,15;BR-153/MG;Norte;Tombamento;;;1;;;;;;;;1;;;;
16/09/2019;08:02:00;117;sem vítima;125,5;BR-060/GO;Norte;Colisão Traseira;1;;1;;;;;;;;2;;;;
16/09/2019;08:43:00;152;sem vítima;502,9;BR-153/GO;Norte;Colisão Traseira;2;;;;;;;;;;2;;;;
16/09/2019;08:48:00;156;sem vítima;503;BR-153/GO;Norte;Colisão Traseira;2;;;;;;;;;;2;;;;
16/09/2019;16:18:00;404;sem vítima;622;BR-262/MG;Leste;Choque - Elemento de Drenagem;1;;;;;;;;;;1;;;;
16/09/2019;17:02:00;431;sem vítima;783;BR-262/MG;Oeste;Tombamento;;;1;;;;;;;;1;;;;
17/09/2019;00:02:00;2;sem vítima;514;BR-153/GO;Norte;Colisão Lateral;2;;;;;;;;;;7;;;;
17/09/2019;01:44:00;18;com vítima;420;BR-262/MG;Leste;Colisão Traseira;;;2;;;;;;;;1;;;1;
17/09/2019;02:51:00;36;com vítima;436,2;BR-262/MG;Oeste;Capotamento;;;1;;;;;;;;0;;;;1
17/09/2019;04:56:00;56;sem vítima;92;BR-060/GO;Norte;Saida de Pista;;;1;;;;;;;;1;;;;
17/09/2019;07:11:00;95;sem vítima;556;BR-262/MG;Oeste;Colisão Lateral;;;3;;;;;;;;3;;;;
17/09/2019;07:31:00;105;sem vítima;642;BR-153/GO;Norte;Colisão Traseira;1;;1;;;;;;;;4;;;;
17/09/2019;07:33:00;107;com vítima;514;BR-153/GO;Norte;Queda de Moto;;;;1;;;;;;;0;1;;;
17/09/2019;07:38:00;110;com vítima;503;BR-153/GO;Norte;Engavetamento;4;;;;;;;;;;3;1;;;
17/09/2019;07:52:00;118;com vítima;16;BR-060/GO;Norte;Capotamento;1;;;;;1;;;;;1;1;;;
17/09/2019;07:57:00;120;sem vítima;501;BR-153/GO;Sul;Colisão Traseira;2;;;;;;;;;;2;;;;
17/09/2019;13:45:00;335;sem vítima;500;BR-153/GO;Sul;Colisão Traseira;;;2;;;;;;;;4;;;;
17/09/2019;14:01:00;339;com vítima;398;BR-262/MG;Oeste;Colisão Transversal;1;;;1;;;;;;;1;;1;;
17/09/2019;15:55:00;404;sem vítima;500,5;BR-153/GO;Norte;Queda de Moto;;;;1;;;;;;;1;;;;
17/09/2019;16:46:00;429;sem vítima;507;BR-153/GO;Norte;Colisão Lateral;;;2;;;;;;;;2;;;;
17/09/2019;17:52:00;462;sem vítima;509;BR-153/GO;Norte;Engavetamento;2;;;;;2;;;;;4;;;;
17/09/2019;18:35:00;489;com vítima;449;BR-262/MG;Leste;Atropelamento - Ciclista;;1;;1;;;;;;;1;;1;;
17/09/2019;21:23:00;563;sem vítima;495;BR-153/GO;Norte;Choque- Placa/Suporte Sinalização;1;;;;;;;;;;1;;;;
17/09/2019;22:51:00;595;sem vítima;582,9;BR-153/GO;Norte;Capotamento;1;;;;;;;;;;1;;;;
17/09/2019;23:40:00;611;com vítima;500,8;BR-153/GO;Norte;Choque - Defensa, barreira ou "submarino";1;;;;;;;;;;0;1;;;
18/09/2019;05:06:00;72;sem vítima;404;BR-262/MG;Leste;Capotamento;;;1;;;;;;;;1;;;;
18/09/2019;06:56:00;103;sem vítima;479;BR-262/MG;Leste;Tombamento;1;;;;;1;;;;;2;;;;
18/09/2019;07:52:00;129;sem vítima;500;BR-153/GO;Sul;Colisão Lateral;1;;1;;;;;;;;2;;;;
18/09/2019;16:01:00;399;sem vítima;543;BR-153/GO;Norte;Saida de Pista;1;;;;;;;;;;1;;;;
18/09/2019;16:26:00;419;sem vítima;419;BR-262/MG;Leste;Queda de Moto;;;;1;;;;;;;2;;;;
18/09/2019;17:18:00;444;com vítima;404;BR-262/MG;Oeste;Colisão Traseira;;;1;1;;;;;;;1;;;;1
18/09/2019;19:28:00;516;sem vítima;508,757;BR-153/GO;Norte;Colisão Lateral;1;;1;;;;;;;;2;;;;
18/09/2019;19:39:00;519;com vítima;33,85;BR-060/GO;Sul;Atropelamento - Andarilho;;;;;;;;;;1;1;;;1;
19/09/2019;03:53:00;66;com vítima;671,8;BR-262/MG;Oeste;Tombamento;;;1;;;;;;;;0;1;;;
19/09/2019;07:01:00;123;com vítima;492;BR-153/GO;Norte;Colisão Transversal;;1;;1;;;;;;;1;;1;;
19/09/2019;07:22:00;138;sem vítima;43;BR-060/GO;Norte;Colisão Traseira;;;;1;;1;;;;;2;;;;
19/09/2019;09:31:00;234;sem vítima;671;BR-262/MG;Oeste;Colisão Traseira;2;;;;;1;;;;;3;;;;
19/09/2019;18:29:00;579;sem vítima;507,5;BR-153/GO;Sul;Queda de Moto;;;;1;;;;;;;1;;;;
19/09/2019;18:53:00;592;sem vítima;506;BR-153/GO;Norte;Capotamento;1;;;;;;;;;;1;;;;
19/09/2019;18:57:00;593;com vítima;507;BR-153/GO;Sul;Engavetamento;2;;1;1;;;;;;;5;2;;;
19/09/2019;23:14:00;703;sem vítima;4;BR-060/DF;Sul;Colisão Lateral;2;;;;;;;;;;3;;;;
20/09/2019;00:11:00;2;sem vítima;13;BR-060/DF;Sul;Capotamento;1;;;;;;;;;;1;;;;
20/09/2019;09:48:00;206;sem vítima;495;BR-153/GO;Sul;Saida de Pista;1;;;;;;;;;;1;;;;
20/09/2019;10:02:00;214;sem vítima;148;BR-153/MG;Norte;Colisão Lateral;1;;1;;;;;;;;2;;;;
20/09/2019;11:30:00;267;sem vítima;567,5;BR-262/MG;Leste;Colisão Frontal;2;;;;;;;;;;4;;;;
20/09/2019;12:12:00;296;com vítima;575;BR-153/GO;Norte;Capotamento;1;;;;;;;;;;0;1;;;
20/09/2019;14:06:00;362;sem vítima;136;BR-060/GO;Norte;Objeto lançado contra veículo;1;;;;;;;;;;1;;;;
20/09/2019;14:19:00;371;com vítima;101,15;BR-060/GO;Norte;Queda de Moto;;;;1;;1;;;;;1;1;;;
20/09/2019;16:30:00;472;com vítima;90;BR-060/GO;Sul;Colisão Traseira;1;;;1;;;;;;;1;1;;;
20/09/2019;17:08:00;496;sem vítima;501;BR-153/GO;Sul;Engavetamento;3;;;;;;;;;;3;;;;
20/09/2019;17:23:00;507;sem vítima;500;BR-153/GO;Sul;Colisão Traseira;;;1;;;;;;;1;2;;;;
20/09/2019;17:57:00;529;com vítima;507,5;BR-153/GO;Sul;Colisão Traseira;;;;2;;;;;;;1;1;;;
20/09/2019;19:04:00;555;sem vítima;668;BR-153/GO;Norte;Colisão Traseira;1;;1;;;;;;;;4;;;;
20/09/2019;19:45:00;575;com vítima;118;BR-060/GO;Sul;Colisão Transversal;1;;1;;;;;;;;1;1;;;
20/09/2019;19:45:00;578;sem vítima;185;BR-153/MG;Sul;Saida de Pista;;;1;;;;;;;;1;;;;
20/09/2019;21:06:00;620;sem vítima;129;BR-060/GO;Sul;Choque - Elemento de Drenagem;2;;;;;;;;;;2;;;;
21/09/2019;00:07:00;6;sem vítima;3;BR-153/MG;Norte;Choque - Defensa, barreira ou "submarino";1;;;;;;;;;;1;;;;
21/09/2019;04:18:00;76;com vítima;454;BR-262/MG;Leste;Capotamento;1;;;;;;;;;;2;2;;;
21/09/2019;07:42:00;144;sem vítima;93;BR-060/GO;Norte;Choque - Defensa, barreira ou "submarino";1;;;;;;;;;;1;;;;
21/09/2019;09:04:00;203;com vítima;415;BR-262/MG;Oeste;Queda de Moto;;;;1;;;;;;;0;1;;;
21/09/2019;14:23:00;364;sem vítima;15,5;BR-060/GO;Sul;Saida de Pista;;;1;;;;;;;;1;;;;
21/09/2019;22:43:00;640;com vítima;136,5;BR-153/MG;Norte;Colisão Traseira;;;1;;;;;;;1;0;2;;;
22/09/2019;03:14:00;60;com vítima;47;BR-060/GO;Norte;Capotamento;1;;;;;;;;;;0;;1;;
22/09/2019;05:01:00;81;com vítima;96;BR-060/GO;Norte;Choque - Talude;1;;;;;;;;;;0;1;;;
22/09/2019;09:17:00;194;com vítima;172,5;BR-153/MG;Sul;Queda de Moto;;;;1;;;;;;;0;1;;;
22/09/2019;13:05:00;297;sem vítima;91;BR-060/GO;Norte;Choque - Elemento de Drenagem;1;;;;;;;;;;1;;;;
22/09/2019;13:11:00;300;com vítima;21;BR-060/GO;Norte;Colisão Traseira;2;;;;;;;;;;1;1;;;
22/09/2019;14:29:00;337;com vítima;543;BR-153/GO;Norte;Choque - Talude;;;;1;;;;;;;0;1;;;
22/09/2019;15:07:00;357;sem vítima;578;BR-153/GO;Norte;Saida de Pista;1;;;;;;;;;;1;;;;
22/09/2019;15:07:00;358;sem vítima;619,5;BR-153/GO;Sul;Choque - Elemento de Drenagem;1;;;;;;;;;;2;;;;
22/09/2019;15:35:00;374;sem vítima;584;BR-153/GO;Norte;Choque - Outros;;;2;;;;;;;;2;;;;
22/09/2019;16:51:00;416;sem vítima;479;BR-262/MG;Leste;Colisão Lateral;2;;;;;;;;;;3;;;;
22/09/2019;17:30:00;439;com vítima;359;BR-262/MG;Leste;Queda de Moto;;;;1;;;;;;;0;1;;;
22/09/2019;18:58:00;491;sem vítima;436;BR-262/MG;Leste;Atropelamento de Animal;1;;;;;;;;;;1;;;;
22/09/2019;19:24:00;508;sem vítima;0,5;BR-153/MG;Norte;Colisão Lateral;2;;;;;1;;;;;8;;;;
22/09/2019;20:08:00;529;sem vítima;516,105;BR-153/GO;Norte;Engavetamento;4;;;;;;;;;;8;;;;
22/09/2019;21:09:00;558;sem vítima;78;BR-153/MG;Sul;Choque - Talude;1;;;;;;;;;;1;;;;
22/09/2019;21:36:00;568;sem vítima;587;BR-262/MG;Oeste;Saida de Pista;;;1;;;;;;;;1;;;;
22/09/2019;21:40:00;570;sem vítima;519;BR-262/MG;Leste;Tombamento;;;1;;;;;;;;1;;;;
23/09/2019;05:09:00;57;sem vítima;59;BR-153/MG;Norte;Choque - Elemento de Drenagem;1;;;;;;;;;;5;;;;
23/09/2019;07:04:00;77;com vítima;13;BR-153/MG;Sul;Tombamento;;;1;;;;;;;;0;1;;;
23/09/2019;07:22:00;83;sem vítima;445,8;BR-262/MG;Leste;Colisão Traseira;2;;;;;;;;;;2;;;;
23/09/2019;07:29:00;84;sem vítima;534,2;BR-262/MG;Oeste;Capotamento;1;;;;;;;;;;1;;;;
23/09/2019;07:58:00;93;sem vítima;506,2;BR-153/GO;Norte;Choque- Placa/Suporte Sinalização;1;;;;;;;;;;1;;;;
23/09/2019;08:42:00;121;com vítima;778;BR-262/MG;Oeste;Colisão Traseira;2;;;;;;;;;;2;1;;;
23/09/2019;09:04:00;129;sem vítima;783,2;BR-262/MG;Leste;Colisão Traseira;2;;;;;;;;;;5;;;;
23/09/2019;09:15:00;138;sem vítima;498;BR-153/GO;Sul;Engavetamento;2;;;;;;;;;2;4;;;;
23/09/2019;09:18:00;141;sem vítima;500;BR-153/GO;Sul;Colisão Traseira;1;;1;;;;;;;;3;;;;
23/09/2019;14:27:00;318;sem vítima;558;BR-153/GO;Norte;Capotamento;;;1;;;;;;;;1;;;;
23/09/2019;17:56:00;440;com vítima;99;BR-060/GO;Sul;Colisão Transversal;;1;;1;;;;;;;0;2;;;
23/09/2019;18:48:00;456;sem vítima;107,65;BR-060/GO;Norte;Colisão Traseira;1;;1;;;;;;;;2;;;;
24/09/2019;01:24:00;20;com vítima;621;BR-153/GO;Norte;Capotamento;;;1;;;;;;;;0;;;;2
24/09/2019;06:07:00;64;com vítima;505;BR-153/GO;Norte;Queda de Moto;;;;1;;;;;;;0;;1;;
24/09/2019;06:33:00;72;com vítima;435,15;BR-262/MG;Leste;Colisão Traseira;;;;1;;1;;;;;1;1;;;
24/09/2019;06:44:00;76;sem vítima;542;BR-153/GO;Sul;Saida de Pista;;;;;;;;;;1;2;;;;