data;horario;n_da_ocorrencia;tipo_de_ocorrencia;km;trecho;sentido;tipo_de_acidente;automovel;bicicleta;caminhao;moto;onibus;outros;tracao_animal;transporte_de_cargas_especiais;trator_maquinas;utilitarios;ilesos;levemente_feridos;moderadamente_feridos;gravemente_feridos;mortos
24/09/2019;10:01:00;203;sem vítima;465;BR-262/MG;Oeste;Colisão Traseira;2;;;;;;;;;;2;;;;
24/09/2019;14:26:00;334;sem vítima;743;BR-262/MG;Oeste;Saida de Pista;;;1;;;;;;;;1;;;;
24/09/2019;14:40:00;344;sem vítima;11;BR-060/GO;Sul;Colisão Traseira;1;;1;;;;;;;;2;;;;
24/09/2019;15:38:00;364;com vítima;635;BR-153/GO;Sul;Colisão Traseira;;;;;1;1;;;;;28;;2;;
24/09/2019;17:06:00;419;sem vítima;743;BR-262/MG;Oeste;Colisão Traseira;;;2;;;;;;;;2;;;;
24/09/2019;18:14:00;442;sem vítima;447;BR-262/MG;Leste;Colisão Traseira;1;;;1;;;;;;;3;;;;
24/09/2019;20:16:00;484;sem vítima;492;BR-153/GO;Norte;Colisão Traseira;1;;1;;;;;;;;2;;;;
24/09/2019;20:48:00;496;com vítima;501;BR-153/GO;Sul;Colisão Lateral;2;;;1;;;;;;;2;1;;;
25/09/2019;01:59:00;24;sem vítima;679;BR-262/MG;Leste;Choque - Defensa, barreira ou "submarino";1;;;;;;;;;;3;;;;
25/09/2019;05:37:00;59;sem vítima;746;BR-262/MG;Leste;Choque - Talude;1;;;;;;;;;;1;;;;
25/09/2019;07:22:00;97;sem vítima;507;BR-153/GO;Norte;Engavetamento;2;;;1;;;;;;;3;;;;
25/09/2019;07:36:00;108;com vítima;499,05;BR-153/GO;Sul;Colisão Traseira;1;;;1;;;;;;;1;1;;;
25/09/2019;08:33:00;135;com vítima;612;BR-262/MG;Oeste;Capotamento;1;;;;;;;;;;0;;1;;
25/09/2019;08:34:00;136;sem vítima;504;BR-153/GO;Norte;Engavetamento;3;;;;;;;;;;5;;;;
25/09/2019;08:44:00;142;sem vítima;496;BR-153/GO;Norte;Colisão Traseira;;;1;;1;;;;;;2;;;;
25/09/2019;08:51:00;148;sem vítima;591;BR-262/MG;Leste;Choque - Talude;;;;;;;;;;1;1;;;;
25/09/2019;08:57:00;152;sem vítima;594;BR-262/MG;Oeste;Colisão Lateral;1;;1;;;;;;;;2;;;;
25/09/2019;09:53:00;178;sem vítima;659,9;BR-262/MG;Oeste;Choque - Elemento de Drenagem;1;;;;;;;;;;1;;;;
25/09/2019;12:31:00;263;sem vítima;610;BR-262/MG;Leste;Saida de Pista;;;1;;;;;;;;1;;;;
25/09/2019;13:02:00;275;sem vítima;482;BR-262/MG;Oeste;Capotamento;1;;;;;;;;;;1;;;;
25/09/2019;13:41:00;292;sem vítima;518;BR-153/GO;Norte;Choque - Elemento de Drenagem;;;1;;;;;;;;1;;;;
25/09/2019;14:03:00;300;sem vítima;544;BR-262/MG;Oeste;Capotamento;1;;;;;;;;;;1;;;;
25/09/2019;16:16:00;353;com vítima;607;BR-262/MG;Oeste;Capotamento;1;;;;;;;;;;0;;1;;
25/09/2019;16:21:00;357;com vítima;381;BR-262/MG;Leste;Choque - Elemento de Drenagem;1;;;;;;;;;;2;1;;;
25/09/2019;17:19:00;379;sem vítima;58;BR-153/MG;Norte;Carreta deu L;;;1;;;;;;;;1;;;;
25/09/2019;17:26:00;382;sem vítima;232;BR-153/MG;Sul;Saida de Pista;;;1;;;;;;;;1;;;;
25/09/2019;18:09:00;397;sem vítima;575,5;BR-262/MG;Oeste;Capotamento;;;;;;;;;;1;1;;;;
25/09/2019;18:34:00;407;sem vítima;127;BR-060/GO;Sul;Carreta deu L;;;1;;;;;;;;1;;;;
25/09/2019;19:07:00;419;sem vítima;467;BR-262/MG;Leste;Choque - Outros;1;;;;;;;;;;2;;;;
25/09/2019;19:42:00;436;sem vítima;491;BR-153/GO;Sul;Queda de Moto;;;;1;;;;;;;1;;;;
25/09/2019;19:58:00;444;com vítima;465;BR-262/MG;Leste;Saida de Pista;;;1;;;;;;;;0;1;;;
25/09/2019;22:23:00;499;sem vítima;31;BR-060/GO;Sul;Colisão Lateral;2;;;;;;;;;;2;;;;
25/09/2019;23:35:00;521;sem vítima;608;BR-262/MG;Oeste;Tombamento;;;1;;;;;;;;1;;;;
26/09/2019;05:02:00;58;sem vítima;579;BR-262/MG;Oeste;Saida de Pista;;;1;;;;;;;;2;;;;
26/09/2019;06:23:00;73;sem vítima;659,7;BR-153/GO;Sul;Colisão Traseira;;;1;;;;;;;1;5;;;;
26/09/2019;06:34:00;76;com vítima;534;BR-262/MG;Oeste;Tombamento;;;1;;;;;;;;1;;1;;
26/09/2019;06:35:00;77;sem vítima;365;BR-262/MG;Oeste;Colisão Traseira;;;2;;;;;;;;2;;;;
26/09/2019;08:41:00;128;com vítima;7;BR-060/DF;Sul;Colisão Traseira;2;;;;;;;;;;1;1;;;
26/09/2019;10:29:00;180;com vítima;364;BR-262/MG;Oeste;Engavetamento;3;;1;;;;;;;;3;1;;;
26/09/2019;11:21:00;197;sem vítima;504;BR-153/GO;Sul;Colisão Traseira;2;;;;;;;;;;2;;;;
26/09/2019;11:29:00;199;sem vítima;362,6;BR-262/MG;Leste;Engavetamento;2;;;;;;;;;1;3;;;;
26/09/2019;12:37:00;233;sem vítima;380;BR-262/MG;Oeste;Saida de Pista;;;;;;;;;;1;1;;;;
26/09/2019;12:57:00;237;sem vítima;380;BR-262/MG;Oeste;Choque - Outros;1;;;;;;;;;;1;;;;
26/09/2019;13:01:00;238;sem vítima;382;BR-262/MG;Oeste;Capotamento;1;;;;;;;;;;1;;;;
26/09/2019;13:05:00;239;sem vítima;382;BR-262/MG;Oeste;Colisão Traseira;;;1;;;;;;;1;2;;;;
26/09/2019;13:12:00;241;com vítima;608;BR-262/MG;Oeste;Capotamento;1;;;;;;;;;;0;1;;;
26/09/2019;13:13:00;243;sem vítima;32;BR-060/GO;Norte;Colisão Lateral;2;;;;;;;;;;2;;;;
26/09/2019;13:48:00;251;com vítima;504;BR-153/GO;Sul;Colisão Lateral;;;1;1;;;;;;;1;;1;;
26/09/2019;13:50:00;252;sem vítima;189;BR-153/MG;Norte;Colisão Traseira;;;1;1;;;;;;;3;;;;
26/09/2019;13:53:00;253;sem vítima;597;BR-262/MG;Leste;Colisão Lateral;1;;1;;;;;;;;2;;;;
26/09/2019;14:05:00;262;sem vítima;844;BR-262/MG;Oeste;Saida de Pista;1;;;;;;;;;;2;;;;
26/09/2019;15:08:00;289;sem vítima;594;BR-262/MG;Oeste;Saida de Pista;;;1;;;;;;;;1;;;;
26/09/2019;16:05:00;314;com vítima;378;BR-262/MG;Oeste;Choque - Elemento de Drenagem;1;;;;;;;;;;0;;2;;
26/09/2019;17:20:00;347;sem vítima;538;BR-262/MG;Leste;Colisão Traseira;2;;;;;;;;;;2;;;;
26/09/2019;17:40:00;354;sem vítima;380;BR-262/MG;Leste;Tombamento;1;;;;;;;;;;1;;;;
26/09/2019;18:32:00;377;sem vítima;500;BR-153/GO;Sul;Colisão Traseira;2;;;;;;;;;;2;;;;
26/09/2019;19:16:00;392;sem vítima;601;BR-262/MG;Oeste;Saida de Pista;1;;;;;;;;;;2;;;;
26/09/2019;19:58:00;407;com vítima;549;BR-262/MG;Oeste;Colisão Frontal;1;;1;;;;;;;;1;;1;;
26/09/2019;20:28:00;419;com vítima;31;BR-153/MG;Norte;Tombamento;;;2;;;;;;;;1;1;;;
26/09/2019;20:41:00;429;sem vítima;381,555;BR-262/MG;Leste;Capotamento;1;;;;;;;;;;1;;;;
26/09/2019;22:17:00;466;sem vítima;688;BR-153/GO;Norte;Choque - Outros;;;1;;;;;;;;1;;;;
27/09/2019;03:35:00;39;sem vítima;98;BR-153/MG;Sul;Saida de Pista;;;1;;;;;;;;1;;;;
27/09/2019;07:18:00;86;sem vítima;373,5;BR-262/MG;Leste;Objeto lançado contra veículo;2;;;;;;;;;;2;;;;
27/09/2019;07:35:00;93;sem vítima;551,1;BR-262/MG;Leste;Tombamento;;;1;;;;;;;;1;;;;
27/09/2019;11:52:00;269;com vítima;90,15;BR-060/GO;Norte;Atropelamento - Ciclista;;;;1;;;;;;;1;1;;;
27/09/2019;12:17:00;281;sem vítima;500,5;BR-153/GO;Sul;Engavetamento;3;;;;;1;;;;;4;;;;
27/09/2019;13:12:00;310;sem vítima;102,2;BR-153/MG;Sul;Capotamento;;;;;;;;;;1;1;;;;
27/09/2019;13:22:00;313;sem vítima;9,7;BR-060/DF;Norte;Capotamento;1;;;;;;;;;;2;;;;
27/09/2019;15:54:00;394;sem vítima;364;BR-262/MG;Oeste;Engavetamento;3;;;;;;;;;;3;;;;
27/09/2019;16:02:00;398;sem vítima;500;BR-153/GO;Sul;Colisão Traseira;;;2;;;;;;;;2;;;;
27/09/2019;16:31:00;421;sem vítima;581,8;BR-262/MG;Leste;Choque - Talude;1;;;;;;;;;;1;;;;
27/09/2019;17:06:00;433;sem vítima;508;BR-153/GO;Norte;Colisão Traseira;1;;1;;;;;;;;2;;;;
27/09/2019;17:14:00;441;com vítima;88,3;BR-060/GO;Sul;Colisão Traseira;;;;1;;1;;;;;1;1;;;
27/09/2019;17:38:00;447;sem vítima;107,8;BR-060/GO;Sul;Colisão Traseira;1;;1;;;;;;;;2;;;;
27/09/2019;18:42:00;476;sem vítima;120;BR-060/GO;Norte;Colisão Traseira;;;;;;1;;;;1;2;;;;
27/09/2019;19:42:00;510;com vítima;92;BR-060/GO;Norte;Atropelamento - Ciclista;;1;;;;1;;;;;1;;;1;
27/09/2019;20:18:00;526;sem vítima;634;BR-262/MG;Leste;Saida de Pista;;;1;;;;;;;;1;;;;
27/09/2019;22:42:00;588;com vítima;516;BR-153/GO;Sul;Atropelamento - Ciclista;1;1;;;;;;;;;3;;1;;
27/09/2019;23:52:00;615;sem vítima;143,5;BR-153/MG;Norte;Colisão Lateral;1;;1;;;;;;;;2;;;;
28/09/2019;00:33:00;12;sem vítima;27,5;BR-060/GO;Norte;Saida de Pista;1;;;;;;;;;;1;;;;
28/09/2019;01:07:00;22;sem vítima;13,5;BR-153/MG;Sul;Capotamento;1;;;;;;;;;;1;;;;
28/09/2019;01:53:00;35;com vítima;246,5;BR-153/MG;Norte;Colisão Frontal;1;;1;;;;;;;;3;;;;1
28/09/2019;06:40:00;93;sem vítima;653,25;BR-262/MG;Leste;Choque - Elemento de Drenagem;;;1;;;;;;;;2;;;;
28/09/2019;07:09:00;98;sem vítima;15,5;BR-153/MG;Sul;Capotamento;1;;;;;;;;;;3;;;;
28/09/2019;08:47:00;163;com vítima;682,3;BR-153/GO;Sul;Choque- Placa/Suporte Sinalização;;;;1;;;;;;;0;1;;;
28/09/2019;10:44:00;243;sem vítima;492,33;BR-153/GO;Norte;Colisão Lateral;1;;1;;;;;;;;5;;;;
28/09/2019;11:32:00;268;sem vítima;137,2;BR-060/GO;Sul;Colisão Traseira;1;;1;;;;;;;;2;;;;
28/09/2019;11:55:00;277;com vítima;378;BR-262/MG;Oeste;Queda de Moto;;;;1;;;;;;;0;;1;;
28/09/2019;14:54:00;350;sem vítima;690;BR-262/MG;Leste;Colisão Traseira;;;2;;;;;;;;2;;;;
28/09/2019;15:40:00;368;sem vítima;732,95;BR-262/MG;Oeste;Capotamento;1;;;;;;;;;1;3;;;;
28/09/2019;19:32:00;474;com vítima;25,5;BR-060/DF;Norte;Capotamento;3;;;1;;;;;;;3;2;;;
28/09/2019;19:33:00;475;com vítima;135;BR-060/GO;Sul;Capotamento;1;;;;;;;;;;0;;1;;
28/09/2019;21:06:00;501;sem vítima;23;BR-060/GO;Norte;Queda de Moto;;;;1;;;;;;;1;;;;
28/09/2019;22:05:00;521;com vítima;694;BR-153/GO;Sul;Queda de Moto;;;;1;;;;;;;1;1;;;
28/09/2019;23:09:00;546;com vítima;481;BR-262/MG;Leste;Capotamento;1;;;;;;;;;;1;3;;;
28/09/2019;23:23:00;549;sem vítima;136;BR-060/GO;Sul;Engavetamento;2;;;;;;;;;;6;;;;
29/09/2019;02:55:00;47;com vítima;412;BR-262/MG;Oeste;Capotamento;1;;;;;;;;;;0;1;;;
29/09/2019;07:36:00;120;sem vítima;48;BR-060/GO;Sul;Capotamento;1;;;;;;;;;;2;;;;
29/09/2019;12:40:00;364;sem vítima;28;BR-060/DF;Sul;Colisão Traseira;2;;;;;;;;;;4;;;;
29/09/2019;14:12:00;399;sem vítima;667,2;BR-153/GO;Norte;Colisão Lateral;;;1;;;;;;;1;2;;;;
29/09/2019;15:27:00;433;sem vítima;4;BR-060/DF;Norte;Colisão Lateral;2;;;;;;;;;;4;;;;
29/09/2019;19:45:00;587;com vítima;40,206;BR-060/GO;Norte;Engavetamento;4;;;;;;;;;;11;2;1;;
29/09/2019;22:20:00;667;com vítima;138;BR-060/GO;Norte;Choque - Defensa, barreira ou "submarino";1;;;;;;;;;;0;1;;;
29/09/2019;22:58:00;677;sem vítima;4,7;BR-060/DF;Norte;Choque- Poste/Equipamento;2;;;;1;;;;;;3;;;;
30/09/2019;00:37:00;13;sem vítima;784;BR-262/MG;Oeste;Colisão Traseira;1;;;;;;;;;1;3;;;;
30/09/2019;06:18:00;62;sem vítima;402;BR-262/MG;Leste;Choque - Defensa, barreira ou "submarino";;;1;;;;;;;;1;;;;
30/09/2019;08:01:00;116;sem vítima;106;BR-153/MG;Norte;Colisão Lateral;1;;1;;;;;;;;2;;;;
30/09/2019;08:05:00;121;com vítima;779;BR-262/MG;Leste;Tombamento;;;1;;;;;;;;0;1;;;1
30/09/2019;08:06:00;123;sem vítima;618;BR-153/GO;Sul;Choque - Elemento de Drenagem;;;;;;;;;;1;1;;;;
30/09/2019;08:21:00;133;sem vítima;499;BR-153/GO;Sul;Colisão Traseira;2;;;;;;;;;;2;;;;
30/09/2019;08:44:00;145;sem vítima;482;BR-262/MG;Oeste;Colisão Traseira;2;;;;;1;;;;;4;;;;
30/09/2019;13:20:00;283;sem vítima;13;BR-153/MG;Sul;Saida de Pista;1;;;;;;;;;;1;;;;
30/09/2019;20:09:00;476;com vítima;608;BR-262/MG;Leste;Carreta deu L;;;1;;;;;;;;0;1;;;
01/12/2019;06:21:00;56;com vítima;568;BR-153/GO;Norte;Choque - Arvore;1;;;;;;;;;;0;;;1;
01/12/2019;07:21:00;71;sem vítima;528;BR-262/MG;Leste;Choque - Outros;1;;1;;;;;;;;2;;;;
01/12/2019;12:30:00;192;sem vítima;42;BR-060/GO;Sul;Saida de Pista;;;;;;;;;;1;1;;;;
01/12/2019;14:50:00;265;sem vítima;418;BR-262/MG;Oeste;Saida de Pista;1;;;;;;;;;;1;;;;
01/12/2019;15:21:00;278;sem vítima;407;BR-262/MG;Leste;Choque - Elemento de Drenagem;;;1;;;;;;;;1;;;;
01/12/2019;15:51:00;292;sem vítima;501;BR-153/GO;Norte;Colisão Traseira;2;;;;;;;;;;6;;;;
01/12/2019;16:02:00;296;sem vítima;501,2;BR-153/GO;Norte;Colisão Traseira;;;;;;;;;;2;2;;;;
01/12/2019;18:06:00;337;sem vítima;172;BR-153/MG;Norte;Saida de Pista;;;;;;;;;;1;1;;;;
01/12/2019;19:46:00;399;sem vítima;564;BR-153/GO;Sul;Saida de Pista;1;;;;;;;;;;5;;;;
01/12/2019;22:25:00;461;sem vítima;364;BR-262/MG;Leste;Choque - Elemento de Drenagem;1;;;;;;;;;;1;;;;
02/12/2019;00:51:00;15;sem vítima;367;BR-262/MG;Oeste;Choque - Elemento de Drenagem;1;;;;;;;;;;3;;;;
02/12/2019;04:35:00;49;sem vítima;559;BR-262/MG;Oeste;Choque - Elemento de Drenagem;;;;;;1;;;;1;2;;;;
02/12/2019;04:52:00;54;sem vítima;590;BR-153/GO;Sul;Saida de Pista;;;1;;;;;;;;1;;;;
02/12/2019;06:03:00;67;sem vítima;516;BR-153/GO;Norte;Colisão Traseira;;;2;;;;;;;;2;;;;
02/12/2019;06:56:00;89;sem vítima;668;BR-262/MG;Leste;Colisão Traseira;1;;;;;1;;;;;2;;;;
02/12/2019;08:23:00;135;sem vítima;501;BR-153/GO;Sul;Engavetamento;3;;;;;1;;;;;4;;;;
02/12/2019;10:14:00;215;sem vítima;509;BR-153/GO;Sul;Engavetamento;2;;2;;;1;;;;;7;;;;
02/12/2019;10:21:00;220;sem vítima;557;BR-153/GO;Sul;Colisão Traseira;;;;;;;;;;1;2;;;;
02/12/2019;11:45:00;296;com vítima;509;BR-153/GO;Sul;Colisão Traseira;;;1;;;;;;;1;1;1;;;
02/12/2019;13:36:00;357;sem vítima;381;BR-262/MG;Leste;Capotamento;1;;;;;;;;;;2;;;;
02/12/2019;13:43:00;361;sem vítima;372;BR-262/MG;Leste;Colisão Transversal;;;1;;;;;;;1;2;;;;
02/12/2019;14:42:00;381;sem vítima;863;BR-262/MG;Oeste;Saida de Pista;1;;;;;;;;;;1;;;;
02/12/2019;15:42:00;427;sem vítima;133,936;BR-060/GO;Sul;Queda de Moto;;;;1;;;;;;;1;;;;
02/12/2019;16:34:00;458;sem vítima;636;BR-262/MG;Oeste;Saida de Pista;;;1;;;;;;;;1;;;;
02/12/2019;17:24:00;487;com vítima;514;BR-153/GO;Norte;Colisão Traseira;;;;1;1;;;;;;1;1;;;
02/12/2019;18:33:00;525;sem vítima;408;BR-262/MG;Oeste;Saida de Pista;;;1;;;;;;;;1;;;;
02/12/2019;22:51:00;634;sem vítima;512;BR-262/MG;Leste;Choque - Objeto sobre a pista;1;;;;;;;;;;1;;;;
02/12/2019;22:53:00;635;sem vítima;363;BR-262/MG;Oeste;Saida de Pista;;;1;;;;;;;;1;;;;
03/12/2019;00:43:00;12;sem vítima;21;BR-153/MG;Norte;Tombamento;;;1;;;;;;;;1;;;;
03/12/2019;05:16:00;51;sem vítima;375;BR-262/MG;Oeste;Atropelamento de Animal;1;;;;;;;;;;1;;;;
03/12/2019;05:53:00;60;sem vítima;878;BR-262/MG;Oeste;Saida de Pista;;;;;1;;;;;;1;;;;
03/12/2019;06:54:00;74;sem vítima;577;BR-262/MG;Leste;Colisão Traseira;;;2;;;1;;;;;3;;;;
03/12/2019;07:38:00;93;sem vítima;97;BR-060/GO;Norte;Colisão Lateral;1;;1;;;;;;;;2;;;;
03/12/2019;08:10:00;117;sem vítima;558;BR-153/GO;Norte;Tombamento;;;;;;;;;;1;1;;;;
03/12/2019;10:20:00;259;com vítima;101;BR-060/GO;Sul;Colisão Lateral;2;;;;;;;;;;0;2;;;
03/12/2019;11:13:00;303;sem vítima;99;BR-060/GO;Sul;Engavetamento;3;;;;;;;;;;3;;;;
03/12/2019;11:42:00;321;sem vítima;611;BR-262/MG;Oeste;Choque - Elemento de Drenagem;1;;;;;;;;;;1;;;;
03/12/2019;11:54:00;329;sem vítima;615;BR-262/MG;Leste;Capotamento;;;;;;;;;;1;2;;;;
03/12/2019;12:18:00;366;sem vítima;479;BR-262/MG;Leste;Colisão Traseira;;;2;;;;;;;;2;;;;
03/12/2019;12:29:00;380;sem vítima;491;BR-153/GO;Norte;Saida de Pista;1;;;;;;;;;;1;;;;
03/12/2019;13:21:00;417;sem vítima;829,1;BR-262/MG;Oeste;Saida de Pista;1;;;;;;;;;;1;;;;
03/12/2019;13:52:00;429;com vítima;505;BR-153/GO;Norte;Colisão Lateral;;;;1;;;;;;1;2;1;;;
03/12/2019;14:39:00;445;sem vítima;545,9;BR-262/MG;Oeste;Choque - Talude;1;;;;;;;;;;1;;;;
03/12/2019;15:19:00;464;sem vítima;469;BR-262/MG;Oeste;Choque - Elemento de Drenagem;;;1;;;;;;;;1;;;;
03/12/2019;16:11:00;495;sem vítima;525;BR-153/GO;Norte;Tombamento;1;;;;;1;;;;;2;;;;
03/12/2019;16:45:00;515;sem vítima;493;BR-262/MG;Oeste;Colisão Lateral;;;2;;;;;;;;2;;;;
03/12/2019;21:09:00;652;sem vítima;210;BR-153/MG;Sul;Saida de Pista;1;;;;;;;;;;2;;;;
04/12/2019;00:25:00;7;sem vítima;26;BR-060/GO;Sul;Saida de Pista;1;;;;;;;;;;1;;;;
04/12/2019;01:51:00;23;sem vítima;586;BR-262/MG;Leste;Saida de Pista;1;;;;;;;;;;2;;;;
04/12/2019;03:10:00;39;sem vítima;704;BR-262/MG;Oeste;Saida de Pista;1;;;;;;;;;;2;;;;
04/12/2019;06:51:00;86;sem vítima;20;BR-153/MG;Norte;Atropelamento de Animal;;;1;;;;;;;;1;;;;
04/12/2019;09:35:00;202;sem vítima;53;BR-060/GO;Sul;Choque - Talude;1;;;;;;;;;;2;;;;
04/12/2019;10:08:00;224;com vítima;815,8;BR-262/MG;Oeste;Colisão Traseira;;1;;;;1;;;;;1;1;;;
04/12/2019;10:26:00;235;sem vítima;227;BR-153/MG;Sul;Saida de Pista;;;;;;;;;;1;1;;;;
04/12/2019;11:04:00;247;com vítima;367;BR-262/MG;Leste;Capotamento;1;;;;;;;;;;0;;1;;
04/12/2019;11:34:00;261;sem vítima;387;BR-262/MG;Leste;Colisão Traseira;1;;1;;;;;;;;2;;;;
04/12/2019;13:57:00;323;sem vítima;543;BR-153/GO;Sul;Saida de Pista;1;;;;;;;;;;2;;;;
04/12/2019;14:11:00;326;sem vítima;79;BR-153/MG;Sul;Saida de Pista;1;;;;;;;;;;1;;;;
04/12/2019;14:56:00;350;sem vítima;195;BR-153/MG;Norte;Choque - Barreira;;;1;;;;;;;;1;;;;
04/12/2019;15:09:00;355;sem vítima;635;BR-262/MG;Oeste;Choque - Elemento de Drenagem;1;;;;;;;;;;1;;;;
04/12/2019;15:15:00;357;sem vítima;607;BR-262/MG;Oeste;Choque - Talude;1;;;;;;;;;;1;;;;
04/12/2019;15:33:00;362;sem vítima;61;BR-060/GO;Norte;Colisão Traseira;1;;;;;;;;;1;2;;;;
04/12/2019;16:43:00;400;com vítima;701;BR-153/GO;Sul;Capotamento;;;;;;;;;;1;2;2;;;
04/12/2019;16:49:00;404;sem vítima;135;BR-060/GO;Sul;;;;1;;;;;;;;1;;;;
04/12/2019;18:38:00;451;com vítima;28,6;BR-060/DF;Norte;Capotamento;1;;;;;;;;;;1;1;;;
04/12/2019;21:23:00;532;com vítima;610;BR-153/GO;Sul;Atropelamento - Morador;;;1;;;;;;;;1;;;;1
04/12/2019;22:35:00;551;sem vítima;510;BR-153/GO;Norte;Choque - Talude;1;;;;;;;;;;1;;;;
04/12/2019;23:47:00;574;sem vítima;508;BR-153/GO;Norte;Choque - Defensa;1;;;;;;;;;;1;;;;
05/12/2019;00:24:00;6;com vítima;40,9;BR-060/GO;Sul;;;;1;;;;;;;;0;;1;;
05/12/2019;07:47:00;104;com vítima;851;BR-262/MG;Leste;Tombamento;;;1;;;;;;;;0;;;;1
05/12/2019;11:23:00;242;sem vítima;579;BR-262/MG;Oeste;Colisão Lateral;;;2;;;;;;;;2;;;;
05/12/2019;13:01:00;297;com vítima;519;BR-262/MG;Oeste;Tombamento;;;1;;;;;;;;1;1;;;
05/12/2019;13:03:00;298;sem vítima;515;BR-153/GO;Norte;Colisão Traseira;1;;1;;;;;;;;2;;;;
05/12/2019;15:47:00;376;sem vítima;134;BR-060/GO;Sul;Engavetamento;2;;1;;;;;;;;3;;;;
05/12/2019;16:18:00;399;sem vítima;549,15;BR-262/MG;Oeste;Choque- Placa/Suporte Sinalização;;;;;;;;;;1;1;;;;
05/12/2019;16:58:00;413;sem vítima;230;BR-153/MG;Sul;Colisão Transversal;1;;;;;1;;;;;2;;;;
05/12/2019;19:42:00;494;sem vítima;1,8;BR-153/MG;Norte;Colisão Traseira;2;;;;;;;;;;4;;;;
05/12/2019;20:01:00;508;sem vítima;503;BR-262/MG;Leste;Engavetamento;2;;1;;;;;;;;3;;;;
05/12/2019;20:27:00;516;com vítima;519;BR-262/MG;Oeste;Colisão Transversal;1;;1;;;1;;;;;2;1;;;
05/12/2019;20:38:00;521;com vítima;363;BR-262/MG;Oeste;Colisão Traseira;1;;1;;;;;;;;2;1;;;
05/12/2019;20:48:00;524;com vítima;355;BR-262/MG;Oeste;Saida de Pista;1;;;;;;;;;;0;1;;;
05/12/2019;22:00:00;548;sem vítima;413;BR-262/MG;Leste;Colisão Traseira;2;;;;;;;;;;2;;;;
05/12/2019;22:15:00;552;com vítima;366;BR-262/MG;Oeste;Saida de Pista;1;;;;;;;;;;0;1;;;
06/12/2019;06:47:00;88;sem vítima;467;BR-262/MG;Leste;Colisão Traseira;1;;;;;1;;;;;2;;;;
06/12/2019;07:03:00;96;sem vítima;378;BR-262/MG;Leste;Capotamento;1;;;;;;;;;;1;;;;
06/12/2019;07:10:00;101;com vítima;500;BR-153/GO;Sul;Queda de Moto;;;;1;;;;;;;0;1;1;;
06/12/2019;07:12:00;103;sem vítima;385;BR-262/MG;Leste;Choque - Elemento de Drenagem;1;;;;;;;;;;1;;;;
06/12/2019;07:52:00;131;sem vítima;654;BR-153/GO;Sul;Saida de Pista;1;;;;;;;;;;1;;;;
06/12/2019;10:30:00;293;com vítima;36;BR-060/GO;Sul;Capotamento;1;;;;;;;;;;0;;1;;
06/12/2019;12:29:00;379;sem vítima;12,3;BR-060/GO;Norte;Capotamento;1;;;;;;;;;;1;;;;
06/12/2019;13:18:00;408;com vítima;382;BR-262/MG;Oeste;Capotamento;;;;;;;;;;1;0;3;1;1;
06/12/2019;16:03:00;495;sem vítima;597;BR-153/GO;Norte;Saida de Pista;1;;;;;;;;;;2;;;;
06/12/2019;16:07:00;498;com vítima;40,9;BR-060/GO;Sul;Tombamento;;;;;;;;;;1;0;2;;;
06/12/2019;16:09:00;501;sem vítima;55;BR-060/GO;Norte;Saida de Pista;1;;;;;;;;;;1;;;;
06/12/2019;16:38:00;521;sem vítima;510;BR-153/GO;Norte;Engavetamento;3;;;;;;;;;;5;;;;
06/12/2019;17:01:00;533;sem vítima;480;BR-262/MG;Leste;Colisão Traseira;1;;1;;;;;;;;2;;;;
06/12/2019;18:13:00;569;com vítima;381;BR-262/MG;Leste;Capotamento;1;;;;;;;;;;0;1;;;
06/12/2019;18:13:00;570;com vítima;220,5;BR-153/MG;Norte;Capotamento;1;;;;;;;;;;0;3;;;
06/12/2019;18:16:00;572;sem vítima;381;BR-262/MG;Leste;Saida de Pista;1;;;;;;;;;;2;;;;
06/12/2019;18:36:00;584;sem vítima;38;BR-153/MG;Norte;Colisão Traseira;2;;;;;;;;;;3;;;;
06/12/2019;19:04:00;597;com vítima;493;BR-153/GO;Norte;Colisão Lateral;1;;;1;;;;;;;1;1;;;
06/12/2019;19:15:00;606;sem vítima;497;BR-153/GO;Sul;Colisão Traseira;1;;;;;1;;;;;2;;;;
06/12/2019;19:41:00;619;com vítima;357;BR-262/MG;Oeste;Atropelamento - Sem Informação;;;;;1;;;;;;1;;1;;
06/12/2019;21:28:00;658;sem vítima;129;BR-060/GO;Norte;Saida de Pista;1;;;;;;;;;;1;;;;
06/12/2019;22:16:00;686;sem vítima;9;BR-153/MG;Sul;Choque - Elemento de Drenagem;1;;;;;;;;;;1;;;;
07/12/2019;01:50:00;31;com vítima;477;BR-262/MG;Oeste;Colisão Lateral;1;;1;;;;;;;;1;1;;;
07/12/2019;05:24:00;58;sem vítima;641;BR-153/GO;Sul;Atropelamento de Animal;1;;;;;;;;;;1;;;;
07/12/2019;07:59:00;144;sem vítima;432;BR-262/MG;Oeste;Atropelamento - Ciclista;1;2;;;;;;;;;4;;;;
07/12/2019;08:55:00;189;sem vítima;517;BR-262/MG;Leste;Colisão Traseira;1;;;1;;;;;;;2;;;;
07/12/2019;10:08:00;236;sem vítima;594;BR-262/MG;Oeste;Tombamento;;;1;;;;;;;;1;;;;
07/12/2019;10:23:00;246;sem vítima;43;BR-060/GO;Sul;Colisão Lateral;2;;;;;;;;;;8;;;;
07/12/2019;10:35:00;257;sem vítima;513;BR-153/GO;Sul;Choque- Placa/Suporte Sinalização;1;;;;;;;;;;1;;;;
07/12/2019;10:37:00;260;sem vítima;381;BR-262/MG;Leste;Choque - Talude;1;;;;;;;;;;1;;;;