data;horario;n_da_ocorrencia;tipo_de_ocorrencia;km;trecho;sentido;tipo_de_acidente;automovel;bicicleta;caminhao;moto;onibus;outros;tracao_animal;transporte_de_cargas_especiais;trator_maquinas;utilitarios;ilesos;levemente_feridos;moderadamente_feridos;gravemente_feridos;mortos
07/12/2019;15:13:00;416;sem vítima;26;BR-060/DF;Sul;Capotamento;;;;;;;;;;1;1;;;;
07/12/2019;15:28:00;422;com vítima;396;BR-262/MG;Oeste;Queda de Moto;;;;;;2;;;;;1;2;;;
07/12/2019;16:13:00;446;sem vítima;8;BR-060/DF;Norte;Choque- Placa/Suporte Sinalização;1;;;;;;;;;;3;;;;
07/12/2019;16:34:00;462;sem vítima;493;BR-153/GO;Sul;Choque - Defensa;1;;;;;;;;;;1;;;;
07/12/2019;16:53:00;469;com vítima;5;BR-060/GO;Sul;Capotamento;1;;;;;;;;;;0;;1;;
07/12/2019;17:24:00;492;sem vítima;45,8;BR-060/GO;Sul;Choque - Defensa;1;;;;;;;;;;2;;;;
07/12/2019;17:52:00;508;sem vítima;492;BR-153/GO;Sul;Colisão Traseira;2;;;;;;;;;;4;;;;
07/12/2019;17:52:00;509;sem vítima;410;BR-262/MG;Oeste;Choque - Defensa;1;;;;;;;;;;3;;;;
07/12/2019;19:32:00;578;sem vítima;35;BR-060/GO;Sul;Saida de Pista;1;;;;;;;;;;1;;;;
07/12/2019;22:10:00;649;sem vítima;506;BR-153/GO;Sul;Saida de Pista;1;;;;;;;;;;1;;;;
07/12/2019;22:48:00;668;com vítima;443;BR-262/MG;Leste;Queda de Moto;;;;1;;;;;;;0;2;;;
07/12/2019;23:18:00;678;sem vítima;24;BR-060/DF;Norte;Colisão Traseira;1;;;1;;;;;;;2;;;;
08/12/2019;01:43:00;21;com vítima;775,8;BR-262/MG;Oeste;Tombamento;1;;;;;;;;;;0;1;;;
08/12/2019;08:06:00;113;sem vítima;2,5;BR-060/GO;Norte;Colisão Lateral;1;;;;;;;;;1;2;;;;
08/12/2019;08:49:00;143;com vítima;43;BR-060/GO;Norte;Colisão Traseira;1;;;1;;;;;;;4;1;;;
08/12/2019;15:04:00;379;sem vítima;56,6;BR-060/GO;Norte;Saida de Pista;;;;;;;;;;1;2;;;;
08/12/2019;15:19:00;388;com vítima;100;BR-060/GO;Norte;Colisão Traseira;2;;;;;;;;;;4;1;;;
08/12/2019;15:23:00;393;sem vítima;127;BR-060/GO;Sul;Saida de Pista;;;1;;;;;;;;1;;;;
08/12/2019;15:40:00;403;com vítima;378;BR-262/MG;Oeste;Queda de Moto;;;;1;;;;;;;0;1;;;
08/12/2019;16:01:00;421;com vítima;669;BR-153/GO;Sul;Capotamento;1;;;;;;;;;;3;2;;;
08/12/2019;16:14:00;429;com vítima;124,2;BR-060/GO;Sul;Engavetamento;3;;;;;;;;;;2;;1;;
08/12/2019;16:16:00;432;sem vítima;124,05;BR-060/GO;Sul;Engavetamento;3;;;;;;;;;;3;;;;
08/12/2019;18:39:00;497;sem vítima;501;BR-153/GO;Sul;Colisão Traseira;3;;;;;;;;;;4;;;;
08/12/2019;19:40:00;514;com vítima;523,1;BR-262/MG;Leste;Atropelamento - Andarilho;;;1;;;;;;;;1;;;1;
08/12/2019;21:31:00;563;com vítima;799;BR-262/MG;Leste;Capotamento;1;;;;;;;;;;0;1;;;
08/12/2019;23:21:00;602;com vítima;101,5;BR-060/GO;Norte;Queda de Moto;;;;1;;;;;;;0;;1;;
09/12/2019;00:14:00;1;sem vítima;3,5;BR-060/GO;Norte;Colisão Traseira;1;;1;;;;;;;;2;;;;
09/12/2019;05:52:00;81;com vítima;99;BR-060/GO;Sul;Queda de Moto;;;;1;;;;;;;0;1;;;
09/12/2019;07:26:00;121;sem vítima;583;BR-262/MG;Leste;Choque - Talude;1;;;;;;;;;;1;;;;
09/12/2019;08:24:00;164;com vítima;500;BR-153/GO;Norte;Queda de Moto;;;;1;;;;;;;0;1;;;
09/12/2019;08:44:00;174;sem vítima;502;BR-153/GO;Norte;Colisão Transversal;1;;1;;;;;;;;2;;;;
09/12/2019;09:08:00;196;com vítima;64;BR-153/MG;Norte;Capotamento;;;1;;;;;;;;0;1;;;
09/12/2019;10:04:00;228;sem vítima;502;BR-153/GO;Norte;;1;;;;;;;;;1;2;;;;
09/12/2019;10:14:00;234;sem vítima;106,5;BR-060/GO;Norte;Capotamento;1;;;;;;;;;;2;;;;
09/12/2019;12:15:00;298;sem vítima;10,4;BR-153/MG;Norte;Choque - Elemento de Drenagem;1;;1;;;;;;;;3;;;;
09/12/2019;13:17:00;323;sem vítima;417;BR-262/MG;Leste;Saida de Pista;1;;;;;;;;;;1;;;;
09/12/2019;15:13:00;365;com vítima;639;BR-153/GO;Norte;Saida de Pista;1;;;;;;;;;;2;1;;;
09/12/2019;15:45:00;386;com vítima;168;BR-153/MG;Norte;Colisão Frontal;;;2;;;;;;;;1;;1;;
09/12/2019;16:52:00;411;sem vítima;411;BR-262/MG;Oeste;Choque - Elemento de Drenagem;1;;;;;;;;;;1;;;;
09/12/2019;17:43:00;426;sem vítima;381;BR-262/MG;Leste;Choque - Elemento de Drenagem;1;;;;;;;;;;1;;;;
09/12/2019;18:58:00;454;sem vítima;456;BR-262/MG;Leste;Colisão Traseira;1;;1;;;;;;;;2;;;;
09/12/2019;20:32:00;489;sem vítima;116;BR-060/GO;Sul;Saida de Pista;1;;;;;;;;;;1;;;;
09/12/2019;20:44:00;493;com vítima;498;BR-262/MG;Leste;Capotamento;1;;;;;;;;;;0;2;;;
09/12/2019;22:25:00;521;sem vítima;600;BR-153/GO;Sul;Colisão Traseira;;;2;;;;;;;;2;;;;
09/12/2019;22:56:00;529;com vítima;16,8;BR-153/MG;Norte;Atropelamento - Morador;1;;;;;;;;;;1;;;;1
09/12/2019;23:34:00;538;com vítima;135;BR-060/GO;Sul;Saida de Pista;1;;;;;;;;;;0;1;;;
09/12/2019;23:35:00;539;sem vítima;479,7;BR-262/MG;Oeste;Choque - Elemento de Drenagem;;;1;;;;;;;;1;;;;
10/12/2019;05:18:00;51;com vítima;114;BR-153/MG;Sul;Tombamento;;;1;;;;;;;;0;;1;;
10/12/2019;05:23:00;52;sem vítima;553;BR-262/MG;Oeste;Colisão Traseira;;;2;;;;;;;;2;;;;
10/12/2019;06:05:00;64;com vítima;5;BR-060/DF;Norte;Colisão Traseira;;;1;1;;;;;;;1;;1;;
10/12/2019;06:07:00;65;sem vítima;25;BR-060/DF;Norte;Capotamento;1;;;;;;;;;;1;;;;
10/12/2019;13:34:00;300;sem vítima;107;BR-060/GO;Sul;Colisão Traseira;2;;;;;;;;;;2;;;;
10/12/2019;13:37:00;302;sem vítima;532;BR-153/GO;Norte;Capotamento;;;1;;;;;;;;1;;;;
10/12/2019;13:42:00;309;com vítima;5,401;BR-060/GO;Norte;Colisão Traseira;2;;;;;;;;;;5;;1;;
10/12/2019;14:08:00;321;com vítima;5,401;BR-060/DF;Norte;Atropelamento - Usuário;2;;;;;;;;;;1;1;1;1;2
10/12/2019;14:21:00;328;sem vítima;439;BR-262/MG;Leste;Choque- Placa/Suporte Sinalização;1;;;;;;;;;;1;;;;
10/12/2019;15:02:00;343;com vítima;620;BR-153/GO;Norte;Capotamento;1;;;;;;;;;;0;1;;;
10/12/2019;15:12:00;351;com vítima;137;BR-060/GO;Norte;Capotamento;1;;;;;;;;;;0;5;;;
10/12/2019;15:16:00;353;com vítima;605;BR-262/MG;Leste;Tombamento;;;1;;;;;;;;0;;1;;
10/12/2019;17:34:00;417;sem vítima;501;BR-153/GO;Sul;Engavetamento;2;;;;;1;;;;;3;;;;
10/12/2019;19:15:00;465;com vítima;507,5;BR-153/GO;Sul;Colisão Lateral;;;;2;;;;;;;0;2;;;
10/12/2019;19:58:00;477;sem vítima;0;BR-060/GO;Norte;Colisão Lateral;1;;;;;1;;;;;2;;;;
10/12/2019;20:08:00;481;sem vítima;19;BR-060/GO;Norte;Choque - Elemento de Drenagem;1;;;;;;;;;;2;;;;
10/12/2019;22:29:00;535;sem vítima;903,096;BR-262/MG;Oeste;Tombamento;;;1;;;;;;;;1;;;;
10/12/2019;23:27:00;556;sem vítima;650;BR-153/GO;Sul;Colisão Traseira;;;2;;;;;;;;2;;;;
10/12/2019;23:38:00;563;com vítima;594,3;BR-262/MG;Leste;Capotamento;;;1;;;;;;;;0;;1;;1
11/12/2019;07:07:00;86;com vítima;101;BR-060/GO;Sul;Colisão Traseira;1;;;1;;;;;;;0;1;1;;
11/12/2019;08:38:00;144;sem vítima;385;BR-262/MG;Oeste;Capotamento;1;;;;;;;;;;1;;;;
11/12/2019;10:49:00;237;sem vítima;50,6;BR-153/MG;Sul;Choque - Arvore;;;1;;;;;;;;1;;;;
11/12/2019;12:37:00;292;sem vítima;22;BR-060/DF;Sul;Saida de Pista;1;;;;;;;;;;1;;;;
11/12/2019;14:01:00;335;sem vítima;36;BR-060/GO;Norte;Choque - Talude;1;;;;;;;;;;4;;;;
11/12/2019;16:30:00;436;sem vítima;379;BR-262/MG;Leste;Choque - Defensa;1;;;;;;;;;;1;;;;
11/12/2019;16:42:00;443;sem vítima;132;BR-060/GO;Sul;Saida de Pista;;;1;;;;;;;;1;;;;
11/12/2019;16:51:00;444;sem vítima;555;BR-262/MG;Oeste;Colisão Lateral;;;3;;;;;;;;3;;;;
11/12/2019;18:16:00;481;sem vítima;517;BR-153/GO;Sul;Saida de Pista;1;;;;;;;;;;1;;;;
11/12/2019;18:21:00;484;sem vítima;12;BR-060/DF;Norte;Queda de Moto;;;;1;;;;;;;1;;;;
11/12/2019;18:31:00;486;sem vítima;96;BR-060/GO;Norte;Choque - Veiculo parado no acostamento;1;;1;;;;;;;;2;;;;
11/12/2019;19:18:00;498;sem vítima;402;BR-262/MG;Oeste;Saida de Pista;1;;;;;;;;;;1;;;;
11/12/2019;19:26:00;505;sem vítima;588;BR-262/MG;Leste;Saida de Pista;;;1;;;;;;;;1;;;;
11/12/2019;19:27:00;507;com vítima;509;BR-153/GO;Sul;Atropelamento - Outros;;;;;;1;;;;;1;1;;;
11/12/2019;19:29:00;509;sem vítima;534;BR-153/GO;Sul;Atropelamento de Animal;1;;;;;;;;;;1;;;;
11/12/2019;22:07:00;567;sem vítima;430;BR-262/MG;Leste;Tombamento;;;1;;;;;;;;1;;;;
11/12/2019;22:20:00;574;sem vítima;430;BR-262/MG;Oeste;Choque - Defensa;1;;;;;;;;;;1;;;;
12/12/2019;04:27:00;40;sem vítima;520;BR-153/GO;Sul;Capotamento;1;;;;;;;;;;1;;;;
12/12/2019;05:33:00;50;com vítima;361,2;BR-262/MG;Oeste;Colisão Frontal;2;;;;;;;;;;1;2;;;
12/12/2019;07:32:00;88;sem vítima;605;BR-153/GO;Sul;Choque - Elemento de Drenagem;1;;;;;;;;;;1;;;;
12/12/2019;07:52:00;99;com vítima;607;BR-153/GO;Sul;Capotamento;1;;;;;;;;;;2;1;;;
12/12/2019;07:57:00;102;com vítima;591;BR-153/GO;Sul;Capotamento;1;;;;;;;;;;0;1;;;
12/12/2019;10:34:00;187;sem vítima;644;BR-262/MG;Oeste;Saida de Pista;1;;;;;;;;;;1;;;;
12/12/2019;11:27:00;214;com vítima;31;BR-060/GO;Norte;Queda de Moto;;;;1;;;;;;;0;;1;;
12/12/2019;11:35:00;226;sem vítima;378;BR-262/MG;Oeste;Choque - Elemento de Drenagem;1;;;;;;;;;;1;;;;
12/12/2019;12:19:00;241;sem vítima;369;BR-262/MG;Leste;Choque - Elemento de Drenagem;1;;;;;;;;;;1;;;;
12/12/2019;14:53:00;315;sem vítima;421;BR-262/MG;Oeste;Tombamento;;;1;;;;;;;;1;;;;
12/12/2019;16:57:00;364;com vítima;12,4;BR-060/DF;Norte;Colisão Lateral;;1;;;1;;;;;;1;1;;;
12/12/2019;17:05:00;371;com vítima;116;BR-153/MG;Sul;Engavetamento;1;;4;;;;;;;;4;3;;;
12/12/2019;18:59:00;427;sem vítima;114;BR-060/GO;Norte;Saida de Pista;1;;;;;;;;;;1;;;;
12/12/2019;22:12:00;537;sem vítima;413;BR-262/MG;Leste;Colisão Lateral;1;;1;;;;;;;;2;;;;
13/12/2019;06:54:00;123;sem vítima;38,2;BR-153/MG;Norte;Saida de Pista;1;;;;;;;;;;1;;;;
13/12/2019;07:52:00;163;sem vítima;188;BR-153/MG;Sul;Colisão Traseira;1;;1;;;;;;;;2;;;;
13/12/2019;09:06:00;214;sem vítima;547,2;BR-262/MG;Leste;Choque- Placa/Suporte Sinalização;1;;;;;;;;;;1;;;;
13/12/2019;10:06:00;257;sem vítima;96;BR-060/GO;Sul;Colisão Transversal;2;;;;;;;;;;2;;;;
13/12/2019;10:11:00;260;sem vítima;0;BR-060/DF;Norte;Colisão Traseira;1;;;1;;;;;;;2;;;;
13/12/2019;10:27:00;266;com vítima;500;BR-153/GO;Sul;Colisão Lateral;1;;;1;;;;;;;1;1;;;
13/12/2019;10:56:00;279;sem vítima;500;BR-153/GO;Sul;Colisão Lateral;1;;2;;;;;;;;3;;;;
13/12/2019;11:20:00;292;sem vítima;92,5;BR-060/GO;Sul;Colisão Lateral;2;;;;;;;;;;2;;;;
13/12/2019;13:23:00;359;sem vítima;28;BR-060/GO;Norte;Choque - Elemento de Drenagem;1;;;;;;;;;;2;;;;
13/12/2019;14:31:00;383;sem vítima;505;BR-153/GO;Sul;Colisão Traseira;1;;;;;;;;;;1;;;;
13/12/2019;15:04:00;405;sem vítima;858;BR-262/MG;Oeste;Choque - Defensa;1;;;;;;;;;;1;;;;
13/12/2019;16:05:00;443;com vítima;439,5;BR-262/MG;Oeste;Choque - Elemento de Drenagem;;;;;1;;;;;;4;1;;;
13/12/2019;17:00:00;465;sem vítima;57,2;BR-153/MG;Sul;Capotamento;1;;;;;;;;;;1;;;;
13/12/2019;17:46:00;482;sem vítima;504,9;BR-153/GO;Norte;Engavetamento;1;;2;;;;;;;;3;;;;
13/12/2019;18:43:00;508;com vítima;589;BR-153/GO;Norte;Tombamento;;;1;;;;;;;;0;1;;;
13/12/2019;19:20:00;532;sem vítima;505;BR-153/GO;Norte;Engavetamento;3;;;;;;;;;;3;;;;
13/12/2019;20:34:00;570;sem vítima;852;BR-262/MG;Oeste;Atropelamento de Animal;1;;;;;;;;;;1;;;;
13/12/2019;21:58:00;612;sem vítima;58;BR-153/MG;Norte;Saida de Pista;;;1;;;;;;;;1;;;;
14/12/2019;00:56:00;11;sem vítima;7;BR-153/MG;Sul;Saida de Pista;;;1;;;;;;;;1;;;;
14/12/2019;01:28:00;17;sem vítima;598;BR-153/GO;Sul;Colisão Traseira;2;;;;;;;;;;2;;;;
14/12/2019;02:48:00;31;com vítima;493,578;BR-153/GO;Norte;Tombamento;;;;;;;;;;1;0;1;;;
14/12/2019;04:40:00;45;com vítima;658,591;BR-153/GO;Sul;Colisão Traseira;1;;1;;;;;;;;1;;1;;
14/12/2019;05:05:00;51;sem vítima;136,944;BR-060/GO;Norte;Choque - Outros;1;;;;;;;;;;1;;;;
14/12/2019;05:09:00;52;sem vítima;521,452;BR-153/GO;Sul;Tombamento;;;1;;;;;;;;1;;;;
14/12/2019;06:53:00;90;sem vítima;642,48;BR-153/GO;Norte;Saida de Pista;1;;;;;;;;;;4;;;;
14/12/2019;08:11:00;132;sem vítima;353;BR-262/MG;Leste;Colisão Lateral;1;;;;;1;;;;;2;;;;
14/12/2019;09:08:00;181;sem vítima;504;BR-153/GO;Norte;Engavetamento;4;;;;;;;;;;4;;;;
14/12/2019;09:25:00;195;sem vítima;426;BR-262/MG;Leste;Colisão Lateral;;;2;;;;;;;;2;;;;
14/12/2019;12:52:00;351;sem vítima;490;BR-153/GO;Norte;Colisão Lateral;2;;;;;;;;;;2;;;;
14/12/2019;14:06:00;393;com vítima;365;BR-262/MG;Oeste;Engavetamento;2;;;;;1;;;;;3;1;;;
14/12/2019;16:43:00;492;sem vítima;389;BR-262/MG;Leste;Colisão Traseira;1;;1;;;;;;;;2;;;;
14/12/2019;18:45:00;561;com vítima;17;BR-153/MG;Norte;Queda de Moto;;;;1;;;;;;;0;1;;;
14/12/2019;19:42:00;590;sem vítima;5;BR-060/DF;Norte;Colisão Traseira;2;;;;;;;;;;2;;;;
14/12/2019;20:50:00;622;com vítima;94;BR-060/GO;Norte;Colisão Traseira;2;;;;;;;;;;1;1;;;
14/12/2019;21:37:00;643;com vítima;362;BR-262/MG;Oeste;Colisão Traseira;;;;1;;1;;;;;1;;;;1
14/12/2019;23:08:00;667;sem vítima;27;BR-060/GO;Sul;Choque - Defensa;;;;;;1;;;;1;2;;;;
15/12/2019;03:21:00;58;sem vítima;100;BR-060/GO;Sul;Choque - Elemento de Drenagem;1;;;;;;;;;;1;;;;
15/12/2019;05:47:00;77;sem vítima;622;BR-153/GO;Norte;Atropelamento de Animal;1;;;;;;;;;;1;;;;
15/12/2019;05:50:00;79;com vítima;9;BR-060/DF;Norte;Queda de Moto;;;;1;;;;;;;0;1;;;
15/12/2019;07:55:00;138;sem vítima;47,2;BR-060/GO;Sul;Queda de Moto;;;;1;;;;;;;1;;;;
15/12/2019;08:00:00;139;sem vítima;558;BR-153/GO;Norte;Queda de Moto;;;;1;;;;;;;1;;;;
15/12/2019;08:47:00;187;sem vítima;906;BR-262/MG;Oeste;Choque - Outros;;;1;;;;;;;1;2;;;;
15/12/2019;10:53:00;309;sem vítima;27;BR-060/DF;Sul;Choque - Objeto sobre a pista;1;;;;;;;;;;1;;;;
15/12/2019;13:47:00;426;sem vítima;367;BR-262/MG;Oeste;Colisão Traseira;2;;;;;;;;;;2;;;;
15/12/2019;13:56:00;431;sem vítima;556,9;BR-153/GO;Sul;Capotamento;1;;;;;;;;;;1;;;;
15/12/2019;15:18:00;477;com vítima;798,5;BR-262/MG;Oeste;Queda de Moto;;;;1;;;;;;;0;1;;;
15/12/2019;15:25:00;484;sem vítima;506;BR-153/GO;Norte;Choque - Defensa;1;;;;;;;;;;1;;;;
15/12/2019;15:49:00;492;sem vítima;109;BR-060/GO;Sul;Saida de Pista;;;;;;;;;;1;1;;;;
15/12/2019;18:33:00;600;com vítima;415;BR-262/MG;Leste;Choque - Talude;1;;;;;;;;;;1;1;2;1;
15/12/2019;19:41:00;643;com vítima;29;BR-060/GO;Sul;Capotamento;1;;;;;;;;;;0;2;;;
15/12/2019;20:18:00;662;sem vítima;356,2;BR-262/MG;Oeste;Atropelamento de Animal;1;;;;;;;;;;1;;;;
16/12/2019;01:41:00;22;sem vítima;373,3;BR-262/MG;Oeste;Atropelamento de Animal;;;1;;;;;;;;1;;;;
16/12/2019;02:07:00;30;sem vítima;356,3;BR-262/MG;Oeste;Capotamento;1;;;;;;;;;;1;;;;
16/12/2019;03:21:00;43;sem vítima;546;BR-262/MG;Oeste;Tombamento;1;;;;;;;;;;1;;;;
16/12/2019;07:35:00;104;sem vítima;492;BR-153/GO;Sul;Colisão Traseira;1;;;1;;;;;;;2;;;;
16/12/2019;07:44:00;107;com vítima;9,4;BR-060/DF;Sul;Colisão Traseira;1;;;1;;;;;;;1;1;;;
16/12/2019;07:45:00;108;sem vítima;492;BR-153/GO;Sul;Queda de Moto;;;;1;;;;;;;1;;;;
16/12/2019;09:19:00;173;sem vítima;679;BR-262/MG;Leste;Colisão Lateral;1;;1;;;;;;;;2;;;;
16/12/2019;09:50:00;210;sem vítima;504;BR-153/GO;Norte;Colisão Traseira;2;;;;;;;;;;2;;;;
16/12/2019;13:05:00;304;sem vítima;120;BR-060/GO;Sul;Saida de Pista;1;;;;;;;;;;3;;;;
16/12/2019;14:39:00;334;sem vítima;127,5;BR-060/GO;Sul;Choque - Objeto sobre a pista;1;;;;;;;;;;1;;;;
16/12/2019;20:14:00;543;com vítima;395;BR-262/MG;Oeste;Queda de Moto;;;;1;;;;;;;0;1;;;
16/12/2019;22:00:00;582;sem vítima;367;BR-262/MG;Leste;Colisão Traseira;2;;;;;;;;;;2;;;;
17/12/2019;04:45:00;74;sem vítima;685;BR-153/GO;Sul;Choque - Cancela de Pedagio;;;1;;;;;;;;1;;;;
17/12/2019;06:53:00;105;com vítima;509;BR-153/GO;Norte;Colisão Traseira;1;;;1;;;;;;;1;1;;;
17/12/2019;11:11:00;332;sem vítima;237,3;BR-153/MG;Sul;Saida de Pista;2;;;;;;;;;;2;;;;
17/12/2019;11:33:00;355;sem vítima;405;BR-262/MG;Leste;Choque - Elemento de Drenagem;1;;;;;;;;;;1;;;;
17/12/2019;12:13:00;377;sem vítima;371;BR-262/MG;Leste;Capotamento;1;;;;;;;;;;1;;;;
17/12/2019;13:58:00;428;sem vítima;11;BR-153/MG;Sul;Capotamento;1;;;;;;;;;;1;;;;
17/12/2019;16:44:00;521;com vítima;444;BR-262/MG;Oeste;Capotamento;1;;;;;;;;;;1;1;;;
17/12/2019;18:41:00;595;sem vítima;801,005;BR-262/MG;Oeste;Colisão Traseira;3;;;;;;;;;;3;;;;
17/12/2019;19:55:00;632;com vítima;509;BR-153/GO;Norte;Colisão Traseira;1;;;1;;;;;;;3;1;;;
17/12/2019;19:58:00;633;com vítima;441,9;BR-262/MG;Leste;Queda de Moto;;;;1;;;;;;;0;1;1;;
18/12/2019;00:30:00;6;sem vítima;716;BR-262/MG;Oeste;Atropelamento de Animal;1;;;;;;;;;;1;;;;
18/12/2019;02:47:00;49;com vítima;588;BR-153/GO;Sul;Capotamento;1;;;;;;;;;;0;1;;;
18/12/2019;08:03:00;157;sem vítima;511,9;BR-153/GO;Norte;Colisão Traseira;1;;;1;;;;;;;2;;;;
18/12/2019;08:18:00;168;sem vítima;495;BR-153/GO;Sul;Colisão Traseira;1;;1;;;;;;;;2;;;;
18/12/2019;10:17:00;273;sem vítima;370;BR-262/MG;Oeste;Choque - Talude;;;;;;;;;;1;1;;;;
18/12/2019;13:23:00;404;sem vítima;26;BR-060/DF;Norte;Capotamento;1;;;;;;;;;;1;;;;
18/12/2019;14:22:00;452;sem vítima;389;BR-262/MG;Oeste;Tombamento;;;1;;;;;;;;1;;;;
18/12/2019;15:52:00;498;sem vítima;109;BR-060/GO;Norte;Colisão Traseira;;;;;;1;;;;1;2;;;;
18/12/2019;16:02:00;501;com vítima;27;BR-060/DF;Norte;Capotamento;1;;;;;;;;;;0;2;;;
18/12/2019;19:46:00;618;sem vítima;582;BR-153/GO;Sul;Choque - Talude;;;;;;;;;;1;1;;;;
18/12/2019;20:27:00;636;com vítima;76;BR-060/GO;Sul;Capotamento;1;;;;;;;;;;0;2;;;
18/12/2019;22:19:00;690;sem vítima;100;BR-153/MG;Sul;Saida de Pista;;;1;;;;;;;;1;;;;
18/12/2019;22:40:00;696;sem vítima;6,2;BR-060/GO;Sul;Tombamento;1;;1;;;;;;;;2;;;;
19/12/2019;05:06:00;49;com vítima;58,9;BR-153/MG;Norte;Colisão Traseira;;;2;;;;;;;;1;;1;;
19/12/2019;07:15:00;87;sem vítima;507;BR-153/GO;Sul;Colisão Lateral;1;;;1;;;;;;;2;;;;
19/12/2019;08:14:00;135;sem vítima;492,5;BR-153/GO;Sul;Colisão Lateral;2;;;;;;;;;;2;;;;
19/12/2019;09:46:00;212;sem vítima;560,3;BR-153/GO;Sul;Choque - Elemento de Drenagem;1;;;;;;;;;;3;;;;
19/12/2019;11:52:00;309;com vítima;121,5;BR-153/MG;Sul;Saida de Pista;;;1;;;1;;;;;2;1;;;
19/12/2019;12:05:00;317;com vítima;383;BR-262/MG;Oeste;Colisão Traseira;;;2;;;;;;;;1;1;;;1
19/12/2019;12:54:00;343;com vítima;608;BR-262/MG;Leste;Colisão Frontal;2;;;;;;;;;;0;;3;;1
19/12/2019;14:03:00;381;sem vítima;81;BR-153/MG;Norte;Choque - Defensa;;;1;;;;;;;;1;;;;
19/12/2019;14:24:00;392;sem vítima;403;BR-262/MG;Oeste;Choque - Talude;1;;;;;;;;;;1;;;;
19/12/2019;15:33:00;426;sem vítima;514;BR-153/GO;Norte;Colisão Lateral;1;;1;;;;;;;;2;;;;
19/12/2019;18:10:00;503;sem vítima;381;BR-262/MG;Leste;Capotamento;1;;;;;;;;;;3;;;;
19/12/2019;22:10:00;631;com vítima;657;BR-153/GO;Sul;Colisão Traseira;;;1;;;;;;;1;1;3;;;
19/12/2019;22:14:00;635;sem vítima;243;BR-153/MG;Sul;Colisão Transversal;1;;1;;;;;;;;2;;;;
19/12/2019;22:22:00;637;com vítima;560,5;BR-262/MG;Oeste;Tombamento;;;1;;;;;;;;0;1;;1;
20/12/2019;02:22:00;44;sem vítima;516;BR-153/GO;Norte;Colisão Traseira;;;2;;;;;;;;2;;;;
20/12/2019;02:28:00;45;sem vítima;530;BR-153/GO;Norte;Tombamento;;;1;;;;;;;;1;;;;
20/12/2019;04:37:00;64;sem vítima;73;BR-060/GO;Sul;Colisão Traseira;;;2;;;;;;;;2;;;;
20/12/2019;08:30:00;164;sem vítima;500;BR-153/GO;Sul;Colisão Traseira;2;;;;;;;;;;2;;;;
20/12/2019;09:55:00;220;com vítima;4,5;BR-153/MG;Sul;Capotamento;1;;;;;;;;;;0;2;;;
20/12/2019;13:34:00;347;sem vítima;593;BR-262/MG;Leste;Choque - Talude;;;;;;;;;;1;1;;;;
20/12/2019;14:02:00;365;sem vítima;594;BR-262/MG;Oeste;Carreta deu L;;;1;;;;;;;;1;;;;
20/12/2019;14:32:00;385;sem vítima;587;BR-262/MG;Leste;Saida de Pista;;;1;;;;;;;;1;;;;
20/12/2019;14:48:00;390;com vítima;628;BR-153/GO;Norte;Choque - Arvore;1;;;;;;;;;;0;1;;;
20/12/2019;15:03:00;401;com vítima;611;BR-262/MG;Leste;Saida de Pista;;;1;;;;;;;;0;2;;;
20/12/2019;16:41:00;455;com vítima;78;BR-060/GO;Sul;Tombamento;;;1;;;;;;;;0;;1;1;
20/12/2019;17:53:00;494;sem vítima;503;BR-153/GO;Sul;Colisão Lateral;1;;1;;;;;;;;2;;;;
20/12/2019;18:20:00;506;sem vítima;549;BR-262/MG;Leste;Capotamento;;;;;;;;;;1;2;;;;
20/12/2019;18:23:00;509;sem vítima;514;BR-153/GO;Norte;Colisão Lateral;2;;;;;;;;;;2;;;;
20/12/2019;18:34:00;518;com vítima;570;BR-153/GO;Sul;Capotamento;1;;;;;;;;;;0;3;;;
20/12/2019;19:28:00;551;sem vítima;504;BR-153/GO;Sul;Colisão Traseira;2;;;;;;;;;;2;;;;
20/12/2019;19:29:00;552;sem vítima;622;BR-262/MG;Leste;Carreta deu L;;;1;;;;;;;;1;;;;
20/12/2019;19:44:00;558;sem vítima;540;BR-262/MG;Oeste;Capotamento;1;;;;;;;;;;2;;;;
20/12/2019;20:54:00;584;sem vítima;445;BR-262/MG;Leste;Saida de Pista;1;;;;;;;;;;1;;;;
20/12/2019;22:13:00;622;sem vítima;408;BR-262/MG;Oeste;Choque - Elemento de Drenagem;1;;;;;;;;;;2;;;;
20/12/2019;22:30:00;629;sem vítima;45,5;BR-153/MG;Sul;Saida de Pista;;;1;;;;;;;;1;;;;
21/12/2019;01:46:00;31;sem vítima;213;BR-153/MG;Sul;Saida de Pista;;;;;;;;;;1;2;;;;
21/12/2019;01:54:00;32;sem vítima;514;BR-153/GO;Norte;Colisão Lateral;2;;;;;;;;;;2;;;;
21/12/2019;03:11:00;47;sem vítima;436,395;BR-262/MG;Leste;Capotamento;1;;;;;;;;;;1;;;;
21/12/2019;04:56:00;73;sem vítima;401,007;BR-262/MG;Leste;Choque - Barreira;1;;;;;;;;;;1;;;;
21/12/2019;06:19:00;96;sem vítima;594,5;BR-262/MG;Leste;Choque - Outros;;;1;;;;;;;;1;;;;
21/12/2019;07:49:00;134;sem vítima;441;BR-262/MG;Leste;Choque - Defensa;;;;;;1;;;;1;2;;;;
21/12/2019;09:45:00;215;sem vítima;722;BR-262/MG;Leste;Choque - Talude;;;1;;;;;;;;1;;;;
21/12/2019;10:08:00;229;sem vítima;500,5;BR-153/GO;Norte;Colisão Traseira;1;;;;;;;;;1;2;;;;
21/12/2019;11:17:00;272;com vítima;240,5;BR-153/MG;Norte;Capotamento;;;;;;;;;;1;1;1;;;