data;horario;n_da_ocorrencia;tipo_de_ocorrencia;km;trecho;sentido;tipo_de_acidente;automovel;bicicleta;caminhao;moto;onibus;outros;tracao_animal;transporte_de_cargas_especiais;trator_maquinas;utilitarios;ilesos;levemente_feridos;moderadamente_feridos;gravemente_feridos;mortos
21/12/2019;11:33:00;279;sem vítima;608;BR-262/MG;Oeste;Capotamento;1;;;;;;;;;;1;;;;
21/12/2019;11:41:00;285;com vítima;511;BR-153/GO;Sul;Queda de Moto;;;;1;;;;;;;0;1;;;
21/12/2019;12:50:00;334;com vítima;108;BR-153/MG;Sul;Colisão Traseira;;;2;;;;;;;;1;1;;;
21/12/2019;14:51:00;386;com vítima;111;BR-060/GO;Sul;Queda de Moto;;;;1;;;;;;;0;2;;;
21/12/2019;16:02:00;423;sem vítima;58,1;BR-153/MG;Sul;Choque - Outros;;;1;;;;;;;;1;;;;
21/12/2019;16:13:00;431;com vítima;533,7;BR-262/MG;Leste;Capotamento;;;1;;;;;;;;0;1;;;1
21/12/2019;18:25:00;482;sem vítima;515,6;BR-153/GO;Norte;Colisão Traseira;1;;1;;;;;;;;2;;;;
21/12/2019;19:52:00;529;sem vítima;227;BR-153/MG;Sul;Queda de Moto;;;;1;;;;;;;1;;;;
21/12/2019;23:47:00;620;sem vítima;590;BR-262/MG;Leste;Colisão Transversal;2;;;;;;;;;;2;;;;
22/12/2019;03:48:00;66;sem vítima;33;BR-153/MG;Norte;Colisão Traseira;1;;1;;;;;;;;2;;;;
22/12/2019;04:11:00;70;com vítima;93;BR-060/GO;Norte;Atropelamento de Animal;;;;1;;;;;;;0;1;;;
22/12/2019;05:18:00;80;com vítima;494;BR-153/GO;Norte;Colisão Traseira;2;;;;;;;;;;4;1;1;;
22/12/2019;05:36:00;86;com vítima;14;BR-060/GO;Norte;Queda de Moto;;;;1;;;;;;;0;;1;;
22/12/2019;08:30:00;157;sem vítima;117;BR-060/GO;Sul;Colisão Traseira;1;;1;;;;;;;;2;;;;
22/12/2019;08:51:00;170;com vítima;628;BR-153/GO;Norte;Capotamento;1;;;;;;;;;;0;;1;;
22/12/2019;13:25:00;331;sem vítima;505;BR-262/MG;Leste;Choque - Outros;1;;;;;;;;;;1;;;;
22/12/2019;15:14:00;392;sem vítima;3;BR-060/GO;Sul;Capotamento;;;;;;;;;;1;1;;;;
22/12/2019;15:27:00;400;sem vítima;87;BR-060/GO;Sul;Choque - Elemento de Drenagem;1;;;;;;;;;;2;;;;
22/12/2019;15:32:00;407;com vítima;520;BR-153/GO;Norte;Colisão Traseira;1;;1;;;;;;;;1;2;;;
22/12/2019;17:01:00;452;sem vítima;47;BR-060/GO;Norte;Choque - Outros;1;;;;;;;;;;1;;;;
22/12/2019;17:24:00;464;sem vítima;45;BR-153/MG;Sul;Saida de Pista;;;;;;;;;;1;5;;;;
22/12/2019;18:22:00;496;sem vítima;834,4;BR-262/MG;Oeste;Atropelamento de Animal;1;;;;;;;;;;1;;;;
22/12/2019;18:37:00;503;com vítima;656;BR-262/MG;Oeste;Saida de Pista;1;;;;;;;;;;0;1;;;
22/12/2019;19:44:00;536;sem vítima;55;BR-153/MG;Norte;Saida de Pista;1;;;;;;;;;;7;;;;
23/12/2019;00:12:00;5;com vítima;506;BR-153/GO;Sul;Choque - Outros;;;;1;;;;;;;0;1;;;
23/12/2019;02:06:00;25;sem vítima;566,2;BR-153/GO;Sul;Capotamento;1;;;;;;;;;;1;;;;
23/12/2019;05:42:00;49;com vítima;79;BR-060/GO;Norte;Queda de Moto;;;;1;;;;;;;0;1;;;
23/12/2019;07:13:00;99;com vítima;505,85;BR-153/GO;Sul;Queda de Moto;;;;1;;;;;;;0;;1;;
23/12/2019;11:16:00;312;sem vítima;36,9;BR-060/GO;Sul;Choque - Elemento de Drenagem;1;;;;;;;;;;1;;;;
23/12/2019;11:43:00;330;sem vítima;129,5;BR-060/GO;Sul;Queda de Moto;;;;1;;;;;;;2;;;;
23/12/2019;16:07:00;461;sem vítima;572,8;BR-153/GO;Sul;Capotamento;1;;;;;;;;;;1;;;;
23/12/2019;16:46:00;485;com vítima;597;BR-153/GO;Sul;Choque - Arvore;1;;;;;;;;;;0;;1;;
23/12/2019;18:24:00;544;sem vítima;548;BR-262/MG;Oeste;Choque - Elemento de Drenagem;1;;;;;;;;;;2;;;;
23/12/2019;19:52:00;602;sem vítima;220;BR-153/MG;Sul;Colisão Lateral;1;;1;;;;;;;;2;;;;
23/12/2019;23:34:00;681;sem vítima;548;BR-262/MG;Leste;Capotamento;;;;;;;;;;1;1;;;;
24/12/2019;01:14:00;13;com vítima;497;BR-153/GO;Sul;Colisão Traseira;1;;1;;;;;;;;1;1;;;
24/12/2019;01:32:00;16;sem vítima;580;BR-262/MG;Leste;Tombamento;;;1;;;;;;;;1;;;;
24/12/2019;01:45:00;23;sem vítima;540;BR-262/MG;Leste;Saida de Pista;;;1;;;;;;;;1;;;;
24/12/2019;03:59:00;46;sem vítima;380;BR-262/MG;Oeste;Saida de Pista;1;;;;;;;;;;1;;;;
24/12/2019;04:33:00;50;sem vítima;137;BR-060/GO;Norte;Choque - Elemento de Drenagem;1;;;;;;;;;;2;;;;
24/12/2019;04:59:00;54;sem vítima;667;BR-262/MG;Oeste;Choque - Arvore;1;;;;;;;;;;2;;;;
24/12/2019;05:21:00;61;sem vítima;0,2;BR-060/GO;Sul;Choque - Outros;1;;;;;;;;;;2;;;;
24/12/2019;05:59:00;70;com vítima;509;BR-262/MG;Oeste;Choque - Arvore;1;;;;;;;;;;0;1;;;
24/12/2019;06:50:00;80;sem vítima;95;BR-060/GO;Norte;Colisão Traseira;1;;;;;;;;;;1;;;;
24/12/2019;07:31:00;96;sem vítima;509,3;BR-262/MG;Leste;Colisão Traseira;2;;;;;;;;;;6;;;;
24/12/2019;07:32:00;99;com vítima;694;BR-262/MG;Oeste;Queda de Moto;1;;;1;;;;;;;1;1;;;
24/12/2019;07:49:00;111;com vítima;24;BR-060/DF;Norte;Engavetamento;3;;;;;;;;;1;3;1;;;
24/12/2019;08:27:00;131;sem vítima;509,5;BR-262/MG;Leste;Saida de Pista;;;;;;;;;;1;1;;;;
24/12/2019;09:39:00;170;sem vítima;43;BR-060/GO;Sul;Colisão Traseira;1;;1;;;;;;;;4;;;;
24/12/2019;11:04:00;206;sem vítima;401,5;BR-262/MG;Leste;Saida de Pista;1;;;;;;;;;;1;;;;
24/12/2019;11:09:00;209;sem vítima;371;BR-262/MG;Oeste;Choque - Elemento de Drenagem;1;;;;;;;;;;1;;;;
24/12/2019;11:39:00;228;com vítima;400,7;BR-262/MG;Leste;Saida de Pista;1;;;;;;;;;;1;;1;;
24/12/2019;12:10:00;250;com vítima;97;BR-060/GO;Sul;Colisão Traseira;2;;;;;;;;;;3;3;;;
24/12/2019;12:48:00;273;sem vítima;378;BR-262/MG;Leste;Colisão Lateral;1;;1;;;;;;;;2;;;;
24/12/2019;12:55:00;276;sem vítima;23;BR-153/MG;Norte;Capotamento;1;;;;;;;;;;4;;;;
24/12/2019;15:46:00;348;sem vítima;3;BR-060/DF;Norte;Capotamento;1;;;;;;;;;1;2;;;;
24/12/2019;16:08:00;360;sem vítima;549,8;BR-262/MG;Leste;Capotamento;1;;;;;;;;;;2;;;;
24/12/2019;18:18:00;429;sem vítima;609;BR-262/MG;Leste;Capotamento;1;;;;;;;;;;1;;;;
24/12/2019;19:04:00;462;sem vítima;801;BR-262/MG;Leste;Choque - Elemento de Drenagem;1;;;;;;;;;;4;;;;
24/12/2019;20:05:00;482;com vítima;97;BR-060/GO;Norte;Colisão Lateral;;;;2;;;;;;;1;;1;;
24/12/2019;20:25:00;488;com vítima;85,5;BR-060/GO;Norte;Colisão Traseira;1;;;1;;;;;;;1;;;1;
24/12/2019;20:35:00;492;com vítima;122;BR-060/GO;Sul;Saida de Pista;;;1;;;;;;;;0;;1;;
24/12/2019;21:15:00;503;com vítima;63;BR-060/GO;Sul;Atropelamento - Ciclista;1;;;;;;;;;;1;;;1;
25/12/2019;03:10:00;49;sem vítima;240;BR-153/MG;Sul;Atropelamento - Morador/Trabalhador;1;;;;;;;;;;2;;;;
25/12/2019;03:12:00;50;sem vítima;364;BR-262/MG;Oeste;Atropelamento de Animal;1;;;;;;;;;;1;;;;
25/12/2019;07:25:00;103;sem vítima;245;BR-153/MG;Sul;Saida de Pista;1;;;;;;;;;;2;;;;
25/12/2019;08:01:00;114;sem vítima;504;BR-153/GO;Sul;Choque - Outros;;;;1;;;;;;;1;;;;
25/12/2019;10:37:00;172;com vítima;74,5;BR-060/GO;Norte;Queda de Moto;;;;1;;;;;;;0;2;;;
25/12/2019;13:30:00;248;com vítima;639;BR-153/GO;Sul;Queda de Moto;;;;1;;;;;;;1;1;;;
25/12/2019;14:52:00;265;sem vítima;28,65;BR-060/GO;Norte;Choque - Elemento de Drenagem;1;;;;;;;;;;1;;;;
25/12/2019;15:01:00;266;sem vítima;25;BR-060/GO;Sul;Choque - Elemento de Drenagem;1;;;;;;;;;;2;;;;
25/12/2019;16:45:00;304;sem vítima;101;BR-060/GO;Norte;Colisão Traseira;2;;;;;;;;;;5;;;;
25/12/2019;16:51:00;307;sem vítima;609;BR-262/MG;Leste;Saida de Pista;1;;;;;;;;;;2;;;;
25/12/2019;17:34:00;329;sem vítima;97;BR-060/GO;Norte;Colisão Traseira;2;;;;;;;;;;5;;;;
25/12/2019;17:36:00;331;sem vítima;364;BR-262/MG;Leste;Colisão Traseira;2;;;;;;;;;;2;;;;
25/12/2019;19:25:00;384;com vítima;495;BR-153/GO;Norte;Colisão Lateral;;;;2;;;;;;;0;3;;;
25/12/2019;20:11:00;408;sem vítima;3;BR-060/DF;Sul;Colisão Traseira;2;;;;;;;;;;2;;;;
25/12/2019;22:24:00;446;sem vítima;17;BR-060/GO;Sul;Atropelamento de Animal;2;;;;;;;;;;3;;;;
26/12/2019;12:33:00;300;sem vítima;98;BR-060/GO;Norte;Engavetamento;4;;;;;;;;;;4;;;;
26/12/2019;12:59:00;313;com vítima;134,3;BR-060/GO;Norte;Choque - Talude;;;1;;;;;;;;0;1;;;
26/12/2019;13:41:00;330;sem vítima;654,2;BR-153/GO;Sul;Choque - Elemento de Drenagem;1;;;;;;;;;;4;;;;
26/12/2019;14:08:00;353;com vítima;498;BR-153/GO;Sul;Colisão Lateral;1;;;1;;;;;;;1;;1;;
26/12/2019;16:41:00;424;sem vítima;479;BR-262/MG;Leste;Colisão Traseira;2;;;;;;;;;;9;;;;
26/12/2019;17:23:00;455;sem vítima;32;BR-060/GO;Norte;Colisão Lateral;1;;1;;;;;;;;4;;;;
26/12/2019;17:48:00;467;sem vítima;5;BR-060/DF;Sul;Colisão Traseira;1;;1;;;;;;;;2;;;;
26/12/2019;19:30:00;529;com vítima;391;BR-262/MG;Oeste;Atropelamento de Animal;1;;1;;;;;;;;2;1;1;;
26/12/2019;21:48:00;595;sem vítima;111;BR-060/GO;Sul;Saida de Pista;1;;;;;;;;;;1;;;;
27/12/2019;04:55:00;57;sem vítima;2;BR-153/MG;Norte;Choque - Outros;;;;;;1;;;;1;2;;;;
27/12/2019;08:14:00;139;sem vítima;10;BR-060/DF;Norte;Queda de Moto;1;;;1;;;;;;;2;;;;
27/12/2019;08:43:00;155;sem vítima;529;BR-262/MG;Leste;Colisão Lateral;1;;1;;;;;;;;2;;;;
27/12/2019;10:48:00;238;com vítima;616;BR-153/GO;Norte;Choque - Elemento de Drenagem;1;;;;;;;;;;2;1;;;
27/12/2019;13:06:00;315;sem vítima;462;BR-262/MG;Leste;Colisão Traseira;2;;;;;;;;;;5;;;;
27/12/2019;13:40:00;341;sem vítima;364;BR-262/MG;Leste;Colisão Traseira;2;;;;;;;;;;2;;;;
27/12/2019;14:34:00;366;sem vítima;889,9;BR-262/MG;Oeste;Colisão Lateral;1;;1;;;;;;;;4;;;;
27/12/2019;15:22:00;402;sem vítima;9,25;BR-060/DF;Sul;Colisão Lateral;1;;;1;;;;;;;3;;;;
27/12/2019;15:40:00;415;sem vítima;575;BR-153/GO;Sul;Choque - Elemento de Drenagem;1;;;;;;;;;;1;;;;
27/12/2019;15:59:00;427;sem vítima;469;BR-262/MG;Oeste;Colisão Lateral;1;;;;;;;;;1;2;;;;
27/12/2019;17:00:00;457;sem vítima;452,5;BR-262/MG;Oeste;Colisão Traseira;2;;;;;;;;;;3;;;;
27/12/2019;21:30:00;579;sem vítima;130;BR-060/GO;Sul;Colisão Traseira;1;;;;;1;;;;;2;;;;
28/12/2019;01:22:00;13;sem vítima;364;BR-262/MG;Oeste;Colisão Traseira;2;;;;;;;;;;2;;;;
28/12/2019;04:46:00;40;sem vítima;64;BR-153/MG;Norte;Saida de Pista;1;;;;;;;;;;3;;;;
28/12/2019;04:46:00;41;sem vítima;439,8;BR-262/MG;Oeste;Atropelamento de Animal;;;1;;;;;;;;1;;;;
28/12/2019;05:29:00;46;sem vítima;643;BR-153/GO;Sul;Capotamento;1;;;;;;;;;;2;;;;
28/12/2019;14:54:00;276;sem vítima;21,2;BR-060/DF;Norte;Choque - Elemento de Drenagem;1;;;;;;;;;;2;;;;
28/12/2019;17:30:00;349;sem vítima;506;BR-153/GO;Norte;Engavetamento;2;;1;;;;;;;;3;;;;
28/12/2019;20:53:00;439;com vítima;357;BR-262/MG;Leste;Queda de Moto;;;;1;;;;;;;0;1;;;
28/12/2019;23:36:00;472;sem vítima;755,5;BR-262/MG;Oeste;Colisão Lateral;1;;1;;;;;;;;4;;;;
29/12/2019;00:51:00;7;sem vítima;607;BR-153/GO;Sul;Colisão Traseira;;;2;;;;;;;;2;;;;
29/12/2019;00:55:00;8;com vítima;90;BR-153/MG;Sul;Saida de Pista;1;;;;;;;;;;2;3;;;
29/12/2019;05:42:00;39;sem vítima;836;BR-262/MG;Oeste;Choque - Talude;1;;;;;;;;;;1;;;;
29/12/2019;05:44:00;40;com vítima;27;BR-060/GO;Norte;Capotamento;1;;;;;;;;;;0;;1;;
29/12/2019;06:32:00;51;sem vítima;10;BR-153/MG;Norte;Choque - Elemento de Drenagem;1;;;;;;;;;;2;;;;
29/12/2019;10:11:00;125;sem vítima;363;BR-262/MG;Oeste;Engavetamento;3;;;;;;;;;;3;;;;
29/12/2019;11:36:00;163;sem vítima;4,8;BR-060/DF;Norte;Colisão Traseira;1;;;;;1;;;;;2;;;;
29/12/2019;12:54:00;205;com vítima;241,3;BR-153/MG;Norte;Atropelamento - Usuário;1;;1;;;;;;;;2;1;;1;
29/12/2019;14:17:00;227;sem vítima;107;BR-060/GO;Sul;Colisão Traseira;;;1;;;;;;;1;3;;;;
29/12/2019;14:23:00;230;com vítima;718,15;BR-262/MG;Oeste;Capotamento;1;;;;;;;;;;1;1;;;
29/12/2019;15:29:00;257;sem vítima;426,1;BR-262/MG;Leste;Choque - Elemento de Drenagem;1;;;;;;;;;;2;;;;
29/12/2019;18:25:00;332;com vítima;96,5;BR-060/GO;Sul;Queda de Moto;;;;1;;;;;;;0;2;;;
29/12/2019;18:36:00;341;sem vítima;400,5;BR-262/MG;Leste;Saida de Pista;;;;;;;;;;1;1;;;;
29/12/2019;20:31:00;382;sem vítima;635,404;BR-153/GO;Sul;Choque- Placa/Suporte Sinalização;1;;;;;;;;;;1;;;;
29/12/2019;23:25:00;421;sem vítima;356;BR-262/MG;Leste;Choque - Outros;2;;;;;;;;;;2;;;;
29/12/2019;23:53:00;429;sem vítima;102;BR-060/GO;Norte;Atropelamento de Animal;1;;;;;;;;;;1;;;;
30/12/2019;15:33:00;344;com vítima;468;BR-262/MG;Leste;Queda de Moto;;;;1;;;;;;;0;2;;;
30/12/2019;16:30:00;376;com vítima;575;BR-153/GO;Sul;Capotamento;1;;;;;1;;;;;1;1;;;
30/12/2019;17:03:00;387;com vítima;506;BR-153/GO;Norte;Engavetamento;2;;;1;;;;;;;2;1;;;
30/12/2019;18:50:00;437;com vítima;75;BR-060/GO;Sul;Atropelamento de Animal;;;;1;;;;;;;0;2;;;
30/12/2019;20:17:00;475;sem vítima;122;BR-060/GO;Sul;Tombamento;;;1;;;;;;;;1;;;;
30/12/2019;20:26:00;478;com vítima;3;BR-060/DF;Norte;Queda de Moto;;;;1;;;;;;;0;2;;;
30/12/2019;21:19:00;497;sem vítima;416;BR-262/MG;Oeste;Queda de Moto;;;;1;;;;;;;1;;;;
30/12/2019;21:25:00;501;com vítima;25;BR-060/GO;Sul;Choque - Elemento de Drenagem;1;;;;;1;;;;;3;2;;;
31/12/2019;02:49:00;23;sem vítima;192,6;BR-153/MG;Sul;Atropelamento de Animal;1;;;;;;;;;;5;;;;
31/12/2019;03:28:00;27;sem vítima;2;BR-060/DF;Sul;Capotamento;;;;;;;;;;1;1;;;;
31/12/2019;05:52:00;43;com vítima;90,7;BR-060/GO;Norte;Tombamento;;;1;;;;;;;;1;1;;;
31/12/2019;06:12:00;49;sem vítima;209,5;BR-153/MG;Norte;Tombamento;;;1;;;;;;;;3;;;;
31/12/2019;09:50:00;152;sem vítima;570;BR-153/GO;Sul;Capotamento;;;;;;;;;;1;3;;;;
31/12/2019;10:54:00;186;sem vítima;6,365;BR-153/MG;Norte;Capotamento;1;;;;;;;;;;1;;;;
31/12/2019;13:10:00;226;sem vítima;25;BR-060/GO;Sul;Choque - Defensa;1;;;;;;;;;;1;;;;
31/12/2019;13:35:00;235;sem vítima;25;BR-060/GO;Norte;Choque - Defensa;1;;;;;;;;;;1;;;;
31/12/2019;14:51:00;263;sem vítima;48,7;BR-060/GO;Norte;Choque- Placa/Suporte Sinalização;1;;;;;;;;;;2;;;;
31/12/2019;16:49:00;299;sem vítima;57,2;BR-060/GO;Norte;Saida de Pista;1;;;;;;;;;;1;;;;
31/12/2019;19:52:00;365;com vítima;439;BR-262/MG;Oeste;Colisão Lateral;;;;2;;;;;;;1;1;1;;
31/12/2019;20:47:00;377;sem vítima;619;BR-153/GO;Sul;Saida de Pista;;;;1;;;;;;;1;;;;
31/12/2019;22:29:00;411;sem vítima;621;BR-153/GO;Sul;Saida de Pista;;;;1;;;;;;;1;;;;
01/11/2019;03:17:00;45;sem vítima;567,5;BR-262/MG;Oeste;Saida de Pista;;;1;;;;;;;;1;;;;
01/11/2019;05:24:00;64;sem vítima;100;BR-153/MG;Norte;Capotamento;1;;;;;;;;;;2;;;;
01/11/2019;06:45:00;85;sem vítima;508;BR-153/GO;Norte;Colisão Traseira;2;;;;;;;;;;2;;;;
01/11/2019;07:53:00;118;com vítima;129,5;BR-060/GO;Sul;Colisão Lateral;;;1;2;;;;;;;3;1;;;
01/11/2019;08:09:00;127;com vítima;493;BR-153/GO;Sul;Queda de Moto;;;;1;;;;;;;0;1;;;
01/11/2019;09:08:00;171;sem vítima;512;BR-153/GO;Norte;Colisão Traseira;1;;;1;;;;;;;2;;;;
01/11/2019;10:16:00;220;sem vítima;580;BR-262/MG;Leste;Colisão Traseira;1;;;;;1;;;;;2;;;;
01/11/2019;12:52:00;308;sem vítima;47,5;BR-153/MG;Sul;Capotamento;;;;;;;;;;1;2;;;;
01/11/2019;14:47:00;359;sem vítima;28;BR-153/MG;Norte;Saida de Pista;1;;;;;;;;;;3;;;;
01/11/2019;14:54:00;363;sem vítima;708;BR-262/MG;Leste;Saida de Pista;;;;;;;;;;1;1;;;;
01/11/2019;14:57:00;365;com vítima;644;BR-262/MG;Leste;Capotamento;;;;;;;;;;1;0;1;;;
01/11/2019;16:16:00;391;sem vítima;381;BR-262/MG;Leste;Choque - Talude;1;;;;;;;;;;1;;;;
01/11/2019;16:34:00;405;sem vítima;118;BR-060/GO;Sul;Carreta deu L;;;2;;;;;;;;3;;;;
01/11/2019;16:55:00;412;sem vítima;32;BR-060/GO;Norte;Colisão Lateral;1;;;;;;;;;1;2;;;;
01/11/2019;17:23:00;426;sem vítima;579,3;BR-262/MG;Oeste;Tombamento;;;1;;;;;;;;1;;;;
01/11/2019;17:32:00;432;sem vítima;505,1;BR-153/GO;Sul;Engavetamento;4;;;;;;;;;;5;;;;
01/11/2019;18:22:00;454;sem vítima;495;BR-262/MG;Leste;Colisão Lateral;1;;1;;;;;;;;2;;;;
01/11/2019;19:05:00;475;com vítima;575;BR-262/MG;Leste;Colisão Frontal;1;;1;;;;;;;;0;;2;;
01/11/2019;19:14:00;477;sem vítima;50;BR-060/GO;Sul;Choque - Objeto sobre a pista;1;;;;;;;;;;1;;;;
01/11/2019;19:29:00;481;sem vítima;549;BR-262/MG;Leste;Choque - Talude;1;;;;;;;;;;3;;;;
01/11/2019;20:41:00;516;sem vítima;498,1;BR-153/GO;Sul;Engavetamento;4;;;;;;;;;;4;;;;
01/11/2019;21:19:00;528;sem vítima;514;BR-153/GO;Norte;Colisão Lateral;2;;;;;;;;;;2;;;;
01/11/2019;21:54:00;542;com vítima;502;BR-153/GO;Sul;Atropelamento - Morador/Trabalhador;;;;1;;;;;;;0;1;;1;
01/11/2019;22:04:00;546;sem vítima;504;BR-153/GO;Norte;Colisão Traseira;;;;1;;1;;;;;2;;;;
02/11/2019;01:49:00;35;sem vítima;5;BR-060/GO;Sul;Capotamento;1;;;;;;;;;;1;;;;
02/11/2019;07:42:00;135;com vítima;802,8;BR-262/MG;Leste;Atropelamento de Animal;;;;1;;;;;;;1;;1;;
02/11/2019;09:52:00;228;sem vítima;450;BR-262/MG;Oeste;Choque - Talude;1;;;;;;;;;;1;;;;
02/11/2019;19:13:00;528;sem vítima;243,868;BR-153/MG;Norte;Atropelamento de Animal;;;1;;;;;;;;1;;;;
02/11/2019;19:48:00;538;com vítima;535,157;BR-153/GO;Sul;Colisão Lateral;1;;;1;;;;;;;1;;1;;
02/11/2019;20:38:00;554;com vítima;479,088;BR-262/MG;Oeste;Choque - Defensa, barreira ou "submarino";;;;;;;;;;1;0;;1;;
02/11/2019;20:40:00;557;com vítima;228;BR-153/MG;Norte;Saida de Pista;1;;;;;;;;;;0;1;;;
03/11/2019;00:38:00;5;sem vítima;447;BR-262/MG;Oeste;Atropelamento de Animal;1;;;;;;;;;;2;;;;
03/11/2019;01:00:00;11;com vítima;662,85;BR-262/MG;Oeste;Choque - Arvore;;;;;;;;;;1;1;1;;;
03/11/2019;06:59:00;79;com vítima;35,8;BR-153/MG;Norte;Saida de Pista;1;;;;;;;;;;0;1;;;
03/11/2019;07:46:00;97;com vítima;575;BR-262/MG;Oeste;Tombamento;;;1;;;;;;;;0;;;1;
03/11/2019;14:21:00;313;sem vítima;796;BR-262/MG;Leste;Atropelamento de Animal;1;;;;;;;;;;1;;;;
03/11/2019;15:11:00;339;sem vítima;504,2;BR-153/GO;Sul;Colisão Traseira;2;;;;;;;;;;2;;;;
03/11/2019;15:37:00;350;com vítima;229,9;BR-153/MG;Sul;Queda em Ribanceira;1;;;;;;;;;;0;1;;;
03/11/2019;16:30:00;382;sem vítima;480,2;BR-262/MG;Leste;Engavetamento;2;;;;;1;;;;;3;;;;
03/11/2019;22:19:00;537;sem vítima;6,822;BR-060/DF;Sul;Choque- Poste/Equipamento;1;;;;;;;;;;1;;;;
04/11/2019;03:23:00;62;sem vítima;694,9;BR-153/GO;Sul;Atropelamento de Animal;1;;;;;;;;;;1;;;;
04/11/2019;04:37:00;84;com vítima;511,9;BR-153/GO;Sul;Queda de Moto;;;;1;;;;;;;0;1;;;
04/11/2019;06:01:00;116;sem vítima;588;BR-153/GO;Norte;Atropelamento de Animal;1;;;;;;;;;;1;;;;
04/11/2019;06:50:00;133;sem vítima;13;BR-153/MG;Norte;Capotamento;;;2;;;;;;;;2;;;;
04/11/2019;08:11:00;145;sem vítima;630;BR-262/MG;Oeste;Tombamento;;;1;;;;;;;;1;;;;
04/11/2019;11:32:00;312;sem vítima;58;BR-153/MG;Norte;Choque - Defensa, barreira ou "submarino";;;1;;;;;;;;1;;;;
04/11/2019;15:19:00;436;sem vítima;17;BR-060/GO;Sul;Colisão Traseira;;;2;;;;;;;;2;;;;
04/11/2019;15:33:00;445;sem vítima;500;BR-153/GO;Sul;Engavetamento;2;;;;;;;;;1;3;;;;
05/11/2019;05:36:00;49;sem vítima;626;BR-262/MG;Oeste;Saida de Pista;;;1;;;;;;;;1;;;;
05/11/2019;06:44:00;70;sem vítima;506,8;BR-153/GO;Sul;Queda de Moto;;;;1;;;;;;;1;;;;
05/11/2019;07:01:00;81;sem vítima;502;BR-153/GO;Norte;Engavetamento;3;;;;;;;;;;3;;;;
05/11/2019;07:41:00;98;sem vítima;504;BR-153/GO;Norte;Engavetamento;3;;;;;;;;;;3;;;;
05/11/2019;08:34:00;140;sem vítima;492;BR-153/GO;Sul;Colisão Traseira;;;1;;;;;;;1;2;;;;
05/11/2019;11:08:00;283;sem vítima;52,1;BR-153/MG;Norte;Colisão Traseira;;;;;;;;;;2;2;;;;
05/11/2019;11:27:00;299;sem vítima;450;BR-262/MG;Leste;Engavetamento;2;;1;;;;;;;;3;;;;
05/11/2019;11:41:00;306;com vítima;499;BR-153/GO;Sul;Queda de Moto;;;;1;;;;;;;0;;1;;
05/11/2019;14:26:00;387;com vítima;815;BR-262/MG;Leste;Capotamento;1;;;;;;;;;;0;1;;;
05/11/2019;14:57:00;397;sem vítima;628;BR-153/GO;Norte;Choque - Talude;1;;;;;;;;;;1;;;;
05/11/2019;15:39:00;416;com vítima;3;BR-060/DF;Sul;Colisão Lateral;1;;1;;;;;;;;4;;2;;
05/11/2019;17:30:00;466;sem vítima;532;BR-153/GO;Norte;Tombamento;;;1;;;;;;;;1;;;;
05/11/2019;17:37:00;469;sem vítima;505,5;BR-153/GO;Sul;Colisão Traseira;2;;;;;;;;;;2;;;;
05/11/2019;17:41:00;472;com vítima;470;BR-262/MG;Oeste;Colisão Transversal;;;1;1;;;;;;1;2;;;1;
05/11/2019;17:49:00;477;com vítima;101;BR-060/GO;Norte;Colisão Traseira;1;;;1;;;;;;;1;1;;;
05/11/2019;17:58:00;483;sem vítima;558,5;BR-153/GO;Norte;Saida de Pista;1;;;;;;;;;;1;;;;
05/11/2019;18:59:00;516;sem vítima;92;BR-060/GO;Sul;Atropelamento de Animal;1;;;;;;;;;;1;;;;
05/11/2019;20:17:00;552;sem vítima;98;BR-153/MG;Sul;Saida de Pista;1;;;;;;;;;;1;;;;
05/11/2019;21:22:00;576;sem vítima;425,3;BR-262/MG;Leste;Choque - Veiculo parado no acostamento;;;2;;;;;;;;2;;;;
06/11/2019;05:06:00;53;sem vítima;394,7;BR-262/MG;Oeste;Choque - Talude;1;;;;;;;;;;1;;;;
06/11/2019;05:54:00;60;sem vítima;361,2;BR-262/MG;Leste;Capotamento;1;;;;;;;;;;1;;;;
06/11/2019;08:44:00;177;com vítima;103,2;BR-060/GO;Norte;Capotamento;1;;;;;;;;;;0;;1;;
06/11/2019;12:14:00;338;sem vítima;16;BR-060/GO;Norte;Tombamento;;;1;;;;;;;;2;;;;
06/11/2019;15:44:00;448;sem vítima;431;BR-262/MG;Leste;Queda de Moto;;;;1;;;;;;;1;;;;
06/11/2019;15:57:00;459;sem vítima;741;BR-262/MG;Oeste;Colisão Traseira;;;1;;;;;;;1;4;;;;
06/11/2019;17:21:00;503;sem vítima;48;BR-153/MG;Norte;Capotamento;1;;;;;1;;;;;3;;;;
06/11/2019;20:19:00;573;com vítima;23,541;BR-060/GO;Norte;Colisão Traseira;;;1;;;;;;;1;4;1;;;
06/11/2019;20:38:00;581;com vítima;826;BR-262/MG;Oeste;Colisão Traseira;1;;1;;;;;;;;1;2;2;;
06/11/2019;20:39:00;582;sem vítima;507;BR-153/GO;Norte;Saida de Pista;1;;;;;;;;;;1;;;;
06/11/2019;21:56:00;605;sem vítima;531,829;BR-153/GO;Sul;Choque - Defensa, barreira ou "submarino";1;;;;;;;;;;1;;;;
06/11/2019;22:21:00;614;com vítima;552;BR-262/MG;Leste;Tombamento;;;1;;;;;;;;0;1;1;;
06/11/2019;22:53:00;619;com vítima;582;BR-262/MG;Leste;Capotamento;1;;;;;;;;;;0;;2;;