data;horario;n_da_ocorrencia;tipo_de_ocorrencia;km;trecho;sentido;tipo_de_acidente;automovel;bicicleta;caminhao;moto;onibus;outros;tracao_animal;transporte_de_cargas_especiais;trator_maquinas;utilitarios;ilesos;levemente_feridos;moderadamente_feridos;gravemente_feridos;mortos
07/11/2019;04:23:00;65;sem vítima;699;BR-153/GO;Sul;Choque - Defensa, barreira ou "submarino";1;;;;;;;;;;1;;;;
07/11/2019;05:48:00;91;sem vítima;47,5;BR-153/MG;Sul;Choque - Elemento de Drenagem;;;1;;;;;;;;1;;;;
07/11/2019;07:28:00;159;sem vítima;508,5;BR-153/GO;Norte;Engavetamento;3;;;;;;;;;;7;;;;
07/11/2019;15:15:00;470;sem vítima;658;BR-262/MG;Leste;Saida de Pista;1;;;;;;;;;;1;;;;
07/11/2019;15:49:00;494;sem vítima;500,5;BR-153/GO;Norte;Colisão Lateral;1;;1;;;;;;;;2;;;;
07/11/2019;16:27:00;519;sem vítima;521,8;BR-153/GO;Norte;Colisão Traseira;1;;;;;;;;;1;2;;;;
07/11/2019;17:13:00;543;com vítima;121;BR-153/MG;Sul;Colisão Traseira;;;2;;;;;;;;1;2;;;
07/11/2019;17:42:00;557;sem vítima;500,5;BR-153/GO;Norte;Colisão Lateral;1;;1;;;;;;;;2;;;;
07/11/2019;18:50:00;592;com vítima;499;BR-153/GO;Sul;Colisão Lateral;;;;2;;1;;;;;4;1;;;
07/11/2019;21:17:00;649;sem vítima;631;BR-153/GO;Norte;Capotamento;1;;;;;;;;;;1;;;;
07/11/2019;22:58:00;683;sem vítima;643;BR-153/GO;Norte;Saida de Pista;1;;;;;;;;;;1;;;;
07/11/2019;23:02:00;685;sem vítima;478;BR-262/MG;Leste;Colisão Traseira;;;1;;1;;;;;;26;;;;
08/11/2019;02:46:00;45;sem vítima;360;BR-262/MG;Leste;Choque - Elemento de Drenagem;1;;;;;;;;;;1;;;;
08/11/2019;03:02:00;50;sem vítima;416,242;BR-262/MG;Leste;Colisão Traseira;;;1;;;;;;;1;2;;;;
08/11/2019;05:59:00;94;com vítima;190,5;BR-153/MG;Sul;Colisão Lateral;2;;;;;;;;;;0;5;;;2
08/11/2019;06:54:00;119;com vítima;505;BR-153/GO;Norte;Colisão Lateral;1;;;1;;;;;;;1;1;;;
08/11/2019;09:39:00;220;sem vítima;16;BR-060/GO;Norte;Capotamento;1;;;;;1;;;;;2;;;;
08/11/2019;10:35:00;259;sem vítima;20;BR-060/GO;Norte;Colisão Lateral;1;;;;;;;;;1;2;;;;
08/11/2019;12:29:00;325;com vítima;584;BR-262/MG;Leste;Capotamento;1;;;;;;;;;;4;;1;;
08/11/2019;12:41:00;330;com vítima;520;BR-153/GO;Norte;Queda de Moto;;;;1;;;;;;;1;;1;;
08/11/2019;13:08:00;343;com vítima;619;BR-153/GO;Sul;Capotamento;1;;1;;;;;;;;1;;1;;
08/11/2019;13:27:00;354;sem vítima;505;BR-153/GO;Norte;Colisão Traseira;2;;;;;;;;;;2;;;;
08/11/2019;13:28:00;355;sem vítima;559;BR-262/MG;Oeste;Tombamento;;;1;;;;;;;;1;;;;
08/11/2019;14:23:00;384;sem vítima;613;BR-262/MG;Oeste;Queda de Moto;;;;1;;;;;;;1;;;;
08/11/2019;15:39:00;404;com vítima;23,9;BR-060/GO;Norte;Choque - Arvore;1;;;;;;;;;;0;2;;;
08/11/2019;15:47:00;411;sem vítima;96;BR-060/GO;Norte;Colisão Traseira;2;;;;;;;;;;2;;;;
08/11/2019;16:35:00;436;com vítima;547;BR-262/MG;Leste;Queda de Moto;;;;1;;;;;;;0;1;;;
08/11/2019;16:58:00;452;com vítima;493;BR-153/GO;Sul;Colisão Lateral;1;;;1;;;;;;;1;1;;;
08/11/2019;18:40:00;506;sem vítima;100;BR-060/GO;Sul;Colisão Traseira;1;;;;;1;;;;;2;;;;
08/11/2019;19:16:00;521;com vítima;100;BR-060/GO;Norte;Engavetamento;3;;1;;;;;;;;2;2;;;
08/11/2019;19:17:00;522;com vítima;477;BR-262/MG;Oeste;Colisão Transversal;2;;;;;;;;;;1;2;;;
08/11/2019;19:41:00;530;sem vítima;133,9;BR-060/GO;Sul;Colisão Traseira;2;;;;;;;;;;2;;;;
08/11/2019;19:59:00;536;sem vítima;794;BR-262/MG;Leste;Colisão Traseira;3;;;;;;;;;;3;;;;
08/11/2019;20:08:00;540;sem vítima;444,963;BR-262/MG;Leste;Colisão Traseira;1;;1;;;;;;;;2;;;;
08/11/2019;23:59:00;625;sem vítima;139;BR-153/MG;Norte;Colisão Traseira;1;;;;;;;;;1;2;;;;
09/11/2019;00:55:00;15;com vítima;574,5;BR-262/MG;Leste;Saida de Pista;1;;;;;;;;;;0;1;;;
09/11/2019;05:54:00;79;com vítima;514;BR-153/GO;Norte;Colisão Lateral;1;;;1;;;;;;;1;;;1;
09/11/2019;10:33:00;254;sem vítima;17;BR-153/MG;Norte;Colisão Traseira;;;2;;;;;;;;2;;;;
09/11/2019;10:49:00;267;sem vítima;500;BR-153/GO;Sul;Colisão Traseira;1;;;1;;;;;;;2;;;;
09/11/2019;11:49:00;309;sem vítima;104;BR-060/GO;Sul;Capotamento;1;;;;;;;;;;1;;;;
09/11/2019;13:47:00;369;com vítima;92;BR-153/MG;Norte;Colisão Lateral;1;;1;;;;;;;;2;1;;;
09/11/2019;14:38:00;397;sem vítima;413;BR-262/MG;Oeste;Capotamento;1;;;;;;;;;;1;;;;
09/11/2019;14:47:00;407;sem vítima;69;BR-153/MG;Sul;Saida de Pista;;;1;;;;;;;;1;;;;
09/11/2019;15:27:00;427;sem vítima;83,501;BR-060/GO;Norte;Capotamento;1;;;;;;;;;;1;;;;
09/11/2019;16:38:00;460;sem vítima;31;BR-060/DF;Norte;Queda de Moto;;;;1;;;;;;;2;;;;
09/11/2019;17:53:00;495;sem vítima;663;BR-262/MG;Oeste;Choque - Arvore;;;1;;;;;;;;1;;;;
09/11/2019;18:04:00;499;com vítima;197;BR-153/MG;Sul;Colisão Lateral;2;;;;;;;;;;0;3;;;
09/11/2019;18:46:00;522;com vítima;502;BR-153/GO;Sul;Queda de Moto;;;;1;;;;;;;0;;2;;
09/11/2019;19:41:00;541;com vítima;393;BR-262/MG;Oeste;Queda de Moto;;;;1;;;;;;;0;2;;;
09/11/2019;20:25:00;565;sem vítima;380;BR-262/MG;Leste;Saida de Pista;1;;;;;;;;;;2;;;;
09/11/2019;20:29:00;569;com vítima;511,399;BR-153/GO;Sul;Colisão Traseira;1;;;;;;;;;1;2;;1;;
09/11/2019;22:18:00;606;com vítima;442;BR-262/MG;Leste;Atropelamento - Usuário;1;;;;;;;;;;1;;;2;
09/11/2019;22:41:00;618;sem vítima;388;BR-262/MG;Oeste;Saida de Pista;1;;;;;;;;;;1;;;;
09/11/2019;22:52:00;621;com vítima;683;BR-153/GO;Norte;Carreta deu L;;;1;;;;;;;;0;1;;;
10/11/2019;00:28:00;4;sem vítima;499;BR-153/GO;Sul;Colisão Traseira;3;;;;;;;;;;3;;;;
10/11/2019;00:43:00;9;com vítima;505,784;BR-153/GO;Norte;Colisão Traseira;1;;;1;;;;;;;1;;;;1
10/11/2019;05:22:00;70;sem vítima;355;BR-262/MG;Leste;Capotamento;1;;;;;;;;;;2;;;;
10/11/2019;06:05:00;84;sem vítima;413,7;BR-262/MG;Oeste;Capotamento;1;;;;;;;;;;1;;;;
10/11/2019;08:12:00;148;sem vítima;553;BR-153/GO;Norte;Colisão Traseira;;;2;;;;;;;;2;;;;
10/11/2019;10:14:00;223;com vítima;393;BR-262/MG;Leste;Colisão Traseira;2;;;;;;;;;;3;1;;;
10/11/2019;11:51:00;275;sem vítima;509;BR-153/GO;Sul;Choque - Defensa;1;;;;;;;;;;1;;;;
10/11/2019;13:34:00;317;sem vítima;767;BR-262/MG;Leste;Saida de Pista;;;1;;;;;;;;1;;;;
10/11/2019;14:16:00;334;com vítima;389;BR-262/MG;Oeste;Choque - Defensa, barreira ou "submarino";1;;;;;;;;;;1;1;;;
10/11/2019;14:44:00;345;sem vítima;108,508;BR-153/MG;Norte;Tombamento;;;1;;;;;;;;1;;;;
10/11/2019;14:46:00;346;com vítima;14,5;BR-060/DF;Sul;Capotamento;1;;;;;;;;;;0;1;;;
10/11/2019;14:59:00;347;sem vítima;643;BR-153/GO;Sul;Choque - Elemento de Drenagem;1;;;;;;;;;;3;;;;
10/11/2019;15:13:00;352;com vítima;388;BR-262/MG;Leste;Capotamento;1;;;;;;;;;;0;1;;;
10/11/2019;16:25:00;378;sem vítima;389;BR-262/MG;Oeste;Choque- Placa/Suporte Sinalização;1;;;;;;;;;;1;;;;
10/11/2019;16:41:00;386;com vítima;109;BR-060/GO;Norte;Choque - Defensa, barreira ou "submarino";1;;;;;;;;;;4;1;;;
11/11/2019;07:16:00;110;com vítima;500;BR-153/GO;Sul;Colisão Traseira;2;;;;;;;;;;3;1;;;
11/11/2019;09:08:00;194;sem vítima;1;BR-153/MG;Norte;Colisão Lateral;2;;;;;;;;;;2;;;;
11/11/2019;11:35:00;286;com vítima;155,9;BR-153/MG;Sul;Capotamento;1;;;;;;;;;;0;2;;;
11/11/2019;15:23:00;394;sem vítima;136,6;BR-060/GO;Sul;Tombamento;;;1;;;;;;;;1;;;;
11/11/2019;15:28:00;398;sem vítima;401,2;BR-262/MG;Leste;Colisão Traseira;2;;;;;;;;;;2;;;;
11/11/2019;16:59:00;431;com vítima;91;BR-153/MG;Norte;Colisão Traseira;1;;;;;;;;;1;1;1;;1;
11/11/2019;17:00:00;432;sem vítima;55;BR-060/GO;Sul;Choque - Objeto sobre a pista;1;;;;;;;;;;1;;;;
11/11/2019;19:52:00;507;com vítima;671,5;BR-262/MG;Oeste;Colisão Traseira;1;;;;;;;;;1;2;1;;;
12/11/2019;01:12:00;17;sem vítima;601,95;BR-262/MG;Leste;Tombamento;;;1;;;;;;;;1;;;;
12/11/2019;05:32:00;69;sem vítima;502;BR-153/GO;Sul;Choque- Poste/Equipamento;1;;;;;;;;;;1;;;;
12/11/2019;12:43:00;330;sem vítima;580;BR-262/MG;Leste;Queda de Moto;;;;1;;;;;;;1;;;;
12/11/2019;15:20:00;443;sem vítima;534;BR-153/GO;Norte;Colisão Traseira;;;2;;;;;;;;2;;;;
12/11/2019;17:13:00;518;com vítima;499;BR-153/GO;Sul;Colisão Lateral;1;;;1;;;;;;;1;1;1;;
12/11/2019;17:32:00;529;com vítima;811;BR-262/MG;Leste;Capotamento;1;;;;;;;;;;0;;1;;
12/11/2019;18:03:00;548;sem vítima;496;BR-153/GO;Sul;Engavetamento;3;;;;;;;;;;3;;;;
12/11/2019;20:03:00;620;sem vítima;498;BR-153/GO;Sul;Engavetamento;3;;;;;;;;;;3;;;;
12/11/2019;21:45:00;666;com vítima;497;BR-153/GO;Sul;Colisão Traseira;1;;;1;;1;;;;;2;;1;;
13/11/2019;02:36:00;43;com vítima;700;BR-262/MG;Oeste;Colisão Frontal;;;3;;;;;;;;2;1;;;
13/11/2019;05:08:00;66;sem vítima;28;BR-060/GO;Sul;Atropelamento de Animal;1;;;;;;;;;;1;;;;
13/11/2019;07:07:00;110;sem vítima;394;BR-262/MG;Oeste;Colisão Lateral;;;;;;;;;;2;2;;;;
13/11/2019;07:40:00;130;sem vítima;501;BR-153/GO;Norte;Colisão Lateral;1;;1;;;;;;;;2;;;;
13/11/2019;07:44:00;133;sem vítima;502;BR-153/GO;Norte;Colisão Traseira;1;;;1;;;;;;;2;;;;
13/11/2019;07:52:00;140;com vítima;0;BR-060/DF;Norte;Colisão Traseira;;;1;1;;;;;;;1;2;;;
13/11/2019;07:59:00;147;com vítima;501;BR-153/GO;Sul;Colisão Traseira;;;;1;;1;;;;;1;1;;;
13/11/2019;09:14:00;200;sem vítima;381;BR-262/MG;Oeste;Capotamento;1;;;;;;;;;;4;;;;
13/11/2019;11:25:00;292;sem vítima;93;BR-060/GO;Norte;Colisão Lateral;1;;1;;;;;;;;2;;;;
13/11/2019;12:49:00;351;com vítima;505;BR-153/GO;Sul;Colisão Traseira;;;;2;;;;;;;1;;1;;
13/11/2019;15:18:00;430;sem vítima;481;BR-262/MG;Leste;Colisão Traseira;;;1;;;;;;;1;3;;;;
13/11/2019;17:10:00;496;sem vítima;516;BR-153/GO;Norte;Colisão Traseira;1;;;;;1;;;;;2;;;;
13/11/2019;19:29:00;576;com vítima;93,8;BR-153/MG;Sul;Capotamento;;;;;;;;;;1;1;1;;;
13/11/2019;20:21:00;590;sem vítima;514;BR-153/GO;Sul;Colisão Lateral;1;;;;;;;;;1;5;;;;
13/11/2019;22:01:00;624;sem vítima;366;BR-262/MG;Oeste;Colisão Traseira;;;2;;;;;;;;2;;;;
13/11/2019;23:38:00;647;sem vítima;106;BR-060/GO;Sul;Colisão Traseira;1;;1;;;;;;;;2;;;;
14/11/2019;02:16:00;49;sem vítima;411,5;BR-262/MG;Leste;Choque - Objeto sobre a pista;;;1;;;;;;;;1;;;;
14/11/2019;05:56:00;85;sem vítima;655;BR-262/MG;Oeste;Saida de Pista;1;;;;;;;;;;2;;;;
14/11/2019;06:44:00;106;sem vítima;827;BR-262/MG;Oeste;Colisão Traseira;;;2;;;;;;;;2;;;;
14/11/2019;07:59:00;155;sem vítima;500,5;BR-153/GO;Norte;Colisão Lateral;1;;1;;;;;;;;2;;;;
14/11/2019;09:08:00;202;sem vítima;502,5;BR-153/GO;Norte;Colisão Traseira;2;;;;;;;;;;2;;;;
14/11/2019;09:30:00;211;sem vítima;504,1;BR-153/GO;Norte;Engavetamento;2;;;;;;;;;1;3;;;;
14/11/2019;11:49:00;291;com vítima;500;BR-153/GO;Sul;Engavetamento;4;;;;;;;;;;3;1;;;
14/11/2019;14:53:00;380;sem vítima;405;BR-262/MG;Leste;Saida de Pista;;;;;;;;;;1;3;;;;
14/11/2019;15:09:00;390;sem vítima;745;BR-262/MG;Leste;Engavetamento;1;;2;;;;;;;;4;;;;
14/11/2019;15:12:00;391;sem vítima;549;BR-262/MG;Leste;Colisão Lateral;1;;1;;;;;;;;5;;;;
14/11/2019;15:39:00;405;sem vítima;388;BR-262/MG;Oeste;Saida de Pista;1;;;;;;;;;;1;;;;
14/11/2019;15:39:00;406;com vítima;8,5;BR-153/MG;Norte;Queda de Moto;;;;1;;;;;;;0;;;1;
14/11/2019;15:58:00;415;sem vítima;495;BR-153/GO;Sul;Colisão Traseira;1;;;;;;;;;1;2;;;;
14/11/2019;16:15:00;424;sem vítima;363;BR-262/MG;Leste;Colisão Lateral;;;1;;;;;;;1;2;;;;
14/11/2019;16:42:00;439;sem vítima;380;BR-262/MG;Leste;Saida de Pista;1;;;;;;;;;;1;;;;
14/11/2019;17:05:00;456;sem vítima;38,7;BR-153/MG;Norte;Saida de Pista;1;;;;;;;;;;4;;;;
14/11/2019;17:28:00;463;sem vítima;62;BR-153/MG;Norte;Choque - Elemento de Drenagem;1;;;;;;;;;;1;;;;
14/11/2019;19:02:00;507;com vítima;145,117;BR-153/MG;Sul;Colisão Lateral;;;3;;;;;;;;2;1;;;
14/11/2019;20:21:00;556;sem vítima;499;BR-153/GO;Sul;Engavetamento;4;;;;;;;;;;4;;;;
14/11/2019;23:01:00;620;sem vítima;729;BR-262/MG;Leste;Tombamento;;;1;;;;;;;;1;;;;
14/11/2019;23:15:00;625;com vítima;460;BR-262/MG;Oeste;Choque - Barreira;;;1;;;;;;;;0;;;;1
14/11/2019;23:54:00;634;sem vítima;460;BR-262/MG;Leste;Choque - Objeto sobre a pista;1;;;;;;;;;;1;;;;
15/11/2019;00:14:00;5;sem vítima;459,5;BR-262/MG;Oeste;Colisão Traseira;;;1;;1;;;;;;40;;;;
15/11/2019;01:35:00;25;sem vítima;461;BR-262/MG;Leste;Colisão Traseira;2;;;;;;;;;;5;;;;
15/11/2019;03:26:00;55;sem vítima;390;BR-262/MG;Leste;Choque - Elemento de Drenagem;1;;;;;;;;;;1;;;;
15/11/2019;03:41:00;57;com vítima;547;BR-262/MG;Oeste;Capotamento;;;;;;;;;;1;2;1;;;
15/11/2019;03:55:00;58;sem vítima;549;BR-262/MG;Oeste;Choque - Barreira;1;;;;;;;;;;4;;;;
15/11/2019;04:58:00;65;sem vítima;514;BR-153/GO;Norte;Colisão Lateral;2;;;;;;;;;;2;;;;
15/11/2019;07:08:00;113;sem vítima;380;BR-262/MG;Leste;Capotamento;1;;;;;;;;;;1;;;;
15/11/2019;07:46:00;133;com vítima;549;BR-262/MG;Leste;Choque - Talude;1;;;;;;;;;;3;1;;;
15/11/2019;07:48:00;134;sem vítima;604;BR-262/MG;Leste;Choque - Elemento de Drenagem;1;;;;;;;;;;1;;;;
15/11/2019;07:56:00;140;sem vítima;595;BR-262/MG;Leste;Capotamento;;;1;;;;;;;;1;;;;
15/11/2019;07:59:00;142;com vítima;382,5;BR-262/MG;Oeste;Queda de Moto;;;;1;;;;;;;0;;1;;
15/11/2019;08:56:00;173;sem vítima;588;BR-262/MG;Leste;Capotamento;;;;;;;;;;1;1;;;;
15/11/2019;09:48:00;205;sem vítima;385,8;BR-262/MG;Oeste;Capotamento;1;;;;;;;;;;3;;;;
15/11/2019;10:07:00;222;com vítima;103;BR-060/GO;Sul;Capotamento;;;;;;;;;;1;0;1;;;
15/11/2019;10:22:00;231;sem vítima;380,8;BR-262/MG;Oeste;Choque - Elemento de Drenagem;1;;;;;;;;;;4;;;;
15/11/2019;11:12:00;255;com vítima;109;BR-060/GO;Norte;Capotamento;1;;;;;;;;;;0;3;;;
15/11/2019;11:42:00;270;sem vítima;30;BR-060/DF;Norte;Choque - Elemento de Drenagem;1;;;;;;;;;;1;;;;
15/11/2019;12:13:00;290;sem vítima;120;BR-060/GO;Sul;Choque - Arvore;1;;;;;;;;;;1;;;;
15/11/2019;13:45:00;321;com vítima;79;BR-060/GO;Norte;Queda de Moto;;;;1;;;;;;;0;1;;;
15/11/2019;13:53:00;325;sem vítima;130;BR-060/GO;Sul;Colisão Traseira;2;;;;;;;;;;2;;;;
15/11/2019;14:43:00;354;com vítima;603;BR-153/GO;Norte;Capotamento;;;1;;;;;;;;0;1;;;
15/11/2019;14:56:00;360;com vítima;134,4;BR-153/MG;Norte;Colisão Traseira;;;2;;;;;;;;1;2;;;
15/11/2019;15:09:00;365;sem vítima;621,15;BR-153/GO;Norte;Saida de Pista;1;;;;;;;;;;3;;;;
15/11/2019;15:23:00;369;com vítima;385;BR-262/MG;Oeste;Capotamento;1;;;;;;;;;;2;1;;;
15/11/2019;15:23:00;370;sem vítima;608;BR-262/MG;Oeste;Saida de Pista;1;;;;;;;;;;1;;;;
15/11/2019;15:34:00;375;com vítima;385;BR-262/MG;Oeste;Colisão Traseira;1;;;;;;;;;1;0;2;;1;
15/11/2019;15:40:00;379;sem vítima;380;BR-262/MG;Leste;Choque - Elemento de Drenagem;;;;;;;;;;1;1;;;;
15/11/2019;16:11:00;389;com vítima;495;BR-153/GO;Sul;Queda de Moto;;;;1;;;;;;;0;1;;;
15/11/2019;16:33:00;404;sem vítima;497;BR-153/GO;Sul;Choque - Defensa, barreira ou "submarino";;;1;;;;;;;;1;;;;
15/11/2019;17:02:00;417;com vítima;656,156;BR-262/MG;Leste;Tombamento;;;;;;;;;;1;0;2;;;
15/11/2019;17:19:00;424;sem vítima;121,5;BR-060/GO;Sul;Colisão Traseira;2;;;;;;;;;;6;;;;
15/11/2019;17:23:00;427;sem vítima;104;BR-060/GO;Sul;Saida de Pista;;;1;;;;;;;;1;;;;
15/11/2019;18:23:00;447;sem vítima;684;BR-153/GO;Norte;Saida de Pista;;;1;;;;;;;;1;;;;
15/11/2019;19:44:00;484;sem vítima;595;BR-262/MG;Leste;Tombamento;;;1;;;;;;;;1;;;;
15/11/2019;21:31:00;532;sem vítima;549;BR-262/MG;Oeste;Choque - Elemento de Drenagem;1;;;;;;;;;;1;;;;
15/11/2019;21:39:00;535;sem vítima;16;BR-060/DF;Sul;Saida de Pista;1;;;;;;;;;;2;;;;
15/11/2019;22:06:00;543;com vítima;670;BR-153/GO;Norte;Saida de Pista;1;;;;;;;;;;0;1;;;
16/11/2019;01:56:00;40;com vítima;15;BR-060/DF;Sul;Tombamento;;;1;;;;;;;;0;1;;;
16/11/2019;10:21:00;240;com vítima;499;BR-153/GO;Sul;Colisão Traseira;1;;;1;;;;;;;1;;1;;
16/11/2019;10:43:00;261;sem vítima;498;BR-153/GO;Sul;Colisão Traseira;1;;;1;;;;;;;2;;;;
16/11/2019;12:49:00;317;sem vítima;575,5;BR-153/GO;Norte;Choque - Veiculo parado no acostamento;1;;1;;;;;;;;2;;;;
16/11/2019;13:34:00;334;sem vítima;502;BR-153/GO;Sul;Colisão Lateral;1;;1;;;;;;;;2;;;;
16/11/2019;14:57:00;365;com vítima;583,961;BR-262/MG;Oeste;Colisão Frontal;1;;;;1;;;;;;2;2;1;;5
16/11/2019;15:22:00;378;sem vítima;663,8;BR-153/GO;Norte;Capotamento;1;;;;;;;;;;2;;;;
16/11/2019;17:09:00;427;sem vítima;534;BR-262/MG;Leste;Choque - Talude;1;;;;;;;;;;1;;;;
16/11/2019;17:53:00;438;com vítima;107;BR-060/GO;Norte;Colisão Traseira;;;;1;;;;;;1;1;2;;;
16/11/2019;19:48:00;485;sem vítima;135;BR-060/GO;Norte;Colisão Traseira;1;;;;;;;;;;1;;;;
16/11/2019;21:57:00;541;sem vítima;96;BR-153/MG;Norte;Colisão Lateral;1;;1;;;;;;;;2;;;;
16/11/2019;23:07:00;561;com vítima;3;BR-153/MG;Norte;Choque - Defensa, barreira ou "submarino";;;;;;;;;;1;0;2;;;
17/11/2019;00:11:00;4;sem vítima;215;BR-153/MG;Norte;Capotamento;2;;;;;;;;;;4;;;;
17/11/2019;01:50:00;29;sem vítima;358;BR-262/MG;Oeste;Saida de Pista;1;;;;;;;;;;1;;;;
17/11/2019;06:58:00;91;com vítima;580,2;BR-153/GO;Sul;Capotamento;1;;;;;;;;;;1;1;;;
17/11/2019;09:46:00;187;sem vítima;20;BR-060/GO;Sul;Choque- Placa/Suporte Sinalização;;;;1;;;;;;;1;;;;
17/11/2019;11:13:00;244;sem vítima;481;BR-262/MG;Oeste;Colisão Traseira;2;;;;;;;;;;6;;;;
17/11/2019;11:13:00;245;com vítima;364;BR-262/MG;Oeste;Colisão Traseira;;;;2;;;;;;;1;2;;;
17/11/2019;11:34:00;260;sem vítima;583,224;BR-153/GO;Sul;Tombamento;;;1;;;;;;;;1;;;;
17/11/2019;12:04:00;268;com vítima;430;BR-262/MG;Oeste;Colisão Lateral;2;;;;;;;;;;1;3;;;
17/11/2019;16:07:00;411;sem vítima;22,2;BR-153/MG;Sul;Colisão Traseira;1;;;;;1;;;;;2;;;;
17/11/2019;16:32:00;434;sem vítima;484;BR-262/MG;Leste;Engavetamento;3;;;;;;;;;;9;;;;
17/11/2019;17:02:00;450;sem vítima;24;BR-153/MG;Norte;Colisão Traseira;2;;;;;;;;;;8;;;;
17/11/2019;17:24:00;460;sem vítima;640;BR-262/MG;Leste;Saida de Pista;1;;;;;;;;;;1;;;;
17/11/2019;19:48:00;550;sem vítima;58;BR-153/MG;Sul;Colisão Traseira;;;2;;;;;;;;2;;;;
17/11/2019;21:13:00;591;sem vítima;509;BR-153/GO;Sul;Colisão Lateral;;;;1;1;;;;;;2;;;;
18/11/2019;03:00:00;49;sem vítima;606;BR-153/GO;Sul;Saida de Pista;1;;;;;;;;;;3;;;;
18/11/2019;03:12:00;51;sem vítima;388;BR-262/MG;Oeste;Tombamento;;;1;;;;;;;;1;;;;
18/11/2019;04:19:00;57;com vítima;3;BR-060/GO;Sul;Capotamento;1;;;;;;;;;;0;;1;;
18/11/2019;05:45:00;77;com vítima;633;BR-153/GO;Norte;Saida de Pista;1;;;;;;;;;;0;4;1;;
18/11/2019;06:12:00;88;com vítima;561,8;BR-153/GO;Norte;Capotamento;1;;;;;;;;;;1;4;;;
18/11/2019;07:33:00;115;sem vítima;502,7;BR-153/GO;Norte;Colisão Traseira;2;;;;;;;;;;2;;;;
18/11/2019;08:01:00;135;com vítima;502,7;BR-153/GO;Norte;Colisão Traseira;1;;;1;;;;;;;1;1;;;
18/11/2019;08:52:00;162;sem vítima;504,3;BR-153/GO;Norte;Colisão Traseira;2;;;;;;;;;;2;;;;
18/11/2019;09:09:00;170;sem vítima;385;BR-262/MG;Oeste;Capotamento;1;;;;;;;;;;1;;;;
18/11/2019;10:36:00;210;sem vítima;595;BR-153/GO;Sul;Saida de Pista;1;;;;;;;;;;1;;;;
18/11/2019;10:41:00;212;sem vítima;6;BR-060/GO;Sul;Choque - Defensa;1;;;;;;;;;;1;;;;
18/11/2019;10:46:00;216;sem vítima;24;BR-060/DF;Norte;Choque - Arvore;1;;;;;;;;;;1;;;;
18/11/2019;13:01:00;255;sem vítima;380;BR-262/MG;Leste;Choque - Elemento de Drenagem;1;;;;;;;;;;1;;;;
18/11/2019;13:02:00;256;sem vítima;0,01;BR-153/MG;Sul;Carreta deu L;;;1;;;;;;;;1;;;;
18/11/2019;13:44:00;278;sem vítima;8,2;BR-153/MG;Sul;Saida de Pista;1;;;;;;;;;;1;;;;
18/11/2019;13:50:00;284;sem vítima;418;BR-262/MG;Leste;Choque - Defensa;1;;;;;;;;;;1;;;;
18/11/2019;14:44:00;308;sem vítima;112;BR-060/GO;Sul;Colisão Traseira;1;;1;;;;;;;;2;;;;
18/11/2019;14:45:00;310;sem vítima;243,15;BR-153/MG;Sul;Colisão Traseira;2;;;;;;;;;;2;;;;
18/11/2019;14:47:00;312;com vítima;104;BR-153/MG;Sul;Saida de Pista;1;;;;;;;;;;0;1;;;
18/11/2019;15:20:00;331;sem vítima;380;BR-262/MG;Leste;Choque - Elemento de Drenagem;1;;;;;;;;;;2;;;;
18/11/2019;15:26:00;333;sem vítima;381,6;BR-262/MG;Leste;Capotamento;1;;;;;;;;;;1;;;;
18/11/2019;15:35:00;337;sem vítima;494;BR-153/GO;Norte;Colisão Traseira;;;2;;;;;;;;2;;;;
18/11/2019;15:44:00;342;sem vítima;494,2;BR-153/GO;Norte;Colisão Traseira;1;;1;;1;;;;;;5;;;;
18/11/2019;15:56:00;348;sem vítima;58;BR-060/GO;Norte;Choque - Defensa, barreira ou "submarino";1;;;;;;;;;;4;;;;
18/11/2019;15:58:00;350;sem vítima;517;BR-153/GO;Sul;Saida de Pista;1;;;;;;;;;;1;;;;
18/11/2019;16:13:00;360;sem vítima;416;BR-262/MG;Oeste;Capotamento;1;;;;;;;;;;2;;;;
18/11/2019;17:12:00;389;com vítima;399;BR-262/MG;Leste;Saida de Pista;1;;;;;;;;;;1;1;;;
18/11/2019;17:26:00;394;sem vítima;499;BR-153/GO;Sul;Choque - Defensa, barreira ou "submarino";1;;;;;;;;;;1;;;;
18/11/2019;19:11:00;433;sem vítima;109;BR-060/GO;Sul;Colisão Traseira;2;;1;;;;;;;;3;;;;
18/11/2019;20:01:00;457;sem vítima;495;BR-153/GO;Norte;Engavetamento;3;;;;;;;;;;3;;;;
18/11/2019;22:03:00;502;com vítima;148;BR-153/MG;Sul;Tombamento;;;1;;;;;;;;0;1;;;
19/11/2019;03:50:00;43;com vítima;534;BR-153/GO;Sul;Saida de Pista;;;1;;;;;;;;0;1;;;
19/11/2019;06:40:00;90;com vítima;443,8;BR-262/MG;Oeste;Choque - Veiculo parado na pista;1;;;1;;;;;;;1;1;;;
19/11/2019;06:43:00;91;com vítima;507;BR-153/GO;Norte;Engavetamento;7;;;1;;1;;;;;14;1;;;
19/11/2019;07:23:00;106;com vítima;123;BR-060/GO;Sul;Queda de Ciclista;;;;1;;;;;;;0;1;;;
19/11/2019;08:06:00;130;sem vítima;506,9;BR-153/GO;Norte;Colisão Lateral;1;;1;;;;;;;;2;;;;
19/11/2019;08:06:00;131;sem vítima;597,5;BR-153/GO;Sul;Saida de Pista;1;;;;;;;;;;1;;;;