data;horario;n_da_ocorrencia;tipo_de_ocorrencia;km;trecho;sentido;tipo_de_acidente;automovel;bicicleta;caminhao;moto;onibus;outros;tracao_animal;transporte_de_cargas_especiais;trator_maquinas;utilitarios;ilesos;levemente_feridos;moderadamente_feridos;gravemente_feridos;mortos
19/11/2019;08:07:00;132;com vítima;509;BR-153/GO;Norte;Colisão Traseira;1;;;1;;;;;;;1;;1;;
19/11/2019;12:53:00;263;sem vítima;4;BR-060/GO;Sul;Choque - Talude;;;1;;;;;;;;1;;;;
19/11/2019;13:52:00;285;com vítima;679;BR-262/MG;Leste;Colisão Frontal;2;;1;;;;;;;;1;2;;;1
19/11/2019;14:01:00;295;sem vítima;497;BR-153/GO;Norte;Choque - Objeto sobre a pista;2;;;;;;;;;;2;;;;
19/11/2019;14:51:00;323;sem vítima;543;BR-153/GO;Norte;Choque - Elemento de Drenagem;1;;;;;;;;;;1;;;;
19/11/2019;14:56:00;325;sem vítima;97,5;BR-060/GO;Norte;Saida de Pista;1;;;;;;;;;;1;;;;
19/11/2019;15:51:00;350;sem vítima;631;BR-262/MG;Oeste;Saida de Pista;;;1;;;;;;;;1;;;;
19/11/2019;16:22:00;365;com vítima;95;BR-153/MG;Sul;Saida de Pista;1;;;;;;;;;;1;2;;;
19/11/2019;19:29:00;478;sem vítima;698;BR-262/MG;Leste;Colisão Lateral;1;;1;;;;;;;;3;;;;
19/11/2019;20:30:00;508;sem vítima;369;BR-262/MG;Leste;Saida de Pista;1;;;;;;;;;;2;;;;
19/11/2019;21:59:00;544;sem vítima;659;BR-262/MG;Leste;Tombamento;;;1;;;;;;;;1;;;;
20/11/2019;05:06:00;59;sem vítima;370;BR-262/MG;Oeste;Tombamento;;;1;;;;;;;;1;;;;
20/11/2019;07:31:00;116;sem vítima;491,5;BR-153/GO;Sul;Colisão Lateral;1;;1;;;;;;;;2;;;;
20/11/2019;07:49:00;122;sem vítima;58;BR-153/MG;Sul;Choque - Talude;;;1;;;;;;;;1;;;;
20/11/2019;09:32:00;250;sem vítima;391;BR-262/MG;Leste;Saida de Pista;1;;;;;;;;;;1;;;;
20/11/2019;10:21:00;302;sem vítima;129;BR-060/GO;Norte;Saida de Pista;;;;;;;;;;1;1;;;;
20/11/2019;12:18:00;377;sem vítima;470;BR-262/MG;Leste;Colisão Transversal;1;;;;;;;;;1;2;;;;
20/11/2019;12:50:00;398;sem vítima;381;BR-262/MG;Oeste;Choque - Elemento de Drenagem;1;;;;;;;;;;3;;;;
20/11/2019;13:00:00;403;com vítima;120;BR-060/GO;Sul;Capotamento;;;1;;;;;;;;1;1;;;
20/11/2019;13:11:00;412;sem vítima;129,6;BR-060/GO;Sul;Choque - Talude;;;1;;;;;;;;2;;;;
20/11/2019;13:18:00;415;com vítima;23,2;BR-153/MG;Norte;Capotamento;;;1;;;;;;;;0;;;;1
20/11/2019;13:42:00;431;com vítima;95;BR-153/MG;Sul;Colisão Lateral;1;;;;1;;;;;;4;1;;;
20/11/2019;14:50:00;458;sem vítima;119;BR-060/GO;Sul;Choque- Placa/Suporte Sinalização;;;1;;;;;;;;1;;;;
20/11/2019;15:29:00;472;sem vítima;119;BR-060/GO;Norte;Tombamento;;;1;;;;;;;;3;;;;
20/11/2019;19:58:00;595;sem vítima;96,7;BR-060/GO;Sul;Saida de Pista;2;;;;;;;;;;3;;;;
20/11/2019;23:20:00;669;sem vítima;3;BR-060/DF;Sul;Saida de Pista;1;;;;;;;;;;1;;;;
21/11/2019;08:29:00;207;sem vítima;501;BR-153/GO;Norte;Colisão Traseira;1;;;;;1;;;;;2;;;;
21/11/2019;12:11:00;329;sem vítima;493;BR-153/GO;Sul;Colisão Traseira;1;;;;;;;;;1;2;;;;
21/11/2019;12:48:00;353;com vítima;570;BR-153/GO;Norte;Tombamento;1;;;;;;;;;;0;1;;;
21/11/2019;15:17:00;423;com vítima;398;BR-262/MG;Oeste;Queda de Moto;;;;1;;;;;;;0;;1;;
21/11/2019;15:38:00;435;sem vítima;406;BR-262/MG;Oeste;Tombamento;;;1;;;;;;;;1;;;;
21/11/2019;17:22:00;491;sem vítima;499;BR-153/GO;Sul;Colisão Traseira;2;;;;;;;;;;2;;;;
21/11/2019;17:28:00;496;sem vítima;25;BR-153/MG;Norte;Colisão Traseira;1;;1;;;;;;;;2;;;;
21/11/2019;17:44:00;509;sem vítima;356;BR-262/MG;Leste;Capotamento;1;;1;;;;;;;;2;;;;
21/11/2019;19:31:00;560;sem vítima;98;BR-060/GO;Sul;Choque - Defensa, barreira ou "submarino";1;;;;;;;;;;1;;;;
22/11/2019;03:35:00;42;sem vítima;210;BR-153/MG;Sul;Tombamento;;;1;;;;;;;;1;;;;
22/11/2019;06:33:00;86;sem vítima;592,8;BR-153/GO;Sul;Saida de Pista;1;;;;;;;;;;2;;;;
22/11/2019;07:14:00;102;sem vítima;443;BR-262/MG;Leste;Tombamento;;;1;;;;;;;;1;;;;
22/11/2019;11:51:00;252;com vítima;71;BR-060/GO;Sul;Queda de Moto;;;;1;;;;;;;1;;1;;
22/11/2019;13:21:00;294;sem vítima;629;BR-153/GO;Norte;Saida de Pista;1;;;;;;;;;;2;;;;
22/11/2019;15:28:00;342;com vítima;42,8;BR-060/GO;Sul;Capotamento;1;;;;;;;;;;0;1;;;
22/11/2019;15:33:00;347;com vítima;393;BR-262/MG;Oeste;Capotamento;1;;;;;;;;;;0;3;;;
22/11/2019;15:45:00;354;sem vítima;558,7;BR-153/GO;Norte;Capotamento;1;;;;;;;;;;1;;;;
22/11/2019;16:37:00;371;com vítima;29;BR-060/DF;Sul;Capotamento;1;;;;;;;;;;0;1;;;
22/11/2019;16:46:00;377;sem vítima;611,5;BR-262/MG;Oeste;Tombamento;;;1;;;;;;;;1;;;;
22/11/2019;16:50:00;378;com vítima;515;BR-153/GO;Norte;Colisão Traseira;2;;;;;;;;;;1;1;;;
22/11/2019;17:31:00;394;com vítima;101;BR-060/GO;Sul;Colisão Traseira;1;;;1;;;;;;;1;2;;;
22/11/2019;17:49:00;403;sem vítima;603;BR-262/MG;Leste;Saida de Pista;1;;;;;;;;;;1;;;;
22/11/2019;19:46:00;456;com vítima;501;BR-153/GO;Norte;Colisão Traseira;1;;;;1;;;;;;1;;1;;
22/11/2019;19:59:00;459;sem vítima;443;BR-262/MG;Oeste;Saida de Pista;1;;;;;;;;;;1;;;;
22/11/2019;20:09:00;461;sem vítima;7;BR-060/DF;Sul;Queda de Moto;;;;1;;;;;;;1;;;;
22/11/2019;20:16:00;464;sem vítima;395;BR-262/MG;Oeste;Choque - Elemento de Drenagem;1;;;;;;;;;;1;;;;
22/11/2019;20:18:00;465;sem vítima;406;BR-262/MG;Leste;Saida de Pista;1;;;;;;;;;;2;;;;
22/11/2019;20:27:00;472;sem vítima;449;BR-262/MG;Leste;Choque - Elemento de Drenagem;;;1;;;;;;;;1;;;;
22/11/2019;20:34:00;479;com vítima;519;BR-262/MG;Leste;Colisão Lateral;;;2;;;;;;;;1;;1;;
22/11/2019;21:59:00;509;sem vítima;549;BR-262/MG;Oeste;Saida de Pista;1;;;;;;;;;;1;;;;
22/11/2019;22:33:00;520;sem vítima;549,6;BR-262/MG;Oeste;Choque - Defensa, barreira ou "submarino";1;;;;;;;;;;2;;;;
23/11/2019;03:14:00;36;sem vítima;3;BR-153/MG;Sul;Colisão Lateral;1;;;;;;;;;1;2;;;;
23/11/2019;03:33:00;38;com vítima;97,5;BR-060/GO;Sul;Atropelamento - Sem Informação;1;;;;;;;;;;1;;;;1
23/11/2019;08:44:00;128;sem vítima;368;BR-262/MG;Leste;Choque - Barreira;1;;;;;;;;;;2;;;;
23/11/2019;08:49:00;134;com vítima;601,2;BR-153/GO;Norte;Saida de Pista;1;;;;;;;;;;1;1;;;
23/11/2019;12:11:00;245;sem vítima;210;BR-153/MG;Norte;Saida de Pista;;;1;;;;;;;;1;;;;
23/11/2019;12:29:00;256;sem vítima;536;BR-153/GO;Norte;Tombamento;;;1;;;;;;;;1;;;;
23/11/2019;14:29:00;284;sem vítima;521;BR-262/MG;Leste;Carreta deu L;;;1;;;;;;;;1;;;;
23/11/2019;15:03:00;300;com vítima;415;BR-262/MG;Leste;Choque - Arvore;1;;;;;;;;;;1;;2;;
23/11/2019;15:16:00;306;sem vítima;429;BR-262/MG;Leste;Saida de Pista;1;;;;;;;;;;1;;;;
23/11/2019;15:29:00;310;com vítima;476,5;BR-262/MG;Leste;Tombamento;;;1;;;;;;;;0;1;;;
23/11/2019;16:16:00;338;sem vítima;457;BR-262/MG;Leste;Colisão Traseira;2;;;;;;;;;;2;;;;
23/11/2019;16:38:00;341;sem vítima;405;BR-262/MG;Leste;Saida de Pista;1;;;;;;;;;;1;;;;
23/11/2019;18:48:00;388;sem vítima;456;BR-262/MG;Leste;Choque - Talude;;;1;;;;;;;;1;;;;
23/11/2019;20:49:00;452;sem vítima;9;BR-153/MG;Sul;Saida de Pista;1;;;;;;;;;;1;;;;
23/11/2019;21:27:00;469;com vítima;525;BR-262/MG;Oeste;Choque - Arvore;1;;;;;;;;;;0;1;;;
23/11/2019;22:00:00;481;sem vítima;798;BR-262/MG;Oeste;Queda de Moto;;;;1;;;;;;;1;;;;
24/11/2019;02:01:00;37;sem vítima;547;BR-262/MG;Oeste;Choque - Elemento de Drenagem;1;;;;;;;;;;2;;;;
24/11/2019;04:24:00;62;sem vítima;499;BR-153/GO;Norte;Colisão Traseira;1;;;;;;;;;1;2;;;;
24/11/2019;04:49:00;70;com vítima;230;BR-153/MG;Norte;Colisão Lateral;;;2;;;;;;;;1;1;;;
24/11/2019;08:20:00;141;com vítima;504;BR-153/GO;Norte;Queda de Moto;;;;1;;;;;;;0;1;;;
24/11/2019;14:59:00;336;sem vítima;433;BR-262/MG;Leste;Choque - Elemento de Drenagem;;;;;;;;;;1;1;;;;
24/11/2019;15:55:00;370;sem vítima;13;BR-060/DF;Sul;Saida de Pista;1;;;;;;;;;;1;;;;
24/11/2019;17:18:00;424;com vítima;221;BR-153/MG;Norte;Capotamento;1;;;;;;;;;;0;1;;;
24/11/2019;17:30:00;432;com vítima;584;BR-262/MG;Oeste;Capotamento;1;;;;;;;;;;0;3;1;1;
24/11/2019;17:50:00;446;sem vítima;378;BR-262/MG;Oeste;Choque - Defensa;1;;;;;;;;;;1;;;;
24/11/2019;18:06:00;453;com vítima;560;BR-153/GO;Norte;Capotamento;1;;;;;;;;;;1;1;1;;
24/11/2019;18:50:00;473;com vítima;498;BR-153/GO;Sul;Engavetamento;4;;;;;;;;;;4;1;;;
24/11/2019;19:33:00;494;sem vítima;97,5;BR-060/GO;Sul;Colisão Traseira;2;;;;;;;;;;2;;;;
24/11/2019;20:19:00;510;sem vítima;101;BR-060/GO;Sul;Colisão Traseira;2;;;;;;;;;;2;;;;
24/11/2019;21:05:00;531;com vítima;443,8;BR-262/MG;Oeste;Queda de Moto;;;;1;;;;;;;0;;1;;
24/11/2019;22:02:00;555;sem vítima;589;BR-153/GO;Sul;Choque - Veiculo parado no acostamento;1;;1;;;;;;;;2;;;;
25/11/2019;01:46:00;36;com vítima;508;BR-153/GO;Norte;Colisão Traseira;1;;1;;;;;;;;1;1;;;
25/11/2019;02:53:00;55;sem vítima;11;BR-060/DF;Norte;Colisão Traseira;1;;1;;;;;;;;2;;;;
25/11/2019;05:14:00;75;sem vítima;383;BR-262/MG;Leste;Choque - Defensa;1;;;;;;;;;;1;;;;
25/11/2019;05:57:00;80;sem vítima;606;BR-262/MG;Leste;Capotamento;1;;;;;;;;;;1;;;;
25/11/2019;06:20:00;87;com vítima;577;BR-153/GO;Norte;Capotamento;1;;;;;;;;;;1;1;;1;
25/11/2019;06:28:00;91;com vítima;172;BR-153/MG;Norte;Queda de Moto;;;;1;;;;;;;0;1;;;
25/11/2019;06:55:00;101;sem vítima;501;BR-153/GO;Norte;Colisão Lateral;1;;1;;;;;;;;2;;;;
25/11/2019;07:14:00;108;com vítima;506;BR-153/GO;Norte;Colisão Traseira;1;;;1;;;;;;;1;1;;;
25/11/2019;07:21:00;111;sem vítima;501;BR-153/GO;Sul;Engavetamento;3;;;;;;;;;;3;;;;
25/11/2019;07:29:00;116;sem vítima;246;BR-153/MG;Sul;Saida de Pista;;;1;;;;;;;;1;;;;
25/11/2019;07:29:00;117;com vítima;508;BR-153/GO;Norte;Colisão Traseira;1;;;1;;;;;;;1;1;;;
25/11/2019;08:19:00;138;sem vítima;12;BR-060/GO;Norte;Saida de Pista;;;1;;;;;;;;1;;;;
25/11/2019;09:04:00;173;com vítima;810,1;BR-262/MG;Leste;Queda de Moto;;;;1;;;;;;;0;1;1;;
25/11/2019;12:23:00;322;sem vítima;48,8;BR-153/MG;Norte;Saida de Pista;1;;;;;;;;;;3;;;;
25/11/2019;12:48:00;339;sem vítima;499;BR-153/GO;Sul;Engavetamento;3;;1;;;;;;;;4;;;;
25/11/2019;12:53:00;344;sem vítima;500;BR-153/GO;Sul;Engavetamento;3;;;;;;;;;;3;;;;
25/11/2019;13:34:00;369;sem vítima;93,5;BR-060/GO;Norte;Choque - Defensa;1;;;;;;;;;;1;;;;
25/11/2019;14:59:00;408;sem vítima;508;BR-153/GO;Norte;Choque - Defensa;1;;;;;;;;;;1;;;;
25/11/2019;15:39:00;426;sem vítima;100;BR-060/GO;Norte;Saida de Pista;;;1;;;;;;;;1;;;;
25/11/2019;15:40:00;427;com vítima;102;BR-060/GO;Norte;Saida de Pista;1;;;;;;;;;;1;1;;;
25/11/2019;16:40:00;458;sem vítima;435;BR-262/MG;Oeste;Saida de Pista;1;;;;;;;;;;1;;;;
25/11/2019;16:40:00;459;sem vítima;107;BR-060/GO;Sul;Colisão Lateral;1;;1;;;;;;;;2;;;;
25/11/2019;17:43:00;481;sem vítima;502;BR-153/GO;Sul;Colisão Traseira;2;;;;;;;;;;3;;;;
25/11/2019;19:02:00;516;com vítima;506;BR-153/GO;Sul;Queda de Moto;;;;1;;;;;;;0;;2;;
25/11/2019;19:39:00;540;sem vítima;549;BR-153/GO;Sul;Atropelamento de Animal;1;;;;;;;;;;1;;;;
25/11/2019;23:33:00;630;com vítima;617;BR-153/GO;Sul;Capotamento;1;;;;;;;;;;0;1;;;
26/11/2019;03:52:00;66;com vítima;38;BR-153/MG;Sul;Colisão Traseira;;;2;;;;;;;;2;1;;;
26/11/2019;04:04:00;70;sem vítima;99,9;BR-153/MG;Sul;Saida de Pista;;;1;;;;;;;;1;;;;
26/11/2019;07:40:00;122;sem vítima;41;BR-060/GO;Sul;Colisão Traseira;;;2;;;;;;;;2;;;;
26/11/2019;14:12:00;356;sem vítima;752;BR-262/MG;Leste;Queda de Moto;;;;1;;;;;;;1;;;;
26/11/2019;14:43:00;370;sem vítima;56,8;BR-060/GO;Sul;Choque - Talude;1;;;;;;;;;;1;;;;
26/11/2019;14:47:00;371;sem vítima;575;BR-153/GO;Norte;Choque - Elemento de Drenagem;1;;;;;;;;;;2;;;;
26/11/2019;16:02:00;397;sem vítima;172,5;BR-153/MG;Sul;Tombamento;;;1;;;;;;;;1;;;;
26/11/2019;21:02:00;535;com vítima;0,2;BR-153/MG;Norte;Colisão Frontal;1;;1;;;;;;;;1;1;;;
26/11/2019;21:59:00;546;sem vítima;4;BR-060/GO;Sul;Choque - Talude;;;;;;;;;;1;1;;;;
26/11/2019;22:38:00;560;com vítima;136;BR-060/GO;Norte;Colisão Lateral;;;1;;;;;;;1;1;1;;;
27/11/2019;01:20:00;16;com vítima;12,918;BR-153/MG;Norte;Colisão Traseira;;;1;;1;;;;;;28;7;1;;
27/11/2019;04:25:00;41;sem vítima;501;BR-153/GO;Norte;Atropelamento - Andarilho;1;;;;;;;;;;2;;;;
27/11/2019;09:23:00;156;sem vítima;702;BR-153/GO;Sul;Carreta deu L;;;1;;;;;;;;1;;;;
27/11/2019;13:03:00;269;sem vítima;7;BR-153/MG;Norte;Saida de Pista;1;;;;;;;;;;1;;;;
27/11/2019;13:57:00;286;sem vítima;496;BR-153/GO;Sul;Colisão Traseira;1;;1;;;;;;;;2;;;;
27/11/2019;14:02:00;287;sem vítima;43;BR-060/GO;Norte;Colisão Traseira;;;2;;;;;;;;2;;;;
27/11/2019;18:06:00;394;sem vítima;495,2;BR-153/GO;Sul;Colisão Traseira;2;;;;;;;;;;2;;;;
27/11/2019;18:36:00;418;com vítima;369;BR-262/MG;Oeste;Queda de Moto;;;;1;;;;;;;0;1;;;
27/11/2019;19:37:00;440;com vítima;495;BR-153/GO;Norte;Colisão Lateral;1;;;1;;;;;;;1;1;;;
27/11/2019;20:38:00;472;sem vítima;518,696;BR-153/GO;Norte;Tombamento;;;1;;;;;;;;1;;;;
28/11/2019;07:30:00;108;com vítima;506;BR-153/GO;Norte;Colisão Traseira;;;;1;;1;;;;;2;1;;;
28/11/2019;07:33:00;110;com vítima;513;BR-153/GO;Sul;Colisão Traseira;;;;1;1;;;;;;1;1;;;
28/11/2019;08:18:00;131;sem vítima;506;BR-153/GO;Norte;Engavetamento;2;;;;;1;;;;1;4;;;;
28/11/2019;08:22:00;135;sem vítima;509;BR-153/GO;Sul;Colisão Lateral;1;;;;;1;;;;;2;;;;
28/11/2019;09:45:00;213;com vítima;506;BR-153/GO;Sul;Queda de Moto;;;;1;;;;;;;0;1;;;
28/11/2019;09:52:00;218;sem vítima;614;BR-262/MG;Leste;Colisão Traseira;1;;1;;;;;;;;2;;;;
28/11/2019;10:01:00;223;sem vítima;505,8;BR-153/GO;Sul;Colisão Traseira;;;;;;;;;;2;2;;;;
28/11/2019;12:00:00;305;com vítima;500;BR-153/GO;Sul;Colisão Traseira;1;;;1;;;;;;;1;1;;;
28/11/2019;12:57:00;346;sem vítima;548,5;BR-262/MG;Leste;Choque - Defensa;1;;;;;;;;;;5;;;;
28/11/2019;13:07:00;354;com vítima;505;BR-153/GO;Norte;Carreta deu L;;;1;;;;;;;;0;1;;;
28/11/2019;15:07:00;400;sem vítima;353;BR-262/MG;Oeste;Choque - Talude;1;;;;;;;;;;1;;;;
28/11/2019;15:42:00;416;sem vítima;497;BR-153/GO;Sul;Colisão Traseira;;;2;;;;;;;;2;;;;
28/11/2019;15:47:00;420;sem vítima;117;BR-060/GO;Sul;Engavetamento;3;;;;;;;;;;6;;;;
28/11/2019;16:26:00;447;sem vítima;469;BR-262/MG;Leste;Capotamento;;;1;;;;;;;;3;;;;
28/11/2019;16:56:00;466;sem vítima;598;BR-262/MG;Leste;Carreta deu L;;;1;;;;;;;;1;;;;
28/11/2019;17:13:00;472;sem vítima;0,5;BR-153/MG;Sul;Saida de Pista;;;1;;;;;;;;1;;;;
28/11/2019;17:54:00;496;com vítima;98;BR-060/GO;Sul;Colisão Lateral;1;;;1;;;;;;;1;1;;;
28/11/2019;19:20:00;536;com vítima;502;BR-153/GO;Norte;Colisão Lateral;;;;1;;1;;;;;1;1;;;
28/11/2019;19:32:00;545;sem vítima;633;BR-153/GO;Sul;Atropelamento de Animal;;;1;;;;;;;;1;;;;
28/11/2019;19:56:00;558;com vítima;355;BR-262/MG;Leste;Saida de Pista;1;;;;;;;;;;1;2;;;
28/11/2019;20:29:00;567;com vítima;703,5;BR-153/GO;Sul;Choque - Veiculo parado na pista;;;1;1;;;;;;;1;;1;;
28/11/2019;21:26:00;594;sem vítima;607;BR-262/MG;Oeste;Capotamento;1;;;;;;;;;;1;;;;
28/11/2019;23:10:00;630;sem vítima;76;BR-153/MG;Sul;Saida de Pista;1;;;;;;;;;;1;;;;
28/11/2019;23:29:00;642;sem vítima;649;BR-262/MG;Leste;Atropelamento de Animal;1;;;;;;;;;;1;;;;
29/11/2019;00:27:00;7;com vítima;399;BR-262/MG;Leste;Atropelamento - Morador;1;;;;;;;;;;2;;;1;
29/11/2019;06:25:00;92;sem vítima;508;BR-153/GO;Norte;Engavetamento;;;1;;;;;;;2;5;;;;
29/11/2019;06:42:00;100;sem vítima;526;BR-262/MG;Leste;Colisão Traseira;;;3;;;;;;;1;4;;;;
29/11/2019;07:08:00;115;sem vítima;399,9;BR-262/MG;Leste;Colisão Lateral;2;;;;;;;;;;2;;;;
29/11/2019;07:27:00;127;sem vítima;380;BR-262/MG;Leste;Saida de Pista;;;;;;;;;;1;1;;;;
29/11/2019;07:54:00;140;sem vítima;508,8;BR-153/GO;Norte;Engavetamento;3;;;;;;;;;;3;;;;
29/11/2019;09:37:00;217;com vítima;608;BR-262/MG;Oeste;Capotamento;1;;;;;;;;;;1;1;;;
29/11/2019;11:36:00;297;sem vítima;102;BR-060/GO;Norte;Engavetamento;3;;;;;;;;;;3;;;;
29/11/2019;11:43:00;305;sem vítima;500;BR-153/GO;Sul;Colisão Traseira;1;;;;;;;;;1;5;;;;
29/11/2019;12:10:00;317;com vítima;96;BR-060/GO;Sul;Colisão Lateral;1;;;1;;;;;;;1;2;;;
29/11/2019;12:41:00;333;sem vítima;104;BR-153/MG;Sul;Saida de Pista;;;;;;;;;;2;3;;;;
29/11/2019;13:10:00;343;com vítima;381;BR-262/MG;Leste;Queda de Moto;;;;1;;;;;;;0;1;;;
29/11/2019;13:11:00;344;sem vítima;353;BR-262/MG;Oeste;Colisão Lateral;1;;1;;;;;;;;2;;;;
29/11/2019;13:22:00;351;sem vítima;584;BR-262/MG;Leste;Capotamento;1;;;;;;;;;;1;;;;
29/11/2019;13:26:00;354;sem vítima;384;BR-262/MG;Oeste;Capotamento;1;;;;;;;;;;1;;;;
29/11/2019;13:45:00;363;com vítima;5;BR-060/DF;Sul;Choque - Arvore;1;;;;;;;;;;0;;;1;
29/11/2019;13:59:00;371;sem vítima;380;BR-262/MG;Leste;Choque - Talude;1;;;;;;;;;;1;;;;
29/11/2019;14:11:00;377;com vítima;13;BR-153/MG;Norte;Colisão Traseira;;;2;;;;;;;;1;1;;;
29/11/2019;14:31:00;388;sem vítima;608;BR-262/MG;Leste;Saida de Pista;1;;;;;;;;;;1;;;;
29/11/2019;14:36:00;392;com vítima;617;BR-153/GO;Sul;Tombamento;;;1;;;;;;;;0;;;1;
29/11/2019;16:31:00;457;sem vítima;500,3;BR-153/GO;Sul;Colisão Traseira;;;2;;;;;;;;2;;;;
29/11/2019;16:40:00;463;sem vítima;501;BR-153/GO;Sul;Engavetamento;3;;;;;;;;;;3;;;;
29/11/2019;17:38:00;502;com vítima;11;BR-060/DF;Norte;Choque- Poste/Equipamento;1;;;;;;;;;;0;;2;;
29/11/2019;17:47:00;506;com vítima;119;BR-060/GO;Sul;Saida de Pista;;;1;;;;;;;;0;;1;;
29/11/2019;17:54:00;508;com vítima;109;BR-060/GO;Sul;Colisão Lateral;1;;;1;;;;;;;1;1;;;
29/11/2019;18:01:00;512;sem vítima;82;BR-060/GO;Norte;Colisão Lateral;1;;1;;;;;;;;4;;;;
29/11/2019;18:23:00;524;com vítima;496;BR-153/GO;Sul;Colisão Lateral;;;;1;;;;;;1;1;1;;;
29/11/2019;20:05:00;570;sem vítima;594;BR-262/MG;Oeste;Choque - Elemento de Drenagem;1;;;;;;;;;;1;;;;
29/11/2019;20:22:00;579;com vítima;90;BR-060/GO;Sul;Colisão Traseira;1;;;;;1;;;;;2;1;;;
29/11/2019;21:12:00;596;sem vítima;460;BR-262/MG;Oeste;Colisão Lateral;1;;1;;;;;;;;2;;;;
29/11/2019;22:07:00;617;sem vítima;549;BR-262/MG;Leste;Saida de Pista;;;;;;;;;;1;1;;;;
30/11/2019;00:58:00;24;sem vítima;210;BR-153/MG;Norte;Tombamento;;;1;;;;;;;;1;;;;
30/11/2019;02:23:00;41;com vítima;511;BR-153/GO;Norte;Choque - Defensa;1;;;;;;;;;;0;2;;;
30/11/2019;02:45:00;47;sem vítima;502;BR-262/MG;Leste;Saida de Pista;;;1;;;;;;;;1;;;;
30/11/2019;03:39:00;57;com vítima;628;BR-262/MG;Oeste;Tombamento;1;;;;;;;;;;1;2;;;
30/11/2019;05:03:00;72;sem vítima;662;BR-153/GO;Norte;Saida de Pista;1;;;;;;;;;;1;;;;
30/11/2019;05:45:00;83;sem vítima;193;BR-153/MG;Sul;Tombamento;;;1;;;;;;;;1;;;;
30/11/2019;06:53:00;106;sem vítima;109,5;BR-060/GO;Norte;Colisão Traseira;1;;1;;;;;;;;2;;;;
30/11/2019;06:59:00;107;sem vítima;59;BR-060/GO;Norte;Choque - Defensa;1;;;;;;;;;;1;;;;
30/11/2019;07:27:00;112;com vítima;584;BR-262/MG;Oeste;Saida de Pista;1;;;;;;;;;;0;2;;;
30/11/2019;10:22:00;219;com vítima;616,5;BR-153/GO;Norte;Capotamento;1;;;;;;;;;;0;1;;;
30/11/2019;12:25:00;273;com vítima;96;BR-060/GO;Norte;Queda de Moto;;;;1;;;;;;;0;2;;;
30/11/2019;12:46:00;282;com vítima;9;BR-060/DF;Sul;Tombamento;;;1;;;;;;;;0;;1;;
30/11/2019;13:38:00;301;sem vítima;114;BR-060/GO;Sul;Capotamento;1;;;;;;;;;;1;;;;
30/11/2019;14:59:00;330;sem vítima;67;BR-153/MG;Sul;Colisão Transversal;;;1;;;;;;;1;4;;;;
30/11/2019;18:06:00;414;sem vítima;28;BR-060/DF;Norte;Saida de Pista;1;;;;;;;;;;1;;;;
30/11/2019;18:06:00;415;sem vítima;595;BR-262/MG;Leste;Saida de Pista;1;;;;;;;;;;2;;;;
30/11/2019;19:04:00;442;sem vítima;430;BR-262/MG;Leste;Saida de Pista;1;;;;;;;;;;1;;;;
30/11/2019;20:01:00;473;com vítima;465,6;BR-262/MG;Leste;Choque - Arvore;1;;;;;;;;;;0;1;;;
30/11/2019;20:41:00;490;sem vítima;521,3;BR-153/GO;Sul;Choque - Objeto sobre a pista;1;;;;;;;;;;1;;;;
30/11/2019;20:43:00;492;sem vítima;362;BR-262/MG;Oeste;Colisão Traseira;1;;;;;1;;;;;2;;;;
30/11/2019;20:57:00;501;com vítima;493;BR-153/GO;Sul;Queda de Moto;;;;1;;;;;;;0;1;;;
30/11/2019;23:46:00;535;sem vítima;643;BR-153/GO;Norte;Saida de Pista;1;;;;;;;;;;1;;;;
01/10/2019;02:26:00;44;sem vítima;104;BR-060/GO;Norte;Tombamento;;;1;;;1;;;;;2;;;;
01/10/2019;07:43:00;124;com vítima;626;BR-262/MG;Oeste;Tombamento;;;1;;;;;;;;0;1;;;
01/10/2019;08:59:00;200;sem vítima;509;BR-153/GO;Sul;Queda de Moto;;;;1;;;;;;;1;;;;
01/10/2019;13:08:00;348;sem vítima;783,6;BR-262/MG;Oeste;Colisão Traseira;1;;1;;;;;;;;6;;;;
01/10/2019;13:56:00;372;sem vítima;687;BR-262/MG;Oeste;Tombamento;;;1;;;;;;;;1;;;;
01/10/2019;16:39:00;437;sem vítima;505,9;BR-153/GO;Sul;Colisão Traseira;1;;1;;;;;;;;2;;;;
01/10/2019;17:53:00;471;sem vítima;501;BR-153/GO;Sul;Engavetamento;3;;1;;;;;;;;4;;;;
01/10/2019;19:19:00;502;sem vítima;95,434;BR-060/GO;Norte;Tombamento;1;;;;;;;;;;1;;;;
01/10/2019;21:52:00;564;sem vítima;367;BR-262/MG;Leste;Colisão Traseira;1;;1;;;;;;;;2;;;;
02/10/2019;01:56:00;28;sem vítima;670,6;BR-153/GO;Norte;Saida de Pista;1;;;;;;;;;;1;;;;
02/10/2019;03:40:00;46;sem vítima;356,562;BR-262/MG;Leste;Atropelamento de Animal;;;1;;;;;;;;3;;;;
02/10/2019;06:58:00;106;sem vítima;630;BR-262/MG;Leste;Tombamento;;;1;;;;;;;;1;;;;
02/10/2019;08:14:00;153;sem vítima;58;BR-153/MG;Sul;Tombamento;;;1;;;;;;;;1;;;;
02/10/2019;08:15:00;156;sem vítima;499,8;BR-153/GO;Sul;Colisão Lateral;1;;;1;;;;;;;3;;;;
02/10/2019;08:21:00;160;com vítima;615;BR-153/GO;Norte;Capotamento;1;;;;;1;;;;;1;2;;;
02/10/2019;10:05:00;226;sem vítima;138;BR-153/MG;Norte;Colisão Traseira;;;2;;;;;;;;2;;;;
02/10/2019;10:30:00;238;sem vítima;558,5;BR-153/GO;Sul;Capotamento;1;;;;;;;;;;1;;;;