data;horario;n_da_ocorrencia;tipo_de_ocorrencia;km;trecho;sentido;tipo_de_acidente;automovel;bicicleta;caminhao;moto;onibus;outros;tracao_animal;transporte_de_cargas_especiais;trator_maquinas;utilitarios;ilesos;levemente_feridos;moderadamente_feridos;gravemente_feridos;mortos
02/10/2019;12:50:00;312;sem vítima;356;BR-262/MG;Oeste;Engavetamento;4;;;;;;;;;;4;;;;
02/10/2019;17:55:00;449;sem vítima;500;BR-153/GO;Norte;Choque - Arvore;1;;;;;;;;;;1;;;;
02/10/2019;18:21:00;460;sem vítima;511;BR-153/GO;Norte;Queda de Moto;;;;1;;;;;;;2;;;;
02/10/2019;22:27:00;537;sem vítima;55,34;BR-153/MG;Sul;Colisão Traseira;;;2;;;;;;;;2;;;;
02/10/2019;23:25:00;553;sem vítima;366,5;BR-262/MG;Leste;Queda de Moto;;;;1;;;;;;;1;;;;
03/10/2019;01:21:00;25;sem vítima;82,1;BR-060/GO;Sul;Colisão Traseira;1;;1;;;;;;;;2;;;;
03/10/2019;06:49:00;94;com vítima;11;BR-060/DF;Norte;Colisão Transversal;1;;1;;;;;;;;5;1;;;
03/10/2019;07:01:00;96;com vítima;123,1;BR-060/GO;Sul;Choque - Arvore;1;;;;;;;;;;1;1;;;
03/10/2019;07:04:00;99;sem vítima;565;BR-153/GO;Norte;Saida de Pista;;;1;;;;;;;;1;;;;
03/10/2019;07:53:00;123;com vítima;245;BR-153/MG;Sul;Colisão Lateral;1;;1;;;;;;;;1;1;;;
03/10/2019;09:42:00;178;sem vítima;496;BR-153/GO;Norte;Colisão Traseira;2;;;;;;;;;;2;;;;
03/10/2019;16:59:00;405;com vítima;399;BR-262/MG;Leste;Queda de Moto;;;;1;;;;;;;0;1;;;
03/10/2019;18:55:00;452;com vítima;504;BR-153/GO;Norte;Choque - Veiculo parado na pista;1;;;1;;;;;;;1;;1;;
03/10/2019;21:44:00;544;com vítima;699;BR-153/GO;Sul;Tombamento;;;1;;;;;;;;0;1;;;
03/10/2019;22:12:00;553;sem vítima;390;BR-262/MG;Oeste;Saida de Pista;;;1;;;;;;;;1;;;;
04/10/2019;06:17:00;66;sem vítima;19;BR-060/GO;Norte;Saida de Pista;;;;;;;;;;1;2;;;;
04/10/2019;06:24:00;70;sem vítima;747;BR-262/MG;Leste;Colisão Traseira;1;;1;;;;;;;;4;;;;
04/10/2019;06:41:00;76;sem vítima;733,5;BR-262/MG;Leste;Saida de Pista;1;;;;;;;;;;3;;;;
04/10/2019;07:44:00;103;com vítima;499;BR-153/GO;Sul;Colisão Traseira;1;;;1;;;;;;;1;1;;;
04/10/2019;09:58:00;190;sem vítima;136;BR-060/GO;Norte;Saida de Pista;1;;;;;;;;;;1;;;;
04/10/2019;12:48:00;289;sem vítima;124,2;BR-060/GO;Norte;Saida de Pista;1;;;;;;;;;;1;;;;
04/10/2019;13:27:00;307;sem vítima;495;BR-153/GO;Sul;Choque - Outros;1;;;;;;;;;;1;;;;
04/10/2019;14:27:00;327;com vítima;534;BR-153/GO;Norte;Colisão Lateral;1;;;;;;;;;1;1;1;;;
04/10/2019;15:53:00;378;sem vítima;500,4;BR-153/GO;Sul;Colisão Traseira;1;;;;;;;;;1;2;;;;
04/10/2019;15:57:00;381;sem vítima;96;BR-060/GO;Norte;Engavetamento;2;;;;;;;;;2;5;;;;
04/10/2019;17:17:00;433;sem vítima;658,7;BR-153/GO;Sul;Saida de Pista;;;;;;;;;;1;1;;;;
04/10/2019;17:25:00;437;com vítima;473;BR-262/MG;Oeste;Colisão Traseira;1;;1;;;;;;;;4;1;;;
04/10/2019;17:31:00;439;sem vítima;96;BR-060/GO;Norte;Colisão Traseira;1;;1;;;;;;;;4;;;;
04/10/2019;19:22:00;496;sem vítima;497;BR-153/GO;Sul;Colisão Lateral;1;;1;;;;;;;;2;;;;
04/10/2019;20:36:00;537;com vítima;429,9;BR-262/MG;Leste;Queda de Moto;;;;1;;;;;;;0;;1;;
04/10/2019;23:13:00;618;com vítima;620;BR-262/MG;Leste;Colisão Transversal;;;2;;;;;;;;1;1;;;
04/10/2019;23:30:00;624;sem vítima;670;BR-153/GO;Sul;Colisão Traseira;;;2;;;;;;;;2;;;;
05/10/2019;05:21:00;66;com vítima;32;BR-060/GO;Norte;Choque - Arvore;1;;;;;;;;;;1;;;1;
05/10/2019;05:41:00;70;sem vítima;392;BR-262/MG;Oeste;Saida de Pista;1;;;;;;;;;;1;;;;
05/10/2019;08:55:00;182;sem vítima;514;BR-153/GO;Norte;Colisão Transversal;2;;;;;;;;;;7;;;;
05/10/2019;09:07:00;189;com vítima;367;BR-262/MG;Leste;Colisão Traseira;1;;;1;;;;;;;2;1;;;
05/10/2019;13:01:00;305;com vítima;447;BR-262/MG;Oeste;Queda de Moto;;;;1;;1;;;;;1;1;;;
05/10/2019;14:24:00;344;com vítima;773;BR-262/MG;Oeste;Colisão Transversal;;;1;;;;;;;1;0;1;;;1
05/10/2019;15:24:00;382;sem vítima;773;BR-262/MG;Oeste;Choque - Veiculo parado na pista;2;;;;;;;;;;2;;;;
05/10/2019;17:15:00;417;sem vítima;431;BR-262/MG;Leste;Tombamento;;;1;;;;;;;;1;;;;
05/10/2019;19:12:00;460;sem vítima;495;BR-153/GO;Norte;Choque - Arvore;;;;;;;;;;1;1;;;;
05/10/2019;20:19:00;484;com vítima;32;BR-060/GO;Sul;Atropelamento - Morador;;;;;;1;;;;;1;;1;;
05/10/2019;22:24:00;539;com vítima;505;BR-153/GO;Sul;Queda de Moto;;;;1;;;;;;;0;1;;;
05/10/2019;22:46:00;552;sem vítima;58,651;BR-153/MG;Sul;Capotamento;1;;;;;;;;;;1;;;;
05/10/2019;23:03:00;555;sem vítima;7;BR-060/DF;Norte;Queda de Moto;;;;1;;;;;;;1;;;;
05/10/2019;23:04:00;556;sem vítima;80;BR-060/GO;Norte;Choque - Elemento de Drenagem;1;;;;;;;;;;2;;;;
06/10/2019;02:20:00;25;sem vítima;513;BR-153/GO;Sul;Colisão Frontal;2;;;;;;;;;;3;;;;
06/10/2019;04:10:00;39;sem vítima;513;BR-153/GO;Sul;Choque - Outros;;;;;;;;;;1;1;;;;
06/10/2019;08:06:00;109;com vítima;359;BR-262/MG;Leste;Capotamento;1;;;;;;;;;;0;;1;;
06/10/2019;10:17:00;240;com vítima;536;BR-153/GO;Norte;Capotamento;1;;;;;;;;;;0;;1;;
06/10/2019;11:29:00;281;com vítima;793;BR-262/MG;Oeste;Choque - Arvore;;;;1;;;;;;;0;;1;;
06/10/2019;13:56:00;321;com vítima;496;BR-153/GO;Norte;Colisão Lateral;1;;;1;;;;;;;1;1;;;
06/10/2019;14:56:00;344;com vítima;71;BR-060/GO;Sul;Capotamento;1;;;;;;;;;;4;1;;;
06/10/2019;15:49:00;370;sem vítima;137;BR-153/MG;Norte;Colisão Lateral;;;2;;;;;;;;2;;;;
06/10/2019;16:26:00;388;sem vítima;510;BR-262/MG;Oeste;Colisão Traseira;2;;;;;;;;;;2;;;;
06/10/2019;19:51:00;484;com vítima;59;BR-153/MG;Sul;Capotamento;1;;;;;;;;;;2;1;;1;
06/10/2019;20:27:00;499;sem vítima;654;BR-153/GO;Sul;Atropelamento de Animal;1;;;;;;;;;;1;;;;
06/10/2019;21:06:00;513;sem vítima;803;BR-262/MG;Leste;Saida de Pista;1;;;;;;;;;;1;;;;
06/10/2019;21:15:00;517;com vítima;30;BR-060/DF;Sul;Atropelamento - Andarilho;;;;;;;;;;1;1;;;1;
07/10/2019;00:27:00;8;sem vítima;514;BR-153/GO;Norte;Colisão Lateral;2;;;;;;;;;;3;;;;
07/10/2019;08:26:00;155;sem vítima;503;BR-153/GO;Sul;Engavetamento;2;;1;;;;;;;;3;;;;
07/10/2019;08:29:00;158;sem vítima;495;BR-153/GO;Sul;Engavetamento;3;;;;;;;;;;3;;;;
07/10/2019;08:50:00;173;sem vítima;499;BR-153/GO;Sul;Choque - Talude;2;;;;;;;;;;2;;;;
07/10/2019;13:21:00;364;sem vítima;901;BR-262/MG;Leste;Choque - Defensa, barreira ou "submarino";;;1;;;;;;;;1;;;;
07/10/2019;13:44:00;376;com vítima;492;BR-153/GO;Sul;Queda de Moto;;;;1;;;;;;;0;2;;;
07/10/2019;14:17:00;390;com vítima;27,5;BR-060/DF;Sul;Queda em Ribanceira;1;;;;;;;;;;2;;;1;
07/10/2019;14:26:00;394;sem vítima;610;BR-262/MG;Leste;Colisão Traseira;;;1;;;1;;;;;2;;;;
07/10/2019;15:42:00;430;sem vítima;29,1;BR-060/GO;Norte;Colisão Traseira;1;;1;;;;;;;;5;;;;
07/10/2019;16:27:00;453;sem vítima;128,5;BR-060/GO;Sul;Colisão Lateral;;;2;;;;;;;;2;;;;
07/10/2019;16:41:00;460;com vítima;516;BR-153/GO;Sul;Capotamento;1;;;;;;;;;;0;1;;;
07/10/2019;16:54:00;466;sem vítima;79;BR-153/MG;Norte;Saida de Pista;;;;;;;;;;1;1;;;;
07/10/2019;18:18:00;493;com vítima;68;BR-060/GO;Sul;Colisão Traseira;1;;1;;;;;;;;1;1;1;;
07/10/2019;18:56:00;510;com vítima;98;BR-060/GO;Sul;Choque - Veiculo parado na pista;;;1;1;;;;;;;1;1;;;
07/10/2019;19:06:00;517;sem vítima;210;BR-153/MG;Sul;Saida de Pista;1;;;;;;;;;;1;;;;
07/10/2019;19:14:00;522;sem vítima;0;BR-060/GO;Norte;Choque - Elemento de Drenagem;1;;;;;;;;;;1;;;;
07/10/2019;19:17:00;524;sem vítima;499;BR-153/GO;Norte;Colisão Traseira;2;;;;;;;;;;4;;;;
07/10/2019;20:02:00;550;sem vítima;512;BR-153/GO;Norte;Colisão Traseira;1;;;1;;;;;;;2;;;;
07/10/2019;20:17:00;555;com vítima;119;BR-060/GO;Sul;Colisão Traseira;;;2;;;;;;;;1;1;;;
07/10/2019;20:52:00;563;sem vítima;29;BR-060/GO;Sul;Atropelamento de Animal;1;;;;;;;;;;2;;;;
07/10/2019;22:56:00;604;sem vítima;424;BR-262/MG;Oeste;Choque - Defensa, barreira ou "submarino";;;1;;;;;;;;1;;;;
07/10/2019;23:14:00;608;sem vítima;386;BR-262/MG;Oeste;Colisão Traseira;;;2;;;;;;;;2;;;;
08/10/2019;02:22:00;17;com vítima;369;BR-262/MG;Leste;Choque - Elemento de Drenagem;1;;;;;;;;;;0;1;;;
08/10/2019;03:47:00;35;sem vítima;557;BR-153/GO;Norte;Choque - Elemento de Drenagem;;;1;;;;;;;;1;;;;
08/10/2019;04:51:00;43;sem vítima;47;BR-153/MG;Norte;Colisão Traseira;1;;;;;1;;;;;2;;;;
08/10/2019;05:32:00;49;sem vítima;362,7;BR-262/MG;Oeste;Tombamento;;;1;;;;;;;;2;;;;
08/10/2019;07:06:00;73;sem vítima;27;BR-060/GO;Norte;Choque - Veiculo parado na pista;;;1;;;1;;;;1;3;;;;
08/10/2019;08:09:00;107;com vítima;502;BR-153/GO;Sul;Colisão Lateral;3;;2;;;;;;;;5;;1;;
08/10/2019;11:36:00;227;com vítima;128;BR-060/GO;Sul;Choque - Veiculo parado no acostamento;1;;;1;;;;;;;1;1;;;
08/10/2019;16:14:00;336;com vítima;584;BR-262/MG;Oeste;Capotamento;1;;;;;;;;;;0;1;1;;
08/10/2019;17:54:00;374;com vítima;827,4;BR-262/MG;Leste;Choque - Defensa;;;;;;;;;;1;0;1;;;
08/10/2019;18:41:00;395;com vítima;359;BR-262/MG;Oeste;Queda de Moto;;;;1;;;;;;;0;1;;;
08/10/2019;19:49:00;424;sem vítima;75;BR-060/GO;Norte;Choque - Objeto sobre a pista;1;;;;;;;;;;1;;;;
08/10/2019;23:37:00;509;sem vítima;580;BR-262/MG;Leste;Saida de Pista;;;1;;;;;;;;2;;;;
09/10/2019;03:11:00;32;sem vítima;44;BR-060/GO;Norte;Choque - Defensa, barreira ou "submarino";;;;;;1;;;;1;2;;;;
09/10/2019;05:30:00;49;com vítima;24,5;BR-060/GO;Sul;Colisão Frontal;1;;1;;;;;;;;0;2;;;
09/10/2019;05:58:00;52;sem vítima;454;BR-262/MG;Oeste;Colisão Lateral;1;;;;;1;;;;;2;;;;
09/10/2019;06:13:00;56;sem vítima;630;BR-262/MG;Oeste;Choque - Arvore;;;;;;1;;;;1;3;;;;
09/10/2019;06:13:00;57;sem vítima;414,5;BR-262/MG;Leste;Capotamento;1;;;;;;;;;;1;;;;
09/10/2019;09:34:00;172;sem vítima;32,1;BR-060/GO;Norte;Colisão Traseira;1;;;;;;;;;1;2;;;;
09/10/2019;10:06:00;190;com vítima;30,8;BR-060/GO;Sul;Atropelamento - Usuário;;;;;;1;;;;;1;;1;;
09/10/2019;14:40:00;356;sem vítima;567;BR-153/GO;Sul;Capotamento;1;;;;;;;;;;2;;;;
09/10/2019;17:31:00;445;sem vítima;362;BR-262/MG;Leste;Colisão Traseira;1;;;;;1;;;;;2;;;;
09/10/2019;19:16:00;491;sem vítima;430;BR-262/MG;Oeste;Choque - Elemento de Drenagem;;;;;;;;;;1;3;;;;
09/10/2019;19:51:00;508;sem vítima;479,5;BR-262/MG;Oeste;Choque - Elemento de Drenagem;;;1;;;;;;;;1;;;;
09/10/2019;23:09:00;577;sem vítima;594;BR-262/MG;Leste;Saida de Pista;;;1;;;;;;;;1;;;;
09/10/2019;23:13:00;578;sem vítima;594;BR-262/MG;Leste;Colisão Traseira;;;2;;;;;;;;2;;;;
10/10/2019;01:13:00;18;sem vítima;727;BR-262/MG;Leste;Saida de Pista;1;;;;;;;;;;1;;;;
10/10/2019;02:07:00;26;sem vítima;69,5;BR-153/MG;Norte;Colisão Lateral;;;2;;;;;;;;2;;;;
10/10/2019;03:59:00;42;sem vítima;23,081;BR-060/DF;Sul;Capotamento;1;;;;;;;;;;1;;;;
10/10/2019;06:18:00;63;sem vítima;364;BR-262/MG;Leste;Colisão Traseira;1;;1;;;;;;;;2;;;;
10/10/2019;07:22:00;89;com vítima;118;BR-060/GO;Norte;Colisão Transversal;1;;;1;;;;;;;1;1;;;
10/10/2019;07:36:00;102;sem vítima;512,9;BR-153/GO;Norte;Colisão Lateral;;;2;;;;;;;;2;;;;
10/10/2019;07:43:00;106;sem vítima;101;BR-060/GO;Norte;Colisão Lateral;1;;;;;1;;;;;2;;;;
10/10/2019;08:01:00;112;sem vítima;501,2;BR-153/GO;Sul;Engavetamento;3;;;;;;;;;;3;;;;
10/10/2019;14:59:00;349;sem vítima;430,3;BR-262/MG;Oeste;Colisão Traseira;1;;2;;;;;;;;3;;;;
10/10/2019;15:03:00;353;sem vítima;612;BR-262/MG;Oeste;Engavetamento;;;3;;;;;;;;3;;;;
10/10/2019;16:04:00;381;sem vítima;19,7;BR-060/GO;Sul;Colisão Traseira;1;;1;;;;;;;;2;;;;
10/10/2019;16:58:00;409;sem vítima;558;BR-262/MG;Oeste;Capotamento;;;;;;;;;;1;1;;;;
10/10/2019;17:59:00;432;com vítima;594;BR-262/MG;Oeste;Colisão Traseira;;;2;;;;;;;;1;1;;;
10/10/2019;19:38:00;481;sem vítima;510;BR-153/GO;Sul;Colisão Traseira;2;;;;;;;;;;4;;;;
10/10/2019;20:25:00;492;sem vítima;800;BR-262/MG;Leste;Capotamento;1;;1;;;;;;;;2;;;;
10/10/2019;21:02:00;511;sem vítima;685;BR-153/GO;Sul;Tombamento;;;1;;;;;;;;1;;;;
10/10/2019;23:21:00;552;sem vítima;500,075;BR-153/GO;Norte;Colisão Traseira;1;;;1;;;;;;;2;;;;
11/10/2019;03:48:00;49;com vítima;488;BR-262/MG;Leste;Capotamento;;;1;;;;;;;;0;1;;;
11/10/2019;05:25:00;51;sem vítima;603;BR-262/MG;Oeste;Capotamento;;;1;;;;;;;1;4;;;;
11/10/2019;06:57:00;63;sem vítima;30,5;BR-153/MG;Sul;Tombamento;;;1;;;;;;;;1;;;;
11/10/2019;07:04:00;68;sem vítima;362;BR-262/MG;Leste;Colisão Traseira;;;2;;;;;;;;2;;;;
11/10/2019;08:01:00;82;sem vítima;494;BR-153/GO;Sul;Engavetamento;3;;;;;;;;;;3;;;;
11/10/2019;09:11:00;100;sem vítima;500,1;BR-153/GO;Sul;Engavetamento;3;;;;;;;;;;3;;;;
11/10/2019;13:13:00;276;sem vítima;509;BR-153/GO;Sul;Colisão Traseira;1;;1;;;;;;;;2;;;;
11/10/2019;14:03:00;294;sem vítima;93;BR-060/GO;Norte;Capotamento;1;;;;;;;;;;1;;;;
11/10/2019;14:16:00;299;com vítima;101;BR-060/GO;Norte;Colisão Lateral;2;;;;;;;;;;5;1;;;
11/10/2019;16:52:00;388;com vítima;604,5;BR-262/MG;Leste;Capotamento;1;;;;;;;;;;3;1;;;
11/10/2019;18:08:00;430;sem vítima;508;BR-153/GO;Norte;Colisão Lateral;1;;;1;;;;;;;2;;;;
11/10/2019;18:33:00;440;sem vítima;507,464;BR-153/GO;Norte;Colisão Traseira;1;;;;;1;;;;;2;;;;
11/10/2019;18:37:00;444;sem vítima;582;BR-262/MG;Leste;Saida de Pista;1;;;;;;;;;;1;;;;
11/10/2019;19:12:00;463;sem vítima;506;BR-153/GO;Norte;Engavetamento;3;;;;;;;;;;4;;;;
11/10/2019;19:23:00;469;com vítima;9,44;BR-060/GO;Norte;Capotamento;1;;;;;;;;;;0;1;;;
11/10/2019;19:24:00;470;sem vítima;89;BR-060/GO;Sul;Colisão Lateral;;;;2;;;;;;;3;;;;
11/10/2019;21:05:00;527;com vítima;119,7;BR-060/GO;Norte;Atropelamento - Usuário;1;;;;;;;;;;1;;1;;
11/10/2019;21:06:00;528;com vítima;1;BR-060/DF;Norte;Choque - Arvore;1;;;;;;;;;;1;1;;;
11/10/2019;22:54:00;588;com vítima;117;BR-060/GO;Norte;Atropelamento - Morador;1;;;;;;;;;;1;;1;;
12/10/2019;02:13:00;22;com vítima;46,921;BR-060/GO;Norte;Tombamento;;;1;;;;;;;;0;1;;;
12/10/2019;10:20:00;205;sem vítima;539;BR-153/GO;Sul;Capotamento;1;;;;;;;;;;2;;;;
12/10/2019;12:12:00;281;com vítima;464;BR-262/MG;Leste;Capotamento;1;;;;;;;;;;0;1;3;;
12/10/2019;19:34:00;496;sem vítima;359;BR-262/MG;Leste;Colisão Traseira;1;;;;;1;;;;;2;;;;
12/10/2019;19:57:00;507;sem vítima;602;BR-262/MG;Oeste;Choque - Elemento de Drenagem;1;;;;;;;;;;1;;;;
13/10/2019;04:14:00;36;sem vítima;359;BR-262/MG;Leste;Choque - Outros;1;;;;;;;;;;1;;;;
13/10/2019;09:54:00;148;sem vítima;398,295;BR-262/MG;Oeste;Tombamento;;;1;;;;;;;;1;;;;
13/10/2019;10:06:00;154;sem vítima;542;BR-153/GO;Norte;Engavetamento;6;;;;;;;;;;14;;;;
13/10/2019;13:54:00;246;com vítima;586;BR-262/MG;Oeste;Capotamento;1;;;;;;;;;;0;;1;;
13/10/2019;17:24:00;357;com vítima;518;BR-153/GO;Sul;Atropelamento - Ciclista;1;1;;;;;;;;;1;;1;;
13/10/2019;17:26:00;362;com vítima;447;BR-262/MG;Leste;Queda de Moto;;;;1;;;;;;;1;1;;;
13/10/2019;17:44:00;372;com vítima;507;BR-153/GO;Norte;Queda de Moto;1;;;1;;;;;;;1;;1;;
13/10/2019;18:14:00;387;sem vítima;0;BR-060/DF;Norte;Choque - Arvore;1;;;;;;;;;;1;;;;
13/10/2019;18:55:00;413;sem vítima;497;BR-153/GO;Norte;Choque - Defensa, barreira ou "submarino";1;;;;;;;;;;1;;;;
13/10/2019;19:08:00;419;com vítima;494,87;BR-153/GO;Sul;Colisão Traseira;1;;;1;;;;;;;1;;;2;
13/10/2019;19:42:00;434;sem vítima;498;BR-153/GO;Sul;Choque - Elemento de Drenagem;1;;;;;;;;;;1;;;;
13/10/2019;20:12:00;453;com vítima;503,25;BR-153/GO;Sul;Choque - Defensa;;;;1;;;;;;;1;;1;;
13/10/2019;22:40:00;523;com vítima;862,042;BR-262/MG;Leste;Tombamento;1;;;;;;;;;;0;1;1;;
14/10/2019;14:06:00;377;sem vítima;495,9;BR-153/GO;Sul;Colisão Traseira;1;;;;;1;;;;;2;;;;
14/10/2019;14:39:00;391;sem vítima;500;BR-153/GO;Sul;Engavetamento;2;;1;;;;;;;;3;;;;
14/10/2019;15:21:00;414;com vítima;621;BR-262/MG;Leste;Tombamento;;;1;;;;;;;;0;1;;;
14/10/2019;15:28:00;418;sem vítima;500,8;BR-153/GO;Sul;Choque - Defensa;1;;;;;;;;;;1;;;;
14/10/2019;17:15:00;476;sem vítima;17;BR-060/DF;Norte;Saida de Pista;1;;;;;;;;;;1;;;;
14/10/2019;17:23:00;479;sem vítima;499,2;BR-153/GO;Norte;Engavetamento;1;;;;;2;;;;;3;;;;
14/10/2019;19:22:00;542;com vítima;3,5;BR-060/GO;Norte;Objeto lançado contra veículo;2;;;;;;;;;;2;;;1;
14/10/2019;19:24:00;544;sem vítima;664,2;BR-262/MG;Leste;Colisão Traseira;;;2;;;;;;;;2;;;;
14/10/2019;20:27:00;575;sem vítima;110,135;BR-060/GO;Sul;Saida de Pista;2;;1;;;;;;;;5;;;;
14/10/2019;21:35:00;603;com vítima;506;BR-153/GO;Sul;Queda de Moto;;;;1;;;;;;;0;2;;;
15/10/2019;00:53:00;25;sem vítima;60;BR-060/GO;Norte;Atropelamento de Animal;1;;;;;;;;;;1;;;;
15/10/2019;01:15:00;31;com vítima;4,5;BR-060/GO;Norte;Capotamento;1;;;;;;;;;;0;;1;;
15/10/2019;07:30:00;138;com vítima;520;BR-153/GO;Sul;Colisão Lateral;1;;;1;;;;;;;0;1;1;;
15/10/2019;08:35:00;193;sem vítima;614,5;BR-153/GO;Norte;Tombamento;;;1;;;;;;;;1;;;;
15/10/2019;08:40:00;198;com vítima;30;BR-060/DF;Norte;Atropelamento - Morador;1;;;;;;;;;;1;;1;;
15/10/2019;09:14:00;226;sem vítima;676;BR-262/MG;Oeste;Colisão Traseira;1;;1;;;;;;;;2;;;;
15/10/2019;09:26:00;246;sem vítima;502;BR-153/GO;Norte;Colisão Traseira;2;;;;;;;;;;2;;;;
15/10/2019;11:26:00;319;com vítima;376;BR-262/MG;Oeste;Capotamento;;;1;;;;;;;;0;1;;;
15/10/2019;14:29:00;439;sem vítima;27;BR-060/DF;Norte;Saida de Pista;;;;;;;;;;1;1;;;;
15/10/2019;15:08:00;460;com vítima;827,4;BR-262/MG;Oeste;Saida de Pista;;;1;;;;;;;;0;1;;;
15/10/2019;15:19:00;467;sem vítima;362;BR-262/MG;Oeste;Colisão Traseira;;;1;;;;;;;1;2;;;;
15/10/2019;16:05:00;493;sem vítima;406;BR-262/MG;Oeste;Colisão Traseira;1;;;;;1;;;;;2;;;;
15/10/2019;16:49:00;503;com vítima;136,6;BR-060/GO;Sul;Queda de Ciclista;;1;;;;;;;;;0;1;;;
15/10/2019;17:31:00;520;com vítima;365;BR-262/MG;Oeste;Queda de Moto;;;;1;;;;;;;1;1;;;
15/10/2019;17:45:00;525;com vítima;543;BR-153/GO;Norte;Capotamento;1;;;;;;;;;;0;;1;;
15/10/2019;19:08:00;581;sem vítima;617;BR-153/GO;Norte;Atropelamento de Animal;1;;;;;;;;;;1;;;;
15/10/2019;19:33:00;591;sem vítima;606;BR-153/GO;Sul;Choque - Objeto sobre a pista;1;;;;;;;;;;1;;;;
15/10/2019;19:33:00;592;sem vítima;606;BR-153/GO;Sul;Choque - Objeto sobre a pista;1;;;;;;;;;;1;;;;
15/10/2019;20:35:00;623;sem vítima;560;BR-153/GO;Sul;Capotamento;1;;;;;;;;;;1;;;;
15/10/2019;21:31:00;650;com vítima;638;BR-153/GO;Sul;Queda de Moto;;;;1;;;;;;;1;1;;;
15/10/2019;22:56:00;675;sem vítima;912;BR-262/MG;Oeste;Choque - Defensa, barreira ou "submarino";;;1;;;;;;;;1;;;;
16/10/2019;05:26:00;62;com vítima;28;BR-060/GO;Norte;Queda de Moto;;;;1;;;;;;;0;;;1;
16/10/2019;06:55:00;96;com vítima;516;BR-153/GO;Norte;Colisão Lateral;1;;;1;;;;;;;2;1;;;
16/10/2019;07:20:00;112;sem vítima;10;BR-153/MG;Sul;Saida de Pista;1;;;;;;;;;;1;;;;
16/10/2019;07:50:00;127;com vítima;494,5;BR-153/GO;Sul;Colisão Traseira;;;;1;;2;;;;;2;;;;1
16/10/2019;08:21:00;143;sem vítima;40;BR-060/GO;Sul;Choque - Elemento de Drenagem;1;;;;;;;;;;2;;;;
16/10/2019;09:05:00;176;com vítima;11;BR-060/DF;Sul;Colisão Lateral;1;;1;;;;;;;;4;1;;;
16/10/2019;10:09:00;230;com vítima;747,75;BR-262/MG;Oeste;Engavetamento;3;;4;;;4;;;;;11;;;1;1
16/10/2019;12:53:00;329;com vítima;793;BR-262/MG;Oeste;Capotamento;;;;;;;;;;1;0;1;;;
16/10/2019;16:19:00;427;sem vítima;12;BR-060/GO;Norte;Colisão Traseira;2;;;;;;;;;;2;;;;
17/10/2019;00:09:00;2;sem vítima;657;BR-153/GO;Sul;Saida de Pista;1;;;;;1;;;;;2;;;;
17/10/2019;06:04:00;74;sem vítima;89,2;BR-060/GO;Norte;Colisão Traseira;1;1;;;;;;;;;2;;;;
17/10/2019;07:57:00;133;sem vítima;508,2;BR-153/GO;Norte;Engavetamento;4;;;;;;;;;;6;;;;
17/10/2019;11:20:00;267;sem vítima;590,15;BR-262/MG;Oeste;Capotamento;1;;;;;;;;;;1;;;;
17/10/2019;15:14:00;376;sem vítima;875,5;BR-262/MG;Oeste;Saida de Pista;1;;;;;;;;;;1;;;;
17/10/2019;15:50:00;386;sem vítima;99;BR-060/GO;Sul;Colisão Lateral;1;;;1;;;;;;;2;;;;
17/10/2019;16:48:00;407;com vítima;3;BR-060/DF;Sul;Colisão Transversal;;;;1;;;;;;1;2;1;;;
17/10/2019;17:07:00;413;com vítima;116;BR-060/GO;Sul;Capotamento;1;;;;;;;;;;0;1;;;
17/10/2019;17:21:00;422;sem vítima;503;BR-153/GO;Sul;Colisão Traseira;;;2;;;;;;;;3;;;;
17/10/2019;18:45:00;459;com vítima;594;BR-153/GO;Sul;Capotamento;1;;;;;;;;;;0;1;;;
17/10/2019;19:48:00;486;com vítima;172;BR-153/MG;Sul;Capotamento;;;;;;;;;;1;1;2;;;
17/10/2019;20:50:00;509;sem vítima;467;BR-262/MG;Leste;Colisão Lateral;;;3;;;;;;;;3;;;;
18/10/2019;00:52:00;21;sem vítima;21,5;BR-060/GO;Sul;Choque - Defensa, barreira ou "submarino";;;1;;;;;;;;1;;;;
18/10/2019;03:40:00;50;com vítima;457;BR-262/MG;Oeste;Choque - Elemento de Drenagem;;;;;;;;;;1;4;1;;;
18/10/2019;07:10:00;116;com vítima;507,9;BR-153/GO;Norte;Colisão Lateral;1;;;1;;1;;;;;2;1;;1;
18/10/2019;10:24:00;264;com vítima;631;BR-153/GO;Norte;Queda de Moto;;;;1;;;;;;;0;2;;;
18/10/2019;12:16:00;343;sem vítima;429;BR-262/MG;Leste;Choque - Elemento de Drenagem;1;;;;;;;;;;1;;;;
18/10/2019;13:08:00;368;com vítima;651,15;BR-262/MG;Oeste;Capotamento;1;;;;;;;;;;1;;3;;
18/10/2019;14:26:00;407;sem vítima;426;BR-262/MG;Leste;Colisão Traseira;;;1;1;;;;;;;2;;;;
18/10/2019;14:26:00;408;com vítima;29;BR-060/DF;Sul;Capotamento;1;;;;;;;;;;0;3;;;
18/10/2019;15:45:00;446;sem vítima;128;BR-060/GO;Sul;Tombamento;;;1;;;;;;;;1;;;;
18/10/2019;15:47:00;447;com vítima;196;BR-153/MG;Norte;Colisão Traseira;2;;1;;;;;;;;2;3;;;
18/10/2019;17:03:00;488;sem vítima;600;BR-262/MG;Leste;Choque - Veiculo parado na pista;1;;1;;;;;;;;2;;;;
18/10/2019;18:15:00;524;sem vítima;544;BR-262/MG;Oeste;Atropelamento de Animal;1;;;;;;;;;;4;;;;