data;horario;n_da_ocorrencia;tipo_de_ocorrencia;km;trecho;sentido;tipo_de_acidente;automovel;bicicleta;caminhao;moto;onibus;outros;tracao_animal;transporte_de_cargas_especiais;trator_maquinas;utilitarios;ilesos;levemente_feridos;moderadamente_feridos;gravemente_feridos;mortos
18/10/2019;19:09:00;555;com vítima;502;BR-153/GO;Norte;Colisão Traseira;1;;;1;;;;;;;1;2;;;
18/10/2019;19:11:00;557;com vítima;687,5;BR-262/MG;Oeste;Tombamento;;;1;;;;;;;;0;1;;;
18/10/2019;21:39:00;624;com vítima;412,5;BR-262/MG;Oeste;Colisão Lateral;1;;;1;;;;;;;1;;;;1
19/10/2019;06:01:00;90;sem vítima;14,23;BR-060/GO;Sul;Choque - Elemento de Drenagem;1;;;;;;;;;;1;;;;
19/10/2019;07:13:00;124;sem vítima;534;BR-153/GO;Sul;Atropelamento de Animal;1;;;;;;;;;;1;;;;
19/10/2019;07:41:00;143;com vítima;639;BR-262/MG;Oeste;Capotamento;;;1;;;;;;;;0;1;;;
19/10/2019;08:01:00;155;sem vítima;553,05;BR-262/MG;Leste;Tombamento;;;1;;;;;;;;1;;;;
19/10/2019;10:20:00;264;sem vítima;551;BR-153/GO;Norte;Colisão Traseira;1;;1;;;;;;;;3;;;;
19/10/2019;13:32:00;394;sem vítima;631,3;BR-153/GO;Sul;Colisão Traseira;;;1;;;;;;;1;2;;;;
19/10/2019;17:36:00;509;sem vítima;635;BR-262/MG;Leste;Engavetamento;1;;2;;;;;;;;3;;;;
19/10/2019;22:07:00;625;sem vítima;494;BR-153/GO;Norte;Colisão Traseira;2;;;;;;;;;;2;;;;
20/10/2019;00:46:00;13;com vítima;1,9;BR-060/DF;Norte;Colisão Traseira;2;;;;;;;;;;2;2;;;
20/10/2019;01:57:00;32;com vítima;506;BR-153/GO;Sul;Queda de Moto;;;;1;;;;;;;1;1;;;
20/10/2019;03:32:00;53;sem vítima;106,8;BR-060/GO;Sul;Saida de Pista;1;;;;;;;;;;1;;;;
20/10/2019;04:24:00;61;sem vítima;538;BR-262/MG;Oeste;Saida de Pista;1;;;;;;;;;;2;;;;
20/10/2019;06:23:00;80;sem vítima;127,8;BR-153/MG;Norte;Choque - Talude;1;;;;;;;;;;1;;;;
20/10/2019;06:35:00;83;com vítima;593;BR-153/GO;Sul;Choque - Talude;1;;;;;;;;;;0;1;;;
20/10/2019;07:56:00;113;com vítima;5;BR-060/DF;Sul;Atropelamento de Animal;;;;1;;;;;;;0;1;;;
20/10/2019;07:59:00;115;com vítima;53;BR-060/GO;Sul;Choque - Defensa, barreira ou "submarino";;;;1;;;;;;;0;;;1;
20/10/2019;13:57:00;288;com vítima;748;BR-262/MG;Leste;Queda de Moto;;;;1;;;;;;;0;1;;;
20/10/2019;15:50:00;348;sem vítima;44,3;BR-060/GO;Norte;Colisão Lateral;2;;;;;;;;;;2;;;;
20/10/2019;17:30:00;409;com vítima;96;BR-153/MG;Sul;Queda de Moto;;;;1;;;;;;;0;2;;;
20/10/2019;18:14:00;427;com vítima;834,9;BR-262/MG;Oeste;Saida de Pista;1;;;;;;;;;;0;;;1;
20/10/2019;18:55:00;452;com vítima;117,858;BR-060/GO;Norte;Atropelamento - Morador;1;;;;;;;;;;1;1;;;
20/10/2019;18:58:00;456;sem vítima;681;BR-153/GO;Sul;Colisão Traseira;;;2;;;;;;;;2;;;;
20/10/2019;19:05:00;461;com vítima;412;BR-262/MG;Leste;Queda de Moto;;;;1;;;;;;;1;1;;;
21/10/2019;03:05:00;38;sem vítima;798;BR-262/MG;Oeste;Tombamento;;;1;;;;;;;;1;;;;
21/10/2019;06:13:00;73;sem vítima;8;BR-060/GO;Norte;Saida de Pista;1;;;;;;;;;;1;;;;
21/10/2019;07:27:00;107;sem vítima;4,2;BR-060/DF;Norte;Engavetamento;3;;;;;;;;;;5;;;;
21/10/2019;08:05:00;133;sem vítima;503;BR-153/GO;Sul;Engavetamento;3;;;;;;;;;;3;;;;
21/10/2019;09:08:00;171;com vítima;607;BR-262/MG;Leste;Capotamento;1;;;;;;;;;;1;1;;;
21/10/2019;09:12:00;172;com vítima;896;BR-262/MG;Leste;Capotamento;1;;;;;;;;;;0;1;1;;
21/10/2019;10:29:00;208;com vítima;584;BR-262/MG;Leste;Capotamento;1;;;;;;;;;;1;;1;;
21/10/2019;13:46:00;294;com vítima;380;BR-262/MG;Leste;Choque - Elemento de Drenagem;1;;;;;;;;;;0;;1;;
21/10/2019;13:47:00;296;sem vítima;416;BR-262/MG;Leste;Tombamento;;;1;;;;;;;;1;;;;
21/10/2019;15:35:00;344;com vítima;554;BR-262/MG;Leste;Tombamento;;;1;;;;;;;;3;1;;;
21/10/2019;15:51:00;353;com vítima;29,3;BR-060/GO;Norte;Choque - Outros;2;;;;;;;;;;4;;;1;
21/10/2019;16:49:00;378;sem vítima;404;BR-262/MG;Leste;Capotamento;;;;;;;;;;1;1;;;;
21/10/2019;17:06:00;386;sem vítima;501;BR-153/GO;Sul;Colisão Traseira;1;;;1;;;;;;;2;;;;
21/10/2019;18:09:00;410;sem vítima;502;BR-153/GO;Sul;Colisão Traseira;2;;;;;;;;;;2;;;;
21/10/2019;18:21:00;415;com vítima;83;BR-060/GO;Sul;Capotamento;1;;;;;;;;;;1;1;1;;
21/10/2019;20:25:00;483;com vítima;655;BR-153/GO;Norte;Capotamento;1;;;;;;;;;;0;1;;;
21/10/2019;20:40:00;496;sem vítima;447;BR-262/MG;Leste;Colisão Lateral;1;;1;;;;;;;;3;;;;
21/10/2019;22:54:00;552;sem vítima;507;BR-153/GO;Sul;Colisão Traseira;1;;;;;;;;;1;2;;;;
21/10/2019;22:59:00;554;sem vítima;548;BR-262/MG;Leste;Choque - Talude;;;1;;;;;;;;2;;;;
21/10/2019;23:51:00;576;com vítima;504;BR-153/GO;Sul;Queda de Moto;;;;1;;;;;;;0;1;;;
22/10/2019;05:45:00;103;sem vítima;132,864;BR-153/MG;Norte;Choque - Elemento de Drenagem;;;1;;;;;;;;1;;;;
22/10/2019;07:11:00;138;sem vítima;505,5;BR-153/GO;Norte;Engavetamento;3;;;;;;;;;2;5;;;;
22/10/2019;07:28:00;147;sem vítima;82,5;BR-153/MG;Norte;Colisão Traseira;;;2;;;;;;;;2;;;;
22/10/2019;07:28:00;148;sem vítima;507;BR-153/GO;Norte;Colisão Lateral;1;;;1;;;;;;;2;;;;
22/10/2019;07:30:00;149;sem vítima;507,405;BR-153/GO;Sul;Capotamento;2;;;;;;;;;;2;;;;
22/10/2019;08:04:00;172;sem vítima;506,3;BR-153/GO;Norte;Colisão Lateral;;;1;1;;;;;;;2;;;;
22/10/2019;12:56:00;303;com vítima;367;BR-262/MG;Oeste;Queda de Moto;;;;1;;;;;;;0;;1;;
22/10/2019;13:30:00;318;sem vítima;64;BR-060/GO;Norte;Choque - Elemento de Drenagem;1;;;;;;;;;;1;;;;
22/10/2019;14:53:00;355;sem vítima;33;BR-153/MG;Norte;Tombamento;;;1;;;;;;;;1;;;;
22/10/2019;15:14:00;365;sem vítima;2;BR-060/DF;Norte;Saida de Pista;;;;;;1;;;;1;3;;;;
22/10/2019;17:30:00;422;sem vítima;501;BR-153/GO;Sul;Colisão Traseira;;;;1;;1;;;;;2;;;;
22/10/2019;17:54:00;432;sem vítima;108,9;BR-060/GO;Norte;Colisão Traseira;1;;1;;;;;;;;3;;;;
22/10/2019;18:09:00;439;com vítima;359,7;BR-262/MG;Leste;Colisão Traseira;;;1;1;;;;;;;1;;1;;
22/10/2019;18:19:00;445;sem vítima;501;BR-153/GO;Norte;Colisão Traseira;1;;;1;;;;;;;5;;;;
22/10/2019;18:58:00;461;com vítima;33;BR-153/MG;Norte;Atropelamento - Andarilho;;;;;;;;;;1;1;;;;1
22/10/2019;20:29:00;496;sem vítima;382,908;BR-262/MG;Leste;Colisão Traseira;1;;1;;;;;;;;2;;;;
22/10/2019;21:16:00;510;com vítima;400;BR-262/MG;Leste;Colisão Traseira;1;;;1;;;;;;;3;1;;;
23/10/2019;02:22:00;41;sem vítima;110;BR-060/GO;Sul;Capotamento;1;;;;;;;;;;2;;;;
23/10/2019;06:46:00;106;com vítima;21;BR-060/GO;Norte;Colisão Traseira;;;;;;;;;;2;1;1;;;
23/10/2019;07:20:00;121;sem vítima;502,1;BR-153/GO;Norte;Colisão Traseira;2;;;;;;;;;;2;;;;
23/10/2019;09:22:00;196;com vítima;142,48;BR-153/MG;Norte;Engavetamento;1;;2;;;;;;;;0;1;;1;2
23/10/2019;09:26:00;197;sem vítima;543;BR-262/MG;Leste;Tombamento;;;1;;;;;;;;1;;;;
23/10/2019;13:55:00;329;sem vítima;30;BR-060/DF;Norte;Atropelamento - Andarilho;;;1;;;;;;;;2;;;;
23/10/2019;14:01:00;333;sem vítima;4,9;BR-060/DF;Sul;Colisão Lateral;1;;;;;;;;;1;2;;;;
23/10/2019;15:07:00;353;sem vítima;79;BR-060/GO;Sul;Choque - Defensa, barreira ou "submarino";;;1;;;;;;;;1;;;;
23/10/2019;15:50:00;373;sem vítima;491;BR-153/GO;Sul;Colisão Traseira;1;;1;;;;;;;;3;;;;
23/10/2019;16:48:00;403;com vítima;380;BR-262/MG;Leste;Capotamento;;;;;;;;;;1;0;1;;;
23/10/2019;17:36:00;426;sem vítima;388;BR-262/MG;Oeste;Saida de Pista;1;;;;;;;;;;2;;;;
23/10/2019;19:12:00;470;sem vítima;515;BR-153/GO;Sul;Engavetamento;2;;;;;1;;;;;3;;;;
23/10/2019;20:03:00;497;sem vítima;119;BR-060/GO;Sul;Saida de Pista;;;1;;;;;;;;1;;;;
24/10/2019;00:06:00;3;com vítima;803,6;BR-262/MG;Leste;Queda de Moto;;;;1;;;;;;;0;2;;;
24/10/2019;01:41:00;25;sem vítima;611;BR-262/MG;Oeste;Saida de Pista;;;1;;;;;;;;1;;;;
24/10/2019;09:16:00;211;sem vítima;779;BR-262/MG;Leste;Colisão Traseira;2;;;;;;;;;;2;;;;
24/10/2019;13:44:00;349;sem vítima;554,5;BR-262/MG;Oeste;Colisão Traseira;;;;;;;;;;2;3;;;;
24/10/2019;15:19:00;387;sem vítima;367;BR-262/MG;Oeste;Colisão Traseira;1;;1;;;;;;;;2;;;;
24/10/2019;15:24:00;391;sem vítima;513;BR-153/GO;Norte;Tombamento;;;1;;;;;;;;1;;;;
24/10/2019;23:50:00;631;sem vítima;900;BR-262/MG;Oeste;Saida de Pista;;;1;;;;;;;;1;;;;
25/10/2019;05:40:00;68;sem vítima;12;BR-153/MG;Norte;Colisão Traseira;;;2;;;;;;;;2;;;;
25/10/2019;08:17:00;135;com vítima;6;BR-060/DF;Norte;Colisão Lateral;;;;2;;;;;;;1;2;;;
25/10/2019;09:54:00;206;sem vítima;42,9;BR-060/GO;Sul;Choque - Defensa, barreira ou "submarino";1;;;;;;;;;;1;;;;
25/10/2019;10:54:00;246;sem vítima;499;BR-153/GO;Sul;Colisão Traseira;1;;1;;;;;;;;2;;;;
25/10/2019;18:58:00;467;com vítima;514,257;BR-153/GO;Sul;Colisão Lateral;1;;;1;;;;;;;1;1;1;;
25/10/2019;20:28:00;509;com vítima;39,973;BR-153/MG;Norte;Engavetamento;;;3;;;;;;;;0;3;;;
25/10/2019;21:52:00;534;com vítima;520,154;BR-153/GO;Norte;Tombamento;;;1;;;;;;;;0;;1;;
25/10/2019;23:36:00;572;sem vítima;89,744;BR-060/GO;Sul;Colisão Traseira;2;;;;;;;;;;4;;;;
26/10/2019;04:43:00;72;sem vítima;594;BR-153/GO;Norte;Atropelamento de Animal;1;;;;;;;;;;1;;;;
26/10/2019;05:18:00;80;sem vítima;93,5;BR-060/GO;Norte;Choque - Outros;1;;;;;;;;;;1;;;;
26/10/2019;07:21:00;122;sem vítima;507,4;BR-153/GO;Norte;Colisão Traseira;2;;;;;;;;;;2;;;;
26/10/2019;07:42:00;130;sem vítima;509;BR-153/GO;Sul;Colisão Lateral;1;;1;;;;;;;;2;;;;
26/10/2019;09:23:00;186;sem vítima;94;BR-153/MG;Sul;Saida de Pista;;;1;;;;;;;;1;;;;
26/10/2019;10:01:00;205;com vítima;494;BR-153/GO;Norte;Queda de Moto;;;;1;;;;;;;1;1;;;
26/10/2019;10:16:00;210;sem vítima;408;BR-262/MG;Leste;Choque - Elemento de Drenagem;1;;;;;1;;;;;2;;;;
26/10/2019;13:01:00;269;sem vítima;27;BR-060/GO;Sul;Colisão Traseira;1;;;;;1;;;;;4;;;;
26/10/2019;14:03:00;292;sem vítima;4;BR-060/DF;Norte;Choque- Poste/Equipamento;;;;;;;;;;1;1;;;;
26/10/2019;18:22:00;434;sem vítima;610;BR-262/MG;Leste;Carreta deu L;;;1;;;;;;;;1;;;;
26/10/2019;18:35:00;441;com vítima;604,8;BR-262/MG;Leste;Tombamento;;;1;;;;;;;;0;1;;;
26/10/2019;19:02:00;449;com vítima;519;BR-262/MG;Leste;Colisão Traseira;1;;1;;;;;;;;1;;1;;
26/10/2019;19:18:00;459;sem vítima;593;BR-262/MG;Leste;Saida de Pista;;;1;;;;;;;;1;;;;
27/10/2019;07:27:00;92;sem vítima;433;BR-262/MG;Leste;Choque - Elemento de Drenagem;1;;;;;;;;;;1;;;;
27/10/2019;11:35:00;217;sem vítima;39;BR-060/GO;Sul;Capotamento;1;;;;;;;;;;2;;;;
27/10/2019;12:09:00;233;com vítima;486;BR-262/MG;Leste;Saida de Pista;1;;;;;;;;;;0;3;;;
27/10/2019;12:35:00;246;sem vítima;18;BR-060/DF;Norte;Saida de Pista;1;;;;;;;;;;1;;;;
27/10/2019;15:45:00;331;sem vítima;584;BR-262/MG;Oeste;Capotamento;1;;;;;;;;;;1;;;;
27/10/2019;15:46:00;332;com vítima;369;BR-262/MG;Leste;Colisão Traseira;1;;;1;;;;;;;1;1;1;;
27/10/2019;15:49:00;334;sem vítima;790;BR-262/MG;Leste;Capotamento;1;;;;;;;;;;3;;;;
27/10/2019;19:05:00;429;sem vítima;473;BR-262/MG;Leste;Saida de Pista;1;;1;;;;;;;1;7;;;;
27/10/2019;20:24:00;458;sem vítima;5;BR-060/DF;Norte;Choque - Veiculo parado no acostamento;2;;;;;;;;;;2;;;;
27/10/2019;20:36:00;459;sem vítima;21,3;BR-153/MG;Sul;Saida de Pista;1;;;;;1;;;;;2;;;;
27/10/2019;20:40:00;460;sem vítima;390;BR-262/MG;Oeste;Capotamento;1;;;;;;;;;;1;;;;
27/10/2019;21:15:00;472;com vítima;802;BR-262/MG;Leste;Atropelamento - Morador;1;;;;;;;;;;2;;1;;
27/10/2019;21:40:00;478;com vítima;519,5;BR-262/MG;Leste;Capotamento;1;;;;;;;;;;0;1;1;;
27/10/2019;21:44:00;479;com vítima;535;BR-153/GO;Sul;Colisão Traseira;;;;1;;;;;;1;1;;2;;
27/10/2019;21:55:00;484;sem vítima;498;BR-153/GO;Norte;Colisão Lateral;;;2;;;;;;;;4;;;;
27/10/2019;22:45:00;503;sem vítima;449;BR-262/MG;Leste;Capotamento;1;;;;;;;;;;1;;;;
28/10/2019;04:20:00;44;com vítima;632;BR-262/MG;Leste;Colisão Frontal;1;;1;;;;;;;;0;1;;1;
28/10/2019;07:31:00;104;sem vítima;508;BR-153/GO;Norte;Engavetamento;5;;;;;;;;;;5;;;;
28/10/2019;07:58:00;119;sem vítima;590,125;BR-153/GO;Sul;Saida de Pista;1;;;;;;;;;;1;;;;
28/10/2019;08:29:00;138;sem vítima;398;BR-262/MG;Oeste;Colisão Transversal;1;;1;;;;;;;;2;;;;
28/10/2019;08:49:00;153;sem vítima;458;BR-262/MG;Leste;Colisão Lateral;1;;1;;;;;;;;2;;;;
28/10/2019;08:50:00;154;sem vítima;822,5;BR-262/MG;Oeste;Colisão Traseira;1;;;;;;;;;1;4;;;;
28/10/2019;09:16:00;173;sem vítima;412;BR-262/MG;Oeste;Saida de Pista;1;;;;;;;;;;1;;;;
28/10/2019;13:40:00;359;com vítima;0;BR-060/DF;Norte;Colisão Frontal;;;1;1;;;;;;;1;1;;;
28/10/2019;14:07:00;370;sem vítima;659,85;BR-262/MG;Oeste;Tombamento;;;1;;;;;;;;1;;;;
28/10/2019;15:21:00;412;sem vítima;498;BR-153/GO;Sul;Engavetamento;2;;;1;;;;;;;3;;;;
28/10/2019;16:07:00;436;sem vítima;438;BR-262/MG;Leste;Capotamento;1;;;;;;;;;;1;;;;
28/10/2019;17:26:00;494;sem vítima;438;BR-262/MG;Oeste;Choque - Outros;;;;;;;;;;1;3;;;;
28/10/2019;18:24:00;521;sem vítima;496;BR-153/GO;Sul;Choque - Veiculo parado na pista;1;;1;;;;;;;;3;;;;
28/10/2019;18:44:00;530;sem vítima;380;BR-262/MG;Oeste;Choque - Elemento de Drenagem;1;;;;;;;;;;2;;;;
28/10/2019;18:45:00;531;com vítima;558,6;BR-153/GO;Norte;Capotamento;;;;;;;;;;1;0;5;;;
28/10/2019;19:15:00;540;sem vítima;114;BR-153/MG;Norte;Saida de Pista;1;;;;;;;;;;1;;;;
28/10/2019;19:26:00;542;sem vítima;595;BR-153/GO;Norte;Saida de Pista;1;;;;;;;;;;1;;;;
28/10/2019;20:16:00;560;sem vítima;656;BR-262/MG;Leste;Capotamento;1;;;;;;;;;;1;;;;
29/10/2019;06:39:00;62;sem vítima;389;BR-262/MG;Leste;Colisão Traseira;;;2;;;;;;;;2;;;;
29/10/2019;07:43:00;117;sem vítima;495;BR-153/GO;Sul;Colisão Traseira;2;;;;;;;;;;2;;;;
29/10/2019;09:22:00;215;com vítima;503,1;BR-153/GO;Sul;Engavetamento;;;2;1;;;;;;1;5;1;1;;
29/10/2019;11:02:00;289;com vítima;584;BR-262/MG;Oeste;Capotamento;1;;;;;;;;;;1;;2;;
29/10/2019;12:15:00;336;sem vítima;592;BR-153/GO;Norte;Choque - Elemento de Drenagem;;;1;;;;;;;;1;;;;
29/10/2019;12:16:00;338;sem vítima;424,8;BR-262/MG;Oeste;Tombamento;;;1;;;;;;;;1;;;;
29/10/2019;14:01:00;389;sem vítima;115;BR-060/GO;Norte;Capotamento;1;;;;;;;;;;2;;;;
29/10/2019;15:09:00;423;sem vítima;685;BR-153/GO;Norte;Colisão Traseira;2;;;;;;;;;;5;;;;
29/10/2019;15:51:00;448;sem vítima;385;BR-262/MG;Oeste;Choque - Elemento de Drenagem;1;;;;;;;;;;1;;;;
29/10/2019;16:46:00;479;sem vítima;385;BR-262/MG;Leste;Choque - Elemento de Drenagem;1;;;;;;;;;;1;;;;
29/10/2019;17:58:00;510;com vítima;512,8;BR-153/GO;Norte;Queda de Moto;;;;1;;;;;;;0;2;;;
29/10/2019;18:26:00;522;sem vítima;404;BR-262/MG;Leste;Capotamento;1;;;;;;;;;;1;;;;
29/10/2019;18:43:00;534;sem vítima;501;BR-153/GO;Norte;Colisão Traseira;2;;;;;;;;;;2;;;;
29/10/2019;18:59:00;541;com vítima;403;BR-262/MG;Oeste;Colisão Traseira;1;;;1;;;;;;;1;;1;;
29/10/2019;19:11:00;546;sem vítima;848,852;BR-262/MG;Oeste;Atropelamento de Animal;1;;;;;;;;;;1;;;;
29/10/2019;19:35:00;553;com vítima;404;BR-262/MG;Leste;Colisão Traseira;;;1;;;;;;;1;2;1;;;
29/10/2019;19:35:00;554;com vítima;92;BR-060/GO;Sul;Colisão Traseira;;;2;;;;;;;;1;1;;;
29/10/2019;21:51:00;604;sem vítima;610;BR-262/MG;Oeste;Tombamento;;;1;;;;;;;;1;;;;
29/10/2019;22:46:00;619;com vítima;17,684;BR-153/MG;Sul;Atropelamento - Morador;;;1;;;;;;;;1;;;;1
29/10/2019;23:17:00;630;sem vítima;395;BR-262/MG;Oeste;Tombamento;;;1;;;;;;;;1;;;;
30/10/2019;00:08:00;3;sem vítima;510;BR-153/GO;Norte;Colisão Traseira;2;;;;;;;;;;2;;;;
30/10/2019;08:53:00;181;sem vítima;3;BR-060/DF;Sul;Colisão Traseira;2;;;;;;;;;;2;;;;
30/10/2019;10:03:00;230;com vítima;97;BR-060/GO;Norte;Queda de Moto;;;;1;;;;;;;0;1;;;
30/10/2019;10:10:00;239;com vítima;73;BR-060/GO;Norte;Capotamento;1;;1;;;;;;;;1;1;;;
30/10/2019;12:40:00;297;com vítima;502;BR-153/GO;Sul;Atropelamento - Usuário;3;;;;;;;;;;2;1;;;
30/10/2019;14:21:00;344;sem vítima;135;BR-060/GO;Sul;Choque - Talude;;;;;;;;;;1;2;;;;
30/10/2019;17:20:00;430;sem vítima;533;BR-153/GO;Norte;Saida de Pista;;;;;;;;;;1;1;;;;
30/10/2019;17:45:00;434;com vítima;510;BR-153/GO;Sul;Colisão Lateral;1;;;1;;;;;;;1;1;;;
30/10/2019;19:16:00;468;com vítima;511,5;BR-153/GO;Norte;Colisão Traseira;;;;2;;;;;;;3;1;;;
30/10/2019;20:42:00;507;sem vítima;609;BR-153/GO;Norte;Choque - Talude;;;1;;;;;;;;1;;;;
31/10/2019;06:39:00;95;sem vítima;24;BR-153/MG;Norte;Capotamento;;;;;;;;;;1;1;;;;
31/10/2019;10:14:00;232;sem vítima;396;BR-262/MG;Oeste;Saida de Pista;1;;1;;;;;;;;3;;;;
31/10/2019;11:55:00;309;sem vítima;490;BR-153/GO;Sul;Colisão Lateral;1;;1;;;;;;;;2;;;;
31/10/2019;15:32:00;449;sem vítima;614,5;BR-153/GO;Sul;Saida de Pista;1;;;;;;;;;;1;;;;
31/10/2019;16:26:00;481;sem vítima;378;BR-262/MG;Oeste;Tombamento;1;;;;;;;;;;1;;;;
31/10/2019;17:26:00;516;com vítima;528;BR-262/MG;Oeste;Engavetamento;1;;1;;;;;;;1;4;;1;;
31/10/2019;17:38:00;525;sem vítima;509;BR-153/GO;Norte;Engavetamento;3;;1;;;;;;;;4;;;;
31/10/2019;19:08:00;566;sem vítima;69;BR-060/GO;Norte;Choque - Veiculo parado na pista;1;;1;;;;;;;;2;;;;
31/10/2019;19:37:00;580;com vítima;727;BR-262/MG;Oeste;Tombamento;1;;;;;;;;;;0;1;;;
31/10/2019;19:51:00;592;sem vítima;507;BR-153/GO;Norte;Engavetamento;1;;;;;2;;;;;3;;;;
31/10/2019;21:46:00;633;sem vítima;102;BR-060/GO;Sul;Choque - Elemento de Drenagem;1;;;;;1;;;;;2;;;;
31/10/2019;21:47:00;634;com vítima;466;BR-262/MG;Leste;Tombamento;;;1;;;;;;;;0;2;;;
31/10/2019;22:03:00;641;sem vítima;566;BR-153/GO;Sul;Saida de Pista;;;1;;;;;;;;1;;;;
01/03/2020;00:29:00;8;sem vítima;494,822;BR-153/GO;Norte;Colisão Traseira;;;;;;1;;;;1;2;;;;
01/03/2020;02:05:00;39;sem vítima;413;BR-262/MG;Oeste;Saida de Pista;1;;;;;;;;;;3;;;;
01/03/2020;11:12:00;188;sem vítima;661;BR-262/MG;Leste;Saida de Pista;1;;;;;;;;;;4;;;;
01/03/2020;12:15:00;213;sem vítima;386;BR-262/MG;Oeste;Choque - Elemento de Drenagem;1;;;;;;;;;;1;;;;
01/03/2020;13:17:00;235;sem vítima;380;BR-262/MG;Leste;Choque - Talude;1;;;;;;;;;;2;;;;
01/03/2020;13:21:00;237;com vítima;37,8;BR-060/GO;Norte;Capotamento;1;;;;;;;;;;0;;1;;
01/03/2020;14:02:00;247;sem vítima;371;BR-262/MG;Leste;Choque - Elemento de Drenagem;1;;;;;;;;;;1;;;;
01/03/2020;14:13:00;250;com vítima;62;BR-060/GO;Norte;Capotamento;1;;;;;;;;;;0;;1;;
01/03/2020;14:33:00;256;sem vítima;559;BR-153/GO;Sul;Tombamento;1;;;;;;;;;;1;;;;
01/03/2020;16:48:00;296;sem vítima;607,3;BR-262/MG;Oeste;Saida de Pista;1;;;;;;;;;;1;;;;
01/03/2020;17:50:00;314;com vítima;586,104;BR-153/GO;Norte;Colisão Traseira;;;1;;;;;;;1;2;1;;;
01/03/2020;18:06:00;322;sem vítima;641;BR-262/MG;Oeste;Capotamento;1;;;;;1;;;;;3;;;;
01/03/2020;18:08:00;325;sem vítima;221;BR-153/MG;Sul;Saida de Pista;1;;;;;;;;;;3;;;;
01/03/2020;19:28:00;366;com vítima;108,691;BR-060/GO;Norte;Choque - Elemento de Drenagem;;;;;;;;;;1;0;1;;;
01/03/2020;19:39:00;370;sem vítima;627;BR-262/MG;Oeste;Saida de Pista;;;1;;;;;;;;1;;;;
01/03/2020;20:02:00;379;sem vítima;371;BR-262/MG;Leste;Saida de Pista;1;;;;;;;;;;1;;;;
01/03/2020;22:26:00;425;sem vítima;548;BR-262/MG;Leste;Saida de Pista;1;;;;;;;;;;4;;;;
02/03/2020;00:51:00;19;com vítima;506,5;BR-153/GO;Sul;Queda de Moto;;;;1;;;;;;;0;;1;;
02/03/2020;03:32:00;65;com vítima;47,637;BR-060/GO;Norte;Capotamento;1;;;;;;;;;;0;;2;;1
02/03/2020;06:27:00;95;sem vítima;514;BR-153/GO;Sul;Colisão Lateral;2;;;;;;;;;;2;;;;
02/03/2020;06:59:00;108;com vítima;607,09;BR-262/MG;Oeste;Saida de Pista;1;;;;;;;;;;0;1;;;
02/03/2020;07:51:00;136;sem vítima;426,5;BR-262/MG;Oeste;Saida de Pista;;;1;;;;;;;;1;;;;
02/03/2020;08:46:00;164;sem vítima;554,3;BR-262/MG;Leste;Choque - Talude;;;1;;;;;;;;1;;;;
02/03/2020;09:11:00;174;sem vítima;379;BR-262/MG;Leste;Saida de Pista;;;;;;;;;;1;1;;;;
02/03/2020;09:14:00;177;sem vítima;626,6;BR-262/MG;Oeste;Tombamento;;;1;;;;;;;;1;;;;
02/03/2020;10:59:00;231;sem vítima;577,6;BR-153/GO;Norte;Saida de Pista;1;;;;;1;;;;;2;;;;
02/03/2020;11:07:00;238;com vítima;388;BR-262/MG;Oeste;Choque - Elemento de Drenagem;1;;;;;;;;;;0;1;;;
02/03/2020;12:00:00;270;sem vítima;381,4;BR-262/MG;Leste;Saida de Pista;1;;;;;;;;;;1;;;;
02/03/2020;12:03:00;273;sem vítima;4;BR-060/GO;Sul;Choque - Defensa;1;;;;;;;;;;4;;;;
02/03/2020;12:42:00;282;com vítima;368,3;BR-262/MG;Leste;Saida de Pista;1;;;;;;;;;;0;1;;;
02/03/2020;13:06:00;289;sem vítima;591,5;BR-262/MG;Oeste;Choque- Placa/Suporte Sinalização;1;;;;;;;;;;1;;;;
02/03/2020;14:32:00;322;sem vítima;368,3;BR-262/MG;Leste;Choque - Defensa;1;;;;;;;;;;1;;;;
02/03/2020;14:37:00;325;sem vítima;380,6;BR-262/MG;Leste;Capotamento;1;;;;;;;;;;1;;;;
02/03/2020;14:00:00;348;sem vítima;369,5;BR-262/MG;Leste;Saida de Pista;1;;;;;;;;;;1;;;;
02/03/2020;16:17:00;366;sem vítima;380,6;BR-262/MG;Oeste;Saida de Pista;;;1;;;;;;;;1;;;;
02/03/2020;16:51:00;386;sem vítima;95;BR-060/GO;Norte;Colisão Traseira;2;;1;;;;;;;;10;;;;
02/03/2020;17:41:00;399;com vítima;573;BR-262/MG;Oeste;Colisão Lateral;;;1;;;;;;;1;1;1;;;
02/03/2020;17:50:00;406;sem vítima;368;BR-262/MG;Leste;Capotamento;1;;;;;;;;;;1;;;;
02/03/2020;18:01:00;417;com vítima;9,615;BR-060/DF;Sul;Choque - Defensa;1;;;;;;;;;;0;1;;;
02/03/2020;18:35:00;426;com vítima;514,2;BR-153/GO;Norte;Queda de Moto;;;;1;;;;;;;0;;1;;
02/03/2020;18:54:00;434;com vítima;52,8;BR-153/MG;Sul;Saida de Pista;1;;;;;1;;;;;1;2;;;
02/03/2020;20:36:00;479;com vítima;65,671;BR-060/GO;Norte;Colisão Lateral;2;;;;;;;;;;0;1;;1;2
03/03/2020;05:50:00;91;sem vítima;123,8;BR-060/GO;Sul;Choque - Arvore;;;1;;;;;;;;1;;;;