data;horario;n_da_ocorrencia;tipo_de_ocorrencia;km;trecho;sentido;tipo_de_acidente;automovel;bicicleta;caminhao;moto;onibus;outros;tracao_animal;transporte_de_cargas_especiais;trator_maquinas;utilitarios;ilesos;levemente_feridos;moderadamente_feridos;gravemente_feridos;mortos
03/03/2020;06:31:00;99;com vítima;846,5;BR-262/MG;Leste;Capotamento;1;;;;;;;;;1;1;3;;;
03/03/2020;06:40:00;103;sem vítima;124,174;BR-060/GO;Sul;Colisão Traseira;2;;;;;;;;;;2;;;;
03/03/2020;07:41:00;137;sem vítima;4,294;BR-060/DF;Norte;Engavetamento;1;;;2;;;;;;;3;;;;
03/03/2020;07:48:00;139;sem vítima;501;BR-153/GO;Norte;Colisão Lateral;1;;;1;;;;;;;2;;;;
03/03/2020;07:55:00;146;com vítima;500,5;BR-153/GO;Sul;Queda de Moto;;;;1;;;;;;;0;1;;;
03/03/2020;08:56:00;199;sem vítima;630;BR-262/MG;Oeste;Saida de Pista;;;1;;;;;;;;1;;;;
03/03/2020;10:53:00;323;com vítima;400,5;BR-262/MG;Leste;Capotamento;1;;;;;;;;;;0;3;;;
03/03/2020;11:43:00;381;com vítima;500,4;BR-153/GO;Sul;Colisão Lateral;1;;;1;;;;;;;2;;1;;
03/03/2020;11:59:00;394;sem vítima;4;BR-060/DF;Norte;Colisão Traseira;2;;;;;;;;;;2;;;;
03/03/2020;12:48:00;454;sem vítima;367;BR-262/MG;Oeste;Colisão Traseira;2;;;;;;;;;;2;;;;
03/03/2020;13:20:00;502;sem vítima;779,6;BR-262/MG;Oeste;Capotamento;1;;;;;;;;;;2;;;;
03/03/2020;13:29:00;509;sem vítima;431;BR-262/MG;Oeste;Capotamento;;;;;;;;;;1;2;;;;
03/03/2020;13:42:00;515;sem vítima;372;BR-262/MG;Leste;Capotamento;1;;;;;;;;;;1;;;;
03/03/2020;14:40:00;546;sem vítima;0,9;BR-153/MG;Sul;Choque- Poste/Equipamento;;;1;;;;;;;;1;;;;
03/03/2020;14:59:00;559;sem vítima;115,821;BR-060/GO;Norte;Saida de Pista;1;;;;;;;;;;3;;;;
03/03/2020;15:00:00;560;com vítima;6,2;BR-060/GO;Sul;Capotamento;1;;;;;;;;;;0;;1;;
03/03/2020;15:04:00;562;sem vítima;402;BR-262/MG;Leste;Choque - Elemento de Drenagem;1;;;;;;;;;;1;;;;
03/03/2020;15:54:00;602;sem vítima;40,855;BR-060/GO;Norte;Saida de Pista;1;;;;;;;;;;5;;;;
03/03/2020;18:12:00;680;sem vítima;138;BR-060/GO;Norte;Colisão Lateral;1;;;1;;;;;;;2;;;;
03/03/2020;18:16:00;687;com vítima;380;BR-262/MG;Leste;Capotamento;1;;;;;;;;;;0;1;1;;
03/03/2020;18:21:00;693;sem vítima;116,91;BR-060/GO;Sul;Queda de Moto;;;;1;;;;;;;1;;;;
03/03/2020;19:22:00;724;sem vítima;697;BR-262/MG;Leste;Colisão Traseira;1;;1;;;;;;;;2;;;;
03/03/2020;20:02:00;739;sem vítima;106;BR-060/GO;Norte;Choque - Defensa;1;;;;;;;;;;1;;;;
03/03/2020;21:24:00;772;sem vítima;607,007;BR-262/MG;Oeste;Saida de Pista;1;;;;;;;;;;1;;;;
03/03/2020;22:14:00;782;sem vítima;630;BR-153/GO;Norte;Choque - Objeto sobre a pista;1;;;;;;;;;;1;;;;
03/03/2020;23:07:00;812;com vítima;562;BR-262/MG;Leste;Saida de Pista;;;1;;;;;;;;0;1;;;
04/03/2020;04:57:00;76;sem vítima;833;BR-262/MG;Oeste;Atropelamento de Animal;;;1;;;;;;;;1;;;;
04/03/2020;06:55:00;108;com vítima;92;BR-060/GO;Sul;Atropelamento de Animal;;;;1;;;;;;;0;1;;;
04/03/2020;07:54:00;137;sem vítima;505,5;BR-153/GO;Norte;Queda de Moto;;;;1;;;;;;;2;;;;
04/03/2020;13:16:00;394;sem vítima;802;BR-262/MG;Oeste;Saida de Pista;1;;;;;;;;;;1;;;;
04/03/2020;13:36:00;410;com vítima;622,735;BR-153/GO;Sul;Capotamento;;;1;;;;;;;;0;;;;1
04/03/2020;15:53:00;495;sem vítima;507,583;BR-153/GO;Norte;Engavetamento;3;;;;;;;;;;4;;;;
04/03/2020;16:40:00;514;sem vítima;508;BR-153/GO;Norte;Colisão Traseira;;;1;;;;;;;1;2;;;;
04/03/2020;17:00:00;523;com vítima;493;BR-153/GO;Sul;Queda de Ciclista;;;;1;;;;;;;0;;1;;
04/03/2020;18:32:00;562;sem vítima;505;BR-153/GO;Norte;Colisão Traseira;2;;;;;;;;;;2;;;;
04/03/2020;19:05:00;577;com vítima;504,7;BR-153/GO;Norte;Colisão Lateral;1;;;1;;;;;;;1;;1;;
04/03/2020;19:36:00;601;com vítima;529;BR-153/GO;Norte;Atropelamento - Andarilho;;;;1;;;;;;;0;;;1;1
04/03/2020;23:23:00;668;sem vítima;517,9;BR-153/GO;Sul;Capotamento;1;;;;;;;;;;1;;;;
05/03/2020;01:01:00;19;sem vítima;510,2;BR-153/GO;Norte;Queda de Moto;;;;1;;;;;;;1;;;;
05/03/2020;04:19:00;65;sem vítima;486;BR-262/MG;Leste;Tombamento;;;1;;;;;;;;1;;;;
05/03/2020;04:30:00;69;com vítima;416,15;BR-262/MG;Oeste;Saida de Pista;;;1;;;;;;;;0;1;;;
05/03/2020;04:45:00;70;sem vítima;81,9;BR-153/MG;Norte;Atropelamento de Animal;1;;;;;;;;;;1;;;;
05/03/2020;07:01:00;103;sem vítima;524,125;BR-262/MG;Leste;Colisão Traseira;;;2;;;;;;;;2;;;;
05/03/2020;07:20:00;117;com vítima;445,2;BR-262/MG;Leste;Atropelamento - Morador;;;;1;;;;;;;0;1;1;;
05/03/2020;07:34:00;129;com vítima;498,2;BR-153/GO;Sul;Queda de Moto;;;;1;;;;;;;0;1;;;
05/03/2020;13:44:00;359;sem vítima;547;BR-262/MG;Leste;Choque - Barreira;;;1;;;;;;;;1;;;;
05/03/2020;14:16:00;373;com vítima;137,6;BR-060/GO;Sul;Colisão Traseira;;1;;;;1;;;;;1;1;;;
05/03/2020;14:39:00;383;sem vítima;535;BR-262/MG;Leste;Saida de Pista;;;1;;;;;;;;1;;;;
05/03/2020;17:06:00;438;sem vítima;69,7;BR-153/MG;Sul;Tombamento;;;1;;;;;;;;1;;;;
05/03/2020;18:09:00;459;sem vítima;523,7;BR-153/GO;Sul;Choque - Elemento de Drenagem;1;;;;;;;;;;4;;;;
05/03/2020;18:10:00;460;com vítima;590,948;BR-153/GO;Sul;Capotamento;;;;;;;;;;1;0;2;;;
05/03/2020;18:13:00;463;sem vítima;505,747;BR-153/GO;Sul;Engavetamento;4;;;;;;;;;;5;;;;
05/03/2020;18:27:00;475;com vítima;530,96;BR-153/GO;Norte;Queda de Ciclista;;;;1;;;;;;;0;1;;;
05/03/2020;19:07:00;496;sem vítima;702;BR-153/GO;Norte;Saida de Pista;1;;;;;;;;;;3;;;;
05/03/2020;19:08:00;497;sem vítima;534,29;BR-153/GO;Sul;Carreta deu L;;;1;;;;;;;;1;;;;
05/03/2020;19:49:00;520;com vítima;155;BR-153/MG;Norte;Colisão Traseira;1;;2;;;;;;;;1;2;;;
05/03/2020;23:32:00;579;sem vítima;2,967;BR-060/GO;Norte;Colisão Traseira;;;2;;;;;;;;2;;;;
05/03/2020;23:34:00;580;sem vítima;111,183;BR-060/GO;Sul;Atropelamento de Animal;1;;;;;;;;;;1;;;;
06/03/2020;04:56:00;80;com vítima;764,25;BR-262/MG;Oeste;Tombamento;;;1;;;;;;;;0;1;;;
06/03/2020;06:25:00;99;sem vítima;11,5;BR-060/GO;Norte;Choque - Elemento de Drenagem;;;;;;;;;;1;1;;;;
06/03/2020;07:05:00;114;com vítima;0;BR-060/DF;Norte;Colisão Traseira;1;;;1;;;;;;;1;1;;;
06/03/2020;07:50:00;134;sem vítima;502;BR-153/GO;Norte;Engavetamento;3;;;1;;;;;;;5;;;;
06/03/2020;07:52:00;136;sem vítima;134;BR-153/MG;Norte;Engavetamento;;;3;;;;;;;;3;;;;
06/03/2020;08:09:00;143;sem vítima;502;BR-153/GO;Norte;Colisão Traseira;1;;1;;;;;;;;3;;;;
06/03/2020;08:13:00;147;com vítima;29;BR-060/DF;Norte;Capotamento;;;;;;;;;;1;1;1;;;
06/03/2020;08:26:00;156;sem vítima;5;BR-060/DF;Norte;Colisão Traseira;1;;;;;;;;;1;2;;;;
06/03/2020;08:49:00;166;sem vítima;501;BR-153/GO;Norte;Engavetamento;1;;2;;;;;;;;3;;;;
06/03/2020;12:23:00;277;sem vítima;83;BR-060/GO;Sul;Saida de Pista;1;;;;;;;;;;2;;;;
06/03/2020;13:24:00;297;com vítima;675,95;BR-153/GO;Sul;Capotamento;1;;;;;;;;;;1;2;;;
06/03/2020;13:55:00;311;sem vítima;70,8;BR-060/GO;Sul;Saida de Pista;1;;;;;;;;;;1;;;;
06/03/2020;15:08:00;349;sem vítima;490,128;BR-153/GO;Sul;Colisão Lateral;2;;;;;;;;;;4;;;;
06/03/2020;15:10:00;351;com vítima;643;BR-153/GO;Norte;Capotamento;1;;;;;;;;;;0;3;;;
06/03/2020;16:06:00;375;com vítima;486,125;BR-262/MG;Leste;Colisão Traseira;2;;;;;;;;;;2;2;;;
06/03/2020;16:40:00;399;sem vítima;107;BR-060/GO;Norte;Colisão Lateral;1;;;;;;;;;1;2;;;;
06/03/2020;16:49:00;403;sem vítima;506;BR-153/GO;Sul;Carreta deu L;;;1;;;;;;;;1;;;;
06/03/2020;17:13:00;415;sem vítima;585,75;BR-262/MG;Leste;Capotamento;1;;;;;;;;;;1;;;;
06/03/2020;17:16:00;416;sem vítima;506;BR-153/GO;Norte;Colisão Traseira;2;;;;;;;;;;3;;;;
06/03/2020;17:38:00;428;com vítima;505,334;BR-153/GO;Sul;Colisão Lateral;1;;;1;;;;;;;1;1;;;
06/03/2020;17:46:00;432;sem vítima;80;BR-060/GO;Norte;Saida de Pista;1;;;;;;;;;;2;;;;
06/03/2020;18:05:00;437;sem vítima;380;BR-262/MG;Oeste;Capotamento;1;;;;;;;;;;4;;;;
06/03/2020;18:07:00;439;sem vítima;104,353;BR-060/GO;Norte;Saida de Pista;;;1;;;;;;;;1;;;;
06/03/2020;18:53:00;473;sem vítima;504,275;BR-153/GO;Norte;Colisão Traseira;1;;1;;;;;;;;2;;;;
06/03/2020;21:34:00;530;sem vítima;391;BR-262/MG;Leste;Capotamento;1;;;;;;;;;;1;;;;
06/03/2020;22:53:00;552;sem vítima;440;BR-262/MG;Leste;Colisão Traseira;2;;;;;1;;;;;5;;;;
07/03/2020;02:17:00;63;com vítima;506,345;BR-153/GO;Norte;Capotamento;2;;;;;;;;;;2;1;;;
07/03/2020;10:26:00;229;com vítima;375;BR-262/MG;Leste;Queda em Ribanceira;1;;;;;;;;;;1;1;2;;
07/03/2020;11:26:00;264;com vítima;613,675;BR-153/GO;Sul;Capotamento;;;;;;;;;;1;0;1;;;
07/03/2020;16:19:00;405;sem vítima;115;BR-060/GO;Norte;Colisão Lateral;;;1;;;;;;;1;3;;;;
07/03/2020;17:41:00;447;sem vítima;135,5;BR-153/MG;Sul;Colisão Lateral;;;2;;;;;;;;2;;;;
07/03/2020;17:49:00;449;com vítima;24,537;BR-060/DF;Norte;Queda de Moto;;;;1;;;;;;;0;1;;;
07/03/2020;20:28:00;513;sem vítima;108,7;BR-060/GO;Sul;Saida de Pista;1;;;;;;;;;;2;;;;
07/03/2020;22:59:00;577;com vítima;696;BR-262/MG;Leste;Colisão Frontal;1;;1;;;;;;;;0;1;;;1
08/03/2020;04:16:00;58;sem vítima;375;BR-262/MG;Leste;Choque - Talude;1;;;;;;;;;;1;;;;
08/03/2020;05:56:00;71;com vítima;654,179;BR-153/GO;Sul;Tombamento;;;1;;;;;;;;0;1;;;
08/03/2020;18:39:00;446;sem vítima;494;BR-153/GO;Sul;Engavetamento;3;;;;;;;;;;8;;;;
08/03/2020;19:14:00;458;sem vítima;84,482;BR-060/GO;Sul;Saida de Pista;1;;;;;;;;;;4;;;;
08/03/2020;19:15:00;460;sem vítima;805;BR-262/MG;Leste;Colisão Traseira;2;;;;;;;;;;6;;;;
08/03/2020;21:55:00;536;sem vítima;244;BR-153/MG;Norte;Colisão Traseira;1;;;;;1;;;;;2;;;;
08/03/2020;23:00:00;551;com vítima;97;BR-060/GO;Sul;Atropelamento - Usuário;2;;;;;;;;;;2;;1;;
09/03/2020;00:12:00;7;com vítima;679;BR-262/MG;Oeste;Tombamento;;;1;;;;;;;;0;1;;;
09/03/2020;00:37:00;10;sem vítima;398;BR-262/MG;Oeste;Capotamento;1;;;;;;;;;;1;;;;
09/03/2020;01:12:00;18;sem vítima;6,4;BR-153/MG;Norte;Tombamento;;;1;;;;;;;;1;;;;
09/03/2020;07:16:00;81;sem vítima;228,326;BR-153/MG;Sul;Colisão Lateral;2;;;;;;;;;;5;;;;
09/03/2020;07:36:00;89;sem vítima;369;BR-262/MG;Oeste;Tombamento;;;1;;;;;;;;1;;;;
09/03/2020;08:10:00;105;sem vítima;31,8;BR-060/GO;Sul;Colisão Traseira;1;;;1;;;;;;;2;;;;
09/03/2020;10:36:00;236;sem vítima;490;BR-153/GO;Sul;Colisão Lateral;1;;1;;;;;;;;2;;;;
09/03/2020;13:17:00;321;sem vítima;33,5;BR-153/MG;Norte;Saida de Pista;1;;;;;;;;;;1;;;;
09/03/2020;13:30:00;339;sem vítima;446;BR-262/MG;Oeste;Choque - Talude;1;;;;;1;;;;;2;;;;
09/03/2020;17:37:00;456;com vítima;500;BR-153/GO;Sul;Engavetamento;3;;;;;;;;;;2;1;;;
09/03/2020;18:33:00;484;sem vítima;0;BR-060/DF;Sul;Queda de Ciclista;1;;;1;;;;;;;3;;;;
09/03/2020;18:54:00;492;sem vítima;94,181;BR-153/MG;Norte;Tombamento;;;1;;;;;;;;1;;;;
09/03/2020;19:14:00;507;sem vítima;496;BR-153/GO;Sul;Colisão Traseira;1;;1;;;;;;;;2;;;;
09/03/2020;19:32:00;515;sem vítima;633;BR-153/GO;Norte;Atropelamento de Animal;1;;;;;;;;;;1;;;;
09/03/2020;20:09:00;531;com vítima;245;BR-153/MG;Norte;Colisão Lateral;2;;;;;;;;;;3;1;;;
09/03/2020;21:07:00;556;sem vítima;239,573;BR-153/MG;Sul;Atropelamento de Animal;;;;1;;;;;;;1;;;;
09/03/2020;21:10:00;559;sem vítima;17,1;BR-153/MG;Norte;Colisão Frontal;;;;1;;;;;;1;4;;;;
10/03/2020;07:20:00;116;sem vítima;66,4;BR-060/GO;Norte;Colisão Traseira;1;;1;;;;;;;;2;;;;
10/03/2020;07:46:00;130;sem vítima;495;BR-153/GO;Sul;Colisão Traseira;1;;;1;;;;;;;2;;;;
10/03/2020;08:05:00;142;sem vítima;495,616;BR-153/GO;Sul;Engavetamento;3;;;;;;;;;;3;;;;
10/03/2020;08:08:00;143;sem vítima;501,096;BR-153/GO;Sul;Engavetamento;3;;;;;;;;;;4;;;;
10/03/2020;08:16:00;145;com vítima;81,602;BR-060/GO;Sul;Queda de Moto;;;;1;;;;;;;0;2;;;
10/03/2020;09:09:00;175;com vítima;2;BR-060/DF;Sul;Colisão Traseira;1;;;1;;;;;;;1;1;;;
10/03/2020;10:05:00;208;com vítima;651,85;BR-262/MG;Leste;Saida de Pista;1;;;;;1;;;;;1;1;;;
10/03/2020;14:50:00;299;com vítima;502,87;BR-153/GO;Sul;Colisão Traseira;1;;;1;;;;;;;1;1;;;
10/03/2020;16:14:00;337;sem vítima;0,05;BR-153/MG;Norte;Colisão Transversal;1;;1;;;;;;;;2;;;;
10/03/2020;17:08:00;358;com vítima;101,312;BR-060/GO;Norte;Queda de Moto;;;;1;;;;;;;0;1;;;
10/03/2020;17:17:00;367;com vítima;498,122;BR-153/GO;Sul;Colisão Traseira;1;;;1;;;;;;;2;1;;;
10/03/2020;18:38:00;403;com vítima;148,5;BR-153/MG;Norte;Tombamento;;;1;;;;;;;;0;1;;;
10/03/2020;18:38:00;404;com vítima;478;BR-262/MG;Leste;Colisão Lateral;1;;;1;;;;;;;2;1;;;
10/03/2020;23:05:00;496;sem vítima;101,079;BR-060/GO;Norte;Choque - Arvore;1;;;;;;;;;;1;;;;
11/03/2020;01:06:00;20;sem vítima;506;BR-153/GO;Sul;Colisão Traseira;2;;;;;;;;;;2;;;;
11/03/2020;06:22:00;80;com vítima;364,2;BR-262/MG;Leste;Colisão Traseira;;;1;;;;;;;1;1;1;;;
11/03/2020;06:28:00;86;sem vítima;177;BR-153/MG;Norte;Atropelamento de Animal;1;;;;;;;;;;1;;;;
11/03/2020;07:34:00;129;com vítima;506;BR-153/GO;Norte;Colisão Lateral;1;;;1;;;;;;;1;1;;;
11/03/2020;13:34:00;415;sem vítima;92;BR-060/GO;Sul;Colisão Lateral;1;;;1;;;;;;;2;;;;
11/03/2020;13:47:00;421;sem vítima;87,7;BR-060/GO;Norte;Capotamento;;;;;;;;;;1;1;;;;
11/03/2020;19:44:00;623;sem vítima;118;BR-060/GO;Norte;Colisão Lateral;;;2;;;;;;;;2;;;;
11/03/2020;21:34:00;660;com vítima;363;BR-262/MG;Oeste;Colisão Traseira;2;;;;;;;;;;2;1;;;
12/03/2020;00:21:00;9;sem vítima;583;BR-153/GO;Norte;Queda de Moto;;;;1;;;;;;;2;;;;
12/03/2020;05:18:00;63;sem vítima;57,17;BR-060/GO;Sul;Choque - Elemento de Drenagem;;;;;;;;;;1;2;;;;
12/03/2020;06:28:00;80;com vítima;16,683;BR-060/GO;Norte;Colisão Lateral;;;1;1;;;;;;;1;1;;;
12/03/2020;07:37:00;129;sem vítima;502,1;BR-153/GO;Norte;Engavetamento;4;;;;;;;;;;4;;;;
12/03/2020;08:09:00;159;sem vítima;598,459;BR-153/GO;Norte;Saida de Pista;1;;;;;;;;;;2;;;;
12/03/2020;08:41:00;192;sem vítima;561,3;BR-262/MG;Leste;Tombamento;;;1;;;;;;;;1;;;;
12/03/2020;15:24:00;453;sem vítima;49,487;BR-060/GO;Sul;Saida de Pista;;;;;;;;;;1;2;;;;
12/03/2020;18:41:00;562;sem vítima;503,2;BR-153/GO;Norte;Colisão Traseira;1;;;;;1;;;;;2;;;;
12/03/2020;20:19:00;607;com vítima;596,596;BR-153/GO;Norte;Capotamento;1;;;;;;;;;;0;1;;;
13/03/2020;05:34:00;55;com vítima;358;BR-262/MG;Leste;Atropelamento de Animal;;;;1;;;;;;1;1;1;;;
13/03/2020;05:45:00;58;sem vítima;79,95;BR-060/GO;Sul;Choque - Elemento de Drenagem;1;;;;;;;;;;1;;;;
13/03/2020;08:53:00;135;com vítima;18,212;BR-060/DF;Norte;Capotamento;1;;;;;;;;;;1;1;;;
13/03/2020;10:04:00;182;com vítima;502,8;BR-153/GO;Sul;Colisão Traseira;1;;;1;;;;;;;1;1;;;
13/03/2020;12:23:00;248;sem vítima;506,88;BR-153/GO;Norte;Choque - Barreira;1;;;;;1;;;;;2;;;;
13/03/2020;14:25:00;315;com vítima;12,935;BR-060/GO;Sul;Tombamento;;;1;;;;;;;;0;1;;;
13/03/2020;14:46:00;325;sem vítima;541,2;BR-153/GO;Sul;Capotamento;;;;;;;;;;1;2;;;;
13/03/2020;14:52:00;332;sem vítima;541,118;BR-153/GO;Sul;Choque - Barreira;;;1;;;;;;;;1;;;;
13/03/2020;16:41:00;393;sem vítima;46;BR-153/MG;Norte;Tombamento;1;;1;;;;;;;;2;;;;
13/03/2020;17:32:00;412;sem vítima;63,602;BR-060/GO;Sul;Choque - Arvore;1;;;;;;;;;;1;;;;
13/03/2020;17:42:00;420;com vítima;59,528;BR-060/GO;Norte;Queda de Moto;;;;1;;;;;;;0;;;1;
13/03/2020;17:53:00;426;com vítima;448;BR-262/MG;Oeste;Colisão Traseira;1;;;1;;;;;;;2;;;1;
13/03/2020;18:18:00;435;com vítima;501;BR-153/GO;Norte;Colisão Traseira;;;;;1;;;;;;1;1;;;
13/03/2020;18:40:00;441;sem vítima;411;BR-262/MG;Oeste;Tombamento;1;;1;;;;;;;;3;;;;
13/03/2020;18:54:00;448;sem vítima;694;BR-153/GO;Norte;Colisão Frontal;2;;;;;;;;;;2;;;;
13/03/2020;19:58:00;468;sem vítima;499,9;BR-153/GO;Sul;Carreta deu L;;;1;;;;;;;;1;;;;
14/03/2020;02:45:00;40;sem vítima;468;BR-262/MG;Leste;Atropelamento de Animal;1;;;;;;;;;;5;;;;
14/03/2020;06:04:00;66;sem vítima;137,215;BR-060/GO;Sul;Queda de Moto;;;;1;;;;;;;1;;;;
14/03/2020;06:04:00;67;com vítima;137,112;BR-060/GO;Sul;Queda de Moto;;;;1;;;;;;;0;1;;;
14/03/2020;08:08:00;113;com vítima;584,45;BR-153/GO;Sul;Queda de Moto;;;;1;;;;;;;0;1;;;
14/03/2020;09:57:00;178;sem vítima;496,161;BR-153/GO;Sul;Colisão Lateral;1;;1;;;;;;;;2;;;;
14/03/2020;13:24:00;264;com vítima;417;BR-262/MG;Oeste;Colisão Transversal;2;;;;;;;;;;2;1;;;
14/03/2020;17:45:00;383;sem vítima;47,1;BR-153/MG;Sul;Colisão Traseira;;;2;;;;;;;;2;;;;
14/03/2020;20:06:00;428;com vítima;376;BR-262/MG;Oeste;Atropelamento - Morador;1;;;;;;;;;;2;;;1;
14/03/2020;20:20:00;432;sem vítima;783;BR-262/MG;Leste;Queda de Moto;;;;1;;1;;;;;3;;;;
14/03/2020;23:37:00;490;sem vítima;18,304;BR-060/DF;Sul;Colisão Traseira;1;;;1;;;;;;;3;;;;
15/03/2020;04:55:00;62;sem vítima;108,113;BR-060/GO;Norte;Colisão Traseira;1;;;;;1;;;;;2;;;;
15/03/2020;09:31:00;157;com vítima;437,4;BR-262/MG;Oeste;Colisão Traseira;1;;;1;;;;;;;1;1;1;;
15/03/2020;12:43:00;245;com vítima;492;BR-153/GO;Sul;Choque - Defensa;;;;1;;;;;;;0;2;;;
15/03/2020;13:04:00;258;com vítima;441;BR-262/MG;Leste;Queda de Moto;;;;1;;;;;;;0;1;;;
15/03/2020;14:31:00;300;sem vítima;370;BR-262/MG;Leste;Colisão Traseira;1;;1;;;;;;;;2;;;;
15/03/2020;15:42:00;327;sem vítima;103;BR-153/MG;Sul;Colisão Traseira;;;2;;;;;;;;2;;;;
15/03/2020;23:11:00;496;sem vítima;210;BR-153/MG;Norte;Saida de Pista;1;;;;;;;;;;2;;;;
16/03/2020;03:35:00;55;com vítima;182;BR-153/MG;Sul;Saida de Pista;;;;;;;;;;1;0;1;;;
16/03/2020;04:15:00;60;com vítima;356;BR-262/MG;Leste;Choque - Talude;1;;;;;;;;;;0;1;;;
16/03/2020;04:54:00;66;sem vítima;522,579;BR-153/GO;Norte;Choque - Elemento de Drenagem;;;1;;;;;;;;1;;;;
16/03/2020;05:26:00;70;com vítima;113,614;BR-060/GO;Norte;Colisão Traseira;;;1;;;;;;;1;3;;;1;
16/03/2020;07:35:00;115;sem vítima;834,5;BR-262/MG;Leste;Atropelamento de Animal;1;;;;;;;;;;1;;;;
16/03/2020;12:46:00;308;com vítima;410;BR-262/MG;Oeste;Queda de Moto;;;;1;;1;;;;;1;;1;;
16/03/2020;12:53:00;309;sem vítima;55;BR-153/MG;Sul;Choque - Elemento de Drenagem;1;;;;;;;;;;2;;;;
16/03/2020;14:33:00;355;sem vítima;500,056;BR-153/GO;Sul;Colisão Traseira;1;;;1;;;;;;;2;;;;
16/03/2020;14:38:00;357;sem vítima;669;BR-262/MG;Oeste;Tombamento;;;1;;;;;;;;1;;;;
16/03/2020;16:36:00;410;sem vítima;608;BR-262/MG;Leste;Saida de Pista;;;;;;;;;;1;3;;;;
16/03/2020;16:52:00;419;com vítima;611;BR-262/MG;Oeste;Colisão Frontal;;;2;;;;;;;;0;2;;;
16/03/2020;20:10:00;503;sem vítima;3;BR-060/GO;Sul;Capotamento;1;;;;;;;;;;1;;;;
17/03/2020;00:48:00;12;sem vítima;588,4;BR-153/GO;Norte;Choque - Defensa;;;1;;;;;;;;1;;;;
17/03/2020;07:11:00;85;com vítima;101,599;BR-060/GO;Norte;Queda de Moto;;;;1;;;;;;;0;;2;;
17/03/2020;07:18:00;88;com vítima;459,455;BR-262/MG;Oeste;Colisão Traseira;1;;1;;;;;;;;3;1;2;;
17/03/2020;10:54:00;209;sem vítima;135,8;BR-060/GO;Norte;Capotamento;1;;;;;;;;;;1;;;;
17/03/2020;13:26:00;274;sem vítima;582,2;BR-262/MG;Oeste;Saida de Pista;;;1;;;;;;;;1;;;;
17/03/2020;14:19:00;298;sem vítima;14;BR-060/GO;Norte;Choque - Defensa;;;;;;;;;;1;1;;;;
17/03/2020;20:04:00;430;sem vítima;69;BR-060/GO;Norte;Tombamento;;;1;;;;;;;;1;;;;
17/03/2020;21:24:00;458;sem vítima;711;BR-262/MG;Oeste;Atropelamento de Animal;;;1;;;;;;;;1;;;;
17/03/2020;22:41:00;474;sem vítima;4,96;BR-153/MG;Sul;Colisão Traseira;;;2;;;;;;;;2;;;;
18/03/2020;00:20:00;4;sem vítima;367;BR-262/MG;Oeste;Colisão Traseira;1;;;;;;;;;1;3;;;;
18/03/2020;04:26:00;48;com vítima;407;BR-262/MG;Leste;Colisão Traseira;;;3;;;;;;;;2;1;;;
18/03/2020;08:10:00;122;sem vítima;628,5;BR-153/GO;Norte;Colisão Traseira;;;2;;;;;;;;2;;;;
18/03/2020;10:06:00;182;sem vítima;100,167;BR-060/GO;Norte;Colisão Traseira;2;;;;;;;;;;2;;;;
18/03/2020;11:36:00;224;sem vítima;145,51;BR-153/MG;Norte;Engavetamento;2;;2;;;;;;;;9;;;;
18/03/2020;11:50:00;231;sem vítima;783;BR-262/MG;Oeste;Colisão Traseira;;;2;;;;;;;;2;;;;
18/03/2020;13:40:00;279;com vítima;107;BR-060/GO;Norte;Colisão Transversal;1;;;;;;;;;1;3;1;;;
18/03/2020;15:09:00;319;sem vítima;97,021;BR-060/GO;Norte;Colisão Traseira;;;;;;;;;;2;5;;;;
18/03/2020;15:36:00;332;sem vítima;96,289;BR-060/GO;Sul;Colisão Traseira;;;1;;;;;;;1;5;;;;
18/03/2020;16:50:00;360;sem vítima;97,499;BR-060/GO;Sul;Colisão Lateral;1;;1;;;;;;;;6;;;;
18/03/2020;19:02:00;417;com vítima;801;BR-262/MG;Leste;Atropelamento de Animal;1;;;;;;;;;;1;;1;;
18/03/2020;20:26:00;439;sem vítima;172;BR-153/MG;Sul;Objeto lançado contra veículo;1;;;;;;;;;;1;;;;
18/03/2020;20:47:00;446;com vítima;368;BR-262/MG;Oeste;Atropelamento - Morador;;;1;;;;;;;;1;;;;1
19/03/2020;02:04:00;18;sem vítima;136,6;BR-060/GO;Sul;Saida de Pista;1;;;;;;;;;;1;;;;
19/03/2020;05:49:00;50;sem vítima;507,938;BR-153/GO;Norte;Colisão Traseira;1;;1;;;1;;;;;4;;;;
19/03/2020;07:38:00;100;sem vítima;66;BR-153/MG;Norte;Colisão Traseira;;;2;;;;;;;;2;;;;
19/03/2020;11:23:00;229;com vítima;546;BR-262/MG;Leste;Tombamento;;;1;;;;;;;;2;1;;;
19/03/2020;12:15:00;253;com vítima;516;BR-262/MG;Oeste;Colisão Lateral;2;;;;;;;;;;1;1;;;
19/03/2020;12:40:00;264;sem vítima;21;BR-060/GO;Norte;Saida de Pista;1;;;;;;;;;;2;;;;
19/03/2020;12:45:00;266;sem vítima;59;BR-060/GO;Norte;Capotamento;1;;;;;;;;;;1;;;;
19/03/2020;14:27:00;319;com vítima;195;BR-153/MG;Sul;Choque - Objeto não identificado;;;1;;;;;;;;1;;;;1
19/03/2020;14:47:00;329;com vítima;64,65;BR-060/GO;Norte;Tombamento;1;;;;;;;;;;0;1;;;
19/03/2020;15:27:00;346;sem vítima;123;BR-060/GO;Norte;Tombamento;;;1;;;;;;;;1;;;;
19/03/2020;16:57:00;373;sem vítima;507;BR-153/GO;Sul;Colisão Transversal;1;;1;;;;;;;;4;;;;