data;horario;n_da_ocorrencia;tipo_de_ocorrencia;km;trecho;sentido;tipo_de_acidente;automovel;bicicleta;caminhao;moto;onibus;outros;tracao_animal;transporte_de_cargas_especiais;trator_maquinas;utilitarios;ilesos;levemente_feridos;moderadamente_feridos;gravemente_feridos;mortos
19/03/2020;17:21:00;382;com vítima;104;BR-060/GO;Sul;Colisão Lateral;1;;1;;;;;;;;1;;1;;
19/03/2020;17:57:00;392;sem vítima;104;BR-060/GO;Norte;Tombamento;;;;;;;;;;1;1;;;;
19/03/2020;20:02:00;439;sem vítima;29;BR-060/GO;Sul;Saida de Pista;1;;;;;;;;;;2;;;;
19/03/2020;20:57:00;466;sem vítima;17;BR-060/GO;Norte;Choque - Elemento de Drenagem;;;;;;;;;;1;1;;;;
19/03/2020;21:43:00;486;com vítima;81;BR-060/GO;Sul;Capotamento;1;;;;;;;;;;0;3;;;
20/03/2020;00:02:00;1;com vítima;244,4;BR-153/MG;Norte;Colisão Frontal;1;;1;;;;;;;;1;;;;1
20/03/2020;01:35:00;28;sem vítima;503,837;BR-153/GO;Norte;Tombamento;;;1;;;;;;;;1;;;;
20/03/2020;04:32:00;59;sem vítima;548,6;BR-262/MG;Oeste;Saida de Pista;1;;;;;;;;;;1;;;;
20/03/2020;06:05:00;70;sem vítima;570,4;BR-153/GO;Sul;Capotamento;;;;;1;;;;;;1;;;;
20/03/2020;06:17:00;72;com vítima;490,8;BR-262/MG;Oeste;Colisão Lateral;;;2;;;;;;;;1;1;;;
20/03/2020;08:38:00;149;sem vítima;508;BR-153/GO;Norte;Colisão Traseira;2;;;;;;;;;;2;;;;
20/03/2020;10:36:00;232;sem vítima;606;BR-262/MG;Leste;Choque - Talude;1;;;;;;;;;;3;;;;
20/03/2020;11:33:00;261;com vítima;363;BR-262/MG;Leste;Queda de Ciclista;;1;;;;;;;;;0;;1;;
20/03/2020;12:33:00;278;com vítima;698;BR-153/GO;Sul;Queda de Moto;;;;1;;;;;;;0;1;;;
20/03/2020;12:42:00;281;sem vítima;47,5;BR-060/GO;Sul;Tombamento;1;;;;;;;;;;1;;;;
20/03/2020;13:24:00;298;com vítima;10,9;BR-153/MG;Norte;Capotamento;1;;;;;;;;;;0;1;;;
20/03/2020;13:43:00;305;sem vítima;435;BR-262/MG;Leste;Colisão Traseira;;;2;;;;;;;;2;;;;
20/03/2020;14:50:00;321;sem vítima;549;BR-262/MG;Oeste;Tombamento;;;1;;;;;;;;1;;;;
20/03/2020;14:52:00;324;com vítima;212,6;BR-153/MG;Sul;Capotamento;1;;;;;;;;;;0;1;;1;
20/03/2020;15:17:00;330;sem vítima;742,1;BR-262/MG;Leste;Capotamento;1;;;;;;;;;;1;;;;
20/03/2020;16:04:00;350;sem vítima;38,5;BR-060/GO;Sul;Choque - Elemento de Drenagem;1;;;;;;;;;;1;;;;
20/03/2020;16:26:00;359;sem vítima;606;BR-262/MG;Leste;Choque - Talude;1;;;;;;;;;;1;;;;
20/03/2020;17:04:00;373;sem vítima;493,5;BR-153/GO;Sul;Colisão Lateral;1;;;;1;;;;;;3;;;;
20/03/2020;17:17:00;377;com vítima;479;BR-262/MG;Leste;Colisão Frontal;1;;1;;;;;;;;1;;;;3
20/03/2020;18:29:00;408;sem vítima;87;BR-060/GO;Norte;Tombamento;1;;;;;1;;;;;3;;;;
20/03/2020;18:29:00;410;com vítima;804;BR-262/MG;Oeste;Colisão Lateral;1;;;1;;;;;;;1;1;;;
20/03/2020;18:44:00;416;sem vítima;786,5;BR-262/MG;Leste;Colisão Traseira;2;;;;;;;;;;4;;;;
20/03/2020;20:37:00;465;sem vítima;18;BR-153/MG;Norte;Tombamento;;;1;;;;;;;;1;;;;
20/03/2020;22:16:00;481;com vítima;611;BR-262/MG;Leste;Saida de Pista;;;1;;;;;;;;0;1;;;
20/03/2020;22:39:00;484;com vítima;607;BR-262/MG;Leste;Saida de Pista;1;;;;;;;;;;0;1;;;
20/03/2020;22:47:00;487;sem vítima;39,5;BR-060/GO;Sul;Saida de Pista;;;1;;;;;;;;1;;;;
20/03/2020;22:49:00;489;sem vítima;116,18;BR-060/GO;Sul;Capotamento;1;;;;;;;;;;5;;;;
20/03/2020;23:28:00;498;sem vítima;641,5;BR-153/GO;Norte;Colisão Traseira;;;2;;;;;;;;2;;;;
20/03/2020;23:30:00;499;sem vítima;73;BR-060/GO;Sul;Atropelamento de Animal;1;;;;;;;;;;2;;;;
21/03/2020;03:27:00;42;sem vítima;593;BR-262/MG;Leste;Saida de Pista;;;;;1;;;;;;1;;;;
21/03/2020;04:03:00;46;sem vítima;66;BR-153/MG;Sul;Capotamento;;;;;;;;;;1;5;;;;
21/03/2020;06:33:00;62;sem vítima;657,356;BR-153/GO;Sul;Saida de Pista;;;1;;;;;;;;1;;;;
21/03/2020;08:55:00;103;sem vítima;574,473;BR-262/MG;Oeste;Colisão Transversal;;;1;;;;;;;1;3;;;;
21/03/2020;12:17:00;169;sem vítima;886,921;BR-262/MG;Leste;Tombamento;;;1;;;;;;;;1;;;;
21/03/2020;13:15:00;181;sem vítima;722,23;BR-262/MG;Leste;Choque - Defensa;;;1;;;;;;;;1;;;;
21/03/2020;14:10:00;200;sem vítima;108,531;BR-060/GO;Sul;Saida de Pista;1;;;;;;;;;;2;;;;
21/03/2020;15:11:00;213;sem vítima;107;BR-060/GO;Sul;Choque - Talude;1;;;;;;;;;;2;;;;
21/03/2020;16:03:00;229;sem vítima;639,524;BR-153/GO;Norte;Choque - Elemento de Drenagem;;;;;;;;;;1;4;;;;
21/03/2020;17:14:00;245;sem vítima;588,55;BR-153/GO;Sul;Capotamento;1;;;;;;;;;;1;;;;
21/03/2020;18:01:00;263;sem vítima;111,229;BR-060/GO;Sul;Capotamento;1;;;;;;;;;;2;;;;
21/03/2020;20:02:00;306;com vítima;401;BR-262/MG;Oeste;Colisão Frontal;1;;;1;;;;;;;4;;;1;
21/03/2020;20:31:00;313;sem vítima;2,285;BR-060/DF;Sul;Capotamento;1;;;;;;;;;;4;;;;
22/03/2020;02:30:00;26;sem vítima;632;BR-262/MG;Oeste;Choque - Talude;;;;;;;;;;1;1;;;;
22/03/2020;08:31:00;107;sem vítima;587;BR-262/MG;Leste;Saida de Pista;;;1;;;;;;;;1;;;;
22/03/2020;09:16:00;144;com vítima;105,451;BR-060/GO;Norte;Capotamento;1;;;;;;;;;;0;1;;;
22/03/2020;11:48:00;211;com vítima;9;BR-153/MG;Norte;Capotamento;1;;;;;;;;;;0;;1;;
22/03/2020;14:05:00;247;sem vítima;362;BR-262/MG;Leste;Colisão Traseira;2;;;;;;;;;;2;;;;
22/03/2020;14:26:00;253;sem vítima;42;BR-153/MG;Sul;Saida de Pista;1;;;;;;;;;;1;;;;
22/03/2020;16:34:00;294;com vítima;895;BR-262/MG;Leste;Capotamento;1;;;;;;;;;;0;;;1;
22/03/2020;17:00:00;302;sem vítima;622;BR-262/MG;Oeste;Colisão Lateral;1;;1;;;;;;;;2;;;;
22/03/2020;21:31:00;366;sem vítima;626,006;BR-153/GO;Norte;Queda de Ciclista;;;;1;;;;;;;2;;;;
23/03/2020;06:58:00;83;sem vítima;573,5;BR-153/GO;Norte;Tombamento;;;1;;;;;;;;1;;;;
23/03/2020;10:35:00;218;sem vítima;188;BR-153/MG;Norte;Saida de Pista;1;;;;;;;;;;2;;;;
23/03/2020;11:04:00;237;com vítima;19,2;BR-153/MG;Norte;Choque - Outros;1;;;;;;;;;;0;;1;;
23/03/2020;13:32:00;294;sem vítima;476,4;BR-262/MG;Leste;Colisão Traseira;1;;1;;;;;;;;2;;;;
23/03/2020;15:33:00;343;sem vítima;83,863;BR-060/GO;Norte;Saida de Pista;1;;;;;;;;;;1;;;;
23/03/2020;15:36:00;345;sem vítima;113,255;BR-060/GO;Norte;Saida de Pista;1;;;;;;;;;;1;;;;
23/03/2020;16:56:00;375;sem vítima;119,436;BR-060/GO;Norte;Choque - Elemento de Drenagem;1;;;;;;;;;;1;;;;
23/03/2020;22:00:00;492;sem vítima;117;BR-060/GO;Norte;Queda de Moto;;;;1;;;;;;;1;;;;
24/03/2020;02:15:00;12;sem vítima;503;BR-153/GO;Norte;Choque - Defensa;1;;;;;;;;;;1;;;;
24/03/2020;06:57:00;66;sem vítima;91;BR-060/GO;Norte;Colisão Traseira;;;2;;;;;;;;2;;;;
24/03/2020;19:16:00;367;com vítima;115,649;BR-060/GO;Norte;Colisão Traseira;;;;1;;1;;;;;1;;1;;
25/03/2020;08:51:00;91;sem vítima;90,1;BR-060/GO;Norte;Queda de Moto;;;;1;;;;;;;1;;;;
25/03/2020;14:37:00;206;sem vítima;114,5;BR-060/GO;Norte;Choque - Arvore;1;;;;;;;;;;1;;;;
25/03/2020;16:23:00;251;sem vítima;582,221;BR-153/GO;Sul;Saida de Pista;1;;;;;;;;;;2;;;;
26/03/2020;06:36:00;44;sem vítima;587;BR-262/MG;Oeste;Saida de Pista;1;;;;;;;;;;1;;;;
26/03/2020;09:27:00;127;sem vítima;20;BR-060/GO;Norte;Tombamento;;;1;;;;;;;;1;;;;
26/03/2020;11:58:00;201;sem vítima;499,27;BR-153/GO;Norte;Carreta deu L;;;1;;;;;;;;1;;;;
26/03/2020;12:12:00;207;com vítima;499,39;BR-153/GO;Norte;Choque - Defensa;1;;;;;;;;;;2;1;;;
26/03/2020;12:42:00;214;sem vítima;93,645;BR-060/GO;Norte;Choque - Elemento de Drenagem;1;;;;;;;;;;1;;;;
26/03/2020;15:22:00;272;sem vítima;128,573;BR-060/GO;Sul;Choque - Elemento de Drenagem;;;1;;;;;;;;2;;;;
26/03/2020;18:26:00;339;sem vítima;34,3;BR-153/MG;Norte;Saida de Pista;;;1;;;;;;;;1;;;;
26/03/2020;23:42:00;406;sem vítima;414;BR-262/MG;Leste;Choque- Placa/Suporte Sinalização;1;;;;;;;;;;1;;;;
27/03/2020;05:06:00;22;com vítima;501;BR-153/GO;Sul;Choque - Elemento de Drenagem;1;;;;;;;;;;1;1;;;
27/03/2020;07:58:00;62;com vítima;356;BR-262/MG;Leste;Choque - Elemento de Drenagem;1;;;;;;;;;;0;1;;;
27/03/2020;08:20:00;78;sem vítima;385;BR-262/MG;Oeste;Tombamento;;;1;;;;;;;;1;;;;
27/03/2020;09:06:00;105;sem vítima;63;BR-153/MG;Norte;Tombamento;;;1;;;;;;;;1;;;;
27/03/2020;13:48:00;215;sem vítima;702;BR-153/GO;Sul;Colisão Traseira;1;;1;;;;;;;;2;;;;
27/03/2020;16:12:00;262;com vítima;570,338;BR-153/GO;Norte;Saida de Pista;;;1;;;;;;;;0;1;;;
27/03/2020;16:16:00;263;sem vítima;621,376;BR-153/GO;Norte;Saida de Pista;1;;;;;;;;;;1;;;;
27/03/2020;16:29:00;266;sem vítima;63;BR-060/GO;Sul;Choque- Placa/Suporte Sinalização;1;;;;;;;;;;1;;;;
27/03/2020;18:50:00;306;sem vítima;516;BR-153/GO;Norte;Atropelamento de Animal;1;;;;;;;;;;1;;;;
27/03/2020;19:13:00;315;com vítima;95;BR-060/GO;Sul;Colisão Transversal;1;;1;;;;;;;;1;1;;;
27/03/2020;19:15:00;318;com vítima;516;BR-153/GO;Sul;Colisão Traseira;;;;1;;1;;;;;1;1;;1;
27/03/2020;23:33:00;392;com vítima;516;BR-153/GO;Norte;Atropelamento - Morador/Trabalhador;;;;;;1;;;;;1;;1;;
28/03/2020;03:15:00;34;sem vítima;608;BR-262/MG;Leste;Capotamento;;;;;;;;;;1;1;;;;
28/03/2020;08:24:00;94;com vítima;607;BR-262/MG;Oeste;Capotamento;1;;;;;;;;;;0;1;1;;
28/03/2020;14:43:00;248;sem vítima;110;BR-060/GO;Sul;Choque - Elemento de Drenagem;1;;;;;;;;;;4;;;;
28/03/2020;16:20:00;276;com vítima;885,5;BR-262/MG;Oeste;Tombamento;;;1;;;;;;;;0;1;;;
28/03/2020;17:50:00;314;sem vítima;823,1;BR-262/MG;Oeste;Atropelamento - Ciclista;;1;;;;1;;;;;2;;;;
28/03/2020;23:39:00;409;com vítima;9,3;BR-060/DF;Norte;Colisão Lateral;1;;;1;;;;;;;2;1;;;
29/03/2020;05:52:00;27;sem vítima;414;BR-262/MG;Leste;Capotamento;1;;;;;1;;;;;4;;;;
29/03/2020;09:03:00;64;com vítima;49,608;BR-060/GO;Sul;Queda de Moto;;;;1;;;;;;;0;1;;;
29/03/2020;12:09:00;129;com vítima;509;BR-153/GO;Sul;Queda de Ciclista;;1;;;;;;;;;0;1;;;
29/03/2020;16:28:00;194;sem vítima;780,5;BR-262/MG;Leste;Choque - Talude;;;1;;;;;;;;1;;;;
29/03/2020;19:39:00;252;sem vítima;210;BR-153/MG;Sul;Saida de Pista;1;;;;;;;;;;2;;;;
29/03/2020;19:58:00;253;com vítima;93;BR-060/GO;Sul;Queda de Moto;;;;1;;;;;;;0;1;;1;
30/03/2020;03:53:00;24;com vítima;240;BR-153/MG;Norte;Atropelamento de Animal;;;1;;;;;;;;1;1;;;
30/03/2020;06:37:00;42;sem vítima;503,98;BR-153/GO;Sul;Choque- Placa/Suporte Sinalização;;;;;;1;;;;;1;;;;
30/03/2020;10:08:00;151;sem vítima;92;BR-060/GO;Norte;Choque - Elemento de Drenagem;1;;;;;;;;;;1;;;;
30/03/2020;12:15:00;206;sem vítima;28;BR-060/DF;Norte;Choque - Talude;1;;;;;;;;;;1;;;;
30/03/2020;14:18:00;237;sem vítima;12,4;BR-060/GO;Norte;Colisão Traseira;1;;1;;;;;;;;2;;;;
30/03/2020;15:00:00;253;com vítima;655,663;BR-153/GO;Norte;Choque - Elemento de Drenagem;;;1;;;;;;;;0;1;;;
30/03/2020;16:55:00;300;com vítima;810;BR-262/MG;Leste;Colisão Traseira;1;;;1;;;;;;;1;1;;;
30/03/2020;18:14:00;326;com vítima;476;BR-262/MG;Leste;Saida de Pista;;;2;;;;;;;;1;;;;2
30/03/2020;19:36:00;348;sem vítima;443;BR-262/MG;Leste;;1;;;1;;;;;;;2;;;;
30/03/2020;20:01:00;356;com vítima;607;BR-262/MG;Leste;Colisão Frontal;;;2;;;;;;;;1;1;;;
30/03/2020;22:24:00;386;sem vítima;577;BR-262/MG;Oeste;Saida de Pista;;;1;;;;;;;;1;;;;
31/03/2020;09:15:00;148;sem vítima;383;BR-262/MG;Oeste;Choque- Poste/Equipamento;1;;;;;;;;;;1;;;;
31/03/2020;09:21:00;153;sem vítima;615,487;BR-153/GO;Sul;Saida de Pista;;;1;;;;;;;;1;;;;
31/03/2020;10:06:00;188;com vítima;510,348;BR-153/GO;Norte;Queda de Moto;;;;1;;;;;;;0;2;;;
31/03/2020;11:13:00;222;com vítima;364;BR-262/MG;Leste;Queda de Moto;;;;1;;;;;;;0;;2;;
31/03/2020;15:32:00;309;com vítima;547,2;BR-262/MG;Leste;Tombamento;;;1;;;;;;;;0;1;;;
31/03/2020;19:39:00;389;com vítima;58;BR-153/MG;Norte;Colisão Traseira;;;2;;;;;;;;2;;1;;
31/03/2020;20:23:00;399;com vítima;493;BR-262/MG;Oeste;Colisão Frontal;2;;;;;;;;;;0;4;;1;
31/03/2020;21:57:00;422;sem vítima;494;BR-262/MG;Oeste;Colisão Traseira;;;2;;;;;;;;2;;;;
31/03/2020;22:36:00;439;sem vítima;670;BR-153/GO;Norte;Carreta deu L;;;1;;;;;;;;1;;;;
31/03/2020;23:32:00;450;sem vítima;104;BR-153/MG;Sul;Atropelamento de Animal;;;1;;;;;;;;1;;;;
01/05/2020;12:21:00;222;com vítima;105,144;BR-060/GO;Norte;Queda de Ciclista;;;;1;;;;;;;0;2;;;
01/05/2020;13:39:00;259;com vítima;135;BR-060/GO;Sul;Queda de Ciclista;;2;;;;;;;;;0;2;;;
01/05/2020;14:30:00;285;sem vítima;6,7;BR-060/GO;Sul;Choque - Defensa;1;;;;;;;;;;1;;;;
01/05/2020;17:00:00;347;sem vítima;536,9;BR-262/MG;Leste;Choque - Barreira;1;;;;;;;;;;1;;;;
01/05/2020;19:38:00;396;sem vítima;14,818;BR-153/MG;Sul;Choque - Veiculo parado na pista;;;2;;;;;;;;2;;;;
01/05/2020;20:29:00;406;sem vítima;81;BR-060/GO;Sul;Saida de Pista;1;;;;;;;;;;1;;;;
02/05/2020;01:31:00;10;sem vítima;421;BR-262/MG;Oeste;Choque - Defensa;1;;;;;;;;;;1;;;;
02/05/2020;01:59:00;15;sem vítima;446;BR-262/MG;Leste;Choque - Defensa;1;;;;;;;;;;1;;;;
02/05/2020;05:06:00;30;sem vítima;508;BR-153/GO;Sul;Capotamento;1;;;;;;;;;;1;;;;
02/05/2020;07:23:00;49;com vítima;118;BR-060/GO;Sul;Queda de Moto;;;;1;;;;;;;0;1;;;
02/05/2020;08:37:00;73;sem vítima;497;BR-153/GO;Sul;Capotamento;1;;1;;;;;;;;2;;;;
02/05/2020;11:58:00;155;sem vítima;873;BR-262/MG;Leste;Tombamento;;;1;;;;;;;;1;;;;
02/05/2020;14:39:00;233;sem vítima;362;BR-262/MG;Oeste;Colisão Traseira;2;;;;;;;;;;2;;;;
02/05/2020;19:01:00;343;sem vítima;529;BR-262/MG;Oeste;Atropelamento de Animal;1;;;;;;;;;;2;;;;
02/05/2020;22:16:00;385;sem vítima;221;BR-153/MG;Sul;Saida de Pista;1;;;;;;;;;;1;;;;
03/05/2020;11:15:00;144;com vítima;103,3;BR-060/GO;Sul;Capotamento;1;;;;;;;;;;0;1;;;
03/05/2020;14:32:00;206;sem vítima;107;BR-060/GO;Sul;Colisão Traseira;2;;;;;;;;;;2;;;;
03/05/2020;15:41:00;228;sem vítima;580,3;BR-153/GO;Norte;Colisão Traseira;;;1;;;;;;;1;2;;;;
03/05/2020;16:36:00;261;sem vítima;418,811;BR-262/MG;Oeste;Tombamento;;;1;;;;;;;;1;;;;
03/05/2020;17:38:00;296;sem vítima;508;BR-153/GO;Norte;Choque- Placa/Suporte Sinalização;1;;;;;;;;;;1;;;;
03/05/2020;18:35:00;314;sem vítima;353;BR-262/MG;Leste;Colisão Traseira;2;;;;;;;;;;2;;;;
03/05/2020;20:36:00;370;com vítima;443;BR-262/MG;Leste;Colisão Frontal;1;;;;;;;;;;1;;1;;
03/05/2020;21:32:00;382;sem vítima;796;BR-262/MG;Oeste;Atropelamento de Animal;1;;;;;;;;;;2;;;;
03/05/2020;21:55:00;386;com vítima;619,8;BR-153/GO;Sul;Colisão Traseira;;;2;;;;;;;;1;1;;;
04/05/2020;01:48:00;18;sem vítima;364;BR-262/MG;Leste;Colisão Frontal;1;;;;;;;;;;1;;;;
04/05/2020;05:39:00;35;sem vítima;395,45;BR-262/MG;Leste;Colisão Traseira;2;;;;;;;;;;2;;;;
04/05/2020;07:34:00;99;sem vítima;90;BR-060/GO;Sul;Colisão Traseira;1;;;1;;;;;;;2;;;;
04/05/2020;13:27:00;238;sem vítima;811,15;BR-262/MG;Leste;Choque - Defensa;1;;;;;;;;;;2;;;;
04/05/2020;13:50:00;249;sem vítima;131;BR-060/GO;Sul;Engavetamento;2;;1;;;;;;;;3;;;;
04/05/2020;16:50:00;326;com vítima;453;BR-262/MG;Leste;Colisão Transversal;1;;;;;;;;;1;2;3;;;
04/05/2020;17:19:00;339;sem vítima;378;BR-262/MG;Oeste;Saida de Pista;;;;;;;;;;1;1;;;;
04/05/2020;18:30:00;369;com vítima;362;BR-262/MG;Oeste;Queda de Moto;;;;1;;;;;;;0;1;;;
04/05/2020;18:33:00;370;sem vítima;503;BR-153/GO;Sul;Colisão Traseira;;;;1;;;;;;1;3;;;;
04/05/2020;19:04:00;375;sem vítima;499;BR-153/GO;Sul;Colisão Traseira;2;;;;;;;;;;2;;;;
04/05/2020;19:27:00;382;sem vítima;501;BR-153/GO;Sul;Colisão Traseira;1;;;;;;;;;1;2;;;;
04/05/2020;21:30:00;425;sem vítima;685,5;BR-153/GO;Norte;Atropelamento de Animal;1;;;;;;;;;;1;;;;
05/05/2020;01:21:00;15;com vítima;448,66;BR-262/MG;Leste;Colisão Frontal;;;1;;;;;;;1;3;1;;;1
05/05/2020;01:51:00;20;sem vítima;517;BR-262/MG;Oeste;Colisão Lateral;;;2;;;;;;;;3;;;;
05/05/2020;09:15:00;122;sem vítima;362,85;BR-262/MG;Leste;Colisão Lateral;1;;1;;;;;;;;5;;;;
05/05/2020;12:31:00;211;sem vítima;422,123;BR-262/MG;Leste;Saida de Pista;1;;;;;;;;;;1;;;;
05/05/2020;13:02:00;226;com vítima;514,271;BR-153/GO;Sul;Colisão Lateral;1;;;1;;;;;;;1;1;;;
05/05/2020;13:50:00;237;sem vítima;488,85;BR-262/MG;Leste;Saida de Pista;;;1;;;;;;;;1;;;;
05/05/2020;18:56:00;354;sem vítima;491;BR-153/GO;Norte;Colisão Traseira;;;1;;;1;;;;;2;;;;
05/05/2020;22:01:00;421;sem vítima;24,5;BR-153/MG;Sul;Colisão Traseira;;;2;;;;;;;;2;;;;
05/05/2020;23:54:00;437;sem vítima;137,281;BR-060/GO;Norte;Colisão Traseira;2;;;;;;;;;;2;;;;
06/05/2020;03:00:00;23;sem vítima;355,793;BR-262/MG;Leste;Capotamento;1;;;;;;;;;;1;;;;
06/05/2020;10:28:00;190;sem vítima;518;BR-153/GO;Sul;Saida de Pista;1;;;;;;;;;;1;;;;
06/05/2020;19:35:00;464;sem vítima;466,5;BR-262/MG;Oeste;Colisão Traseira;1;;1;;;;;;;;2;;;;
06/05/2020;23:06:00;533;sem vítima;128;BR-060/GO;Sul;Saida de Pista;1;;;;;;;;;;1;;;;
06/05/2020;23:41:00;543;sem vítima;595;BR-262/MG;Leste;Choque - Talude;;;1;;;;;;;;1;;;;
07/05/2020;00:28:00;5;sem vítima;15;BR-153/MG;Sul;Tombamento;;;1;;;;;;;;1;;;;
07/05/2020;02:19:00;15;com vítima;591;BR-153/GO;Sul;Capotamento;1;;;;;;;;;;0;3;;;
07/05/2020;04:41:00;33;sem vítima;135;BR-153/MG;Sul;Choque - Barreira;;;1;;;;;;;;1;;;;
07/05/2020;06:26:00;49;sem vítima;380,578;BR-262/MG;Oeste;Capotamento;1;;;;;;;;;;1;;;;
07/05/2020;09:08:00;143;sem vítima;528;BR-153/GO;Sul;Capotamento;1;;;;;;;;;;1;;;;
07/05/2020;09:11:00;144;com vítima;100;BR-060/GO;Norte;Colisão Traseira;1;;1;;;;;;;;3;1;;;
07/05/2020;09:53:00;183;sem vítima;5,7;BR-060/GO;Norte;Choque - Defensa;;;;;;;;;;1;2;;;;
07/05/2020;10:03:00;192;sem vítima;549;BR-262/MG;Oeste;Choque - Defensa;;;;;;;;;;1;2;;;;
07/05/2020;12:04:00;240;com vítima;21,4;BR-060/GO;Norte;Capotamento;1;;;;;;;;;;0;2;;;
07/05/2020;13:17:00;261;com vítima;585;BR-262/MG;Oeste;Queda de Moto;;;;1;;;;;;;0;1;;;
07/05/2020;13:18:00;262;sem vítima;447;BR-262/MG;Oeste;Colisão Transversal;1;;;1;;;;;;;2;;;;
07/05/2020;14:13:00;280;com vítima;126;BR-060/GO;Norte;Queda de Moto;;;;1;;;;;;;1;1;;;
07/05/2020;14:18:00;285;sem vítima;5;BR-060/DF;Sul;Colisão Traseira;2;;;;;;;;;;2;;;;
07/05/2020;15:16:00;310;sem vítima;197;BR-153/MG;Sul;Colisão Transversal;1;;1;;;;;;;;2;;;;
07/05/2020;18:45:00;388;sem vítima;43;BR-060/GO;Norte;Colisão Lateral;;;2;;;;;;;;2;;;;
07/05/2020;21:47:00;457;com vítima;661,7;BR-262/MG;Oeste;Capotamento;1;;;;;;;;;;1;;3;;1
08/05/2020;02:24:00;24;sem vítima;565,3;BR-262/MG;Oeste;Saida de Pista;1;;;;;;;;;;1;;;;
08/05/2020;06:01:00;46;sem vítima;138;BR-060/GO;Norte;Colisão Traseira;1;1;;;;;;;;;2;;;;
08/05/2020;06:06:00;48;sem vítima;815;BR-262/MG;Leste;Queda de Ciclista;;1;;;;;;;;;1;;;;
08/05/2020;06:20:00;51;sem vítima;31;BR-060/DF;Sul;Saida de Pista;;;1;;;;;;;;1;;;;
08/05/2020;09:57:00;131;sem vítima;503;BR-153/GO;Norte;Engavetamento;3;;;;;;;;;;3;;;;
08/05/2020;16:54:00;282;sem vítima;460;BR-262/MG;Oeste;Engavetamento;2;;1;;;;;;;;3;;;;
08/05/2020;18:12:00;312;sem vítima;103;BR-060/GO;Norte;Colisão Traseira;1;;1;;;;;;;;2;;;;
08/05/2020;18:24:00;315;sem vítima;618;BR-262/MG;Leste;Atropelamento de Animal;;;;;;;;;;1;1;;;;
08/05/2020;18:50:00;327;sem vítima;103;BR-060/GO;Norte;Colisão Traseira;2;;;;;;;;;;2;;;;
08/05/2020;18:51:00;328;sem vítima;506;BR-153/GO;Sul;;;;;1;;;;;;;1;;;;
08/05/2020;19:46:00;346;sem vítima;127,7;BR-060/GO;Norte;Saida de Pista;2;;;;;;;;;;3;;;;
08/05/2020;22:52:00;396;com vítima;791;BR-262/MG;Leste;Capotamento;1;;;;;;;;;;0;1;;;
09/05/2020;06:14:00;56;com vítima;99;BR-060/GO;Sul;Queda de Moto;;;;1;;;;;;;0;1;;;
09/05/2020;07:07:00;66;sem vítima;558;BR-153/GO;Norte;Capotamento;1;;1;;;;;;;;2;;;;
09/05/2020;07:57:00;90;sem vítima;94;BR-153/MG;Sul;Colisão Lateral;;;3;;;;;;;;4;;;;
09/05/2020;09:38:00;130;com vítima;548;BR-262/MG;Leste;Tombamento;;;1;;;;;;;;0;1;;;
09/05/2020;09:50:00;136;sem vítima;480,899;BR-262/MG;Leste;Queda de Moto;;;;1;;;;;;;2;;;;
09/05/2020;12:31:00;198;com vítima;442;BR-262/MG;Oeste;Colisão Lateral;1;;;1;;;;;;;1;1;;;
09/05/2020;15:31:00;259;sem vítima;361;BR-262/MG;Oeste;Choque - Defensa;1;;;;;;;;;;1;;;;
09/05/2020;15:35:00;261;sem vítima;635;BR-153/GO;Norte;Capotamento;1;;;;;;;;;;4;;;;
09/05/2020;20:14:00;368;sem vítima;711;BR-262/MG;Leste;Atropelamento de Animal;1;;;;;;;;;;3;;;;
09/05/2020;20:51:00;383;com vítima;353;BR-262/MG;Oeste;Atropelamento - Andarilho;;;;1;;;;;;;0;1;;1;
09/05/2020;21:24:00;390;sem vítima;838;BR-262/MG;Leste;Saida de Pista;1;;;;;;;;;;1;;;;
09/05/2020;22:00:00;403;sem vítima;23,5;BR-060/GO;Sul;Capotamento;1;;;;;;;;;;1;;;;
10/05/2020;00:20:00;2;com vítima;97;BR-060/GO;Norte;Capotamento;1;;;;;;;;;;1;1;;;
10/05/2020;00:26:00;3;sem vítima;99;BR-060/GO;Norte;Atropelamento - Andarilho;1;;;;;;;;;;2;;;;
10/05/2020;01:09:00;8;sem vítima;1;BR-060/DF;Sul;Choque - Arvore;1;;;;;;;;;;1;;;;
10/05/2020;08:12:00;78;com vítima;598;BR-153/GO;Norte;Capotamento;;;1;;;;;;;;0;1;;;
10/05/2020;08:13:00;79;com vítima;4;BR-060/GO;Norte;Queda de Ciclista;;1;;;;;;;;;0;1;;;
10/05/2020;10:41:00;146;sem vítima;136,85;BR-060/GO;Norte;Saida de Pista;1;;;;;;;;;;2;;;;
10/05/2020;11:03:00;163;com vítima;378;BR-262/MG;Leste;Queda de Moto;;;;1;;;;;;;0;;1;1;
10/05/2020;12:14:00;196;com vítima;621;BR-262/MG;Oeste;Tombamento;;;1;;;;;;;;0;;1;;
10/05/2020;15:28:00;253;sem vítima;909,8;BR-262/MG;Oeste;Saida de Pista;1;;;;;;;;;;1;;;;
10/05/2020;16:36:00;275;com vítima;1,2;BR-060/GO;Norte;Capotamento;1;;;;;;;;;;0;1;;;
10/05/2020;17:06:00;289;com vítima;32;BR-060/GO;Sul;Colisão Traseira;2;;;;;;;;;;5;1;;;
10/05/2020;18:44:00;323;sem vítima;526;BR-262/MG;Oeste;Colisão Lateral;;;1;;;;;;;;1;;;;