data;horario;n_da_ocorrencia;tipo_de_ocorrencia;km;trecho;sentido;tipo_de_acidente;automovel;bicicleta;caminhao;moto;onibus;outros;tracao_animal;transporte_de_cargas_especiais;trator_maquinas;utilitarios;ilesos;levemente_feridos;moderadamente_feridos;gravemente_feridos;mortos
10/05/2020;19:04:00;331;sem vítima;100,1;BR-060/GO;Sul;Colisão Traseira;1;;;;;1;;;;;2;;;;
10/05/2020;19:47:00;347;com vítima;520,464;BR-153/GO;Norte;Queda de Moto;;;;1;;;;;;;0;;1;;
10/05/2020;20:12:00;357;com vítima;2,7;BR-060/DF;Sul;Colisão Traseira;1;;;1;;;;;;;5;;1;;
11/05/2020;04:46:00;43;sem vítima;385;BR-262/MG;Oeste;Capotamento;1;;;;;;;;;;3;;;;
11/05/2020;05:33:00;48;sem vítima;614;BR-153/GO;Norte;Colisão Traseira;;;1;;;1;;;;;2;;;;
11/05/2020;07:57:00;101;com vítima;587;BR-262/MG;Oeste;Tombamento;;;1;;;;;;;;0;;1;;
11/05/2020;08:06:00;105;com vítima;26,255;BR-060/GO;Norte;Queda de Moto;;;;1;;;;;;;0;1;;;
11/05/2020;08:08:00;107;com vítima;494,047;BR-153/GO;Norte;Queda de Moto;;;;1;;;;;;;0;2;;;
11/05/2020;09:31:00;159;com vítima;31,6;BR-060/GO;Norte;Colisão Transversal;1;;;1;;;;;;;2;1;;;
11/05/2020;10:23:00;194;sem vítima;98,9;BR-060/GO;Sul;Capotamento;1;;;;;;;;;;1;;;;
11/05/2020;12:13:00;257;com vítima;464,3;BR-262/MG;Leste;Queda de Moto;;;;1;;;;;;;1;1;;;
11/05/2020;12:44:00;269;sem vítima;113;BR-060/GO;Sul;Queda de Moto;;;;1;;;;;;;2;;;;
11/05/2020;16:07:00;351;sem vítima;459;BR-262/MG;Oeste;Saida de Pista;1;;;;;;;;;;2;;;;
11/05/2020;16:23:00;356;sem vítima;493;BR-153/GO;Sul;Colisão Lateral;1;;1;;;;;;;;2;;;;
11/05/2020;22:15:00;512;com vítima;491;BR-153/GO;Norte;Colisão Traseira;;;;1;;1;;;;;1;1;;;
12/05/2020;11:29:00;178;com vítima;640,966;BR-153/GO;Norte;Tombamento;;;1;;;;;;;;1;1;;;
12/05/2020;14:35:00;248;sem vítima;515;BR-153/GO;Norte;Choque- Poste/Equipamento;1;;;;;;;;;;1;;;;
12/05/2020;21:55:00;388;com vítima;1;BR-153/MG;Norte;Atropelamento - Andarilho;1;;;;;;;;;;3;;;;1
13/05/2020;06:18:00;45;sem vítima;107;BR-060/GO;Norte;Colisão Traseira;;;1;;;;;;;1;2;;;;
13/05/2020;07:07:00;81;sem vítima;631;BR-262/MG;Oeste;Saida de Pista;1;;;;;;;;;;1;;;;
13/05/2020;08:04:00;100;sem vítima;96;BR-060/GO;Norte;Choque - Elemento de Drenagem;1;;;;;;;;;;1;;;;
13/05/2020;08:19:00;105;com vítima;509;BR-153/GO;Norte;Queda de Ciclista;;1;;;;;;;;;0;1;;;
13/05/2020;09:29:00;135;com vítima;803;BR-262/MG;Oeste;Queda de Moto;;;;1;;1;;;;;1;;1;;
13/05/2020;12:50:00;214;com vítima;113;BR-060/GO;Sul;Colisão Traseira;1;;1;;;;;;;;1;1;;;
13/05/2020;14:37:00;243;sem vítima;447,15;BR-262/MG;Leste;Colisão Traseira;;;2;;;1;;;;;3;;;;
13/05/2020;15:23:00;258;sem vítima;508,3;BR-153/GO;Norte;Queda de Moto;;;;1;;;;;;;2;;;;
13/05/2020;15:50:00;273;sem vítima;370;BR-262/MG;Oeste;Choque - Defensa;;;2;;;;;;;;2;;;;
13/05/2020;16:14:00;281;sem vítima;3,362;BR-060/DF;Norte;Queda de Moto;;;;1;;;;;;;1;;;;
13/05/2020;16:38:00;292;sem vítima;2,115;BR-060/DF;Norte;Saida de Pista;1;;;;;;;;;;1;;;;
13/05/2020;16:53:00;298;sem vítima;107;BR-060/GO;Norte;Colisão Traseira;1;;1;;;;;;;;2;;;;
13/05/2020;17:03:00;303;sem vítima;89,93;BR-060/GO;Norte;Queda de Moto;;;;1;;;;;;;1;;;;
13/05/2020;18:56:00;347;sem vítima;25;BR-153/MG;Sul;Queda de Moto;;;;1;;;;;;;1;;;;
13/05/2020;20:22:00;366;com vítima;27;BR-060/GO;Sul;Colisão Lateral;1;;;1;;;;;;;1;;1;;
13/05/2020;21:57:00;401;sem vítima;99;BR-060/GO;Sul;Queda de Moto;;;;1;;;;;;;1;;;;
14/05/2020;01:14:00;15;com vítima;632;BR-262/MG;Oeste;Saida de Pista;;;1;;;;;;;;0;1;;;
14/05/2020;05:26:00;37;sem vítima;49,29;BR-153/MG;Norte;Choque - Talude;;;;;;1;;;;1;2;;;;
14/05/2020;06:36:00;42;sem vítima;551,5;BR-262/MG;Leste;Saida de Pista;;;1;;;;;;;;2;;;;
14/05/2020;09:24:00;135;sem vítima;432;BR-262/MG;Leste;Capotamento;1;;;;;;;;;;2;;;;
14/05/2020;11:03:00;189;sem vítima;444;BR-262/MG;Oeste;Colisão Traseira;;;1;;;;;;;1;2;;;;
14/05/2020;11:40:00;206;com vítima;6,49;BR-153/MG;Sul;Capotamento;1;;;;;;;;;;0;1;;;
14/05/2020;15:46:00;322;com vítima;584;BR-262/MG;Leste;Saida de Pista;;;;;;;;;;1;0;1;;;
14/05/2020;16:22:00;337;sem vítima;543,1;BR-153/GO;Sul;Colisão Traseira;1;;1;;;;;;;;5;;;;
14/05/2020;16:27:00;341;sem vítima;544;BR-262/MG;Oeste;Colisão Traseira;2;;;;;;;;;;3;;;;
14/05/2020;16:39:00;346;sem vítima;490;BR-153/GO;Norte;Colisão Lateral;1;;1;;;;;;;;2;;;;
14/05/2020;17:11:00;361;sem vítima;549;BR-262/MG;Leste;Choque - Barreira;;;;;;;;;;1;1;;;;
14/05/2020;17:40:00;374;com vítima;443;BR-262/MG;Oeste;Colisão Lateral;;1;;;;1;;;;;1;;1;;
14/05/2020;18:40:00;401;sem vítima;503;BR-153/GO;Sul;Queda de Moto;;;;1;;1;;;;;2;;;;
14/05/2020;18:48:00;411;sem vítima;30,8;BR-060/DF;Norte;Colisão Frontal;;;;;;;;;;2;4;;;;
14/05/2020;20:29:00;441;sem vítima;461;BR-262/MG;Oeste;Colisão Traseira;1;;1;;;;;;;;2;;;;
14/05/2020;20:51:00;450;sem vítima;9,546;BR-060/DF;Sul;Queda de Ciclista;;;;1;;;;;;;1;;;;
14/05/2020;21:15:00;456;sem vítima;363;BR-262/MG;Leste;Colisão Traseira;2;;;;;;;;;;3;;;;
14/05/2020;23:14:00;488;sem vítima;594;BR-262/MG;Oeste;Tombamento;;;1;;;;;;;;1;;;;
15/05/2020;04:17:00;39;com vítima;26,8;BR-153/MG;Sul;Tombamento;;;1;;;;;;;;0;1;1;;
15/05/2020;04:34:00;42;sem vítima;492,007;BR-262/MG;Oeste;Atropelamento de Animal;1;;;;;;;;;;2;;;;
15/05/2020;11:29:00;209;sem vítima;5;BR-060/DF;Sul;Colisão Traseira;2;;;;;;;;;;3;;;;
15/05/2020;11:39:00;216;com vítima;492;BR-262/MG;Leste;Colisão Transversal;1;;1;;;;;;;;1;;1;;
15/05/2020;15:02:00;302;sem vítima;417;BR-262/MG;Oeste;Atropelamento de Animal;1;;;;;;;;;;1;;;;
15/05/2020;16:14:00;336;sem vítima;501;BR-153/GO;Norte;Colisão Traseira;1;;;;;;;;;1;2;;;;
15/05/2020;18:34:00;404;com vítima;375;BR-262/MG;Leste;Atropelamento - Andarilho;1;;;;;;;;;1;3;;;;1
15/05/2020;19:06:00;422;sem vítima;483;BR-262/MG;Leste;Colisão Traseira;1;;;;;1;;;;;2;;;;
16/05/2020;00:02:00;2;sem vítima;506,36;BR-153/GO;Norte;Colisão Traseira;2;;;;;;;;;;3;;;;
16/05/2020;01:08:00;18;sem vítima;14,529;BR-153/MG;Norte;Colisão Traseira;;;2;;;;;;;;3;;;;
16/05/2020;07:19:00;51;sem vítima;587,35;BR-262/MG;Leste;Tombamento;;;;;;;;;;1;1;;;;
16/05/2020;07:51:00;59;com vítima;608;BR-262/MG;Leste;Capotamento;1;;;;;;;;;;1;2;;;
16/05/2020;07:55:00;61;sem vítima;800;BR-262/MG;Leste;Choque - Talude;1;;;;;;;;;;1;;;;
16/05/2020;08:33:00;78;com vítima;354,24;BR-262/MG;Leste;Choque - Defensa;;;2;;;;;;;;1;;1;;
16/05/2020;08:59:00;91;com vítima;364,18;BR-262/MG;Leste;Tombamento;;;1;;;;;;;;0;;1;;
16/05/2020;10:04:00;124;com vítima;535,426;BR-153/GO;Sul;Colisão Lateral;;;;1;;;;;;1;1;;;1;
16/05/2020;10:19:00;137;sem vítima;466,233;BR-262/MG;Leste;Colisão Lateral;1;;1;;;;;;;;2;;;;
16/05/2020;11:23:00;163;com vítima;487,175;BR-262/MG;Leste;Choque - Arvore;1;;;;;;;;;;0;;1;;
16/05/2020;11:26:00;166;sem vítima;381,444;BR-262/MG;Leste;Capotamento;1;;;;;;;;;;3;;;;
16/05/2020;14:35:00;238;com vítima;607,75;BR-262/MG;Leste;Colisão Traseira;;;2;;;;;;;;1;;1;;
16/05/2020;14:36:00;239;com vítima;585,205;BR-153/GO;Norte;Queda de Moto;;;;1;;;;;;;1;1;;;
16/05/2020;17:50:00;313;com vítima;514;BR-153/GO;Norte;Colisão Lateral;1;;;1;;;;;;;1;;1;;
16/05/2020;18:49:00;337;sem vítima;34,8;BR-153/MG;Norte;Saida de Pista;;;;;;;;;;1;2;;;;
16/05/2020;19:14:00;342;com vítima;372;BR-262/MG;Oeste;Queda de Moto;;;;1;;;;;;;0;;1;;
16/05/2020;20:13:00;353;com vítima;32;BR-060/GO;Norte;Colisão Lateral;1;;;1;;;;;;;1;;1;;
17/05/2020;11:01:00;122;com vítima;4,261;BR-060/GO;Norte;Queda de Moto;;;;1;;;;;;;0;;1;;
17/05/2020;12:27:00;151;sem vítima;37;BR-060/GO;Norte;Queda de Moto;;;;1;;;;;;;1;;;;
17/05/2020;17:11:00;235;com vítima;603,724;BR-153/GO;Sul;Choque - Talude;;;;;;;;;;1;0;2;;;
17/05/2020;18:27:00;265;com vítima;356,9;BR-262/MG;Oeste;Colisão Lateral;1;;;1;;;;;;;1;1;;;
17/05/2020;18:35:00;271;sem vítima;509;BR-153/GO;Norte;Queda de Moto;;;;1;;;;;;;1;;;;
17/05/2020;19:23:00;286;sem vítima;43;BR-060/GO;Norte;Saida de Pista;1;;;;;;;;;;1;;;;
17/05/2020;19:24:00;287;sem vítima;107;BR-060/GO;Sul;Colisão Lateral;2;;;;;;;;;;5;;;;
18/05/2020;02:48:00;16;sem vítima;109;BR-060/GO;Norte;Capotamento;1;;;;;;;;;;1;;;;
18/05/2020;06:00:00;37;sem vítima;34;BR-060/GO;Norte;Colisão Traseira;;;1;;;1;;;;;2;;;;
18/05/2020;07:38:00;73;sem vítima;516;BR-262/MG;Leste;Saida de Pista;;;;;;;;;;1;1;;;;
18/05/2020;08:48:00;115;com vítima;37,5;BR-060/GO;Norte;Queda de Ciclista;;;;1;;;;;;;0;1;;;
18/05/2020;14:46:00;269;sem vítima;129;BR-060/GO;Norte;Queda de Moto;;;;1;;;;;;;2;;;;
18/05/2020;18:06:00;371;com vítima;7,5;BR-060/DF;Norte;Colisão Lateral;;;;;1;;;;;1;1;1;;;
19/05/2020;07:16:00;64;sem vítima;552,8;BR-262/MG;Oeste;Tombamento;;;1;;;;;;;;2;;;;
19/05/2020;07:32:00;75;sem vítima;133;BR-153/MG;Norte;Colisão Lateral;1;;1;;;;;;;;4;;;;
19/05/2020;07:54:00;83;sem vítima;496;BR-153/GO;Sul;Colisão Lateral;1;;;1;;;;;;;2;;;;
19/05/2020;17:54:00;339;sem vítima;123,99;BR-060/GO;Norte;Tombamento;;;1;;;;;;;;1;;;;
19/05/2020;18:39:00;351;sem vítima;394;BR-262/MG;Oeste;Saida de Pista;1;;;;;;;;;;1;;;;
19/05/2020;23:30:00;448;sem vítima;447;BR-262/MG;Leste;Capotamento;;;;;;;;;;1;1;;;;
20/05/2020;12:28:00;220;com vítima;8,355;BR-060/DF;Sul;Capotamento;1;;;;;;;;;;0;1;;;
20/05/2020;12:49:00;223;sem vítima;504;BR-153/GO;Norte;Choque - Barreira;1;;;;;;;;;;1;;;;
20/05/2020;14:06:00;246;sem vítima;6,8;BR-153/MG;Sul;Tombamento;;;1;;;;;;;;1;;;;
21/05/2020;08:01:00;99;sem vítima;500,38;BR-153/GO;Norte;Colisão Lateral;1;;;1;;;;;;;2;;;;
21/05/2020;09:46:00;166;sem vítima;574,828;BR-153/GO;Sul;Saida de Pista;1;;;;;;;;;;4;;;;
21/05/2020;18:44:00;393;sem vítima;553;BR-262/MG;Leste;Saida de Pista;;;1;;;;;;;;1;;;;
21/05/2020;20:43:00;439;sem vítima;497;BR-153/GO;Sul;Colisão Traseira;1;;;;;1;;;;;2;;;;
21/05/2020;21:30:00;454;sem vítima;590;BR-262/MG;Leste;Tombamento;;;1;;;;;;;;1;;;;
22/05/2020;06:08:00;58;sem vítima;580,2;BR-153/GO;Norte;Choque - Elemento de Drenagem;1;;;;;;;;;;2;;;;
22/05/2020;08:20:00;110;sem vítima;540;BR-153/GO;Norte;Capotamento;1;;;;;;;;;;2;;;;
22/05/2020;10:01:00;187;com vítima;415;BR-262/MG;Oeste;Saida de Pista;;;;;;;;;;1;2;;1;;
22/05/2020;13:00:00;284;sem vítima;512;BR-153/GO;Sul;Saida de Pista;;;;;;;;;;1;1;;;;
22/05/2020;16:06:00;380;com vítima;530;BR-262/MG;Leste;Tombamento;;;1;;;;;;;;0;;1;;
22/05/2020;17:03:00;405;sem vítima;500,5;BR-153/GO;Sul;Colisão Traseira;2;;;;;;;;;;2;;;;
22/05/2020;17:42:00;428;com vítima;68;BR-060/GO;Sul;Queda de Moto;;;;1;;;;;;;0;1;1;;
22/05/2020;17:44:00;431;com vítima;499;BR-153/GO;Sul;Engavetamento;;;1;1;;;;;;;1;1;;;
22/05/2020;18:20:00;448;sem vítima;803,2;BR-262/MG;Oeste;Atropelamento de Animal;1;;;1;1;;;;;;4;;;;
22/05/2020;18:51:00;463;com vítima;803,2;BR-262/MG;Oeste;Colisão Traseira;1;;;1;;;;;;;1;1;;;
22/05/2020;19:11:00;471;com vítima;509;BR-153/GO;Sul;Queda de Moto;;;;1;;;;;;;0;1;;;
22/05/2020;20:22:00;489;sem vítima;32;BR-060/GO;Norte;Queda de Moto;;;;1;;;;;;;1;;;;
22/05/2020;22:41:00;526;sem vítima;412;BR-262/MG;Oeste;Saida de Pista;1;;;;;;;;;;1;;;;
23/05/2020;06:28:00;54;sem vítima;832,8;BR-262/MG;Leste;Choque - Outros;1;;;;;;;;;;1;;;;
23/05/2020;07:49:00;84;com vítima;43;BR-060/GO;Sul;Colisão Traseira;2;;;;;;;;;;1;2;;;
23/05/2020;08:50:00;118;sem vítima;359;BR-262/MG;Leste;Choque - Elemento de Drenagem;1;;;;;;;;;;1;;;;
23/05/2020;08:57:00;122;com vítima;166;BR-153/MG;Norte;Capotamento;1;;;;;;;;;;0;2;;;
23/05/2020;11:47:00;192;com vítima;607;BR-262/MG;Oeste;Atropelamento - Funcionário;1;;;;;;;;;;1;;1;;
23/05/2020;12:06:00;200;sem vítima;611;BR-262/MG;Leste;Choque - Elemento de Drenagem;;;1;;;;;;;;1;;;;
23/05/2020;13:18:00;222;sem vítima;642,8;BR-153/GO;Norte;Capotamento;1;;;;;;;;;;1;;;;
23/05/2020;13:39:00;233;sem vítima;584;BR-262/MG;Leste;Capotamento;1;;;;;;;;;;3;;;;
23/05/2020;14:35:00;250;com vítima;607;BR-262/MG;Oeste;Capotamento;1;;;;;;;;;;0;1;;;
23/05/2020;14:47:00;258;sem vítima;595;BR-262/MG;Leste;Capotamento;;;;;;;;;;1;2;;;;
23/05/2020;16:16:00;293;sem vítima;584;BR-262/MG;Oeste;Capotamento;1;;;;;;;;;;3;;;;
23/05/2020;16:51:00;311;sem vítima;28,8;BR-153/MG;Sul;Tombamento;;;1;;;;;;;;1;;;;
23/05/2020;18:57:00;367;sem vítima;632,7;BR-262/MG;Oeste;Saida de Pista;1;;;;;;;;;;1;;;;
23/05/2020;19:00:00;368;sem vítima;547,8;BR-262/MG;Leste;Tombamento;;;1;;;;;;;;1;;;;
23/05/2020;19:57:00;390;sem vítima;802;BR-262/MG;Leste;Saida de Pista;1;;;;;;;;;;1;;;;
23/05/2020;22:07:00;428;sem vítima;388,35;BR-262/MG;Oeste;Choque - Elemento de Drenagem;1;;;;;;;;;;4;;;;
24/05/2020;08:15:00;56;sem vítima;229,9;BR-153/MG;Sul;Saida de Pista;1;;;;;;;;;;1;;;;
24/05/2020;09:16:00;62;sem vítima;43;BR-153/MG;Sul;Saida de Pista;1;;;;;;;;;;1;;;;
24/05/2020;10:19:00;86;sem vítima;608,155;BR-262/MG;Leste;Saida de Pista;1;;;;;;;;;;1;;;;
24/05/2020;11:26:00;108;sem vítima;547,6;BR-262/MG;Leste;Choque - Elemento de Drenagem;1;;;;;;;;;;3;;;;
24/05/2020;12:07:00;117;sem vítima;442,129;BR-262/MG;Leste;Colisão Traseira;2;;;;;;;;;;2;;;;
24/05/2020;14:04:00;150;sem vítima;595;BR-262/MG;Oeste;Colisão Lateral;;;2;;;;;;;;4;;;;
24/05/2020;14:12:00;153;com vítima;608;BR-262/MG;Oeste;Choque - Arvore;1;;;;;;;;;;1;2;;;
24/05/2020;15:11:00;165;sem vítima;439;BR-262/MG;Oeste;Choque - Elemento de Drenagem;1;;;;;;;;;;1;;;;
24/05/2020;15:45:00;177;sem vítima;380,23;BR-262/MG;Leste;Choque - Elemento de Drenagem;2;;;;;;;;;;6;;;;
24/05/2020;17:51:00;213;com vítima;98;BR-153/MG;Sul;Choque- Placa/Suporte Sinalização;1;;;;;;;;;;0;1;;;
24/05/2020;18:20:00;224;sem vítima;0,4;BR-060/DF;Norte;Colisão Traseira;;;;1;;1;;;;;2;;;;
24/05/2020;20:18:00;263;sem vítima;519;BR-153/GO;Sul;Tombamento;;;;;;;;;;1;2;;;;
24/05/2020;20:22:00;266;sem vítima;362,3;BR-262/MG;Leste;Colisão Traseira;1;;;;;;;;;1;2;;;;
25/05/2020;01:12:00;8;sem vítima;2,348;BR-060/DF;Norte;Choque - Arvore;1;;;;;;;;;;1;;;;
25/05/2020;16:38:00;292;com vítima;500;BR-153/GO;Sul;Colisão Lateral;;1;;1;;;;;;;2;1;;;
25/05/2020;18:45:00;330;com vítima;359;BR-262/MG;Oeste;Colisão Lateral;1;;1;;;;;;;;1;1;1;;
25/05/2020;20:21:00;357;sem vítima;673;BR-262/MG;Oeste;Saida de Pista;1;;;;;;;;;;1;;;;
25/05/2020;21:56:00;373;sem vítima;686;BR-153/GO;Norte;Choque - Veiculo parado na pista;;;2;;;;;;;;2;;;;
26/05/2020;10:48:00;193;sem vítima;9;BR-060/DF;Norte;Saida de Pista;;;1;;;;;;;;1;;;;
26/05/2020;14:53:00;284;sem vítima;367;BR-262/MG;Leste;Colisão Traseira;2;;;;;;;;;;6;;;;
26/05/2020;16:04:00;314;sem vítima;101;BR-060/GO;Norte;Colisão Lateral;;;;;;;;;;1;1;;;;
26/05/2020;22:58:00;478;sem vítima;568,5;BR-153/GO;Sul;Atropelamento de Animal;1;;;;;1;;;;;3;;;;
27/05/2020;01:19:00;13;sem vítima;587,638;BR-153/GO;Norte;Tombamento;;;1;;;;;;;;1;;;;
27/05/2020;01:44:00;16;sem vítima;0;BR-153/MG;Sul;Choque - Defensa;1;;;;;;;;;;1;;;;
27/05/2020;05:24:00;38;com vítima;615;BR-262/MG;Leste;Tombamento;;;1;;;;;;;;0;1;;;
27/05/2020;07:49:00;90;sem vítima;494,2;BR-153/GO;Sul;Engavetamento;2;;;1;;;;;;;3;;;;
27/05/2020;08:00:00;93;sem vítima;494,4;BR-153/GO;Sul;Colisão Traseira;1;;;1;;;;;;;2;;;;
27/05/2020;08:37:00;119;sem vítima;21;BR-060/DF;Sul;Saida de Pista;;;1;;;;;;;;1;;;;
27/05/2020;13:19:00;279;sem vítima;481;BR-262/MG;Leste;Capotamento;1;;;;;1;;;;;3;;;;
27/05/2020;17:54:00;412;sem vítima;501,5;BR-153/GO;Sul;Colisão Lateral;1;;1;;;;;;;;2;;;;
27/05/2020;20:18:00;469;sem vítima;366;BR-262/MG;Oeste;Atropelamento de Animal;1;;;;;;;;;;1;;;;
27/05/2020;21:48:00;498;sem vítima;514,5;BR-153/GO;Norte;Colisão Transversal;2;;;;;;;;;;5;;;;
28/05/2020;16:41:00;345;sem vítima;507;BR-153/GO;Norte;Colisão Traseira;1;;;;;;;;;1;2;;;;
28/05/2020;17:44:00;370;sem vítima;424;BR-262/MG;Oeste;Tombamento;;;1;;;;;;;;1;;;;
28/05/2020;18:44:00;395;sem vítima;501;BR-153/GO;Norte;Colisão Traseira;1;;;1;;;;;;;2;;;;
28/05/2020;20:22:00;431;sem vítima;84;BR-060/GO;Sul;Colisão Lateral;1;;1;;;;;;;;2;;;;
28/05/2020;21:07:00;451;sem vítima;499;BR-153/GO;Sul;Choque - Defensa;1;;;;;;;;;;1;;;;
28/05/2020;22:35:00;482;sem vítima;11,8;BR-153/MG;Sul;Tombamento;1;;;;;;;;;;2;;;;
29/05/2020;02:29:00;33;sem vítima;210;BR-153/MG;Sul;Saida de Pista;1;;;;;;;;;;1;;;;
29/05/2020;07:52:00;102;sem vítima;501,546;BR-153/GO;Sul;Engavetamento;3;;;;;;;;;1;4;;;;
29/05/2020;07:57:00;107;sem vítima;503,122;BR-153/GO;Sul;Colisão Traseira;2;;;;;;;;;;2;;;;
29/05/2020;08:29:00;118;com vítima;518,92;BR-262/MG;Oeste;Tombamento;;;2;;;;;;;;1;1;1;;
29/05/2020;11:27:00;205;com vítima;102,744;BR-060/GO;Sul;Colisão Transversal;2;;;;;;;;;;1;1;1;;
29/05/2020;18:25:00;399;com vítima;32;BR-060/GO;Sul;Colisão Lateral;2;;;;;;;;;;2;1;;;
29/05/2020;18:31:00;404;sem vítima;47;BR-060/GO;Sul;Colisão Lateral;1;;;;;1;;;;;2;;;;
29/05/2020;21:53:00;486;sem vítima;94,095;BR-060/GO;Norte;Colisão Traseira;1;;;;;1;;;;;2;;;;
30/05/2020;07:31:00;109;sem vítima;7;BR-060/GO;Norte;Tombamento;;;1;;;;;;;;1;;;;
30/05/2020;13:14:00;364;com vítima;96;BR-060/GO;Sul;Colisão Traseira;1;;;1;;;;;;;1;1;;;
30/05/2020;13:52:00;391;sem vítima;354;BR-262/MG;Leste;Colisão Traseira;1;;;1;;;;;;;3;;;;
30/05/2020;16:58:00;483;sem vítima;600;BR-262/MG;Leste;Choque - Submarino;;;1;;;;;;;;1;;;;
30/05/2020;17:54:00;512;com vítima;517;BR-153/GO;Sul;Capotamento;1;;;;;;;;;;0;;;2;
30/05/2020;18:18:00;518;sem vítima;32;BR-060/GO;Sul;Capotamento;1;;;;;;;;;;1;;;;
30/05/2020;18:35:00;524;com vítima;96;BR-060/GO;Norte;Colisão Transversal;1;;;1;;;;;;;2;;1;;
30/05/2020;18:42:00;529;sem vítima;369;BR-262/MG;Oeste;Choque - Outros;1;;;;;;;;;;1;;;;
30/05/2020;19:24:00;549;sem vítima;54;BR-153/MG;Norte;Saida de Pista;1;;;;;;;;;;1;;;;
30/05/2020;20:02:00;559;sem vítima;104;BR-060/GO;Sul;Capotamento;1;;;;;;;;;;1;;;;
30/05/2020;21:15:00;581;sem vítima;446,8;BR-262/MG;Leste;Saida de Pista;;;;;;;;;;1;2;;;;
30/05/2020;21:24:00;584;com vítima;92;BR-060/GO;Sul;Choque - Defensa;;1;;1;;;;;;;0;2;;;
31/05/2020;00:13:00;4;sem vítima;92;BR-060/GO;Sul;Choque- Placa/Suporte Sinalização;1;;;;;;;;;;1;;;;
31/05/2020;03:32:00;35;com vítima;367,106;BR-262/MG;Oeste;Capotamento;1;;;;;;;;;;1;2;;;
31/05/2020;04:11:00;41;sem vítima;64,8;BR-060/GO;Sul;Choque - Defensa;1;;;;;;;;;;2;;;;
31/05/2020;09:41:00;179;com vítima;496;BR-153/GO;Sul;Queda de Ciclista;;;;1;;1;;;;;1;1;;;
31/05/2020;15:01:00;327;sem vítima;817,9;BR-262/MG;Leste;Capotamento;1;;;;;;;;;;2;;;;
31/05/2020;15:18:00;337;sem vítima;57;BR-153/MG;Norte;Choque - Talude;;;1;;;;;;;;1;;;;
31/05/2020;16:22:00;358;sem vítima;608,2;BR-262/MG;Leste;Capotamento;;;;;;;;;;1;3;;;;
31/05/2020;17:11:00;380;sem vítima;6;BR-060/GO;Norte;Choque - Elemento de Drenagem;1;;;;;;;;;;3;;;;
31/05/2020;19:59:00;460;sem vítima;509;BR-153/GO;Norte;Saida de Pista;1;;;;;;;;;;1;;;;
31/05/2020;20:04:00;463;sem vítima;495;BR-153/GO;Sul;Saida de Pista;2;;1;;;;;;;;4;;;;
01/01/2020;04:59:00;38;sem vítima;390;BR-262/MG;Leste;Choque - Elemento de Drenagem;1;;;;;;;;;;1;;;;
01/01/2020;05:54:00;49;com vítima;804;BR-262/MG;Leste;Colisão Lateral;1;;1;;;;;;;;3;1;;;
01/01/2020;07:50:00;74;sem vítima;499;BR-153/GO;Norte;Choque - Talude;1;;;;;;;;;;1;;;;
01/01/2020;09:24:00;108;sem vítima;509;BR-153/GO;Norte;Saida de Pista;1;;;;;;;;;;2;;;;
01/01/2020;11:43:00;168;com vítima;383;BR-262/MG;Oeste;Queda de Ciclista;;;;1;;;;;;;0;;1;1;
01/01/2020;12:12:00;178;sem vítima;380;BR-262/MG;Leste;Tombamento;;;1;;;;;;;;1;;;;
01/01/2020;12:17:00;182;sem vítima;137,5;BR-060/GO;Norte;Colisão Transversal;2;;;;;;;;;;4;;;;
01/01/2020;15:09:00;228;com vítima;519;BR-153/GO;Sul;Capotamento;1;;;;;;;;;;0;2;1;;
01/01/2020;15:37:00;237;sem vítima;58;BR-060/GO;Sul;Saida de Pista;1;;;;;;;;;;1;;;;
01/01/2020;16:07:00;254;sem vítima;802;BR-262/MG;Oeste;Choque - Elemento de Drenagem;1;;;;;;;;;;1;;;;
01/01/2020;16:33:00;269;sem vítima;608;BR-262/MG;Oeste;Tombamento;;;;;;;;;;1;1;;;;
01/01/2020;17:48:00;300;com vítima;433,5;BR-262/MG;Oeste;Saida de Pista;1;;;;;;;;;;0;1;;;
01/01/2020;18:01:00;309;sem vítima;501;BR-153/GO;Sul;Colisão Traseira;2;;;;;;;;;;2;;;;
01/01/2020;18:17:00;314;com vítima;548;BR-262/MG;Leste;Colisão Frontal;;;2;;;;;;;;0;;1;;1
01/01/2020;21:27:00;391;sem vítima;496;BR-153/GO;Sul;Choque - Outros;1;;;;;;;;;;1;;;;
01/01/2020;23:11:00;422;sem vítima;3;BR-060/DF;Sul;Colisão Traseira;2;;;;;;;;;;7;;;;
01/01/2020;23:22:00;425;sem vítima;553;BR-153/GO;Norte;Atropelamento de Animal;1;;;;;;;;;;1;;;;
02/01/2020;06:21:00;60;com vítima;25,15;BR-060/DF;Sul;Capotamento;1;;;;;;;;;;1;3;;;
02/01/2020;07:32:00;76;sem vítima;43;BR-153/MG;Sul;Capotamento;1;;;;;;;;;;1;;;;
02/01/2020;07:46:00;81;sem vítima;442,5;BR-262/MG;Leste;Colisão Traseira;2;;;;;;;;;;2;;;;
02/01/2020;10:29:00;205;sem vítima;575;BR-153/GO;Norte;Capotamento;;;;;;;;;;1;1;;;;
02/01/2020;12:40:00;257;sem vítima;94;BR-153/MG;Sul;Capotamento;1;;;;;;;;;;1;;;;
02/01/2020;13:22:00;273;sem vítima;108;BR-060/GO;Sul;Colisão Lateral;2;;;;;;;;;;4;;;;
02/01/2020;13:45:00;281;sem vítima;508,3;BR-262/MG;Leste;Choque - Talude;1;;;;;;;;;;1;;;;
02/01/2020;14:25:00;294;sem vítima;68,7;BR-153/MG;Sul;Carreta deu L;;;1;;;;;;;;1;;;;
02/01/2020;14:31:00;297;sem vítima;100;BR-060/GO;Norte;Tombamento;;;1;;;;;;;;1;;;;