data;horario;n_da_ocorrencia;tipo_de_ocorrencia;km;trecho;sentido;tipo_de_acidente;automovel;bicicleta;caminhao;moto;onibus;outros;tracao_animal;transporte_de_cargas_especiais;trator_maquinas;utilitarios;ilesos;levemente_feridos;moderadamente_feridos;gravemente_feridos;mortos
01/06/2020;14:14:00;264;sem vítima;432;BR-262/MG;Leste;Choque - Defensa;1;;;;;;;;;;2;;;;
01/06/2020;17:02:00;325;sem vítima;111,9;BR-060/GO;Norte;Colisão Lateral;1;;1;;;;;;;;5;;;;
01/06/2020;17:33:00;333;com vítima;450;BR-262/MG;Leste;Colisão Lateral;;1;;1;;;;;;;1;1;;;
01/06/2020;18:32:00;360;com vítima;237;BR-153/MG;Norte;Colisão Transversal;;;;;;;;;;2;1;;1;;
01/06/2020;19:18:00;374;com vítima;760;BR-262/MG;Oeste;Colisão Traseira;2;;;;;;;;;;2;2;;;
02/06/2020;04:07:00;32;sem vítima;40,8;BR-153/MG;Sul;Tombamento;;;1;;;;;;;;1;;;;
02/06/2020;04:08:00;33;sem vítima;418;BR-262/MG;Leste;Colisão Traseira;;;2;;;;;;;;2;;;;
02/06/2020;07:32:00;70;com vítima;245;BR-153/MG;Sul;Colisão Lateral;1;;1;;;;;;;;1;1;;;
02/06/2020;07:42:00;75;sem vítima;139;BR-153/MG;Sul;Colisão Traseira;;;2;;;;;;;;2;;;;
02/06/2020;07:59:00;85;sem vítima;497,76;BR-153/GO;Norte;Objeto lançado contra veículo;1;;1;;;;;;;;2;;;;
02/06/2020;10:32:00;165;com vítima;2;BR-060/DF;Sul;Capotamento;;;;;;;;;;1;0;1;;;
02/06/2020;13:15:00;244;com vítima;101;BR-060/GO;Sul;Colisão Traseira;2;;1;;;;;;;;4;1;;;
02/06/2020;15:01:00;288;com vítima;532,925;BR-153/GO;Sul;Queda de Moto;;;;1;;;;;;;0;1;;;
02/06/2020;17:02:00;343;com vítima;607,3;BR-262/MG;Leste;Choque - Outros;1;;;;;;;;;;0;1;;;
02/06/2020;18:30:00;384;com vítima;369;BR-262/MG;Leste;Queda de Ciclista;;1;;;;;;;;;0;1;;;
03/06/2020;01:09:00;15;sem vítima;512;BR-262/MG;Leste;Atropelamento de Animal;;;1;;;;;;;;1;;;;
03/06/2020;06:29:00;58;sem vítima;92,015;BR-153/MG;Sul;Tombamento;;;1;;;;;;;;1;;;;
03/06/2020;08:11:00;112;sem vítima;88,5;BR-060/GO;Norte;Colisão Traseira;2;;;;;;;;;;2;;;;
03/06/2020;12:14:00;290;sem vítima;418;BR-262/MG;Leste;Colisão Lateral;2;;;;;;;;;;3;;;;
03/06/2020;12:28:00;297;sem vítima;554,8;BR-262/MG;Oeste;Engavetamento;1;;3;;;;;;;;4;;;;
03/06/2020;12:53:00;309;sem vítima;679;BR-262/MG;Oeste;Tombamento;;;1;;;;;;;;1;;;;
03/06/2020;16:05:00;402;sem vítima;410;BR-262/MG;Leste;Choque - Arvore;1;;;;;;;;;;1;;;;
03/06/2020;18:17:00;456;sem vítima;360;BR-262/MG;Oeste;Colisão Transversal;1;;;;;1;;;;;2;;;;
03/06/2020;19:59:00;492;sem vítima;686;BR-153/GO;Norte;Choque - Veiculo parado na pista;;;1;;;;;;;1;3;;;;
04/06/2020;01:55:00;24;sem vítima;547,8;BR-262/MG;Oeste;Tombamento;;;1;;;;;;;;2;;;;
04/06/2020;04:30:00;42;sem vítima;366;BR-262/MG;Oeste;Atropelamento de Animal;;;1;;;;;;;;1;;;;
04/06/2020;06:27:00;61;sem vítima;408;BR-262/MG;Leste;Tombamento;;;1;;;;;;;;1;;;;
04/06/2020;06:39:00;70;sem vítima;491,355;BR-153/GO;Norte;Choque - Elemento de Drenagem;;;;;;;;;;1;2;;;;
04/06/2020;08:03:00;130;sem vítima;5;BR-060/DF;Sul;Choque- Poste/Equipamento;;;1;;;;;;;;1;;;;
04/06/2020;11:08:00;285;sem vítima;3;BR-060/DF;Norte;Colisão Lateral;2;;;;;;;;;;3;;;;
04/06/2020;11:25:00;295;sem vítima;74;BR-060/GO;Norte;Saida de Pista;1;;;;;;;;;;1;;;;
04/06/2020;14:34:00;383;com vítima;502;BR-153/GO;Sul;Colisão Lateral;;;;1;;;;;;1;1;1;;;
04/06/2020;15:02:00;397;sem vítima;655;BR-153/GO;Norte;Capotamento;;;;;;;;;;1;1;;;;
04/06/2020;18:44:00;500;sem vítima;568;BR-262/MG;Oeste;Colisão Lateral;1;;1;;;;;;;;3;;;;
04/06/2020;19:44:00;526;com vítima;816,7;BR-262/MG;Oeste;Colisão Frontal;;1;1;;;;;;;;1;;;;1
04/06/2020;21:28:00;563;com vítima;20,3;BR-060/GO;Norte;Colisão Lateral;1;;;1;;;;;;;0;;1;;1
05/06/2020;06:08:00;61;com vítima;109,25;BR-153/MG;Sul;Colisão Lateral;1;;;1;;;;;;;3;1;;;
05/06/2020;07:46:00;108;sem vítima;559;BR-153/GO;Norte;Choque - Elemento de Drenagem;1;;;;;;;;;;1;;;;
05/06/2020;08:11:00;120;sem vítima;537;BR-262/MG;Oeste;Colisão Traseira;;;1;;;;;;;1;2;;;;
05/06/2020;09:39:00;172;sem vítima;597,8;BR-153/GO;Sul;Choque - Outros;;;1;;;;;;;1;2;;;;
05/06/2020;11:33:00;249;com vítima;369,363;BR-262/MG;Oeste;Tombamento;;;1;;;;;;;;0;1;;;
05/06/2020;11:40:00;256;sem vítima;694,1;BR-262/MG;Leste;Engavetamento;;;2;;;;;;;1;3;;;;
05/06/2020;14:42:00;329;sem vítima;497,7;BR-153/GO;Sul;Colisão Traseira;1;;1;;;;;;;;2;;;;
05/06/2020;14:43:00;330;sem vítima;590;BR-153/GO;Sul;Colisão Traseira;;;2;;;;;;;;2;;;;
05/06/2020;20:06:00;487;com vítima;512;BR-153/GO;Sul;Queda de Ciclista;;;;1;;;;;;;1;1;;;
05/06/2020;23:20:00;542;com vítima;495;BR-153/GO;Norte;Saida de Pista;1;;;;;;;;;;1;1;;;
06/06/2020;00:27:00;16;com vítima;631,113;BR-262/MG;Leste;Atropelamento - Sem Informação;;;1;;;;;;;;1;;;1;
06/06/2020;00:42:00;18;com vítima;105,5;BR-060/GO;Sul;Queda de Moto;;;;1;;;;;;;0;1;;;
06/06/2020;01:27:00;28;sem vítima;422,949;BR-262/MG;Leste;Saida de Pista;;;;;;;;;;1;1;;;;
06/06/2020;03:32:00;38;sem vítima;128;BR-060/GO;Norte;Queda de Moto;;;;1;;;;;;;2;;;;
06/06/2020;08:30:00;137;sem vítima;511,75;BR-262/MG;Oeste;Capotamento;1;;;;;1;;;;;3;;;;
06/06/2020;08:55:00;149;sem vítima;538,312;BR-153/GO;Sul;Colisão Lateral;1;;1;;;;;;;;2;;;;
06/06/2020;09:43:00;180;sem vítima;6;BR-153/MG;Sul;Capotamento;1;;;;;;;;;;2;;;;
06/06/2020;10:34:00;212;com vítima;38,609;BR-060/GO;Norte;Capotamento;1;;;;;;;;;;0;1;;;
06/06/2020;11:44:00;261;sem vítima;107,787;BR-060/GO;Norte;Colisão Lateral;1;;1;;;;;;;;3;;;;
06/06/2020;14:52:00;360;com vítima;412,5;BR-262/MG;Oeste;Colisão Frontal;;;1;;;;;;;1;1;;;1;
06/06/2020;17:02:00;422;sem vítima;491;BR-153/GO;Norte;Colisão Lateral;;;;1;;;;;;1;4;;;;
06/06/2020;17:35:00;431;sem vítima;217,8;BR-153/MG;Norte;Capotamento;1;;;;;;;;;;3;;;;
06/06/2020;17:52:00;437;sem vítima;533,374;BR-153/GO;Sul;Capotamento;;;;;;;;;;1;1;;;;
06/06/2020;18:41:00;448;sem vítima;514;BR-153/GO;Norte;Colisão Transversal;2;;;;;;;;;;2;;;;
07/06/2020;03:00:00;31;sem vítima;99,5;BR-153/MG;Sul;Capotamento;1;;;;;;;;;;1;;;;
07/06/2020;07:40:00;115;sem vítima;787;BR-262/MG;Oeste;Choque - Elemento de Drenagem;;;;;;;;;;1;1;;;;
07/06/2020;09:58:00;220;com vítima;7;BR-060/DF;Sul;Colisão Traseira;2;;;;;;;;;;2;;1;;
07/06/2020;10:32:00;248;com vítima;25,3;BR-060/GO;Norte;Colisão Traseira;1;;;2;;;;;;;2;1;;;1
07/06/2020;11:04:00;276;sem vítima;6,5;BR-060/DF;Sul;Engavetamento;3;;;;;;;;;;3;;;;
07/06/2020;11:20:00;289;com vítima;636;BR-153/GO;Norte;Queda de Moto;;;;1;;;;;;;0;2;;;
07/06/2020;18:27:00;516;sem vítima;690;BR-262/MG;Oeste;Colisão Traseira;2;;;;;;;;;;5;;;;
07/06/2020;18:41:00;523;sem vítima;16;BR-060/DF;Norte;Colisão Lateral;;;;1;;1;;;;;2;;;;
07/06/2020;19:28:00;550;com vítima;15;BR-060/DF;Norte;Colisão Traseira;1;;;1;;;;;;;1;;1;;
07/06/2020;21:09:00;591;com vítima;368;BR-262/MG;Leste;Capotamento;;;;;;;;;;1;0;;1;;
07/06/2020;22:15:00;615;com vítima;504;BR-153/GO;Sul;Queda de Moto;;;;1;;;;;;;0;;1;;
08/06/2020;00:02:00;1;sem vítima;552;BR-262/MG;Oeste;Choque - Elemento de Drenagem;;;1;;;;;;;;1;;;;
08/06/2020;00:47:00;9;sem vítima;431;BR-262/MG;Oeste;Choque - Barreira;1;;;;;;;;;;2;;;;
08/06/2020;02:16:00;29;com vítima;4,66;BR-153/MG;Norte;Colisão Traseira;;1;1;;;;;;;;3;;;;1
08/06/2020;04:47:00;41;com vítima;802,2;BR-262/MG;Oeste;Choque - Veiculo parado na pista;;;;;;1;;;;1;2;1;1;;
08/06/2020;07:50:00;129;com vítima;423,747;BR-262/MG;Oeste;Choque - Elemento de Drenagem;;;;1;;;;;;;0;1;;;
08/06/2020;07:59:00;131;com vítima;512,8;BR-153/GO;Sul;Queda de Moto;;;;1;;;;;;;0;;1;;
08/06/2020;09:00:00;174;sem vítima;532,178;BR-153/GO;Sul;Choque - Defensa;1;;;;;;;;;;1;;;;
08/06/2020;10:06:00;226;com vítima;554;BR-153/GO;Norte;Saida de Pista;1;;;;;;;;;;0;2;;;
08/06/2020;11:01:00;260;sem vítima;521;BR-153/GO;Sul;Colisão Lateral;1;;;;;1;;;;1;5;;;;
08/06/2020;11:51:00;299;com vítima;507,8;BR-153/GO;Sul;Colisão Traseira;2;;;;;;;;;;1;1;;;
08/06/2020;15:55:00;452;sem vítima;359;BR-262/MG;Leste;Choque- Poste/Equipamento;1;;;;;;;;;;1;;;;
08/06/2020;17:01:00;490;com vítima;379,745;BR-262/MG;Leste;Capotamento;1;;;;;;;;;;1;;1;;
08/06/2020;17:07:00;493;sem vítima;501,85;BR-153/GO;Sul;Engavetamento;3;;;;;;;;;;4;;;;
08/06/2020;17:35:00;516;sem vítima;602;BR-153/GO;Sul;Colisão Traseira;;;1;;;;;;;1;3;;;;
08/06/2020;18:23:00;537;sem vítima;500;BR-153/GO;Sul;Engavetamento;2;;;;;2;;;;;4;;;;
08/06/2020;19:42:00;570;sem vítima;497;BR-153/GO;Sul;Colisão Traseira;1;;1;;;;;;;;2;;;;
08/06/2020;21:18:00;604;com vítima;32;BR-060/GO;Norte;Atropelamento - Sem Informação;1;;;;;;;;;;1;;;1;
09/06/2020;03:17:00;34;sem vítima;599,001;BR-262/MG;Leste;Tombamento;;;1;;;;;;;;1;;;;
09/06/2020;04:35:00;49;sem vítima;415,73;BR-262/MG;Leste;Saida de Pista;1;;;;;;;;;;1;;;;
09/06/2020;06:32:00;69;sem vítima;547;BR-153/GO;Sul;Tombamento;;;1;;;;;;;;1;;;;
09/06/2020;08:09:00;125;sem vítima;667,227;BR-153/GO;Sul;Tombamento;;;1;;;;;;;;1;;;;
09/06/2020;09:04:00;175;sem vítima;3;BR-060/DF;Sul;Colisão Traseira;2;;;;;;;;;;2;;;;
09/06/2020;11:08:00;255;sem vítima;581,952;BR-262/MG;Oeste;Tombamento;;;1;;;;;;;;1;;;;
09/06/2020;17:09:00;427;sem vítima;353;BR-262/MG;Leste;Choque - Defensa;1;;;;;1;;;;;2;;;;
09/06/2020;18:39:00;476;sem vítima;17,3;BR-153/MG;Norte;Saida de Pista;1;;;;;;;;;;1;;;;
10/06/2020;01:55:00;25;com vítima;589,8;BR-153/GO;Sul;Saida de Pista;;;1;;;;;;;;0;;1;;1
10/06/2020;06:06:00;55;sem vítima;22,637;BR-060/DF;Sul;Saida de Pista;1;;;;;;;;;;1;;;;
10/06/2020;07:44:00;94;com vítima;101;BR-060/GO;Sul;Colisão Lateral;1;;;1;;;;;;;1;1;;;
10/06/2020;08:45:00;126;com vítima;693,92;BR-262/MG;Leste;Tombamento;;;1;;;;;;;;0;1;;;
10/06/2020;09:53:00;157;sem vítima;694,855;BR-262/MG;Oeste;Colisão Traseira;2;;;;;;;;;;2;;;;
10/06/2020;14:03:00;283;sem vítima;14,119;BR-060/GO;Norte;Capotamento;;;1;;;;;;;;1;;;;
10/06/2020;14:31:00;296;com vítima;410,9;BR-262/MG;Leste;Queda de Ciclista;;;;1;;;;;;;0;2;;;
10/06/2020;15:22:00;318;sem vítima;46;BR-153/MG;Sul;Saida de Pista;;;;;;;;;;1;1;;;;
10/06/2020;16:51:00;366;sem vítima;555;BR-262/MG;Oeste;Tombamento;;;1;;;;;;;;1;;;;
10/06/2020;18:43:00;416;com vítima;505;BR-153/GO;Sul;Colisão Traseira;1;;;1;;;;;;;1;1;;;
10/06/2020;18:50:00;419;sem vítima;165,788;BR-153/MG;Norte;Atropelamento de Animal;;;1;;;;;;;;1;;;;
10/06/2020;18:56:00;422;sem vítima;500;BR-153/GO;Sul;Colisão Traseira;1;;1;;;;;;;;2;;;;
10/06/2020;20:32:00;454;sem vítima;101;BR-060/GO;Sul;Colisão Traseira;1;;;1;;;;;;;2;;;;
10/06/2020;20:37:00;456;com vítima;478;BR-262/MG;Leste;Colisão Lateral;1;;;1;;;;;;;1;;1;;
10/06/2020;21:03:00;462;sem vítima;121;BR-060/GO;Norte;Capotamento;1;;;;;;;;;;1;;;;
10/06/2020;21:11:00;466;sem vítima;437;BR-262/MG;Leste;Colisão Traseira;1;;;1;;;;;;;2;;;;
11/06/2020;00:05:00;9;sem vítima;536;BR-262/MG;Leste;Atropelamento de Animal;1;;;;;;;;;;1;;;;
11/06/2020;04:55:00;48;com vítima;647;BR-153/GO;Norte;Colisão Lateral;1;;1;;;;;;;;1;;1;;
11/06/2020;06:22:00;54;com vítima;510,438;BR-153/GO;Norte;Atropelamento - Outros;;;1;1;;;;;;;1;;;;1
11/06/2020;09:52:00;179;com vítima;25;BR-060/GO;Sul;Queda de Ciclista;;1;;;;;;;;;0;2;;;
11/06/2020;10:13:00;194;sem vítima;13,671;BR-060/GO;Norte;Colisão Traseira;1;;2;;;;;;;;5;;;;
11/06/2020;10:36:00;215;sem vítima;23;BR-153/MG;Sul;Colisão Traseira;2;;;;;;;;;;5;;;;
11/06/2020;11:46:00;267;sem vítima;506,7;BR-153/GO;Norte;Capotamento;1;;;;;;;;;;1;;;;
11/06/2020;12:51:00;295;com vítima;498;BR-262/MG;Leste;Choque - Arvore;1;;;;;;;;;;0;;;;1
11/06/2020;12:52:00;297;com vítima;540,85;BR-153/GO;Norte;Colisão Lateral;1;;;1;;;;;;;3;;1;;
11/06/2020;13:24:00;310;sem vítima;562;BR-262/MG;Leste;Tombamento;;;1;;;;;;;;1;;;;
11/06/2020;16:10:00;397;sem vítima;726;BR-262/MG;Oeste;Colisão Lateral;1;;2;;;;;;;;3;;;;
11/06/2020;16:17:00;408;sem vítima;107;BR-060/GO;Norte;Colisão Traseira;2;;;;;;;;;;4;;;;
12/06/2020;07:22:00;96;sem vítima;115;BR-060/GO;Sul;Capotamento;2;;;;;;;;;;3;;;;
12/06/2020;07:45:00;119;com vítima;3;BR-060/DF;Norte;Colisão Traseira;2;;;1;;;;;;;5;1;;;
12/06/2020;10:26:00;254;sem vítima;42;BR-060/GO;Sul;Saida de Pista;1;;;;;;;;;;1;;;;
12/06/2020;12:17:00;334;sem vítima;114,5;BR-060/GO;Sul;Colisão Lateral;2;;;;;;;;;;2;;;;
12/06/2020;13:21:00;373;sem vítima;443;BR-262/MG;Oeste;Colisão Traseira;1;;;;1;;;;;;2;;;;
12/06/2020;14:19:00;414;sem vítima;632;BR-262/MG;Oeste;Colisão Lateral;1;;1;;;;;;;;2;;;;
12/06/2020;15:27:00;453;sem vítima;703;BR-262/MG;Oeste;Saida de Pista;;;1;;;;;;;;1;;;;
12/06/2020;17:48:00;521;com vítima;508,7;BR-153/GO;Norte;Tombamento;1;;1;;;;;;;;1;1;;;
12/06/2020;19:08:00;549;sem vítima;506,45;BR-153/GO;Sul;Choque - Outros;1;;;;;;;;;;1;;;;
12/06/2020;20:28:00;579;sem vítima;58;BR-153/MG;Sul;Colisão Traseira;;;1;;;1;;;;;2;;;;
12/06/2020;21:38:00;607;sem vítima;506,25;BR-153/GO;Sul;Choque - Defensa;1;;;;;;;;;;1;;;;
13/06/2020;00:38:00;16;com vítima;508,985;BR-153/GO;Sul;Queda de Moto;;;;1;;;;;;;1;;1;;
13/06/2020;03:39:00;35;sem vítima;419,7;BR-262/MG;Oeste;Capotamento;1;;;;;;;;;;1;;;;
13/06/2020;04:19:00;39;sem vítima;503,8;BR-153/GO;Sul;Choque - Outros;1;;;;;;;;;;1;;;;
13/06/2020;05:49:00;54;sem vítima;414;BR-262/MG;Leste;Colisão Lateral;;;2;;;;;;;;2;;;;
13/06/2020;06:32:00;62;sem vítima;32;BR-153/MG;Norte;Choque - Elemento de Drenagem;;;1;;;;;;;;1;;;;
13/06/2020;07:55:00;97;com vítima;459;BR-262/MG;Leste;Colisão Frontal;;;1;;;;;;;1;0;1;1;;
13/06/2020;08:37:00;119;sem vítima;362;BR-262/MG;Leste;Colisão Traseira;2;;;;;;;;;;2;;;;
13/06/2020;13:07:00;254;sem vítima;44,733;BR-060/GO;Sul;Colisão Traseira;1;;1;;;;;;;;3;;;;
13/06/2020;14:26:00;288;com vítima;514;BR-153/GO;Sul;Colisão Lateral;1;1;;;;;;;;;1;1;;;
13/06/2020;15:03:00;302;com vítima;495,533;BR-153/GO;Norte;Atropelamento - Andarilho;1;;;;;;;;;;2;;;;1
13/06/2020;16:58:00;339;com vítima;96,24;BR-060/GO;Sul;Colisão Transversal;3;;;;;;;;;;4;2;;;
13/06/2020;18:59:00;383;com vítima;505;BR-153/GO;Sul;Queda de Moto;;;;1;;;;;;;0;;1;;
13/06/2020;19:07:00;385;sem vítima;602;BR-262/MG;Leste;Saida de Pista;1;;;;;1;;;;;3;;;;
13/06/2020;19:21:00;392;com vítima;354;BR-262/MG;Oeste;Capotamento;1;;;;;;;;;;1;;2;;1
13/06/2020;19:51:00;402;com vítima;493;BR-153/GO;Norte;Queda de Ciclista;;;;1;;;;;;;0;1;;;
13/06/2020;20:47:00;414;sem vítima;443;BR-262/MG;Oeste;Queda de Ponte/Viaduto;1;;;;;;;;;;3;;;;
13/06/2020;22:32:00;452;sem vítima;449;BR-262/MG;Oeste;Queda de Moto;;;;1;;;;;;;1;;;;
13/06/2020;22:52:00;458;com vítima;401;BR-262/MG;Leste;Colisão Traseira;1;;;1;;;;;;;1;;;1;
14/06/2020;02:17:00;20;com vítima;503;BR-153/GO;Norte;Queda de Ciclista;;;;1;;;;;;;1;1;;;
14/06/2020;06:10:00;43;sem vítima;246;BR-153/MG;Sul;Choque - Elemento de Drenagem;1;;;;;;;;;;2;;;;
14/06/2020;07:30:00;65;sem vítima;635;BR-262/MG;Leste;Saida de Pista;1;;;;;;;;;;1;;;;
14/06/2020;10:01:00;144;com vítima;800,95;BR-262/MG;Leste;Queda de Moto;;;;1;;;;;;;0;2;;;
14/06/2020;11:39:00;193;com vítima;587,15;BR-262/MG;Oeste;Colisão Lateral;1;;1;;;;;;;;1;;1;;
14/06/2020;13:05:00;228;sem vítima;13;BR-153/MG;Norte;Saida de Pista;;;1;;;;;;;;1;;;;
14/06/2020;15:47:00;280;sem vítima;380,85;BR-262/MG;Oeste;Capotamento;1;;;;;;;;;;2;;;;
14/06/2020;16:06:00;290;com vítima;508;BR-153/GO;Norte;Queda de Moto;;;;1;;;;;;;1;1;;;
14/06/2020;17:20:00;322;com vítima;644,4;BR-153/GO;Norte;Atropelamento - Usuário;1;;;;;;;;;;1;;;;1
14/06/2020;18:23:00;356;sem vítima;499;BR-153/GO;Sul;Colisão Traseira;1;;;1;;;;;;;3;;;;
14/06/2020;18:31:00;358;sem vítima;9;BR-060/DF;Norte;Colisão Traseira;2;;;;;;;;;;5;;;;
15/06/2020;07:23:00;86;com vítima;801;BR-262/MG;Leste;Atropelamento - Ciclista;1;1;;;;;;;;;2;;;1;
15/06/2020;07:36:00;100;com vítima;25,8;BR-060/GO;Norte;Choque - Outros;2;;1;;;;;;;;5;1;1;;
15/06/2020;07:38:00;102;sem vítima;116;BR-060/GO;Norte;Colisão Traseira;1;;;;;1;;;;;2;;;;
15/06/2020;07:39:00;103;com vítima;369;BR-262/MG;Oeste;Queda de Moto;;;;1;;;;;;;0;1;;;
15/06/2020;07:46:00;110;com vítima;477;BR-262/MG;Leste;Queda de Moto;1;;;1;;;;;;;1;;1;;
15/06/2020;08:08:00;130;com vítima;503,8;BR-153/GO;Norte;Queda de Moto;;;;1;;;;;;;0;2;;;
15/06/2020;09:30:00;203;sem vítima;364;BR-262/MG;Leste;Colisão Traseira;2;;;;;;;;;;4;;;;
15/06/2020;09:48:00;221;sem vítima;126;BR-060/GO;Sul;Queda de Moto;;;;1;;;;;;;2;;;;
15/06/2020;14:23:00;397;sem vítima;30;BR-060/DF;Norte;Colisão Traseira;;;2;;;;;;;;2;;;;
15/06/2020;17:24:00;483;com vítima;31;BR-060/GO;Norte;Atropelamento - Morador;1;;;;;;;;;;1;1;;;
15/06/2020;18:19:00;521;sem vítima;500;BR-153/GO;Sul;Colisão Traseira;1;;;;;1;;;;;2;;;;
15/06/2020;20:42:00;573;sem vítima;117,5;BR-153/MG;Norte;Capotamento;;;;;;1;;;;1;2;;;;
15/06/2020;22:04:00;602;sem vítima;591;BR-153/GO;Sul;Saida de Pista;1;;;;;;;;;;1;;;;
15/06/2020;22:51:00;615;com vítima;811,5;BR-262/MG;Oeste;Queda de Moto;;;;1;;;;;;;0;1;;;
16/06/2020;15:41:00;496;com vítima;82,5;BR-153/MG;Norte;Colisão Traseira;;;3;;;1;;;;;3;1;;;
16/06/2020;19:34:00;617;sem vítima;18;BR-060/DF;Sul;Colisão Traseira;1;;;;;1;;;;;5;;;;
16/06/2020;23:41:00;717;sem vítima;23;BR-060/DF;Norte;Choque- Placa/Suporte Sinalização;;;;1;;;;;;;1;;;;
17/06/2020;03:24:00;25;sem vítima;10,2;BR-153/MG;Sul;Capotamento;1;;;;;;;;;;1;;;;
17/06/2020;08:49:00;137;com vítima;592,11;BR-262/MG;Oeste;Queda de Moto;;;;1;;;;;;;0;;1;;
17/06/2020;10:11:00;196;com vítima;498,364;BR-153/GO;Norte;Colisão Lateral;;;2;;;;;;;;1;;;1;
17/06/2020;11:03:00;227;com vítima;36;BR-060/GO;Sul;Capotamento;1;;;;;;;;;;0;1;1;;
17/06/2020;11:25:00;243;com vítima;380;BR-262/MG;Leste;Queda de Moto;;;;1;;;;;;;0;;1;;
17/06/2020;15:39:00;387;sem vítima;663,345;BR-153/GO;Sul;Colisão Traseira;;;2;;;;;;;;2;;;;
17/06/2020;18:11:00;456;com vítima;515;BR-153/GO;Sul;Colisão Lateral;;;;2;;;;;;;1;;1;;
17/06/2020;18:39:00;469;com vítima;811,6;BR-262/MG;Oeste;Queda de Moto;;;;1;;;;;;;0;1;;1;
17/06/2020;18:50:00;474;com vítima;136;BR-060/GO;Sul;Colisão Lateral;1;;;1;;;;;;;1;;1;;
18/06/2020;06:12:00;41;sem vítima;888,1;BR-262/MG;Leste;Choque - Defensa;1;;;;;;;;;;1;;;;
18/06/2020;07:59:00;81;com vítima;0,7;BR-060/DF;Sul;Queda de Moto;;;1;1;;;;;;;1;;;;1
18/06/2020;08:28:00;92;sem vítima;494,568;BR-153/GO;Norte;Colisão Lateral;2;;;;;;;;;;2;;;;
18/06/2020;10:34:00;156;com vítima;151,1;BR-153/MG;Norte;Colisão Traseira;1;;1;;;;;;;;1;1;1;;
18/06/2020;12:56:00;238;sem vítima;781;BR-262/MG;Oeste;Colisão Lateral;;;3;;;;;;;;3;;;;
18/06/2020;13:23:00;253;sem vítima;553;BR-153/GO;Norte;Colisão Traseira;1;;1;;;;;;;;2;;;;
18/06/2020;17:01:00;366;com vítima;448;BR-262/MG;Oeste;Capotamento;2;;;;;;;;;;1;;;1;
18/06/2020;18:16:00;402;sem vítima;803,4;BR-262/MG;Oeste;Colisão Traseira;1;;1;;;;;;;;2;;;;
18/06/2020;18:20:00;406;sem vítima;605;BR-153/GO;Sul;Atropelamento de Animal;1;;;;;;;;;;1;;;;
18/06/2020;19:38:00;430;sem vítima;94;BR-060/GO;Norte;Colisão Traseira;2;;;;;;;;;;2;;;;
19/06/2020;05:19:00;47;sem vítima;133;BR-060/GO;Norte;Choque - Veiculo parado no acostamento;1;;1;;;;;;;;2;;;;
19/06/2020;09:34:00;166;com vítima;817,9;BR-262/MG;Oeste;Colisão Traseira;1;;;1;;;;;;;2;1;;;
19/06/2020;10:42:00;222;sem vítima;617,5;BR-153/GO;Norte;Saida de Pista;1;;;;;;;;;;1;;;;
19/06/2020;11:21:00;243;sem vítima;495;BR-153/GO;Norte;Colisão Traseira;1;;1;;;;;;;;2;;;;
19/06/2020;15:58:00;399;com vítima;811;BR-262/MG;Leste;Colisão Lateral;;1;;1;;;;;;;1;1;;;
19/06/2020;19:21:00;518;sem vítima;363;BR-262/MG;Oeste;Colisão Traseira;2;;;;;;;;;;2;;;;
20/06/2020;02:20:00;24;sem vítima;96;BR-060/GO;Norte;Choque - Defensa;;;1;;;;;;;;1;;;;
20/06/2020;08:23:00;111;sem vítima;623;BR-262/MG;Leste;Tombamento;;;1;;;;;;;;1;;;;
20/06/2020;09:05:00;154;sem vítima;385;BR-262/MG;Oeste;Capotamento;1;;;;;;;;;;2;;;;
20/06/2020;10:26:00;237;sem vítima;380;BR-262/MG;Leste;Choque - Elemento de Drenagem;1;;;;;;;;;;1;;;;
20/06/2020;10:41:00;246;sem vítima;382;BR-262/MG;Leste;Choque - Barreira;1;;;;;;;;;;2;;;;
20/06/2020;12:30:00;307;com vítima;623;BR-153/GO;Norte;Capotamento;;;;;;;;;;1;0;;1;;
20/06/2020;13:06:00;330;com vítima;13;BR-060/GO;Norte;Colisão Traseira;;;1;;;;;;;1;1;;1;;
20/06/2020;13:13:00;334;com vítima;26;BR-060/DF;Norte;Queda de Ciclista;1;;;1;;;;;;;1;1;;;
20/06/2020;16:14:00;408;com vítima;792;BR-262/MG;Leste;Colisão Traseira;1;;;;;1;;;;1;3;1;2;;
20/06/2020;18:46:00;476;sem vítima;0,3;BR-060/GO;Sul;Choque- Placa/Suporte Sinalização;1;;;;;;;;;;2;;;;
20/06/2020;19:35:00;490;com vítima;92,22;BR-060/GO;Sul;Colisão Traseira;2;;;;;;;;;;2;1;1;;
20/06/2020;19:57:00;496;sem vítima;34,9;BR-060/GO;Norte;Atropelamento de Animal;;;;;;;;;;1;1;;;;
20/06/2020;20:04:00;499;sem vítima;363;BR-262/MG;Leste;Colisão Lateral;1;;1;;;;;;;;2;;;;
20/06/2020;20:49:00;519;sem vítima;562;BR-153/GO;Norte;Atropelamento de Animal;;;;;;;;;;1;1;;;;
21/06/2020;01:15:00;13;com vítima;7,287;BR-153/MG;Norte;Capotamento;1;;;;;;;;;;1;;;;1
21/06/2020;05:50:00;41;sem vítima;440,219;BR-262/MG;Leste;Capotamento;1;;;;;;;;;;1;;;;
21/06/2020;06:57:00;57;sem vítima;100,169;BR-060/GO;Sul;Choque- Placa/Suporte Sinalização;1;;;;;;;;;;1;;;;