data;horario;n_da_ocorrencia;tipo_de_ocorrencia;km;trecho;sentido;tipo_de_acidente;automovel;bicicleta;caminhao;moto;onibus;outros;tracao_animal;transporte_de_cargas_especiais;trator_maquinas;utilitarios;ilesos;levemente_feridos;moderadamente_feridos;gravemente_feridos;mortos
21/06/2020;08:16:00;88;sem vítima;516,689;BR-153/GO;Sul;Choque - Elemento de Drenagem;1;;;;;;;;;;1;;;;
21/06/2020;09:53:00;142;com vítima;368;BR-262/MG;Oeste;Queda de Ciclista;;2;;;;;;;;;1;1;;;
21/06/2020;11:58:00;211;com vítima;19,103;BR-060/DF;Norte;Capotamento;1;;;;;;;;;;0;;1;;
21/06/2020;12:12:00;225;sem vítima;369;BR-262/MG;Leste;Colisão Traseira;1;;;;;;;;;1;2;;;;
21/06/2020;16:59:00;327;com vítima;500,142;BR-153/GO;Sul;Colisão Lateral;1;;;1;;;;;;;1;;;1;
21/06/2020;17:09:00;329;com vítima;362,8;BR-262/MG;Leste;Colisão Traseira;1;;;;;;;;;1;1;;1;;
21/06/2020;18:56:00;384;sem vítima;815;BR-262/MG;Leste;Saida de Pista;1;;;;;;;;;;1;;;;
21/06/2020;20:25:00;421;com vítima;823;BR-262/MG;Leste;Atropelamento de Animal;1;;;;;;;;;;0;1;;;
21/06/2020;20:36:00;424;sem vítima;586;BR-153/GO;Norte;Colisão Traseira;;;2;;;;;;;;2;;;;
22/06/2020;01:38:00;8;com vítima;648;BR-153/GO;Sul;Choque - Outros;1;;;;;;;;;;0;1;;;
22/06/2020;11:38:00;250;sem vítima;434,95;BR-262/MG;Oeste;Capotamento;1;;;;;;;;;;3;;;;
22/06/2020;16:56:00;394;com vítima;412;BR-262/MG;Oeste;Choque - Veiculo parado na pista;;;1;1;;;;;;;1;1;;;
22/06/2020;17:02:00;397;com vítima;47,637;BR-060/GO;Sul;Queda de Moto;;;;1;;;;;;;0;1;;;
22/06/2020;19:45:00;454;sem vítima;510;BR-153/GO;Sul;Engavetamento;2;;;;;1;;;;;3;;;;
23/06/2020;01:26:00;22;sem vítima;135;BR-060/GO;Norte;Saida de Pista;1;;;;;;;;;;1;;;;
23/06/2020;07:41:00;107;com vítima;511;BR-153/GO;Sul;Engavetamento;2;;;1;;;;;;;2;1;;;
23/06/2020;08:12:00;131;sem vítima;899;BR-262/MG;Leste;Tombamento;;;1;;;;;;;;1;;;;
23/06/2020;08:18:00;137;sem vítima;512,8;BR-153/GO;Sul;Colisão Lateral;1;;1;;;;;;;;2;;;;
23/06/2020;12:03:00;278;sem vítima;34,8;BR-060/GO;Sul;Saida de Pista;1;;;;;;;;;;1;;;;
23/06/2020;18:12:00;482;com vítima;27,05;BR-153/MG;Norte;Colisão Lateral;;1;1;;;;;;;;1;;1;;
23/06/2020;21:15:00;541;sem vítima;557,2;BR-153/GO;Norte;Colisão Traseira;;;2;;;;;;;;2;;;;
23/06/2020;21:24:00;547;com vítima;79,9;BR-153/MG;Sul;Tombamento;;;1;;;;;;;;0;1;;;
23/06/2020;23:44:00;568;sem vítima;511;BR-153/GO;Sul;Colisão Traseira;1;;1;;;;;;;;2;;;;
24/06/2020;00:23:00;2;sem vítima;635;BR-262/MG;Leste;Saida de Pista;;;1;;;;;;;;1;;;;
24/06/2020;07:39:00;98;sem vítima;512;BR-153/GO;Sul;Colisão Traseira;2;;;;;;;;;;2;;;;
24/06/2020;10:01:00;203;com vítima;547,118;BR-262/MG;Oeste;Tombamento;;;1;;;;;;;;0;1;1;;
24/06/2020;11:57:00;278;sem vítima;506,6;BR-153/GO;Sul;Colisão Traseira;2;;;;;;;;;;3;;;;
24/06/2020;12:50:00;297;sem vítima;429;BR-262/MG;Leste;Choque - Defensa;1;;;;;;;;;;1;;;;
24/06/2020;15:20:00;372;sem vítima;182,5;BR-153/MG;Sul;Engavetamento;1;;2;;;;;;;;3;;;;
24/06/2020;17:10:00;414;com vítima;418;BR-262/MG;Oeste;Colisão Traseira;1;;;1;;;;;;;1;1;;;
24/06/2020;18:19:00;446;com vítima;355,9;BR-262/MG;Leste;Colisão Lateral;1;;1;;;;;;;;1;1;;;
24/06/2020;19:10:00;474;sem vítima;670;BR-153/GO;Norte;Choque - Elemento de Drenagem;1;;;;;;;;;;3;;;;
24/06/2020;19:13:00;475;com vítima;355,9;BR-262/MG;Oeste;Queda de Moto;;;;1;;;;;;;0;1;;;
24/06/2020;20:06:00;500;sem vítima;368,5;BR-262/MG;Oeste;Tombamento;;;1;;;;;;;;1;;;;
25/06/2020;07:38:00;74;sem vítima;583;BR-153/GO;Norte;Capotamento;1;;;;;;;;;;1;;;;
25/06/2020;07:50:00;81;com vítima;362;BR-262/MG;Leste;Colisão Traseira;1;;;1;;;;;;;1;;1;;
25/06/2020;08:38:00;119;sem vítima;497,8;BR-262/MG;Oeste;Colisão Traseira;;;2;;;;;;;;2;;;;
25/06/2020;10:06:00;170;com vítima;34,281;BR-153/MG;Sul;Saida de Pista;1;;;;;;;;;;0;2;;;
25/06/2020;12:23:00;247;sem vítima;52;BR-060/GO;Sul;Capotamento;;;1;;;;;;;;1;;;;
25/06/2020;14:40:00;305;sem vítima;92;BR-060/GO;Sul;Colisão Lateral;1;;1;;;;;;;;2;;;;
25/06/2020;15:30:00;331;sem vítima;442;BR-262/MG;Leste;Queda de Moto;;;;1;;;;;;;1;;;;
25/06/2020;16:42:00;366;com vítima;104,497;BR-060/GO;Norte;Capotamento;1;;1;;;;;;;;1;;1;;
25/06/2020;19:29:00;435;sem vítima;872;BR-262/MG;Oeste;Saida de Pista;;;1;;;;;;;;1;;;;
25/06/2020;19:39:00;437;sem vítima;7;BR-060/DF;Norte;Colisão Traseira;2;;;;;;;;;;2;;;;
25/06/2020;22:57:00;511;com vítima;47,8;BR-153/MG;Norte;Colisão Traseira;;;1;;;;;;;1;1;2;;;
25/06/2020;23:05:00;513;sem vítima;818,618;BR-262/MG;Oeste;Saida de Pista;;;1;;;;;;;;1;;;;
26/06/2020;00:24:00;4;com vítima;443,928;BR-262/MG;Oeste;Choque - Defensa;1;;;;;;;;;;0;1;;;
26/06/2020;10:31:00;186;com vítima;129,459;BR-060/GO;Sul;Capotamento;1;;;;;1;;;;;1;2;;;
26/06/2020;13:49:00;279;sem vítima;108,419;BR-060/GO;Norte;Colisão Lateral;1;;1;;;;;;;;2;;;;
26/06/2020;14:20:00;291;sem vítima;101,07;BR-060/GO;Sul;Colisão Lateral;1;;1;;;;;;;;2;;;;
26/06/2020;14:29:00;296;sem vítima;498,468;BR-153/GO;Norte;Engavetamento;2;;;1;;;;;;;3;;;;
26/06/2020;15:00:00;318;sem vítima;105,2;BR-060/GO;Sul;Colisão Traseira;;;2;;;;;;;;2;;;;
26/06/2020;15:01:00;320;com vítima;542;BR-153/GO;Sul;Choque - Talude;1;;;;;;;;;;1;1;;;
26/06/2020;15:22:00;331;com vítima;465,8;BR-262/MG;Leste;Colisão Traseira;1;;;;;;;;;1;1;2;;;
26/06/2020;19:08:00;439;sem vítima;510,8;BR-153/GO;Sul;Colisão Lateral;1;;1;;;;;;;;2;;;;
26/06/2020;21:25:00;498;sem vítima;100,4;BR-153/MG;Norte;Colisão Lateral;1;;;;;1;;;;;4;;;;
27/06/2020;08:43:00;166;com vítima;39,7;BR-153/MG;Norte;Capotamento;1;;;;;;;;;;1;1;1;;
27/06/2020;09:04:00;186;com vítima;575;BR-262/MG;Leste;Tombamento;;;1;;;;;;;;0;;1;;
27/06/2020;09:07:00;189;sem vítima;107;BR-060/GO;Sul;Engavetamento;3;;;;;;;;;;3;;;;
27/06/2020;09:40:00;218;com vítima;418;BR-262/MG;Leste;Capotamento;1;;;;;;;;;;0;;;1;
27/06/2020;09:41:00;219;sem vítima;108;BR-153/MG;Norte;Tombamento;;;1;;;;;;;;1;;;;
27/06/2020;10:25:00;242;sem vítima;109;BR-153/MG;Sul;Colisão Lateral;2;;;;;;;;;;2;;;;
27/06/2020;10:50:00;260;sem vítima;31;BR-060/GO;Sul;Saida de Pista;1;;;;;;;;;;1;;;;
27/06/2020;12:00:00;289;com vítima;21;BR-060/DF;Norte;Saida de Pista;1;;;;;;;;;;2;;1;;
27/06/2020;13:16:00;335;com vítima;634;BR-153/GO;Norte;Saida de Pista;;;;;;;;;;1;0;1;;;
27/06/2020;13:33:00;346;com vítima;421;BR-262/MG;Leste;Queda de Moto;;;;1;;;;;;;0;;2;;
27/06/2020;13:36:00;348;sem vítima;29;BR-153/MG;Norte;Capotamento;;;;;;;;;;1;1;;;;
27/06/2020;13:59:00;366;com vítima;46,747;BR-060/GO;Norte;Tombamento;;;1;;;;;;;;0;;;;1
27/06/2020;15:56:00;427;sem vítima;108;BR-153/MG;Sul;Capotamento;;;;;;;;;;1;1;;;;
27/06/2020;18:50:00;504;com vítima;101,523;BR-060/GO;Sul;Colisão Traseira;1;;;1;;;;;;;1;1;;;
27/06/2020;19:17:00;512;com vítima;366;BR-262/MG;Leste;Queda de Ciclista;;;;1;;;;;;;0;1;;;
27/06/2020;20:06:00;534;com vítima;441;BR-262/MG;Leste;Colisão Lateral;;;;1;;;;;;;1;1;;;
27/06/2020;21:37:00;561;com vítima;465;BR-262/MG;Leste;Saida de Pista;;;;;;;;;;1;0;1;;;
28/06/2020;01:33:00;16;sem vítima;583,2;BR-262/MG;Leste;Queda de Moto;;;;1;;;;;;;1;;;;
28/06/2020;02:43:00;24;sem vítima;380,6;BR-262/MG;Oeste;Saida de Pista;1;;;;;;;;;;5;;;;
28/06/2020;02:54:00;26;sem vítima;354;BR-262/MG;Leste;Choque - Barreira;;;1;;;;;;;;1;;;;
28/06/2020;06:26:00;47;sem vítima;79,2;BR-060/GO;Sul;Choque - Outros;1;;;;;;;;;;1;;;;
28/06/2020;10:09:00;162;sem vítima;4,5;BR-060/DF;Sul;Capotamento;1;;;;;;;;;;3;;;;
28/06/2020;10:22:00;171;sem vítima;23,2;BR-153/MG;Sul;Saida de Pista;1;;;;;;;;;;5;;;;
28/06/2020;10:53:00;189;com vítima;47,3;BR-060/GO;Norte;Engavetamento;5;;2;;;;;;;2;17;2;1;;
28/06/2020;11:42:00;210;com vítima;118;BR-060/GO;Norte;Colisão Lateral;1;;;1;;;;;;;1;;1;;
28/06/2020;12:08:00;225;com vítima;780;BR-262/MG;Oeste;Queda em Ribanceira;;;;;;;;;;1;2;1;;;
28/06/2020;17:28:00;357;com vítima;551,3;BR-153/GO;Sul;Queda de Moto;;;;1;;;;;;;0;;2;;
29/06/2020;06:12:00;41;sem vítima;46,727;BR-060/GO;Norte;Choque - Talude;1;;;;;;;;;;1;;;;
29/06/2020;08:34:00;102;sem vítima;503;BR-153/GO;Norte;Colisão Traseira;2;;;;;;;;;;2;;;;
29/06/2020;10:51:00;192;sem vítima;437,15;BR-262/MG;Leste;Colisão Traseira;1;;;;;1;;;;;5;;;;
29/06/2020;11:29:00;217;sem vítima;443;BR-262/MG;Leste;Choque - Talude;1;;;;;;;;;;1;;;;
29/06/2020;14:47:00;301;sem vítima;800;BR-262/MG;Oeste;Choque - Objeto sobre a pista;2;;1;;;;;;;;3;;;;
29/06/2020;15:31:00;326;sem vítima;491,337;BR-153/GO;Norte;Colisão Traseira;;;2;;;;;;;;2;;;;
29/06/2020;16:06:00;342;sem vítima;509;BR-153/GO;Sul;Colisão Lateral;1;;1;;;;;;;;2;;;;
29/06/2020;17:09:00;369;com vítima;398;BR-262/MG;Leste;Colisão Lateral;1;;;1;;;;;;;0;2;;;
29/06/2020;19:58:00;435;com vítima;359;BR-262/MG;Oeste;Queda de Ciclista;;;;1;;;;;;;0;1;1;;
30/06/2020;15:11:00;315;sem vítima;517,41;BR-153/GO;Sul;Choque - Talude;;;1;;;;;;;;1;;;;
30/06/2020;15:53:00;334;com vítima;41;BR-153/MG;Norte;Capotamento;1;;;;;;;;;;0;;;;1
30/06/2020;16:36:00;348;sem vítima;74,237;BR-060/GO;Sul;Choque - Talude;;;1;;;;;;;;1;;;;
30/06/2020;23:13:00;467;com vítima;500,109;BR-153/GO;Sul;Colisão Traseira;;;1;;;;;;;1;2;1;;;
01/04/2020;13:06:00;248;com vítima;583;BR-262/MG;Leste;Queda em Ribanceira;;;;;;;;;;1;0;2;2;;
01/04/2020;15:46:00;302;sem vítima;39;BR-153/MG;Norte;Capotamento;1;;;;;;;;;;1;;;;
01/04/2020;15:53:00;305;sem vítima;366;BR-262/MG;Oeste;Choque - Elemento de Drenagem;1;;;;;;;;;;1;;;;
01/04/2020;16:26:00;316;com vítima;99,5;BR-153/MG;Norte;Colisão Traseira;1;;;;;;;;;1;4;4;;;
01/04/2020;16:44:00;325;sem vítima;369;BR-262/MG;Oeste;Choque - Defensa;1;;;;;;;;;;1;;;;
01/04/2020;20:08:00;403;sem vítima;24;BR-060/DF;Norte;Queda de Ciclista;;1;;;;;;;;;1;;;;
01/04/2020;22:17:00;449;sem vítima;518;BR-262/MG;Oeste;Atropelamento de Animal;1;;;;;;;;;;1;;;;
02/04/2020;04:33:00;39;sem vítima;2,8;BR-153/MG;Norte;Saida de Pista;;;1;;;;;;;;1;;;;
02/04/2020;15:07:00;215;sem vítima;528,75;BR-153/GO;Sul;Saida de Pista;;;1;;;;;;;;1;;;;
02/04/2020;15:14:00;216;sem vítima;14,5;BR-060/GO;Norte;Colisão Traseira;1;;1;;;;;;;;2;;;;
02/04/2020;17:19:00;248;com vítima;83;BR-060/GO;Sul;Colisão Traseira;;;1;1;;;;;;;1;;;1;
02/04/2020;18:17:00;265;sem vítima;132;BR-060/GO;Norte;Saida de Pista;1;;;;;;;;;;5;;;;
02/04/2020;19:25:00;288;sem vítima;472;BR-262/MG;Oeste;Queda de Ciclista;;1;;;;;;;;;1;;;;
02/04/2020;19:44:00;294;sem vítima;129;BR-153/MG;Sul;Colisão Traseira;;;2;;;;;;;;2;;;;
03/04/2020;08:04:00;80;sem vítima;632;BR-262/MG;Oeste;Colisão Traseira;1;;;;;1;;;;;2;;;;
03/04/2020;08:20:00;87;sem vítima;696;BR-153/GO;Sul;Colisão Lateral;1;;;;1;;;;;;2;;;;
03/04/2020;12:19:00;223;com vítima;438;BR-262/MG;Oeste;Colisão Traseira;;;;;;;;;;1;0;1;;;
03/04/2020;12:35:00;228;sem vítima;102;BR-060/GO;Norte;Colisão Lateral;;;2;;;;;;;;2;;;;
03/04/2020;13:23:00;246;sem vítima;165;BR-153/MG;Norte;Colisão Lateral;2;;;;;;;;;;2;;;;
03/04/2020;13:48:00;259;com vítima;195,7;BR-153/MG;Sul;Colisão Traseira;;;1;1;;;;;;;1;1;;;
03/04/2020;14:32:00;271;sem vítima;610,6;BR-262/MG;Leste;Saida de Pista;;;1;;;;;;;;1;;;;
03/04/2020;14:43:00;279;sem vítima;610;BR-262/MG;Oeste;Tombamento;;;1;;;;;;;;1;;;;
03/04/2020;14:55:00;286;sem vítima;607;BR-262/MG;Oeste;Saida de Pista;1;;;;;;;;;;3;;;;
03/04/2020;15:26:00;297;sem vítima;627,801;BR-153/GO;Norte;Choque - Talude;1;;;;;;;;;;2;;;;
03/04/2020;15:53:00;307;com vítima;389;BR-262/MG;Oeste;Queda de Moto;;;;1;;;;;;;0;;1;;
03/04/2020;18:39:00;376;com vítima;494;BR-153/GO;Norte;Queda de Moto;;;;1;;;;;;;0;;1;;
03/04/2020;19:03:00;383;sem vítima;368;BR-262/MG;Leste;Colisão Lateral;;;1;1;;;;;;;2;;;;
03/04/2020;19:28:00;389;com vítima;95;BR-060/GO;Norte;Colisão Traseira;1;;;1;;;;;;;1;;1;;
03/04/2020;20:20:00;407;sem vítima;83;BR-060/GO;Norte;Tombamento;1;;;;;;;;;;1;;;;
03/04/2020;21:59:00;435;sem vítima;385;BR-262/MG;Oeste;Saida de Pista;1;;;;;;;;;;1;;;;
04/04/2020;02:14:00;19;sem vítima;510,5;BR-153/GO;Sul;Choque - Defensa;;;1;;;;;;;;2;;;;
04/04/2020;04:19:00;36;sem vítima;592,8;BR-262/MG;Oeste;Saida de Pista;;;1;;;;;;;;1;;;;
04/04/2020;06:18:00;45;sem vítima;0,607;BR-060/GO;Norte;Choque - Defensa;1;;;;;;;;;;1;;;;
04/04/2020;06:47:00;62;com vítima;22;BR-153/MG;Sul;Tombamento;;;1;;;;;;;;0;1;;;
04/04/2020;08:50:00;122;sem vítima;113,25;BR-060/GO;Norte;Capotamento;1;;;;;;;;;;1;;;;
04/04/2020;12:37:00;235;sem vítima;117,85;BR-060/GO;Norte;Saida de Pista;1;;;;;;;;;;4;;;;
04/04/2020;13:18:00;247;sem vítima;407;BR-262/MG;Oeste;Colisão Transversal;1;;1;;;;;;;;2;;;;
04/04/2020;15:05:00;286;sem vítima;663;BR-153/GO;Sul;Tombamento;;;;;;;;;;1;1;;;;
04/04/2020;19:46:00;389;sem vítima;505;BR-153/GO;Norte;Choque - Defensa;1;;;;;;;;;;1;;;;
04/04/2020;20:15:00;399;sem vítima;509;BR-153/GO;Sul;Choque - Defensa;1;;;;;;;;;;1;;;;
04/04/2020;21:26:00;418;com vítima;3;BR-060/DF;Sul;Capotamento;1;;;;;;;;;;0;1;;;
04/04/2020;22:57:00;438;sem vítima;495;BR-153/GO;Sul;Engavetamento;2;;;1;;;;;;;6;;;;
05/04/2020;00:21:00;6;com vítima;513;BR-153/GO;Norte;Queda de Moto;;;;1;;;;;;;0;1;;;
05/04/2020;03:13:00;37;sem vítima;44;BR-060/GO;Norte;Saida de Pista;1;;;;;;;;;;1;;;;
05/04/2020;08:53:00;129;com vítima;12,221;BR-060/GO;Norte;Queda de Moto;;;;1;;;;;;;0;;;;1
05/04/2020;11:11:00;197;sem vítima;14;BR-060/GO;Norte;Engavetamento;1;;4;;;;;;;;5;;;;
05/04/2020;14:56:00;258;sem vítima;858;BR-262/MG;Leste;Choque - Elemento de Drenagem;1;;;;;;;;;;1;;;;
05/04/2020;15:34:00;273;sem vítima;520,983;BR-153/GO;Sul;Choque - Elemento de Drenagem;1;;;;;;;;;;4;;;;
05/04/2020;16:35:00;300;sem vítima;453;BR-262/MG;Oeste;Choque - Talude;1;;;;;;;;;;1;;;;
05/04/2020;17:12:00;304;sem vítima;644,487;BR-153/GO;Norte;Colisão Lateral;1;;1;;;;;;;;5;;;;
05/04/2020;18:02:00;320;sem vítima;47;BR-153/MG;Norte;Tombamento;;;1;;;;;;;;2;;;;
05/04/2020;20:14:00;365;sem vítima;457;BR-262/MG;Leste;Atropelamento de Animal;1;;;;;;;;;;2;;;;
05/04/2020;22:08:00;399;sem vítima;0,7;BR-060/GO;Norte;Saida de Pista;1;;;;;;;;;;1;;;;
06/04/2020;00:28:00;10;sem vítima;657;BR-262/MG;Leste;Saida de Pista;1;;;;;;;;;;1;;;;
06/04/2020;01:45:00;27;sem vítima;51,1;BR-153/MG;Sul;Atropelamento de Animal;1;;;;;;;;;;1;;;;
06/04/2020;07:14:00;86;com vítima;547,18;BR-153/GO;Norte;Saida de Pista;1;;;;;;;;;;4;1;;;
06/04/2020;11:25:00;185;com vítima;478;BR-262/MG;Oeste;Capotamento;1;;;;;;;;;;0;1;;;
06/04/2020;15:29:00;265;sem vítima;516,564;BR-153/GO;Sul;Choque - Talude;1;;;;;1;;;;;3;;;;
06/04/2020;16:23:00;285;sem vítima;109,5;BR-060/GO;Norte;Choque - Arvore;;;1;;;;;;;;1;;;;
06/04/2020;16:44:00;295;sem vítima;555;BR-262/MG;Leste;Saida de Pista;1;;;;;;;;;;4;;;;
06/04/2020;17:35:00;313;sem vítima;114;BR-060/GO;Sul;Capotamento;;;1;;;;;;;;2;;;;
06/04/2020;18:11:00;330;sem vítima;113;BR-060/GO;Norte;Saida de Pista;;;1;;;;;;;;1;;;;
06/04/2020;19:48:00;365;com vítima;775;BR-262/MG;Oeste;Colisão Frontal;1;;1;;;;;;;;1;1;;;
06/04/2020;22:11:00;394;sem vítima;622,767;BR-153/GO;Norte;Saida de Pista;;;;;;;;;;1;1;;;;
07/04/2020;02:26:00;17;sem vítima;435;BR-262/MG;Leste;Choque - Submarino;1;;;;;;;;;;1;;;;
07/04/2020;07:21:00;100;com vítima;820,16;BR-262/MG;Oeste;Colisão Traseira;2;;;;;;;;;;0;2;;;
07/04/2020;09:31:00;147;com vítima;672,2;BR-153/GO;Norte;Choque - Elemento de Drenagem;;;1;;;;;;;;0;1;;;
07/04/2020;10:45:00;180;com vítima;1,5;BR-060/DF;Sul;Colisão Lateral;2;;;;;;;;;;1;1;;;
07/04/2020;10:59:00;188;com vítima;509;BR-153/GO;Norte;Colisão Traseira;;;1;1;;;;;;;1;1;;;
07/04/2020;11:49:00;202;sem vítima;663,8;BR-153/GO;Norte;Choque - Elemento de Drenagem;1;;;;;;;;;;2;;;;
07/04/2020;12:55:00;218;sem vítima;665,234;BR-262/MG;Oeste;Tombamento;;;1;;;;;;;;1;;;;
07/04/2020;14:54:00;256;sem vítima;497,1;BR-153/GO;Norte;Choque - Defensa;;;1;;;;;;;;1;;;;
07/04/2020;15:57:00;271;com vítima;536;BR-153/GO;Sul;Queda de Moto;;;;1;;;;;;;0;1;;;
07/04/2020;16:06:00;277;sem vítima;594,5;BR-262/MG;Leste;Choque - Talude;1;;;;;;;;;;1;;;;
07/04/2020;16:34:00;285;sem vítima;126;BR-060/GO;Sul;Saida de Pista;;;;;1;;;;;;1;;;;
07/04/2020;16:39:00;287;com vítima;873,3;BR-262/MG;Oeste;Engavetamento;2;;;;;;;;;1;5;1;;;
07/04/2020;18:04:00;316;sem vítima;2;BR-060/GO;Norte;Saida de Pista;;;;;1;;;;;;1;;;;
08/04/2020;12:24:00;250;sem vítima;369;BR-262/MG;Oeste;Colisão Transversal;1;;1;;;;;;;;2;;;;
08/04/2020;16:55:00;352;sem vítima;388;BR-262/MG;Oeste;Choque - Defensa;1;;;;;;;;;;3;;;;
08/04/2020;17:30:00;362;com vítima;518,655;BR-153/GO;Sul;Capotamento;1;;;;;;;;;;4;;1;;
08/04/2020;18:04:00;375;sem vítima;4,2;BR-060/DF;Sul;Colisão Lateral;1;;1;;;;;;;;2;;;;
08/04/2020;18:23:00;382;sem vítima;106;BR-060/GO;Norte;Saida de Pista;1;;;;;;;;;;1;;;;
08/04/2020;19:50:00;415;sem vítima;648,4;BR-153/GO;Norte;Tombamento;;;1;;;;;;;;1;;;;
09/04/2020;03:03:00;29;com vítima;509,5;BR-262/MG;Leste;Tombamento;;;1;;;;;;;;1;1;;;
09/04/2020;07:04:00;64;sem vítima;18;BR-060/GO;Sul;Choque - Elemento de Drenagem;;;;;;;;;;1;1;;;;
09/04/2020;08:13:00;98;com vítima;137,35;BR-060/GO;Sul;Colisão Traseira;1;1;;;;;;;;;1;;;;1
09/04/2020;08:27:00;104;com vítima;466;BR-262/MG;Oeste;Colisão Transversal;2;;;;;;;;;;4;1;;;
09/04/2020;13:23:00;245;com vítima;485;BR-262/MG;Leste;Queda de Moto;;;;1;;;;;;;0;2;;;
09/04/2020;16:44:00;329;com vítima;508,647;BR-153/GO;Sul;Colisão Traseira;1;;;1;;;;;;;1;;1;;
09/04/2020;19:19:00;377;com vítima;32;BR-153/MG;Norte;Atropelamento - Morador;1;;;;;1;;;;;2;;;;1
09/04/2020;23:02:00;450;sem vítima;549;BR-262/MG;Leste;Saida de Pista;1;;;;;;;;;;2;;;;
10/04/2020;06:16:00;69;sem vítima;492;BR-153/GO;Sul;Choque - Defensa;1;;;;;;;;;;2;;;;
10/04/2020;10:48:00;167;sem vítima;575,364;BR-262/MG;Leste;Choque- Placa/Suporte Sinalização;1;;;;;;;;;;1;;;;
10/04/2020;11:33:00;188;sem vítima;12;BR-060/DF;Norte;Choque - Outros;2;;;;;;;;;;2;;;;
10/04/2020;16:02:00;275;sem vítima;547,3;BR-262/MG;Oeste;Choque - Elemento de Drenagem;1;;;;;;;;;;1;;;;
10/04/2020;17:53:00;314;com vítima;92;BR-060/GO;Sul;Colisão Traseira;2;;;;;;;;;;9;1;;;
11/04/2020;01:40:00;22;sem vítima;435;BR-262/MG;Oeste;Capotamento;1;;;;;;;;;;1;;;;
11/04/2020;02:14:00;27;sem vítima;660,85;BR-262/MG;Leste;Atropelamento de Animal;;;1;;;;;;;;1;;;;
11/04/2020;05:17:00;48;sem vítima;490;BR-153/GO;Norte;Queda de Ciclista;;;;1;;;;;;;1;;;;
11/04/2020;06:52:00;59;sem vítima;445,152;BR-262/MG;Oeste;Choque - Talude;1;;;;;;;;;;1;;;;
11/04/2020;08:10:00;95;sem vítima;380,2;BR-262/MG;Oeste;Capotamento;1;;;;;;;;;;1;;;;
11/04/2020;10:38:00;160;sem vítima;506,606;BR-153/GO;Norte;Capotamento;1;;;;;;;;;;3;;;;
11/04/2020;11:39:00;179;sem vítima;92;BR-060/GO;Sul;Atropelamento de Animal;1;;;;;;;;;;1;;;;
11/04/2020;21:20:00;377;com vítima;506;BR-262/MG;Oeste;Saida de Pista;;;;;;;;;;1;0;1;;;
12/04/2020;04:51:00;51;com vítima;97,058;BR-060/GO;Norte;Colisão Traseira;1;;;;;1;;;;;1;1;;;
12/04/2020;04:59:00;53;sem vítima;811,633;BR-262/MG;Oeste;Saida de Pista;1;;;;;;;;;;1;;;;
12/04/2020;08:44:00;99;com vítima;5;BR-060/GO;Norte;Colisão Traseira;;;1;1;;;;;;;1;1;;;
12/04/2020;10:51:00;179;com vítima;503,9;BR-153/GO;Sul;Choque - Barreira;;;;1;;;;;;;0;;;;1
12/04/2020;10:56:00;183;sem vítima;7,272;BR-153/MG;Sul;Colisão Traseira;;;2;;;;;;;;2;;;;
12/04/2020;11:43:00;220;com vítima;553,55;BR-262/MG;Leste;Capotamento;;;1;;;;;;;;0;;;;1
12/04/2020;13:47:00;265;com vítima;32,5;BR-060/GO;Sul;Colisão Traseira;1;;;1;;;;;;;1;1;;;
12/04/2020;17:02:00;334;com vítima;504;BR-153/GO;Sul;Queda de Ciclista;;1;;;;;;;;;0;1;;;
12/04/2020;19:00:00;380;com vítima;803;BR-262/MG;Leste;Queda de Ciclista;;1;;;;;;;;;0;1;;;
12/04/2020;20:06:00;409;sem vítima;7,272;BR-153/MG;Norte;Choque - Elemento de Drenagem;1;;;;;;;;;;1;;;;
12/04/2020;20:52:00;429;sem vítima;53;BR-060/GO;Norte;Atropelamento de Animal;1;;;;;;;;;;4;;;;
12/04/2020;22:50:00;468;sem vítima;366;BR-262/MG;Leste;Saida de Pista;1;;;;;;;;;;2;;;;
13/04/2020;01:37:00;16;sem vítima;19;BR-060/GO;Sul;Saida de Pista;1;;;;;;;;;;1;;;;
13/04/2020;11:01:00;233;com vítima;4,279;BR-060/GO;Norte;Choque - Talude;;;;1;;;;;;;0;;;;1
13/04/2020;18:35:00;376;sem vítima;9;BR-060/DF;Sul;Saida de Pista;;;1;;;;;;;;2;;;;
13/04/2020;19:01:00;385;sem vítima;630;BR-262/MG;Oeste;Saida de Pista;1;;;;;;;;;;2;;;;
13/04/2020;21:05:00;424;com vítima;499;BR-153/GO;Sul;Colisão Traseira;;;1;1;;;;;;;1;1;;;
13/04/2020;22:48:00;450;com vítima;394;BR-262/MG;Oeste;Atropelamento - Usuário;;;;;;1;;;;;1;;1;;
13/04/2020;23:08:00;453;com vítima;444;BR-262/MG;Oeste;Choque - Veiculo parado no acostamento;1;;1;;;;;;;;1;2;;;
13/04/2020;23:20:00;455;sem vítima;10;BR-153/MG;Norte;Saida de Pista;1;;;;;;;;;;1;;;;
13/04/2020;23:35:00;456;sem vítima;121,573;BR-060/GO;Sul;Saida de Pista;1;;;;;;;;;;1;;;;
14/04/2020;06:58:00;56;com vítima;57;BR-153/MG;Sul;Tombamento;;;1;;;;;;;;1;1;;;
14/04/2020;12:47:00;211;sem vítima;172,406;BR-153/MG;Sul;Choque- Placa/Suporte Sinalização;;;;;;;;;;1;2;;;;
14/04/2020;15:45:00;261;sem vítima;737;BR-262/MG;Oeste;Choque - Cabine de Pedágio;;;1;;;;;;;;1;;;;
14/04/2020;16:03:00;267;sem vítima;28,565;BR-060/DF;Norte;Saida de Pista;;;;;;;;;;1;1;;;;