data;horario;n_da_ocorrencia;tipo_de_ocorrencia;km;trecho;sentido;tipo_de_acidente;automovel;bicicleta;caminhao;moto;onibus;outros;tracao_animal;transporte_de_cargas_especiais;trator_maquinas;utilitarios;ilesos;levemente_feridos;moderadamente_feridos;gravemente_feridos;mortos
14/04/2020;16:24:00;278;sem vítima;607;BR-262/MG;Leste;Choque - Elemento de Drenagem;1;;;;;;;;;;1;;;;
14/04/2020;16:43:00;285;sem vítima;594;BR-262/MG;Leste;Tombamento;;;1;;;;;;;;2;;;;
14/04/2020;17:20:00;300;sem vítima;398;BR-262/MG;Oeste;Capotamento;1;;;;;;;;;;1;;;;
14/04/2020;18:14:00;323;sem vítima;46,593;BR-060/GO;Norte;Saida de Pista;;;1;;;;;;;;2;;;;
15/04/2020;07:19:00;64;sem vítima;389;BR-262/MG;Leste;Colisão Traseira;1;;1;;;;;;;;2;;;;
15/04/2020;08:16:00;85;sem vítima;521,23;BR-153/GO;Norte;Colisão Transversal;1;;1;;;;;;;;2;;;;
15/04/2020;10:40:00;157;com vítima;514;BR-153/GO;Norte;Colisão Traseira;;;1;1;;;;;;;1;1;;;
15/04/2020;13:37:00;216;sem vítima;577,6;BR-262/MG;Oeste;Engavetamento;1;;2;;;;;;;;3;;;;
15/04/2020;16:16:00;275;sem vítima;4,6;BR-060/DF;Sul;Choque - Arvore;1;;1;;;;;;;;2;;;;
15/04/2020;19:30:00;340;sem vítima;658;BR-262/MG;Oeste;Queda de Moto;;;;1;;;;;;;1;;;;
15/04/2020;19:30:00;341;sem vítima;193,678;BR-153/MG;Sul;Colisão Traseira;;;2;;;;;;;;2;;;;
16/04/2020;09:32:00;117;com vítima;611,5;BR-262/MG;Oeste;Tombamento;;;1;;;;;;;;0;1;;;
16/04/2020;09:45:00;125;com vítima;518;BR-262/MG;Oeste;Colisão Traseira;1;;1;;;;;;;;2;1;;;
16/04/2020;10:28:00;142;sem vítima;554;BR-262/MG;Leste;Colisão Lateral;1;;1;;;;;;;;3;;;;
16/04/2020;16:11:00;278;sem vítima;796,5;BR-262/MG;Oeste;Choque - Objeto sobre a pista;;;;;;;;;;1;1;;;;
16/04/2020;16:20:00;282;com vítima;588;BR-153/GO;Sul;Saida de Pista;1;;;;;;;;;;1;1;;;
16/04/2020;20:38:00;366;sem vítima;365;BR-262/MG;Oeste;Atropelamento de Animal;;;1;;;;;;;;1;;;;
16/04/2020;21:41:00;384;sem vítima;444;BR-262/MG;Oeste;Colisão Traseira;;;1;1;;;;;;;2;;;;
17/04/2020;08:02:00;99;sem vítima;133,3;BR-060/GO;Norte;Queda de Moto;;;;1;;;;;;;1;;;;
17/04/2020;08:55:00;126;sem vítima;118;BR-060/GO;Norte;Colisão Transversal;1;;;;;;;;;1;2;;;;
17/04/2020;09:51:00;173;sem vítima;13;BR-060/GO;Norte;Colisão Traseira;1;;1;;;;;;;;2;;;;
17/04/2020;11:51:00;238;sem vítima;593;BR-262/MG;Oeste;Choque - Elemento de Drenagem;1;;;;;;;;;;1;;;;
17/04/2020;14:58:00;316;com vítima;92;BR-060/GO;Norte;Colisão Lateral;1;;;1;;;;;;;4;1;;;
17/04/2020;16:55:00;374;sem vítima;106;BR-060/GO;Norte;Saida de Pista;1;;;;;;;;;;1;;;;
17/04/2020;17:03:00;379;com vítima;401,5;BR-262/MG;Leste;Queda de Moto;;;;1;;;;;;;0;;1;;1
17/04/2020;19:31:00;423;com vítima;773;BR-262/MG;Leste;Colisão Lateral;;;1;;;;;;;1;1;;;1;
17/04/2020;19:35:00;425;sem vítima;246;BR-153/MG;Norte;Choque - Outros;1;;;;;;;;;;1;;;;
17/04/2020;19:44:00;434;com vítima;622;BR-262/MG;Leste;Saida de Pista;1;;;;;;;;;;0;;;1;
18/04/2020;06:22:00;36;sem vítima;368,963;BR-262/MG;Oeste;Queda de Moto;;;;1;;;;;;;2;;;;
18/04/2020;14:09:00;204;sem vítima;535;BR-153/GO;Sul;Saida de Pista;;;1;;;;;;;1;2;;;;
18/04/2020;15:19:00;234;com vítima;18,947;BR-060/DF;Norte;Capotamento;1;;;;;;;;;;0;;1;;
18/04/2020;17:05:00;272;sem vítima;101,233;BR-060/GO;Sul;Colisão Traseira;1;;1;;;;;;;;5;;;;
18/04/2020;17:46:00;284;com vítima;393,635;BR-262/MG;Oeste;Queda de Ciclista;;1;;;;;;;;;0;1;;;
18/04/2020;18:44:00;307;com vítima;94;BR-060/GO;Norte;Colisão Transversal;2;;1;;;;;;;;6;;1;;
18/04/2020;18:55:00;311;sem vítima;25;BR-153/MG;Sul;Capotamento;;;;;;;;;;1;1;;;;
18/04/2020;19:03:00;313;com vítima;791,3;BR-262/MG;Leste;Capotamento;1;;;;;;;;;;0;4;1;;1
18/04/2020;19:33:00;319;sem vítima;439,059;BR-262/MG;Oeste;Queda de Ciclista;;;;1;;;;;;;1;;;;
18/04/2020;21:08:00;337;com vítima;382;BR-262/MG;Oeste;Queda de Moto;;;;1;;;;;;;0;;;1;
18/04/2020;23:31:00;370;com vítima;524,052;BR-262/MG;Oeste;Saida de Pista;1;;;;;;;;;;0;2;;;
19/04/2020;06:22:00;34;com vítima;446,15;BR-262/MG;Oeste;Capotamento;;;;;;;;;;1;0;1;;;
19/04/2020;07:42:00;56;com vítima;440,05;BR-262/MG;Leste;Capotamento;1;;1;;;;;;;;4;1;;;
19/04/2020;08:35:00;80;sem vítima;18,325;BR-060/GO;Sul;Queda de Ciclista;;1;;;;;;;;;1;;;;
19/04/2020;08:53:00;90;sem vítima;491;BR-153/GO;Sul;Choque - Barreira;1;;;;;;;;;;2;;;;
19/04/2020;20:06:00;338;com vítima;1,05;BR-060/DF;Sul;Atropelamento - Morador;1;;;;;;;;;;1;;;;1
19/04/2020;20:18:00;339;sem vítima;44,5;BR-153/MG;Norte;Saida de Pista;;;1;;;;;;;;1;;;;
20/04/2020;00:27:00;4;sem vítima;487,4;BR-262/MG;Oeste;Carreta deu L;;;1;;;;;;;;1;;;;
20/04/2020;05:40:00;35;com vítima;514;BR-153/GO;Norte;Colisão Traseira;;;1;1;;;;;;;1;;1;;
20/04/2020;09:48:00;138;com vítima;12,759;BR-153/MG;Norte;Capotamento;;;2;;;;;;;;1;1;;;
20/04/2020;15:53:00;285;sem vítima;110,5;BR-060/GO;Sul;Capotamento;1;;;;;;;;;;1;;;;
20/04/2020;16:08:00;289;sem vítima;28;BR-060/DF;Norte;Choque - Talude;1;;;;;;;;;;1;;;;
20/04/2020;16:43:00;303;sem vítima;57;BR-060/GO;Sul;Choque - Defensa;1;;;;;;;;;;4;;;;
20/04/2020;20:46:00;388;sem vítima;210;BR-153/MG;Norte;Saida de Pista;1;;;;;;;;;;5;;;;
21/04/2020;02:07:00;17;sem vítima;353;BR-262/MG;Oeste;Atropelamento de Animal;;;1;;;;;;;;1;;;;
21/04/2020;04:58:00;28;com vítima;658,3;BR-262/MG;Leste;Capotamento;1;;;;;;;;;;1;;1;;
21/04/2020;07:08:00;53;sem vítima;0,845;BR-060/DF;Norte;Colisão Traseira;2;;;;;;;;;;4;;;;
21/04/2020;10:07:00;141;sem vítima;583,2;BR-262/MG;Leste;Tombamento;;;1;;;;;;;;1;;;;
21/04/2020;18:37:00;302;com vítima;508,605;BR-153/GO;Sul;Atropelamento - Morador;1;;;;;;;;;;3;1;;;
21/04/2020;20:03:00;342;sem vítima;442;BR-262/MG;Leste;Colisão Traseira;1;;;;;1;;;;;4;;;;
21/04/2020;20:57:00;361;sem vítima;19;BR-060/DF;Sul;Saida de Pista;1;;;;;;;;;;1;;;;
22/04/2020;05:16:00;33;sem vítima;365;BR-262/MG;Leste;Atropelamento de Animal;;;;1;;;;;;;1;;;;
22/04/2020;05:53:00;38;sem vítima;216,902;BR-153/MG;Norte;Choque - Arvore;1;;;;;;;;;;1;;;;
22/04/2020;19:08:00;422;sem vítima;521,367;BR-153/GO;Sul;Saida de Pista;1;;;;;;;;;;1;;;;
22/04/2020;21:07:00;448;sem vítima;608;BR-262/MG;Leste;Saida de Pista;1;;;;;;;;;;3;;;;
22/04/2020;21:36:00;462;sem vítima;555,5;BR-262/MG;Oeste;Tombamento;;;1;;;;;;;;1;;;;
22/04/2020;23:37:00;485;sem vítima;83;BR-060/GO;Sul;Saida de Pista;;;;;;;;;;1;3;;;;
23/04/2020;00:21:00;13;sem vítima;108,43;BR-060/GO;Norte;Colisão Traseira;;;2;;;;;;;;2;;;;
23/04/2020;05:43:00;47;com vítima;155,3;BR-153/MG;Sul;Tombamento;;;;;1;;;;;;1;9;2;;
23/04/2020;07:35:00;69;sem vítima;693;BR-262/MG;Oeste;Colisão Traseira;;;2;;;;;;;;2;;;;
23/04/2020;11:26:00;216;sem vítima;52,355;BR-060/GO;Sul;Choque - Talude;1;;;;;;;;;;1;;;;
23/04/2020;14:38:00;286;com vítima;16,96;BR-060/DF;Norte;Engavetamento;2;;1;;;;;;;;2;;;;1
23/04/2020;14:41:00;287;sem vítima;878;BR-262/MG;Leste;Colisão Frontal;;;1;;;1;;;;;2;;;;
23/04/2020;16:54:00;344;com vítima;498,7;BR-153/GO;Sul;Colisão Traseira;2;;;;;;;;;;1;1;;;
23/04/2020;17:02:00;350;sem vítima;536;BR-153/GO;Norte;Colisão Traseira;1;;1;;;;;;;;4;;;;
23/04/2020;20:12:00;410;com vítima;505;BR-153/GO;Norte;Queda de Moto;;;;1;;;;;;;0;2;;;
24/04/2020;07:02:00;70;com vítima;496,588;BR-153/GO;Sul;Queda de Moto;;;;1;;;;;;;0;1;;;
24/04/2020;07:36:00;83;com vítima;93,784;BR-060/GO;Norte;Queda de Ciclista;;1;;;;;;;;;0;1;;;
24/04/2020;08:52:00;125;com vítima;506,823;BR-153/GO;Sul;Queda de Moto;;;;1;;;;;;;0;1;;;
24/04/2020;11:43:00;203;com vítima;529,861;BR-153/GO;Sul;Colisão Lateral;;;;1;;;;;;1;1;1;;;
24/04/2020;19:40:00;396;sem vítima;482;BR-262/MG;Leste;Atropelamento de Animal;1;;;;;;;;;;1;;;;
24/04/2020;20:32:00;421;sem vítima;355;BR-262/MG;Leste;Atropelamento de Animal;1;;;;;;;;;;1;;;;
24/04/2020;20:37:00;423;com vítima;520;BR-153/GO;Norte;Queda de Ciclista;;1;;;;;;;;;0;;1;;
24/04/2020;21:57:00;446;sem vítima;390;BR-262/MG;Leste;Saida de Pista;1;;;;;;;;;;1;;;;
24/04/2020;22:13:00;451;sem vítima;491,019;BR-153/GO;Sul;Choque- Placa/Suporte Sinalização;1;;;;;;;;;;1;;;;
25/04/2020;00:08:00;2;sem vítima;494,4;BR-262/MG;Leste;Saida de Pista;;;1;;;;;;;;1;;;;
25/04/2020;00:32:00;7;sem vítima;474;BR-262/MG;Leste;Colisão Transversal;1;;1;;;;;;;;2;;;;
25/04/2020;01:17:00;11;sem vítima;447;BR-262/MG;Leste;Capotamento;1;;;;;;;;;;1;;;;
25/04/2020;04:56:00;38;sem vítima;2,1;BR-060/DF;Sul;Saida de Pista;1;;;;;;;;;;2;;;;
25/04/2020;06:36:00;53;sem vítima;663,3;BR-262/MG;Leste;Tombamento;;;1;;;;;;;;1;;;;
25/04/2020;08:54:00;141;sem vítima;396;BR-262/MG;Leste;Saida de Pista;1;;;;;;;;;;2;;;;
25/04/2020;15:46:00;311;sem vítima;15,222;BR-060/GO;Norte;Queda de Moto;;;;1;;;;;;;2;;;;
25/04/2020;20:30:00;421;sem vítima;44,267;BR-153/MG;Sul;Saida de Pista;;;1;;;1;;;;;2;;;;
25/04/2020;20:40:00;425;sem vítima;446,8;BR-262/MG;Oeste;Colisão Lateral;1;;;1;;;;;;;2;;;;
25/04/2020;21:32:00;435;sem vítima;450,5;BR-262/MG;Leste;Saida de Pista;1;;;;;;;;;;1;;;;
25/04/2020;22:26:00;457;sem vítima;47;BR-060/GO;Sul;Tombamento;;;1;;;;;;;;1;;;;
26/04/2020;01:35:00;15;sem vítima;450,5;BR-262/MG;Leste;;1;;;;;;;;;;1;;;;
26/04/2020;03:23:00;30;sem vítima;11,3;BR-060/DF;Norte;Saida de Pista;1;;;;;;;;;;2;;;;
26/04/2020;04:05:00;38;sem vítima;43;BR-060/GO;Sul;Choque - Cabine de Pedágio;1;;;;;;;;;;1;;;;
26/04/2020;06:31:00;57;sem vítima;359,3;BR-262/MG;Leste;Choque- Poste/Equipamento;1;;;;;;;;;;2;;;;
26/04/2020;06:42:00;59;sem vítima;509,565;BR-153/GO;Sul;Capotamento;1;;;;;;;;;;1;;;;
26/04/2020;10:02:00;148;sem vítima;502,7;BR-262/MG;Leste;Saida de Pista;1;;;;;1;;;;1;3;;;;
26/04/2020;22:42:00;407;com vítima;31;BR-060/DF;Norte;Colisão Traseira;1;;1;;;;;;;;1;2;;;
26/04/2020;22:50:00;409;com vítima;506;BR-153/GO;Norte;Queda de Ciclista;;;;1;;;;;;;0;1;1;;
27/04/2020;06:58:00;68;sem vítima;353,232;BR-262/MG;Leste;Colisão Lateral;1;;1;;;;;;;;2;;;;
27/04/2020;07:05:00;70;com vítima;100,717;BR-060/GO;Norte;Colisão Frontal;1;;;1;;;;;;;1;1;;;
27/04/2020;10:35:00;174;com vítima;502,008;BR-153/GO;Sul;Colisão Lateral;;;1;1;;;;;;;1;;1;;
27/04/2020;12:20:00;221;sem vítima;426,5;BR-262/MG;Oeste;Choque - Defensa;;;1;;;;;;;;3;;;;
27/04/2020;18:08:00;356;sem vítima;812;BR-262/MG;Oeste;Capotamento;;;;;;;;;;1;1;;;;
28/04/2020;06:30:00;46;sem vítima;425,337;BR-262/MG;Oeste;Saida de Pista;1;;;;;;;;;;2;;;;
28/04/2020;06:55:00;58;com vítima;2,5;BR-060/DF;Norte;Choque - Veiculo parado no acostamento;1;;;1;;;;;;;1;1;;;
28/04/2020;07:43:00;85;sem vítima;354;BR-262/MG;Leste;Colisão Traseira;;;1;1;;;;;;;2;;;;
28/04/2020;07:54:00;90;sem vítima;631;BR-262/MG;Leste;Colisão Lateral;1;;1;;;;;;;;3;;;;
28/04/2020;10:08:00;177;com vítima;423;BR-262/MG;Oeste;Colisão Lateral;;;1;1;;;;;;;1;;;1;
28/04/2020;10:57:00;205;sem vítima;70,1;BR-060/GO;Norte;Tombamento;;;1;;;;;;;;2;;;;
28/04/2020;12:53:00;251;sem vítima;449;BR-262/MG;Oeste;Colisão Traseira;2;;;;;;;;;;2;;;;
28/04/2020;15:49:00;319;sem vítima;2,885;BR-060/DF;Sul;Colisão Traseira;1;;;1;;;;;;;3;;;;
28/04/2020;18:10:00;370;com vítima;445,5;BR-262/MG;Leste;Colisão Traseira;1;2;;;;;;;;;1;2;;;
28/04/2020;18:52:00;384;sem vítima;59;BR-060/GO;Norte;Atropelamento de Animal;;;1;;;;;;;;2;;;;
28/04/2020;19:17:00;389;sem vítima;792;BR-262/MG;Oeste;Saida de Pista;;;1;;;;;;;;1;;;;
28/04/2020;20:12:00;413;sem vítima;441;BR-262/MG;Oeste;Colisão Transversal;1;;;;;;;;1;;4;;;;
28/04/2020;23:17:00;464;sem vítima;64;BR-060/GO;Norte;;;;1;;;;;;;;1;;;;
29/04/2020;01:07:00;14;com vítima;506,447;BR-153/GO;Sul;Colisão Traseira;2;;;;;;;;;;1;1;;;
29/04/2020;05:12:00;50;sem vítima;534;BR-153/GO;Norte;Atropelamento de Animal;;;;;;;;;;1;1;;;;
29/04/2020;05:18:00;53;sem vítima;76;BR-153/MG;Sul;Choque - Elemento de Drenagem;1;;;;;;;;;;1;;;;
29/04/2020;07:07:00;83;sem vítima;0;BR-060/GO;Sul;Colisão Traseira;;;2;;;;;;;;2;;;;
29/04/2020;09:34:00;149;sem vítima;437,4;BR-262/MG;Oeste;Choque - Elemento de Drenagem;1;;;;;;;;;;1;;;;
29/04/2020;15:05:00;266;sem vítima;58,25;BR-060/GO;Norte;Capotamento;;;;;;;;;;1;1;;;;
29/04/2020;22:38:00;413;com vítima;515,917;BR-153/GO;Norte;Atropelamento - Usuário;;;;;;1;;;;;1;;;;1
30/04/2020;02:20:00;18;com vítima;646;BR-262/MG;Oeste;Tombamento;;;1;;;;;;;;0;1;;;
30/04/2020;06:45:00;54;com vítima;9;BR-060/DF;Norte;Colisão Traseira;1;;1;;;;;;;;2;;;2;
30/04/2020;07:25:00;85;sem vítima;9;BR-060/DF;Norte;Colisão Traseira;1;;;1;;;;;;;2;;;;
30/04/2020;07:25:00;86;com vítima;9;BR-060/DF;Norte;Queda de Moto;;;;1;;;;;;;0;1;;;
30/04/2020;08:32:00;125;com vítima;440,8;BR-262/MG;Oeste;Tombamento;1;;;;;;;;;;1;1;;;
30/04/2020;11:55:00;245;com vítima;558,352;BR-262/MG;Oeste;Tombamento;;;1;;;;;;;;2;;1;;
30/04/2020;15:27:00;342;sem vítima;493;BR-153/GO;Sul;Queda de Ciclista;1;;;1;;;;;;;2;;;;
30/04/2020;17:32:00;405;com vítima;511;BR-153/GO;Sul;Queda de Moto;;;;1;;;;;;;1;1;;;
01/02/2020;05:23:00;70;sem vítima;99;BR-060/GO;Sul;Colisão Traseira;1;;1;;;;;;;;2;;;;
01/02/2020;06:30:00;77;sem vítima;84,75;BR-060/GO;Norte;Capotamento;1;;;;;;;;;;1;;;;
01/02/2020;07:34:00;97;com vítima;16,65;BR-060/DF;Sul;Queda de Moto;;;;1;;;;;;;0;2;;;
01/02/2020;10:19:00;206;sem vítima;501;BR-262/MG;Leste;Colisão Frontal;;;2;;;;;;;;2;;;;
01/02/2020;12:27:00;270;com vítima;73;BR-060/GO;Norte;Choque - Defensa;1;;;;;;;;;;0;1;1;;
01/02/2020;13:21:00;294;sem vítima;579,3;BR-262/MG;Leste;Tombamento;;;1;;;;;;;;1;;;;
01/02/2020;14:27:00;311;sem vítima;549;BR-262/MG;Leste;Choque - Elemento de Drenagem;1;;;;;;;;;;4;;;;
01/02/2020;14:47:00;317;com vítima;452;BR-262/MG;Oeste;Atropelamento - Usuário;1;;;;;;1;;;;1;1;;;
01/02/2020;14:55:00;322;com vítima;552,25;BR-153/GO;Sul;Capotamento;1;;;;;;;;;;0;1;;;
01/02/2020;16:13:00;349;sem vítima;703;BR-153/GO;Sul;Saida de Pista;;;1;;;;;;;;1;;;;
01/02/2020;16:57:00;371;sem vítima;362;BR-262/MG;Oeste;Choque - Elemento de Drenagem;1;;;;;;;;;;1;;;;
01/02/2020;17:56:00;394;com vítima;813;BR-262/MG;Oeste;Choque - Barreira;1;;;;;;;;;;0;1;;;
01/02/2020;18:30:00;404;com vítima;403;BR-262/MG;Leste;Choque - Veiculo parado no acostamento;;;;1;;;;;;1;1;1;;;
01/02/2020;20:53:00;469;com vítima;802,9;BR-262/MG;Oeste;Queda de Moto;;;;1;;;;;;;0;1;;;
02/02/2020;01:17:00;11;sem vítima;662,56;BR-153/GO;Norte;Tombamento;;;1;;;;;;;;1;;;;
02/02/2020;01:18:00;12;sem vítima;43;BR-060/GO;Norte;Choque - Elemento de Drenagem;1;;;;;;;;;;1;;;;
02/02/2020;02:15:00;21;sem vítima;491,82;BR-153/GO;Norte;Choque - Defensa;1;;;;;;;;;;1;;;;
02/02/2020;04:04:00;31;com vítima;4,5;BR-060/DF;Norte;Queda de Moto;;;;1;;;;;;;0;1;;;
02/02/2020;05:39:00;46;com vítima;130,8;BR-060/GO;Norte;Colisão Traseira;1;;;1;;;;;;;1;;1;;
02/02/2020;06:12:00;52;sem vítima;368;BR-262/MG;Oeste;Capotamento;1;;;;;;;;;;1;;;;
02/02/2020;06:43:00;60;sem vítima;108,8;BR-060/GO;Sul;Saida de Pista;1;;;;;;;;;;1;;;;
02/02/2020;12:33:00;224;com vítima;93;BR-060/GO;Sul;Choque - Barreira;;;;1;;;;;;;0;;1;1;
02/02/2020;14:44:00;273;sem vítima;437;BR-262/MG;Oeste;Choque - Defensa;1;;;;;;;;;;1;;;;
02/02/2020;15:25:00;296;sem vítima;594;BR-262/MG;Leste;Choque- Poste/Equipamento;;;1;;;;;;;;2;;;;
02/02/2020;15:43:00;301;com vítima;757;BR-262/MG;Leste;Colisão Lateral;2;;;;;;;;;;3;2;;;
02/02/2020;16:32:00;331;sem vítima;225,676;BR-153/MG;Norte;Choque - Veiculo parado na pista;2;;;;;;;;;;3;;;;
02/02/2020;18:13:00;370;sem vítima;47,169;BR-153/MG;Sul;Capotamento;1;;;;;;;;;;1;;;;
02/02/2020;18:32:00;382;com vítima;810,133;BR-262/MG;Oeste;Queda de Moto;;;;1;;;;;;;0;1;;;
02/02/2020;19:05:00;399;sem vítima;82;BR-060/GO;Norte;Saida de Pista;1;;;;;;;;;;1;;;;
02/02/2020;19:14:00;409;com vítima;874,3;BR-262/MG;Oeste;Queda de Moto;;;;1;;;;;;;0;2;;;
02/02/2020;20:17:00;435;com vítima;27;BR-060/GO;Sul;Saida de Pista;1;;;;;;;;;;0;1;;;
02/02/2020;20:34:00;441;sem vítima;700,08;BR-153/GO;Sul;Choque - Barreira;1;;;;;;;;;;3;;;;
02/02/2020;21:05:00;453;sem vítima;493;BR-153/GO;Norte;Objeto lançado contra veículo;1;;1;;;;;;;;4;;;;
02/02/2020;21:10:00;455;com vítima;665,64;BR-153/GO;Norte;Capotamento;;;;;;;;;;1;0;;1;;
02/02/2020;22:44:00;488;com vítima;811,147;BR-262/MG;Leste;Atropelamento - Outros;1;;;1;;;;;;;1;;1;;
03/02/2020;03:37:00;47;sem vítima;28,093;BR-153/MG;Norte;Choque- Placa/Suporte Sinalização;;;;;1;;;;;;14;;;;
03/02/2020;05:35:00;59;com vítima;494;BR-153/GO;Sul;Atropelamento - Andarilho;;;;1;;;;;;;1;1;;;
03/02/2020;06:28:00;70;sem vítima;494;BR-153/GO;Sul;Colisão Traseira;1;;;1;;;;;;;2;;;;
03/02/2020;06:38:00;75;sem vítima;508;BR-153/GO;Norte;Engavetamento;1;;1;;;;;;;1;3;;;;
03/02/2020;06:45:00;80;sem vítima;188;BR-153/MG;Sul;Choque - Talude;1;;;;;;;;;;1;;;;
03/02/2020;07:57:00;107;sem vítima;501;BR-153/GO;Sul;Colisão Traseira;2;;;;;;;;;;2;;;;
03/02/2020;08:20:00;126;sem vítima;501;BR-153/GO;Sul;Colisão Traseira;1;;;;;1;;;;;2;;;;
03/02/2020;08:53:00;144;sem vítima;494,1;BR-153/GO;Norte;Engavetamento;2;;1;;;;;;;;4;;;;
03/02/2020;11:03:00;227;com vítima;115,759;BR-060/GO;Sul;Capotamento;2;;;;;;;;;;1;2;;;
03/02/2020;11:06:00;230;sem vítima;518;BR-153/GO;Norte;Queda de Moto;;;;1;;;;;;;1;;;;
03/02/2020;13:55:00;316;com vítima;508,745;BR-153/GO;Sul;Queda de Moto;;;;1;;;;;;;0;1;;;
03/02/2020;15:27:00;366;sem vítima;583,8;BR-262/MG;Oeste;Capotamento;1;;;;;;;;;;1;;;;
03/02/2020;16:07:00;382;com vítima;112,5;BR-153/MG;Norte;Colisão Transversal;2;;;;;;;;;;3;1;;;
03/02/2020;18:40:00;446;sem vítima;500;BR-153/GO;Sul;Colisão Traseira;1;;2;;;;;;;;3;;;;
03/02/2020;21:43:00;503;sem vítima;886,248;BR-262/MG;Oeste;Capotamento;1;;;;;;;;;;3;;;;
03/02/2020;22:33:00;510;com vítima;235,712;BR-153/MG;Norte;Tombamento;;;1;;;;;;;;0;1;;;
04/02/2020;07:24:00;70;sem vítima;521,63;BR-153/GO;Norte;Colisão Traseira;1;;1;;;;;;;;2;;;;
04/02/2020;09:46:00;166;sem vítima;107;BR-060/GO;Norte;Colisão Traseira;;;1;;;;;;;1;2;;;;
04/02/2020;11:44:00;240;sem vítima;60;BR-060/GO;Norte;Colisão Lateral;2;;;;;;;;;;2;;;;
04/02/2020;15:24:00;344;com vítima;365;BR-262/MG;Oeste;Colisão Traseira;;;;1;;1;;;;;2;;1;;
04/02/2020;16:41:00;386;com vítima;544,65;BR-153/GO;Sul;Capotamento;;;;;;;;;;1;1;1;;;
04/02/2020;17:33:00;414;sem vítima;508;BR-153/GO;Norte;Engavetamento;2;;;;;2;;;;;4;;;;
04/02/2020;17:50:00;420;sem vítima;500,8;BR-153/GO;Sul;Colisão Traseira;1;;;;;1;;;;;2;;;;
04/02/2020;18:38:00;451;sem vítima;94,8;BR-060/GO;Sul;Engavetamento;3;;;;;;;;;;3;;;;
04/02/2020;18:39:00;452;com vítima;6,872;BR-060/GO;Norte;Tombamento;;;1;;;;;;;;1;1;;;
04/02/2020;19:05:00;467;com vítima;103,345;BR-060/GO;Sul;Capotamento;1;;;;;;;;;;2;2;;;
04/02/2020;21:32:00;518;sem vítima;810;BR-262/MG;Leste;Choque - Elemento de Drenagem;1;;;;;;;;;;1;;;;
05/02/2020;02:00:00;33;sem vítima;172,621;BR-153/MG;Norte;Tombamento;;;1;;;;;;;;1;;;;
05/02/2020;03:58:00;53;sem vítima;365,5;BR-262/MG;Oeste;Atropelamento de Animal;;;;;;1;;;;;1;;;;
05/02/2020;05:49:00;77;sem vítima;555;BR-153/GO;Sul;Atropelamento de Animal;1;;;;;;;;;;1;;;;
05/02/2020;06:41:00;98;com vítima;387,8;BR-262/MG;Oeste;Tombamento;;;1;;;;;;;;0;1;;;
05/02/2020;06:48:00;100;com vítima;35,147;BR-153/MG;Norte;Tombamento;;;1;;;;;;;;0;;1;;
05/02/2020;10:31:00;246;sem vítima;1,3;BR-153/MG;Sul;Colisão Lateral;2;;;;;;;;;;10;;;;
05/02/2020;12:46:00;320;sem vítima;34;BR-153/MG;Sul;Saida de Pista;1;;;;;;;;;;1;;;;
05/02/2020;14:22:00;373;sem vítima;608;BR-262/MG;Oeste;Capotamento;1;;;;;;;;;;3;;;;
05/02/2020;14:47:00;389;com vítima;78;BR-153/MG;Sul;Choque - Talude;;;1;;;;;;;;0;;;1;
05/02/2020;16:39:00;440;sem vítima;515,3;BR-153/GO;Sul;Colisão Lateral;1;;1;;;;;;;;2;;;;
05/02/2020;17:25:00;460;sem vítima;174,1;BR-153/MG;Sul;Saida de Pista;;;1;;;;;;;;2;;;;
05/02/2020;17:57:00;473;sem vítima;111,9;BR-060/GO;Sul;Choque- Placa/Suporte Sinalização;;;1;;;;;;;;1;;;;
05/02/2020;18:20:00;485;sem vítima;230;BR-153/MG;Sul;Saida de Pista;;;;;;;;;;1;1;;;;
05/02/2020;18:56:00;503;sem vítima;95,5;BR-060/GO;Norte;Colisão Traseira;2;;;;;;;;;;2;;;;
05/02/2020;19:20:00;513;sem vítima;573;BR-262/MG;Leste;Saida de Pista;;;1;;;;;;;;1;;;;
05/02/2020;20:06:00;546;sem vítima;428;BR-262/MG;Oeste;Saida de Pista;1;;;;;;;;;;1;;;;
05/02/2020;23:05:00;593;sem vítima;367,5;BR-262/MG;Oeste;Saida de Pista;1;;;;;;;;;;1;;;;
06/02/2020;06:23:00;68;sem vítima;15,8;BR-060/GO;Norte;Choque - Defensa;1;;;;;;;;;;1;;;;
06/02/2020;06:36:00;73;com vítima;664,5;BR-153/GO;Norte;Colisão Traseira;1;;1;;;;;;;;1;;;;1
06/02/2020;07:08:00;85;sem vítima;500,5;BR-153/GO;Sul;Colisão Traseira;2;;;;;;;;;;2;;;;
06/02/2020;07:12:00;86;sem vítima;511,8;BR-153/GO;Norte;Colisão Traseira;1;;1;;1;;;;;;4;;;;
06/02/2020;07:22:00;91;sem vítima;500;BR-153/GO;Sul;Colisão Traseira;1;;;;;1;;;;;2;;;;
06/02/2020;07:29:00;95;com vítima;497;BR-153/GO;Sul;Colisão Traseira;1;;1;1;;;;;;;2;1;;;
06/02/2020;08:47:00;127;sem vítima;503;BR-153/GO;Norte;Engavetamento;3;;;;;;;;;;3;;;;
06/02/2020;08:56:00;136;com vítima;44,15;BR-153/MG;Sul;Saida de Pista;1;;;;;;;;;;1;1;;;
06/02/2020;11:33:00;225;sem vítima;582;BR-153/GO;Norte;Saida de Pista;1;;;;;;;;;;1;;;;