data;horario;n_da_ocorrencia;tipo_de_ocorrencia;km;trecho;sentido;tipo_de_acidente;automovel;bicicleta;caminhao;moto;onibus;outros;tracao_animal;transporte_de_cargas_especiais;trator_maquinas;utilitarios;ilesos;levemente_feridos;moderadamente_feridos;gravemente_feridos;mortos
06/02/2020;12:37:00;246;com vítima;41,2;BR-060/GO;Norte;Choque- Placa/Suporte Sinalização;;;;1;;;;;;;0;2;;;
06/02/2020;12:50:00;254;sem vítima;549;BR-262/MG;Leste;Colisão Traseira;1;;1;;;;;;;;3;;;;
06/02/2020;14:19:00;294;sem vítima;380;BR-262/MG;Leste;Choque - Talude;2;;;;;;;;;;2;;;;
06/02/2020;14:50:00;307;sem vítima;10,5;BR-060/DF;Sul;Tombamento;;;1;;;;;;;;1;;;;
06/02/2020;16:09:00;336;com vítima;387,5;BR-262/MG;Oeste;Colisão Traseira;;;1;;;;;;;1;2;;1;;
06/02/2020;16:16:00;340;sem vítima;549;BR-262/MG;Oeste;Carreta deu L;;;1;;;;;;;;1;;;;
06/02/2020;16:36:00;350;sem vítima;549;BR-262/MG;Leste;Colisão Traseira;1;;1;;;;;;;;2;;;;
06/02/2020;16:37:00;351;sem vítima;49;BR-153/MG;Sul;Choque - Arvore;;;1;;;1;;;;;2;;;;
06/02/2020;16:47:00;354;sem vítima;381;BR-262/MG;Leste;Choque - Elemento de Drenagem;1;;;;;;;;;;1;;;;
06/02/2020;17:44:00;376;com vítima;112;BR-060/GO;Norte;Colisão Traseira;1;;1;;;;;;;;1;1;;;
06/02/2020;18:13:00;385;sem vítima;226;BR-153/MG;Norte;Colisão Traseira;1;;1;;;;;;;;6;;;;
06/02/2020;18:32:00;396;com vítima;499;BR-153/GO;Sul;Colisão Lateral;1;;;1;;;;;;;0;2;;;
06/02/2020;18:36:00;397;sem vítima;83;BR-060/GO;Norte;Choque - Talude;1;;;;;;;;;;1;;;;
06/02/2020;18:44:00;404;sem vítima;51,5;BR-153/MG;Sul;Colisão Transversal;;;2;;;;;;;;2;;;;
06/02/2020;19:40:00;435;sem vítima;499;BR-153/GO;Sul;Engavetamento;3;;;;;;;;;;3;;;;
06/02/2020;19:43:00;438;sem vítima;134;BR-060/GO;Sul;Saida de Pista;1;;;;;;;;;;2;;;;
06/02/2020;19:57:00;444;sem vítima;126;BR-060/GO;Norte;Saida de Pista;1;;;;;;;;;;1;;;;
06/02/2020;20:34:00;457;sem vítima;522;BR-153/GO;Norte;Tombamento;1;;;;;;;;;;1;;;;
06/02/2020;22:23:00;491;sem vítima;18,802;BR-153/MG;Sul;Choque - Barreira;;;1;;;;;;;;1;;;;
06/02/2020;23:55:00;506;sem vítima;625;BR-262/MG;Leste;Choque - Elemento de Drenagem;;;1;;;;;;;;1;;;;
07/02/2020;03:04:00;49;sem vítima;22,656;BR-153/MG;Sul;Saida de Pista;;;1;;;;;;;;1;;;;
07/02/2020;03:33:00;52;sem vítima;557,5;BR-262/MG;Leste;Saida de Pista;;;;;;;;;;1;1;;;;
07/02/2020;04:45:00;55;sem vítima;580;BR-262/MG;Leste;Tombamento;;;;;1;;;;;;1;;;;
07/02/2020;05:40:00;65;sem vítima;603;BR-262/MG;Leste;Saida de Pista;;;1;;;;;;;;1;;;;
07/02/2020;06:01:00;72;com vítima;503,5;BR-153/GO;Norte;Queda de Moto;;;;1;;;;;;;0;1;;;
07/02/2020;06:34:00;83;sem vítima;568;BR-262/MG;Leste;Colisão Lateral;;;3;;;;;;;;3;;;;
07/02/2020;08:01:00;121;sem vítima;567;BR-262/MG;Leste;Saida de Pista;1;;;;;;;;;;1;;;;
07/02/2020;08:26:00;133;com vítima;507,014;BR-153/GO;Norte;Colisão Traseira;1;;;1;;;;;;;1;1;;;
07/02/2020;08:55:00;149;sem vítima;385;BR-262/MG;Leste;Saida de Pista;1;;;;;;;;;;1;;;;
07/02/2020;09:22:00;163;sem vítima;408;BR-262/MG;Leste;Colisão Traseira;1;;1;;;;;;;;3;;;;
07/02/2020;09:35:00;169;sem vítima;97;BR-060/GO;Sul;Colisão Traseira;2;;;;;;;;;;2;;;;
07/02/2020;09:51:00;175;sem vítima;507,1;BR-153/GO;Norte;Engavetamento;2;;1;;;;;;;;3;;;;
07/02/2020;15:46:00;325;sem vítima;626;BR-153/GO;Sul;Capotamento;1;;;;;;;;;;2;;;;
07/02/2020;16:45:00;359;sem vítima;632;BR-262/MG;Oeste;Saida de Pista;;;1;;;;;;;;1;;;;
07/02/2020;17:21:00;382;com vítima;96,694;BR-060/GO;Norte;Colisão Frontal;1;;1;;;;;;;;1;1;;;
07/02/2020;17:29:00;387;sem vítima;97,022;BR-060/GO;Sul;Colisão Lateral;1;;;1;;;;;;;2;;;;
07/02/2020;18:13:00;403;sem vítima;702;BR-153/GO;Norte;Saida de Pista;1;;;;;;;;;;2;;;;
07/02/2020;18:31:00;412;sem vítima;21;BR-153/MG;Norte;Engavetamento;2;;1;;;;;;;;3;;;;
07/02/2020;19:28:00;443;com vítima;499;BR-153/GO;Sul;Colisão Traseira;1;;;1;;;;;;;3;1;;;
07/02/2020;20:44:00;485;sem vítima;448;BR-262/MG;Leste;Colisão Frontal;2;;;;;;;;;;4;;;;
07/02/2020;22:26:00;517;sem vítima;651;BR-262/MG;Leste;Tombamento;;;1;;;;;;;;1;;;;
07/02/2020;23:22:00;527;sem vítima;497,399;BR-153/GO;Norte;Choque - Defensa;1;;;;;;;;;;1;;;;
07/02/2020;23:30:00;529;sem vítima;23;BR-153/MG;Norte;Saida de Pista;1;;;;;;;;;;2;;;;
08/02/2020;00:19:00;4;sem vítima;778,3;BR-262/MG;Oeste;Engavetamento;1;;1;;1;;;;;;51;;;;
08/02/2020;01:11:00;12;com vítima;548,1;BR-262/MG;Leste;Tombamento;;;1;;;;;;;;0;2;;;
08/02/2020;02:30:00;25;com vítima;506,883;BR-153/GO;Sul;Capotamento;1;;;;;;;;;;0;1;;;
08/02/2020;05:18:00;57;sem vítima;576,3;BR-153/GO;Sul;Tombamento;;;1;;;;;;;;1;;;;
08/02/2020;05:29:00;61;sem vítima;98,05;BR-060/GO;Sul;Saida de Pista;1;;;;;;;;;;1;;;;
08/02/2020;06:18:00;67;sem vítima;98,2;BR-060/GO;Sul;Queda de Ciclista;;;;1;;;;;;;1;;;;
08/02/2020;06:48:00;77;sem vítima;506;BR-153/GO;Sul;Saida de Pista;1;;;;;;;;;;1;;;;
08/02/2020;08:56:00;140;sem vítima;582;BR-262/MG;Leste;Saida de Pista;1;;;;;;;;;;2;;;;
08/02/2020;10:23:00;213;sem vítima;82;BR-060/GO;Norte;Capotamento;1;;;;;;;;;;2;;;;
08/02/2020;15:42:00;357;sem vítima;537;BR-262/MG;Leste;Colisão Traseira;1;;1;;;;;;;;4;;;;
08/02/2020;15:53:00;364;sem vítima;576;BR-153/GO;Sul;Engavetamento;3;;;;;;;;;;4;;;;
08/02/2020;19:57:00;478;com vítima;444,601;BR-262/MG;Leste;Colisão Traseira;3;;;1;;;;;;;3;;;;1
08/02/2020;20:16:00;497;sem vítima;0,9;BR-060/DF;Sul;Atropelamento - Usuário;2;;;;;;;;;1;4;;;;
08/02/2020;20:52:00;517;com vítima;499,157;BR-153/GO;Sul;Capotamento;1;;;;;;;;;;1;1;;;
08/02/2020;21:53:00;546;sem vítima;498,8;BR-153/GO;Sul;Colisão Lateral;1;;1;;;;;;;;2;;;;
08/02/2020;22:22:00;560;sem vítima;9;BR-060/DF;Norte;Queda de Moto;;;;1;;;;;;;1;;;;
09/02/2020;00:27:00;18;sem vítima;503;BR-153/GO;Sul;Colisão Traseira;1;;;1;;;;;;;4;;;;
09/02/2020;01:21:00;62;sem vítima;440,695;BR-262/MG;Leste;Atropelamento de Animal;1;;;;;;;;;;1;;;;
09/02/2020;06:22:00;115;com vítima;608;BR-262/MG;Leste;Capotamento;1;;;;;;;;;;2;2;;;
09/02/2020;11:47:00;302;com vítima;496,2;BR-153/GO;Norte;Queda de Ciclista;;;;1;;;;;;;1;;1;;
09/02/2020;11:59:00;303;com vítima;24,247;BR-153/MG;Sul;Tombamento;;;1;;;1;;;;;1;1;1;;
09/02/2020;15:03:00;391;sem vítima;799,9;BR-262/MG;Oeste;Choque - Defensa;;;1;;;;;;;;1;;;;
09/02/2020;16:40:00;436;com vítima;46,5;BR-060/GO;Norte;Capotamento;1;;;;;;;;;;1;3;1;;
09/02/2020;17:16:00;456;sem vítima;4;BR-060/DF;Sul;Colisão Lateral;2;;;;;;;;;;2;;;;
09/02/2020;17:57:00;484;sem vítima;100;BR-060/GO;Sul;Colisão Traseira;2;;;;;;;;;;2;;;;
09/02/2020;21:06:00;577;sem vítima;702;BR-153/GO;Norte;Saida de Pista;1;;;;;;;;;;1;;;;
09/02/2020;21:07:00;580;sem vítima;356,79;BR-262/MG;Leste;Choque - Veiculo parado no acostamento;;;2;;;;;;;;3;;;;
09/02/2020;22:13:00;602;com vítima;81;BR-060/GO;Norte;Capotamento;1;;;;;;;;;;1;1;;;
10/02/2020;07:10:00;104;com vítima;502,8;BR-153/GO;Norte;Engavetamento;5;;;;;;;;;;4;1;1;;
10/02/2020;07:39:00;117;com vítima;490,955;BR-153/GO;Norte;Queda de Moto;;;;1;;;;;;;0;;1;;
10/02/2020;08:12:00;129;sem vítima;649,85;BR-262/MG;Leste;Colisão Transversal;1;;1;;;;;;;;3;;;;
10/02/2020;09:12:00;156;sem vítima;21;BR-153/MG;Norte;Choque - Elemento de Drenagem;;;1;;;;;;;;1;;;;
10/02/2020;09:17:00;158;com vítima;127,3;BR-060/GO;Norte;Choque - Elemento de Drenagem;1;;;;;;;;;;0;1;;;
10/02/2020;10:44:00;203;sem vítima;520;BR-153/GO;Norte;Saida de Pista;1;;;;;;;;;;4;;;;
10/02/2020;11:36:00;223;sem vítima;501;BR-153/GO;Sul;Colisão Traseira;2;;;;;;;;;;5;;;;
10/02/2020;13:19:00;259;com vítima;627;BR-153/GO;Sul;Colisão Lateral;;;2;;;;;;;;1;1;;;
10/02/2020;15:37:00;312;sem vítima;364;BR-262/MG;Oeste;Colisão Traseira;1;;;;;;;;;1;2;;;;
10/02/2020;15:42:00;317;sem vítima;586;BR-262/MG;Oeste;Colisão Traseira;1;;1;;;;;;;;4;;;;
10/02/2020;16:14:00;330;com vítima;564;BR-153/GO;Sul;Choque - Talude;1;;;;;;;;;;1;3;;;
10/02/2020;16:39:00;340;sem vítima;642;BR-153/GO;Sul;Saida de Pista;1;;;;;;;;;;3;;;;
10/02/2020;17:15:00;348;sem vítima;577;BR-262/MG;Leste;Saida de Pista;;;1;;;1;;;;;3;;;;
10/02/2020;18:51:00;379;com vítima;493,59;BR-153/GO;Norte;Colisão Lateral;;;1;1;;;;;;;1;;1;;
10/02/2020;19:24:00;392;sem vítima;463;BR-262/MG;Oeste;Choque - Elemento de Drenagem;1;;;;;;;;;;1;;;;
10/02/2020;23:18:00;454;sem vítima;3;BR-060/DF;Norte;Colisão Lateral;1;;;1;;;;;;;2;;;;
10/02/2020;23:41:00;459;com vítima;128,54;BR-060/GO;Norte;Capotamento;1;;;;;;;;;;0;1;;;
11/02/2020;00:05:00;3;com vítima;541,088;BR-153/GO;Norte;Colisão Traseira;;;2;;;;;;;;1;3;;;
11/02/2020;01:01:00;15;sem vítima;125,458;BR-060/GO;Sul;Choque - Talude;;;1;;;;;;;;1;;;;
11/02/2020;01:48:00;21;sem vítima;380;BR-262/MG;Oeste;Saida de Pista;1;;;;;;;;;;1;;;;
11/02/2020;02:06:00;26;sem vítima;380;BR-262/MG;Oeste;;1;;;;;;;;;;1;;;;
11/02/2020;02:06:00;27;sem vítima;380;BR-262/MG;Oeste;;1;;;;;;;;;;1;;;;
11/02/2020;04:04:00;47;sem vítima;13,5;BR-153/MG;Sul;Saida de Pista;;;1;;;;;;;;1;;;;
11/02/2020;04:19:00;58;sem vítima;9;BR-153/MG;Sul;Atropelamento de Animal;;;1;;;;;;;;1;;;;
11/02/2020;05:21:00;64;sem vítima;4,15;BR-060/DF;Sul;Choque- Placa/Suporte Sinalização;;;;;;;;;;1;3;;;;
11/02/2020;05:27:00;66;sem vítima;368,4;BR-262/MG;Oeste;Atropelamento de Animal;;;;;1;;;;;;1;;;;
11/02/2020;07:50:00;112;sem vítima;502,2;BR-153/GO;Sul;Engavetamento;3;;;;;;;;;;3;;;;
11/02/2020;07:53:00;115;sem vítima;101;BR-060/GO;Sul;Colisão Traseira;1;;;;;;;;;1;3;;;;
11/02/2020;12:19:00;266;com vítima;369;BR-262/MG;Leste;Choque - Defensa;;;;;;;;;;1;1;1;;;
11/02/2020;12:36:00;274;sem vítima;608;BR-262/MG;Oeste;Saida de Pista;;;;;;;;;;1;1;;;;
11/02/2020;13:37:00;297;sem vítima;611;BR-262/MG;Leste;Saida de Pista;;;;;1;;;;;;1;;;;
11/02/2020;17:27:00;406;com vítima;500;BR-153/GO;Sul;Colisão Traseira;1;;;1;;;;;;;1;1;;;
11/02/2020;17:42:00;413;sem vítima;419;BR-262/MG;Oeste;Saida de Pista;1;;;;;;;;;;4;;;;
11/02/2020;22:40:00;508;com vítima;445;BR-262/MG;Leste;Choque - Defensa;1;;;;;;;;;;0;;1;;
12/02/2020;00:53:00;29;sem vítima;490;BR-262/MG;Oeste;Saida de Pista;;;;;;;;;;1;2;;;;
12/02/2020;08:23:00;149;com vítima;502,5;BR-153/GO;Norte;Engavetamento;3;;2;;;;;;;;5;1;;;
12/02/2020;09:26:00;194;com vítima;89,2;BR-060/GO;Sul;Capotamento;1;;;;;;;;;;0;1;;;
12/02/2020;10:47:00;259;sem vítima;192,399;BR-153/MG;Sul;Colisão Traseira;;;2;;;;;;;;2;;;;
12/02/2020;12:48:00;329;com vítima;760;BR-262/MG;Oeste;Choque - Arvore;1;;;;;;;;;;0;;;2;
12/02/2020;13:10:00;343;sem vítima;27;BR-060/DF;Norte;Choque - Elemento de Drenagem;1;;;;;;;;;;1;;;;
12/02/2020;14:45:00;383;sem vítima;113,5;BR-060/GO;Sul;Carreta deu L;;;1;;;;;;;;1;;;;
12/02/2020;15:54:00;417;sem vítima;113,3;BR-060/GO;Sul;Choque - Outros;;;1;;;;;;;;1;;;;
12/02/2020;19:52:00;547;sem vítima;109;BR-060/GO;Sul;Choque - Elemento de Drenagem;;;1;;;;;;;;2;;;;
12/02/2020;20:40:00;575;com vítima;363;BR-262/MG;Oeste;Colisão Traseira;;;1;1;;;;;;;1;1;;;
12/02/2020;20:43:00;579;com vítima;234;BR-153/MG;Sul;Queda de Moto;;;;1;;;;;;;0;2;;;
12/02/2020;21:24:00;597;sem vítima;57;BR-153/MG;Norte;Tombamento;;;1;;;;;;;;1;;;;
13/02/2020;03:58:00;45;sem vítima;560,2;BR-153/GO;Sul;Choque - Arvore;;;1;;;;;;;;2;;;;
13/02/2020;05:17:00;55;com vítima;217,337;BR-153/MG;Sul;Tombamento;;;1;;;;;;;;0;2;;;
13/02/2020;05:57:00;62;com vítima;137;BR-060/GO;Sul;Atropelamento de Animal;;;;1;;;;;;;0;;1;;
13/02/2020;06:51:00;74;com vítima;494;BR-153/GO;Norte;Colisão Traseira;1;;;1;;;;;;;2;1;;;
13/02/2020;07:16:00;83;sem vítima;388;BR-262/MG;Oeste;Choque - Elemento de Drenagem;1;;;;;;;;;;1;;;;
13/02/2020;08:37:00;139;sem vítima;598;BR-262/MG;Leste;Colisão Traseira;;;1;;;1;;;;;2;;;;
13/02/2020;09:05:00;171;com vítima;499;BR-153/GO;Norte;Capotamento;1;;;;;;;;;;0;;1;;
13/02/2020;13:34:00;420;com vítima;663;BR-262/MG;Oeste;Colisão Traseira;1;;1;;;;;;;;1;1;;;
13/02/2020;14:18:00;446;com vítima;25,6;BR-060/GO;Sul;Choque - Talude;;;;;;;;;;1;0;4;;;
13/02/2020;14:19:00;448;sem vítima;25,6;BR-060/GO;Norte;Choque - Objeto sobre a pista;1;;;;;;;;;;1;;;;
13/02/2020;14:54:00;468;sem vítima;367;BR-262/MG;Oeste;;1;;;;;;;;;1;2;;;;
13/02/2020;18:29:00;584;sem vítima;440,874;BR-262/MG;Leste;Choque - Defensa;1;;;;;;;;;;1;;;;
13/02/2020;20:40:00;667;sem vítima;128;BR-153/MG;Sul;Choque - Veiculo parado na pista;;;2;;;;;;;;3;;;;
14/02/2020;01:03:00;18;com vítima;113,74;BR-060/GO;Norte;Colisão Traseira;;;;1;;1;;;;;1;1;;;
14/02/2020;06:50:00;121;sem vítima;579;BR-153/GO;Sul;Capotamento;1;;;;;;;;;;1;;;;
14/02/2020;07:31:00;156;sem vítima;495;BR-153/GO;Sul;Engavetamento;3;;;;;;;;;;4;;;;
14/02/2020;10:00:00;236;sem vítima;699;BR-262/MG;Oeste;Engavetamento;;;4;;;;;;;;4;;;;
14/02/2020;12:18:00;312;sem vítima;499,4;BR-153/GO;Sul;Colisão Traseira;2;;;;;;;;;;2;;;;
14/02/2020;15:26:00;395;sem vítima;50,9;BR-060/GO;Sul;Choque - Elemento de Drenagem;1;;;;;;;;;;1;;;;
14/02/2020;15:48:00;407;sem vítima;26,1;BR-060/DF;Norte;Capotamento;;;;;;;;;;1;5;;;;
14/02/2020;16:12:00;419;com vítima;721,1;BR-262/MG;Leste;Capotamento;1;;;;;;;;;;0;1;;;
14/02/2020;17:42:00;452;sem vítima;501;BR-153/GO;Norte;Engavetamento;4;;;;;;;;;;4;;;;
14/02/2020;19:24:00;509;sem vítima;97,7;BR-060/GO;Sul;Colisão Lateral;2;;;;;;;;;;3;;;;
14/02/2020;20:28:00;543;sem vítima;530;BR-262/MG;Oeste;Saida de Pista;1;;;;;;;;;;2;;;;
14/02/2020;22:38:00;607;com vítima;504;BR-153/GO;Sul;Queda de Moto;;;;1;;;;;;;0;1;;;
14/02/2020;23:36:00;630;com vítima;401,4;BR-262/MG;Oeste;Queda de Moto;;;;1;;;;;;;0;;1;;
14/02/2020;23:57:00;641;sem vítima;55,424;BR-060/GO;Norte;Capotamento;1;;;;;;;;;;1;;;;
15/02/2020;05:16:00;97;com vítima;65,672;BR-060/GO;Sul;Saida de Pista;1;;;;;;;;;;1;;1;;
15/02/2020;08:53:00;168;sem vítima;383;BR-262/MG;Oeste;Capotamento;1;;;;;;;;;;3;;;;
15/02/2020;13:27:00;312;sem vítima;570;BR-262/MG;Oeste;Saida de Pista;1;;;;;;;;;;1;;;;
15/02/2020;14:13:00;331;com vítima;538;BR-153/GO;Sul;Capotamento;1;;;;;;;;;;0;1;;;
15/02/2020;15:19:00;360;sem vítima;387;BR-262/MG;Oeste;Capotamento;1;;;;;;;;;;2;;;;
15/02/2020;18:37:00;448;sem vítima;676,5;BR-262/MG;Oeste;Capotamento;1;;;;;;;;;;1;;;;
15/02/2020;19:53:00;476;com vítima;441,3;BR-262/MG;Leste;Atropelamento - Morador;1;;;;;;;;;;2;;;;1
15/02/2020;20:32:00;495;sem vítima;632;BR-262/MG;Oeste;Saida de Pista;1;;;;;;;;;;2;;;;
15/02/2020;20:39:00;497;sem vítima;382;BR-262/MG;Leste;Saida de Pista;1;;;;;;;;;;2;;;;
15/02/2020;20:50:00;501;sem vítima;100,241;BR-060/GO;Norte;Choque - Elemento de Drenagem;1;;;;;;;;;;1;;;;
15/02/2020;21:18:00;509;sem vítima;104,5;BR-060/GO;Sul;Choque - Elemento de Drenagem;1;;;;;;;;;;1;;;;
15/02/2020;23:06:00;539;com vítima;32,503;BR-060/GO;Norte;Atropelamento - Morador;1;;;;;;;;;;1;;;1;
15/02/2020;23:08:00;541;sem vítima;645,461;BR-153/GO;Norte;Atropelamento de Animal;1;;;;;;;;;;3;;;;
16/02/2020;00:27:00;8;sem vítima;497,378;BR-153/GO;Norte;Choque - Barreira;1;;;;;;;;;;1;;;;
16/02/2020;01:37:00;35;sem vítima;405,5;BR-262/MG;Oeste;Saida de Pista;1;;;;;;;;;;1;;;;
16/02/2020;03:10:00;56;sem vítima;4,425;BR-060/DF;Norte;Choque - Outros;1;;;;;1;;;;;2;;;;
16/02/2020;05:32:00;80;sem vítima;17;BR-153/MG;Norte;Saida de Pista;;;;;;;;;;1;2;;;;
16/02/2020;06:01:00;84;sem vítima;511;BR-153/GO;Sul;Choque - Outros;1;;;;;;;;;;1;;;;
16/02/2020;11:35:00;242;com vítima;747;BR-262/MG;Leste;Capotamento;1;;;;;;;;;;0;1;;;
16/02/2020;12:01:00;254;sem vítima;55;BR-153/MG;Sul;Saida de Pista;1;;;;;;;;;;1;;;;
16/02/2020;13:27:00;290;sem vítima;4;BR-060/GO;Sul;Choque - Arvore;1;;;;;;;;;;1;;;;
16/02/2020;13:35:00;298;sem vítima;643;BR-153/GO;Norte;Saida de Pista;1;;;;;;;;;;1;;;;
16/02/2020;14:05:00;309;sem vítima;13;BR-060/GO;Sul;Choque - Arvore;;;;;;;;;;1;1;;;;
16/02/2020;14:28:00;319;com vítima;49;BR-060/GO;Norte;Capotamento;1;;;;;;;;;;4;1;;1;
16/02/2020;15:02:00;331;com vítima;42;BR-060/GO;Sul;Choque - Defensa;1;;;;;;;;;;0;2;1;;
16/02/2020;16:24:00;376;sem vítima;10,42;BR-153/MG;Norte;Saida de Pista;1;;;;;;;;;;2;;;;
16/02/2020;17:24:00;413;sem vítima;463;BR-262/MG;Oeste;Saida de Pista;1;;;;;;;;;;2;;;;
16/02/2020;18:06:00;433;com vítima;802;BR-262/MG;Oeste;Queda de Ciclista;;;;1;;;;;;;0;1;;;
16/02/2020;18:09:00;437;com vítima;490;BR-262/MG;Oeste;Choque- Poste/Equipamento;1;;;;;;;;;;1;1;;;
16/02/2020;22:40:00;548;com vítima;44,1;BR-060/GO;Norte;Saida de Pista;1;;;;;;;;;;1;1;;;
17/02/2020;05:19:00;60;sem vítima;420;BR-262/MG;Oeste;Atropelamento de Animal;;;1;;;;;;;;1;;;;
17/02/2020;07:43:00;110;com vítima;506;BR-153/GO;Norte;Engavetamento;3;;1;1;;;;;;;4;2;;;
17/02/2020;11:53:00;286;com vítima;84;BR-060/GO;Norte;Capotamento;1;;;;;;;;;;0;1;2;;
17/02/2020;12:38:00;310;sem vítima;599;BR-153/GO;Norte;Capotamento;1;;;;;;;;;;2;;;;
17/02/2020;13:14:00;331;sem vítima;129;BR-060/GO;Norte;Choque - Defensa;1;;;;;;;;;;1;;;;
17/02/2020;13:46:00;349;sem vítima;125;BR-060/GO;Norte;Capotamento;1;;;;;;;;;;5;;;;
17/02/2020;14:13:00;361;sem vítima;147,4;BR-153/MG;Norte;Colisão Transversal;;;2;;;;;;;;2;;;;
17/02/2020;16:18:00;413;sem vítima;443;BR-262/MG;Oeste;Colisão Traseira;;;1;1;;;;;;;3;;;;
17/02/2020;17:14:00;442;sem vítima;547,5;BR-262/MG;Oeste;Capotamento;1;;;;;;;;;;1;;;;
17/02/2020;17:30:00;449;com vítima;96,655;BR-060/GO;Sul;Capotamento;2;;;;;;;;;;1;2;;;
17/02/2020;19:47:00;511;com vítima;500;BR-153/GO;Sul;Queda de Moto;;;;1;;;;;;;0;1;;;
17/02/2020;19:52:00;514;com vítima;836;BR-262/MG;Oeste;Colisão Traseira;1;;;;1;;;;;;5;1;;;
17/02/2020;20:22:00;525;sem vítima;512,9;BR-153/GO;Sul;Choque - Defensa;1;;1;;;;;;;;2;;;;
17/02/2020;20:50:00;531;sem vítima;693,9;BR-153/GO;Norte;Atropelamento de Animal;1;;;;;;;;;;1;;;;
17/02/2020;22:08:00;553;sem vítima;58,5;BR-153/MG;Norte;Saida de Pista;;;1;;;;;;;;1;;;;
17/02/2020;22:42:00;562;com vítima;174,167;BR-153/MG;Sul;Tombamento;;;1;;;;;;;;2;;1;;
18/02/2020;08:06:00;128;sem vítima;503,9;BR-153/GO;Norte;Engavetamento;2;;;;;;;;;1;6;;;;
18/02/2020;12:42:00;258;sem vítima;494,8;BR-153/GO;Norte;Colisão Traseira;2;;;;;;;;;;2;;;;
18/02/2020;13:37:00;278;sem vítima;667,1;BR-153/GO;Sul;Saida de Pista;1;;;;;;;;;;5;;;;
18/02/2020;15:10:00;310;com vítima;611;BR-262/MG;Oeste;Tombamento;;;1;;;;;;;;0;1;;;
18/02/2020;15:40:00;325;sem vítima;679,2;BR-262/MG;Leste;Colisão Traseira;1;;1;;;;;;;;2;;;;
18/02/2020;15:46:00;326;com vítima;24;BR-153/MG;Norte;Colisão Transversal;1;;1;;;;;;;;2;;1;;
18/02/2020;16:02:00;339;sem vítima;588;BR-153/GO;Norte;Saida de Pista;1;;;;;;;;;;2;;;;
18/02/2020;16:20:00;345;sem vítima;583;BR-262/MG;Leste;Saida de Pista;;;1;;;;;;;;3;;;;
19/02/2020;02:00:00;25;sem vítima;551;BR-153/GO;Norte;Colisão Traseira;;;1;;;;;;;;1;;;;
19/02/2020;05:30:00;65;sem vítima;570,9;BR-262/MG;Leste;Tombamento;;;1;;;;;;;;1;;;;
19/02/2020;06:48:00;96;com vítima;499;BR-153/GO;Sul;Colisão Traseira;1;;;1;;;;;;;1;1;;;
19/02/2020;07:41:00;128;com vítima;499,05;BR-153/GO;Sul;Colisão Traseira;1;;;1;;;;;;;2;1;;;
19/02/2020;08:20:00;152;com vítima;536;BR-153/GO;Sul;Tombamento;;;1;;;;;;;;0;1;;;
19/02/2020;08:30:00;155;sem vítima;25,7;BR-060/GO;Sul;Choque - Defensa;1;;;;;;;;;;1;;;;
19/02/2020;08:39:00;159;sem vítima;498;BR-153/GO;Sul;Colisão Traseira;2;;;;;;;;;;2;;;;
19/02/2020;09:14:00;177;sem vítima;501;BR-153/GO;Norte;Colisão Traseira;1;;;;;;;;;;1;;;;
19/02/2020;13:23:00;298;sem vítima;7;BR-060/GO;Sul;Carreta deu L;;;1;;;;;;;;1;;;;
19/02/2020;13:32:00;304;sem vítima;7,5;BR-060/GO;Sul;Colisão Traseira;;;1;;;;;;;2;4;;;;
19/02/2020;14:04:00;319;sem vítima;574,2;BR-262/MG;Leste;Choque - Elemento de Drenagem;1;;;;;;;;;;2;;;;
19/02/2020;14:33:00;331;sem vítima;144;BR-153/MG;Sul;Saida de Pista;;;1;;;;;;;;1;;;;
19/02/2020;15:07:00;347;sem vítima;606;BR-262/MG;Oeste;Choque - Outros;;;2;;1;;;;;;11;;;;
19/02/2020;15:24:00;354;sem vítima;889,2;BR-262/MG;Leste;Saida de Pista;1;;;;;;;;;;1;;;;
19/02/2020;16:59:00;392;sem vítima;506;BR-153/GO;Sul;Colisão Lateral;1;;1;;;;;;;;4;;;;
19/02/2020;17:10:00;395;com vítima;529;BR-153/GO;Sul;Capotamento;1;;;;;;;;;;1;1;1;;
19/02/2020;17:51:00;414;com vítima;503,801;BR-153/GO;Sul;Colisão Traseira;1;;;1;;;;;;;1;;1;;
19/02/2020;18:06:00;418;sem vítima;45;BR-060/GO;Sul;Choque - Elemento de Drenagem;1;;;;;;;;;;1;;;;
19/02/2020;18:20:00;421;sem vítima;567,863;BR-153/GO;Norte;Choque - Elemento de Drenagem;1;;;;;;;;;;3;;;;
19/02/2020;19:06:00;445;sem vítima;685;BR-262/MG;Oeste;Choque - Talude;1;;;;;;;;;;1;;;;
19/02/2020;19:08:00;452;sem vítima;499,9;BR-153/GO;Sul;Colisão Traseira;;;;1;;;;;;;1;;;;
19/02/2020;21:10:00;507;com vítima;372;BR-262/MG;Oeste;Capotamento;1;;;;;;;;;;0;2;;;
19/02/2020;22:50:00;533;com vítima;639,8;BR-262/MG;Leste;Colisão Traseira;;;2;;;;;;;;1;1;;;
20/02/2020;01:03:00;18;sem vítima;20,985;BR-153/MG;Sul;Tombamento;;;1;;;;;;;;1;;;;
20/02/2020;03:18:00;50;sem vítima;116,295;BR-060/GO;Norte;Atropelamento de Animal;;;;;;;;;;1;1;;;;
20/02/2020;06:34:00;92;sem vítima;629;BR-262/MG;Leste;Queda em Ribanceira;;;1;;;;;;;;1;;;;
20/02/2020;06:36:00;95;com vítima;93,2;BR-060/GO;Norte;Atropelamento - Usuário;;;1;2;;;;;;;1;;1;;1
20/02/2020;06:36:00;128;com vítima;93,2;BR-060/GO;Norte;Queda de Moto;;;;1;;;;;;;0;;1;;