data;horario;n_da_ocorrencia;tipo_de_ocorrencia;km;trecho;sentido;tipo_de_acidente;automovel;bicicleta;caminhao;moto;onibus;outros;tracao_animal;transporte_de_cargas_especiais;trator_maquinas;utilitarios;ilesos;levemente_feridos;moderadamente_feridos;gravemente_feridos;mortos
20/02/2020;08:44:00;169;sem vítima;501,2;BR-153/GO;Norte;Colisão Lateral;1;;1;;;;;;;;2;;;;
20/02/2020;09:31:00;195;sem vítima;641;BR-262/MG;Leste;Colisão Traseira;;;2;;;;;;;;2;;;;
20/02/2020;11:02:00;250;com vítima;496,3;BR-153/GO;Sul;Atropelamento - Andarilho;;;;1;;;;;;;0;2;;1;
20/02/2020;12:35:00;317;com vítima;441;BR-262/MG;Leste;Capotamento;1;;;;;;;;;;0;1;;;
20/02/2020;14:10:00;365;sem vítima;44,617;BR-153/MG;Sul;Saida de Pista;1;;;;;;;;;;1;;;;
20/02/2020;14:32:00;377;sem vítima;511;BR-153/GO;Sul;Colisão Traseira;1;;1;;;;;;;;2;;;;
20/02/2020;16:28:00;429;sem vítima;118;BR-060/GO;Norte;Colisão Traseira;2;;;;;;;;;;5;;;;
20/02/2020;17:24:00;463;sem vítima;508,3;BR-153/GO;Sul;Colisão Traseira;;;;1;;;;;;;1;;;;
20/02/2020;17:28:00;466;sem vítima;557,4;BR-153/GO;Norte;Choque - Elemento de Drenagem;;;;;;;;;;1;1;;;;
20/02/2020;17:40:00;476;sem vítima;403,605;BR-262/MG;Leste;Saida de Pista;1;;;;;;;;;;1;;;;
20/02/2020;17:56:00;486;sem vítima;54;BR-153/MG;Norte;Capotamento;1;;1;;;;;;;;2;;;;
20/02/2020;19:58:00;560;sem vítima;441;BR-262/MG;Leste;Choque - Veiculo parado na pista;;;1;;1;;;;;;2;;;;
21/02/2020;00:29:00;18;sem vítima;95;BR-060/GO;Norte;Colisão Traseira;2;;;;;;;;;;2;;;;
21/02/2020;04:18:00;74;sem vítima;108,496;BR-153/MG;Sul;Saida de Pista;;;1;;1;;;;;;40;;;;
21/02/2020;05:21:00;79;sem vítima;3,475;BR-060/DF;Sul;Choque- Poste/Equipamento;1;;;;;;;;;;1;;;;
21/02/2020;06:20:00;87;sem vítima;5,521;BR-060/DF;Norte;Engavetamento;3;;;;;;;;;;4;;;;
21/02/2020;07:14:00;106;sem vítima;95,15;BR-060/GO;Norte;Queda de Moto;;;;1;;;;;;;2;;;;
21/02/2020;10:28:00;250;sem vítima;639;BR-262/MG;Oeste;Colisão Traseira;;;1;;;1;;;;;2;;;;
21/02/2020;14:50:00;393;com vítima;43,735;BR-153/MG;Norte;Capotamento;1;;;;;;;;;;0;1;3;;
21/02/2020;15:01:00;399;com vítima;443;BR-262/MG;Leste;Colisão Traseira;2;;;;;;;;;;5;1;;;
21/02/2020;15:04:00;400;sem vítima;590,905;BR-153/GO;Sul;Saida de Pista;;;;;;;;;;1;1;;;;
21/02/2020;16:01:00;432;com vítima;597,552;BR-153/GO;Sul;Capotamento;1;;;;;;;;;;1;2;;;
21/02/2020;16:59:00;458;sem vítima;507,9;BR-153/GO;Sul;Colisão Traseira;2;;;;;;;;;1;3;;;;
21/02/2020;17:20:00;468;sem vítima;507,9;BR-153/GO;Sul;Colisão Traseira;2;;;;;;;;;;2;;;;
21/02/2020;17:44:00;473;com vítima;518,8;BR-262/MG;Leste;Choque - Defensa;;;1;;;;;;;;0;;1;;
21/02/2020;20:10:00;557;com vítima;508;BR-153/GO;Sul;Colisão Traseira;1;;;1;;;;;;;1;1;;;
22/02/2020;03:16:00;53;sem vítima;511;BR-153/GO;Sul;Colisão Traseira;1;;1;;;;;;;;3;;;;
22/02/2020;03:53:00;60;sem vítima;393,934;BR-262/MG;Leste;Atropelamento de Animal;1;;;;;;;;;;1;;;;
22/02/2020;06:19:00;91;com vítima;362,3;BR-262/MG;Oeste;Capotamento;;;1;;;;;;;;0;1;;;
22/02/2020;06:25:00;93;sem vítima;127;BR-153/MG;Sul;Saida de Pista;1;;;;;;;;;;1;;;;
22/02/2020;06:26:00;94;sem vítima;43;BR-153/MG;Sul;Tombamento;;;1;;;;;;;;1;;;;
22/02/2020;07:02:00;110;sem vítima;380,47;BR-262/MG;Oeste;Saida de Pista;1;;;;;;;;;;1;;;;
22/02/2020;07:22:00;122;com vítima;387;BR-262/MG;Oeste;Capotamento;1;;;;;;;;;;0;;1;;
22/02/2020;08:06:00;145;sem vítima;11,5;BR-153/MG;Norte;Saida de Pista;1;;;;;;;;;;4;;;;
22/02/2020;12:41:00;315;sem vítima;539,95;BR-153/GO;Sul;Choque - Elemento de Drenagem;1;;;;;;;;;;3;;;;
22/02/2020;14:41:00;364;sem vítima;85;BR-060/GO;Norte;Choque- Placa/Suporte Sinalização;1;;;;;;;;;;2;;;;
22/02/2020;14:49:00;370;sem vítima;28;BR-153/MG;Sul;Saida de Pista;1;;;;;;;;;;1;;;;
22/02/2020;15:55:00;416;sem vítima;591;BR-153/GO;Sul;Saida de Pista;1;;;;;;;;;;1;;;;
22/02/2020;16:02:00;422;sem vítima;559;BR-153/GO;Sul;Tombamento;;;1;;;;;;;;1;;;;
22/02/2020;16:50:00;453;com vítima;504;BR-153/GO;Norte;Colisão Lateral;1;;;1;;;;;;;1;;1;;
22/02/2020;17:32:00;472;sem vítima;25,7;BR-060/GO;Sul;Choque - Defensa;1;;;;;;;;;;1;;;;
22/02/2020;17:37:00;476;sem vítima;513;BR-262/MG;Oeste;Colisão Traseira;2;;;;;;;;;;2;;;;
22/02/2020;18:26:00;494;sem vítima;8;BR-060/GO;Norte;;1;;;;;;;;;;1;;;;
22/02/2020;18:33:00;498;com vítima;14;BR-060/GO;Norte;Choque - Veiculo parado na pista;2;;;;;;;;;;0;5;;;
22/02/2020;18:38:00;499;sem vítima;66;BR-060/GO;Sul;Capotamento;;;;;;;;;;1;3;;;;
22/02/2020;18:48:00;505;sem vítima;25;BR-060/GO;Norte;;1;;;;;;;;;;1;;;;
22/02/2020;19:08:00;514;sem vítima;4;BR-060/GO;Sul;Saida de Pista;1;;;;;;;;;;1;;;;
22/02/2020;19:43:00;523;sem vítima;467,2;BR-262/MG;Oeste;Carreta deu L;;;1;;;;;;;;1;;;;
22/02/2020;19:44:00;524;com vítima;94,66;BR-060/GO;Norte;Queda de Moto;;;;1;;;;;;;1;1;;;
22/02/2020;22:22:00;575;sem vítima;122;BR-060/GO;Sul;;1;;;;;;;;;;1;;;;
23/02/2020;04:19:00;60;com vítima;675,417;BR-153/GO;Sul;Choque - Arvore;1;;;;;;;;;;0;;2;;1
23/02/2020;04:58:00;63;sem vítima;576,2;BR-153/GO;Norte;Saida de Pista;;;1;;;1;;;;;2;;;;
23/02/2020;05:06:00;65;sem vítima;575;BR-153/GO;Norte;;;;1;;;;;;;;1;;;;
23/02/2020;05:49:00;70;sem vítima;96,8;BR-060/GO;Sul;Saida de Pista;1;;;;;;;;;;3;;;;
23/02/2020;06:26:00;79;sem vítima;359;BR-262/MG;Oeste;Choque - Elemento de Drenagem;1;;;;;;;;;;1;;;;
23/02/2020;07:16:00;90;sem vítima;907;BR-262/MG;Oeste;Saida de Pista;;;1;;;;;;;;1;;;;
23/02/2020;10:08:00;174;com vítima;627,5;BR-153/GO;Norte;Queda de Moto;;;;1;;;;;;;0;;;1;
23/02/2020;11:09:00;198;com vítima;380,6;BR-262/MG;Oeste;Choque - Defensa;;;;1;;;;;;;0;;;;1
23/02/2020;11:35:00;211;com vítima;1,2;BR-060/DF;Norte;Choque- Poste/Equipamento;1;;;;;;;;;;0;1;;;
23/02/2020;13:28:00;256;com vítima;3,1;BR-060/DF;Sul;Colisão Lateral;1;;;1;;;;;;;1;2;;;
23/02/2020;13:48:00;265;sem vítima;586;BR-262/MG;Oeste;Tombamento;1;;;;;;;;;;4;;;;
23/02/2020;16:37:00;335;com vítima;176;BR-153/MG;Norte;Colisão Frontal;;;2;;;;;;;;0;1;;;1
23/02/2020;16:38:00;337;com vítima;515;BR-153/GO;Sul;Colisão Lateral;2;;;;;;;;;;4;1;;;
23/02/2020;19:19:00;411;com vítima;495;BR-153/GO;Norte;Engavetamento;1;;;1;;1;;;;;2;2;;;
23/02/2020;19:49:00;425;sem vítima;109;BR-060/GO;Sul;Saida de Pista;1;;;;;;;;;;1;;;;
23/02/2020;21:02:00;443;sem vítima;517;BR-153/GO;Norte;Saida de Pista;1;;;;;;;;;;1;;;;
23/02/2020;22:29:00;478;com vítima;368;BR-262/MG;Leste;Capotamento;1;;;;;;;;;;1;1;;;
23/02/2020;22:39:00;482;sem vítima;79;BR-153/MG;Sul;Saida de Pista;;;1;;;;;;;;1;;;;
24/02/2020;05:28:00;60;com vítima;1,8;BR-153/MG;Sul;Colisão Frontal;1;;;;;1;;;;;2;;2;;
24/02/2020;07:05:00;77;sem vítima;54,499;BR-153/MG;Norte;Saida de Pista;1;;;;;;;;;;4;;;;
24/02/2020;07:53:00;94;sem vítima;526,064;BR-153/GO;Sul;Colisão Traseira;;;2;;;;;;;;2;;;;
24/02/2020;08:05:00;106;sem vítima;385;BR-262/MG;Oeste;Capotamento;1;;;;;;;;;;1;;;;
24/02/2020;09:29:00;161;sem vítima;538;BR-262/MG;Oeste;Choque - Elemento de Drenagem;1;;;;;;;;;;2;;;;
24/02/2020;09:33:00;162;com vítima;562;BR-262/MG;Leste;Capotamento;1;;;;;;;;;;0;2;;;
24/02/2020;09:54:00;172;sem vítima;545;BR-262/MG;Leste;Choque - Elemento de Drenagem;1;;;;;;;;;;3;;;;
24/02/2020;10:28:00;187;sem vítima;382;BR-262/MG;Oeste;Choque - Talude;1;;;;;;;;;;1;;;;
24/02/2020;11:31:00;224;com vítima;500,85;BR-153/GO;Norte;Engavetamento;3;;2;;;;;;;;7;2;;;
24/02/2020;12:29:00;254;com vítima;18,158;BR-060/GO;Norte;Capotamento;1;;;;;;;;;;2;1;;;
24/02/2020;13:01:00;268;sem vítima;103,425;BR-060/GO;Sul;Saida de Pista;1;;;;;;;;;;1;;;;
24/02/2020;13:23:00;281;sem vítima;115,563;BR-060/GO;Sul;Saida de Pista;;;;;;;;;;1;1;;;;
24/02/2020;14:02:00;293;sem vítima;3,761;BR-060/GO;Sul;Choque - Elemento de Drenagem;1;;;;;;;;;;1;;;;
24/02/2020;14:09:00;297;sem vítima;27;BR-060/DF;Sul;Saida de Pista;1;;;;;;;;;;1;;;;
24/02/2020;14:25:00;308;sem vítima;610;BR-262/MG;Oeste;Saida de Pista;;;1;;;;;;;;1;;;;
24/02/2020;15:28:00;334;sem vítima;111,9;BR-153/MG;Norte;Saida de Pista;;;;;;;;;;1;4;;;;
24/02/2020;15:37:00;336;sem vítima;640;BR-262/MG;Leste;Saida de Pista;;;1;;;;;;;;1;;;;
24/02/2020;16:46:00;371;com vítima;362;BR-262/MG;Leste;Colisão Lateral;1;;;1;;;;;;;1;;1;;
24/02/2020;17:47:00;387;sem vítima;45,822;BR-153/MG;Sul;Capotamento;1;;;;;;;;;;4;;;;
24/02/2020;19:11:00;421;com vítima;527;BR-153/GO;Norte;Colisão Traseira;;;1;1;;;;;;;1;;1;;
24/02/2020;19:19:00;428;sem vítima;434;BR-262/MG;Oeste;Saida de Pista;1;;;;;;;;;;4;;;;
24/02/2020;19:40:00;437;com vítima;12;BR-060/DF;Sul;Atropelamento de Animal;1;;;;;;;;;;1;1;;;
24/02/2020;20:22:00;455;com vítima;123;BR-060/GO;Norte;Atropelamento - Usuário;;;;;;1;;;;;1;;;1;
24/02/2020;20:26:00;459;sem vítima;575;BR-153/GO;Norte;Saida de Pista;;;1;;;;;;;;1;;;;
24/02/2020;21:00:00;470;sem vítima;85;BR-060/GO;Sul;Atropelamento de Animal;1;;;;;;;;;;1;;;;
24/02/2020;21:17:00;481;com vítima;496,05;BR-153/GO;Norte;Atropelamento - Morador;1;;;1;;;;;;;2;;;1;1
24/02/2020;23:48:00;524;sem vítima;454;BR-262/MG;Oeste;Saida de Pista;1;;;;;;;;;;1;;;;
25/02/2020;07:27:00;96;sem vítima;621;BR-153/GO;Norte;Queda de Ciclista;;1;;;;;;;;;1;;;;
25/02/2020;08:43:00;140;sem vítima;8,3;BR-153/MG;Norte;Saida de Pista;;;1;;;;;;;;1;;;;
25/02/2020;09:21:00;170;sem vítima;80,392;BR-153/MG;Sul;Choque - Veiculo parado no acostamento;1;;;;;;;;;1;6;;;;
25/02/2020;13:14:00;321;sem vítima;4,8;BR-060/GO;Norte;Colisão Traseira;1;;1;;;;;;;;4;;;;
25/02/2020;15:23:00;378;com vítima;236,843;BR-153/MG;Sul;Colisão Transversal;1;;1;;;1;;;;;2;1;;;
25/02/2020;16:37:00;422;sem vítima;499,556;BR-153/GO;Sul;Choque - Objeto sobre a pista;1;;1;;;;;;;;3;;;;
25/02/2020;18:13:00;479;com vítima;538;BR-262/MG;Oeste;Saida de Pista;1;;;;;;;;;;0;1;;;
25/02/2020;20:02:00;536;com vítima;93;BR-060/GO;Norte;Colisão Traseira;2;;;;;;;;;;4;1;;;
25/02/2020;22:40:00;598;com vítima;553;BR-153/GO;Sul;Choque - Submarino;;;1;;;1;;;;;1;1;;;
25/02/2020;22:48:00;599;com vítima;584;BR-262/MG;Leste;Saida de Pista;1;;;;;;;;;;0;3;;2;
25/02/2020;23:54:00;613;sem vítima;19;BR-060/DF;Norte;Saida de Pista;1;;;;;;;;;;2;;;;
26/02/2020;00:39:00;21;sem vítima;375;BR-262/MG;Leste;Saida de Pista;;;1;;;;;;;;1;;;;
26/02/2020;00:59:00;26;sem vítima;528;BR-153/GO;Norte;Saida de Pista;1;;;;;;;;;;1;;;;
26/02/2020;05:40:00;66;com vítima;100,5;BR-060/GO;Norte;Colisão Traseira;;;1;1;;;;;;;1;;1;;
26/02/2020;05:46:00;68;com vítima;467,88;BR-262/MG;Leste;Tombamento;;;1;;;;;;;;0;1;;;
26/02/2020;07:25:00;88;sem vítima;587,6;BR-262/MG;Oeste;Saida de Pista;1;;;;;;;;;;5;;;;
26/02/2020;08:27:00;112;com vítima;358,2;BR-262/MG;Leste;Queda de Moto;;;;1;;;;;;;0;;2;;
26/02/2020;09:52:00;142;sem vítima;599;BR-153/GO;Norte;Saida de Pista;1;;;;;;;;;;1;;;;
26/02/2020;10:09:00;146;com vítima;576,2;BR-262/MG;Oeste;Capotamento;;;;;;;;;;1;0;2;;;
26/02/2020;11:29:00;224;sem vítima;814,2;BR-262/MG;Oeste;Choque - Elemento de Drenagem;1;;;;;;;;;;1;;;;
26/02/2020;12:06:00;242;sem vítima;472,57;BR-262/MG;Leste;Colisão Traseira;2;;;;;;;;;;4;;;;
26/02/2020;15:13:00;309;com vítima;148;BR-153/MG;Sul;Colisão Lateral;1;;1;;;;;;;;2;1;1;;
26/02/2020;15:55:00;335;sem vítima;495;BR-153/GO;Sul;Colisão Traseira;2;;;;;;;;;;2;;;;
26/02/2020;16:18:00;344;com vítima;43;BR-060/GO;Sul;Colisão Traseira;2;;;;;;;;;;6;1;;;
26/02/2020;19:25:00;428;sem vítima;705;BR-262/MG;Leste;Capotamento;1;;;;;;;;;;1;;;;
26/02/2020;19:39:00;432;sem vítima;652;BR-153/GO;Sul;Atropelamento de Animal;;;;;;;;;;1;1;;;;
26/02/2020;19:47:00;436;sem vítima;45,6;BR-153/MG;Sul;Saida de Pista;1;;;;;;;;;;4;;;;
26/02/2020;20:00:00;441;com vítima;210;BR-153/MG;Sul;Saida de Pista;1;;;;;;;;;;0;1;;;
26/02/2020;20:05:00;443;sem vítima;514;BR-153/GO;Norte;Colisão Traseira;2;;;;;;;;;;3;;;;
26/02/2020;21:32:00;470;com vítima;631,5;BR-262/MG;Leste;Colisão Traseira;1;;1;;;;;;;;2;1;;;
26/02/2020;22:18:00;482;sem vítima;861;BR-262/MG;Leste;Choque - Arvore;1;;;;;;;;;;1;;;;
26/02/2020;22:51:00;491;sem vítima;90;BR-153/MG;Sul;Tombamento;;;1;;;;;;;;1;;;;
26/02/2020;23:04:00;498;sem vítima;479,7;BR-262/MG;Oeste;Choque - Elemento de Drenagem;;;1;;;;;;;;1;;;;
26/02/2020;23:07:00;499;sem vítima;87;BR-153/MG;Sul;;;;1;;;;;;;;1;;;;
27/02/2020;00:51:00;18;sem vítima;29;BR-153/MG;Sul;Colisão Traseira;;;2;;;;;;;;2;;;;
27/02/2020;00:56:00;20;sem vítima;549,2;BR-262/MG;Leste;Carreta deu L;;;1;;;;;;;;1;;;;
27/02/2020;03:10:00;39;sem vítima;544,1;BR-262/MG;Leste;Choque - Elemento de Drenagem;;;;;;1;;;;1;3;;;;
27/02/2020;06:57:00;75;com vítima;37;BR-060/GO;Norte;Colisão Traseira;;;2;;;;;;;;2;1;;;
27/02/2020;07:25:00;80;sem vítima;506;BR-153/GO;Sul;Engavetamento;3;;;;;;;;;;3;;;;
27/02/2020;09:37:00;142;com vítima;431;BR-262/MG;Oeste;Queda de Moto;;;;1;;;;;;;1;1;;;
27/02/2020;10:44:00;162;sem vítima;181,15;BR-153/MG;Norte;Colisão Lateral;;;2;;;;;;;;2;;;;
27/02/2020;11:31:00;202;com vítima;0;BR-153/MG;Norte;Colisão Lateral;1;;1;;;;;;;;1;1;;;
27/02/2020;11:43:00;208;sem vítima;608;BR-262/MG;Oeste;Saida de Pista;1;;;;;;;;;;2;;;;
27/02/2020;12:01:00;215;com vítima;70,2;BR-153/MG;Norte;Tombamento;;;1;;;;;;;;0;1;;;
27/02/2020;13:36:00;268;sem vítima;228;BR-153/MG;Norte;Colisão Traseira;;;2;;;;;;;;2;;;;
27/02/2020;15:09:00;289;com vítima;444;BR-262/MG;Oeste;Colisão Traseira;1;;;1;;;;;;;2;;1;;
27/02/2020;16:20:00;320;sem vítima;111;BR-060/GO;Norte;Queda em Ribanceira;1;;;;;;;;;;1;;;;
27/02/2020;18:23:00;370;com vítima;102;BR-060/GO;Sul;Colisão Lateral;1;;;1;;;;;;;1;1;;;
27/02/2020;19:32:00;403;com vítima;101,5;BR-060/GO;Norte;Saida de Pista;1;;;;;;;;;;1;1;;;
27/02/2020;21:03:00;441;com vítima;63,518;BR-060/GO;Norte;Tombamento;;;1;;;;;;;;0;1;;;
27/02/2020;21:27:00;452;sem vítima;61;BR-060/GO;Norte;Colisão Traseira;1;;;;;;;;;1;6;;;;
27/02/2020;21:48:00;457;sem vítima;607;BR-262/MG;Leste;Saida de Pista;;;;;;;;;;1;1;;;;
27/02/2020;23:18:00;474;sem vítima;593,745;BR-153/GO;Sul;Choque - Elemento de Drenagem;1;;;;;;;;;;1;;;;
28/02/2020;00:05:00;1;sem vítima;47;BR-153/MG;Sul;Choque - Defensa;1;;1;;;;;;;;4;;;;
28/02/2020;05:43:00;69;com vítima;100,598;BR-060/GO;Norte;Colisão Traseira;2;;;;;;;;;;2;1;;;
28/02/2020;05:53:00;75;com vítima;100,598;BR-060/GO;Norte;Colisão Lateral;;1;;1;;;;;;;1;1;;;
28/02/2020;06:19:00;76;com vítima;547,9;BR-262/MG;Leste;Colisão Frontal;;;2;;;;;;;;1;;1;;
28/02/2020;07:00:00;90;com vítima;501;BR-153/GO;Norte;Queda de Moto;;;;1;;;;;;;0;1;;;
28/02/2020;07:01:00;92;sem vítima;5,607;BR-153/MG;Norte;Saida de Pista;;;;;;;;;;1;1;;;;
28/02/2020;09:27:00;168;sem vítima;82,84;BR-060/GO;Norte;Saida de Pista;1;;;;;;;;;;1;;;;
28/02/2020;11:37:00;223;sem vítima;472;BR-262/MG;Leste;Queda em Ribanceira;;;1;;;;;;;;1;;;;
28/02/2020;11:37:00;224;sem vítima;580;BR-262/MG;Leste;Carreta deu L;;;1;;;;;;;;1;;;;
28/02/2020;11:43:00;226;sem vítima;479;BR-262/MG;Oeste;Queda de Moto;1;;;1;;;;;;;2;;;;
28/02/2020;12:23:00;245;sem vítima;437;BR-262/MG;Oeste;Capotamento;1;;;;;;;;;;1;;;;
28/02/2020;12:31:00;249;sem vítima;546;BR-262/MG;Leste;Capotamento;1;;;;;;;;;;1;;;;
28/02/2020;14:58:00;319;com vítima;377;BR-262/MG;Oeste;Choque - Elemento de Drenagem;;;1;;;;;;;;0;1;;;
28/02/2020;15:36:00;331;com vítima;605,7;BR-153/GO;Norte;Colisão Lateral;;;1;;;;;;;1;1;1;;;
28/02/2020;16:33:00;347;com vítima;627,766;BR-153/GO;Norte;Capotamento;1;;;;;;;;;;0;1;;;
28/02/2020;19:50:00;447;sem vítima;514,22;BR-153/GO;Norte;Colisão Lateral;2;;;;;;;;;;4;;;;
28/02/2020;20:14:00;460;sem vítima;388;BR-262/MG;Oeste;Saida de Pista;1;;;;;;;;;;1;;;;
28/02/2020;22:31:00;514;sem vítima;532;BR-153/GO;Norte;Atropelamento de Animal;1;;;;;;;;;;1;;;;
29/02/2020;00:16:00;3;sem vítima;3,235;BR-153/MG;Norte;Capotamento;1;;;;;;;;;;1;;;;
29/02/2020;05:02:00;69;sem vítima;58;BR-153/MG;Sul;Saida de Pista;;;1;;;;;;;;1;;;;
29/02/2020;06:07:00;76;sem vítima;568,007;BR-153/GO;Sul;Colisão Traseira;2;;1;;;;;;;;3;;;;
29/02/2020;06:10:00;78;sem vítima;583;BR-262/MG;Leste;Capotamento;;;;;;;;;;1;1;;;;
29/02/2020;06:21:00;84;sem vítima;501;BR-153/GO;Norte;Saida de Pista;1;;;;;;;;;;1;;;;
29/02/2020;07:00:00;101;sem vítima;58,5;BR-153/MG;Norte;Choque - Elemento de Drenagem;;;1;;;;;;;;1;;;;
29/02/2020;07:15:00;110;com vítima;506,454;BR-153/GO;Norte;Colisão Traseira;1;;;1;;;;;;;1;;1;;
29/02/2020;10:01:00;233;com vítima;504;BR-153/GO;Sul;Colisão Traseira;;;1;1;;;;;;;1;;1;;
29/02/2020;10:13:00;240;com vítima;635;BR-262/MG;Leste;Colisão Lateral;1;;1;;;;;;;;1;5;;;
29/02/2020;10:45:00;255;sem vítima;504;BR-153/GO;Sul;Choque - Defensa;;;1;;;;;;;;1;;;;
29/02/2020;11:37:00;340;sem vítima;605;BR-153/GO;Sul;Colisão Traseira;1;;;;;;;;;1;2;;;;
29/02/2020;13:07:00;388;sem vítima;403;BR-262/MG;Leste;Choque - Elemento de Drenagem;1;;;;;;;;;;1;;;;
29/02/2020;13:26:00;397;sem vítima;412,3;BR-262/MG;Leste;Colisão Traseira;2;;;;;;;;;;2;;;;
29/02/2020;14:16:00;417;sem vítima;511;BR-153/GO;Sul;Colisão Lateral;1;;;1;;;;;;;2;;;;
29/02/2020;14:38:00;424;sem vítima;80,047;BR-060/GO;Norte;Choque - Defensa;1;;;;;;;;;;1;;;;
29/02/2020;15:12:00;451;sem vítima;100,181;BR-060/GO;Sul;Colisão Lateral;1;;;;;;;;;1;3;;;;
29/02/2020;16:30:00;498;com vítima;214;BR-153/MG;Norte;Tombamento;;;1;;;;;;;;0;1;;;
29/02/2020;16:47:00;510;com vítima;34,5;BR-060/GO;Sul;Saida de Pista;1;;;;;;;;;;0;2;;;
29/02/2020;16:53:00;516;com vítima;864,5;BR-262/MG;Leste;Queda de Moto;;;;1;;;;;;;0;;2;;
29/02/2020;16:59:00;520;sem vítima;391;BR-262/MG;Oeste;Capotamento;1;;;;;;;;;;1;;;;
29/02/2020;20:41:00;615;com vítima;7;BR-060/DF;Sul;Atropelamento - Outros;1;;;;;;;;;;0;4;;;
29/02/2020;21:03:00;623;sem vítima;46;BR-153/MG;Sul;Colisão Traseira;1;;1;;;;;;;;2;;;;
29/02/2020;21:23:00;630;sem vítima;621;BR-262/MG;Leste;Saida de Pista;1;;;;;;;;;;1;;;;
29/02/2020;22:00:00;644;sem vítima;9,5;BR-060/GO;Norte;Choque - Talude;2;;;;;;;;;;2;;;;
01/07/2020;01:01:00;14;sem vítima;210,543;BR-153/MG;Sul;Saida de Pista;1;;;;;1;;;;;4;;;;
01/07/2020;07:24:00;73;sem vítima;3;BR-060/DF;Norte;Engavetamento;3;;;;;;;;;;5;;;;
01/07/2020;07:44:00;89;sem vítima;11;BR-060/GO;Norte;Capotamento;1;;;;;;;;;;1;;;;
01/07/2020;07:48:00;93;sem vítima;4;BR-060/DF;Norte;Colisão Traseira;2;;;;;;;;;;3;;;;
01/07/2020;10:02:00;179;com vítima;745;BR-262/MG;Oeste;Colisão Frontal;1;;1;;;;;;;;3;;1;1;1
01/07/2020;11:14:00;224;sem vítima;372;BR-262/MG;Leste;Colisão Lateral;1;;1;;;;;;;;2;;;;
01/07/2020;19:13:00;466;sem vítima;91,7;BR-060/GO;Norte;Colisão Traseira;2;;;;;;;;;;2;;;;
02/07/2020;01:10:00;19;sem vítima;380,767;BR-262/MG;Leste;Capotamento;1;;;;;1;;;;;2;;;;
02/07/2020;01:59:00;28;sem vítima;355,053;BR-262/MG;Oeste;Choque - Defensa;;;1;;;;;;;;1;;;;
02/07/2020;05:24:00;54;sem vítima;394;BR-262/MG;Oeste;Colisão Lateral;1;;1;;;;;;;;2;;;;
02/07/2020;16:43:00;353;sem vítima;811;BR-262/MG;Leste;Saida de Pista;;;;;;;;;;1;1;;;;
02/07/2020;17:54:00;395;sem vítima;505;BR-153/GO;Sul;Queda de Ciclista;;;;1;;;;;;;1;;;;
02/07/2020;18:17:00;405;com vítima;403,2;BR-262/MG;Oeste;Queda de Moto;;;;1;;;;;;;0;1;;;
02/07/2020;18:59:00;433;sem vítima;588,8;BR-153/GO;Sul;Saida de Pista;;;1;;;;;;;;1;;;;
02/07/2020;19:17:00;440;com vítima;802;BR-262/MG;Oeste;Colisão Traseira;2;;;;;;;;;;2;1;;;
02/07/2020;19:59:00;461;sem vítima;415,87;BR-262/MG;Leste;Saida de Pista;1;;;;;;;;;;5;;;;
02/07/2020;22:37:00;529;sem vítima;367;BR-262/MG;Oeste;Colisão Traseira;;;1;;;;;;;1;3;;;;
03/07/2020;07:16:00;74;sem vítima;407,125;BR-262/MG;Leste;Colisão Traseira;;;1;;;;;;;1;2;;;;
03/07/2020;07:36:00;84;sem vítima;505,3;BR-153/GO;Sul;Choque - Veiculo parado na pista;1;1;;;;;;;;;2;;;;
03/07/2020;07:56:00;92;sem vítima;505,3;BR-153/GO;Sul;Saida de Pista;1;;;;;1;;;;;2;;;;
03/07/2020;08:42:00;127;com vítima;94;BR-060/GO;Sul;Colisão Traseira;;;;1;;1;;;;;1;1;;;
03/07/2020;08:51:00;131;sem vítima;501;BR-153/GO;Norte;Colisão Traseira;;;2;;;;;;;;2;;;;
03/07/2020;14:10:00;266;sem vítima;555;BR-262/MG;Leste;Colisão Traseira;1;;1;;;;;;;;2;;;;
03/07/2020;14:37:00;279;sem vítima;28;BR-060/GO;Sul;Saida de Pista;1;;;;;;;;;;1;;;;
03/07/2020;14:52:00;287;sem vítima;456,3;BR-262/MG;Oeste;Atropelamento de Animal;1;;;;;;;;;;2;;;;
03/07/2020;17:31:00;358;sem vítima;490;BR-153/GO;Sul;Choque - Defensa;1;;;;;;;;;;1;;;;
03/07/2020;18:45:00;399;sem vítima;58;BR-153/MG;Norte;Colisão Traseira;1;;1;;;;;;;;2;;;;
03/07/2020;18:46:00;401;com vítima;4;BR-060/DF;Norte;Colisão Traseira;1;;;1;;;;;;;1;1;;;
03/07/2020;21:02:00;463;sem vítima;612;BR-262/MG;Leste;Engavetamento;;;1;;;1;;;;1;5;;;;
03/07/2020;21:45:00;483;sem vítima;814;BR-262/MG;Leste;Saida de Pista;1;;;;;;;;;;1;;;;
03/07/2020;23:26:00;508;com vítima;590,1;BR-262/MG;Leste;Capotamento;1;;;;;;;;;;1;;1;;
04/07/2020;05:30:00;39;com vítima;414;BR-262/MG;Leste;Choque - Talude;1;;;;;1;;;;;2;1;;;
04/07/2020;06:32:00;52;com vítima;402;BR-262/MG;Leste;Colisão Traseira;;;2;;;;;;;;1;;1;;
04/07/2020;06:51:00;54;sem vítima;5;BR-060/DF;Sul;Saida de Pista;1;;;;;;;;;;1;;;;
04/07/2020;08:14:00;70;com vítima;101;BR-060/GO;Sul;Queda de Moto;;;;1;;;;;;;0;1;;;