data;horario;n_da_ocorrencia;tipo_de_ocorrencia;km;trecho;sentido;tipo_de_acidente;automovel;bicicleta;caminhao;moto;onibus;outros;tracao_animal;transporte_de_cargas_especiais;trator_maquinas;utilitarios;ilesos;levemente_feridos;moderadamente_feridos;gravemente_feridos;mortos
04/07/2020;10:20:00;119;com vítima;364;BR-262/MG;Leste;Colisão Traseira;1;;;1;;;;;;;3;1;;;
04/07/2020;11:54:00;166;sem vítima;423;BR-262/MG;Leste;Capotamento;1;;;;;;;;;;2;;;;
04/07/2020;21:19:00;381;sem vítima;433,4;BR-262/MG;Leste;Colisão Lateral;2;;;;;;;;;;3;;;;
04/07/2020;21:46:00;393;com vítima;695,3;BR-262/MG;Oeste;Colisão Frontal;1;;1;;;;;;;;1;;;;1
04/07/2020;23:39:00;416;com vítima;16;BR-060/DF;Sul;Colisão Traseira;2;;;;;;;;;;2;1;;;
04/07/2020;23:44:00;417;com vítima;16,9;BR-153/MG;Norte;Colisão Traseira;;;;1;;1;;;;;1;;;;1
05/07/2020;04:25:00;35;sem vítima;14;BR-060/DF;Sul;Capotamento;1;;;;;;;;;;4;;;;
05/07/2020;04:57:00;37;com vítima;38;BR-153/MG;Sul;Saida de Pista;;;1;;;;;;;;1;;1;;
05/07/2020;14:31:00;256;com vítima;46;BR-060/GO;Norte;Choque - Defensa;1;;;;;;;;;;1;;1;;
05/07/2020;14:43:00;267;sem vítima;427,041;BR-262/MG;Oeste;Queda de Moto;;;;1;;;;;;;1;;;;
05/07/2020;15:20:00;281;com vítima;124;BR-060/GO;Norte;Queda de Moto;;;;1;;;;;;;1;1;;;
05/07/2020;16:19:00;303;sem vítima;4,6;BR-060/DF;Norte;Colisão Lateral;2;;;;;;;;;;4;;;;
05/07/2020;17:32:00;340;com vítima;579;BR-153/GO;Norte;Queda de Ciclista;;;;1;;;;;;;0;1;;;
05/07/2020;17:46:00;348;sem vítima;225,2;BR-153/MG;Norte;Choque- Placa/Suporte Sinalização;1;;;;;;;;;;2;;;;
05/07/2020;19:39:00;396;sem vítima;843;BR-262/MG;Leste;Choque - Elemento de Drenagem;1;;;;;;;;;;1;;;;
05/07/2020;19:48:00;404;sem vítima;513,8;BR-262/MG;Leste;Saida de Pista;1;;;;;;;;;;1;;;;
05/07/2020;22:15:00;460;sem vítima;365;BR-262/MG;Leste;Colisão Traseira;1;;1;;;;;;;;2;;;;
05/07/2020;22:30:00;463;com vítima;362;BR-262/MG;Leste;Atropelamento - Morador;;;1;;;;;;;;1;;1;;
05/07/2020;22:30:00;464;sem vítima;707;BR-262/MG;Oeste;Saida de Pista;1;;;;;;;;;;1;;;;
06/07/2020;05:03:00;46;sem vítima;368;BR-262/MG;Leste;Tombamento;;;1;;;;;;;;1;;;;
06/07/2020;14:49:00;348;sem vítima;824,8;BR-262/MG;Leste;Choque - Veiculo parado no acostamento;2;;;;;;;;;;6;;;;
06/07/2020;19:59:00;499;sem vítima;792;BR-262/MG;Oeste;Colisão Lateral;1;;1;;;;;;;;3;;;;
06/07/2020;21:45:00;527;com vítima;494,05;BR-153/GO;Norte;Atropelamento - Andarilho;;;;1;;;;;;;0;;;;2
07/07/2020;00:57:00;12;com vítima;368;BR-262/MG;Oeste;Saida de Pista;1;;;;;;;;;;0;1;;;
07/07/2020;05:45:00;40;sem vítima;426,995;BR-262/MG;Leste;Colisão Traseira;;;2;;;;;;;;2;;;;
07/07/2020;07:47:00;75;sem vítima;623;BR-153/GO;Norte;Saida de Pista;1;;1;;;;;;;;2;;;;
07/07/2020;07:49:00;76;com vítima;465,467;BR-262/MG;Oeste;Colisão Frontal;2;;;;;;;;;;1;1;2;;1
07/07/2020;10:04:00;149;sem vítima;94;BR-153/MG;Norte;Colisão Traseira;;;2;;;;;;;;2;;;;
07/07/2020;12:28:00;234;sem vítima;534;BR-153/GO;Sul;Colisão Lateral;1;;1;;;;;;;;3;;;;
07/07/2020;14:50:00;305;sem vítima;462;BR-262/MG;Leste;Colisão Traseira;1;;1;;;;;;;;6;;;;
07/07/2020;16:50:00;347;sem vítima;500;BR-153/GO;Sul;Engavetamento;2;;1;;;;;;;;3;;;;
07/07/2020;18:18:00;388;sem vítima;127;BR-060/GO;Sul;Saida de Pista;1;;1;;;;;;;;2;;;;
07/07/2020;18:46:00;409;sem vítima;667;BR-262/MG;Leste;Colisão Traseira;;;1;;;;;;;2;4;;;;
07/07/2020;18:47:00;410;sem vítima;466;BR-262/MG;Leste;Engavetamento;;;2;;;;;;;1;13;;;;
08/07/2020;07:29:00;102;com vítima;440,9;BR-262/MG;Oeste;Atropelamento - Usuário;;;1;;;;;;;;1;;;;1
08/07/2020;10:58:00;227;com vítima;517;BR-153/GO;Sul;Colisão Traseira;;;1;1;;;;;;;1;1;;;
08/07/2020;17:00:00;409;com vítima;460;BR-262/MG;Oeste;Engavetamento;1;;2;;;;;;;;2;1;;;
08/07/2020;17:16:00;420;com vítima;553,8;BR-262/MG;Oeste;Tombamento;;;1;;;;;;;;0;;1;;
08/07/2020;17:38:00;430;sem vítima;505,1;BR-153/GO;Norte;Engavetamento;1;;2;;;;;;;;3;;;;
08/07/2020;18:36:00;458;com vítima;490;BR-153/GO;Sul;Colisão Traseira;1;;;1;;;;;;;2;;1;;
08/07/2020;20:05:00;500;sem vítima;109;BR-060/GO;Norte;Colisão Traseira;;;2;;;;;;;;2;;;;
08/07/2020;20:44:00;511;sem vítima;643;BR-153/GO;Norte;Colisão Lateral;1;;1;;;;;;;;2;;;;
09/07/2020;00:15:00;4;sem vítima;136;BR-060/GO;Norte;Colisão Traseira;2;;;;;;;;;;2;;;;
09/07/2020;09:01:00;126;sem vítima;113;BR-060/GO;Norte;Colisão Traseira;1;;1;;;;;;;;2;;;;
09/07/2020;11:08:00;213;sem vítima;71,5;BR-153/MG;Norte;Tombamento;;;1;;;;;;;;2;;;;
09/07/2020;13:18:00;270;sem vítima;854;BR-262/MG;Oeste;Colisão Traseira;1;;1;;;;;;;;3;;;;
09/07/2020;13:37:00;282;com vítima;107,85;BR-060/GO;Norte;Atropelamento - Outros;;;1;;;;;;;;1;;;1;
09/07/2020;16:37:00;349;com vítima;506;BR-153/GO;Norte;Atropelamento - Andarilho;1;;;;;;;;;;1;;1;;
09/07/2020;19:18:00;415;com vítima;521;BR-262/MG;Oeste;Colisão Lateral;1;;1;;;;;;;;1;1;;;
09/07/2020;19:25:00;418;com vítima;90;BR-060/GO;Sul;Colisão Frontal;;1;;1;;;;;;;1;2;;;
09/07/2020;22:22:00;457;com vítima;135,8;BR-060/GO;Sul;Capotamento;1;;;;;;;;;;2;2;;;
10/07/2020;07:30:00;90;sem vítima;506;BR-153/GO;Sul;Colisão Lateral;1;;1;;;;;;;;2;;;;
10/07/2020;07:52:00;104;sem vítima;505,8;BR-153/GO;Sul;Engavetamento;6;;;;;;;;;;7;;;;
10/07/2020;07:56:00;106;sem vítima;478,3;BR-262/MG;Oeste;Colisão Lateral;2;;;;;;;;;;2;;;;
10/07/2020;07:57:00;108;sem vítima;507;BR-153/GO;Norte;Engavetamento;3;;;;;;;;;;4;;;;
10/07/2020;10:08:00;172;com vítima;226,157;BR-153/MG;Norte;Tombamento;;;1;;;;;;;;0;1;;;
10/07/2020;10:32:00;186;com vítima;17,082;BR-153/MG;Sul;Tombamento;;;1;;;;;;;;0;1;;;
10/07/2020;11:16:00;209;sem vítima;498;BR-153/GO;Sul;Choque - Barreira;;;1;;;;;;;;1;;;;
10/07/2020;11:31:00;219;sem vítima;373;BR-262/MG;Oeste;Colisão Traseira;2;;1;;;;;;;;3;;;;
10/07/2020;13:14:00;266;com vítima;4;BR-060/DF;Sul;Atropelamento - Usuário;1;;;;;;;;;;1;;;1;
10/07/2020;16:42:00;357;com vítima;512,2;BR-153/GO;Norte;Colisão Traseira;2;;;1;;;;;;;2;;1;;
10/07/2020;20:24:00;454;sem vítima;407;BR-262/MG;Leste;Colisão Traseira;1;;1;;;;;;;;2;;;;
11/07/2020;05:00:00;54;com vítima;606;BR-153/GO;Sul;Capotamento;;;1;;;;;;;;0;;;1;
11/07/2020;06:25:00;67;com vítima;614;BR-153/GO;Sul;Colisão Traseira;1;;1;;;;;;;;1;1;;;
11/07/2020;06:48:00;70;sem vítima;508;BR-153/GO;Norte;Choque - Veiculo parado na pista;2;;;;;;;;;;4;;;;
11/07/2020;11:34:00;180;sem vítima;39;BR-153/MG;Norte;Choque - Elemento de Drenagem;1;;;;;;;;;;1;;;;
11/07/2020;12:03:00;194;com vítima;101;BR-060/GO;Sul;Colisão Transversal;2;;;;;1;;;;;2;1;;;
11/07/2020;12:59:00;228;com vítima;671,454;BR-153/GO;Sul;Choque - Talude;;;1;;;;;;;;0;1;;;
11/07/2020;15:27:00;286;sem vítima;514;BR-153/GO;Sul;Capotamento;1;;;;;;;;;;1;;;;
11/07/2020;16:09:00;302;com vítima;445,3;BR-262/MG;Oeste;Queda de Moto;;;;1;;;;;;;0;1;;;
11/07/2020;16:16:00;305;sem vítima;576;BR-262/MG;Leste;Tombamento;;;1;;;;;;;;1;;;;
11/07/2020;18:19:00;356;sem vítima;403;BR-262/MG;Leste;Colisão Lateral;1;;1;;;;;;;;2;;;;
11/07/2020;18:49:00;367;com vítima;28;BR-060/DF;Sul;Colisão Frontal;1;;1;;;;;;;;2;;;1;
11/07/2020;19:03:00;374;sem vítima;446,5;BR-262/MG;Oeste;Colisão Transversal;2;;;;;;;;;;4;;;;
12/07/2020;01:41:00;20;sem vítima;504;BR-153/GO;Sul;Colisão Traseira;2;;;;;;;;;;2;;;;
12/07/2020;06:52:00;54;com vítima;119;BR-060/GO;Norte;Colisão Lateral;2;;;;;;;;;;5;1;;;
12/07/2020;12:31:00;193;com vítima;100,143;BR-060/GO;Sul;Capotamento;1;;;;;;;;;;0;1;;;
12/07/2020;12:43:00;198;sem vítima;130;BR-153/MG;Sul;Colisão Lateral;;;2;;;;;;;;2;;;;
12/07/2020;16:56:00;297;sem vítima;390;BR-262/MG;Leste;Saida de Pista;1;;;;;;;;;;2;;;;
12/07/2020;16:58:00;299;sem vítima;27;BR-060/GO;Sul;Choque - Defensa;1;;;;;;;;;;2;;;;
12/07/2020;21:25:00;383;com vítima;83,1;BR-060/GO;Sul;Colisão Traseira;;;1;;1;;;;;;13;1;;;
12/07/2020;21:41:00;387;sem vítima;90;BR-060/GO;Sul;;1;;;2;;;;;;;3;;;;
13/07/2020;00:02:00;12;sem vítima;359;BR-262/MG;Oeste;Capotamento;1;;;;;;;;;;2;;;;
13/07/2020;01:09:00;23;sem vítima;424,712;BR-262/MG;Leste;Saida de Pista;1;;;;;;;;;;1;;;;
13/07/2020;06:18:00;47;sem vítima;425,5;BR-262/MG;Leste;Colisão Lateral;1;;1;;;;;;;;2;;;;
13/07/2020;10:38:00;184;sem vítima;129;BR-060/GO;Sul;Capotamento;1;;;;;;;;;;1;;;;
13/07/2020;13:10:00;264;com vítima;214,882;BR-153/MG;Norte;Saida de Pista;1;;;;;;;;;;0;1;;;
13/07/2020;17:11:00;393;sem vítima;364;BR-262/MG;Oeste;Engavetamento;1;;;;;;;;;1;2;;;;
13/07/2020;17:20:00;399;sem vítima;449;BR-262/MG;Leste;Colisão Traseira;2;;;;;;;;;;3;;;;
13/07/2020;23:20:00;515;com vítima;106,985;BR-060/GO;Sul;Queda de Moto;;;;1;;;;;;;0;1;;;
14/07/2020;12:39:00;259;sem vítima;508,3;BR-153/GO;Sul;Engavetamento;1;;2;;;;;;;;3;;;;
14/07/2020;13:38:00;286;com vítima;400;BR-262/MG;Leste;Colisão Transversal;2;;;;;;;;;;1;1;;;
14/07/2020;17:53:00;436;com vítima;442;BR-262/MG;Leste;Atropelamento de Animal;;;;1;;;;;;;0;1;;;
14/07/2020;17:58:00;438;sem vítima;129;BR-060/GO;Norte;Tombamento;;;1;;;;;;;;1;;;;
14/07/2020;20:05:00;494;sem vítima;366;BR-262/MG;Leste;Colisão Frontal;1;;;;;;;;;;1;;;;
15/07/2020;08:06:00;101;com vítima;507,368;BR-153/GO;Norte;Colisão Traseira;;;1;2;;;;;;;2;1;;;
15/07/2020;08:19:00;108;sem vítima;88,737;BR-060/GO;Sul;Capotamento;1;;;;;;;;;;1;;;;
15/07/2020;08:51:00;125;sem vítima;509;BR-153/GO;Norte;Engavetamento;2;;;;;;;;;1;3;;;;
15/07/2020;10:10:00;187;sem vítima;473;BR-262/MG;Oeste;Engavetamento;1;;2;;;;;;;;5;;;;
15/07/2020;10:19:00;188;com vítima;372;BR-262/MG;Leste;Choque - Defensa;;;1;;;;;;;;0;;1;;
15/07/2020;17:11:00;399;sem vítima;490,555;BR-153/GO;Sul;Tombamento;;;1;;;;;;;;1;;;;
15/07/2020;18:53:00;442;sem vítima;548,663;BR-262/MG;Leste;Colisão Transversal;1;;;;;1;;;;;2;;;;
15/07/2020;22:58:00;523;sem vítima;210;BR-153/MG;Norte;Saida de Pista;1;;;;;;;;;;5;;;;
15/07/2020;23:05:00;527;sem vítima;878;BR-262/MG;Leste;Tombamento;;;1;;;;;;;;1;;;;
16/07/2020;06:36:00;46;com vítima;104,464;BR-060/GO;Norte;Colisão Traseira;;;2;;;;;;;;1;;1;;
16/07/2020;06:50:00;52;sem vítima;136,83;BR-060/GO;Sul;Choque- Poste/Equipamento;;;1;;;;;;;;1;;;;
16/07/2020;07:49:00;76;sem vítima;508,054;BR-153/GO;Norte;Colisão Traseira;2;;;;;;;;;;5;;;;
16/07/2020;08:38:00;105;sem vítima;508,3;BR-153/GO;Norte;Colisão Traseira;;;1;;;;;;;1;2;;;;
16/07/2020;17:06:00;342;sem vítima;504,9;BR-153/GO;Sul;Engavetamento;1;;;;;;;;;2;3;;;;
16/07/2020;18:40:00;379;com vítima;95;BR-060/GO;Norte;Colisão Traseira;2;;;;;;;;;;3;2;;;
16/07/2020;21:26:00;435;com vítima;800,1;BR-262/MG;Oeste;Queda de Moto;;;;1;;;;;;;0;1;;;
16/07/2020;21:31:00;438;sem vítima;500,9;BR-153/GO;Sul;Queda de Moto;;;;1;;;;;;;2;;;;
16/07/2020;21:31:00;447;sem vítima;500,9;BR-153/GO;Sul;Queda de Moto;;;;1;;;;;;;1;;;;
17/07/2020;02:48:00;29;sem vítima;654;BR-262/MG;Leste;Saida de Pista;;;;;;;;;;1;1;;;;
17/07/2020;08:22:00;105;sem vítima;13;BR-153/MG;Norte;Colisão Traseira;;;1;;;1;;;;;2;;;;
17/07/2020;09:45:00;163;sem vítima;32,7;BR-060/GO;Sul;Colisão Traseira;2;;;;;;;;;;3;;;;
17/07/2020;10:38:00;188;sem vítima;700;BR-153/GO;Norte;Choque- Poste/Equipamento;;;;;;1;;;;1;2;;;;
17/07/2020;15:07:00;303;sem vítima;515,9;BR-153/GO;Sul;Colisão Lateral;1;;1;;;;;;;;3;;;;
17/07/2020;17:12:00;375;sem vítima;492;BR-262/MG;Oeste;Colisão Traseira;;;2;;;;;;;;2;;;;
17/07/2020;17:14:00;377;sem vítima;367;BR-262/MG;Oeste;Colisão Traseira;1;;;;;;;;;1;7;;;;
17/07/2020;18:00:00;397;sem vítima;227;BR-153/MG;Norte;Colisão Traseira;;;2;;;;;;;;2;;;;
17/07/2020;18:14:00;403;com vítima;502,7;BR-153/GO;Norte;Queda de Moto;;;;1;;;;;;;1;1;;;
17/07/2020;18:40:00;413;sem vítima;844;BR-262/MG;Leste;Atropelamento de Animal;1;;;;;;;;;;4;;;;
17/07/2020;19:37:00;433;sem vítima;563;BR-262/MG;Leste;Choque - Elemento de Drenagem;;;1;;;1;;;;;2;;;;
17/07/2020;21:28:00;477;com vítima;129;BR-060/GO;Sul;Tombamento;;;1;;;;;;;;2;1;;;
17/07/2020;23:56:00;510;sem vítima;499;BR-153/GO;Sul;Colisão Traseira;1;;1;;;;;;;;2;;;;
18/07/2020;08:24:00;90;com vítima;690;BR-262/MG;Oeste;Colisão Frontal;1;;1;;;;;;;;1;;1;;
18/07/2020;08:50:00;106;com vítima;97;BR-153/MG;Sul;Colisão Traseira;1;;1;;;;;;;;1;1;;;
18/07/2020;15:08:00;264;sem vítima;75,156;BR-060/GO;Norte;Choque - Elemento de Drenagem;;;1;;;;;;;;1;;;;
18/07/2020;21:01:00;404;sem vítima;798;BR-262/MG;Oeste;Queda de Moto;;;;1;;;;;;;1;;;;
19/07/2020;01:45:00;35;sem vítima;694;BR-262/MG;Oeste;Choque - Elemento de Drenagem;1;;;;;;;;;;2;;;;
19/07/2020;02:06:00;39;sem vítima;359;BR-262/MG;Leste;Choque - Elemento de Drenagem;1;;;;;;;;;;1;;;;
19/07/2020;03:08:00;47;sem vítima;418;BR-262/MG;Oeste;Saida de Pista;1;;;;;;;;;;2;;;;
19/07/2020;04:19:00;54;sem vítima;113;BR-060/GO;Norte;Choque - Defensa;1;;;;;;;;;;1;;;;
19/07/2020;06:36:00;71;com vítima;80;BR-060/GO;Norte;Capotamento;1;;;;;;;;;;0;1;;;
19/07/2020;10:06:00;148;com vítima;37;BR-060/GO;Sul;Queda de Ciclista;;1;;;;;;;;;0;1;;;
19/07/2020;18:35:00;425;sem vítima;3;BR-060/DF;Norte;Colisão Traseira;1;;;1;;;;;;;2;;;;
19/07/2020;18:57:00;441;sem vítima;40;BR-060/GO;Sul;Saida de Pista;1;;;;;1;;;;;2;;;;
19/07/2020;19:58:00;464;sem vítima;57,122;BR-060/GO;Norte;Engavetamento;;;3;;;;;;;;3;;;;
19/07/2020;22:02:00;512;sem vítima;367,2;BR-262/MG;Leste;Colisão Traseira;1;;;1;;;;;;;4;;;;
20/07/2020;06:24:00;64;sem vítima;0,3;BR-153/MG;Norte;Tombamento;;;1;;;;;;;;1;;;;
20/07/2020;06:26:00;65;sem vítima;459,5;BR-262/MG;Leste;Colisão Traseira;1;;1;;;;;;;;3;;;;
20/07/2020;07:51:00;98;sem vítima;403;BR-262/MG;Leste;Capotamento;1;;;;;;;;;;1;;;;
20/07/2020;13:25:00;269;com vítima;508,993;BR-153/GO;Norte;Queda de Moto;;;;1;;;;;;;0;1;;;
20/07/2020;14:58:00;320;com vítima;818;BR-262/MG;Oeste;Saida de Pista;;;;;;;;;;1;1;1;;;
20/07/2020;16:50:00;386;sem vítima;366;BR-262/MG;Oeste;Colisão Traseira;;;1;;;;;;;1;2;;;;
20/07/2020;23:30:00;514;sem vítima;581;BR-153/GO;Norte;Saida de Pista;1;;;;;;;;;;1;;;;
21/07/2020;06:53:00;62;sem vítima;366;BR-262/MG;Leste;Colisão Lateral;1;;1;;;;;;;;2;;;;
21/07/2020;11:55:00;231;sem vítima;557;BR-153/GO;Norte;Colisão Traseira;1;;1;;;;;;;;2;;;;
21/07/2020;12:28:00;265;sem vítima;67;BR-060/GO;Sul;Choque - Elemento de Drenagem;1;;;;;;;;;;1;;;;
21/07/2020;18:29:00;446;sem vítima;67;BR-060/GO;Norte;Saida de Pista;1;;;;;;;;;;1;;;;
21/07/2020;18:29:00;447;sem vítima;509;BR-153/GO;Sul;Colisão Lateral;1;;;;;1;;;;;3;;;;
21/07/2020;18:59:00;463;sem vítima;398;BR-262/MG;Leste;Atropelamento de Animal;1;;;;;;;;;;3;;;;
21/07/2020;20:04:00;490;com vítima;501;BR-153/GO;Sul;Queda de Moto;;;;1;;;;;;;1;1;;;
22/07/2020;02:01:00;33;sem vítima;876,5;BR-262/MG;Oeste;Saida de Pista;1;;;;;;;;;;1;;;;
22/07/2020;06:21:00;64;sem vítima;6,5;BR-060/GO;Norte;Colisão Traseira;1;;1;;;;;;;;5;;;;
22/07/2020;09:32:00;167;sem vítima;364;BR-262/MG;Oeste;Colisão Traseira;2;;;;;;;;;;5;;;;
22/07/2020;11:11:00;228;sem vítima;548,3;BR-153/GO;Sul;Capotamento;;;1;;;;;;;;1;;;;
22/07/2020;17:01:00;431;sem vítima;372;BR-262/MG;Oeste;Colisão Lateral;1;;1;;;;;;;;2;;;;
22/07/2020;17:23:00;446;com vítima;802;BR-262/MG;Leste;Choque - Veiculo parado no acostamento;;;1;1;;;;;;;1;;1;;
22/07/2020;18:56:00;486;sem vítima;57;BR-153/MG;Sul;Choque - Elemento de Drenagem;1;;;;;1;;;;;2;;;;
22/07/2020;19:59:00;520;com vítima;437;BR-262/MG;Leste;Colisão Traseira;;;2;;;;;;;;1;;;;1
22/07/2020;20:55:00;536;com vítima;595;BR-262/MG;Oeste;Tombamento;;;1;;;;;;;;0;1;;;
22/07/2020;21:31:00;549;sem vítima;438;BR-262/MG;Leste;Colisão Traseira;2;;;;;;;;;;3;;;;
23/07/2020;04:21:00;40;com vítima;562;BR-262/MG;Leste;Saida de Pista;;;1;;;;;;;;1;;1;;
23/07/2020;09:01:00;99;com vítima;355;BR-262/MG;Oeste;Saida de Pista;1;;;;;1;;;;;1;;1;;
23/07/2020;10:50:00;158;sem vítima;124,14;BR-060/GO;Norte;Queda de Moto;;;;1;;;;;;;1;;;;
23/07/2020;10:58:00;166;sem vítima;498,5;BR-153/GO;Sul;Colisão Traseira;1;;;;;;;;;1;2;;;;
23/07/2020;11:15:00;178;sem vítima;29;BR-060/GO;Sul;Choque - Defensa;1;;;;;;;;;;1;;;;
23/07/2020;12:44:00;217;sem vítima;498,5;BR-153/GO;Norte;Engavetamento;1;;2;;;;;;;1;4;;;;
23/07/2020;19:22:00;391;com vítima;104;BR-153/MG;Norte;Capotamento;1;;1;;;;;;;;2;1;;;
24/07/2020;08:52:00;89;sem vítima;491,974;BR-153/GO;Sul;Colisão Frontal;1;;1;;;;;;;;3;;;;
24/07/2020;14:25:00;244;com vítima;193;BR-153/MG;Sul;Tombamento;;;1;;;;;;;;0;1;;;
24/07/2020;14:55:00;252;com vítima;357,15;BR-262/MG;Leste;Queda de Moto;;;;1;;;;;;;0;2;;;
24/07/2020;15:47:00;279;sem vítima;107;BR-060/GO;Sul;Colisão Traseira;1;;;;;;;;;1;3;;;;
24/07/2020;16:46:00;305;com vítima;6,777;BR-060/GO;Norte;Queda de Ciclista;;;;1;;;;;;;0;;1;;
24/07/2020;17:23:00;322;sem vítima;2,7;BR-153/MG;Norte;Capotamento;1;;;;;;;;;;1;;;;
24/07/2020;21:51:00;433;sem vítima;560;BR-262/MG;Oeste;Tombamento;;;1;;;1;;;;;2;;;;
25/07/2020;01:02:00;13;com vítima;746;BR-262/MG;Oeste;Capotamento;1;;;;;;;;;;3;;;1;
25/07/2020;00:55:00;17;sem vítima;432,903;BR-262/MG;Oeste;Colisão Traseira;;;2;;;;;;;;2;;;;
25/07/2020;05:36:00;65;sem vítima;74;BR-060/GO;Norte;Choque - Talude;1;;;;;;;;;;2;;;;
25/07/2020;10:47:00;196;sem vítima;55,9;BR-153/MG;Sul;Colisão Lateral;1;;1;;;;;;;;2;;;;
25/07/2020;12:33:00;252;sem vítima;5,791;BR-060/DF;Sul;Colisão Lateral;1;;1;;;;;;;;2;;;;
25/07/2020;15:52:00;343;com vítima;472;BR-262/MG;Leste;Queda de Moto;;;;1;;;;;;;0;;1;;
25/07/2020;15:56:00;346;sem vítima;12,183;BR-060/GO;Sul;Choque - Elemento de Drenagem;1;;;;;;;;;;2;;;;
25/07/2020;16:29:00;358;com vítima;23,662;BR-060/DF;Sul;Capotamento;1;;;;;;;;;;0;;;1;1
25/07/2020;16:40:00;367;sem vítima;878;BR-262/MG;Leste;Saida de Pista;1;;;;;;;;;;1;;;;
25/07/2020;16:50:00;373;sem vítima;500,8;BR-153/GO;Sul;Capotamento;1;;;;;;;;;;1;;;;
25/07/2020;18:17:00;419;com vítima;465;BR-262/MG;Oeste;Queda de Ciclista;;1;;;;;;;;;0;1;;;
25/07/2020;18:36:00;435;com vítima;521;BR-153/GO;Norte;Queda de Moto;;;;1;;;;;;;0;1;;;
25/07/2020;18:50:00;445;sem vítima;92;BR-060/GO;Sul;Saida de Pista;;;;;;;;;;1;2;;;;
25/07/2020;20:05:00;480;sem vítima;68;BR-060/GO;Norte;Saida de Pista;1;;;;;;;;;;1;;;;
26/07/2020;02:33:00;28;com vítima;35;BR-153/MG;Norte;Queda de Moto;;;;1;;;;;;;0;;1;;
26/07/2020;09:24:00;127;com vítima;355;BR-262/MG;Oeste;Queda de Moto;;;;1;;;;;;;0;2;;;
26/07/2020;10:02:00;146;sem vítima;364;BR-262/MG;Oeste;Colisão Traseira;2;;;;;;;;;;2;;;;
26/07/2020;18:38:00;405;com vítima;239,9;BR-153/MG;Sul;Queda de Ciclista;;1;;;;;;;;;0;1;;;
27/07/2020;06:50:00;68;sem vítima;368;BR-262/MG;Leste;Choque - Outros;1;;;;;;;;;;1;;;;
27/07/2020;08:23:00;93;sem vítima;92,115;BR-060/GO;Sul;Choque- Poste/Equipamento;;;2;;;;;;;;2;;;;
27/07/2020;11:54:00;210;sem vítima;553,8;BR-262/MG;Oeste;Colisão Traseira;1;;;;;;;;;1;3;;;;
27/07/2020;12:42:00;235;com vítima;630,952;BR-153/GO;Sul;Colisão Traseira;;;1;1;;;;;;;1;;1;;
27/07/2020;16:14:00;304;sem vítima;900;BR-262/MG;Leste;Colisão Traseira;;;2;;;;;;;;2;;;;
27/07/2020;17:39:00;347;sem vítima;97;BR-060/GO;Sul;Atropelamento - Ciclista;1;1;;;;;;;;;2;;;;
27/07/2020;23:32:00;443;com vítima;484,707;BR-262/MG;Oeste;Saida de Pista;;;;;;1;;;;1;1;1;;;
28/07/2020;01:01:00;14;sem vítima;502;BR-153/GO;Sul;Colisão Traseira;;;2;;;;;;;;2;;;;
28/07/2020;05:57:00;48;sem vítima;506,5;BR-153/GO;Sul;Queda de Moto;;;;1;;;;;;;1;;;;
28/07/2020;06:33:00;56;com vítima;505,422;BR-153/GO;Norte;Colisão Lateral;1;;;1;;;;;;;1;;1;;
28/07/2020;06:47:00;63;com vítima;494,387;BR-153/GO;Sul;Colisão Traseira;;;;2;;;;;;;1;1;;;
28/07/2020;09:16:00;139;sem vítima;363,35;BR-262/MG;Leste;Colisão Traseira;2;;;;;;;;;;7;;;;
28/07/2020;10:54:00;198;com vítima;51,292;BR-060/GO;Norte;Capotamento;1;;;;;;;;;;2;1;1;;
28/07/2020;11:29:00;212;sem vítima;22;BR-153/MG;Norte;Saida de Pista;1;;;;;;;;;;1;;;;
28/07/2020;13:25:00;264;sem vítima;521,7;BR-153/GO;Norte;Queda de Moto;;;;1;;;;;;;1;;;;
28/07/2020;16:25:00;350;sem vítima;508,492;BR-153/GO;Norte;Choque- Placa/Suporte Sinalização;;;1;;;;;;;;3;;;;
28/07/2020;17:43:00;396;sem vítima;83;BR-153/MG;Norte;Colisão Traseira;;;1;;;;;;;1;3;;;;
29/07/2020;05:48:00;61;com vítima;630;BR-153/GO;Norte;Colisão Traseira;;;2;;;;;;;;1;1;;;
29/07/2020;06:31:00;66;sem vítima;557,639;BR-153/GO;Norte;Colisão Lateral;1;;1;;;;;;;;2;;;;
29/07/2020;07:10:00;77;sem vítima;362;BR-262/MG;Oeste;Colisão Traseira;2;;;;;;;;;;2;;;;
29/07/2020;07:24:00;86;sem vítima;364;BR-262/MG;Oeste;Colisão Traseira;;;2;;;;;;;;2;;;;
29/07/2020;09:30:00;147;sem vítima;11,073;BR-060/DF;Norte;Colisão Traseira;;;2;;;;;;;;3;;;;
29/07/2020;12:59:00;257;com vítima;653;BR-153/GO;Norte;Capotamento;;;1;;;;;;;;0;1;;;
29/07/2020;14:26:00;292;sem vítima;129;BR-060/GO;Norte;Saida de Pista;1;;;;;;;;;;2;;;;
29/07/2020;15:58:00;333;sem vítima;400;BR-262/MG;Leste;Colisão Frontal;1;;;;;;;;;;1;;;;
29/07/2020;19:16:00;438;sem vítima;444;BR-262/MG;Oeste;Colisão Traseira;2;;;;;;;;;;2;;;;
30/07/2020;09:54:00;204;sem vítima;503;BR-153/GO;Sul;Engavetamento;2;;;1;;;;;;1;4;;;;
30/07/2020;12:39:00;297;com vítima;504;BR-153/GO;Norte;Queda de Moto;;;2;1;;;;;;;2;;1;;
30/07/2020;12:43:00;298;sem vítima;30,15;BR-060/GO;Sul;Colisão Lateral;2;;;;;;;;;;2;;;;