data;horario;n_da_ocorrencia;tipo_de_ocorrencia;km;trecho;sentido;tipo_de_acidente;automovel;bicicleta;caminhao;moto;onibus;outros;tracao_animal;transporte_de_cargas_especiais;trator_maquinas;utilitarios;ilesos;levemente_feridos;moderadamente_feridos;gravemente_feridos;mortos
15/08/2020;16:22:00;385;ac03 - Acidente com Danos Materiais;525;BR-262/MG;Oeste;Saida de Pista;1;;;;;;;;;;1;;;;
15/08/2020;17:57:00;440;ac01 - Acidente com Vítima Fatal;239,5;BR-153/MG;Sul;Choque - Arvore;;;;;;;;;;1;0;;;;1
15/08/2020;18:55:00;461;ac03 - Acidente com Danos Materiais;409;BR-262/MG;Oeste;Capotamento;1;;;;;;;;;;1;;;;
15/08/2020;19:33:00;477;ac03 - Acidente com Danos Materiais;581;BR-262/MG;Oeste;Queda de Moto;;;1;1;;;;;;;2;;;;
15/08/2020;19:38:00;478;ac03 - Acidente com Danos Materiais;43;BR-060/GO;Norte;Colisão Traseira;2;;;;;;;;;;2;;;;
15/08/2020;19:55:00;484;ac03 - Acidente com Danos Materiais;386;BR-262/MG;Oeste;Saida de Pista;1;;;;;;;;;;1;;;;
15/08/2020;20:59:00;507;ac03 - Acidente com Danos Materiais;505;BR-153/GO;Sul;Engavetamento;1;;1;;;1;;;;;3;;;;
15/08/2020;21:09:00;511;ac03 - Acidente com Danos Materiais;423;BR-262/MG;Oeste;Queda de Moto;;;;1;;;;;;;1;;;;
15/08/2020;22:03:00;524;ac03 - Acidente com Danos Materiais;443;BR-262/MG;Oeste;;;;;1;;;;;;;1;;;;
16/08/2020;00:11:00;2;ac02 - Acidente com Vítima;524,3;BR-153/GO;Norte;Tombamento;;;1;;;;;;;;0;1;;;
16/08/2020;04:22:00;39;ac03 - Acidente com Danos Materiais;136;BR-060/GO;Norte;Saida de Pista;1;;;;;;;;;;1;;;;
16/08/2020;04:36:00;41;ac03 - Acidente com Danos Materiais;23,9;BR-153/MG;Norte;Tombamento;;;1;;;;;;;;1;;;;
16/08/2020;14:13:00;262;ac03 - Acidente com Danos Materiais;475;BR-262/MG;Leste;Saida de Pista;1;;;;;;;;;;4;;;;
16/08/2020;16:41:00;328;ac03 - Acidente com Danos Materiais;738,5;BR-262/MG;Oeste;Saida de Pista;;;;;;;;;;1;1;;;;
16/08/2020;18:47:00;392;ac02 - Acidente com Vítima;9;BR-060/DF;Norte;Colisão Traseira;1;;1;;;;;;;;3;;1;;
16/08/2020;19:00:00;402;ac02 - Acidente com Vítima;28;BR-060/GO;Sul;Colisão Traseira;1;;;;;;;;;1;0;7;;;
16/08/2020;19:03:00;403;ac02 - Acidente com Vítima;442,518;BR-262/MG;Leste;Engavetamento;3;;;;;2;;;;;8;;1;;
16/08/2020;19:17:00;408;ac03 - Acidente com Danos Materiais;444;BR-262/MG;Oeste;Colisão Traseira;2;;;;;;;;;;2;;;;
16/08/2020;19:42:00;418;ac03 - Acidente com Danos Materiais;436,05;BR-262/MG;Oeste;Colisão Lateral;1;;1;;;;;;;;5;;;;
16/08/2020;20:08:00;427;ac02 - Acidente com Vítima;509,3;BR-262/MG;Oeste;Capotamento;;;1;;;;;;;;0;;1;;
16/08/2020;21:49:00;456;ac01 - Acidente com Vítima Fatal;442,896;BR-262/MG;Leste;Atropelamento - Sem Informação;;;;;;1;;;;;1;;;;1
17/08/2020;07:54:00;69;ac03 - Acidente com Danos Materiais;506;BR-153/GO;Sul;Colisão Lateral;2;;;;;;;;;;2;;;;
17/08/2020;07:56:00;71;ac03 - Acidente com Danos Materiais;43;BR-060/GO;Sul;Engavetamento;3;;;;;;;;;;4;;;;
17/08/2020;08:28:00;89;ac03 - Acidente com Danos Materiais;553;BR-153/GO;Norte;Colisão Traseira;2;;;;;;;;;;2;;;;
17/08/2020;13:18:00;200;ac03 - Acidente com Danos Materiais;529,873;BR-153/GO;Sul;Choque - Elemento de Drenagem;1;;;;;;;;;;1;;;;
17/08/2020;15:56:00;261;ac02 - Acidente com Vítima;508,507;BR-153/GO;Sul;Colisão Lateral;;;1;1;;;;;;1;2;;1;;
17/08/2020;18:04:00;321;ac03 - Acidente com Danos Materiais;484,209;BR-262/MG;Leste;Tombamento;;;1;;;;;;;;1;;;;
18/08/2020;02:47:00;36;ac02 - Acidente com Vítima;12;BR-153/MG;Sul;Tombamento;;;1;;;;;;;;0;2;;;
18/08/2020;09:15:00;146;ac03 - Acidente com Danos Materiais;376,651;BR-262/MG;Oeste;Colisão Lateral;1;1;;;;;;;;;2;;;;
18/08/2020;19:17:00;445;ac02 - Acidente com Vítima;495;BR-153/GO;Norte;Queda de Ciclista;;;;1;;;;;;;0;1;;;
18/08/2020;20:12:00;468;ac02 - Acidente com Vítima;367;BR-262/MG;Oeste;Queda de Moto;;;;1;;;;;;;1;;1;;
18/08/2020;20:12:00;479;ac03 - Acidente com Danos Materiais;366;BR-262/MG;Leste;Saida de Pista;1;;;;;;;;;;1;;;;
18/08/2020;20:47:00;483;ac03 - Acidente com Danos Materiais;506,9;BR-153/GO;Sul;Engavetamento;2;;1;;;;;;;;4;;;;
18/08/2020;21:04:00;488;ac03 - Acidente com Danos Materiais;506,9;BR-153/GO;Norte;Objeto lançado contra veículo;2;;;;;2;;;;;4;;;;
18/08/2020;21:44:00;503;ac02 - Acidente com Vítima;9;BR-060/DF;Norte;Capotamento;1;;;;;;;;;;0;1;;;
18/08/2020;23:00:00;523;ac03 - Acidente com Danos Materiais;546;BR-262/MG;Leste;Tombamento;;;1;;;;;;;;1;;;;
19/08/2020;02:20:00;24;ac02 - Acidente com Vítima;624;BR-153/GO;Sul;Saida de Pista;1;;;;;;;;;;0;1;;;
19/08/2020;03:33:00;44;ac03 - Acidente com Danos Materiais;11;BR-060/DF;Sul;Saida de Pista;1;;;;;;;;;;1;;;;
19/08/2020;05:50:00;62;ac03 - Acidente com Danos Materiais;486;BR-262/MG;Oeste;Colisão Lateral;;;2;;;;;;;;2;;;;
19/08/2020;07:08:00;84;ac03 - Acidente com Danos Materiais;443;BR-262/MG;Leste;Colisão Traseira;1;;;1;;;;;;;2;;;;
19/08/2020;12:24:00;250;ac03 - Acidente com Danos Materiais;51,8;BR-153/MG;Norte;Capotamento;1;;;;;;;;;;1;;;;
19/08/2020;13:41:00;286;ac03 - Acidente com Danos Materiais;3;BR-153/MG;Norte;Capotamento;1;;;;;;;;;;1;;;;
19/08/2020;13:52:00;293;ac03 - Acidente com Danos Materiais;820;BR-262/MG;Oeste;Capotamento;1;;;;;;;;;;1;;;;
19/08/2020;15:40:00;339;ac03 - Acidente com Danos Materiais;597;BR-153/GO;Norte;Saida de Pista;1;;;;;;;;;;2;;;;
19/08/2020;16:36:00;366;ac03 - Acidente com Danos Materiais;503;BR-153/GO;Norte;Queda de Ciclista;;;;1;;;;;;;2;;;;
19/08/2020;17:25:00;393;ac03 - Acidente com Danos Materiais;501;BR-153/GO;Sul;Colisão Traseira;2;;;;;;;;;;2;;;;
19/08/2020;18:43:00;425;ac03 - Acidente com Danos Materiais;501;BR-153/GO;Sul;Engavetamento;3;;;;;1;;;;;4;;;;
19/08/2020;20:57:00;480;ac03 - Acidente com Danos Materiais;31;BR-060/DF;Norte;Colisão Traseira;2;;;;;;;;;;2;;;;
19/08/2020;22:38:00;516;ac02 - Acidente com Vítima;532;BR-153/GO;Norte;Choque- Poste/Equipamento;1;;;;;;;;;;1;1;;;
20/08/2020;08:00:00;109;ac03 - Acidente com Danos Materiais;480;BR-262/MG;Oeste;Colisão Lateral;1;;1;;;;;;;;4;;;;
20/08/2020;10:07:00;166;ac02 - Acidente com Vítima;105,6;BR-060/GO;Sul;Tombamento;;;1;;;;;;;;1;1;;;
20/08/2020;10:15:00;172;ac03 - Acidente com Danos Materiais;471,15;BR-262/MG;Leste;Choque - Elemento de Drenagem;1;;1;;;;;;;;2;;;;
20/08/2020;10:35:00;189;ac03 - Acidente com Danos Materiais;104,633;BR-060/GO;Sul;Capotamento;1;;;;;;;;;;1;;;;
20/08/2020;10:35:00;190;ac02 - Acidente com Vítima;673;BR-153/GO;Sul;Colisão Traseira;;;2;;;;;;;;1;1;;;
20/08/2020;11:53:00;231;ac03 - Acidente com Danos Materiais;508,9;BR-153/GO;Sul;Colisão Traseira;1;;;1;;;;;;;2;;;;
20/08/2020;12:08:00;238;ac02 - Acidente com Vítima;227;BR-153/MG;Norte;Saida de Pista;;;;;;;;;;1;0;;1;;
20/08/2020;14:41:00;301;ac02 - Acidente com Vítima;359;BR-262/MG;Leste;Colisão Transversal;2;;;;;;;;;;2;;1;;
20/08/2020;19:01:00;414;ac02 - Acidente com Vítima;548;BR-262/MG;Oeste;Colisão Traseira;;;1;;;;;;;1;1;;1;;
20/08/2020;19:45:00;432;ac03 - Acidente com Danos Materiais;717;BR-262/MG;Oeste;Choque - Arvore;;;1;;;;;;;;3;;;;
20/08/2020;20:19:00;449;ac03 - Acidente com Danos Materiais;5;BR-060/GO;Sul;Saida de Pista;1;;;;;;;;;;1;;;;
20/08/2020;21:02:00;468;ac02 - Acidente com Vítima;500;BR-153/GO;Sul;Colisão Lateral;2;;;;;;;;;;1;;2;;
21/08/2020;00:41:00;16;ac02 - Acidente com Vítima;701,7;BR-262/MG;Oeste;Tombamento;;;1;;;;;;;;0;1;;;
21/08/2020;08:22:00;126;ac03 - Acidente com Danos Materiais;553;BR-262/MG;Leste;Choque- Placa/Suporte Sinalização;1;;;;;;;;;;1;;;;
21/08/2020;09:26:00;164;ac03 - Acidente com Danos Materiais;414,23;BR-262/MG;Oeste;Choque - Elemento de Drenagem;1;;;;;;;;;;1;;;;
21/08/2020;11:12:00;219;ac03 - Acidente com Danos Materiais;544,7;BR-262/MG;Oeste;Choque - Elemento de Drenagem;1;;;;;;;;;;2;;;;
21/08/2020;14:32:00;319;ac03 - Acidente com Danos Materiais;518,35;BR-262/MG;Leste;Saida de Pista;1;;;;;1;;;;;2;;;;
21/08/2020;16:34:00;373;ac03 - Acidente com Danos Materiais;553;BR-153/GO;Norte;Colisão Traseira;;;1;;;;;;;1;2;;;;
21/08/2020;16:44:00;380;ac02 - Acidente com Vítima;380,3;BR-262/MG;Leste;Choque - Elemento de Drenagem;;;;;;;;;;1;0;;1;;
21/08/2020;19:07:00;442;ac03 - Acidente com Danos Materiais;520,8;BR-262/MG;Leste;Colisão Lateral;1;;;;;;;;;1;5;;;;
21/08/2020;19:40:00;447;ac03 - Acidente com Danos Materiais;519,739;BR-262/MG;Leste;Tombamento;;;1;;;;;;;;1;;;;
21/08/2020;20:35:00;474;ac03 - Acidente com Danos Materiais;239,264;BR-153/MG;Norte;Saida de Pista;1;;;;;;;;;;1;;;;
21/08/2020;22:32:00;504;ac02 - Acidente com Vítima;561;BR-262/MG;Oeste;Queda de Ciclista;;1;;;;;;;;;0;1;;;
21/08/2020;23:09:00;513;ac03 - Acidente com Danos Materiais;519,739;BR-262/MG;Leste;Carreta deu L;;;2;;;;;;;;2;;;;
22/08/2020;00:04:00;5;ac03 - Acidente com Danos Materiais;520;BR-262/MG;Oeste;Saida de Pista;;;1;;;;;;;;1;;;;
22/08/2020;03:02:00;36;ac03 - Acidente com Danos Materiais;547,949;BR-262/MG;Oeste;Choque - Elemento de Drenagem;1;;;;;;;;;;2;;;;
22/08/2020;03:07:00;38;ac02 - Acidente com Vítima;611,877;BR-262/MG;Leste;Capotamento;1;;;;;;;;;;0;1;;;
22/08/2020;03:58:00;50;ac02 - Acidente com Vítima;624,625;BR-262/MG;Oeste;Tombamento;;;1;;;;;;;;0;;;1;
22/08/2020;04:30:00;54;ac03 - Acidente com Danos Materiais;381,768;BR-262/MG;Leste;Saida de Pista;1;;;;;;;;;;3;;;;
22/08/2020;06:59:00;72;ac03 - Acidente com Danos Materiais;362;BR-262/MG;Leste;Capotamento;1;;;;;;;;;;4;;;;
22/08/2020;07:33:00;87;ac02 - Acidente com Vítima;479;BR-262/MG;Leste;Choque - Elemento de Drenagem;;;1;;;;;;;;2;1;;;
22/08/2020;08:01:00;98;ac03 - Acidente com Danos Materiais;380;BR-262/MG;Leste;Saida de Pista;;;;;;;;;;1;2;;;;
22/08/2020;08:14:00;105;ac03 - Acidente com Danos Materiais;388;BR-262/MG;Leste;Capotamento;1;;;;;;;;;;1;;;;
22/08/2020;09:17:00;137;ac03 - Acidente com Danos Materiais;553,5;BR-262/MG;Oeste;Saida de Pista;1;;;;;;;;;;1;;;;
22/08/2020;09:32:00;144;ac03 - Acidente com Danos Materiais;407,5;BR-262/MG;Leste;Capotamento;1;;;;;;;;;;2;;;;
22/08/2020;09:38:00;148;ac03 - Acidente com Danos Materiais;471;BR-262/MG;Oeste;Colisão Traseira;2;;1;;;;;;;;4;;;;
22/08/2020;10:15:00;170;ac03 - Acidente com Danos Materiais;60;BR-153/MG;Norte;Carreta deu L;;;1;;;;;;;;1;;;;
22/08/2020;10:30:00;176;ac03 - Acidente com Danos Materiais;507;BR-153/GO;Norte;Choque- Poste/Equipamento;1;;;;;;;;;;1;;;;
22/08/2020;11:06:00;188;ac03 - Acidente com Danos Materiais;378;BR-262/MG;Leste;Choque - Elemento de Drenagem;1;;;;;;;;;;1;;;;
22/08/2020;11:36:00;198;ac02 - Acidente com Vítima;378;BR-262/MG;Leste;Capotamento;1;;;;;;;;;;0;1;;;
22/08/2020;11:40:00;200;ac02 - Acidente com Vítima;401,2;BR-262/MG;Leste;Choque - Barreira;1;;;;;;;;;;0;1;1;;
22/08/2020;12:53:00;230;ac03 - Acidente com Danos Materiais;353;BR-262/MG;Oeste;Saida de Pista;1;;;;;;;;;;1;;;;
22/08/2020;13:06:00;236;ac03 - Acidente com Danos Materiais;611;BR-262/MG;Oeste;Carreta deu L;;;1;;;;;;;;3;;;;
22/08/2020;14:46:00;286;ac03 - Acidente com Danos Materiais;40;BR-060/GO;Sul;Choque - Talude;1;;;;;;;;;;1;;;;
22/08/2020;18:07:00;391;ac03 - Acidente com Danos Materiais;549;BR-262/MG;Oeste;Saida de Pista;1;;;;;;;;;;3;;;;
22/08/2020;19:36:00;422;ac02 - Acidente com Vítima;118;BR-060/GO;Norte;Queda de Moto;;;;1;;;;;;;0;;1;;
23/08/2020;04:24:00;43;ac03 - Acidente com Danos Materiais;505,684;BR-153/GO;Sul;Colisão Lateral;2;;;;;;;;;;2;;;;
23/08/2020;06:31:00;67;ac03 - Acidente com Danos Materiais;100;BR-153/MG;Norte;Saida de Pista;1;;;;;;;;;;1;;;;
23/08/2020;10:06:00;149;ac03 - Acidente com Danos Materiais;134;BR-153/MG;Norte;Colisão Lateral;1;;1;;;;;;;;2;;;;
23/08/2020;11:03:00;168;ac03 - Acidente com Danos Materiais;553;BR-262/MG;Oeste;Tombamento;;;1;;;;;;;;1;;;;
23/08/2020;11:21:00;177;ac03 - Acidente com Danos Materiais;631;BR-153/GO;Sul;Saida de Pista;;;;;;;;;;1;2;;;;
23/08/2020;12:56:00;204;ac03 - Acidente com Danos Materiais;500;BR-153/GO;Norte;Colisão Lateral;1;;1;;;;;;;;2;;;;
23/08/2020;17:07:00;313;ac03 - Acidente com Danos Materiais;829;BR-262/MG;Leste;Choque- Placa/Suporte Sinalização;1;;;;;;;;;;1;;;;
23/08/2020;17:16:00;319;ac02 - Acidente com Vítima;687,5;BR-262/MG;Oeste;Capotamento;1;;;;;;;;;;1;;;1;
23/08/2020;17:34:00;328;ac03 - Acidente com Danos Materiais;83;BR-060/GO;Sul;Capotamento;1;;;;;;;;;;4;;;;
24/08/2020;01:06:00;15;ac03 - Acidente com Danos Materiais;437,9;BR-262/MG;Leste;Saida de Pista;1;;;;;;;;;;2;;;;
24/08/2020;06:53:00;74;ac03 - Acidente com Danos Materiais;785;BR-262/MG;Oeste;Colisão Traseira;2;;1;;;;;;;;3;;;;
24/08/2020;07:49:00;96;ac03 - Acidente com Danos Materiais;183;BR-153/MG;Norte;Tombamento;;;1;;;;;;;;2;;;;
24/08/2020;08:39:00;117;ac02 - Acidente com Vítima;0,8;BR-060/DF;Norte;Colisão Traseira;1;;;1;;;;;;;1;1;;;
24/08/2020;11:50:00;219;ac02 - Acidente com Vítima;94,316;BR-060/GO;Sul;Colisão Traseira;1;;;;;;;;;1;1;1;;;
24/08/2020;12:02:00;229;ac03 - Acidente com Danos Materiais;4;BR-060/DF;Norte;Colisão Lateral;2;;;;;;;;;;2;;;;
24/08/2020;13:55:00;285;ac02 - Acidente com Vítima;502;BR-153/GO;Norte;Queda de Moto;;;1;1;;;;;;;1;;1;;
24/08/2020;16:06:00;359;ac02 - Acidente com Vítima;368,8;BR-262/MG;Oeste;Queda de Moto;;;;1;;;;;;;0;;1;;
24/08/2020;18:16:00;418;ac02 - Acidente com Vítima;6;BR-060/DF;Sul;Queda de Moto;1;;;1;;;;;;;1;1;;;
24/08/2020;22:25:00;511;ac02 - Acidente com Vítima;492;BR-153/GO;Sul;Atropelamento - Ciclista;1;1;;;;;;;;;1;;;1;
24/08/2020;23:35:00;527;ac03 - Acidente com Danos Materiais;128;BR-060/GO;Sul;Queda de Moto;;;;1;;;;;;;1;;;;
25/08/2020;11:20:00;238;ac02 - Acidente com Vítima;575;BR-262/MG;Oeste;Tombamento;;;1;;;;;;;;0;;1;;
25/08/2020;17:39:00;458;ac02 - Acidente com Vítima;431;BR-262/MG;Leste;Queda de Moto;;;;1;;;;;;;0;1;;;
25/08/2020;23:25:00;571;ac02 - Acidente com Vítima;667,4;BR-153/GO;Norte;Colisão Traseira;1;;1;;;;;;;;3;1;;;
26/08/2020;00:19:00;15;ac03 - Acidente com Danos Materiais;388,9;BR-262/MG;Oeste;Colisão Traseira;;;1;;;;;;;1;2;;;;
26/08/2020;00:56:00;25;ac02 - Acidente com Vítima;624,3;BR-262/MG;Leste;Tombamento;;;1;;;2;;;;;2;;1;;
26/08/2020;08:27:00;122;ac03 - Acidente com Danos Materiais;531;BR-153/GO;Sul;Colisão Traseira;1;;1;;;;;;;;2;;;;
26/08/2020;14:25:00;339;ac03 - Acidente com Danos Materiais;473,8;BR-262/MG;Leste;Colisão Traseira;2;;;;;;;;;;2;;;;
26/08/2020;19:23:00;472;ac02 - Acidente com Vítima;91,064;BR-153/MG;Sul;Tombamento;;;1;;;;;;;;0;1;;;
26/08/2020;19:23:00;473;ac03 - Acidente com Danos Materiais;125;BR-060/GO;Norte;Saida de Pista;;;1;;;;;;;1;3;;;;
26/08/2020;19:34:00;479;ac03 - Acidente com Danos Materiais;91;BR-153/MG;Norte;Choque - Objeto sobre a pista;;;;;;;;;;1;1;;;;
26/08/2020;20:47:00;501;ac03 - Acidente com Danos Materiais;848;BR-262/MG;Oeste;Tombamento;;;1;;;1;;;;;2;;;;
26/08/2020;21:31:00;510;ac03 - Acidente com Danos Materiais;2;BR-060/DF;Norte;Saida de Pista;1;;1;;;;;;;;2;;;;
26/08/2020;22:35:00;525;ac03 - Acidente com Danos Materiais;365;BR-262/MG;Leste;Atropelamento de Animal;;;;;;;;;;1;1;;;;
27/08/2020;04:03:00;40;ac03 - Acidente com Danos Materiais;73;BR-060/GO;Sul;Capotamento;1;;;;;;;;;;1;;;;
27/08/2020;05:11:00;47;ac03 - Acidente com Danos Materiais;594;BR-153/GO;Norte;Colisão Traseira;;;2;;;;;;;;2;;;;
27/08/2020;09:06:00;134;ac03 - Acidente com Danos Materiais;510,6;BR-153/GO;Sul;Queda de Moto;;;;1;;;;;;;1;;;;
27/08/2020;10:13:00;179;ac03 - Acidente com Danos Materiais;586,169;BR-262/MG;Oeste;Tombamento;;;1;;;;;;;;1;;;;
27/08/2020;10:37:00;195;ac03 - Acidente com Danos Materiais;497;BR-153/GO;Norte;Queda de Moto;;;;1;;;;;;;2;;;;
27/08/2020;11:02:00;216;ac02 - Acidente com Vítima;6;BR-060/DF;Sul;Colisão Traseira;;;;1;1;;;;;;1;;1;;
27/08/2020;15:22:00;333;ac03 - Acidente com Danos Materiais;420;BR-262/MG;Oeste;Capotamento;1;;;;;;;;;;1;;;;
27/08/2020;16:41:00;366;ac03 - Acidente com Danos Materiais;134,6;BR-153/MG;Norte;Colisão Traseira;;;1;;;;;;;1;2;;;;
27/08/2020;16:46:00;369;ac02 - Acidente com Vítima;612,9;BR-153/GO;Sul;Capotamento;1;;;;;;;;;;0;1;;;
27/08/2020;20:47:00;476;ac02 - Acidente com Vítima;558,834;BR-153/GO;Sul;Choque - Outros;;;1;;;;;;;;0;1;1;;
27/08/2020;23:26:00;529;ac01 - Acidente com Vítima Fatal;894;BR-262/MG;Leste;Colisão Traseira;;;5;;;;;;;;4;;;;1
28/08/2020;01:41:00;12;ac03 - Acidente com Danos Materiais;506;BR-153/GO;Sul;Choque - Defensa;1;;;;;;;;;;1;;;;
28/08/2020;04:21:00;49;ac02 - Acidente com Vítima;148,1;BR-153/MG;Sul;Colisão Transversal;;;2;;;2;;;;;3;;;1;
28/08/2020;08:15:00;98;ac03 - Acidente com Danos Materiais;494,6;BR-153/GO;Sul;Engavetamento;3;;;;;;;;;;3;;;;
28/08/2020;09:12:00;126;ac03 - Acidente com Danos Materiais;499,216;BR-153/GO;Sul;Colisão Traseira;2;;;;;;;;;;4;;;;
28/08/2020;09:59:00;153;ac03 - Acidente com Danos Materiais;845,25;BR-262/MG;Oeste;Capotamento;1;;;;;;;;;;1;;;;
28/08/2020;12:52:00;241;ac02 - Acidente com Vítima;576,374;BR-153/GO;Sul;Saida de Pista;;;1;;;;;;;;0;1;;;
28/08/2020;14:00:00;271;ac03 - Acidente com Danos Materiais;896,15;BR-262/MG;Oeste;Tombamento;;;1;;;;;;;;1;;;;
28/08/2020;14:26:00;285;ac03 - Acidente com Danos Materiais;556,447;BR-153/GO;Norte;Colisão Traseira;;;1;;;;;;;1;2;;;;
28/08/2020;14:48:00;294;ac02 - Acidente com Vítima;30,673;BR-060/GO;Norte;Capotamento;1;;;;;;;;;;0;1;;;
28/08/2020;17:27:00;356;ac02 - Acidente com Vítima;434,266;BR-262/MG;Oeste;Capotamento;1;;;;;;;;;;0;1;;;
28/08/2020;17:38:00;362;ac02 - Acidente com Vítima;765,8;BR-262/MG;Oeste;Tombamento;;;1;;;;;;;;2;;1;;
28/08/2020;18:49:00;401;ac03 - Acidente com Danos Materiais;220;BR-153/MG;Sul;Saida de Pista;;;;;;;;;;1;1;;;;
28/08/2020;20:05:00;435;ac02 - Acidente com Vítima;94,009;BR-060/GO;Norte;Capotamento;1;;;;;;;;;;0;2;;;
28/08/2020;21:03:00;464;ac02 - Acidente com Vítima;14;BR-060/GO;Sul;Capotamento;1;;1;;;;;;;;2;2;;;
28/08/2020;21:09:00;466;ac03 - Acidente com Danos Materiais;97;BR-060/GO;Norte;Choque - Elemento de Drenagem;1;;;;;;;;;;1;;;;
28/08/2020;23:44:00;504;ac03 - Acidente com Danos Materiais;821;BR-262/MG;Leste;Atropelamento de Animal;1;;;;;;;;;;1;;;;
29/08/2020;04:43:00;58;ac03 - Acidente com Danos Materiais;400,5;BR-262/MG;Oeste;Choque - Barreira;1;;;;;;;;;;4;;;;
29/08/2020;05:59:00;68;ac03 - Acidente com Danos Materiais;131,946;BR-060/GO;Norte;Choque - Elemento de Drenagem;1;;;;;;;;;;1;;;;
29/08/2020;06:10:00;70;ac02 - Acidente com Vítima;519,267;BR-153/GO;Sul;Atropelamento - Andarilho;1;;;1;;;;;;;1;;;1;
29/08/2020;07:28:00;87;ac02 - Acidente com Vítima;394,35;BR-262/MG;Oeste;Colisão Transversal;2;;;;;;;;;;1;3;1;;
29/08/2020;12:22:00;228;ac03 - Acidente com Danos Materiais;591,5;BR-153/GO;Norte;Saida de Pista;1;;;;;;;;;;1;;;;
29/08/2020;15:52:00;329;ac03 - Acidente com Danos Materiais;587;BR-262/MG;Leste;Tombamento;;;1;;;;;;;;1;;;;
29/08/2020;16:37:00;358;ac03 - Acidente com Danos Materiais;137,29;BR-060/GO;Norte;Colisão Lateral;2;;;;;;;;;;2;;;;
29/08/2020;16:40:00;360;ac03 - Acidente com Danos Materiais;672;BR-153/GO;Sul;Colisão Lateral;1;;1;;;;;;;;5;;;;
29/08/2020;19:40:00;453;ac03 - Acidente com Danos Materiais;364;BR-262/MG;Oeste;Colisão Traseira;2;;;;;;;;;;5;;;;
29/08/2020;22:11:00;496;ac02 - Acidente com Vítima;506;BR-153/GO;Sul;Queda de Moto;;;;1;;;;;;;0;;1;;
30/08/2020;04:59:00;43;ac03 - Acidente com Danos Materiais;11;BR-060/GO;Norte;Saida de Pista;1;;;;;;;;;;1;;;;
30/08/2020;05:19:00;44;ac03 - Acidente com Danos Materiais;467,31;BR-262/MG;Oeste;Capotamento;1;;;;;;;;;;1;;;;
30/08/2020;06:13:00;51;ac03 - Acidente com Danos Materiais;9,3;BR-153/MG;Norte;Colisão Lateral;1;;1;;;;;;;;4;;;;
30/08/2020;06:54:00;59;ac03 - Acidente com Danos Materiais;632;BR-153/GO;Sul;Saida de Pista;1;;;;;;;;;;1;;;;
30/08/2020;09:48:00;131;ac03 - Acidente com Danos Materiais;40;BR-060/GO;Sul;Queda de Moto;;;;1;;;;;;;1;;;;
30/08/2020;16:43:00;313;ac03 - Acidente com Danos Materiais;129;BR-060/GO;Sul;Colisão Traseira;3;;;;;;;;;;3;;;;
30/08/2020;17:01:00;327;ac03 - Acidente com Danos Materiais;128;BR-060/GO;Sul;Engavetamento;3;;;;;;;;;;3;;;;
30/08/2020;17:40:00;350;ac03 - Acidente com Danos Materiais;524;BR-262/MG;Leste;Capotamento;1;;;;;;;;;;2;;;;
30/08/2020;20:12:00;424;ac03 - Acidente com Danos Materiais;3;BR-060/GO;Norte;Colisão Traseira;2;;;;;;;;;1;4;;;;
30/08/2020;21:00:00;445;ac03 - Acidente com Danos Materiais;638;BR-153/GO;Sul;Saida de Pista;1;;;;;;;;;;1;;;;
31/08/2020;03:32:00;41;ac03 - Acidente com Danos Materiais;506,6;BR-153/GO;Sul;Tombamento;;;1;;;;;;;;1;;;;
31/08/2020;05:09:00;56;ac02 - Acidente com Vítima;541;BR-153/GO;Norte;Colisão Traseira;;;2;;;;;;;;1;1;;;
31/08/2020;08:42:00;136;ac03 - Acidente com Danos Materiais;592,168;BR-262/MG;Leste;Tombamento;;;1;;;;;;;;1;;;;
31/08/2020;09:13:00;155;ac03 - Acidente com Danos Materiais;864;BR-262/MG;Oeste;Colisão Traseira;;;2;;;;;;;;2;;;;
31/08/2020;13:46:00;289;ac03 - Acidente com Danos Materiais;4;BR-060/DF;Sul;Colisão Lateral;1;;1;;;;;;;;4;;;;
31/08/2020;17:48:00;414;ac03 - Acidente com Danos Materiais;55;BR-153/MG;Sul;Saida de Pista;1;;;;;;;;;;2;;;;