data;horario;n_da_ocorrencia;tipo_de_ocorrencia;km;trecho;sentido;tipo_de_acidente;automovel;bicicleta;caminhao;moto;onibus;outros;tracao_animal;transporte_de_cargas_especiais;trator_maquinas;utilitarios;ilesos;levemente_feridos;moderadamente_feridos;gravemente_feridos;mortos
31/08/2020;22:00:00;517;ac03 - Acidente com Danos Materiais;232;BR-153/MG;Sul;Saida de Pista;;;;;;;;;;1;2;;;;
01/09/2020;05:21:00;56;ac03 - Acidente com Danos Materiais;14;BR-060/DF;Norte;Colisão Lateral;;;2;;;;;;;;2;;;;
01/09/2020;07:43:00;86;ac02 - Acidente com Vítima;137,426;BR-060/GO;Sul;Atropelamento - Morador/Trabalhador;1;;;;;;;;;;1;1;;;
01/09/2020;08:14:00;100;ac02 - Acidente com Vítima;137,424;BR-060/GO;Sul;Atropelamento - Morador/Trabalhador;;;1;;;;;;;;1;;;1;
01/09/2020;09:11:00;131;ac02 - Acidente com Vítima;529,611;BR-153/GO;Norte;Capotamento;1;;;;;;;;;;1;1;;;
01/09/2020;14:19:00;286;ac02 - Acidente com Vítima;4,312;BR-060/DF;Norte;Colisão Traseira;2;;;;;;;;;;1;1;;;
01/09/2020;16:57:00;360;ac02 - Acidente com Vítima;354,23;BR-262/MG;Leste;Queda de Moto;;;;1;;;;;;;0;2;;;
01/09/2020;17:01:00;362;ac03 - Acidente com Danos Materiais;464,4;BR-262/MG;Oeste;Engavetamento;;;3;;;;;;;;3;;;;
02/09/2020;06:00:00;74;ac03 - Acidente com Danos Materiais;128,48;BR-060/GO;Sul;Colisão Traseira;;;2;;;;;;;;3;;;;
02/09/2020;08:03:00;117;ac03 - Acidente com Danos Materiais;494,912;BR-153/GO;Sul;Colisão Traseira;;;;;;;;;;2;2;;;;
02/09/2020;08:35:00;135;ac02 - Acidente com Vítima;117,832;BR-060/GO;Sul;Colisão Traseira;1;;1;;;;;;;;2;3;;;
02/09/2020;08:37:00;136;ac03 - Acidente com Danos Materiais;500,4;BR-153/GO;Sul;Colisão Traseira;;;1;;1;;;;;;2;;;;
02/09/2020;09:05:00;148;ac02 - Acidente com Vítima;509,665;BR-153/GO;Sul;Colisão Lateral;;;1;1;;;;;;;1;1;;;
02/09/2020;16:51:00;385;ac02 - Acidente com Vítima;539;BR-153/GO;Sul;Queda de Moto;;;1;1;;;;;;;1;;1;;
02/09/2020;18:28:00;428;ac02 - Acidente com Vítima;516;BR-153/GO;Norte;Queda de Ciclista;;;1;1;;;;;;;1;1;;;
02/09/2020;18:28:00;429;ac02 - Acidente com Vítima;39;BR-060/GO;Sul;Capotamento;1;;;;;;;;;;0;;1;;
02/09/2020;19:56:00;465;ac03 - Acidente com Danos Materiais;594,8;BR-262/MG;Oeste;Saida de Pista;;;1;;;;;;;;1;;;;
02/09/2020;22:37:00;515;ac02 - Acidente com Vítima;387,52;BR-262/MG;Oeste;Capotamento;;;;;;;;;;1;0;;1;;
03/09/2020;04:09:00;33;ac03 - Acidente com Danos Materiais;493;BR-153/GO;Norte;Colisão Traseira;2;;;;;;;;;;3;;;;
03/09/2020;08:19:00;94;ac03 - Acidente com Danos Materiais;513;BR-153/GO;Norte;Tombamento;;;1;;;;;;;;1;;;;
03/09/2020;08:56:00;118;ac03 - Acidente com Danos Materiais;58;BR-153/MG;Norte;Colisão Traseira;2;;;;;;;;;;2;;;;
03/09/2020;12:19:00;217;ac03 - Acidente com Danos Materiais;403;BR-262/MG;Leste;Colisão Traseira;;;2;;;;;;;;2;;;;
03/09/2020;12:44:00;226;ac03 - Acidente com Danos Materiais;484;BR-262/MG;Leste;Colisão Traseira;1;;1;;;;;;;;2;;;;
03/09/2020;13:27:00;250;ac03 - Acidente com Danos Materiais;780;BR-262/MG;Oeste;Colisão Traseira;;;2;;;;;;;;2;;;;
03/09/2020;16:08:00;319;ac02 - Acidente com Vítima;358;BR-262/MG;Leste;Capotamento;1;;;;;;;;;;0;2;;;
03/09/2020;16:43:00;342;ac02 - Acidente com Vítima;640;BR-262/MG;Leste;Colisão Traseira;1;;1;;;;;;;;1;;;1;
03/09/2020;17:03:00;357;ac03 - Acidente com Danos Materiais;619;BR-262/MG;Leste;Tombamento;;;1;;;;;;;;1;;;;
03/09/2020;18:42:00;409;ac03 - Acidente com Danos Materiais;228;BR-153/MG;Sul;Colisão Traseira;;;2;;;;;;;;2;;;;
03/09/2020;19:20:00;429;ac02 - Acidente com Vítima;60;BR-060/GO;Norte;Atropelamento - Morador;;;;;;1;;;;;0;;;2;
03/09/2020;19:36:00;438;ac03 - Acidente com Danos Materiais;627;BR-262/MG;Leste;Colisão Lateral;;;3;;;;;;;;3;;;;
03/09/2020;21:49:00;496;ac02 - Acidente com Vítima;439;BR-262/MG;Oeste;Queda de Moto;;;;1;;;;;;;0;;1;;
04/09/2020;07:04:00;80;ac02 - Acidente com Vítima;8,7;BR-060/DF;Norte;Colisão Traseira;2;;;;;;;;;;3;1;;;
04/09/2020;07:30:00;97;ac03 - Acidente com Danos Materiais;364,3;BR-262/MG;Leste;Colisão Traseira;2;;;;;;;;;;2;;;;
04/09/2020;11:38:00;259;ac03 - Acidente com Danos Materiais;365,8;BR-262/MG;Oeste;Colisão Traseira;2;;;;;;;;;;2;;;;
04/09/2020;12:10:00;272;ac03 - Acidente com Danos Materiais;497;BR-153/GO;Norte;Colisão Traseira;;;2;;;;;;;;2;;;;
04/09/2020;13:49:00;321;ac03 - Acidente com Danos Materiais;386;BR-262/MG;Oeste;Choque - Defensa;1;;;;;;;;;;1;;;;
04/09/2020;14:54:00;355;ac03 - Acidente com Danos Materiais;525;BR-262/MG;Leste;Colisão Traseira;;;2;;;;;;;;2;;;;
04/09/2020;14:55:00;356;ac03 - Acidente com Danos Materiais;92;BR-153/MG;Norte;Choque - Objeto sobre a pista;1;;1;;;;;;;;3;;;;
04/09/2020;16:39:00;413;ac03 - Acidente com Danos Materiais;530;BR-153/GO;Norte;Choque - Defensa;1;;;;;;;;;;1;;;;
04/09/2020;16:41:00;414;ac03 - Acidente com Danos Materiais;375;BR-262/MG;Leste;Saida de Pista;;;;;;;;;;1;1;;;;
04/09/2020;17:16:00;442;ac03 - Acidente com Danos Materiais;353;BR-262/MG;Oeste;Engavetamento;2;;2;;;;;;;;4;;;;
04/09/2020;18:22:00;480;ac03 - Acidente com Danos Materiais;506;BR-153/GO;Norte;Colisão Traseira;2;;;;;;;;;;2;;;;
04/09/2020;18:22:00;481;ac03 - Acidente com Danos Materiais;407;BR-262/MG;Oeste;Queda de Moto;;;;1;;;;;;;1;;;;
04/09/2020;18:46:00;496;ac03 - Acidente com Danos Materiais;502;BR-153/GO;Norte;Queda de Moto;;;;1;;;;;;;1;;;;
04/09/2020;19:37:00;521;ac03 - Acidente com Danos Materiais;359;BR-262/MG;Oeste;Saida de Pista;1;;;;;;;;;;1;;;;
04/09/2020;23:11:00;608;ac03 - Acidente com Danos Materiais;540;BR-153/GO;Norte;Atropelamento de Animal;1;;;;;;;;;;1;;;;
05/09/2020;00:38:00;11;ac03 - Acidente com Danos Materiais;74;BR-060/GO;Sul;Saida de Pista;;;1;;;;;;;;1;;;;
05/09/2020;03:58:00;61;ac02 - Acidente com Vítima;408;BR-262/MG;Leste;Colisão Traseira;;;2;;;;;;;;1;;1;;
05/09/2020;05:57:00;85;ac02 - Acidente com Vítima;439;BR-262/MG;Oeste;Atropelamento - Ciclista;1;1;;;;;;;;;1;1;;;
05/09/2020;08:31:00;158;ac03 - Acidente com Danos Materiais;500;BR-262/MG;Oeste;Capotamento;1;;;;;;;;;;1;;;;
05/09/2020;11:53:00;284;ac02 - Acidente com Vítima;769;BR-262/MG;Oeste;Capotamento;1;;;;;;;;;;0;3;1;;
05/09/2020;14:22:00;345;ac03 - Acidente com Danos Materiais;99;BR-060/GO;Sul;Colisão Traseira;;;1;1;;;;;;;2;;;;
05/09/2020;14:41:00;353;ac02 - Acidente com Vítima;22;BR-060/GO;Sul;Colisão Traseira;2;;;;;;;;;;6;1;;;
05/09/2020;15:29:00;379;ac02 - Acidente com Vítima;27,1;BR-153/MG;Norte;Capotamento;1;;;;;;;;;;0;2;;;
05/09/2020;16:00:00;391;ac03 - Acidente com Danos Materiais;803;BR-262/MG;Oeste;Choque - Talude;;;1;;;;;;;;1;;;;
05/09/2020;17:28:00;431;ac03 - Acidente com Danos Materiais;76;BR-060/GO;Norte;Colisão Traseira;;;1;;;;;;;1;4;;;;
05/09/2020;19:09:00;473;ac02 - Acidente com Vítima;439,943;BR-262/MG;Leste;Choque- Placa/Suporte Sinalização;;;;2;;;;;;;3;;1;;
05/09/2020;19:48:00;492;ac03 - Acidente com Danos Materiais;115;BR-060/GO;Norte;Atropelamento de Animal;;;;;1;;;;;;8;;;;
05/09/2020;19:59:00;498;ac02 - Acidente com Vítima;1,5;BR-153/MG;Sul;Atropelamento - Andarilho;1;;;;;;;;;;1;;;1;
05/09/2020;20:30:00;505;ac02 - Acidente com Vítima;113;BR-060/GO;Norte;Atropelamento de Animal;;;;1;;;;;;;0;1;;;
05/09/2020;20:30:00;510;ac02 - Acidente com Vítima;113,5;BR-060/GO;Norte;Atropelamento de Animal;1;;;;;;;;;;1;1;;;
05/09/2020;22:06:00;541;ac03 - Acidente com Danos Materiais;540;BR-262/MG;Oeste;Capotamento;1;;;;;;;;;;1;;;;
05/09/2020;22:31:00;551;ac03 - Acidente com Danos Materiais;549;BR-262/MG;Oeste;Capotamento;;;;;;;;;;1;1;;;;
05/09/2020;22:56:00;560;ac03 - Acidente com Danos Materiais;5;BR-060/DF;Sul;Queda de Moto;;;;1;;;;;;;1;;;;
05/09/2020;23:15:00;566;ac03 - Acidente com Danos Materiais;246;BR-153/MG;Sul;Colisão Lateral;2;;;;;;;;;;2;;;;
05/09/2020;23:26:00;569;ac02 - Acidente com Vítima;148;BR-153/MG;Sul;Tombamento;;;1;;;;;;;;0;1;;;
06/09/2020;00:57:00;7;ac03 - Acidente com Danos Materiais;578;BR-262/MG;Leste;Saida de Pista;1;;;;;1;;;;;6;;;;
06/09/2020;03:39:00;31;ac02 - Acidente com Vítima;665,5;BR-153/GO;Norte;Tombamento;;;1;;;;;;;;0;2;;;
06/09/2020;06:00:00;50;ac03 - Acidente com Danos Materiais;37;BR-153/MG;Sul;Colisão Traseira;;;1;;1;;;;;;2;;;;
06/09/2020;06:09:00;55;ac03 - Acidente com Danos Materiais;505,917;BR-153/GO;Norte;Choque - Talude;1;;;;;;;;;;1;;;;
06/09/2020;07:12:00;67;ac02 - Acidente com Vítima;11,252;BR-060/DF;Norte;Colisão Lateral;2;;;;;;;;;;5;1;;;
06/09/2020;09:54:00;152;ac03 - Acidente com Danos Materiais;519;BR-153/GO;Sul;Queda de Moto;;;;1;;;;;;;1;;;;
06/09/2020;11:10:00;190;ac03 - Acidente com Danos Materiais;367,1;BR-262/MG;Leste;Colisão Traseira;2;;;;;;;;;;6;;;;
06/09/2020;12:07:00;209;ac02 - Acidente com Vítima;48;BR-153/MG;Sul;Capotamento;;;;;;;;;;1;0;1;;;
06/09/2020;13:48:00;240;ac03 - Acidente com Danos Materiais;553,8;BR-262/MG;Leste;Tombamento;;;1;;;;;;;;1;;;;
06/09/2020;17:02:00;308;ac03 - Acidente com Danos Materiais;380,5;BR-262/MG;Oeste;Choque - Elemento de Drenagem;;;2;;;;;;;;2;;;;
06/09/2020;19:05:00;358;ac02 - Acidente com Vítima;126;BR-060/GO;Sul;Colisão Traseira;1;;;1;;;;;;;2;1;;;
06/09/2020;19:35:00;366;ac02 - Acidente com Vítima;11;BR-060/DF;Norte;Atropelamento de Animal;;;;1;;;;;;;0;;1;1;
06/09/2020;20:03:00;373;ac02 - Acidente com Vítima;362,509;BR-262/MG;Leste;Colisão Traseira;1;;;;;1;;;;;2;1;;;
06/09/2020;20:59:00;393;ac02 - Acidente com Vítima;28,722;BR-153/MG;Sul;Colisão Traseira;1;;1;;;;;;;;1;;1;;
06/09/2020;22:28:00;416;ac02 - Acidente com Vítima;504;BR-153/GO;Norte;Colisão Lateral;1;;;1;;;;;;;2;;1;;
06/09/2020;23:12:00;423;ac03 - Acidente com Danos Materiais;398,355;BR-262/MG;Leste;Saida de Pista;1;;;;;;;;;;1;;;;
07/09/2020;06:22:00;48;ac03 - Acidente com Danos Materiais;61,4;BR-060/GO;Sul;Choque - Submarino;;;1;;;;;;;;1;;;;
07/09/2020;16:00:00;346;ac03 - Acidente com Danos Materiais;23,2;BR-153/MG;Norte;Tombamento;;;1;;;;;;;;1;;;;
07/09/2020;16:15:00;359;ac03 - Acidente com Danos Materiais;2;BR-060/DF;Sul;Colisão Traseira;2;;;;;;;;;;3;;;;
07/09/2020;17:15:00;404;ac03 - Acidente com Danos Materiais;367;BR-262/MG;Leste;Engavetamento;2;;;;;1;;;;;3;;;;
07/09/2020;17:20:00;406;ac03 - Acidente com Danos Materiais;479;BR-262/MG;Leste;Engavetamento;4;;;;;;;;;;12;;;;
07/09/2020;17:44:00;422;ac02 - Acidente com Vítima;713;BR-262/MG;Leste;Capotamento;1;;;;;;;;;;0;1;2;1;
07/09/2020;18:45:00;464;ac03 - Acidente com Danos Materiais;4;BR-060/DF;Sul;Engavetamento;4;;;;;;;;;;4;;;;
07/09/2020;19:10:00;481;ac03 - Acidente com Danos Materiais;528;BR-153/GO;Norte;Colisão Lateral;2;;;;;;;;;;2;;;;
07/09/2020;19:13:00;483;ac03 - Acidente com Danos Materiais;412;BR-262/MG;Leste;Colisão Lateral;1;;;1;;;;;;;2;;;;
07/09/2020;19:20:00;488;ac03 - Acidente com Danos Materiais;746;BR-262/MG;Oeste;Carreta deu L;;;1;;;;;;;;1;;;;
07/09/2020;19:40:00;501;ac02 - Acidente com Vítima;19,5;BR-060/GO;Norte;Queda de Moto;1;;;1;;;;;;;1;2;;;
08/09/2020;05:28:00;60;ac03 - Acidente com Danos Materiais;91;BR-060/GO;Sul;Queda de Moto;;;;1;;;;;;;1;;;;
08/09/2020;06:19:00;72;ac02 - Acidente com Vítima;100,2;BR-060/GO;Norte;Capotamento;1;;;;;;;;;;0;1;;;
08/09/2020;06:57:00;92;ac02 - Acidente com Vítima;106;BR-060/GO;Sul;Capotamento;2;;;;;;;;;;1;1;;;
08/09/2020;07:18:00;103;ac02 - Acidente com Vítima;912;BR-262/MG;Oeste;Capotamento;1;;;;;;;;;;1;1;;;
08/09/2020;07:36:00;112;ac02 - Acidente com Vítima;507,8;BR-153/GO;Norte;Queda de Moto;;;;1;;;;;;;0;1;;;
08/09/2020;08:01:00;129;ac03 - Acidente com Danos Materiais;28,3;BR-060/GO;Sul;Saida de Pista;1;;;;;;;;;;3;;;;
08/09/2020;08:04:00;130;ac03 - Acidente com Danos Materiais;509,9;BR-153/GO;Norte;Engavetamento;3;;;;;;;;;;3;;;;
08/09/2020;11:09:00;252;ac03 - Acidente com Danos Materiais;353;BR-262/MG;Oeste;Colisão Traseira;2;;;;;;;;;;2;;;;
08/09/2020;12:19:00;285;ac02 - Acidente com Vítima;816;BR-262/MG;Oeste;Colisão Traseira;2;;;;;;;;;;1;;1;;
08/09/2020;14:00:00;316;ac02 - Acidente com Vítima;48,15;BR-060/GO;Norte;Saida de Pista;1;;;;;;;;;;1;1;;;
08/09/2020;14:46:00;338;ac03 - Acidente com Danos Materiais;765;BR-262/MG;Leste;Colisão Traseira;;;2;;;;;;;;2;;;;
08/09/2020;17:18:00;411;ac02 - Acidente com Vítima;570;BR-153/GO;Norte;Capotamento;1;;;;;;;;;;2;1;1;;
08/09/2020;19:45:00;475;ac03 - Acidente com Danos Materiais;32;BR-060/GO;Sul;Colisão Transversal;1;;1;;;;;;;;2;;;;
09/09/2020;00:51:00;17;ac03 - Acidente com Danos Materiais;397;BR-262/MG;Leste;Saida de Pista;1;;;;;;;;;;1;;;;
09/09/2020;06:37:00;61;ac02 - Acidente com Vítima;224;BR-153/MG;Sul;Colisão Frontal;;;1;1;;;;;;;1;;1;;
09/09/2020;08:38:00;118;ac02 - Acidente com Vítima;505,485;BR-153/GO;Norte;Colisão Traseira;1;;;1;;;;;;;2;;1;;
09/09/2020;08:58:00;122;ac02 - Acidente com Vítima;134,7;BR-153/MG;Norte;Colisão Frontal;;;3;;;;;;;;3;;1;;
09/09/2020;09:46:00;148;ac02 - Acidente com Vítima;442;BR-262/MG;Oeste;Queda de Moto;;;;1;;;;;;;0;1;;;
09/09/2020;14:51:00;269;ac02 - Acidente com Vítima;486,5;BR-262/MG;Oeste;Queda de Moto;;;;1;;;;;;;0;2;;;
09/09/2020;18:41:00;378;ac03 - Acidente com Danos Materiais;500;BR-153/GO;Sul;Engavetamento;3;;;;;;;;;;3;;;;
09/09/2020;19:28:00;396;ac03 - Acidente com Danos Materiais;89;BR-060/GO;Norte;Colisão Traseira;1;;;1;;;;;;;2;;;;
09/09/2020;22:32:00;466;ac02 - Acidente com Vítima;577,768;BR-262/MG;Oeste;Tombamento;;;1;;;;;;;;0;1;;;
09/09/2020;22:46:00;470;ac03 - Acidente com Danos Materiais;398,112;BR-262/MG;Oeste;Colisão Traseira;;;1;1;;;;;;;2;;;;
10/09/2020;01:09:00;22;ac02 - Acidente com Vítima;91;BR-060/GO;Norte;Colisão Traseira;2;;;;;;;;;;1;1;;;
10/09/2020;04:31:00;44;ac03 - Acidente com Danos Materiais;405,5;BR-262/MG;Oeste;Tombamento;;;1;;;;;;;;1;;;;
10/09/2020;05:02:00;49;ac02 - Acidente com Vítima;439,96;BR-262/MG;Leste;Colisão Lateral;1;;1;;;;;;;;4;3;;;
10/09/2020;07:20:00;84;ac03 - Acidente com Danos Materiais;13;BR-153/MG;Sul;Saida de Pista;1;;;;;;;;;;1;;;;
10/09/2020;07:37:00;94;ac03 - Acidente com Danos Materiais;148;BR-153/MG;Sul;Colisão Lateral;;;2;;;;;;;;5;;;;
10/09/2020;10:11:00;180;ac03 - Acidente com Danos Materiais;512;BR-262/MG;Oeste;Colisão Traseira;1;;1;;;;;;;;2;;;;
10/09/2020;12:09:00;231;ac03 - Acidente com Danos Materiais;663;BR-153/GO;Sul;Colisão Traseira;;;1;;;;;;;1;4;;;;
10/09/2020;12:14:00;234;ac03 - Acidente com Danos Materiais;358,15;BR-262/MG;Oeste;Saida de Pista;1;;;;;;;;;;2;;;;
10/09/2020;15:20:00;293;ac02 - Acidente com Vítima;501,532;BR-153/GO;Sul;Engavetamento;4;;;1;;;;;;;4;1;;;
10/09/2020;17:17:00;351;ac03 - Acidente com Danos Materiais;496,615;BR-153/GO;Sul;Engavetamento;2;;;1;;;;;;;3;;;;
10/09/2020;17:35:00;359;ac01 - Acidente com Vítima Fatal;484,298;BR-262/MG;Leste;Colisão Transversal;;;5;;;;;;;;3;;1;1;2
10/09/2020;18:42:00;396;ac03 - Acidente com Danos Materiais;492,5;BR-153/GO;Norte;Colisão Lateral;1;;1;;;;;;;;2;;;;
10/09/2020;21:20:00;463;ac02 - Acidente com Vítima;32;BR-060/GO;Norte;Queda de Moto;;;;1;;;;;;;0;1;;;
11/09/2020;00:36:00;14;ac03 - Acidente com Danos Materiais;625;BR-153/GO;Sul;Tombamento;;;1;;;;;;;;1;;;;
11/09/2020;08:46:00;159;ac03 - Acidente com Danos Materiais;495;BR-153/GO;Sul;Engavetamento;2;;;;;;;;;1;3;;;;
11/09/2020;10:02:00;210;ac03 - Acidente com Danos Materiais;371;BR-262/MG;Oeste;Saida de Pista;1;;;;;;;;;;1;;;;
11/09/2020;15:35:00;371;ac03 - Acidente com Danos Materiais;534;BR-262/MG;Leste;Colisão Transversal;1;;1;;;;;;;;3;;;;
11/09/2020;17:01:00;417;ac02 - Acidente com Vítima;95;BR-060/GO;Norte;Atropelamento - Ciclista;;1;;1;;;;;;;1;1;;;
11/09/2020;17:08:00;423;ac03 - Acidente com Danos Materiais;398;BR-262/MG;Oeste;Tombamento;;;1;;;;;;;;1;;;;
11/09/2020;18:45:00;477;ac03 - Acidente com Danos Materiais;570;BR-262/MG;Oeste;Colisão Lateral;2;;;;;;;;;;3;;;;
11/09/2020;19:31:00;496;ac03 - Acidente com Danos Materiais;129,6;BR-060/GO;Sul;Colisão Traseira;;;1;;1;;;;;;2;;;;
11/09/2020;19:52:00;502;ac02 - Acidente com Vítima;106,3;BR-153/MG;Norte;Colisão Traseira;1;;;;;1;;;;;2;3;;;
11/09/2020;21:21:00;545;ac03 - Acidente com Danos Materiais;514;BR-153/GO;Norte;Colisão Lateral;1;;1;;;;;;;;2;;;;
11/09/2020;21:46:00;556;ac03 - Acidente com Danos Materiais;530;BR-153/GO;Sul;Colisão Lateral;;;;;;1;;;;1;2;;;;
12/09/2020;04:15:00;49;ac03 - Acidente com Danos Materiais;92;BR-060/GO;Norte;Colisão Traseira;1;;1;;;;;;;;2;;;;
12/09/2020;09:10:00;167;ac03 - Acidente com Danos Materiais;496,2;BR-153/GO;Sul;Engavetamento;1;;2;;;;;;;;3;;;;
12/09/2020;09:14:00;170;ac02 - Acidente com Vítima;799;BR-262/MG;Leste;Colisão Lateral;1;;;;;1;;;;1;6;1;;;
12/09/2020;11:14:00;233;ac02 - Acidente com Vítima;441;BR-262/MG;Oeste;Choque - Veiculo parado no acostamento;1;;;1;;;;;;;1;1;;;
12/09/2020;11:51:00;251;ac03 - Acidente com Danos Materiais;138;BR-060/GO;Sul;Choque - Defensa;;;1;;;;;;;;1;;;;
12/09/2020;12:01:00;256;ac03 - Acidente com Danos Materiais;138;BR-060/GO;Norte;Colisão Traseira;2;;;;;;;;;;8;;;;
12/09/2020;14:13:00;320;ac03 - Acidente com Danos Materiais;356,7;BR-262/MG;Leste;Capotamento;1;;;;;;;;;;1;;;;
12/09/2020;15:16:00;346;ac02 - Acidente com Vítima;21;BR-060/DF;Norte;Queda de Moto;;;;1;;;;;;;0;1;;;
12/09/2020;16:23:00;368;ac03 - Acidente com Danos Materiais;12;BR-060/GO;Norte;Engavetamento;2;;1;;;;;;;;6;;;;
12/09/2020;19:37:00;470;ac02 - Acidente com Vítima;70;BR-060/GO;Sul;Colisão Traseira;1;;1;;;;;;;;1;1;;;
12/09/2020;20:45:00;500;ac03 - Acidente com Danos Materiais;9;BR-060/DF;Sul;Atropelamento de Animal;;;1;;;;;;;;1;;;;
13/09/2020;00:25:00;8;ac02 - Acidente com Vítima;508,814;BR-153/GO;Norte;Queda de Moto;;;;1;;;;;;;0;;;1;
13/09/2020;05:50:00;66;ac02 - Acidente com Vítima;574,782;BR-153/GO;Sul;Queda de Moto;;;;1;;;;;;;0;1;;;
13/09/2020;07:33:00;89;ac03 - Acidente com Danos Materiais;666,8;BR-262/MG;Oeste;Saida de Pista;1;;;;;;;;;;1;;;;
13/09/2020;10:57:00;171;ac03 - Acidente com Danos Materiais;389;BR-262/MG;Leste;Colisão Traseira;1;;;1;;;;;;;2;;;;
13/09/2020;11:01:00;172;ac03 - Acidente com Danos Materiais;604;BR-262/MG;Oeste;Colisão Lateral;1;;1;;;;;;;;2;;;;
13/09/2020;13:15:00;222;ac03 - Acidente com Danos Materiais;367;BR-262/MG;Oeste;Colisão Traseira;2;;;;;;;;;;2;;;;
13/09/2020;14:16:00;243;ac02 - Acidente com Vítima;430,3;BR-262/MG;Oeste;Choque - Arvore;1;;;;;;;;;;0;;;1;
13/09/2020;15:40:00;288;ac03 - Acidente com Danos Materiais;679;BR-262/MG;Oeste;Colisão Traseira;2;;;;;;;;;;2;;;;
13/09/2020;17:14:00;332;ac02 - Acidente com Vítima;4,4;BR-060/DF;Norte;Capotamento;1;;;;;;;;;1;1;1;;;
13/09/2020;19:34:00;407;ac03 - Acidente com Danos Materiais;513,103;BR-262/MG;Leste;Atropelamento de Animal;1;;;;;;;;;;3;;;;
13/09/2020;21:00:00;448;ac02 - Acidente com Vítima;557;BR-153/GO;Norte;Colisão Traseira;;;2;;;;;;;;1;;;1;
13/09/2020;22:24:00;480;ac03 - Acidente com Danos Materiais;389;BR-262/MG;Leste;Colisão Lateral;1;;1;;;;;;;;2;;;;
14/09/2020;06:48:00;64;ac03 - Acidente com Danos Materiais;560;BR-262/MG;Leste;Saida de Pista;;;;;;;;;;1;1;;;;
14/09/2020;08:24:00;104;ac03 - Acidente com Danos Materiais;502,198;BR-153/GO;Norte;Engavetamento;3;;;;;;;;;;3;;;;
14/09/2020;09:34:00;145;ac03 - Acidente com Danos Materiais;501,254;BR-153/GO;Norte;Colisão Traseira;2;;;;;;;;;;2;;;;
14/09/2020;13:02:00;245;ac03 - Acidente com Danos Materiais;95,129;BR-060/GO;Norte;Colisão Traseira;;;3;;;;;;;;7;;;;
14/09/2020;14:13:00;277;ac03 - Acidente com Danos Materiais;510,386;BR-153/GO;Norte;Colisão Traseira;;;2;;;;;;;;2;;;;
14/09/2020;14:49:00;287;ac03 - Acidente com Danos Materiais;103;BR-060/GO;Norte;Saida de Pista;1;;;;;;;;;;3;;;;
14/09/2020;19:33:00;431;ac03 - Acidente com Danos Materiais;4,5;BR-060/DF;Sul;Capotamento;2;;;;;;;;;;2;;;;
14/09/2020;20:49:00;455;ac03 - Acidente com Danos Materiais;35,5;BR-153/MG;Sul;Colisão Traseira;;;2;;;;;;;;2;;;;
15/09/2020;01:53:00;30;ac03 - Acidente com Danos Materiais;632,724;BR-262/MG;Oeste;Saida de Pista;;;1;;;;;;;;1;;;;
15/09/2020;03:48:00;41;ac03 - Acidente com Danos Materiais;799,7;BR-262/MG;Oeste;Atropelamento de Animal;;;1;;;;;;;;1;;;;
15/09/2020;06:56:00;74;ac03 - Acidente com Danos Materiais;788,8;BR-262/MG;Oeste;Colisão Traseira;1;;1;;;;;;;;2;;;;
15/09/2020;07:09:00;77;ac02 - Acidente com Vítima;39;BR-060/GO;Norte;Capotamento;1;;;;;;;;;;0;1;;;
15/09/2020;07:23:00;82;ac02 - Acidente com Vítima;547;BR-262/MG;Leste;Tombamento;;;2;;;;;;;;1;;1;;
15/09/2020;07:27:00;85;ac02 - Acidente com Vítima;658,1;BR-153/GO;Norte;Queda de Moto;;;;1;;;;;;;0;;1;;
15/09/2020;07:35:00;88;ac03 - Acidente com Danos Materiais;29;BR-153/MG;Norte;Choque - Objeto sobre a pista;;;1;;;;;;;1;4;;;;
15/09/2020;08:40:00;125;ac03 - Acidente com Danos Materiais;663;BR-153/GO;Sul;Colisão Traseira;1;;1;;;;;;;;2;;;;
15/09/2020;08:51:00;135;ac03 - Acidente com Danos Materiais;495,1;BR-153/GO;Sul;Colisão Traseira;1;;1;;;;;;;;2;;;;
15/09/2020;08:58:00;139;ac03 - Acidente com Danos Materiais;494,3;BR-153/GO;Sul;Engavetamento;3;;;;;;;;;;3;;;;
15/09/2020;12:42:00;251;ac02 - Acidente com Vítima;702;BR-153/GO;Sul;Choque - Defensa;;;1;;;;;;;;0;;;1;