data;horario;n_da_ocorrencia;tipo_de_ocorrencia;km;trecho;sentido;tipo_de_acidente;automovel;bicicleta;caminhao;moto;onibus;outros;tracao_animal;transporte_de_cargas_especiais;trator_maquinas;utilitarios;ilesos;levemente_feridos;moderadamente_feridos;gravemente_feridos;mortos
29/09/2020;21:36:00;472;ac02 - Acidente com Vítima;495;BR-153/GO;Norte;Colisão Traseira;2;;;;;;;;;;1;1;;;
29/09/2020;23:59:00;507;ac03 - Acidente com Danos Materiais;42;BR-153/MG;Norte;Tombamento;;;1;;;;;;;;1;;;;
30/09/2020;00:19:00;8;ac03 - Acidente com Danos Materiais;542;BR-153/GO;Norte;Saida de Pista;1;;;;;;;;;;3;;;;
30/09/2020;00:49:00;13;ac02 - Acidente com Vítima;554,241;BR-262/MG;Leste;Tombamento;;;1;;;;;;;;0;1;1;;
30/09/2020;05:21:00;49;ac03 - Acidente com Danos Materiais;510;BR-153/GO;Norte;Queda de Moto;;;;1;;;;;;;2;;;;
30/09/2020;07:51:00;80;ac02 - Acidente com Vítima;26,961;BR-060/DF;Norte;Colisão Traseira;;;1;;;;;;;1;2;;2;1;
30/09/2020;08:17:00;92;ac02 - Acidente com Vítima;500,6;BR-153/GO;Norte;Colisão Lateral;1;;;1;;;;;;;2;1;;;
30/09/2020;10:55:00;172;ac02 - Acidente com Vítima;91,6;BR-153/MG;Sul;Tombamento;;;1;;;;;;;;0;1;;;
30/09/2020;13:36:00;245;ac02 - Acidente com Vítima;131,294;BR-060/GO;Sul;Colisão Traseira;1;;;;;;;;;1;3;1;;;
30/09/2020;13:46:00;250;ac03 - Acidente com Danos Materiais;143,7;BR-153/MG;Sul;Capotamento;1;;;;;;;;;;2;;;;
30/09/2020;16:21:00;331;ac03 - Acidente com Danos Materiais;137,25;BR-060/GO;Sul;Colisão Lateral;2;;;;;;;;;;2;;;;
30/09/2020;16:30:00;338;ac03 - Acidente com Danos Materiais;15,9;BR-153/MG;Sul;Engavetamento;;;1;;;;;;;2;3;;;;
30/09/2020;18:30:00;391;ac02 - Acidente com Vítima;773;BR-262/MG;Oeste;Capotamento;2;;;;;;;;;;3;;1;;
30/09/2020;19:16:00;409;ac03 - Acidente com Danos Materiais;506;BR-153/GO;Norte;Colisão Traseira;2;;;;;;;;;;2;;;;
01/10/2020;04:56:00;50;ac03 - Acidente com Danos Materiais;655,3;BR-262/MG;Oeste;Tombamento;;;;;;1;;;;1;4;;;;
01/10/2020;09:12:00;142;ac02 - Acidente com Vítima;133;BR-060/GO;Norte;Saida de Pista;;;1;;;;;;;;2;1;;;
01/10/2020;09:28:00;154;ac03 - Acidente com Danos Materiais;511;BR-153/GO;Norte;Engavetamento;3;;;;;;;;;;3;;;;
01/10/2020;11:24:00;227;ac02 - Acidente com Vítima;513,4;BR-153/GO;Norte;Queda de Moto;;;;1;;;;;;;1;;1;;
01/10/2020;13:03:00;281;ac03 - Acidente com Danos Materiais;515;BR-153/GO;Sul;Colisão Traseira;1;;;;;;;;;1;2;;;;
01/10/2020;13:37:00;300;ac02 - Acidente com Vítima;359,9;BR-262/MG;Leste;Saida de Pista;1;;;;;;;;;;1;1;;;
01/10/2020;13:47:00;306;ac03 - Acidente com Danos Materiais;553;BR-153/GO;Norte;Colisão Lateral;1;;1;;;;;;;;2;;;;
01/10/2020;14:26:00;330;ac03 - Acidente com Danos Materiais;95;BR-060/GO;Sul;Saida de Pista;;;1;;;;;;;;1;;;;
01/10/2020;19:09:00;480;ac03 - Acidente com Danos Materiais;493;BR-262/MG;Leste;Tombamento;;;1;;;;;;;;1;;;;
01/10/2020;22:21:00;567;ac02 - Acidente com Vítima;40;BR-060/GO;Sul;Queda de Moto;;;;1;;;;;;;0;1;;;
01/10/2020;22:26:00;569;ac03 - Acidente com Danos Materiais;528,8;BR-153/GO;Norte;Saida de Pista;1;;;;;;;;;;1;;;;
02/10/2020;02:51:00;24;ac01 - Acidente com Vítima Fatal;811,582;BR-262/MG;Oeste;Choque - Defensa;;;;1;;;;;;;0;;;;1
02/10/2020;06:15:00;63;ac02 - Acidente com Vítima;693;BR-153/GO;Sul;Queda de Moto;;;;1;;;;;;;0;1;;;
02/10/2020;08:15:00;101;ac03 - Acidente com Danos Materiais;359;BR-262/MG;Leste;Colisão Traseira;2;;;;;;;;;;2;;;;
02/10/2020;09:01:00;134;ac03 - Acidente com Danos Materiais;355,5;BR-262/MG;Leste;Colisão Traseira;1;;;1;;;;;;;2;;;;
02/10/2020;09:49:00;165;ac03 - Acidente com Danos Materiais;4;BR-060/DF;Norte;Colisão Traseira;2;;;;;;;;;;2;;;;
02/10/2020;13:39:00;289;ac03 - Acidente com Danos Materiais;73;BR-153/MG;Sul;Capotamento;1;;;;;;;;;;2;;;;
02/10/2020;14:29:00;311;ac03 - Acidente com Danos Materiais;120;BR-060/GO;Norte;Saida de Pista;1;;;;;;;;;;3;;;;
02/10/2020;15:08:00;335;ac03 - Acidente com Danos Materiais;501;BR-153/GO;Sul;Engavetamento;3;;;;;;;;;1;4;;;;
02/10/2020;15:26:00;346;ac03 - Acidente com Danos Materiais;34;BR-060/GO;Norte;Capotamento;1;;;;;;;;;;2;;;;
02/10/2020;15:41:00;353;ac03 - Acidente com Danos Materiais;373;BR-262/MG;Oeste;Colisão Traseira;1;;1;;;;;;;;2;;;;
02/10/2020;16:33:00;384;ac03 - Acidente com Danos Materiais;372,5;BR-262/MG;Oeste;Colisão Traseira;2;;;;;;;;;;3;;;;
02/10/2020;18:36:00;452;ac03 - Acidente com Danos Materiais;498;BR-153/GO;Norte;Queda de Moto;;;;1;;;;;;;1;;;;
02/10/2020;18:38:00;453;ac03 - Acidente com Danos Materiais;498;BR-153/GO;Norte;Engavetamento;3;;1;;;;;;;;4;;;;
02/10/2020;18:41:00;454;ac02 - Acidente com Vítima;496;BR-153/GO;Norte;Queda de Moto;;;;1;;;;;;;0;1;;;
02/10/2020;19:06:00;467;ac03 - Acidente com Danos Materiais;496;BR-153/GO;Norte;Queda de Ciclista;;;;1;;;;;;;2;;;;
02/10/2020;19:07:00;468;ac03 - Acidente com Danos Materiais;496;BR-153/GO;Norte;Queda de Moto;;;;1;;;;;;;1;;;;
02/10/2020;19:33:00;495;ac02 - Acidente com Vítima;494;BR-153/GO;Norte;Queda de Moto;;;;2;;;;;;;0;3;;;
02/10/2020;19:35:00;497;ac03 - Acidente com Danos Materiais;3;BR-060/DF;Sul;Colisão Lateral;1;;;1;;;;;;;3;;;;
02/10/2020;21:50:00;552;ac02 - Acidente com Vítima;23;BR-060/GO;Sul;Saida de Pista;1;;;;;;;;;;3;1;;;
02/10/2020;22:21:00;567;ac03 - Acidente com Danos Materiais;361;BR-262/MG;Leste;Colisão Traseira;2;;;;;;;;;;2;;;;
03/10/2020;00:18:00;5;ac02 - Acidente com Vítima;491;BR-153/GO;Norte;Colisão Lateral;;1;;1;;;;;;;1;1;;;
03/10/2020;00:59:00;13;ac03 - Acidente com Danos Materiais;561;BR-153/GO;Norte;Atropelamento de Animal;1;;;;;;;;;;1;;;;
03/10/2020;03:00:00;23;ac03 - Acidente com Danos Materiais;410;BR-262/MG;Leste;Choque - Arvore;;;1;;;;;;;;1;;;;
03/10/2020;04:26:00;38;ac03 - Acidente com Danos Materiais;410;BR-262/MG;Leste;Colisão Traseira;;;;;;1;;;;1;3;;;;
03/10/2020;07:10:00;65;ac02 - Acidente com Vítima;368;BR-262/MG;Oeste;Choque - Submarino;1;;;;;;;;;;0;;1;;
03/10/2020;08:44:00;107;ac03 - Acidente com Danos Materiais;10;BR-153/MG;Sul;Saida de Pista;1;;1;;;;;;;;3;;;;
03/10/2020;10:03:00;143;ac03 - Acidente com Danos Materiais;128;BR-060/GO;Norte;Colisão Lateral;1;;1;;;;;;;;2;;;;
03/10/2020;15:33:00;318;ac03 - Acidente com Danos Materiais;702;BR-153/GO;Norte;Colisão Traseira;1;;1;;;;;;;;2;;;;
03/10/2020;16:45:00;352;ac03 - Acidente com Danos Materiais;29;BR-153/MG;Sul;Saida de Pista;;;1;;;;;;;;1;;;;
03/10/2020;22:07:00;483;ac03 - Acidente com Danos Materiais;51;BR-153/MG;Sul;Colisão Frontal;;;2;;;;;;;;2;;;;
03/10/2020;23:13:00;497;ac03 - Acidente com Danos Materiais;366,824;BR-262/MG;Leste;Atropelamento de Animal;1;;;;;;;;;;1;;;;
04/10/2020;02:45:00;47;ac02 - Acidente com Vítima;0;BR-060/DF;Sul;Choque - Outros;1;;;;;;;;;;0;1;1;;
04/10/2020;05:19:00;65;ac03 - Acidente com Danos Materiais;511,2;BR-153/GO;Sul;Colisão Traseira;1;;;;;1;;;;;2;;;;
04/10/2020;07:05:00;93;ac03 - Acidente com Danos Materiais;369,15;BR-262/MG;Oeste;Choque - Defensa;1;;;;;;;;;;1;;;;
04/10/2020;09:55:00;183;ac02 - Acidente com Vítima;47,79;BR-060/GO;Sul;Queda de Moto;;;;1;;;;;;;0;;;1;
04/10/2020;11:37:00;231;ac03 - Acidente com Danos Materiais;856;BR-262/MG;Oeste;Saida de Pista;1;;;;;;;;;;1;;;;
04/10/2020;16:44:00;370;ac03 - Acidente com Danos Materiais;609,606;BR-153/GO;Norte;Colisão Traseira;;;2;;;;;;;;2;;;;
04/10/2020;17:16:00;388;ac02 - Acidente com Vítima;538,039;BR-153/GO;Norte;Colisão Traseira;1;;;1;;;;;;;1;1;;;
04/10/2020;18:00:00;405;ac03 - Acidente com Danos Materiais;831;BR-262/MG;Leste;Colisão Lateral;2;;;;;;;;;;2;;;;
04/10/2020;18:47:00;433;ac02 - Acidente com Vítima;496;BR-153/GO;Sul;Colisão Lateral;1;;;1;;;;;;;1;1;;;
04/10/2020;20:58:00;487;ac02 - Acidente com Vítima;501;BR-153/GO;Sul;Colisão Lateral;1;;;1;;;;;;;1;1;;;
04/10/2020;22:27:00;509;ac03 - Acidente com Danos Materiais;132,5;BR-060/GO;Sul;Colisão Lateral;1;;;;;1;;;;;2;;;;
04/10/2020;22:45:00;514;ac02 - Acidente com Vítima;103;BR-060/GO;Norte;Colisão Traseira;;;;1;;;;;;1;1;;;1;
04/10/2020;23:49:00;529;ac02 - Acidente com Vítima;677,5;BR-153/GO;Sul;Colisão Traseira;;;1;;1;;;;;;1;3;;;
05/10/2020;00:52:00;16;ac02 - Acidente com Vítima;412,215;BR-262/MG;Leste;Tombamento;;;1;;;;;;;;0;;1;;
05/10/2020;07:03:00;90;ac02 - Acidente com Vítima;96;BR-060/GO;Sul;Colisão Traseira;2;;;;;;;;;;2;;1;;
05/10/2020;09:50:00;165;ac03 - Acidente com Danos Materiais;376;BR-262/MG;Leste;Saida de Pista;1;;2;;;;;;;;3;;;;
05/10/2020;19:04:00;409;ac03 - Acidente com Danos Materiais;25,5;BR-060/GO;Sul;Saida de Pista;1;;;;;1;;;;;2;;;;
05/10/2020;21:03:00;453;ac02 - Acidente com Vítima;496;BR-153/GO;Norte;Choque- Placa/Suporte Sinalização;1;;;;;;;;;;0;1;;;
06/10/2020;08:17:00;104;ac03 - Acidente com Danos Materiais;37;BR-153/MG;Sul;Capotamento;1;;;;;;;;;;1;;;;
06/10/2020;11:19:00;204;ac03 - Acidente com Danos Materiais;3;BR-060/DF;Norte;Colisão Lateral;1;;;1;;;;;;;2;;;;
06/10/2020;12:34:00;235;ac02 - Acidente com Vítima;439;BR-262/MG;Oeste;Queda de Moto;;;;1;;;;;;;0;1;;;
06/10/2020;14:31:00;274;ac03 - Acidente com Danos Materiais;568;BR-262/MG;Oeste;Tombamento;;;1;;;;;;;;1;;;;
06/10/2020;16:01:00;311;ac03 - Acidente com Danos Materiais;19;BR-153/MG;Norte;Saida de Pista;1;;;;;;;;;;1;;;;
06/10/2020;19:31:00;406;ac03 - Acidente com Danos Materiais;505;BR-153/GO;Sul;Engavetamento;4;;;;;;;;;;5;;;;
06/10/2020;21:58:00;463;ac03 - Acidente com Danos Materiais;513;BR-153/GO;Norte;Choque - Defensa;;;1;;;;;;;;2;;;;
06/10/2020;23:15:00;474;ac02 - Acidente com Vítima;412;BR-262/MG;Leste;Queda de Moto;;;;1;;;;;;;0;;1;;
06/10/2020;23:51:00;481;ac03 - Acidente com Danos Materiais;246,3;BR-153/MG;Sul;Choque - Defensa;;;1;;;;;;;;1;;;;
07/10/2020;07:39:00;72;ac02 - Acidente com Vítima;772;BR-262/MG;Oeste;Queda de Moto;;;;1;;;;;;;1;1;;;
07/10/2020;08:11:00;83;ac03 - Acidente com Danos Materiais;130;BR-153/MG;Sul;Colisão Lateral;1;;1;;;;;;;;3;;;;
07/10/2020;12:43:00;218;ac03 - Acidente com Danos Materiais;464,3;BR-262/MG;Leste;Tombamento;;;1;;;;;;;;1;;;;
07/10/2020;14:47:00;278;ac03 - Acidente com Danos Materiais;526,211;BR-153/GO;Norte;Colisão Traseira;2;;;;;;;;;;2;;;;
07/10/2020;14:57:00;282;ac02 - Acidente com Vítima;646,513;BR-153/GO;Sul;Tombamento;;;1;;;;;;;;0;3;;;
07/10/2020;17:04:00;340;ac03 - Acidente com Danos Materiais;645;BR-153/GO;Norte;Colisão Traseira;;;2;;;;;;;;2;;;;
07/10/2020;17:23:00;352;ac02 - Acidente com Vítima;137;BR-060/GO;Norte;Colisão Transversal;;1;;1;;;;;;;1;;1;;
07/10/2020;20:12:00;432;ac02 - Acidente com Vítima;693;BR-262/MG;Leste;Tombamento;1;;;;;;;;;;1;1;;;
07/10/2020;20:24:00;438;ac03 - Acidente com Danos Materiais;500;BR-153/GO;Sul;Colisão Traseira;1;;1;;;;;;;;2;;;;
07/10/2020;21:10:00;453;ac03 - Acidente com Danos Materiais;500,2;BR-153/GO;Sul;Colisão Lateral;1;;;;;1;;;;;2;;;;
07/10/2020;21:24:00;456;ac03 - Acidente com Danos Materiais;129;BR-060/GO;Sul;Saida de Pista;1;;;;;;;;;;1;;;;
07/10/2020;21:30:00;459;ac03 - Acidente com Danos Materiais;434,989;BR-262/MG;Oeste;Capotamento;1;;;;;;;;;;1;;;;
07/10/2020;21:38:00;461;ac03 - Acidente com Danos Materiais;510;BR-153/GO;Norte;Queda de Moto;;;;1;;;;;;;2;;;;
07/10/2020;21:49:00;467;ac03 - Acidente com Danos Materiais;370,432;BR-262/MG;Oeste;Colisão Traseira;;;2;;;;;;;;2;;;;
08/10/2020;00:12:00;9;ac02 - Acidente com Vítima;445,768;BR-262/MG;Leste;Queda de Ciclista;;;;1;;;;;;;0;;1;;
08/10/2020;06:31:00;80;ac01 - Acidente com Vítima Fatal;44,9;BR-153/MG;Norte;Colisão Lateral;1;;1;;;;;;;;0;1;1;;1
08/10/2020;06:44:00;86;ac02 - Acidente com Vítima;240;BR-153/MG;Sul;Capotamento;1;;;;;;;;;;1;1;;;
08/10/2020;20:24:00;500;ac03 - Acidente com Danos Materiais;605,598;BR-262/MG;Oeste;Colisão Lateral;1;;1;;;;;;;;2;;;;
09/10/2020;00:43:00;10;ac02 - Acidente com Vítima;374,862;BR-262/MG;Oeste;Colisão Traseira;;;;1;;1;;;;;1;;1;;
09/10/2020;03:32:00;31;ac03 - Acidente com Danos Materiais;3;BR-060/DF;Sul;Choque- Poste/Equipamento;1;;;;;;;;;;1;;;;
09/10/2020;05:25:00;57;ac02 - Acidente com Vítima;2;BR-060/DF;Sul;Choque - Arvore;1;;;;;;;;;;0;1;;;
09/10/2020;07:53:00;124;ac03 - Acidente com Danos Materiais;494,5;BR-153/GO;Sul;Engavetamento;5;;;;;;;;;;5;;;;
09/10/2020;13:09:00;281;ac03 - Acidente com Danos Materiais;415;BR-262/MG;Oeste;Tombamento;;;1;;;;;;;;1;;;;
09/10/2020;13:50:00;302;ac03 - Acidente com Danos Materiais;415;BR-262/MG;Oeste;Colisão Traseira;;;1;;;;;;;1;2;;;;
09/10/2020;13:52:00;303;ac03 - Acidente com Danos Materiais;912;BR-262/MG;Leste;Saida de Pista;;;1;;;;;;1;;2;;;;
09/10/2020;15:14:00;349;ac03 - Acidente com Danos Materiais;826;BR-262/MG;Leste;Saida de Pista;1;;;;;;;;;;2;;;;
09/10/2020;15:43:00;373;ac03 - Acidente com Danos Materiais;505,2;BR-153/GO;Sul;Engavetamento;3;;;;;;;;;;3;;;;
09/10/2020;16:06:00;389;ac03 - Acidente com Danos Materiais;473;BR-262/MG;Oeste;Colisão Traseira;2;;;;;;;;;;5;;;;
09/10/2020;16:56:00;425;ac02 - Acidente com Vítima;505,35;BR-153/GO;Sul;Colisão Traseira;1;;;1;;;;;;;1;1;;;
09/10/2020;17:20:00;445;ac01 - Acidente com Vítima Fatal;21;BR-153/MG;Norte;Colisão Traseira;1;;;1;;;;;;;1;;;;1
09/10/2020;18:05:00;473;ac03 - Acidente com Danos Materiais;121;BR-060/GO;Norte;Colisão Traseira;2;;;;;;;;;;4;;;;
09/10/2020;18:16:00;482;ac02 - Acidente com Vítima;591;BR-153/GO;Sul;Colisão Traseira;1;;1;;;;;;;;1;1;;;
09/10/2020;18:42:00;498;ac03 - Acidente com Danos Materiais;19;BR-060/GO;Norte;Saida de Pista;;;1;;;;;;;;1;;;;
09/10/2020;19:12:00;515;ac02 - Acidente com Vítima;13;BR-060/GO;Sul;Colisão Lateral;;;;;;1;;;;1;1;;1;;
09/10/2020;19:27:00;528;ac03 - Acidente com Danos Materiais;508;BR-153/GO;Norte;Colisão Traseira;2;;;;;;;;;;3;;;;
09/10/2020;20:10:00;552;ac03 - Acidente com Danos Materiais;675;BR-153/GO;Norte;Colisão Traseira;2;;;;;;;;;;5;;;;
09/10/2020;20:43:00;571;ac03 - Acidente com Danos Materiais;535;BR-153/GO;Norte;Choque- Placa/Suporte Sinalização;1;;;;;;;;;;1;;;;
09/10/2020;21:27:00;596;ac03 - Acidente com Danos Materiais;514;BR-153/GO;Norte;Colisão Lateral;1;;;1;;;;;;;2;;;;
09/10/2020;22:43:00;629;ac03 - Acidente com Danos Materiais;81;BR-060/GO;Norte;Saida de Pista;1;;;;;;;;;;1;;;;
10/10/2020;01:02:00;22;ac03 - Acidente com Danos Materiais;36;BR-153/MG;Sul;Atropelamento de Animal;1;;;;;;;;;;1;;;;
10/10/2020;02:13:00;36;ac03 - Acidente com Danos Materiais;791,2;BR-262/MG;Oeste;Tombamento;;;1;;;;;;;;1;;;;
10/10/2020;04:43:00;54;ac01 - Acidente com Vítima Fatal;791,05;BR-262/MG;Oeste;Capotamento;1;;;;;;;;;;3;;2;;1
10/10/2020;06:35:00;83;ac02 - Acidente com Vítima;553,7;BR-262/MG;Leste;Tombamento;;;1;;;;;;;;0;1;;;
10/10/2020;07:41:00;110;ac02 - Acidente com Vítima;519;BR-262/MG;Leste;Tombamento;;;1;;;;;;;;0;1;;;
10/10/2020;07:54:00;118;ac03 - Acidente com Danos Materiais;549;BR-262/MG;Leste;Choque - Barreira;1;;;;;;;;;;1;;;;
10/10/2020;09:24:00;161;ac03 - Acidente com Danos Materiais;790;BR-262/MG;Oeste;Queda de Moto;;;;1;;;;;;;1;;;;
10/10/2020;10:20:00;197;ac03 - Acidente com Danos Materiais;590;BR-153/GO;Sul;Capotamento;1;;;;;;;;;;1;;;;
10/10/2020;15:31:00;375;ac03 - Acidente com Danos Materiais;86;BR-060/GO;Sul;Engavetamento;3;;;;;;;;;;3;;;;
10/10/2020;17:00:00;435;ac03 - Acidente com Danos Materiais;16,5;BR-060/GO;Sul;Capotamento;1;;;;;;;;;;1;;;;
10/10/2020;17:20:00;445;ac02 - Acidente com Vítima;380;BR-262/MG;Leste;Saida de Pista;1;;;;;;;;;;0;1;;;
10/10/2020;17:40:00;453;ac02 - Acidente com Vítima;385;BR-262/MG;Leste;Capotamento;1;;;;;;;;;;0;4;;;
10/10/2020;23:10:00;563;ac03 - Acidente com Danos Materiais;578;BR-262/MG;Leste;Tombamento;;;1;;;;;;;;1;;;;
10/10/2020;23:37:00;570;ac03 - Acidente com Danos Materiais;436;BR-262/MG;Leste;Choque - Objeto sobre a pista;1;;;;;;;;;;2;;;;
11/10/2020;00:30:00;6;ac03 - Acidente com Danos Materiais;369,15;BR-262/MG;Oeste;Choque - Barreira;;;1;;;;;;;;1;;;;
11/10/2020;02:52:00;38;ac03 - Acidente com Danos Materiais;114;BR-060/GO;Sul;Saida de Pista;1;;;;;;;;;;1;;;;
11/10/2020;04:10:00;53;ac03 - Acidente com Danos Materiais;18;BR-060/GO;Sul;Saida de Pista;1;;;;;;;;;;1;;;;
11/10/2020;08:28:00;118;ac03 - Acidente com Danos Materiais;30;BR-060/DF;Sul;Colisão Traseira;1;;2;;;;;;;;3;;;;
11/10/2020;13:53:00;248;ac03 - Acidente com Danos Materiais;446;BR-262/MG;Leste;Colisão Traseira;2;;;;;;;;;;2;;;;
11/10/2020;15:40:00;296;ac02 - Acidente com Vítima;117,892;BR-060/GO;Norte;Colisão Lateral;2;;;;;;;;;;2;1;;;
11/10/2020;17:18:00;345;ac03 - Acidente com Danos Materiais;399,5;BR-262/MG;Oeste;Choque - Defensa;1;;;;;;;;;;1;;;;
11/10/2020;18:25:00;371;ac02 - Acidente com Vítima;513;BR-153/GO;Norte;Queda de Moto;;;;1;;;;;;;0;1;1;;
11/10/2020;19:11:00;387;ac03 - Acidente com Danos Materiais;245;BR-153/MG;Norte;Saida de Pista;1;;;;;;;;;;1;;;;
12/10/2020;00:42:00;7;ac03 - Acidente com Danos Materiais;58;BR-153/MG;Sul;Saida de Pista;1;;;;;;;;;;1;;;;
12/10/2020;02:41:00;15;ac03 - Acidente com Danos Materiais;629;BR-153/GO;Norte;Saida de Pista;;;;;;;;;;1;1;;;;
12/10/2020;13:37:00;253;ac02 - Acidente com Vítima;386;BR-262/MG;Leste;Choque - Elemento de Drenagem;;;1;;;;;;;;0;1;;;
12/10/2020;14:09:00;273;ac02 - Acidente com Vítima;448,23;BR-262/MG;Oeste;Engavetamento;3;;1;;;;;;;;3;3;;;
12/10/2020;14:44:00;296;ac03 - Acidente com Danos Materiais;636,15;BR-262/MG;Oeste;Colisão Traseira;2;;;;;;;;;;5;;;;
12/10/2020;15:28:00;310;ac03 - Acidente com Danos Materiais;132,562;BR-060/GO;Sul;Colisão Traseira;1;;1;;;;;;;;5;;;;
12/10/2020;15:36:00;318;ac03 - Acidente com Danos Materiais;131,79;BR-060/GO;Norte;Choque - Talude;1;;;;;;;;;;1;;;;
12/10/2020;16:37:00;363;ac03 - Acidente com Danos Materiais;97,292;BR-060/GO;Sul;Choque - Barreira;;;;;;;;;;1;4;;;;
12/10/2020;17:07:00;382;ac03 - Acidente com Danos Materiais;549,326;BR-153/GO;Sul;Capotamento;1;;;;;;;;;;4;;;;
12/10/2020;17:51:00;422;ac03 - Acidente com Danos Materiais;586;BR-262/MG;Oeste;Saida de Pista;1;;;;;;;;;;2;;;;
12/10/2020;19:33:00;462;ac03 - Acidente com Danos Materiais;506,5;BR-153/GO;Norte;Queda de Ciclista;;;;1;;;;;;;1;;;;
12/10/2020;19:38:00;464;ac03 - Acidente com Danos Materiais;453;BR-262/MG;Leste;Engavetamento;3;;;;;;;;;;3;;;;
12/10/2020;20:27:00;488;ac03 - Acidente com Danos Materiais;443;BR-262/MG;Oeste;Atropelamento de Animal;1;;;;;;;;;;4;;;;
12/10/2020;20:53:00;497;ac02 - Acidente com Vítima;58;BR-153/MG;Norte;Colisão Traseira;1;;;;;1;;;;;2;2;2;;
13/10/2020;01:22:00;29;ac03 - Acidente com Danos Materiais;508;BR-153/GO;Sul;Choque - Defensa;1;;;;;;;;;;1;;;;
13/10/2020;03:47:00;42;ac03 - Acidente com Danos Materiais;505;BR-153/GO;Sul;Saida de Pista;1;;;;;;;;;;2;;;;
13/10/2020;06:40:00;74;ac03 - Acidente com Danos Materiais;354,6;BR-262/MG;Leste;Capotamento;1;;;;;;;;;;1;;;;
13/10/2020;07:45:00;118;ac03 - Acidente com Danos Materiais;383;BR-262/MG;Oeste;Capotamento;1;;;;;;;;;;1;;;;
13/10/2020;07:48:00;121;ac03 - Acidente com Danos Materiais;782,5;BR-262/MG;Oeste;Saida de Pista;;;1;;;;;;;;1;;;;
13/10/2020;09:15:00;152;ac03 - Acidente com Danos Materiais;94;BR-060/GO;Norte;Choque - Defensa;1;;;;;;;;;;1;;;;
13/10/2020;09:56:00;179;ac03 - Acidente com Danos Materiais;87;BR-060/GO;Sul;Saida de Pista;1;;;;;;;;;;2;;;;
13/10/2020;10:11:00;184;ac03 - Acidente com Danos Materiais;42;BR-153/MG;Norte;Saida de Pista;;;;;;;;;;1;2;;;;
13/10/2020;10:35:00;198;ac02 - Acidente com Vítima;597;BR-262/MG;Oeste;Colisão Lateral;1;;;;;;;;;1;2;2;;;
13/10/2020;12:40:00;246;ac03 - Acidente com Danos Materiais;176;BR-153/MG;Sul;Colisão Traseira;1;;1;;;;;;;;5;;;;
13/10/2020;12:49:00;253;ac03 - Acidente com Danos Materiais;70;BR-060/GO;Sul;;1;;;;;;;;;;1;;;;
13/10/2020;13:26:00;268;ac03 - Acidente com Danos Materiais;382;BR-262/MG;Leste;Saida de Pista;1;;;;;;;;;;1;;;;
13/10/2020;16:40:00;347;ac03 - Acidente com Danos Materiais;10;BR-060/DF;Norte;Choque - Elemento de Drenagem;2;;;;;;;;;;2;;;;
14/10/2020;05:30:00;52;ac03 - Acidente com Danos Materiais;82,164;BR-153/MG;Sul;Capotamento;1;;1;;;;;;;;3;;;;
14/10/2020;05:30:00;53;ac02 - Acidente com Vítima;29;BR-060/GO;Norte;Capotamento;1;;;;;;;;;;0;;2;;
14/10/2020;08:20:00;112;ac03 - Acidente com Danos Materiais;2;BR-060/GO;Sul;Saida de Pista;;;1;;;;;;;;1;;;;
14/10/2020;08:49:00;128;ac03 - Acidente com Danos Materiais;554,5;BR-262/MG;Oeste;Engavetamento;3;;1;;;;;;;;4;;;;
14/10/2020;09:41:00;152;ac03 - Acidente com Danos Materiais;37;BR-153/MG;Sul;Saida de Pista;;;1;;;1;;;;1;6;;;;
14/10/2020;15:27:00;280;ac02 - Acidente com Vítima;137;BR-060/GO;Norte;Capotamento;1;;;;;;;;;;0;1;;;
14/10/2020;16:27:00;301;ac01 - Acidente com Vítima Fatal;781;BR-262/MG;Oeste;Capotamento;1;;;;;;;;;;0;;;;1
14/10/2020;17:18:00;323;ac03 - Acidente com Danos Materiais;594;BR-262/MG;Leste;Saida de Pista;;;1;;;;;;;;1;;;;
14/10/2020;18:11:00;342;ac02 - Acidente com Vítima;497;BR-153/GO;Sul;Queda de Ciclista;;;;1;;;;;;;1;1;;;
14/10/2020;19:11:00;366;ac03 - Acidente com Danos Materiais;77;BR-153/MG;Sul;Tombamento;;;1;;;;;;;;1;;;;