data;horario;n_da_ocorrencia;tipo_de_ocorrencia;km;trecho;sentido;tipo_de_acidente;automovel;bicicleta;caminhao;moto;onibus;outros;tracao_animal;transporte_de_cargas_especiais;trator_maquinas;utilitarios;ilesos;levemente_feridos;moderadamente_feridos;gravemente_feridos;mortos
14/10/2020;20:18:00;388;ac03 - Acidente com Danos Materiais;379;BR-262/MG;Leste;Saida de Pista;1;;;;;;;;;;1;;;;
14/10/2020;22:10:00;413;ac03 - Acidente com Danos Materiais;75;BR-060/GO;Norte;Atropelamento de Animal;1;;;;;;;;;;2;;;;
15/10/2020;00:04:00;1;ac03 - Acidente com Danos Materiais;359;BR-262/MG;Leste;Colisão Traseira;1;;1;;;;;;;;3;;;;
15/10/2020;11:12:00;221;ac03 - Acidente com Danos Materiais;596,45;BR-262/MG;Leste;Choque - Talude;1;;;;;;;;;;1;;;;
15/10/2020;15:20:00;316;ac02 - Acidente com Vítima;18,119;BR-060/GO;Sul;Capotamento;1;;;;;;;;;;1;;1;;
15/10/2020;16:39:00;360;ac03 - Acidente com Danos Materiais;544,5;BR-262/MG;Leste;Colisão Traseira;;;2;;;;;;;;2;;;;
15/10/2020;20:48:00;455;ac03 - Acidente com Danos Materiais;504;BR-153/GO;Norte;Colisão Lateral;;;;1;;1;;;;;2;;;;
15/10/2020;21:01:00;460;ac03 - Acidente com Danos Materiais;92;BR-060/GO;Sul;Colisão Lateral;;;1;1;;;;;;;2;;;;
15/10/2020;21:43:00;469;ac02 - Acidente com Vítima;503;BR-153/GO;Sul;Atropelamento - Ciclista;1;1;;;;;;;;;1;1;;;
16/10/2020;00:22:00;7;ac02 - Acidente com Vítima;74,38;BR-060/GO;Norte;Capotamento;1;;;;;;;;;;0;;1;;
16/10/2020;06:35:00;70;ac02 - Acidente com Vítima;462;BR-262/MG;Leste;Colisão Transversal;1;;;1;;;;;;;1;;1;;
16/10/2020;06:59:00;80;ac01 - Acidente com Vítima Fatal;76,75;BR-153/MG;Sul;Colisão Lateral;2;;2;;;3;;;;;6;;;;1
16/10/2020;07:36:00;94;ac03 - Acidente com Danos Materiais;648;BR-262/MG;Leste;Choque - Defensa;;;2;;;;;;;;2;;;;
16/10/2020;07:46:00;96;ac03 - Acidente com Danos Materiais;438,2;BR-262/MG;Leste;Colisão Traseira;;;2;;;;;;;;2;;;;
16/10/2020;07:49:00;98;ac03 - Acidente com Danos Materiais;534,5;BR-262/MG;Leste;Tombamento;1;;1;;;;;;;;2;;;;
16/10/2020;10:33:00;176;ac02 - Acidente com Vítima;644,15;BR-262/MG;Leste;Engavetamento;3;;2;;;;;;;;8;2;;;
16/10/2020;11:45:00;201;ac03 - Acidente com Danos Materiais;490;BR-153/GO;Norte;;;;1;1;;;;;;;2;;;;
16/10/2020;15:59:00;328;ac03 - Acidente com Danos Materiais;585;BR-262/MG;Leste;Capotamento;1;;;;;;;;;;4;;;;
16/10/2020;16:09:00;335;ac03 - Acidente com Danos Materiais;558,097;BR-153/GO;Sul;Choque - Elemento de Drenagem;1;;;;;;;;;;1;;;;
16/10/2020;16:19:00;340;ac03 - Acidente com Danos Materiais;548;BR-262/MG;Leste;Choque - Barreira;1;;;;;;;;;;1;;;;
16/10/2020;16:40:00;352;ac03 - Acidente com Danos Materiais;475,4;BR-262/MG;Leste;Colisão Transversal;2;;;;;;;;;;2;;;;
16/10/2020;16:52:00;358;ac02 - Acidente com Vítima;534,15;BR-262/MG;Oeste;Tombamento;;;1;;;;;;;;0;1;;;
16/10/2020;17:16:00;372;ac03 - Acidente com Danos Materiais;97,3;BR-060/GO;Norte;Engavetamento;3;;;;;;;;;;3;;;;
16/10/2020;17:24:00;378;ac03 - Acidente com Danos Materiais;501;BR-153/GO;Sul;Engavetamento;3;;;;;;;;;;3;;;;
16/10/2020;17:43:00;391;ac03 - Acidente com Danos Materiais;128;BR-060/GO;Norte;Colisão Traseira;1;;1;;;;;;;;2;;;;
16/10/2020;19:12:00;432;ac03 - Acidente com Danos Materiais;51;BR-060/GO;Norte;Capotamento;1;;;;;;;;;;1;;;;
16/10/2020;20:48:00;466;ac03 - Acidente com Danos Materiais;9;BR-060/DF;Sul;Capotamento;1;;;;;;;;;;1;;;;
16/10/2020;23:14:00;515;ac03 - Acidente com Danos Materiais;419,652;BR-262/MG;Oeste;Tombamento;;;1;;;;;;;;1;;;;
17/10/2020;07:00:00;69;ac03 - Acidente com Danos Materiais;124;BR-060/GO;Norte;Colisão Traseira;2;;;;;;;;;;2;;;;
17/10/2020;07:41:00;87;ac02 - Acidente com Vítima;139;BR-153/MG;Sul;Tombamento;;;1;;;3;;;;;3;1;;;
17/10/2020;09:37:00;136;ac02 - Acidente com Vítima;17;BR-060/DF;Norte;Capotamento;1;;;;;;;;;;0;;;1;
17/10/2020;10:42:00;173;ac03 - Acidente com Danos Materiais;507;BR-153/GO;Sul;Colisão Traseira;2;;;;;;;;;;6;;;;
17/10/2020;11:00:00;178;ac02 - Acidente com Vítima;425;BR-262/MG;Oeste;Capotamento;1;;;;;;;;;;0;1;;;
17/10/2020;14:31:00;253;ac03 - Acidente com Danos Materiais;245;BR-153/MG;Sul;Colisão Traseira;1;;;;;;;;;1;2;;;;
17/10/2020;17:47:00;338;ac02 - Acidente com Vítima;511;BR-153/GO;Norte;Colisão Traseira;1;;;1;;;;;;;1;;1;;
17/10/2020;17:50:00;339;ac03 - Acidente com Danos Materiais;530;BR-153/GO;Norte;Choque - Talude;1;;;;;;;;;;1;;;;
17/10/2020;18:18:00;350;ac03 - Acidente com Danos Materiais;433;BR-262/MG;Leste;Queda de Moto;;;;1;;;;;;;2;;;;
18/10/2020;01:12:00;24;ac02 - Acidente com Vítima;505;BR-153/GO;Norte;Queda de Moto;;;;1;;;;;;;0;1;;;
18/10/2020;05:37:00;67;ac03 - Acidente com Danos Materiais;243;BR-153/MG;Sul;Atropelamento de Animal;;;1;;;;;;;;1;;;;
18/10/2020;09:26:00;167;ac02 - Acidente com Vítima;381,5;BR-262/MG;Oeste;Queda de Moto;;;;1;;;;;;;0;1;;;
18/10/2020;09:29:00;170;ac03 - Acidente com Danos Materiais;662;BR-262/MG;Leste;Saida de Pista;1;;;;;;;;;;1;;;;
18/10/2020;10:11:00;194;ac03 - Acidente com Danos Materiais;119;BR-060/GO;Sul;Colisão Lateral;2;;;;;;;;;;2;;;;
18/10/2020;12:19:00;251;ac02 - Acidente com Vítima;553;BR-262/MG;Leste;Colisão Frontal;;;2;;;;;;;;3;;1;;
18/10/2020;13:47:00;290;ac03 - Acidente com Danos Materiais;40;BR-060/GO;Sul;Capotamento;1;;;;;;;;;;2;;;;
18/10/2020;14:26:00;309;ac03 - Acidente com Danos Materiais;563;BR-153/GO;Sul;Saida de Pista;1;;;;;;;;;;2;;;;
18/10/2020;14:52:00;322;ac02 - Acidente com Vítima;127;BR-060/GO;Sul;Tombamento;;;1;;;;;;;;2;;1;;
18/10/2020;16:23:00;365;ac02 - Acidente com Vítima;122;BR-060/GO;Norte;Choque - Elemento de Drenagem;1;;;;;;;;;;0;;1;;
18/10/2020;17:09:00;393;ac03 - Acidente com Danos Materiais;105;BR-060/GO;Sul;Carreta deu L;;;1;;;;;;;;1;;;;
18/10/2020;17:17:00;399;ac02 - Acidente com Vítima;111;BR-153/MG;Norte;Queda de Moto;;;;1;;1;;;;;1;;;1;
18/10/2020;17:48:00;420;ac02 - Acidente com Vítima;3;BR-060/GO;Sul;Capotamento;1;;;;;;;;;;0;1;;;
18/10/2020;17:53:00;423;ac03 - Acidente com Danos Materiais;99;BR-060/GO;Norte;Saida de Pista;1;;;;;;;;;;1;;;;
18/10/2020;18:11:00;430;ac03 - Acidente com Danos Materiais;680;BR-153/GO;Sul;Saida de Pista;1;;;;;;;;;;1;;;;
18/10/2020;18:18:00;435;ac03 - Acidente com Danos Materiais;80;BR-060/GO;Norte;Capotamento;;;;;;;;;;1;2;;;;
18/10/2020;18:30:00;442;ac01 - Acidente com Vítima Fatal;1,002;BR-153/MG;Sul;Colisão Frontal;;;1;1;;;;;;;1;;;;1
18/10/2020;18:39:00;444;ac03 - Acidente com Danos Materiais;13;BR-060/GO;Sul;Choque - Defensa;1;;;;;;;;;;1;;;;
18/10/2020;18:40:00;445;ac03 - Acidente com Danos Materiais;82;BR-060/GO;Norte;Saida de Pista;1;;;;;;;;;;2;;;;
18/10/2020;18:42:00;446;ac03 - Acidente com Danos Materiais;8;BR-060/DF;Sul;Choque - Outros;;;1;;;;;;;;1;;;;
18/10/2020;18:56:00;455;ac03 - Acidente com Danos Materiais;80;BR-060/GO;Norte;Saida de Pista;1;;;;;;;;;;1;;;;
18/10/2020;19:21:00;473;ac03 - Acidente com Danos Materiais;525;BR-153/GO;Norte;Colisão Traseira;1;;;;;1;;;;;3;;;;
18/10/2020;19:43:00;481;ac03 - Acidente com Danos Materiais;1,002;BR-153/MG;Norte;Colisão Traseira;1;;;;;1;;;;1;3;;;;
18/10/2020;19:45:00;482;ac03 - Acidente com Danos Materiais;176,5;BR-153/MG;Norte;Colisão Lateral;;;2;;;;;;;;2;;;;
18/10/2020;20:35:00;504;ac02 - Acidente com Vítima;803,5;BR-262/MG;Leste;Choque - Barreira;1;;;;;;;;;;0;1;;;
18/10/2020;21:10:00;512;ac03 - Acidente com Danos Materiais;100;BR-060/GO;Norte;Saida de Pista;1;;;;;;;;;;1;;;;
18/10/2020;23:25:00;536;ac03 - Acidente com Danos Materiais;606;BR-153/GO;Norte;Atropelamento de Animal;1;;;;;;;;;;4;;;;
19/10/2020;01:52:00;26;ac03 - Acidente com Danos Materiais;542;BR-153/GO;Sul;Saida de Pista;1;;;;;;;;;;1;;;;
19/10/2020;04:51:00;48;ac02 - Acidente com Vítima;61,309;BR-153/MG;Sul;Capotamento;1;;;;;;;;;;0;1;;;
19/10/2020;06:05:00;60;ac03 - Acidente com Danos Materiais;579,8;BR-262/MG;Oeste;Queda de Moto;;;;1;;;;;;;2;;;;
19/10/2020;11:24:00;220;ac03 - Acidente com Danos Materiais;166,3;BR-153/MG;Sul;Tombamento;;;1;;;;;;;;1;;;;
19/10/2020;11:40:00;227;ac03 - Acidente com Danos Materiais;517;BR-262/MG;Leste;Saida de Pista;1;;;;;;;;;;1;;;;
19/10/2020;12:16:00;242;ac03 - Acidente com Danos Materiais;518,722;BR-153/GO;Sul;Capotamento;1;;;;;1;;;;;2;;;;
19/10/2020;12:43:00;253;ac03 - Acidente com Danos Materiais;15,651;BR-060/DF;Sul;Colisão Traseira;2;;;;;;;;;;2;;;;
19/10/2020;14:57:00;317;ac03 - Acidente com Danos Materiais;549,1;BR-262/MG;Leste;Saida de Pista;1;;;;;;;;;;1;;;;
19/10/2020;15:15:00;324;ac03 - Acidente com Danos Materiais;595,15;BR-262/MG;Oeste;Tombamento;;;1;;;;;;;;1;;;;
19/10/2020;16:24:00;345;ac03 - Acidente com Danos Materiais;385,35;BR-262/MG;Oeste;Capotamento;1;;;;;;;;;;2;;;;
19/10/2020;20:08:00;427;ac02 - Acidente com Vítima;391,253;BR-262/MG;Leste;Capotamento;1;;;;;1;;;;;1;;2;;
20/10/2020;00:07:00;5;ac03 - Acidente com Danos Materiais;17;BR-153/MG;Norte;Saida de Pista;1;;;;;;;;;;1;;;;
20/10/2020;02:10:00;28;ac03 - Acidente com Danos Materiais;608,3;BR-262/MG;Leste;Saida de Pista;1;;;;;;;;;;1;;;;
20/10/2020;04:03:00;37;ac03 - Acidente com Danos Materiais;594,978;BR-262/MG;Leste;Tombamento;;;1;;;;;;;;1;;;;
20/10/2020;06:49:00;65;ac03 - Acidente com Danos Materiais;579,15;BR-262/MG;Oeste;Saida de Pista;1;;;;;;;;;;2;;;;
20/10/2020;06:57:00;69;ac03 - Acidente com Danos Materiais;197;BR-153/MG;Sul;Saida de Pista;1;;;;;;;;;;3;;;;
20/10/2020;07:16:00;73;ac03 - Acidente com Danos Materiais;589,3;BR-262/MG;Leste;Colisão Lateral;;;1;;;;;;;1;2;;;;
20/10/2020;07:41:00;81;ac03 - Acidente com Danos Materiais;365;BR-262/MG;Oeste;Saida de Pista;;;;;;;;;;1;1;;;;
20/10/2020;08:07:00;98;ac03 - Acidente com Danos Materiais;4,321;BR-060/DF;Sul;Colisão Traseira;2;;;;;;;;;;2;;;;
20/10/2020;08:17:00;104;ac03 - Acidente com Danos Materiais;607,2;BR-262/MG;Leste;Saida de Pista;1;;;;;;;;;;3;;;;
20/10/2020;08:46:00;125;ac03 - Acidente com Danos Materiais;464,85;BR-262/MG;Leste;Saida de Pista;;;1;;;;;;;1;2;;;;
20/10/2020;09:21:00;137;ac03 - Acidente com Danos Materiais;491,41;BR-262/MG;Leste;Tombamento;;;1;;;;;;;;1;;;;
20/10/2020;10:54:00;183;ac03 - Acidente com Danos Materiais;606,95;BR-262/MG;Leste;Colisão Transversal;;;2;;;3;;;;;5;;;;
20/10/2020;11:16:00;191;ac03 - Acidente com Danos Materiais;381,3;BR-262/MG;Leste;Choque - Elemento de Drenagem;1;;;;;;;;;;3;;;;
20/10/2020;11:21:00;194;ac03 - Acidente com Danos Materiais;1,002;BR-153/MG;Norte;Saida de Pista;;;1;;;;;;;;1;;;;
20/10/2020;11:33:00;203;ac03 - Acidente com Danos Materiais;595,25;BR-262/MG;Leste;Colisão Traseira;;;1;;;;;;;1;2;;;;
20/10/2020;12:05:00;217;ac03 - Acidente com Danos Materiais;500;BR-153/GO;Sul;Colisão Lateral;2;;;;;;;;;;2;;;;
20/10/2020;12:10:00;218;ac03 - Acidente com Danos Materiais;494;BR-153/GO;Sul;Colisão Traseira;1;;1;;;;;;;;2;;;;
20/10/2020;12:34:00;226;ac02 - Acidente com Vítima;394,3;BR-262/MG;Oeste;Colisão Traseira;2;;;;;;;;;;1;1;;;
20/10/2020;12:38:00;229;ac03 - Acidente com Danos Materiais;606;BR-262/MG;Oeste;Capotamento;1;;;;;;;;;;3;;;;
20/10/2020;13:15:00;242;ac03 - Acidente com Danos Materiais;390,2;BR-262/MG;Oeste;Colisão Traseira;;;3;;;;;;;;3;;;;
20/10/2020;14:05:00;264;ac03 - Acidente com Danos Materiais;610;BR-262/MG;Leste;Colisão Traseira;1;;1;;;;;;;;2;;;;
20/10/2020;14:35:00;279;ac03 - Acidente com Danos Materiais;552,6;BR-262/MG;Oeste;Capotamento;1;;;;;;;;;;1;;;;
20/10/2020;14:58:00;290;ac03 - Acidente com Danos Materiais;385;BR-262/MG;Oeste;Capotamento;1;;;;;;;;;;1;;;;
20/10/2020;16:18:00;328;ac03 - Acidente com Danos Materiais;385;BR-262/MG;Oeste;Colisão Traseira;1;;;;;;;;;;2;;;;
20/10/2020;16:27:00;334;ac03 - Acidente com Danos Materiais;28;BR-153/MG;Sul;Tombamento;;;1;;;;;;;;1;;;;
20/10/2020;17:21:00;353;ac03 - Acidente com Danos Materiais;380;BR-262/MG;Leste;Choque - Defensa;1;;;;;;;;;;1;;;;
20/10/2020;19:00:00;379;ac03 - Acidente com Danos Materiais;391;BR-262/MG;Oeste;Saida de Pista;;;1;;;;;;;;1;;;;
20/10/2020;20:22:00;404;ac02 - Acidente com Vítima;506,65;BR-153/GO;Norte;Queda de Moto;;;;1;;;;;;;0;1;;;
20/10/2020;21:23:00;415;ac03 - Acidente com Danos Materiais;547;BR-262/MG;Leste;Carreta deu L;;;1;;;;;;;;1;;;;
20/10/2020;21:59:00;422;ac01 - Acidente com Vítima Fatal;356,594;BR-262/MG;Leste;Atropelamento - Andarilho;;;;;;1;;;;;1;;;;1
20/10/2020;23:40:00;440;ac03 - Acidente com Danos Materiais;461,11;BR-262/MG;Leste;Saida de Pista;1;;;;;;;;;;1;;;;
21/10/2020;07:11:00;77;ac03 - Acidente com Danos Materiais;16;BR-153/MG;Sul;Saida de Pista;;;1;;;;;;;;2;;;;
21/10/2020;08:53:00;115;ac02 - Acidente com Vítima;490;BR-262/MG;Oeste;Colisão Frontal;;;2;;;;;;;;1;;;1;
21/10/2020;10:38:00;148;ac03 - Acidente com Danos Materiais;109;BR-060/GO;Sul;Colisão Traseira;1;;1;;;;;;;;2;;;;
21/10/2020;13:28:00;223;ac03 - Acidente com Danos Materiais;477;BR-262/MG;Leste;Colisão Lateral;1;;1;;;;;;;;4;;;;
21/10/2020;15:00:00;259;ac03 - Acidente com Danos Materiais;95;BR-060/GO;Sul;Colisão Traseira;2;;;;;;;;;;2;;;;
21/10/2020;15:05:00;263;ac03 - Acidente com Danos Materiais;613;BR-153/GO;Sul;Queda de Moto;;;;1;;;;;;;1;;;;
21/10/2020;16:44:00;311;ac02 - Acidente com Vítima;404,7;BR-262/MG;Oeste;Capotamento;1;;;;;;;;;;0;;;1;
21/10/2020;19:29:00;382;ac03 - Acidente com Danos Materiais;28;BR-060/DF;Norte;Tombamento;1;;;;;;;;;;1;;;;
21/10/2020;21:18:00;418;ac03 - Acidente com Danos Materiais;23;BR-060/GO;Sul;Tombamento;1;;;;;;;;;;1;;;;
21/10/2020;21:20:00;419;ac03 - Acidente com Danos Materiais;55;BR-153/MG;Norte;Choque - Elemento de Drenagem;1;;;;;;;;;;2;;;;
21/10/2020;22:33:00;439;ac02 - Acidente com Vítima;95;BR-060/GO;Sul;Atropelamento - Andarilho;1;;;;;;;;;;1;1;;;
22/10/2020;00:05:00;1;ac03 - Acidente com Danos Materiais;553;BR-262/MG;Oeste;Tombamento;;;1;;;;;;;;1;;;;
22/10/2020;06:39:00;73;ac03 - Acidente com Danos Materiais;901;BR-262/MG;Leste;Saida de Pista;;;1;;;;;;;;1;;;;
22/10/2020;11:29:00;207;ac02 - Acidente com Vítima;92;BR-060/GO;Norte;Colisão Lateral;1;;;1;;;;;;;0;2;;;
22/10/2020;13:14:00;248;ac03 - Acidente com Danos Materiais;367;BR-262/MG;Oeste;Colisão Traseira;;;2;;;;;;;;2;;;;
22/10/2020;15:23:00;297;ac03 - Acidente com Danos Materiais;245;BR-153/MG;Norte;Colisão Lateral;;;1;;;;;;;1;2;;;;
22/10/2020;18:31:00;380;ac03 - Acidente com Danos Materiais;508;BR-153/GO;Norte;Colisão Traseira;;;;;;1;;;;1;2;;;;
22/10/2020;18:34:00;384;ac03 - Acidente com Danos Materiais;96;BR-060/GO;Sul;Saida de Pista;1;;;;;;;;;;1;;;;
22/10/2020;18:42:00;387;ac03 - Acidente com Danos Materiais;90,3;BR-060/GO;Norte;Saida de Pista;1;;;;;;;;;;1;;;;
22/10/2020;18:42:00;388;ac01 - Acidente com Vítima Fatal;797;BR-262/MG;Leste;Colisão Frontal;2;;;;;;;;;;0;;2;;1
22/10/2020;20:40:00;438;ac03 - Acidente com Danos Materiais;115;BR-060/GO;Sul;Saida de Pista;;;1;;;;;;;;1;;;;
22/10/2020;22:47:00;478;ac03 - Acidente com Danos Materiais;812;BR-262/MG;Oeste;Capotamento;1;;;;;1;;;;;2;;;;
22/10/2020;22:51:00;481;ac03 - Acidente com Danos Materiais;2;BR-060/GO;Sul;Tombamento;;;1;;;;;;;;1;;;;
22/10/2020;23:21:00;485;ac03 - Acidente com Danos Materiais;782;BR-262/MG;Leste;Atropelamento de Animal;1;;;;;;;;;;1;;;;
22/10/2020;23:24:00;487;ac03 - Acidente com Danos Materiais;618;BR-153/GO;Norte;Atropelamento de Animal;1;;;;;;;;;;1;;;;
23/10/2020;01:20:00;18;ac03 - Acidente com Danos Materiais;693;BR-153/GO;Norte;Choque- Placa/Suporte Sinalização;1;;;;;;;;;;1;;;;
23/10/2020;07:44:00;94;ac03 - Acidente com Danos Materiais;508;BR-153/GO;Norte;Colisão Traseira;1;;;1;;;;;;;2;;;;
23/10/2020;08:01:00;107;ac02 - Acidente com Vítima;406;BR-262/MG;Leste;Capotamento;1;;;;;;;;;;0;;;1;
23/10/2020;08:21:00;117;ac02 - Acidente com Vítima;547;BR-262/MG;Oeste;Tombamento;;;1;;;;;;;;0;1;;;
23/10/2020;08:32:00;123;ac03 - Acidente com Danos Materiais;25,759;BR-060/GO;Norte;Capotamento;2;;;;;;;;;;6;;;;
23/10/2020;08:32:00;124;ac03 - Acidente com Danos Materiais;575,275;BR-262/MG;Leste;Saida de Pista;1;;;;;;;;;;1;;;;
23/10/2020;10:00:00;164;ac03 - Acidente com Danos Materiais;626;BR-262/MG;Leste;Saida de Pista;1;;;;;;;;;1;2;;;;
23/10/2020;10:35:00;182;ac03 - Acidente com Danos Materiais;101,621;BR-060/GO;Sul;Colisão Lateral;1;;1;;;;;;;;2;;;;
23/10/2020;10:47:00;190;ac02 - Acidente com Vítima;390;BR-262/MG;Leste;Choque - Talude;1;;;;;;;;;;0;;1;;
23/10/2020;11:11:00;206;ac03 - Acidente com Danos Materiais;195;BR-153/MG;Sul;Saida de Pista;1;;;;;1;;;;;2;;;;
23/10/2020;11:23:00;211;ac03 - Acidente com Danos Materiais;442,1;BR-262/MG;Leste;Colisão Traseira;2;;;;;1;;;;;3;;;;
23/10/2020;12:33:00;240;ac02 - Acidente com Vítima;836,4;BR-262/MG;Leste;Engavetamento;;;4;;;;;;;;3;1;;;
23/10/2020;13:59:00;275;ac03 - Acidente com Danos Materiais;27,521;BR-060/DF;Sul;Capotamento;1;;;;;;;;;;2;;;;
23/10/2020;14:05:00;276;ac03 - Acidente com Danos Materiais;500,208;BR-153/GO;Sul;Choque - Defensa;1;;;;;;;;;;1;;;;
23/10/2020;15:08:00;306;ac03 - Acidente com Danos Materiais;499;BR-153/GO;Sul;Engavetamento;3;;;;;;;;;1;4;;;;
23/10/2020;15:17:00;312;ac03 - Acidente com Danos Materiais;97,194;BR-060/GO;Norte;Colisão Traseira;2;;;;;;;;;;2;;;;
23/10/2020;15:45:00;328;ac03 - Acidente com Danos Materiais;586;BR-153/GO;Sul;Saida de Pista;;;;;;;;;;1;3;;;;
23/10/2020;15:56:00;335;ac03 - Acidente com Danos Materiais;113,75;BR-060/GO;Sul;Carreta deu L;;;1;;;;;;;;1;;;;
23/10/2020;16:09:00;341;ac03 - Acidente com Danos Materiais;516,7;BR-153/GO;Sul;Choque - Talude;1;;;;;;;;;;1;;;;
23/10/2020;16:31:00;354;ac03 - Acidente com Danos Materiais;574,243;BR-153/GO;Norte;Choque - Elemento de Drenagem;1;;;;;;;;;;2;;;;
23/10/2020;16:39:00;359;ac03 - Acidente com Danos Materiais;28,263;BR-060/GO;Sul;Choque - Elemento de Drenagem;1;;;;;;;;;;1;;;;
23/10/2020;17:26:00;391;ac02 - Acidente com Vítima;597;BR-153/GO;Sul;Capotamento;1;;;;;;;;;;0;1;;;
23/10/2020;17:33:00;396;ac03 - Acidente com Danos Materiais;20;BR-060/GO;Sul;Colisão Traseira;2;;;;;;;;;;2;;;;
23/10/2020;18:50:00;437;ac02 - Acidente com Vítima;426;BR-262/MG;Leste;Colisão Traseira;;;1;1;;;;;;;1;;;1;
23/10/2020;19:40:00;454;ac02 - Acidente com Vítima;505;BR-153/GO;Sul;Colisão Traseira;;;1;1;;;;;;;2;1;;;
23/10/2020;20:12:00;464;ac03 - Acidente com Danos Materiais;154,953;BR-153/MG;Norte;Saida de Pista;;;1;;;;;;;;1;;;;
23/10/2020;20:46:00;482;ac03 - Acidente com Danos Materiais;52;BR-153/MG;Sul;Choque - Elemento de Drenagem;1;;;;;;;;;;5;;;;
23/10/2020;21:36:00;500;ac03 - Acidente com Danos Materiais;74,5;BR-153/MG;Sul;Saida de Pista;;;1;;;;;;;;2;;;;
23/10/2020;23:41:00;538;ac03 - Acidente com Danos Materiais;81,305;BR-060/GO;Sul;Tombamento;;;1;;;;;;;;1;;;;
24/10/2020;01:57:00;22;ac02 - Acidente com Vítima;785,9;BR-262/MG;Leste;Capotamento;1;;;;;;;;;;0;;1;;
24/10/2020;04:41:00;46;ac03 - Acidente com Danos Materiais;127,583;BR-060/GO;Norte;Capotamento;;;;;;;;;;1;1;;;;
24/10/2020;06:32:00;72;ac03 - Acidente com Danos Materiais;148;BR-153/MG;Norte;Tombamento;;;1;;;;;;;;1;;;;
24/10/2020;06:51:00;79;ac03 - Acidente com Danos Materiais;22,862;BR-060/DF;Norte;Choque- Poste/Equipamento;1;;;;;;;;;;2;;;;
24/10/2020;08:49:00;124;ac03 - Acidente com Danos Materiais;559,35;BR-262/MG;Leste;Choque - Defensa;1;;;;;;;;;;2;;;;
24/10/2020;10:43:00;186;ac03 - Acidente com Danos Materiais;500,037;BR-153/GO;Norte;Colisão Lateral;;;1;1;;;;;;;2;;;;
24/10/2020;11:07:00;197;ac03 - Acidente com Danos Materiais;548,851;BR-262/MG;Leste;Choque - Talude;;;1;;;;;;;;1;;;;
24/10/2020;11:31:00;206;ac03 - Acidente com Danos Materiais;581,2;BR-262/MG;Leste;Capotamento;;;;;;;;;;1;3;;;;
24/10/2020;14:33:00;269;ac03 - Acidente com Danos Materiais;371;BR-262/MG;Oeste;Saida de Pista;1;;;;;;;;;;1;;;;
24/10/2020;15:01:00;286;ac03 - Acidente com Danos Materiais;97,721;BR-060/GO;Norte;Capotamento;1;;;;;;;;;;1;;;;
24/10/2020;15:37:00;301;ac03 - Acidente com Danos Materiais;587,285;BR-153/GO;Norte;Capotamento;;;;;;;;;;1;3;;;;
24/10/2020;15:55:00;311;ac02 - Acidente com Vítima;34,245;BR-060/GO;Sul;Capotamento;1;;;;;;;;;;0;;2;;
24/10/2020;15:57:00;313;ac02 - Acidente com Vítima;364;BR-262/MG;Leste;Tombamento;1;;;;;;;;;;0;1;;;
24/10/2020;16:02:00;317;ac03 - Acidente com Danos Materiais;380;BR-262/MG;Oeste;Saida de Pista;1;;;;;;;;;;1;;;;
24/10/2020;16:18:00;322;ac03 - Acidente com Danos Materiais;381;BR-262/MG;Leste;Saida de Pista;1;;;;;;;;;;4;;;;
24/10/2020;16:18:00;323;ac03 - Acidente com Danos Materiais;829;BR-262/MG;Oeste;Capotamento;;;;;;;;;;1;1;;;;
24/10/2020;16:43:00;333;ac03 - Acidente com Danos Materiais;364,35;BR-262/MG;Oeste;Colisão Traseira;2;;;;;;;;;;2;;;;
24/10/2020;16:51:00;335;ac03 - Acidente com Danos Materiais;381,15;BR-262/MG;Leste;Choque - Defensa;1;;;;;;;;;;3;;;;
24/10/2020;17:54:00;364;ac03 - Acidente com Danos Materiais;685;BR-153/GO;Sul;Saida de Pista;1;;;;;;;;;;3;;;;
24/10/2020;21:29:00;442;ac03 - Acidente com Danos Materiais;23;BR-060/GO;Sul;Capotamento;1;;;;;;;;;;2;;;;
25/10/2020;02:11:00;26;ac02 - Acidente com Vítima;499,3;BR-153/GO;Sul;Choque- Poste/Equipamento;1;;;;;;;;;;0;1;;;