data;horario;n_da_ocorrencia;tipo_de_ocorrencia;km;trecho;sentido;tipo_de_acidente;automovel;bicicleta;caminhao;moto;onibus;outros;tracao_animal;transporte_de_cargas_especiais;trator_maquinas;utilitarios;ilesos;levemente_feridos;moderadamente_feridos;gravemente_feridos;mortos
25/10/2020;02:26:00;29;ac03 - Acidente com Danos Materiais;501;BR-153/GO;Norte;Colisão Traseira;2;;;;;;;;;;2;;;;
25/10/2020;03:26:00;37;ac03 - Acidente com Danos Materiais;499;BR-153/GO;Norte;Choque - Objeto sobre a pista;1;;;;;;;;;;1;;;;
25/10/2020;04:09:00;38;ac02 - Acidente com Vítima;801,8;BR-262/MG;Oeste;Choque - Veiculo parado na pista;1;;;;;1;;;;;1;;2;;
25/10/2020;06:46:00;57;ac03 - Acidente com Danos Materiais;558;BR-262/MG;Oeste;Capotamento;1;;;;;;;;;;1;;;;
25/10/2020;07:30:00;71;ac02 - Acidente com Vítima;549;BR-262/MG;Leste;Saida de Pista;1;;;;;;;;;;4;;1;;
25/10/2020;08:50:00;103;ac02 - Acidente com Vítima;379;BR-262/MG;Leste;Saida de Pista;1;;;;;;;;;;2;;1;1;
25/10/2020;12:24:00;197;ac03 - Acidente com Danos Materiais;378;BR-262/MG;Leste;Saida de Pista;1;;;;;;;;;;1;;;;
25/10/2020;12:47:00;207;ac02 - Acidente com Vítima;17;BR-060/GO;Norte;Capotamento;1;;;;;;;;;;0;1;;;
25/10/2020;13:16:00;221;ac03 - Acidente com Danos Materiais;608;BR-262/MG;Leste;Colisão Traseira;1;;1;;;;;;;;4;;;;
25/10/2020;13:30:00;228;ac03 - Acidente com Danos Materiais;367;BR-262/MG;Oeste;Saida de Pista;1;;;;;;;;;;4;;;;
25/10/2020;15:41:00;262;ac03 - Acidente com Danos Materiais;394;BR-262/MG;Oeste;Saida de Pista;1;;;;;;;;;;5;;;;
25/10/2020;15:46:00;264;ac02 - Acidente com Vítima;171;BR-153/MG;Norte;Colisão Lateral;1;;1;;;;;;;;1;1;;;
25/10/2020;22:09:00;397;ac02 - Acidente com Vítima;505;BR-153/GO;Sul;Queda de Moto;;;;1;;;;;;;0;1;1;;
25/10/2020;22:36:00;401;ac03 - Acidente com Danos Materiais;580;BR-262/MG;Leste;Saida de Pista;1;;;;;;;;;;1;;;;
26/10/2020;01:41:00;23;ac02 - Acidente com Vítima;243;BR-153/MG;Sul;Atropelamento de Animal;1;;;;;;;;;;0;1;;;
26/10/2020;04:57:00;47;ac02 - Acidente com Vítima;855;BR-262/MG;Leste;Colisão Traseira;1;;1;;;;;;;;1;;1;1;
26/10/2020;07:21:00;94;ac03 - Acidente com Danos Materiais;575,314;BR-153/GO;Norte;Capotamento;1;;;;;;;;;;1;;;;
26/10/2020;07:35:00;107;ac03 - Acidente com Danos Materiais;499,7;BR-153/GO;Norte;Queda de Moto;;;;1;;;;;;;1;;;;
26/10/2020;08:31:00;147;ac03 - Acidente com Danos Materiais;503;BR-153/GO;Norte;Engavetamento;3;;;;;;;;;;3;;;;
26/10/2020;09:35:00;214;ac03 - Acidente com Danos Materiais;126,863;BR-060/GO;Sul;Colisão Traseira;1;;;;;;;;;1;2;;;;
26/10/2020;09:54:00;232;ac02 - Acidente com Vítima;515;BR-153/GO;Norte;Queda de Moto;;;;1;;;;;;;0;1;;;
26/10/2020;13:32:00;359;ac03 - Acidente com Danos Materiais;129;BR-060/GO;Sul;Saida de Pista;1;;;;;1;;;;;5;;;;
26/10/2020;15:56:00;427;ac02 - Acidente com Vítima;96,421;BR-060/GO;Sul;Saida de Pista;;;1;;;;;;;;0;1;;;
26/10/2020;17:17:00;463;ac02 - Acidente com Vítima;97,5;BR-060/GO;Sul;Colisão Traseira;1;;;;;1;;;;;1;1;;;
26/10/2020;19:57:00;528;ac02 - Acidente com Vítima;810,5;BR-262/MG;Oeste;Queda de Moto;;;;1;;;;;;;0;1;;;
26/10/2020;22:52:00;583;ac02 - Acidente com Vítima;547;BR-262/MG;Oeste;Tombamento;;;1;;;;;;;;0;;1;;
26/10/2020;23:02:00;585;ac03 - Acidente com Danos Materiais;118;BR-060/GO;Norte;Colisão Traseira;1;;;;;1;;;;;3;;;;
27/10/2020;04:49:00;50;ac03 - Acidente com Danos Materiais;777;BR-262/MG;Leste;Colisão Traseira;;;;;;1;;;;1;2;;;;
27/10/2020;08:27:00;118;ac03 - Acidente com Danos Materiais;508,983;BR-153/GO;Norte;Engavetamento;3;;;;;;;;;;3;;;;
27/10/2020;13:54:00;285;ac03 - Acidente com Danos Materiais;129,576;BR-060/GO;Norte;Choque - Outros;1;;;;;;;;;;1;;;;
27/10/2020;14:11:00;293;ac03 - Acidente com Danos Materiais;28,517;BR-060/GO;Sul;Colisão Traseira;;;2;;;;;;;;2;;;;
27/10/2020;17:49:00;395;ac02 - Acidente com Vítima;831;BR-262/MG;Oeste;Choque - Defensa;1;;;;;;;;;;0;1;;;
27/10/2020;18:16:00;407;ac02 - Acidente com Vítima;95,882;BR-060/GO;Norte;Atropelamento - Morador;;;;1;;;;;;;0;1;;1;
27/10/2020;19:32:00;435;ac02 - Acidente com Vítima;876;BR-262/MG;Leste;Colisão Lateral;1;;;1;;;;;;;1;1;;;
27/10/2020;20:47:00;466;ac03 - Acidente com Danos Materiais;88;BR-153/MG;Norte;Carreta deu L;;;1;;;;;;;;1;;;;
27/10/2020;21:25:00;480;ac03 - Acidente com Danos Materiais;152,2;BR-153/MG;Sul;Choque - Veiculo parado na pista;1;;1;;;;;;;;2;;;;
27/10/2020;21:58:00;491;ac03 - Acidente com Danos Materiais;16,224;BR-153/MG;Sul;Tombamento;;;1;;;;;;;;1;;;;
28/10/2020;02:55:00;72;ac03 - Acidente com Danos Materiais;557,849;BR-153/GO;Norte;Capotamento;;;;;;;;;;1;1;;;;
28/10/2020;09:17:00;195;ac03 - Acidente com Danos Materiais;500,901;BR-153/GO;Norte;Choque- Placa/Suporte Sinalização;1;;;;;;;;;;1;;;;
28/10/2020;10:21:00;245;ac03 - Acidente com Danos Materiais;553;BR-262/MG;Oeste;Colisão Traseira;1;;1;;;;;;;;2;;;;
28/10/2020;17:50:00;464;ac03 - Acidente com Danos Materiais;626;BR-153/GO;Sul;Capotamento;1;;;;;;;;;;1;;;;
28/10/2020;20:20:00;533;ac02 - Acidente com Vítima;372,998;BR-262/MG;Oeste;Colisão Traseira;;;2;;;;;;;;1;;1;;
29/10/2020;05:50:00;59;ac03 - Acidente com Danos Materiais;379,7;BR-262/MG;Oeste;Capotamento;1;;;;;;;;;;1;;;;
29/10/2020;06:15:00;66;ac03 - Acidente com Danos Materiais;385;BR-262/MG;Oeste;Capotamento;1;;;;;;;;;;4;;;;
29/10/2020;06:26:00;71;ac02 - Acidente com Vítima;492;BR-153/GO;Norte;Atropelamento de Animal;;;;1;;;;;;;0;1;;;
29/10/2020;08:44:00;129;ac03 - Acidente com Danos Materiais;364;BR-262/MG;Oeste;Colisão Traseira;2;;;;;;;;;1;3;;;;
29/10/2020;09:54:00;170;ac02 - Acidente com Vítima;640;BR-262/MG;Leste;Colisão Lateral;;;4;;;;;;;;3;;;1;
29/10/2020;10:20:00;186;ac03 - Acidente com Danos Materiais;98;BR-153/MG;Sul;Tombamento;;;1;;;;;;;;1;;;;
29/10/2020;14:11:00;273;ac02 - Acidente com Vítima;477;BR-262/MG;Oeste;Colisão Lateral;1;;1;;;;;;;;0;4;;;
29/10/2020;15:25:00;300;ac02 - Acidente com Vítima;84;BR-153/MG;Sul;Colisão Frontal;;;2;;;;;;;;1;1;;;
29/10/2020;16:41:00;339;ac03 - Acidente com Danos Materiais;45,3;BR-153/MG;Sul;Saida de Pista;1;;;;;1;;;;;2;;;;
29/10/2020;17:45:00;366;ac03 - Acidente com Danos Materiais;501;BR-153/GO;Sul;Colisão Traseira;1;;;;;1;;;;;2;;;;
29/10/2020;22:06:00;467;ac03 - Acidente com Danos Materiais;509;BR-153/GO;Norte;Choque - Defensa;1;;;;;;;;;;2;;;;
29/10/2020;22:18:00;473;ac02 - Acidente com Vítima;512;BR-153/GO;Sul;Atropelamento - Ciclista;1;1;;;;;;;;;1;;1;;
29/10/2020;22:26:00;476;ac02 - Acidente com Vítima;136;BR-060/GO;Norte;Queda de Moto;;;;1;;;;;;;0;1;;;
29/10/2020;23:09:00;492;ac01 - Acidente com Vítima Fatal;128,7;BR-060/GO;Sul;Colisão Traseira;;;2;;;;;;;;1;;;;1
30/10/2020;01:33:00;27;ac03 - Acidente com Danos Materiais;23;BR-153/MG;Sul;Saida de Pista;;;1;;;;;;;;1;;;;
30/10/2020;03:01:00;36;ac01 - Acidente com Vítima Fatal;100,5;BR-060/GO;Sul;Colisão Frontal;1;;;1;;;;;;;0;1;;;1
30/10/2020;07:32:00;90;ac02 - Acidente com Vítima;515;BR-153/GO;Sul;Engavetamento;3;;;;;;;;;1;0;5;;;
30/10/2020;09:17:00;151;ac02 - Acidente com Vítima;697;BR-153/GO;Norte;Tombamento;;;1;;;;;;;;0;1;;;
30/10/2020;09:39:00;170;ac02 - Acidente com Vítima;589;BR-153/GO;Sul;Choque - Outros;1;;;;;1;;;;;1;1;;;
30/10/2020;10:54:00;215;ac02 - Acidente com Vítima;107;BR-060/GO;Norte;Colisão Transversal;;;1;;;;;;;1;3;1;1;;
30/10/2020;12:37:00;269;ac03 - Acidente com Danos Materiais;388;BR-262/MG;Leste;Choque - Defensa;1;;;;;;;;;;2;;;;
30/10/2020;13:08:00;280;ac03 - Acidente com Danos Materiais;370;BR-262/MG;Leste;Colisão Traseira;2;;;;;;;;;;3;;;;
30/10/2020;13:24:00;285;ac03 - Acidente com Danos Materiais;631;BR-262/MG;Leste;Colisão Traseira;2;;;;;;;;;;2;;;;
30/10/2020;14:27:00;315;ac03 - Acidente com Danos Materiais;582;BR-153/GO;Norte;Queda de Moto;;;;1;;;;;;;1;;;;
30/10/2020;15:56:00;361;ac03 - Acidente com Danos Materiais;449;BR-262/MG;Leste;Colisão Traseira;2;;;;;;;;;;2;;;;
30/10/2020;16:11:00;368;ac03 - Acidente com Danos Materiais;677;BR-262/MG;Leste;Saida de Pista;1;;;;;;;;;;1;;;;
30/10/2020;16:31:00;378;ac03 - Acidente com Danos Materiais;117,8;BR-060/GO;Norte;Capotamento;1;;;;;;;;;;2;;;;
30/10/2020;16:40:00;382;ac02 - Acidente com Vítima;562;BR-153/GO;Sul;Tombamento;1;;;;;;;;;;0;2;;;
30/10/2020;18:34:00;422;ac03 - Acidente com Danos Materiais;464;BR-262/MG;Oeste;Tombamento;;;1;;;;;;;;1;;;;
30/10/2020;18:54:00;436;ac03 - Acidente com Danos Materiais;665;BR-153/GO;Sul;Capotamento;1;;;;;;;;;;1;;;;
30/10/2020;18:55:00;437;ac02 - Acidente com Vítima;29;BR-060/DF;Sul;Colisão Lateral;;;;1;;1;;;;;1;1;;;
30/10/2020;20:15:00;480;ac03 - Acidente com Danos Materiais;22;BR-060/GO;Sul;Engavetamento;3;;;;;;;;;;3;;;;
30/10/2020;21:20:00;502;ac03 - Acidente com Danos Materiais;24;BR-060/GO;Norte;Capotamento;1;;;;;;;;;;1;;;;
30/10/2020;22:01:00;513;ac02 - Acidente com Vítima;701;BR-153/GO;Sul;Colisão Lateral;;;;;;1;;;;1;1;1;;;
31/10/2020;01:03:00;24;ac03 - Acidente com Danos Materiais;637;BR-262/MG;Oeste;Saida de Pista;;;;;;;;;;1;1;;;;
31/10/2020;01:10:00;27;ac03 - Acidente com Danos Materiais;639;BR-153/GO;Norte;Capotamento;1;;;;;;;;;;1;;;;
31/10/2020;06:05:00;77;ac02 - Acidente com Vítima;380,15;BR-262/MG;Oeste;Capotamento;;;;;;;;;;1;1;;1;;
31/10/2020;07:44:00;125;ac03 - Acidente com Danos Materiais;11,5;BR-060/GO;Sul;Tombamento;;;1;;;;;;;;1;;;;
31/10/2020;08:04:00;139;ac03 - Acidente com Danos Materiais;96,863;BR-060/GO;Norte;Colisão Traseira;;;;2;;;;;;;3;;;;
31/10/2020;08:11:00;144;ac02 - Acidente com Vítima;3,181;BR-060/DF;Sul;Colisão Traseira;1;;;;1;;;;;;1;1;;;
31/10/2020;08:52:00;167;ac03 - Acidente com Danos Materiais;137,181;BR-060/GO;Sul;Queda de Moto;;;;1;;;;;;;1;;;;
31/10/2020;09:10:00;178;ac03 - Acidente com Danos Materiais;26,846;BR-060/DF;Sul;Choque - Elemento de Drenagem;1;;;;;1;;;;;2;;;;
31/10/2020;10:32:00;224;ac02 - Acidente com Vítima;445,5;BR-262/MG;Oeste;Queda de Ciclista;;;;1;;;;;;;0;1;;;
31/10/2020;11:28:00;245;ac03 - Acidente com Danos Materiais;500;BR-153/GO;Sul;Engavetamento;2;;4;;;;;;;;6;;;;
31/10/2020;11:43:00;250;ac03 - Acidente com Danos Materiais;28,332;BR-060/GO;Norte;Choque - Elemento de Drenagem;1;;;;;;;;;;1;;;;
31/10/2020;11:47:00;253;ac02 - Acidente com Vítima;10,507;BR-060/GO;Norte;Capotamento;1;;;;;;;;;;0;1;;;
31/10/2020;12:04:00;256;ac03 - Acidente com Danos Materiais;25;BR-060/GO;Sul;Choque - Talude;;;1;;;;;;;;2;;;;
31/10/2020;12:11:00;258;ac03 - Acidente com Danos Materiais;116,768;BR-060/GO;Norte;Saida de Pista;1;;;;;;;;;;2;;;;
31/10/2020;12:28:00;263;ac03 - Acidente com Danos Materiais;185;BR-153/MG;Sul;Colisão Traseira;;;2;;;;;;;;2;;;;
31/10/2020;12:31:00;264;ac03 - Acidente com Danos Materiais;120;BR-060/GO;Norte;Choque - Talude;1;;;;;;;;;;1;;;;
31/10/2020;13:15:00;289;ac02 - Acidente com Vítima;105,757;BR-060/GO;Sul;Capotamento;1;;;;;;;;;;0;1;;;
31/10/2020;13:27:00;295;ac03 - Acidente com Danos Materiais;556,8;BR-153/GO;Sul;Choque - Arvore;1;;;;;;;;;;1;;;;
31/10/2020;14:02:00;318;ac03 - Acidente com Danos Materiais;557,3;BR-153/GO;Sul;Saida de Pista;;;;;;;;;;1;1;;;;
31/10/2020;14:04:00;319;ac03 - Acidente com Danos Materiais;557,3;BR-153/GO;Sul;Choque - Arvore;1;;;;;;;;;;1;;;;
31/10/2020;14:16:00;324;ac02 - Acidente com Vítima;558,5;BR-153/GO;Norte;Choque - Elemento de Drenagem;1;;;;;;;;;;1;3;;;
31/10/2020;14:33:00;335;ac03 - Acidente com Danos Materiais;6,812;BR-060/GO;Norte;Saida de Pista;;;;;;;;;;1;1;;;;
31/10/2020;14:51:00;349;ac03 - Acidente com Danos Materiais;575,634;BR-153/GO;Norte;Saida de Pista;1;;;;;;;;;;3;;;;
31/10/2020;15:52:00;371;ac03 - Acidente com Danos Materiais;575,7;BR-153/GO;Norte;Saida de Pista;1;;;;;;;;;;1;;;;
31/10/2020;15:56:00;375;ac03 - Acidente com Danos Materiais;62;BR-060/GO;Norte;Colisão Lateral;1;;1;;;;;;;;3;;;;
31/10/2020;16:09:00;385;ac03 - Acidente com Danos Materiais;575,85;BR-153/GO;Norte;Saida de Pista;1;;;;;;;;;;1;;;;
31/10/2020;16:59:00;416;ac03 - Acidente com Danos Materiais;23;BR-153/MG;Sul;Saida de Pista;1;;;;;;;;;;2;;;;
31/10/2020;20:00:00;493;ac03 - Acidente com Danos Materiais;10;BR-153/MG;Norte;Choque - Elemento de Drenagem;1;;;;;;;;;;2;;;;
31/10/2020;21:34:00;519;ac03 - Acidente com Danos Materiais;820;BR-262/MG;Oeste;Choque - Elemento de Drenagem;1;;;;;;;;;;1;;;;
01/11/2020;00:48:00;18;ac02 - Acidente com Vítima;103;BR-060/GO;Norte;Capotamento;1;;;;;;;;;;2;1;1;;
01/11/2020;03:50:00;49;ac02 - Acidente com Vítima;567;BR-153/GO;Sul;Capotamento;1;;;;;;;;;;1;3;;;
01/11/2020;05:48:00;68;ac02 - Acidente com Vítima;28,611;BR-060/DF;Norte;Capotamento;1;;;;;;;;;;0;;1;1;
01/11/2020;10:39:00;233;ac02 - Acidente com Vítima;584,32;BR-153/GO;Norte;Capotamento;1;;;;;;;;;;1;2;;;
01/11/2020;15:52:00;380;ac03 - Acidente com Danos Materiais;612;BR-262/MG;Oeste;Capotamento;1;;;;;;;;;;6;;;;
01/11/2020;15:58:00;382;ac03 - Acidente com Danos Materiais;574,35;BR-262/MG;Oeste;Queda de Moto;;;;1;;;;;;;1;;;;
01/11/2020;16:11:00;389;ac02 - Acidente com Vítima;460,15;BR-262/MG;Leste;Choque- Placa/Suporte Sinalização;1;;;;;;;;;;0;1;;;
01/11/2020;16:43:00;407;ac02 - Acidente com Vítima;2,913;BR-060/DF;Norte;Colisão Traseira;1;;;1;;;;;;;1;1;;;
01/11/2020;17:35:00;420;ac02 - Acidente com Vítima;40,9;BR-060/GO;Sul;Queda de Moto;;;;1;;;;;;;0;2;;;
01/11/2020;19:20:00;447;ac02 - Acidente com Vítima;374,789;BR-262/MG;Leste;Queda de Moto;;;;1;;;;;;;0;;1;;
01/11/2020;19:26:00;450;ac03 - Acidente com Danos Materiais;505,7;BR-153/GO;Sul;Colisão Traseira;2;;;;;;;;;;2;;;;
01/11/2020;22:27:00;503;ac03 - Acidente com Danos Materiais;433;BR-262/MG;Leste;Choque - Defensa;1;;;;;;;;;;3;;;;
01/11/2020;22:51:00;511;ac02 - Acidente com Vítima;244;BR-153/MG;Sul;Capotamento;1;;;;;1;;;;;2;3;;;
02/11/2020;05:54:00;72;ac02 - Acidente com Vítima;835;BR-262/MG;Oeste;Tombamento;1;;;;;;;;;;0;1;;;
02/11/2020;11:26:00;187;ac03 - Acidente com Danos Materiais;108;BR-153/MG;Norte;Colisão Lateral;;;2;;;;;;;;2;;;;
02/11/2020;14:20:00;272;ac03 - Acidente com Danos Materiais;554;BR-153/GO;Sul;Colisão Lateral;1;;1;;;;;;;;2;;;;
02/11/2020;15:24:00;307;ac03 - Acidente com Danos Materiais;406;BR-262/MG;Oeste;Saida de Pista;1;;;;;;;;;;1;;;;
02/11/2020;17:42:00;392;ac01 - Acidente com Vítima Fatal;567,9;BR-262/MG;Oeste;Colisão Transversal;;;1;;;;;;;1;0;1;1;1;1
02/11/2020;18:53:00;430;ac02 - Acidente com Vítima;128;BR-060/GO;Sul;Capotamento;1;;;;;;;;;;0;2;2;;
02/11/2020;19:02:00;432;ac02 - Acidente com Vítima;613;BR-153/GO;Sul;Queda de Ciclista;;;;1;;;;;;;0;1;;;
02/11/2020;19:42:00;456;ac02 - Acidente com Vítima;514,8;BR-153/GO;Sul;Colisão Traseira;;1;;;;1;;;;;1;1;;;
02/11/2020;19:53:00;463;ac02 - Acidente com Vítima;699,294;BR-153/GO;Sul;Queda de Moto;;;;1;;;;;;;0;1;;;
02/11/2020;20:16:00;469;ac03 - Acidente com Danos Materiais;539,547;BR-262/MG;Oeste;Saida de Pista;;;;;;1;;;;1;2;;;;
03/11/2020;04:58:00;45;ac02 - Acidente com Vítima;676;BR-153/GO;Norte;Capotamento;1;;;;;;;;;;0;3;;;
03/11/2020;11:30:00;213;ac03 - Acidente com Danos Materiais;1;BR-153/MG;Sul;Colisão Traseira;1;;;1;;;;;;;3;;;;
03/11/2020;12:05:00;235;ac03 - Acidente com Danos Materiais;494;BR-153/GO;Norte;Colisão Traseira;1;;1;;;;;;;;2;;;;
03/11/2020;12:17:00;242;ac03 - Acidente com Danos Materiais;691;BR-262/MG;Leste;Colisão Traseira;1;;1;;;;;;;;2;;;;
03/11/2020;13:01:00;261;ac03 - Acidente com Danos Materiais;501;BR-153/GO;Sul;Colisão Traseira;;;1;1;;;;;;;2;;;;
03/11/2020;15:16:00;312;ac02 - Acidente com Vítima;84;BR-060/GO;Sul;Capotamento;1;;;;;1;;;;;1;1;;1;
03/11/2020;15:17:00;313;ac03 - Acidente com Danos Materiais;389;BR-262/MG;Oeste;Colisão Lateral;;;2;;;;;;;;2;;;;
03/11/2020;16:08:00;335;ac01 - Acidente com Vítima Fatal;570;BR-262/MG;Oeste;Colisão Lateral;1;;1;;;;;;;;0;1;;;1
03/11/2020;16:38:00;347;ac03 - Acidente com Danos Materiais;547;BR-262/MG;Oeste;Colisão Lateral;2;;;;;;;;;;2;;;;
03/11/2020;17:54:00;390;ac03 - Acidente com Danos Materiais;28;BR-060/GO;Norte;Tombamento;;;1;;;;;;;;1;;;;
03/11/2020;18:00:00;394;ac03 - Acidente com Danos Materiais;403;BR-262/MG;Leste;Saida de Pista;1;;;;;;;;;;1;;;;
03/11/2020;18:35:00;407;ac03 - Acidente com Danos Materiais;500;BR-153/GO;Sul;Engavetamento;1;;2;;;;;;;;3;;;;
03/11/2020;19:34:00;438;ac03 - Acidente com Danos Materiais;440;BR-262/MG;Leste;Saida de Pista;1;;;;;;;;;;1;;;;
03/11/2020;19:37:00;439;ac03 - Acidente com Danos Materiais;484;BR-262/MG;Oeste;Atropelamento de Animal;;;1;;;;;;;;1;;;;
03/11/2020;21:59:00;491;ac03 - Acidente com Danos Materiais;880,234;BR-262/MG;Leste;Choque - Elemento de Drenagem;1;;;;;;;;;;1;;;;
04/11/2020;00:11:00;3;ac03 - Acidente com Danos Materiais;103;BR-060/GO;Norte;Colisão Traseira;;;2;;;;;;;;2;;;;
04/11/2020;00:35:00;9;ac03 - Acidente com Danos Materiais;123;BR-153/MG;Norte;Choque - Elemento de Drenagem;;;1;;;;;;;;1;;;;
04/11/2020;02:21:00;28;ac03 - Acidente com Danos Materiais;381;BR-262/MG;Leste;Choque - Barreira;;;;;;;;;;1;1;;;;
04/11/2020;03:29:00;35;ac03 - Acidente com Danos Materiais;575;BR-262/MG;Leste;Colisão Lateral;1;;1;;;;;;;;6;;;;
04/11/2020;07:08:00;87;ac02 - Acidente com Vítima;101,267;BR-060/GO;Norte;Colisão Lateral;1;;;1;;;;;;;2;;1;;
04/11/2020;16:14:00;359;ac02 - Acidente com Vítima;101,279;BR-060/GO;Norte;Colisão Traseira;1;;;1;;;;;;;2;2;;;
04/11/2020;18:55:00;421;ac03 - Acidente com Danos Materiais;439,7;BR-262/MG;Leste;Colisão Traseira;;;2;;;;;;;;2;;;;
04/11/2020;21:12:00;464;ac01 - Acidente com Vítima Fatal;515,095;BR-153/GO;Sul;Colisão Traseira;1;;;1;;;;;;;0;1;1;;1
04/11/2020;22:22:00;476;ac03 - Acidente com Danos Materiais;608,3;BR-153/GO;Norte;Colisão Traseira;;;1;;;1;;;;;2;;;;
05/11/2020;01:55:00;18;ac03 - Acidente com Danos Materiais;136;BR-060/GO;Sul;Capotamento;1;;;;;;;;;;1;;;;
05/11/2020;02:35:00;25;ac02 - Acidente com Vítima;507,814;BR-153/GO;Sul;Atropelamento - Usuário;1;;;;;;;;;;1;;;1;
05/11/2020;07:49:00;120;ac02 - Acidente com Vítima;138;BR-060/GO;Norte;Atropelamento de Animal;;;;1;;;;;;;0;1;;;
05/11/2020;07:51:00;121;ac02 - Acidente com Vítima;2,392;BR-060/DF;Norte;Queda de Moto;;;;1;;;;;;;0;1;;;
05/11/2020;08:28:00;148;ac03 - Acidente com Danos Materiais;13,408;BR-060/GO;Sul;Colisão Traseira;2;;;;;;;;;;2;;;;
05/11/2020;19:20:00;452;ac03 - Acidente com Danos Materiais;79;BR-060/GO;Sul;Atropelamento de Animal;1;;;;;;;;;;1;;;;
05/11/2020;20:19:00;476;ac03 - Acidente com Danos Materiais;634;BR-153/GO;Norte;Atropelamento de Animal;1;;;;;;;;;;1;;;;
06/11/2020;00:15:00;7;ac02 - Acidente com Vítima;75;BR-060/GO;Norte;Capotamento;1;;;;;;;;;;0;1;;;
06/11/2020;01:06:00;19;ac03 - Acidente com Danos Materiais;649,5;BR-262/MG;Oeste;Saida de Pista;;;;;;;;;;1;1;;;;
06/11/2020;11:47:00;278;ac03 - Acidente com Danos Materiais;462,5;BR-262/MG;Leste;Colisão Traseira;;;1;;;;;;;1;2;;;;
06/11/2020;12:39:00;304;ac02 - Acidente com Vítima;449;BR-262/MG;Oeste;Colisão Traseira;2;;;;1;;;;;;2;1;;;
06/11/2020;13:42:00;327;ac03 - Acidente com Danos Materiais;694;BR-262/MG;Leste;Saida de Pista;1;;;;;;;;;;1;;;;
06/11/2020;15:29:00;369;ac03 - Acidente com Danos Materiais;74;BR-060/GO;Sul;Saida de Pista;1;;;;;1;;;;;2;;;;
06/11/2020;18:09:00;450;ac02 - Acidente com Vítima;101;BR-060/GO;Sul;Colisão Traseira;;;1;1;;;;;;;1;1;1;;
06/11/2020;18:43:00;461;ac03 - Acidente com Danos Materiais;99,5;BR-060/GO;Sul;Capotamento;1;;;;;;;;;;1;;;;
06/11/2020;19:29:00;479;ac03 - Acidente com Danos Materiais;138;BR-060/GO;Norte;Colisão Lateral;;;2;;;;;;;;2;;;;
06/11/2020;19:50:00;487;ac03 - Acidente com Danos Materiais;127;BR-060/GO;Norte;Choque - Objeto sobre a pista;;;;;;;;;;1;1;;;;
06/11/2020;20:23:00;502;ac03 - Acidente com Danos Materiais;8;BR-060/DF;Sul;Tombamento;;;1;;;;;;;;1;;;;
07/11/2020;10:05:00;156;ac03 - Acidente com Danos Materiais;598;BR-262/MG;Leste;Saida de Pista;1;;;;;;;;;;2;;;;
07/11/2020;17:07:00;357;ac02 - Acidente com Vítima;595;BR-262/MG;Leste;Tombamento;;;;;1;;;;;;2;1;;;
07/11/2020;17:46:00;380;ac03 - Acidente com Danos Materiais;595,6;BR-262/MG;Leste;Saida de Pista;;;1;;;;;;;1;2;;;;
07/11/2020;18:46:00;408;ac02 - Acidente com Vítima;97;BR-060/GO;Sul;Colisão Traseira;1;;;1;;;;;;;1;2;;;
07/11/2020;19:11:00;422;ac02 - Acidente com Vítima;138;BR-060/GO;Sul;Colisão Traseira;1;;;1;;;;;;;1;1;;;
07/11/2020;19:32:00;434;ac02 - Acidente com Vítima;594,413;BR-262/MG;Oeste;Colisão Traseira;1;;1;;;;;;;;1;;1;;
07/11/2020;21:51:00;465;ac02 - Acidente com Vítima;506;BR-153/GO;Sul;Queda de Moto;;;;1;;;;;;;0;;1;;
07/11/2020;23:28:00;486;ac03 - Acidente com Danos Materiais;470;BR-262/MG;Leste;Saida de Pista;1;;;;;;;;;;1;;;;
08/11/2020;02:16:00;24;ac02 - Acidente com Vítima;12;BR-060/DF;Norte;Colisão Frontal;1;;;1;;;;;;;1;1;;;
08/11/2020;03:32:00;33;ac03 - Acidente com Danos Materiais;627,8;BR-153/GO;Sul;Tombamento;;;1;;;;;;;;1;;;;
08/11/2020;04:34:00;41;ac02 - Acidente com Vítima;391,89;BR-262/MG;Oeste;Capotamento;1;;;;;;;;;;0;1;;;