data;horario;n_da_ocorrencia;tipo_de_ocorrencia;km;trecho;sentido;tipo_de_acidente;automovel;bicicleta;caminhao;moto;onibus;outros;tracao_animal;transporte_de_cargas_especiais;trator_maquinas;utilitarios;ilesos;levemente_feridos;moderadamente_feridos;gravemente_feridos;mortos
08/11/2020;04:43:00;43;ac03 - Acidente com Danos Materiais;677;BR-153/GO;Norte;Atropelamento de Animal;1;;;;;;;;;;4;;;;
08/11/2020;06:18:00;60;ac02 - Acidente com Vítima;369,5;BR-262/MG;Leste;Capotamento;1;;;;;;;;;;0;1;;;
08/11/2020;07:38:00;81;ac03 - Acidente com Danos Materiais;390;BR-262/MG;Leste;Colisão Traseira;;1;1;;;;;;;;2;;;;
08/11/2020;08:28:00;99;ac03 - Acidente com Danos Materiais;629;BR-262/MG;Leste;Choque - Elemento de Drenagem;1;;;;;;;;;;1;;;;
08/11/2020;09:16:00;138;ac03 - Acidente com Danos Materiais;378;BR-262/MG;Oeste;Queda de Moto;;;;1;;;;;;;1;;;;
08/11/2020;10:02:00;165;ac02 - Acidente com Vítima;512,514;BR-153/GO;Sul;Engavetamento;2;;;;;;;;;1;6;2;1;;
08/11/2020;11:15:00;196;ac02 - Acidente com Vítima;630,234;BR-153/GO;Sul;Capotamento;1;;;;;;;;;;0;2;;;
08/11/2020;13:54:00;258;ac03 - Acidente com Danos Materiais;66,15;BR-153/MG;Sul;Colisão Lateral;1;;1;;;;;;;;5;;;;
08/11/2020;15:04:00;286;ac02 - Acidente com Vítima;629,065;BR-153/GO;Sul;Choque - Elemento de Drenagem;1;;;;;;;;;;2;1;;;
08/11/2020;16:28:00;324;ac03 - Acidente com Danos Materiais;510,45;BR-153/GO;Sul;Choque- Placa/Suporte Sinalização;;;2;;;;;;;;2;;;;
08/11/2020;19:45:00;438;ac02 - Acidente com Vítima;878;BR-262/MG;Leste;Colisão Traseira;;;2;;;;;;;;1;1;;;
08/11/2020;20:05:00;445;ac03 - Acidente com Danos Materiais;648;BR-262/MG;Oeste;Queda de Moto;;;;1;;;;;;;2;;;;
09/11/2020;02:09:00;24;ac03 - Acidente com Danos Materiais;58,5;BR-060/GO;Norte;Atropelamento de Animal;1;;;;;;;;;;4;;;;
09/11/2020;05:01:00;42;ac02 - Acidente com Vítima;495,5;BR-153/GO;Sul;Colisão Traseira;1;;1;;;;;;;;0;2;;;
09/11/2020;05:12:00;45;ac03 - Acidente com Danos Materiais;11,3;BR-060/DF;Norte;Saida de Pista;1;;;;;;;;;;1;;;;
09/11/2020;05:12:00;46;ac03 - Acidente com Danos Materiais;496,3;BR-262/MG;Oeste;Capotamento;1;;;;;;;;;;1;;;;
09/11/2020;07:53:00;106;ac02 - Acidente com Vítima;803;BR-262/MG;Leste;Colisão Traseira;1;;1;;;;;;;;2;1;;;
09/11/2020;08:07:00;110;ac02 - Acidente com Vítima;499,843;BR-153/GO;Sul;Colisão Traseira;1;;;1;;;;;;;1;1;;;
09/11/2020;10:17:00;180;ac03 - Acidente com Danos Materiais;372;BR-262/MG;Oeste;Choque - Elemento de Drenagem;1;;;;;;;;;;1;;;;
09/11/2020;14:04:00;278;ac03 - Acidente com Danos Materiais;553;BR-262/MG;Oeste;Colisão Lateral;;;2;;;;;;;;2;;;;
09/11/2020;14:31:00;295;ac03 - Acidente com Danos Materiais;619,8;BR-262/MG;Leste;Colisão Lateral;2;;;;;;;;;;2;;;;
09/11/2020;14:54:00;305;ac03 - Acidente com Danos Materiais;586;BR-262/MG;Oeste;Saida de Pista;;;1;;;;;;;;1;;;;
09/11/2020;16:22:00;346;ac03 - Acidente com Danos Materiais;1,8;BR-153/MG;Sul;Colisão Lateral;1;;1;;;;;;;;2;;;;
09/11/2020;18:27:00;402;ac02 - Acidente com Vítima;138;BR-060/GO;Sul;Colisão Lateral;1;;;1;;;;;;;1;1;;;
09/11/2020;22:11:00;476;ac03 - Acidente com Danos Materiais;576;BR-153/GO;Sul;Carreta deu L;;;1;;;;;;;;1;;;;
09/11/2020;22:13:00;478;ac02 - Acidente com Vítima;507;BR-153/GO;Sul;Queda de Moto;;;;1;;;;;;;0;1;;;
09/11/2020;22:26:00;482;ac03 - Acidente com Danos Materiais;150,1;BR-153/MG;Sul;Capotamento;;;1;;;;;;;;1;;;;
10/11/2020;00:53:00;9;ac02 - Acidente com Vítima;838,05;BR-262/MG;Oeste;Choque - Outros;;;1;;;;;;;;0;;1;;
10/11/2020;01:42:00;12;ac03 - Acidente com Danos Materiais;26,7;BR-060/DF;Norte;Saida de Pista;1;;;;;;;;;;3;;;;
10/11/2020;16:02:00;286;ac03 - Acidente com Danos Materiais;369;BR-262/MG;Oeste;Saida de Pista;1;;;;;;;;;;3;;;;
10/11/2020;16:30:00;301;ac02 - Acidente com Vítima;356;BR-262/MG;Oeste;Capotamento;1;;;;;;;;;;0;;1;;
10/11/2020;17:41:00;337;ac03 - Acidente com Danos Materiais;380;BR-262/MG;Oeste;Capotamento;1;;;;;;;;;;1;;;;
10/11/2020;17:45:00;339;ac03 - Acidente com Danos Materiais;501;BR-153/GO;Sul;Engavetamento;3;;;1;;1;;;;;5;;;;
10/11/2020;23:19:00;446;ac03 - Acidente com Danos Materiais;651;BR-262/MG;Leste;Objeto lançado contra veículo;;;1;;;;;;;1;5;;;;
10/11/2020;23:51:00;453;ac03 - Acidente com Danos Materiais;664;BR-262/MG;Leste;Queda de Moto;;;;1;;1;;;;;2;;;;
11/11/2020;00:06:00;2;ac03 - Acidente com Danos Materiais;71;BR-153/MG;Norte;Choque - Barreira;;;1;;;1;;;;;2;;;;
11/11/2020;03:57:00;36;ac03 - Acidente com Danos Materiais;814,5;BR-262/MG;Oeste;Colisão Traseira;1;;;;;;;;;1;2;;;;
11/11/2020;07:14:00;74;ac03 - Acidente com Danos Materiais;505;BR-153/GO;Norte;Colisão Traseira;2;;;;;;;;;;2;;;;
11/11/2020;07:48:00;93;ac03 - Acidente com Danos Materiais;508;BR-153/GO;Norte;Colisão Traseira;2;;;;;;;;;;2;;;;
11/11/2020;08:29:00;112;ac03 - Acidente com Danos Materiais;509,6;BR-153/GO;Norte;Engavetamento;3;;;;;;;;;;4;;;;
11/11/2020;09:12:00;141;ac01 - Acidente com Vítima Fatal;75;BR-153/MG;Norte;Colisão Frontal;;;4;;;5;;;;;8;;;;1
11/11/2020;10:30:00;182;ac03 - Acidente com Danos Materiais;379;BR-262/MG;Oeste;;1;;;;;;;;;;1;;;;
11/11/2020;12:08:00;222;ac03 - Acidente com Danos Materiais;588,5;BR-262/MG;Leste;Saida de Pista;;;1;;;;;;;;1;;;;
11/11/2020;14:58:00;306;ac03 - Acidente com Danos Materiais;504;BR-153/GO;Norte;Colisão Lateral;;;1;1;;;;;;;2;;;;
11/11/2020;15:19:00;314;ac03 - Acidente com Danos Materiais;380;BR-262/MG;Leste;Saida de Pista;1;;;;;;;;;;1;;;;
11/11/2020;15:19:00;315;ac03 - Acidente com Danos Materiais;607;BR-153/GO;Sul;Colisão Traseira;;;2;;;;;;;;2;;;;
11/11/2020;15:27:00;317;ac03 - Acidente com Danos Materiais;5;BR-060/DF;Sul;Engavetamento;3;;;;;;;;;;3;;;;
11/11/2020;15:32:00;320;ac03 - Acidente com Danos Materiais;402;BR-262/MG;Oeste;Saida de Pista;1;;;;;;;;;;1;;;;
11/11/2020;16:06:00;329;ac03 - Acidente com Danos Materiais;394;BR-262/MG;Oeste;Colisão Traseira;;;1;;;;;;;1;2;;;;
11/11/2020;17:52:00;378;ac02 - Acidente com Vítima;516;BR-153/GO;Norte;Queda de Moto;;;;1;;;;;;;0;;1;;
11/11/2020;19:19:00;418;ac03 - Acidente com Danos Materiais;554;BR-262/MG;Oeste;Saida de Pista;1;;;;;;;;;;2;;;;
11/11/2020;19:44:00;428;ac03 - Acidente com Danos Materiais;133,8;BR-060/GO;Sul;Saida de Pista;1;;;;;;;;;;3;;;;
11/11/2020;20:04:00;435;ac02 - Acidente com Vítima;133,3;BR-060/GO;Sul;Choque - Veiculo parado no acostamento;1;;;;;1;;;;;1;1;;;
12/11/2020;02:13:00;28;ac03 - Acidente com Danos Materiais;552;BR-262/MG;Leste;Saida de Pista;;;1;;;;;;;;1;;;;
12/11/2020;02:28:00;31;ac03 - Acidente com Danos Materiais;47;BR-060/GO;Norte;Tombamento;;;1;;;;;;;;1;;;;
12/11/2020;06:44:00;79;ac03 - Acidente com Danos Materiais;380;BR-262/MG;Leste;Capotamento;1;;;;;;;;;;2;;;;
12/11/2020;06:47:00;83;ac02 - Acidente com Vítima;553;BR-262/MG;Leste;Colisão Frontal;;;2;;;;;;;;1;1;;;
12/11/2020;07:24:00;96;ac03 - Acidente com Danos Materiais;506,563;BR-153/GO;Norte;Colisão Traseira;1;;;;;;;;;1;2;;;;
12/11/2020;08:43:00;126;ac03 - Acidente com Danos Materiais;502,188;BR-153/GO;Norte;Colisão Traseira;2;;;;;;;;;;2;;;;
12/11/2020;09:02:00;150;ac02 - Acidente com Vítima;243,35;BR-153/MG;Sul;Queda de Moto;;;;1;;;;;;;0;1;;;
12/11/2020;09:54:00;167;ac03 - Acidente com Danos Materiais;532,35;BR-153/GO;Norte;Choque - Talude;;;1;;;;;;;;1;;;;
12/11/2020;12:14:00;237;ac03 - Acidente com Danos Materiais;27,318;BR-060/GO;Norte;Choque - Elemento de Drenagem;1;;;;;;;;;;1;;;;
12/11/2020;12:20:00;240;ac03 - Acidente com Danos Materiais;29,878;BR-060/GO;Norte;Choque- Placa/Suporte Sinalização;1;;;;;;;;;;1;;;;
12/11/2020;14:27:00;279;ac03 - Acidente com Danos Materiais;533;BR-262/MG;Leste;Saida de Pista;;;1;;;1;;;;;2;;;;
12/11/2020;15:20:00;307;ac03 - Acidente com Danos Materiais;509,309;BR-153/GO;Norte;Colisão Traseira;2;;;;;;;;;;2;;;;
12/11/2020;15:26:00;310;ac03 - Acidente com Danos Materiais;500,6;BR-153/GO;Sul;Colisão Traseira;2;;;;;;;;;;2;;;;
12/11/2020;15:35:00;313;ac03 - Acidente com Danos Materiais;586,9;BR-262/MG;Oeste;Colisão Lateral;;;2;;;;;;;;3;;;;
12/11/2020;15:56:00;319;ac03 - Acidente com Danos Materiais;112;BR-060/GO;Sul;Choque - Talude;;;1;;;;;;;;1;;;;
12/11/2020;16:33:00;332;ac02 - Acidente com Vítima;659,24;BR-153/GO;Norte;Choque - Elemento de Drenagem;1;;;;;;;;;;0;1;;;
12/11/2020;16:40:00;339;ac03 - Acidente com Danos Materiais;777,12;BR-262/MG;Oeste;Tombamento;;;1;;;;;;;;2;;;;
12/11/2020;17:22:00;358;ac02 - Acidente com Vítima;562,976;BR-153/GO;Norte;Tombamento;;;1;;;;;;;;0;3;;;
12/11/2020;17:31:00;364;ac02 - Acidente com Vítima;217,8;BR-153/MG;Norte;Colisão Transversal;1;;;;;;;;;1;0;1;1;;
12/11/2020;17:43:00;371;ac03 - Acidente com Danos Materiais;6,6;BR-060/DF;Norte;Choque- Poste/Equipamento;1;;;;;;;;;;1;;;;
12/11/2020;17:53:00;375;ac03 - Acidente com Danos Materiais;507;BR-153/GO;Sul;Engavetamento;2;;;;;1;;;;;3;;;;
12/11/2020;19:39:00;416;ac03 - Acidente com Danos Materiais;508;BR-153/GO;Norte;Colisão Traseira;1;;;;;1;;;;;2;;;;
12/11/2020;19:56:00;421;ac03 - Acidente com Danos Materiais;507,9;BR-153/GO;Sul;Colisão Lateral;1;;;;;1;;;;;2;;;;
12/11/2020;21:35:00;459;ac03 - Acidente com Danos Materiais;498;BR-153/GO;Norte;Queda de Moto;;;;1;;;;;;;1;;;;
12/11/2020;23:36:00;485;ac03 - Acidente com Danos Materiais;441,7;BR-262/MG;Leste;Colisão Traseira;1;;1;;;;;;;;2;;;;
13/11/2020;04:43:00;34;ac03 - Acidente com Danos Materiais;673;BR-153/GO;Sul;Colisão Traseira;;;2;;;;;;;;2;;;;
13/11/2020;04:49:00;36;ac03 - Acidente com Danos Materiais;589,989;BR-262/MG;Oeste;Colisão Traseira;1;;1;;;;;;;;6;;;;
13/11/2020;06:25:00;54;ac03 - Acidente com Danos Materiais;635,787;BR-153/GO;Norte;Colisão Traseira;;;2;;;;;;;;2;;;;
13/11/2020;07:30:00;74;ac03 - Acidente com Danos Materiais;366,8;BR-262/MG;Oeste;Colisão Traseira;2;;;;;;;;;;2;;;;
13/11/2020;07:43:00;80;ac03 - Acidente com Danos Materiais;607,35;BR-262/MG;Leste;Choque - Talude;;;1;;;;;;;;1;;;;
13/11/2020;07:54:00;82;ac02 - Acidente com Vítima;367,6;BR-262/MG;Leste;Queda de Moto;;;;1;;;;;;;0;1;;;
13/11/2020;08:18:00;96;ac03 - Acidente com Danos Materiais;507,336;BR-153/GO;Sul;Colisão Traseira;2;;;;;;;;;;2;;;;
13/11/2020;08:30:00;103;ac03 - Acidente com Danos Materiais;501,5;BR-153/GO;Norte;Colisão Traseira;2;;;;;;;;;;2;;;;
13/11/2020;09:58:00;153;ac02 - Acidente com Vítima;104,652;BR-060/GO;Sul;Queda de Moto;;;;1;;;;;;;0;2;;;
13/11/2020;10:32:00;169;ac03 - Acidente com Danos Materiais;386,25;BR-262/MG;Oeste;Capotamento;1;;;;;;;;;;1;;;;
13/11/2020;11:37:00;202;ac03 - Acidente com Danos Materiais;380;BR-262/MG;Oeste;Choque - Elemento de Drenagem;1;;;;;;;;;;5;;;;
13/11/2020;13:04:00;234;ac03 - Acidente com Danos Materiais;358,15;BR-262/MG;Leste;Carreta deu L;;;1;;;;;;;;1;;;;
13/11/2020;14:22:00;265;ac03 - Acidente com Danos Materiais;592,695;BR-153/GO;Sul;Colisão Traseira;;;2;;;;;;;;2;;;;
13/11/2020;14:52:00;275;ac02 - Acidente com Vítima;84,203;BR-060/GO;Sul;Queda de Moto;;;;1;;;;;;;0;1;;;
13/11/2020;15:39:00;291;ac03 - Acidente com Danos Materiais;46;BR-153/MG;Norte;Saida de Pista;;;1;;;;;;;;1;;;;
13/11/2020;15:59:00;298;ac03 - Acidente com Danos Materiais;499,731;BR-153/GO;Sul;Colisão Traseira;2;;;;;;;;;;2;;;;
13/11/2020;16:29:00;309;ac02 - Acidente com Vítima;529,28;BR-153/GO;Sul;Capotamento;1;;;;;;;;;;0;2;;;
13/11/2020;16:37:00;314;ac03 - Acidente com Danos Materiais;34,817;BR-060/GO;Sul;Capotamento;1;;;;;;;;;;1;;;;
13/11/2020;16:47:00;317;ac03 - Acidente com Danos Materiais;534;BR-153/GO;Norte;Choque - Elemento de Drenagem;1;;;;;;;;;;1;;;;
13/11/2020;17:14:00;334;ac03 - Acidente com Danos Materiais;567,6;BR-262/MG;Leste;Capotamento;1;;;;;;;;;;2;;;;
13/11/2020;17:36:00;342;ac02 - Acidente com Vítima;553;BR-262/MG;Leste;Colisão Frontal;;;2;;;1;;;;;2;;1;;
13/11/2020;18:46:00;372;ac03 - Acidente com Danos Materiais;589;BR-262/MG;Oeste;Saida de Pista;;;1;;;;;;;;1;;;;
13/11/2020;19:00:00;379;ac02 - Acidente com Vítima;664;BR-153/GO;Sul;Colisão Traseira;;;1;;;;;;;1;2;1;;;
13/11/2020;19:54:00;402;ac03 - Acidente com Danos Materiais;548,1;BR-262/MG;Leste;Choque - Defensa;1;;;;;;;;;;5;;;;
13/11/2020;19:59:00;405;ac03 - Acidente com Danos Materiais;38;BR-060/GO;Norte;Capotamento;1;;;;;;;;;;2;;;;
13/11/2020;20:03:00;407;ac03 - Acidente com Danos Materiais;3;BR-060/DF;Sul;Colisão Traseira;1;;;1;;;;;;;4;;;;
13/11/2020;20:09:00;410;ac03 - Acidente com Danos Materiais;117;BR-060/GO;Norte;Colisão Traseira;2;;;;;;;;;;3;;;;
13/11/2020;21:18:00;441;ac03 - Acidente com Danos Materiais;27,732;BR-060/GO;Sul;Colisão Traseira;1;;1;;;;;;;;3;;;;
13/11/2020;21:28:00;444;ac02 - Acidente com Vítima;509;BR-153/GO;Sul;Queda de Ciclista;;1;;;;;;;;;0;;1;;
13/11/2020;21:30:00;445;ac03 - Acidente com Danos Materiais;0,6;BR-060/DF;Sul;Colisão Traseira;2;;;;;;;;;;2;;;;
13/11/2020;23:14:00;469;ac03 - Acidente com Danos Materiais;173,784;BR-153/MG;Sul;Saida de Pista;;;1;;;;;;;;1;;;;
14/11/2020;00:22:00;11;ac03 - Acidente com Danos Materiais;125;BR-060/GO;Sul;Colisão Transversal;;;2;;;;;;;;2;;;;
14/11/2020;07:59:00;118;ac03 - Acidente com Danos Materiais;863;BR-262/MG;Leste;Saida de Pista;1;;;;;;;;;;1;;;;
14/11/2020;08:22:00;135;ac03 - Acidente com Danos Materiais;519;BR-262/MG;Leste;Capotamento;1;;;;;;;;;;1;;;;
14/11/2020;08:58:00;151;ac03 - Acidente com Danos Materiais;43;BR-060/GO;Sul;Colisão Traseira;1;;1;;;;;;;;2;;;;
14/11/2020;09:08:00;157;ac03 - Acidente com Danos Materiais;136;BR-060/GO;Sul;Saida de Pista;1;;;;;;;;;;2;;;;
14/11/2020;10:55:00;203;ac02 - Acidente com Vítima;25;BR-060/DF;Norte;Colisão Lateral;1;;;;;1;;;;;1;1;;;
14/11/2020;11:53:00;225;ac03 - Acidente com Danos Materiais;802;BR-262/MG;Leste;Colisão Traseira;;;1;1;;;;;;;2;;;;
14/11/2020;12:22:00;237;ac03 - Acidente com Danos Materiais;27;BR-060/DF;Norte;Saida de Pista;1;;;;;;;;;;1;;;;
14/11/2020;12:34:00;242;ac02 - Acidente com Vítima;48;BR-060/GO;Norte;Saida de Pista;1;;;;;;;;;;0;;1;;
14/11/2020;13:08:00;252;ac03 - Acidente com Danos Materiais;52;BR-153/MG;Sul;Colisão Traseira;;;2;;;;;;;;2;;;;
14/11/2020;13:55:00;269;ac03 - Acidente com Danos Materiais;365;BR-262/MG;Oeste;Colisão Traseira;2;;;;;;;;;;3;;;;
14/11/2020;14:52:00;295;ac03 - Acidente com Danos Materiais;23;BR-153/MG;Norte;Colisão Traseira;1;;;1;;;;;;;2;;;;
14/11/2020;14:54:00;296;ac03 - Acidente com Danos Materiais;21;BR-153/MG;Sul;;;;;1;;;;;;;1;;;;
14/11/2020;16:12:00;335;ac03 - Acidente com Danos Materiais;668,5;BR-153/GO;Sul;Colisão Traseira;1;;1;;;;;;;;2;;;;
14/11/2020;18:22:00;388;ac03 - Acidente com Danos Materiais;408;BR-262/MG;Oeste;Saida de Pista;1;;;;;;;;;;1;;;;
14/11/2020;18:23:00;389;ac03 - Acidente com Danos Materiais;93;BR-060/GO;Norte;Choque- Placa/Suporte Sinalização;1;;;;;;;;;;1;;;;
14/11/2020;19:59:00;439;ac03 - Acidente com Danos Materiais;500;BR-153/GO;Sul;Engavetamento;3;;;;;;;;;;3;;;;
14/11/2020;20:32:00;445;ac03 - Acidente com Danos Materiais;492,9;BR-153/GO;Norte;Carreta deu L;;;1;;;;;;;;1;;;;
14/11/2020;21:28:00;460;ac02 - Acidente com Vítima;88;BR-153/MG;Norte;Colisão Transversal;1;;1;;;;;;;;2;1;;;
14/11/2020;21:57:00;468;ac02 - Acidente com Vítima;404;BR-262/MG;Oeste;Queda de Moto;;;;1;;;;;;;0;2;;;
14/11/2020;22:24:00;477;ac01 - Acidente com Vítima Fatal;92,18;BR-060/GO;Norte;Atropelamento - Outros;;;;1;;;;;;1;1;;;;1
14/11/2020;23:31:00;493;ac03 - Acidente com Danos Materiais;368;BR-262/MG;Leste;Saida de Pista;1;;;;;;;;;;1;;;;
15/11/2020;01:13:00;14;ac03 - Acidente com Danos Materiais;368,5;BR-262/MG;Oeste;Saida de Pista;1;;;;;;;;;;3;;;;
15/11/2020;01:18:00;15;ac03 - Acidente com Danos Materiais;23;BR-060/GO;Sul;Saida de Pista;1;;;;;;;;;;1;;;;
15/11/2020;03:46:00;26;ac02 - Acidente com Vítima;408;BR-262/MG;Oeste;Queda de Moto;;;;1;;;;;;;0;;1;;
15/11/2020;13:25:00;195;ac03 - Acidente com Danos Materiais;104;BR-060/GO;Sul;Saida de Pista;1;;;;;;;;;;1;;;;
15/11/2020;14:37:00;214;ac02 - Acidente com Vítima;19;BR-060/DF;Norte;Queda de Ciclista;;1;;;;;;;;;0;1;;;
15/11/2020;15:08:00;229;ac03 - Acidente com Danos Materiais;3;BR-060/DF;Sul;Colisão Lateral;2;;;;;;;;;;2;;;;
15/11/2020;15:18:00;233;ac02 - Acidente com Vítima;802;BR-262/MG;Leste;Engavetamento;2;;;;;1;;;;;5;1;;;
15/11/2020;15:59:00;250;ac03 - Acidente com Danos Materiais;500;BR-153/GO;Norte;Colisão Traseira;1;;;;;1;;;;;4;;;;
15/11/2020;16:29:00;261;ac03 - Acidente com Danos Materiais;802,1;BR-262/MG;Leste;Colisão Traseira;1;;;;;1;;;;;2;;;;
15/11/2020;16:57:00;270;ac02 - Acidente com Vítima;438;BR-262/MG;Leste;Queda de Moto;;;;1;;;;;;;0;1;;;
15/11/2020;17:43:00;283;ac03 - Acidente com Danos Materiais;435;BR-262/MG;Leste;Queda de Moto;;;;1;;;;;;;1;;;;
15/11/2020;17:59:00;293;ac03 - Acidente com Danos Materiais;554;BR-153/GO;Norte;Colisão Lateral;1;;;1;;;;;;;2;;;;
15/11/2020;18:25:00;306;ac02 - Acidente com Vítima;412;BR-262/MG;Oeste;Capotamento;1;;;;;;;;;;0;1;;;
15/11/2020;20:00:00;347;ac03 - Acidente com Danos Materiais;588;BR-262/MG;Oeste;;;;1;;;;;;;;1;;;;
16/11/2020;00:44:00;6;ac03 - Acidente com Danos Materiais;373;BR-262/MG;Leste;Saida de Pista;1;;;;;;;;;;1;;;;
16/11/2020;00:46:00;7;ac03 - Acidente com Danos Materiais;693;BR-153/GO;Norte;Capotamento;1;;;;;;;;;;1;;;;
16/11/2020;01:35:00;14;ac03 - Acidente com Danos Materiais;70;BR-060/GO;Sul;Saida de Pista;1;;;;;;;;;;1;;;;
16/11/2020;02:10:00;18;ac03 - Acidente com Danos Materiais;489;BR-262/MG;Oeste;Saida de Pista;1;;;;;;;;;;1;;;;
16/11/2020;04:12:00;28;ac03 - Acidente com Danos Materiais;6;BR-153/MG;Norte;Choque - Elemento de Drenagem;1;;;;;1;;;;;2;;;;
16/11/2020;10:44:00;177;ac01 - Acidente com Vítima Fatal;106;BR-153/MG;Norte;Colisão Frontal;2;;;;;;;;;;3;;;;1
16/11/2020;11:38:00;197;ac03 - Acidente com Danos Materiais;494,788;BR-153/GO;Sul;Colisão Traseira;1;;1;;;;;;;;2;;;;
16/11/2020;13:28:00;246;ac03 - Acidente com Danos Materiais;27,754;BR-060/DF;Sul;Saida de Pista;1;;;;;;;;;;1;;;;
16/11/2020;17:58:00;358;ac03 - Acidente com Danos Materiais;16;BR-060/DF;Norte;Colisão Traseira;2;;;;;;;;;;2;;;;
16/11/2020;20:01:00;408;ac03 - Acidente com Danos Materiais;8,54;BR-060/DF;Norte;Carreta deu L;;;1;;;;;;;;1;;;;
17/11/2020;00:54:00;17;ac03 - Acidente com Danos Materiais;494,54;BR-262/MG;Leste;Tombamento;;;1;;;;;;;;1;;;;
17/11/2020;07:15:00;79;ac03 - Acidente com Danos Materiais;24;BR-060/DF;Norte;Capotamento;1;;;;;;;;;;1;;;;
17/11/2020;08:46:00;80;ac03 - Acidente com Danos Materiais;647,35;BR-262/MG;Leste;Colisão Transversal;;;2;;;;;;;;2;;;;
17/11/2020;08:15:00;81;ac03 - Acidente com Danos Materiais;41,8;BR-060/GO;Norte;Choque- Placa/Suporte Sinalização;1;;1;;;;;;;;2;;;;
17/11/2020;09:40:00;85;ac02 - Acidente com Vítima;103,34;BR-060/GO;Sul;Capotamento;1;;;;;;;;;;0;1;;;
17/11/2020;10:05:00;100;ac03 - Acidente com Danos Materiais;508,713;BR-153/GO;Norte;Colisão Traseira;;;2;;;;;;;;2;;;;
17/11/2020;12:13:00;158;ac03 - Acidente com Danos Materiais;606;BR-153/GO;Sul;Choque - Elemento de Drenagem;1;;;;;;;;;;2;;;;
17/11/2020;14:21:00;193;ac03 - Acidente com Danos Materiais;701,5;BR-262/MG;Oeste;Colisão Traseira;;;2;;;;;;;;2;;;;
17/11/2020;14:53:00;213;ac03 - Acidente com Danos Materiais;654;BR-153/GO;Sul;Choque- Placa/Suporte Sinalização;1;;;;;;;;;;4;;;;
17/11/2020;15:02:00;221;ac03 - Acidente com Danos Materiais;584,5;BR-262/MG;Oeste;Saida de Pista;1;;;;;;;;;;1;;;;
17/11/2020;15:06:00;230;ac03 - Acidente com Danos Materiais;654,25;BR-153/GO;Norte;Choque - Elemento de Drenagem;;;1;;;;;;;;2;;;;
17/11/2020;15:53:00;245;ac03 - Acidente com Danos Materiais;416,25;BR-262/MG;Oeste;Saida de Pista;;;;;;;;;;1;1;;;;
17/11/2020;17:18:00;276;ac03 - Acidente com Danos Materiais;39;BR-153/MG;Norte;Capotamento;;;;;;;;;;1;1;;;;
17/11/2020;17:41:00;289;ac03 - Acidente com Danos Materiais;79;BR-153/MG;Sul;Tombamento;;;1;;;;;;;;1;;;;
17/11/2020;19:07:00;324;ac03 - Acidente com Danos Materiais;402,4;BR-262/MG;Oeste;Colisão Lateral;1;;1;;;;;;;;2;;;;
17/11/2020;19:18:00;326;ac03 - Acidente com Danos Materiais;588,8;BR-262/MG;Oeste;Carreta deu L;;;1;;;;;;;;1;;;;
17/11/2020;20:23:00;351;ac03 - Acidente com Danos Materiais;666,8;BR-262/MG;Oeste;Saida de Pista;1;;;;;1;;;;;2;;;;
17/11/2020;20:30:00;354;ac02 - Acidente com Vítima;492,446;BR-153/GO;Norte;Queda de Moto;1;;;1;;;;;;;1;1;;;
18/11/2020;01:05:00;13;ac03 - Acidente com Danos Materiais;648,676;BR-153/GO;Norte;Colisão Traseira;;;2;;;;;;;;2;;;;
18/11/2020;06:19:00;48;ac03 - Acidente com Danos Materiais;369;BR-262/MG;Oeste;Choque - Defensa;1;;;;;;;;;;1;;;;
18/11/2020;06:50:00;57;ac03 - Acidente com Danos Materiais;496,5;BR-153/GO;Sul;Queda de Moto;;;;1;;;;;;;2;;;;
18/11/2020;08:21:00;83;ac02 - Acidente com Vítima;503,3;BR-153/GO;Norte;Engavetamento;1;;;2;;;;;;;2;1;1;;
18/11/2020;08:28:00;85;ac03 - Acidente com Danos Materiais;422,2;BR-262/MG;Leste;Saida de Pista;1;;;;;;;;;;1;;;;
18/11/2020;09:12:00;110;ac03 - Acidente com Danos Materiais;369;BR-262/MG;Leste;Saida de Pista;1;;;;;;;;;;2;;;;