data;horario;n_da_ocorrencia;tipo_de_ocorrencia;km;trecho;sentido;tipo_de_acidente;automovel;bicicleta;caminhao;moto;onibus;outros;tracao_animal;transporte_de_cargas_especiais;trator_maquinas;utilitarios;ilesos;levemente_feridos;moderadamente_feridos;gravemente_feridos;mortos
18/11/2020;09:19:00;119;ac03 - Acidente com Danos Materiais;712;BR-262/MG;Oeste;Choque - Arvore;;;1;;;;;;;;1;;;;
18/11/2020;11:00:00;182;ac03 - Acidente com Danos Materiais;645,1;BR-153/GO;Sul;Carreta deu L;;;1;;;;;;;;1;;;;
18/11/2020;13:38:00;245;ac01 - Acidente com Vítima Fatal;53;BR-060/GO;Norte;Capotamento;;;;;;;;;;1;2;3;4;;2
18/11/2020;14:41:00;269;ac03 - Acidente com Danos Materiais;113;BR-060/GO;Sul;Capotamento;2;;;;;;;;;;3;;;;
18/11/2020;15:10:00;275;ac03 - Acidente com Danos Materiais;832;BR-262/MG;Oeste;Capotamento;1;;;;;;;;;;4;;;;
18/11/2020;16:24:00;311;ac02 - Acidente com Vítima;353;BR-262/MG;Leste;Colisão Lateral;2;;;;;;;;;;1;;1;;
18/11/2020;18:19:00;351;ac02 - Acidente com Vítima;504;BR-153/GO;Norte;Queda de Moto;1;;;;;;;;;;0;;1;;
18/11/2020;18:42:00;367;ac02 - Acidente com Vítima;611;BR-262/MG;Oeste;Saida de Pista;;;1;;;;;;;;0;;1;;
19/11/2020;00:31:00;9;ac03 - Acidente com Danos Materiais;483;BR-262/MG;Oeste;Colisão Traseira;;;2;;;;;;;;2;;;;
19/11/2020;02:15:00;34;ac01 - Acidente com Vítima Fatal;598,1;BR-262/MG;Leste;Choque - Veiculo parado no acostamento;;;1;;1;2;;;;;7;1;3;;1
19/11/2020;02:52:00;38;ac03 - Acidente com Danos Materiais;4;BR-060/GO;Sul;Atropelamento de Animal;;;1;;;;;;;;1;;;;
19/11/2020;03:34:00;47;ac03 - Acidente com Danos Materiais;133;BR-060/GO;Sul;Saida de Pista;1;;;;;;;;;;1;;;;
19/11/2020;03:49:00;50;ac03 - Acidente com Danos Materiais;133,2;BR-060/GO;Sul;Choque - Veiculo parado na pista;;;;1;;;;;;1;2;;;;
19/11/2020;06:32:00;79;ac03 - Acidente com Danos Materiais;643;BR-153/GO;Norte;Saida de Pista;1;;;;;;;;;;1;;;;
19/11/2020;06:58:00;91;ac03 - Acidente com Danos Materiais;11;BR-060/DF;Norte;Queda de Moto;;;;1;;;;;;;1;;;;
19/11/2020;06:59:00;94;ac03 - Acidente com Danos Materiais;558;BR-153/GO;Norte;Choque - Defensa;1;;;;;;;;;;1;;;;
19/11/2020;07:10:00;96;ac02 - Acidente com Vítima;668;BR-153/GO;Norte;Saida de Pista;1;;;;;;;;;;1;1;;;
19/11/2020;07:26:00;102;ac03 - Acidente com Danos Materiais;487;BR-262/MG;Oeste;Carreta deu L;;;1;;;;;;;;1;;;;
19/11/2020;07:31:00;106;ac03 - Acidente com Danos Materiais;4;BR-060/GO;Sul;Choque - Outros;;;1;;;;;;;;1;;;;
19/11/2020;07:35:00;108;ac03 - Acidente com Danos Materiais;382;BR-262/MG;Oeste;Saida de Pista;1;;;;;;;;;1;3;;;;
19/11/2020;10:14:00;189;ac03 - Acidente com Danos Materiais;385;BR-262/MG;Oeste;Saida de Pista;2;;;;;;;;;;3;;;;
19/11/2020;12:25:00;254;ac03 - Acidente com Danos Materiais;551;BR-262/MG;Leste;Tombamento;;;1;;;;;;;;1;;;;
19/11/2020;14:51:00;328;ac02 - Acidente com Vítima;412;BR-262/MG;Leste;Colisão Traseira;1;;;1;;;;;;;1;;2;;
19/11/2020;15:50:00;359;ac03 - Acidente com Danos Materiais;673;BR-153/GO;Norte;Saida de Pista;1;;;;;;;;;;2;;;;
19/11/2020;15:55:00;362;ac03 - Acidente com Danos Materiais;411;BR-262/MG;Leste;Saida de Pista;1;;;;;;;;;;2;;;;
19/11/2020;16:09:00;369;ac03 - Acidente com Danos Materiais;498,5;BR-153/GO;Sul;Colisão Lateral;1;;1;;;;;;;;3;;;;
19/11/2020;16:46:00;381;ac03 - Acidente com Danos Materiais;498;BR-153/GO;Norte;Colisão Traseira;2;;;;;;;;;;2;;;;
19/11/2020;16:50:00;386;ac03 - Acidente com Danos Materiais;78;BR-060/GO;Norte;Saida de Pista;1;;;;;1;;;;;2;;;;
19/11/2020;19:56:00;470;ac02 - Acidente com Vítima;367,5;BR-262/MG;Oeste;Atropelamento - Ciclista;1;1;;;;;;;;;1;;;1;
19/11/2020;22:38:00;512;ac03 - Acidente com Danos Materiais;599;BR-153/GO;Sul;Carreta deu L;;;1;;;;;;;;1;;;;
20/11/2020;01:11:00;18;ac03 - Acidente com Danos Materiais;17;BR-153/MG;Norte;Saida de Pista;;;1;;;1;;;;;2;;;;
20/11/2020;01:21:00;19;ac03 - Acidente com Danos Materiais;548;BR-262/MG;Oeste;Colisão Traseira;;;2;;;2;;;;;5;;;;
20/11/2020;06:40:00;61;ac03 - Acidente com Danos Materiais;211,5;BR-153/MG;Sul;Saida de Pista;1;;;;;;;;;;1;;;;
20/11/2020;16:01:00;325;ac03 - Acidente com Danos Materiais;28;BR-060/GO;Sul;Saida de Pista;1;;;;;;;;;;1;;;;
20/11/2020;18:16:00;409;ac03 - Acidente com Danos Materiais;80;BR-060/GO;Norte;Carreta deu L;;;1;;;;;;;;1;;;;
20/11/2020;22:06:00;497;ac02 - Acidente com Vítima;803,05;BR-262/MG;Oeste;Queda de Moto;;;;1;;;;;;;0;;1;;
21/11/2020;00:22:00;7;ac03 - Acidente com Danos Materiais;431,385;BR-262/MG;Oeste;Saida de Pista;1;;;;;;;;;;1;;;;
21/11/2020;01:34:00;21;ac03 - Acidente com Danos Materiais;439,75;BR-262/MG;Oeste;Atropelamento - Morador;;;1;;;1;;;;;3;;;;
21/11/2020;07:09:00;61;ac03 - Acidente com Danos Materiais;46;BR-060/GO;Norte;Colisão Traseira;1;;1;;;;;;;;6;;;;
21/11/2020;08:05:00;83;ac02 - Acidente com Vítima;697;BR-153/GO;Sul;Queda de Moto;;;;1;;;;;;;0;1;;;
21/11/2020;08:59:00;108;ac03 - Acidente com Danos Materiais;649;BR-153/GO;Sul;Colisão Traseira;1;;1;;;;;;;;2;;;;
21/11/2020;10:24:00;120;ac02 - Acidente com Vítima;133;BR-060/GO;Norte;Queda de Moto;;;;1;;;;;;;1;1;;;
21/11/2020;11:50:00;164;ac03 - Acidente com Danos Materiais;656;BR-153/GO;Norte;Saida de Pista;1;;;;;;;;;;1;;;;
21/11/2020;11:59:00;169;ac02 - Acidente com Vítima;420,15;BR-262/MG;Oeste;Capotamento;1;;;;;;;;;;0;;1;;
21/11/2020;15:43:00;263;ac03 - Acidente com Danos Materiais;510;BR-153/GO;Sul;Colisão Traseira;1;;;;;;;;;1;2;;;;
21/11/2020;18:30:00;317;ac03 - Acidente com Danos Materiais;509;BR-153/GO;Sul;Capotamento;1;;;;;;;;;;1;;;;
21/11/2020;19:18:00;320;ac03 - Acidente com Danos Materiais;134;BR-060/GO;Sul;Capotamento;1;;;;;;;;;;1;;;;
21/11/2020;19:38:00;346;ac02 - Acidente com Vítima;439,399;BR-262/MG;Oeste;Colisão Traseira;2;;;;;;;;;;5;1;;;
21/11/2020;21:08:00;363;ac03 - Acidente com Danos Materiais;537,2;BR-153/GO;Norte;Colisão Lateral;2;;1;;;;;;;;3;;;;
21/11/2020;21:42:00;367;ac03 - Acidente com Danos Materiais;105;BR-060/GO;Norte;Colisão Traseira;1;;;;;1;;;;;2;;;;
22/11/2020;05:15:00;49;ac02 - Acidente com Vítima;518;BR-153/GO;Sul;Colisão Traseira;2;;;;;;;;;;1;2;;;
22/11/2020;05:33:00;53;ac02 - Acidente com Vítima;26,188;BR-153/MG;Sul;Capotamento;1;;;;;;;;;;0;2;;;
22/11/2020;08:52:00;123;ac03 - Acidente com Danos Materiais;1;BR-060/DF;Norte;Capotamento;1;;;;;;;;;;1;;;;
22/11/2020;09:03:00;132;ac02 - Acidente com Vítima;27,8;BR-153/MG;Norte;Saida de Pista;1;;;;;;;;;;5;1;;;
22/11/2020;12:43:00;247;ac03 - Acidente com Danos Materiais;118;BR-060/GO;Norte;Capotamento;1;;;;;;;;;;3;;;;
22/11/2020;16:47:00;300;ac03 - Acidente com Danos Materiais;608;BR-262/MG;Leste;Saida de Pista;;;1;;;;;;;;1;;;;
22/11/2020;17:49:00;319;ac02 - Acidente com Vítima;109;BR-060/GO;Sul;Colisão Traseira;;;;1;;1;;;;;1;1;;;
22/11/2020;18:57:00;330;ac03 - Acidente com Danos Materiais;109;BR-060/GO;Norte;Colisão Lateral;2;;;;;;;;;;3;;;;
22/11/2020;19:12:00;333;ac03 - Acidente com Danos Materiais;600;BR-153/GO;Sul;Saida de Pista;1;;;;;;;;;;2;;;;
22/11/2020;20:45:00;370;ac02 - Acidente com Vítima;423;BR-262/MG;Oeste;Queda de Moto;;;;1;;;;;;;0;1;;;
22/11/2020;21:37:00;393;ac03 - Acidente com Danos Materiais;43;BR-060/GO;Norte;Colisão Lateral;1;;1;;;;;;;;6;;;;
22/11/2020;22:43:00;419;ac03 - Acidente com Danos Materiais;363;BR-262/MG;Leste;Colisão Traseira;;;2;;;;;;;;2;;;;
22/11/2020;23:26:00;428;ac03 - Acidente com Danos Materiais;358;BR-262/MG;Leste;Saida de Pista;1;;;;;;;;;;1;;;;
22/11/2020;23:59:00;436;ac03 - Acidente com Danos Materiais;770;BR-262/MG;Oeste;Capotamento;1;;;;;;;;;;4;;;;
23/11/2020;01:40:00;21;ac03 - Acidente com Danos Materiais;563;BR-262/MG;Leste;Choque - Arvore;;;;;;;;;;1;1;;;;
23/11/2020;06:18:00;51;ac02 - Acidente com Vítima;97;BR-060/GO;Norte;Colisão Traseira;1;;;1;;;;;;;1;1;;;
23/11/2020;13:26:00;283;ac03 - Acidente com Danos Materiais;492;BR-153/GO;Sul;Colisão Lateral;1;;1;;;;;;;;2;;;;
23/11/2020;13:50:00;294;ac03 - Acidente com Danos Materiais;97;BR-060/GO;Sul;Colisão Traseira;1;;1;;;;;;;;3;;;;
23/11/2020;16:05:00;370;ac03 - Acidente com Danos Materiais;816;BR-262/MG;Leste;Tombamento;;;1;;;;;;;;1;;;;
23/11/2020;16:54:00;391;ac03 - Acidente com Danos Materiais;587;BR-153/GO;Norte;Tombamento;;;1;;;;;;;;1;;;;
23/11/2020;17:11:00;396;ac02 - Acidente com Vítima;156,8;BR-153/MG;Norte;Capotamento;1;;;;;;;;;;0;2;1;;
23/11/2020;17:54:00;413;ac02 - Acidente com Vítima;504;BR-153/GO;Norte;Queda de Moto;;;;1;;;;;;;0;;1;;
23/11/2020;18:00:00;416;ac03 - Acidente com Danos Materiais;446;BR-262/MG;Oeste;Colisão Frontal;1;;;;;;;;;;1;;;;
23/11/2020;19:05:00;449;ac03 - Acidente com Danos Materiais;815;BR-262/MG;Oeste;Colisão Traseira;1;;;;;;;;;1;4;;;;
23/11/2020;19:42:00;458;ac02 - Acidente com Vítima;578;BR-153/GO;Norte;Capotamento;1;;;;;;;;;;1;1;;;
23/11/2020;20:09:00;469;ac02 - Acidente com Vítima;414;BR-262/MG;Leste;Saida de Pista;1;;;;;;;;;;0;;;1;
23/11/2020;21:17:00;495;ac03 - Acidente com Danos Materiais;790;BR-262/MG;Leste;Queda de Moto;;;;1;;;;;;;1;;;;
24/11/2020;00:01:00;1;ac02 - Acidente com Vítima;400,4;BR-262/MG;Leste;Saida de Pista;1;;;;;;;;;;0;1;;;
24/11/2020;00:35:00;13;ac03 - Acidente com Danos Materiais;147,974;BR-153/MG;Sul;Tombamento;;;1;;;;;;;;1;;;;
24/11/2020;03:16:00;36;ac03 - Acidente com Danos Materiais;514;BR-153/GO;Sul;Saida de Pista;1;;;;;;;;;;2;;;;
24/11/2020;05:30:00;50;ac03 - Acidente com Danos Materiais;105;BR-060/GO;Sul;Saida de Pista;1;;;;;;;;;;1;;;;
24/11/2020;07:09:00;74;ac02 - Acidente com Vítima;508;BR-153/GO;Norte;Colisão Traseira;;;1;1;;;;;;;2;;1;;
24/11/2020;08:45:00;125;ac03 - Acidente com Danos Materiais;507;BR-153/GO;Sul;Colisão Traseira;2;;;;;;;;;;2;;;;
24/11/2020;09:10:00;142;ac03 - Acidente com Danos Materiais;506;BR-153/GO;Sul;Engavetamento;2;;1;;;;;;;;3;;;;
24/11/2020;10:40:00;194;ac03 - Acidente com Danos Materiais;851,254;BR-262/MG;Oeste;Choque - Arvore;1;;;;;;;;;;1;;;;
24/11/2020;14:47:00;285;ac03 - Acidente com Danos Materiais;802;BR-262/MG;Leste;Colisão Traseira;1;;1;;;;;;;;2;;;;
24/11/2020;17:39:00;354;ac03 - Acidente com Danos Materiais;501;BR-153/GO;Sul;Engavetamento;4;;;;;;;;;;4;;;;
24/11/2020;17:52:00;360;ac03 - Acidente com Danos Materiais;58;BR-153/MG;Sul;Carreta deu L;;;1;;;;;;;;1;;;;
24/11/2020;19:24:00;396;ac03 - Acidente com Danos Materiais;36;BR-153/MG;Norte;Choque - Objeto sobre a pista;2;;;;;1;;;;;6;;;;
25/11/2020;02:17:00;16;ac03 - Acidente com Danos Materiais;559;BR-262/MG;Oeste;Saida de Pista;;;1;;;;;;;;1;;;;
25/11/2020;03:26:00;21;ac03 - Acidente com Danos Materiais;361,4;BR-262/MG;Oeste;Colisão Lateral;1;;;;;1;;;;;2;;;;
25/11/2020;07:03:00;63;ac03 - Acidente com Danos Materiais;464;BR-262/MG;Leste;Engavetamento;2;;2;;;;;;;;8;;;;
25/11/2020;07:42:00;74;ac03 - Acidente com Danos Materiais;33,5;BR-060/GO;Norte;Colisão Traseira;;;2;;;;;;;;2;;;;
25/11/2020;07:49:00;76;ac03 - Acidente com Danos Materiais;506;BR-153/GO;Sul;Colisão Traseira;1;;;1;;;;;;;2;;;;
25/11/2020;13:34:00;214;ac02 - Acidente com Vítima;94;BR-060/GO;Norte;Queda de Moto;;;1;1;;;;;;;1;1;;;
25/11/2020;14:12:00;230;ac02 - Acidente com Vítima;360,15;BR-262/MG;Oeste;Queda de Moto;;;;1;;;;;;;0;1;1;;
25/11/2020;17:49:00;337;ac03 - Acidente com Danos Materiais;104,984;BR-060/GO;Norte;Saida de Pista;;;1;;;;;;;;2;;;;
25/11/2020;18:19:00;347;ac03 - Acidente com Danos Materiais;37,96;BR-060/GO;Sul;Saida de Pista;1;;;;;;;;;;1;;;;
25/11/2020;18:34:00;354;ac02 - Acidente com Vítima;357,845;BR-262/MG;Oeste;Saida de Pista;1;;;;;;;;;;0;;1;;
26/11/2020;01:05:00;8;ac02 - Acidente com Vítima;23,272;BR-060/GO;Norte;Saida de Pista;1;;;;;;;;;;0;1;;;
26/11/2020;05:49:00;31;ac03 - Acidente com Danos Materiais;246;BR-153/MG;Norte;Atropelamento de Animal;;;;;;;;;;1;1;;;;
26/11/2020;08:00:00;73;ac02 - Acidente com Vítima;493;BR-153/GO;Sul;Queda de Ciclista;;;;1;;;;;;;0;1;;;
26/11/2020;08:27:00;92;ac03 - Acidente com Danos Materiais;506,2;BR-153/GO;Norte;Engavetamento;3;;;;;;;;;;4;;;;
26/11/2020;11:10:00;181;ac03 - Acidente com Danos Materiais;631,158;BR-153/GO;Sul;Colisão Traseira;;;2;;;;;;;;2;;;;
26/11/2020;12:37:00;208;ac02 - Acidente com Vítima;95,541;BR-060/GO;Norte;Engavetamento;1;;1;1;;;;;;;5;;1;;
26/11/2020;13:51:00;228;ac03 - Acidente com Danos Materiais;415;BR-262/MG;Leste;Saida de Pista;2;;1;;;;;;;;4;;;;
26/11/2020;15:29:00;277;ac02 - Acidente com Vítima;57;BR-153/MG;Sul;Capotamento;1;;;;;;;;;;0;2;;;
26/11/2020;15:44:00;285;ac03 - Acidente com Danos Materiais;671;BR-262/MG;Leste;Colisão Frontal;1;;3;;;;;;;;4;;;;
26/11/2020;16:01:00;290;ac03 - Acidente com Danos Materiais;210;BR-153/MG;Sul;Choque - Outros;1;;;;;;;;;;1;;;;
26/11/2020;19:27:00;386;ac03 - Acidente com Danos Materiais;47,4;BR-060/GO;Sul;Choque- Placa/Suporte Sinalização;;;1;;;;;;;;1;;;;
26/11/2020;19:42:00;398;ac03 - Acidente com Danos Materiais;461;BR-262/MG;Oeste;Colisão Traseira;;;1;;;;;;;1;2;;;;
26/11/2020;20:11:00;409;ac03 - Acidente com Danos Materiais;118;BR-060/GO;Norte;Colisão Transversal;2;;;;;;;;;;4;;;;
27/11/2020;06:04:00;51;ac02 - Acidente com Vítima;547;BR-262/MG;Oeste;Tombamento;;;1;;;;;;;;0;1;;;
27/11/2020;06:24:00;54;ac02 - Acidente com Vítima;580;BR-262/MG;Oeste;Colisão Traseira;1;;3;;;;;;;;3;;1;;
27/11/2020;07:40:00;79;ac02 - Acidente com Vítima;499;BR-153/GO;Norte;Queda de Ciclista;1;;;1;;;;;;;1;1;;;
27/11/2020;08:32:00;97;ac03 - Acidente com Danos Materiais;507;BR-153/GO;Sul;Engavetamento;2;;;1;;;;;;;3;;;;
27/11/2020;08:55:00;107;ac02 - Acidente com Vítima;128;BR-153/MG;Sul;Colisão Lateral;;;2;;;;;;;;1;1;;;
27/11/2020;09:58:00;135;ac02 - Acidente com Vítima;765;BR-262/MG;Leste;Saida de Pista;1;;1;;;;;;;;1;2;;;
27/11/2020;11:35:00;177;ac03 - Acidente com Danos Materiais;693;BR-153/GO;Norte;Colisão Traseira;1;;1;;;;;;;;4;;;;
27/11/2020;13:31:00;206;ac03 - Acidente com Danos Materiais;30,3;BR-060/DF;Norte;Atropelamento de Animal;;;;1;;;;;;;1;;;;
27/11/2020;14:41:00;242;ac02 - Acidente com Vítima;512,559;BR-153/GO;Sul;Colisão Traseira;;;1;;;;;;;1;2;1;1;;
27/11/2020;14:43:00;244;ac03 - Acidente com Danos Materiais;506;BR-153/GO;Sul;Queda de Ciclista;;;;1;;;;;;;1;;;;
27/11/2020;14:47:00;246;ac03 - Acidente com Danos Materiais;516;BR-153/GO;Sul;Saida de Pista;1;;;;;;;;;;5;;;;
27/11/2020;16:06:00;274;ac02 - Acidente com Vítima;52,341;BR-060/GO;Sul;Queda de Moto;;;;1;;;;;;;1;2;;;
27/11/2020;17:08:00;308;ac03 - Acidente com Danos Materiais;570,859;BR-153/GO;Norte;Saida de Pista;1;;;;;;;;;;5;;;;
27/11/2020;17:33:00;319;ac02 - Acidente com Vítima;593;BR-262/MG;Oeste;Saida de Pista;1;;;;;;;;;;1;1;;;
27/11/2020;17:59:00;329;ac03 - Acidente com Danos Materiais;55;BR-153/MG;Norte;Choque - Elemento de Drenagem;1;;;;;1;;;;;2;;;;
27/11/2020;18:04:00;330;ac02 - Acidente com Vítima;822,6;BR-262/MG;Oeste;Queda de Moto;;;;1;;;;;;;1;1;;;
27/11/2020;19:50:00;384;ac03 - Acidente com Danos Materiais;525,2;BR-262/MG;Oeste;Colisão Lateral;;;2;;;;;;;;2;;;;
27/11/2020;21:24:00;429;ac03 - Acidente com Danos Materiais;525,2;BR-262/MG;Oeste;Queda em Ribanceira;;;2;;;;;;;;2;;;;
27/11/2020;21:35:00;434;ac02 - Acidente com Vítima;818;BR-262/MG;Leste;Capotamento;1;;;;;;;;;;0;;;1;
27/11/2020;21:45:00;438;ac03 - Acidente com Danos Materiais;514;BR-153/GO;Sul;Colisão Transversal;2;;;;;;;;;;3;;;;
28/11/2020;01:32:00;16;ac03 - Acidente com Danos Materiais;14,7;BR-153/MG;Sul;Saida de Pista;1;;;;;;;;;;1;;;;
28/11/2020;04:15:00;38;ac03 - Acidente com Danos Materiais;502;BR-153/GO;Sul;Choque - Veiculo parado na pista;1;;;;;1;;;;;2;;;;
28/11/2020;07:31:00;90;ac03 - Acidente com Danos Materiais;803,9;BR-262/MG;Leste;Colisão Traseira;2;;;;;;;;;;2;;;;
28/11/2020;09:24:00;162;ac03 - Acidente com Danos Materiais;804,15;BR-262/MG;Leste;Colisão Traseira;;;1;;;;;;;1;3;;;;
28/11/2020;11:50:00;222;ac02 - Acidente com Vítima;400;BR-262/MG;Leste;Capotamento;1;;;;;;;;;;0;1;;;
28/11/2020;12:18:00;230;ac03 - Acidente com Danos Materiais;124;BR-060/GO;Norte;Saida de Pista;;;;;;1;;;;1;2;;;;
28/11/2020;12:39:00;237;ac01 - Acidente com Vítima Fatal;493;BR-153/GO;Norte;Colisão Traseira;;;1;1;;;;;;;1;;;;1
28/11/2020;13:36:00;255;ac02 - Acidente com Vítima;92;BR-060/GO;Sul;Colisão Lateral;;;;2;;;;;;;0;1;1;;
28/11/2020;14:02:00;265;ac03 - Acidente com Danos Materiais;92,1;BR-153/MG;Sul;Colisão Traseira;;;1;;;;;;;1;2;;;;
28/11/2020;18:55:00;392;ac02 - Acidente com Vítima;493;BR-153/GO;Sul;Colisão Traseira;;;1;1;;;;;;;1;;1;;
28/11/2020;20:45:00;428;ac03 - Acidente com Danos Materiais;512;BR-153/GO;Norte;Atropelamento - Andarilho;1;;;;;;;;;;2;;;;
28/11/2020;21:01:00;436;ac03 - Acidente com Danos Materiais;396;BR-262/MG;Leste;Colisão Traseira;1;;1;;;;;;;;3;;;;
28/11/2020;23:01:00;472;ac03 - Acidente com Danos Materiais;86;BR-060/GO;Sul;Atropelamento de Animal;1;;;;;;;;;;1;;;;
29/11/2020;00:11:00;1;ac03 - Acidente com Danos Materiais;358,593;BR-262/MG;Leste;Capotamento;1;;;;;;;;;;1;;;;
29/11/2020;02:38:00;20;ac02 - Acidente com Vítima;508,385;BR-153/GO;Norte;Queda de Moto;;;;1;;;;;;;0;;1;1;
29/11/2020;04:35:00;34;ac02 - Acidente com Vítima;506,169;BR-153/GO;Norte;Queda de Moto;;;;1;;;;;;;0;1;;;
29/11/2020;07:23:00;66;ac03 - Acidente com Danos Materiais;363,85;BR-262/MG;Oeste;Colisão Traseira;2;;;;;;;;;;6;;;;
29/11/2020;08:23:00;79;ac03 - Acidente com Danos Materiais;1;BR-060/DF;Norte;Colisão Traseira;2;;;;;;;;;;3;;;;
29/11/2020;08:43:00;83;ac02 - Acidente com Vítima;127;BR-060/GO;Norte;Choque - Talude;;;;1;;;;;;;0;2;;;
29/11/2020;10:23:00;118;ac02 - Acidente com Vítima;433;BR-262/MG;Oeste;Capotamento;1;;;;;;;;;;1;2;;;
29/11/2020;11:04:00;136;ac02 - Acidente com Vítima;97;BR-153/MG;Sul;Capotamento;;;;;;;;;;1;1;1;;;
29/11/2020;11:42:00;145;ac03 - Acidente com Danos Materiais;505;BR-153/GO;Sul;Engavetamento;2;;;;1;;;;;;3;;;;
29/11/2020;12:55:00;164;ac03 - Acidente com Danos Materiais;16;BR-060/GO;Sul;Capotamento;1;;;;;;;;;;1;;;;
29/11/2020;13:14:00;170;ac02 - Acidente com Vítima;243;BR-153/MG;Sul;Colisão Traseira;2;;;;;;;;;;1;3;;;
29/11/2020;13:41:00;177;ac03 - Acidente com Danos Materiais;405,45;BR-262/MG;Leste;Queda de Moto;;;;1;;;;;;;1;;;;
29/11/2020;17:10:00;264;ac02 - Acidente com Vítima;12;BR-060/GO;Norte;Capotamento;2;;;;;;;;;;2;;1;;
29/11/2020;17:55:00;291;ac03 - Acidente com Danos Materiais;0;BR-060/GO;Norte;Colisão Lateral;1;;;1;;;;;;;2;;;;
29/11/2020;18:46:00;309;ac02 - Acidente com Vítima;541;BR-153/GO;Sul;Saida de Pista;1;;;;;;;;;;1;1;;;
29/11/2020;18:47:00;310;ac03 - Acidente com Danos Materiais;9,5;BR-153/MG;Norte;Atropelamento de Animal;1;;;;;;;;;;2;;;;
29/11/2020;19:24:00;325;ac02 - Acidente com Vítima;24;BR-060/GO;Norte;Colisão Traseira;2;;;;;;;;;;4;;2;;
29/11/2020;19:34:00;328;ac02 - Acidente com Vítima;454,199;BR-262/MG;Leste;Colisão Traseira;1;;1;;;;;;;;1;;1;;
29/11/2020;19:39:00;333;ac02 - Acidente com Vítima;502;BR-153/GO;Norte;Colisão Traseira;1;;;1;;;;;;;0;1;1;;
29/11/2020;19:43:00;335;ac03 - Acidente com Danos Materiais;364;BR-262/MG;Leste;Queda de Moto;;;;1;;1;;;;;2;;;;
29/11/2020;20:07:00;340;ac03 - Acidente com Danos Materiais;578;BR-153/GO;Sul;Colisão Lateral;1;;1;;;;;;;;2;;;;
29/11/2020;22:22:00;386;ac03 - Acidente com Danos Materiais;413,467;BR-262/MG;Leste;Colisão Traseira;2;;;;;1;;;;;3;;;;
30/11/2020;02:08:00;14;ac02 - Acidente com Vítima;811;BR-262/MG;Oeste;Choque - Defensa;;;;1;;;;;;;0;;;1;
30/11/2020;04:54:00;24;ac02 - Acidente com Vítima;421,558;BR-262/MG;Oeste;Capotamento;1;;;;;;;;;;0;;1;;
30/11/2020;09:05:00;133;ac03 - Acidente com Danos Materiais;515,25;BR-153/GO;Sul;Choque - Outros;1;;;;;;;;;;1;;;;
30/11/2020;09:53:00;170;ac03 - Acidente com Danos Materiais;361;BR-262/MG;Leste;Colisão Traseira;2;;;;;;;;;;2;;;;
30/11/2020;11:07:00;212;ac03 - Acidente com Danos Materiais;394;BR-262/MG;Leste;Capotamento;1;;;;;;;;;;1;;;;
30/11/2020;11:58:00;239;ac02 - Acidente com Vítima;48,23;BR-060/GO;Sul;Colisão Traseira;;;1;;1;;;;;;1;1;;;
30/11/2020;17:08:00;377;ac02 - Acidente com Vítima;417;BR-262/MG;Oeste;Colisão Traseira;2;;;;;;;;;;1;1;;;
30/11/2020;17:10:00;379;ac03 - Acidente com Danos Materiais;506;BR-262/MG;Leste;Colisão Traseira;;;1;;;;;;;1;2;;;;
30/11/2020;17:22:00;381;ac03 - Acidente com Danos Materiais;4,5;BR-060/DF;Sul;Engavetamento;3;;;;;;;;;;3;;;;
30/11/2020;17:49:00;390;ac03 - Acidente com Danos Materiais;495,5;BR-153/GO;Sul;Engavetamento;3;;;;;;;;;;3;;;;
30/11/2020;18:28:00;407;ac03 - Acidente com Danos Materiais;505;BR-262/MG;Oeste;Queda de Moto;;;;1;;;;;;;1;;;;
30/11/2020;20:59:00;479;ac03 - Acidente com Danos Materiais;2;BR-153/MG;Sul;Atropelamento de Animal;1;;;;;;;;;;1;;;;
30/11/2020;21:50:00;492;ac02 - Acidente com Vítima;393;BR-262/MG;Oeste;Colisão Frontal;1;;;1;;;;;;;2;;;1;
01/12/2020;15:02:00;316;ac03 - Acidente com Danos Materiais;138;BR-060/GO;Norte;Colisão Lateral;;;1;;;;;;;1;2;;;;