data;horario;n_da_ocorrencia;tipo_de_ocorrencia;km;trecho;sentido;tipo_de_acidente;automovel;bicicleta;caminhao;moto;onibus;outros;tracao_animal;transporte_de_cargas_especiais;trator_maquinas;utilitarios;ilesos;levemente_feridos;moderadamente_feridos;gravemente_feridos;mortos
01/12/2020;16:20:00;353;ac03 - Acidente com Danos Materiais;70;BR-153/MG;Sul;Colisão Traseira;;;2;;;;;;;;2;;;;
01/12/2020;17:13:00;384;ac03 - Acidente com Danos Materiais;663,8;BR-153/GO;Sul;Choque- Poste/Equipamento;1;;;;;;;;;;1;;;;
01/12/2020;18:03:00;408;ac02 - Acidente com Vítima;802;BR-262/MG;Leste;Engavetamento;;;1;;1;;;;;1;3;1;;;
01/12/2020;17:59:00;409;ac03 - Acidente com Danos Materiais;803,5;BR-262/MG;Leste;Engavetamento;2;;;;;;;;;1;3;;;;
01/12/2020;19:34:00;453;ac03 - Acidente com Danos Materiais;675;BR-153/GO;Sul;Atropelamento de Animal;1;;;;;;;;;;1;;;;
02/12/2020;02:38:00;25;ac01 - Acidente com Vítima Fatal;655,6;BR-153/GO;Norte;Tombamento;;;1;;;;;;;;1;;;;1
02/12/2020;08:07:00;86;ac03 - Acidente com Danos Materiais;465,25;BR-262/MG;Oeste;Tombamento;;;1;;;;;;;;1;;;;
02/12/2020;08:26:00;90;ac03 - Acidente com Danos Materiais;594,35;BR-262/MG;Oeste;Choque- Placa/Suporte Sinalização;;;1;;;;;;;;1;;;;
02/12/2020;10:27:00;134;ac03 - Acidente com Danos Materiais;516;BR-153/GO;Norte;Saida de Pista;1;;;;;1;;;;;2;;;;
02/12/2020;10:27:00;137;ac03 - Acidente com Danos Materiais;579,15;BR-262/MG;Leste;Saida de Pista;;;1;;;;;;;;1;;;;
02/12/2020;11:17:00;151;ac03 - Acidente com Danos Materiais;77,2;BR-153/MG;Norte;Tombamento;;;3;;;;;;;;5;;;;
02/12/2020;11:32:00;159;ac03 - Acidente com Danos Materiais;547,45;BR-262/MG;Leste;Choque - Elemento de Drenagem;1;;;;;;;;;;3;;;;
02/12/2020;12:32:00;178;ac03 - Acidente com Danos Materiais;370;BR-262/MG;Oeste;Choque - Defensa;1;;;;;;;;;;1;;;;
02/12/2020;12:33:00;179;ac03 - Acidente com Danos Materiais;366;BR-262/MG;Leste;Colisão Traseira;1;;1;;;;;;;;2;;;;
02/12/2020;13:05:00;185;ac03 - Acidente com Danos Materiais;383,6;BR-262/MG;Leste;Choque - Elemento de Drenagem;1;;;;;;;;;;1;;;;
02/12/2020;13:51:00;194;ac03 - Acidente com Danos Materiais;59;BR-153/MG;Norte;Colisão Traseira;1;;;;;;;;;1;2;;;;
02/12/2020;14:36:00;202;ac03 - Acidente com Danos Materiais;75;BR-153/MG;Sul;Tombamento;;;1;;;;;;;;2;;;;
02/12/2020;15:04:00;208;ac03 - Acidente com Danos Materiais;137;BR-060/GO;Sul;Queda de Moto;;;;1;;;;;;;1;;;;
02/12/2020;15:50:00;224;ac02 - Acidente com Vítima;502;BR-153/GO;Norte;Colisão Traseira;1;;;1;;;;;;;2;1;;;
02/12/2020;18:16:00;279;ac03 - Acidente com Danos Materiais;580;BR-153/GO;Norte;Saida de Pista;1;;;;;;;;;;1;;;;
02/12/2020;19:40:00;308;ac03 - Acidente com Danos Materiais;587,613;BR-262/MG;Oeste;Carreta deu L;;;1;;;;;;;;1;;;;
02/12/2020;20:32:00;327;ac03 - Acidente com Danos Materiais;28;BR-060/GO;Sul;Colisão Traseira;1;;;;;1;;;;;2;;;;
02/12/2020;22:59:00;352;ac01 - Acidente com Vítima Fatal;647,998;BR-262/MG;Oeste;Colisão Transversal;;;2;;;;;;;;0;;1;;1
02/12/2020;23:56:00;367;ac03 - Acidente com Danos Materiais;649,745;BR-262/MG;Leste;Choque - Veiculo parado no acostamento;;;1;;;;;;;1;2;;;;
03/12/2020;00:28:00;4;ac03 - Acidente com Danos Materiais;645,328;BR-262/MG;Oeste;Tombamento;;;1;;;1;;;;;2;;;;
03/12/2020;01:18:00;13;ac03 - Acidente com Danos Materiais;504;BR-153/GO;Sul;Colisão Traseira;2;;;;;;;;;;2;;;;
03/12/2020;01:24:00;17;ac03 - Acidente com Danos Materiais;581,137;BR-262/MG;Oeste;Carreta deu L;;;1;;;1;;;;;2;;;;
03/12/2020;03:45:00;31;ac03 - Acidente com Danos Materiais;26;BR-153/MG;Norte;Saida de Pista;1;;;;;;;;;;4;;;;
03/12/2020;08:06:00;88;ac02 - Acidente com Vítima;561,35;BR-262/MG;Leste;Tombamento;;;1;;;;;;;;0;1;;;
03/12/2020;08:32:00;105;ac02 - Acidente com Vítima;588,5;BR-262/MG;Oeste;Capotamento;;;;;;;;;;1;0;1;;;
03/12/2020;08:50:00;114;ac02 - Acidente com Vítima;506;BR-153/GO;Norte;Colisão Lateral;1;;;1;;1;;;;;2;1;;;
03/12/2020;09:12:00;123;ac02 - Acidente com Vítima;588,6;BR-262/MG;Leste;Capotamento;1;;;;;;;;;;1;1;;;
03/12/2020;10:13:00;143;ac03 - Acidente com Danos Materiais;388,202;BR-262/MG;Leste;Colisão Traseira;1;;1;;;;;;;;2;;;;
03/12/2020;10:26:00;151;ac03 - Acidente com Danos Materiais;135,2;BR-153/MG;Norte;Colisão Traseira;;;2;;;;;;;;2;;;;
03/12/2020;11:43:00;189;ac03 - Acidente com Danos Materiais;134,8;BR-153/MG;Sul;Choque - Outros;;;1;;;;;;;;1;;;;
03/12/2020;12:14:00;197;ac03 - Acidente com Danos Materiais;650;BR-262/MG;Leste;Colisão Traseira;2;;;;;;;;;;2;;;;
03/12/2020;12:35:00;209;ac03 - Acidente com Danos Materiais;410,5;BR-262/MG;Leste;Capotamento;;;;;;;;;;1;1;;;;
03/12/2020;16:59:00;306;ac02 - Acidente com Vítima;368,8;BR-262/MG;Leste;Queda de Moto;;;;1;;;;;;;0;;1;;
03/12/2020;19:26:00;371;ac03 - Acidente com Danos Materiais;896;BR-262/MG;Leste;Colisão Traseira;;;1;;;;;;;1;3;;;;
03/12/2020;19:42:00;378;ac03 - Acidente com Danos Materiais;4;BR-060/GO;Sul;Colisão Traseira;;;2;;;;;;;;2;;;;
03/12/2020;19:42:00;379;ac03 - Acidente com Danos Materiais;685;BR-153/GO;Sul;Engavetamento;1;;2;;;;;;;;3;;;;
03/12/2020;21:17:00;408;ac02 - Acidente com Vítima;21;BR-060/DF;Norte;Capotamento;;;;;;;;;;1;0;;1;;
03/12/2020;22:01:00;423;ac03 - Acidente com Danos Materiais;492;BR-153/GO;Sul;Colisão Traseira;;;;2;;;;;;;2;;;;
04/12/2020;02:12:00;16;ac02 - Acidente com Vítima;364,835;BR-262/MG;Oeste;Colisão Traseira;1;;1;;;;;;;;1;;1;;
04/12/2020;03:52:00;23;ac03 - Acidente com Danos Materiais;99,038;BR-153/MG;Sul;Colisão Traseira;;;2;;;;;;;;2;;;;
04/12/2020;07:06:00;48;ac03 - Acidente com Danos Materiais;4,258;BR-060/DF;Norte;Colisão Traseira;1;;1;;;;;;;;2;;;;
04/12/2020;07:49:00;61;ac02 - Acidente com Vítima;96,254;BR-060/GO;Sul;Colisão Lateral;1;;;1;;;;;;;1;1;;;
04/12/2020;07:53:00;64;ac03 - Acidente com Danos Materiais;506,457;BR-153/GO;Norte;Engavetamento;4;;;;;;;;;;6;;;;
04/12/2020;09:25:00;120;ac02 - Acidente com Vítima;570,25;BR-153/GO;Norte;Capotamento;;;;;;;;;;1;0;2;;;
04/12/2020;14:32:00;301;ac02 - Acidente com Vítima;593,5;BR-262/MG;Oeste;Capotamento;1;;;;;;;;;;0;2;;;
04/12/2020;14:48:00;310;ac03 - Acidente com Danos Materiais;499,5;BR-153/GO;Norte;Engavetamento;3;;;;;;;;;;3;;;;
04/12/2020;16:15:00;356;ac03 - Acidente com Danos Materiais;549;BR-262/MG;Oeste;Saida de Pista;1;;1;;;;;;;;4;;;;
04/12/2020;16:19:00;357;ac03 - Acidente com Danos Materiais;15,8;BR-060/GO;Sul;Colisão Traseira;;;2;;;;;;;;2;;;;
04/12/2020;17:16:00;400;ac02 - Acidente com Vítima;84;BR-060/GO;Sul;Queda de Moto;;;;1;;;;;;;0;1;;;
04/12/2020;18:36:00;444;ac03 - Acidente com Danos Materiais;378;BR-262/MG;Oeste;Saida de Pista;1;;;;;;;;;;1;;;;
04/12/2020;20:56:00;519;ac02 - Acidente com Vítima;362;BR-262/MG;Oeste;Atropelamento - Usuário;;;;1;;;;;;;0;1;1;;
04/12/2020;22:30:00;557;ac03 - Acidente com Danos Materiais;161;BR-153/MG;Norte;Atropelamento de Animal;1;;;;;;;;;;3;;;;
05/12/2020;01:51:00;22;ac02 - Acidente com Vítima;816;BR-262/MG;Oeste;Capotamento;1;;;;;;;;;;0;1;;;
05/12/2020;04:18:00;41;ac03 - Acidente com Danos Materiais;148;BR-153/MG;Sul;Tombamento;;;1;;;1;;;;;2;;;;
05/12/2020;05:00:00;48;ac02 - Acidente com Vítima;3;BR-060/DF;Norte;Colisão Traseira;2;;;;;;;;;;1;1;;;
05/12/2020;05:46:00;61;ac03 - Acidente com Danos Materiais;12;BR-153/MG;Norte;Tombamento;;;1;;;2;;;;;3;;;;
05/12/2020;09:07:00;140;ac03 - Acidente com Danos Materiais;575;BR-262/MG;Leste;Tombamento;;;1;;;;;;;;1;;;;
05/12/2020;09:21:00;148;ac02 - Acidente com Vítima;500;BR-262/MG;Oeste;Capotamento;1;;;;;;;;;;0;;1;;
05/12/2020;10:30:00;181;ac03 - Acidente com Danos Materiais;494,51;BR-153/GO;Sul;Engavetamento;4;;;;;;;;;;5;;;;
05/12/2020;10:39:00;187;ac03 - Acidente com Danos Materiais;510,023;BR-153/GO;Norte;Choque - Outros;1;;;;;;;;;;1;;;;
05/12/2020;11:27:00;209;ac03 - Acidente com Danos Materiais;647;BR-153/GO;Sul;Capotamento;1;;;;;;;;;;1;;;;
05/12/2020;11:41:00;217;ac03 - Acidente com Danos Materiais;543;BR-153/GO;Sul;Saida de Pista;1;;;;;;;;;;1;;;;
05/12/2020;11:47:00;221;ac03 - Acidente com Danos Materiais;55;BR-060/GO;Sul;Capotamento;1;;;;;;;;;;1;;;;
05/12/2020;12:03:00;231;ac03 - Acidente com Danos Materiais;58,152;BR-060/GO;Sul;Capotamento;1;;;;;;;;;;5;;;;
05/12/2020;12:14:00;237;ac03 - Acidente com Danos Materiais;1,2;BR-060/DF;Norte;Colisão Lateral;1;;1;;;;;;;;2;;;;
05/12/2020;12:54:00;260;ac02 - Acidente com Vítima;383;BR-262/MG;Oeste;Capotamento;1;;;;;;;;;;3;;;1;
05/12/2020;13:32:00;271;ac03 - Acidente com Danos Materiais;895;BR-262/MG;Leste;Saida de Pista;1;;;;;;;;;;1;;;;
05/12/2020;13:47:00;280;ac03 - Acidente com Danos Materiais;380;BR-262/MG;Leste;;1;;;;;;;;;;1;;;;
05/12/2020;13:56:00;284;ac03 - Acidente com Danos Materiais;380;BR-262/MG;Leste;Saida de Pista;1;;;;;;;;;;1;;;;
05/12/2020;14:18:00;294;ac02 - Acidente com Vítima;364;BR-262/MG;Oeste;Colisão Traseira;2;;;;;;;;;;1;1;;;
05/12/2020;14:38:00;305;ac03 - Acidente com Danos Materiais;404;BR-262/MG;Leste;Saida de Pista;1;;;;;;;;;;1;;;;
05/12/2020;16:48:00;361;ac03 - Acidente com Danos Materiais;780;BR-262/MG;Leste;Atropelamento de Animal;1;;;;;;;;;;1;;;;
05/12/2020;17:11:00;376;ac03 - Acidente com Danos Materiais;28,4;BR-153/MG;Norte;Saida de Pista;1;;;;;;;;;;1;;;;
05/12/2020;17:35:00;386;ac03 - Acidente com Danos Materiais;608,275;BR-153/GO;Sul;Queda de Moto;;;;1;;;;;;;1;;;;
05/12/2020;18:05:00;394;ac03 - Acidente com Danos Materiais;620;BR-153/GO;Sul;Capotamento;1;;;;;;;;;;1;;;;
05/12/2020;18:53:00;410;ac02 - Acidente com Vítima;8;BR-060/DF;Sul;Saida de Pista;1;;;;;;;;;;2;;2;;
05/12/2020;19:28:00;426;ac03 - Acidente com Danos Materiais;690;BR-153/GO;Norte;Choque - Outros;1;;;;;1;;;;;2;;;;
05/12/2020;20:15:00;441;ac03 - Acidente com Danos Materiais;39;BR-153/MG;Sul;Colisão Frontal;1;;1;;;1;;;;;4;;;;
05/12/2020;21:49:00;475;ac03 - Acidente com Danos Materiais;563,8;BR-153/GO;Norte;Saida de Pista;;;1;;;;;;;;1;;;;
05/12/2020;22:04:00;482;ac03 - Acidente com Danos Materiais;15,171;BR-153/MG;Norte;Colisão Traseira;;;;;;1;;;;1;2;;;;
05/12/2020;22:52:00;494;ac02 - Acidente com Vítima;369;BR-262/MG;Oeste;Atropelamento - Usuário;;;;1;;;;;;;1;1;;;
05/12/2020;23:46:00;507;ac02 - Acidente com Vítima;636;BR-153/GO;Norte;Saida de Pista;1;;;;;;;;;;4;1;;;
06/12/2020;01:14:00;14;ac03 - Acidente com Danos Materiais;453;BR-262/MG;Leste;Saida de Pista;1;;;;;;;;;;1;;;;
06/12/2020;03:33:00;32;ac03 - Acidente com Danos Materiais;94;BR-153/MG;Sul;Choque - Talude;1;;;;;;;;;;1;;;;
06/12/2020;06:09:00;53;ac02 - Acidente com Vítima;441;BR-262/MG;Leste;Capotamento;1;;;;;;;;;;1;2;;;
06/12/2020;06:33:00;60;ac03 - Acidente com Danos Materiais;130;BR-153/MG;Sul;Saida de Pista;;;1;;;;;;;;2;;;;
06/12/2020;07:50:00;78;ac01 - Acidente com Vítima Fatal;4;BR-060/GO;Sul;Choque - Defensa;;;;3;;;;;;;0;2;;;1
06/12/2020;10:01:00;123;ac03 - Acidente com Danos Materiais;418;BR-262/MG;Oeste;Saida de Pista;1;;;;;;;;;;1;;;;
06/12/2020;10:07:00;127;ac02 - Acidente com Vítima;421;BR-262/MG;Leste;Queda de Ciclista;;;;1;;;;;;;0;1;;;
06/12/2020;11:21:00;165;ac03 - Acidente com Danos Materiais;464,5;BR-262/MG;Oeste;Saida de Pista;1;;;;;;;;;;1;;;;
06/12/2020;12:01:00;184;ac03 - Acidente com Danos Materiais;380,25;BR-262/MG;Oeste;Choque - Elemento de Drenagem;1;;;;;;;;;;1;;;;
06/12/2020;12:40:00;195;ac02 - Acidente com Vítima;183,281;BR-153/MG;Sul;Queda de Ciclista;;;;1;;;;;;;0;2;;;
06/12/2020;12:50:00;197;ac03 - Acidente com Danos Materiais;617;BR-153/GO;Norte;Colisão Lateral;1;;1;;;;;;;;2;;;;
06/12/2020;15:57:00;245;ac03 - Acidente com Danos Materiais;388;BR-262/MG;Oeste;Saida de Pista;1;;;;;;;;;;1;;;;
06/12/2020;16:13:00;253;ac03 - Acidente com Danos Materiais;381,5;BR-262/MG;Oeste;Choque - Defensa;1;;;;;;;;;;2;;;;
06/12/2020;17:54:00;291;ac03 - Acidente com Danos Materiais;511,7;BR-153/GO;Norte;Capotamento;1;;;;;;;;;;1;;;;
06/12/2020;19:24:00;323;ac03 - Acidente com Danos Materiais;358;BR-262/MG;Oeste;Choque - Objeto sobre a pista;1;;;;;;;;;1;6;;;;
06/12/2020;19:43:00;336;ac03 - Acidente com Danos Materiais;121;BR-060/GO;Norte;Colisão Traseira;1;;;;;1;;;;;3;;;;
06/12/2020;20:15:00;345;ac02 - Acidente com Vítima;2,9;BR-060/GO;Sul;Colisão Traseira;2;;;;;;;;;;2;;1;;
06/12/2020;20:53:00;361;ac02 - Acidente com Vítima;5,7;BR-153/MG;Norte;Atropelamento - Ciclista;;1;;;;1;;;;;1;1;;;
06/12/2020;20:56:00;362;ac02 - Acidente com Vítima;640;BR-153/GO;Sul;Atropelamento de Animal;1;;;;;;;;;;4;1;;;
06/12/2020;21:24:00;371;ac02 - Acidente com Vítima;838;BR-262/MG;Oeste;Choque - Outros;1;;;;;;;;;;0;1;;;
06/12/2020;22:04:00;382;ac02 - Acidente com Vítima;106,95;BR-060/GO;Sul;Atropelamento - Usuário;1;;;1;;;;;;;2;;;1;
06/12/2020;22:08:00;384;ac03 - Acidente com Danos Materiais;587;BR-262/MG;Leste;Carreta deu L;;;1;;;;;;;;1;;;;
07/12/2020;01:22:00;17;ac03 - Acidente com Danos Materiais;501,95;BR-153/GO;Sul;Choque - Barreira;1;;;;;;;;;;2;;;;
07/12/2020;01:42:00;19;ac02 - Acidente com Vítima;626;BR-153/GO;Norte;Capotamento;1;;;;;;;;;;0;2;;;
07/12/2020;05:39:00;40;ac02 - Acidente com Vítima;372,296;BR-262/MG;Leste;Capotamento;;;;;1;;;;;1;1;;1;;
07/12/2020;06:24:00;48;ac03 - Acidente com Danos Materiais;45,6;BR-153/MG;Sul;Choque - Outros;1;;;;;;;;;;3;;;;
07/12/2020;07:56:00;80;ac03 - Acidente com Danos Materiais;554,3;BR-262/MG;Oeste;Colisão Traseira;;;2;;;;;;;;2;;;;
07/12/2020;10:44:00;171;ac03 - Acidente com Danos Materiais;396,65;BR-262/MG;Leste;Colisão Traseira;;;2;;;;;;;;3;;;;
07/12/2020;12:58:00;245;ac03 - Acidente com Danos Materiais;716,63;BR-262/MG;Leste;Choque - Talude;1;;;;;;;;;;1;;;;
07/12/2020;14:34:00;287;ac02 - Acidente com Vítima;514;BR-153/GO;Sul;Colisão Lateral;1;;;1;;;;;;;1;1;2;;
07/12/2020;14:41:00;293;ac03 - Acidente com Danos Materiais;418;BR-262/MG;Oeste;Saida de Pista;1;;;;;;;;;;1;;;;
07/12/2020;15:00:00;300;ac03 - Acidente com Danos Materiais;454;BR-262/MG;Leste;Choque - Objeto sobre a pista;1;;1;;;;;;;;2;;;;
07/12/2020;16:56:00;346;ac03 - Acidente com Danos Materiais;380,15;BR-262/MG;Oeste;Capotamento;1;;;;;;;;;;4;;;;
07/12/2020;17:11:00;354;ac03 - Acidente com Danos Materiais;380,5;BR-262/MG;Leste;Capotamento;1;;;;;;;;;;1;;;;
07/12/2020;18:42:00;388;ac03 - Acidente com Danos Materiais;24,3;BR-060/DF;Norte;Capotamento;1;;;;;;;;;;2;;;;
07/12/2020;19:11:00;399;ac03 - Acidente com Danos Materiais;369,5;BR-262/MG;Oeste;Colisão Lateral;;;1;;;;;;;1;2;;;;
08/12/2020;06:53:00;69;ac03 - Acidente com Danos Materiais;508,7;BR-153/GO;Norte;Colisão Lateral;1;;;1;;;;;;;2;;;;
08/12/2020;07:44:00;92;ac03 - Acidente com Danos Materiais;499,2;BR-153/GO;Norte;Colisão Traseira;2;;;;;;;;;;3;;;;
08/12/2020;11:10:00;227;ac03 - Acidente com Danos Materiais;571;BR-262/MG;Leste;Tombamento;;;1;;;2;;;;;3;;;;
08/12/2020;13:25:00;284;ac03 - Acidente com Danos Materiais;529,25;BR-153/GO;Norte;Capotamento;1;;;;;;;;;;1;;;;
08/12/2020;13:26:00;285;ac03 - Acidente com Danos Materiais;595;BR-262/MG;Leste;Saida de Pista;;;1;;;;;;;;1;;;;
08/12/2020;13:38:00;290;ac03 - Acidente com Danos Materiais;588;BR-262/MG;Oeste;Carreta deu L;;;1;;;;;;;;1;;;;
08/12/2020;13:39:00;291;ac03 - Acidente com Danos Materiais;573;BR-262/MG;Oeste;Saida de Pista;;;1;;;;;;;;1;;;;
08/12/2020;14:10:00;303;ac03 - Acidente com Danos Materiais;620;BR-153/GO;Norte;Choque - Elemento de Drenagem;1;;;;;;;;;;1;;;;
08/12/2020;14:11:00;306;ac03 - Acidente com Danos Materiais;588;BR-262/MG;Leste;Queda de Moto;;;;1;;;;;;;1;;;;
08/12/2020;14:54:00;336;ac02 - Acidente com Vítima;546;BR-153/GO;Norte;Engavetamento;1;;1;;;;;;;1;5;1;;;
08/12/2020;15:24:00;361;ac03 - Acidente com Danos Materiais;548;BR-153/GO;Norte;Saida de Pista;1;;;;;;;;;;1;;;;
08/12/2020;15:30:00;364;ac03 - Acidente com Danos Materiais;527,3;BR-153/GO;Sul;Capotamento;1;;;;1;;;;;;13;;;;
08/12/2020;17:07:00;411;ac03 - Acidente com Danos Materiais;573;BR-262/MG;Leste;Saida de Pista;;;1;;;;;;;;1;;;;
08/12/2020;17:36:00;423;ac03 - Acidente com Danos Materiais;501;BR-262/MG;Leste;Colisão Lateral;;;1;1;;;;;;;2;;;;
08/12/2020;19:01:00;463;ac03 - Acidente com Danos Materiais;6,6;BR-060/GO;Sul;Tombamento;;;1;;;1;;;;;2;;;;
09/12/2020;01:16:00;17;ac03 - Acidente com Danos Materiais;46,238;BR-153/MG;Norte;Tombamento;;;1;;;;;;;;1;;;;
09/12/2020;03:54:00;49;ac03 - Acidente com Danos Materiais;46,674;BR-153/MG;Norte;Tombamento;;;1;;;1;;;;;2;;;;
09/12/2020;04:51:00;54;ac03 - Acidente com Danos Materiais;557;BR-262/MG;Leste;Saida de Pista;;;1;;;;;;;;1;;;;
09/12/2020;06:00:00;71;ac02 - Acidente com Vítima;381;BR-262/MG;Leste;Capotamento;1;;;;;;;;;;0;1;;;
09/12/2020;07:36:00;99;ac02 - Acidente com Vítima;501;BR-153/GO;Norte;Colisão Lateral;1;;;1;;;;;;;2;1;;;
09/12/2020;08:10:00;124;ac03 - Acidente com Danos Materiais;544;BR-262/MG;Leste;Colisão Traseira;2;;;;;;;;;;2;;;;
09/12/2020;13:43:00;376;ac03 - Acidente com Danos Materiais;556;BR-262/MG;Leste;Colisão Traseira;;;2;;;2;;;;;4;;;;
09/12/2020;15:10:00;418;ac02 - Acidente com Vítima;625,1;BR-153/GO;Norte;Capotamento;1;;;;;;;;;;1;4;;;
09/12/2020;15:42:00;439;ac03 - Acidente com Danos Materiais;16;BR-153/MG;Sul;Saida de Pista;1;;;;;;;;;;1;;;;
09/12/2020;18:31:00;516;ac03 - Acidente com Danos Materiais;610;BR-262/MG;Leste;Saida de Pista;;;1;;;;;;;;1;;;;
09/12/2020;19:30:00;557;ac02 - Acidente com Vítima;90,5;BR-060/GO;Norte;Colisão Traseira;1;;;1;;;;;;;2;1;;;
10/12/2020;05:06:00;56;ac03 - Acidente com Danos Materiais;566;BR-262/MG;Leste;Saida de Pista;;;1;;;;;;;;1;;;;
10/12/2020;07:45:00;104;ac03 - Acidente com Danos Materiais;378,15;BR-262/MG;Leste;Choque - Elemento de Drenagem;;;;;;;;;;1;1;;;;
10/12/2020;07:56:00;107;ac03 - Acidente com Danos Materiais;378,2;BR-262/MG;Leste;Choque - Elemento de Drenagem;1;;;;;;;;;;1;;;;
10/12/2020;08:10:00;112;ac03 - Acidente com Danos Materiais;385,335;BR-262/MG;Leste;Choque - Elemento de Drenagem;1;;;;;;;;;;1;;;;
10/12/2020;08:14:00;116;ac02 - Acidente com Vítima;580,05;BR-262/MG;Leste;Tombamento;;;1;;;;;;;;0;;;1;
10/12/2020;11:51:00;264;ac02 - Acidente com Vítima;47;BR-060/GO;Sul;Saida de Pista;;;;;;;;;;1;0;1;;;
10/12/2020;12:08:00;273;ac03 - Acidente com Danos Materiais;549;BR-262/MG;Leste;Saida de Pista;1;;;;;;;;;;1;;;;
10/12/2020;13:06:00;294;ac03 - Acidente com Danos Materiais;695;BR-262/MG;Leste;Choque - Elemento de Drenagem;1;;;;;;;;;;1;;;;
10/12/2020;13:12:00;295;ac03 - Acidente com Danos Materiais;389,3;BR-262/MG;Oeste;Saida de Pista;;;1;;;;;;;;1;;;;
10/12/2020;13:16:00;296;ac03 - Acidente com Danos Materiais;99;BR-060/GO;Norte;Saida de Pista;;;1;;;;;;;;1;;;;
10/12/2020;13:33:00;301;ac03 - Acidente com Danos Materiais;402;BR-262/MG;Oeste;Saida de Pista;1;;;;;;;;;;2;;;;
10/12/2020;14:11:00;314;ac03 - Acidente com Danos Materiais;385;BR-262/MG;Leste;Capotamento;1;;;;;;;;;;1;;;;
10/12/2020;15:11:00;332;ac03 - Acidente com Danos Materiais;386;BR-262/MG;Leste;Saida de Pista;1;;;;;;;;;;1;;;;
10/12/2020;16:27:00;376;ac01 - Acidente com Vítima Fatal;619,9;BR-262/MG;Oeste;Colisão Lateral;1;;3;;1;;;;;;19;;;;1
10/12/2020;16:30:00;377;ac03 - Acidente com Danos Materiais;548;BR-262/MG;Oeste;Capotamento;1;;;;;;;;;;3;;;;
10/12/2020;17:18:00;393;ac02 - Acidente com Vítima;8,4;BR-060/GO;Sul;Capotamento;1;;;;;;;;;;1;;2;;
10/12/2020;18:39:00;424;ac03 - Acidente com Danos Materiais;134;BR-060/GO;Sul;Colisão Traseira;2;;;;;;;;;;2;;;;
10/12/2020;18:59:00;430;ac03 - Acidente com Danos Materiais;743,4;BR-262/MG;Leste;Colisão Traseira;1;;;;;1;;;;;6;;;;
10/12/2020;19:00:00;431;ac03 - Acidente com Danos Materiais;480;BR-262/MG;Leste;Saida de Pista;;;1;;;;;;;;1;;;;
10/12/2020;19:17:00;434;ac03 - Acidente com Danos Materiais;481,572;BR-262/MG;Leste;Saida de Pista;;;1;;;;;;;;1;;;;
10/12/2020;19:32:00;439;ac03 - Acidente com Danos Materiais;587;BR-262/MG;Leste;Capotamento;1;;;;;;;;;;1;;;;
10/12/2020;21:52:00;481;ac03 - Acidente com Danos Materiais;11,8;BR-153/MG;Norte;Choque - Elemento de Drenagem;1;;;;;;;;;;2;;;;
10/12/2020;22:00:00;485;ac03 - Acidente com Danos Materiais;524,529;BR-262/MG;Oeste;Atropelamento de Animal;1;;;;;;;;;;1;;;;
10/12/2020;22:32:00;492;ac03 - Acidente com Danos Materiais;586;BR-153/GO;Norte;Tombamento;;;1;;;;;;;;1;;;;
10/12/2020;22:39:00;493;ac03 - Acidente com Danos Materiais;472,427;BR-262/MG;Oeste;Tombamento;;;1;;;;;;;;1;;;;
10/12/2020;23:54:00;507;ac03 - Acidente com Danos Materiais;47;BR-060/GO;Norte;Capotamento;;;;;;;;;;1;1;;;;
11/12/2020;00:42:00;13;ac03 - Acidente com Danos Materiais;894;BR-262/MG;Leste;Saida de Pista;1;;;;;;;;;;1;;;;
11/12/2020;02:48:00;38;ac03 - Acidente com Danos Materiais;385,92;BR-262/MG;Oeste;Tombamento;;;;;;;;;;1;2;;;;
11/12/2020;06:58:00;84;ac03 - Acidente com Danos Materiais;47,647;BR-060/GO;Sul;Saida de Pista;1;;;;;;;;;;1;;;;
11/12/2020;07:00:00;85;ac03 - Acidente com Danos Materiais;491;BR-153/GO;Sul;Choque - Defensa;;;1;;;;;;;;1;;;;
11/12/2020;07:44:00;98;ac03 - Acidente com Danos Materiais;508;BR-153/GO;Norte;Colisão Transversal;2;;;;;;;;;;2;;;;