data;horario;n_da_ocorrencia;tipo_de_ocorrencia;km;trecho;sentido;tipo_de_acidente;automovel;bicicleta;caminhao;moto;onibus;outros;tracao_animal;transporte_de_cargas_especiais;trator_maquinas;utilitarios;ilesos;levemente_feridos;moderadamente_feridos;gravemente_feridos;mortos
11/12/2020;08:08:00;107;ac02 - Acidente com Vítima;503;BR-153/GO;Sul;Colisão Traseira;1;;;1;;;;;;;1;1;;;
11/12/2020;10:54:00;209;ac02 - Acidente com Vítima;94,5;BR-153/MG;Sul;Engavetamento;;;5;;;;;;;;6;1;1;;
11/12/2020;11:21:00;221;ac03 - Acidente com Danos Materiais;407,15;BR-262/MG;Oeste;Capotamento;;;;;;;;;;1;1;;;;
11/12/2020;12:40:00;248;ac03 - Acidente com Danos Materiais;27;BR-060/DF;Norte;Saida de Pista;1;;;;;;;;;;1;;;;
11/12/2020;12:43:00;249;ac02 - Acidente com Vítima;172,3;BR-153/MG;Norte;Tombamento;;;1;;;2;;;;;2;1;;;
11/12/2020;13:08:00;254;ac03 - Acidente com Danos Materiais;27,5;BR-060/DF;Norte;Saida de Pista;1;;;;;;;;;;1;;;;
11/12/2020;14:08:00;274;ac02 - Acidente com Vítima;97;BR-060/GO;Sul;Queda de Moto;1;;;1;;;;;;;2;1;;;
11/12/2020;14:36:00;287;ac02 - Acidente com Vítima;136;BR-060/GO;Sul;Capotamento;;;;;;;;;;1;0;;1;;
11/12/2020;15:33:00;307;ac03 - Acidente com Danos Materiais;129;BR-060/GO;Norte;Colisão Traseira;1;;1;;;;;;;;3;;;;
11/12/2020;16:34:00;335;ac02 - Acidente com Vítima;517;BR-153/GO;Sul;Saida de Pista;;;1;;;;;;;;0;1;;;
11/12/2020;16:47:00;340;ac03 - Acidente com Danos Materiais;499;BR-153/GO;Sul;Colisão Traseira;1;;;;;1;;;;;3;;;;
11/12/2020;17:02:00;379;ac02 - Acidente com Vítima;701,5;BR-262/MG;Leste;Colisão Transversal;;;;;;;;;;2;1;1;;;
11/12/2020;17:19:00;390;ac03 - Acidente com Danos Materiais;505;BR-153/GO;Norte;Colisão Traseira;2;;;;;1;;;;;3;;;;
11/12/2020;17:32:00;393;ac03 - Acidente com Danos Materiais;445;BR-262/MG;Oeste;Colisão Traseira;;;1;1;;;;;;;2;;;;
11/12/2020;17:36:00;395;ac02 - Acidente com Vítima;505,5;BR-153/GO;Norte;Colisão Traseira;1;;;;;1;;;;;2;;1;;
11/12/2020;17:49:00;400;ac03 - Acidente com Danos Materiais;25;BR-153/MG;Sul;Saida de Pista;1;;;;;;;;;;1;;;;
11/12/2020;19:11:00;414;ac03 - Acidente com Danos Materiais;54,5;BR-153/MG;Norte;Saida de Pista;1;;;;;;;;;;3;;;;
11/12/2020;19:18:00;418;ac02 - Acidente com Vítima;479,8;BR-262/MG;Oeste;Capotamento;1;;;;;1;;;;;1;1;;;
11/12/2020;19:30:00;419;ac03 - Acidente com Danos Materiais;60;BR-153/MG;Norte;Engavetamento;1;;2;;;;;;;;7;;;;
11/12/2020;21:08:00;449;ac03 - Acidente com Danos Materiais;50;BR-153/MG;Sul;Choque - Elemento de Drenagem;1;;;;;;;;;;2;;;;
11/12/2020;21:27:00;453;ac03 - Acidente com Danos Materiais;607,127;BR-262/MG;Oeste;Saida de Pista;;;;;1;1;;;;;25;;;;
11/12/2020;21:50:00;462;ac03 - Acidente com Danos Materiais;421,461;BR-262/MG;Leste;Atropelamento de Animal;;;1;;;1;;;;;2;;;;
11/12/2020;22:35:00;472;ac02 - Acidente com Vítima;506;BR-153/GO;Sul;Colisão Traseira;1;;;;;1;;;;;4;;2;;
11/12/2020;23:11:00;478;ac03 - Acidente com Danos Materiais;519;BR-153/GO;Norte;Capotamento;1;;;;;;;;;;2;;;;
12/12/2020;01:22:00;18;ac03 - Acidente com Danos Materiais;549,557;BR-262/MG;Leste;Saida de Pista;1;;;;;;;;;;3;;;;
12/12/2020;02:13:00;30;ac03 - Acidente com Danos Materiais;412,786;BR-262/MG;Leste;Saida de Pista;;;1;;;;;;;;3;;;;
12/12/2020;06:38:00;79;ac03 - Acidente com Danos Materiais;801;BR-262/MG;Leste;Saida de Pista;1;;;;;;;;;;2;;;;
12/12/2020;09:10:00;148;ac02 - Acidente com Vítima;496;BR-153/GO;Sul;Colisão Lateral;1;;;1;;;;;;;2;2;;;
12/12/2020;09:15:00;151;ac03 - Acidente com Danos Materiais;443;BR-262/MG;Leste;Colisão Traseira;1;;;;;;;;;;1;;;;
12/12/2020;11:10:00;204;ac02 - Acidente com Vítima;70;BR-060/GO;Sul;Colisão Lateral;2;;;;;;;;;;5;1;;;
12/12/2020;12:49:00;245;ac03 - Acidente com Danos Materiais;633;BR-262/MG;Oeste;Capotamento;1;;;;;;;;;;1;;;;
12/12/2020;14:18:00;279;ac03 - Acidente com Danos Materiais;558;BR-262/MG;Leste;Saida de Pista;1;;;;;;;;;;1;;;;
12/12/2020;15:12:00;307;ac03 - Acidente com Danos Materiais;103;BR-060/GO;Sul;Saida de Pista;1;;;;;;;;;;1;;;;
12/12/2020;15:18:00;311;ac03 - Acidente com Danos Materiais;26;BR-060/DF;Norte;Choque - Objeto sobre a pista;1;;;;;;;;;;1;;;;
12/12/2020;15:22:00;315;ac02 - Acidente com Vítima;24;BR-153/MG;Norte;Capotamento;1;;;;;;;;;;0;4;1;;
12/12/2020;15:22:00;316;ac03 - Acidente com Danos Materiais;116;BR-060/GO;Sul;Saida de Pista;;;1;;;;;;;;1;;;;
12/12/2020;15:45:00;326;ac03 - Acidente com Danos Materiais;19;BR-060/GO;Norte;Saida de Pista;1;;;;;;;;;;2;;;;
12/12/2020;16:02:00;332;ac03 - Acidente com Danos Materiais;594,6;BR-262/MG;Leste;Carreta deu L;;;1;;;;;;;;1;;;;
12/12/2020;16:59:00;359;ac03 - Acidente com Danos Materiais;27,2;BR-060/GO;Sul;Capotamento;1;;;;;;;;;;5;;;;
12/12/2020;17:11:00;366;ac03 - Acidente com Danos Materiais;26;BR-060/DF;Sul;Capotamento;1;;;;;;;;;;1;;;;
12/12/2020;17:38:00;376;ac03 - Acidente com Danos Materiais;398;BR-262/MG;Oeste;Colisão Lateral;1;;;1;;;;;;;2;;;;
12/12/2020;18:15:00;389;ac03 - Acidente com Danos Materiais;499;BR-153/GO;Norte;Colisão Traseira;2;;;;;;;;;;6;;;;
12/12/2020;19:32:00;428;ac03 - Acidente com Danos Materiais;25;BR-060/DF;Norte;Atropelamento de Animal;1;;;;;;;;;;2;;;;
12/12/2020;21:11:00;466;ac02 - Acidente com Vítima;506;BR-153/GO;Sul;Atropelamento - Andarilho;2;;;;;1;;;;;3;;;1;
12/12/2020;22:04:00;483;ac03 - Acidente com Danos Materiais;505,08;BR-153/GO;Sul;Colisão Traseira;1;;;;;1;;;;;2;;;;
12/12/2020;22:34:00;491;ac03 - Acidente com Danos Materiais;137;BR-060/GO;Sul;Choque- Placa/Suporte Sinalização;;;1;;;;;;;;1;;;;
12/12/2020;22:46:00;494;ac02 - Acidente com Vítima;101;BR-060/GO;Sul;Colisão Traseira;2;;;;;;;;;;4;1;;;
13/12/2020;00:27:00;13;ac03 - Acidente com Danos Materiais;451;BR-262/MG;Leste;Colisão Transversal;2;;;;;;;;;;2;;;;
13/12/2020;02:18:00;30;ac03 - Acidente com Danos Materiais;410;BR-262/MG;Leste;Colisão Lateral;2;;;;;;;;;;2;;;;
13/12/2020;04:45:00;45;ac02 - Acidente com Vítima;42;BR-153/MG;Sul;Tombamento;;;1;;;1;;;;;1;1;;;
13/12/2020;05:47:00;54;ac03 - Acidente com Danos Materiais;100;BR-060/GO;Norte;Saida de Pista;1;;;;;;;;;;2;;;;
13/12/2020;06:25:00;70;ac03 - Acidente com Danos Materiais;547,7;BR-262/MG;Oeste;Capotamento;;;;;;;;;;1;4;;;;
13/12/2020;08:11:00;101;ac03 - Acidente com Danos Materiais;507;BR-153/GO;Sul;Capotamento;1;;;;;;;;;;1;;;;
13/12/2020;09:58:00;148;ac03 - Acidente com Danos Materiais;6;BR-060/DF;Norte;Queda de Ciclista;;;;1;;1;;;;;2;;;;
13/12/2020;12:20:00;235;ac03 - Acidente com Danos Materiais;608;BR-262/MG;Oeste;Saida de Pista;1;;;;;;;;;;1;;;;
13/12/2020;12:58:00;247;ac02 - Acidente com Vítima;4;BR-153/MG;Sul;Capotamento;1;;;;;;;;;;0;1;;;
13/12/2020;14:10:00;272;ac02 - Acidente com Vítima;515;BR-153/GO;Sul;Colisão Traseira;1;;1;;;1;;;;;2;1;;;
13/12/2020;14:36:00;279;ac03 - Acidente com Danos Materiais;417;BR-262/MG;Oeste;Capotamento;1;;;;;;;;;;2;;;;
13/12/2020;15:10:00;292;ac02 - Acidente com Vítima;24;BR-060/DF;Norte;Queda de Moto;;;;1;;;;;;;1;;1;;
13/12/2020;16:25:00;320;ac03 - Acidente com Danos Materiais;97;BR-060/GO;Sul;Saida de Pista;1;;;;;;;;;;3;;;;
13/12/2020;17:06:00;339;ac03 - Acidente com Danos Materiais;199,916;BR-153/MG;Norte;Colisão Lateral;;;1;;;1;;;;;2;;;;
13/12/2020;18:59:00;395;ac02 - Acidente com Vítima;508,2;BR-153/GO;Sul;Colisão Traseira;;;;1;;1;;;;;1;1;;;
13/12/2020;19:05:00;402;ac03 - Acidente com Danos Materiais;508,1;BR-153/GO;Sul;Engavetamento;3;;;;;;;;;;3;;;;
13/12/2020;20:04:00;435;ac03 - Acidente com Danos Materiais;2;BR-060/DF;Sul;Choque- Placa/Suporte Sinalização;1;;;;;;;;;;1;;;;
14/12/2020;00:51:00;13;ac03 - Acidente com Danos Materiais;124,694;BR-153/MG;Sul;Choque - Elemento de Drenagem;;;1;;;;;;;;1;;;;
14/12/2020;03:03:00;29;ac03 - Acidente com Danos Materiais;12,5;BR-060/GO;Norte;Saida de Pista;1;;;;;;;;;;1;;;;
14/12/2020;06:51:00;75;ac03 - Acidente com Danos Materiais;699;BR-153/GO;Norte;Colisão Traseira;;;2;;;;;;;;2;;;;
14/12/2020;07:13:00;80;ac03 - Acidente com Danos Materiais;501;BR-153/GO;Sul;Engavetamento;5;;;;;;;;;;5;;;;
14/12/2020;07:16:00;82;ac03 - Acidente com Danos Materiais;4;BR-060/DF;Norte;Colisão Traseira;1;;;;;1;;;;;2;;;;
14/12/2020;07:30:00;87;ac03 - Acidente com Danos Materiais;501;BR-153/GO;Sul;Colisão Traseira;1;;;1;;;;;;;2;;;;
14/12/2020;07:35:00;89;ac02 - Acidente com Vítima;504;BR-153/GO;Norte;Engavetamento;1;;;1;;;;;;1;2;1;1;;
14/12/2020;07:40:00;90;ac02 - Acidente com Vítima;97;BR-060/GO;Sul;Queda de Moto;;;;1;;;;;;;0;1;1;;
14/12/2020;07:42:00;92;ac02 - Acidente com Vítima;815;BR-262/MG;Leste;Colisão Traseira;2;;;;;;;;;;3;1;;;
14/12/2020;08:24:00;107;ac03 - Acidente com Danos Materiais;121;BR-060/GO;Norte;Colisão Traseira;1;;;;;;;;;1;2;;;;
14/12/2020;08:27:00;111;ac03 - Acidente com Danos Materiais;712,3;BR-262/MG;Leste;Capotamento;1;;;;;;;;;;1;;;;
14/12/2020;08:29:00;113;ac02 - Acidente com Vítima;801;BR-262/MG;Oeste;Colisão Lateral;1;;;;1;;;;;;2;2;;;
14/12/2020;10:36:00;197;ac03 - Acidente com Danos Materiais;118;BR-060/GO;Sul;Engavetamento;1;;1;;;;;;;1;3;;;;
14/12/2020;15:45:00;379;ac03 - Acidente com Danos Materiais;108;BR-060/GO;Sul;Capotamento;1;;;;;;;;;;1;;;;
14/12/2020;16:17:00;392;ac03 - Acidente com Danos Materiais;126;BR-060/GO;Norte;Saida de Pista;;;1;;;;;;;;1;;;;
14/12/2020;22:11:00;532;ac03 - Acidente com Danos Materiais;532;BR-153/GO;Norte;Tombamento;;;2;;;;;;;;2;;;;
14/12/2020;22:58:00;549;ac02 - Acidente com Vítima;653;BR-153/GO;Sul;Capotamento;;;;;;;;;;1;2;;1;;
15/12/2020;06:57:00;94;ac03 - Acidente com Danos Materiais;74;BR-060/GO;Sul;Saida de Pista;;;1;;;;;;;;1;;;;
15/12/2020;07:59:00;129;ac03 - Acidente com Danos Materiais;494;BR-153/GO;Sul;Colisão Traseira;1;;;1;;;;;;;4;;;;
15/12/2020;08:12:00;138;ac03 - Acidente com Danos Materiais;20;BR-060/GO;Norte;Colisão Traseira;1;;;;;1;;;;;3;;;;
15/12/2020;10:45:00;283;ac03 - Acidente com Danos Materiais;175;BR-153/MG;Sul;Colisão Traseira;2;;;;;;;;;;2;;;;
15/12/2020;11:59:00;366;ac02 - Acidente com Vítima;491,35;BR-262/MG;Oeste;Colisão Transversal;1;;1;;;;;;;;1;1;;;
15/12/2020;17:28:00;546;ac02 - Acidente com Vítima;453,1;BR-262/MG;Leste;Colisão Traseira;1;;;1;;;;;;;0;1;;1;
15/12/2020;19:05:00;589;ac03 - Acidente com Danos Materiais;499;BR-153/GO;Sul;Colisão Traseira;1;;;;;1;;;;;2;;;;
15/12/2020;20:54:00;641;ac02 - Acidente com Vítima;79,1;BR-153/MG;Norte;Atropelamento de Animal;;;;;;;;;;1;2;1;;;
15/12/2020;21:03:00;644;ac03 - Acidente com Danos Materiais;417;BR-262/MG;Oeste;Atropelamento de Animal;1;;;;;;;;;;1;;;;
15/12/2020;23:04:00;702;ac03 - Acidente com Danos Materiais;96;BR-060/GO;Sul;Colisão Traseira;1;;;1;;;;;;;2;;;;
16/12/2020;00:40:00;19;ac02 - Acidente com Vítima;539,346;BR-262/MG;Leste;Saida de Pista;1;;1;;;1;;;;;2;1;;;
16/12/2020;04:28:00;54;ac03 - Acidente com Danos Materiais;502,3;BR-262/MG;Oeste;Saida de Pista;;;1;;;;;;;;1;;;;
16/12/2020;05:55:00;83;ac03 - Acidente com Danos Materiais;176,5;BR-153/MG;Sul;Saida de Pista;;;1;;;;;;;;1;;;;
16/12/2020;08:36:00;151;ac03 - Acidente com Danos Materiais;502,3;BR-153/GO;Norte;Engavetamento;3;;;;;;;;;1;8;;;;
16/12/2020;11:55:00;292;ac03 - Acidente com Danos Materiais;141;BR-153/MG;Sul;Colisão Traseira;;;1;;;;;;;1;5;;;;
16/12/2020;12:39:00;317;ac02 - Acidente com Vítima;137,15;BR-060/GO;Norte;Colisão Lateral;1;;;1;;;;;;;0;4;;;
16/12/2020;13:24:00;344;ac03 - Acidente com Danos Materiais;492;BR-153/GO;Sul;Colisão Lateral;1;;1;;;;;;;;2;;;;
16/12/2020;14:35:00;374;ac02 - Acidente com Vítima;359;BR-262/MG;Oeste;Queda de Moto;;;;1;;;;;;;0;1;1;;
16/12/2020;15:32:00;411;ac03 - Acidente com Danos Materiais;451;BR-262/MG;Leste;Colisão Lateral;;;2;;;;;;;;2;;;;
16/12/2020;18:54:00;539;ac03 - Acidente com Danos Materiais;499;BR-153/GO;Sul;Colisão Traseira;1;;;;;1;;;;;2;;;;
16/12/2020;21:06:00;621;ac02 - Acidente com Vítima;156,98;BR-153/MG;Sul;Capotamento;1;;;;;;;;;;0;1;;;
17/12/2020;02:08:00;31;ac02 - Acidente com Vítima;626,95;BR-153/GO;Norte;Tombamento;;;1;;;;;;;;0;1;;;
17/12/2020;09:13:00;199;ac03 - Acidente com Danos Materiais;551;BR-153/GO;Sul;Tombamento;;;1;;;;;;;;6;;;;
17/12/2020;09:49:00;216;ac03 - Acidente com Danos Materiais;761;BR-262/MG;Leste;Colisão Traseira;;;2;;;;;;;;2;;;;
17/12/2020;12:25:00;303;ac02 - Acidente com Vítima;784;BR-262/MG;Leste;Colisão Traseira;2;;;;;;;;;;2;1;;;
17/12/2020;14:44:00;394;ac03 - Acidente com Danos Materiais;596;BR-153/GO;Sul;Capotamento;1;;;;;;;;;;2;;;;
17/12/2020;15:11:00;411;ac03 - Acidente com Danos Materiais;587;BR-262/MG;Leste;Saida de Pista;1;;;;;;;;;;1;;;;
17/12/2020;15:14:00;414;ac03 - Acidente com Danos Materiais;449;BR-262/MG;Leste;Colisão Traseira;1;;;;;;;;;1;2;;;;
17/12/2020;15:29:00;426;ac03 - Acidente com Danos Materiais;609;BR-262/MG;Oeste;Tombamento;;;;;;;;;;1;1;;;;
17/12/2020;15:34:00;428;ac03 - Acidente com Danos Materiais;14;BR-060/GO;Norte;Choque - Outros;;;1;;;;;;;;1;;;;
17/12/2020;15:34:00;429;ac03 - Acidente com Danos Materiais;527;BR-153/GO;Norte;Colisão Lateral;1;;1;;;;;;;;2;;;;
17/12/2020;16:49:00;474;ac03 - Acidente com Danos Materiais;496;BR-153/GO;Sul;Engavetamento;3;;1;;;;;;;;4;;;;
17/12/2020;17:21:00;491;ac02 - Acidente com Vítima;652,45;BR-262/MG;Leste;Saida de Pista;;;1;;;;;;;;0;1;;;
17/12/2020;17:23:00;492;ac02 - Acidente com Vítima;470,5;BR-262/MG;Leste;Colisão Frontal;;;2;;;1;;;;;1;;;2;
17/12/2020;17:28:00;498;ac03 - Acidente com Danos Materiais;575;BR-262/MG;Leste;Saida de Pista;1;;;;;;;;;;1;;;;
17/12/2020;19:13:00;547;ac03 - Acidente com Danos Materiais;356;BR-262/MG;Leste;Saida de Pista;1;;;;;;;;;;1;;;;
17/12/2020;19:55:00;566;ac03 - Acidente com Danos Materiais;553;BR-262/MG;Leste;Saida de Pista;;;1;;;;;;;;1;;;;
17/12/2020;20:05:00;571;ac02 - Acidente com Vítima;2,3;BR-060/DF;Sul;Colisão Lateral;1;;;1;;;;;;;1;1;;;
17/12/2020;20:07:00;572;ac01 - Acidente com Vítima Fatal;497;BR-262/MG;Leste;Colisão Lateral;1;;1;;;;;;;;1;;;;1
17/12/2020;20:16:00;577;ac02 - Acidente com Vítima;18;BR-060/DF;Norte;Colisão Traseira;1;;1;;;;;;;;1;1;;;
17/12/2020;20:17:00;578;ac03 - Acidente com Danos Materiais;357;BR-262/MG;Oeste;Colisão Lateral;2;;;;;;;;;;3;;;;
17/12/2020;21:44:00;617;ac03 - Acidente com Danos Materiais;508;BR-153/GO;Sul;Engavetamento;;;;2;;1;;;;;3;;;;
18/12/2020;00:42:00;10;ac03 - Acidente com Danos Materiais;59;BR-153/MG;Sul;Colisão Traseira;;;2;;;;;;;;2;;;;
18/12/2020;05:14:00;47;ac01 - Acidente com Vítima Fatal;190,72;BR-153/MG;Sul;Colisão Frontal;;;3;;;;;;;;0;;2;;1
18/12/2020;05:46:00;57;ac02 - Acidente com Vítima;507;BR-153/GO;Sul;Colisão Lateral;1;;1;;;;;;;;1;1;;;
18/12/2020;06:47:00;70;ac03 - Acidente com Danos Materiais;573,15;BR-153/GO;Sul;Saida de Pista;1;;;;;;;;;;3;;;;
18/12/2020;07:26:00;83;ac02 - Acidente com Vítima;507;BR-153/GO;Norte;Engavetamento;1;;;1;;;;;;;1;1;;;
18/12/2020;10:08:00;172;ac02 - Acidente com Vítima;1;BR-060/GO;Sul;Capotamento;1;;;;;;;;;;0;;;1;
18/12/2020;11:09:00;197;ac03 - Acidente com Danos Materiais;4;BR-060/DF;Sul;Colisão Traseira;;;;1;;2;;;;;3;;;;
18/12/2020;11:14:00;199;ac03 - Acidente com Danos Materiais;499;BR-153/GO;Sul;Colisão Traseira;;;;;;1;;;;1;2;;;;
18/12/2020;11:40:00;209;ac03 - Acidente com Danos Materiais;504;BR-153/GO;Norte;Colisão Lateral;2;;1;;;;;;;;3;;;;
18/12/2020;11:58:00;217;ac03 - Acidente com Danos Materiais;659;BR-153/GO;Norte;Saida de Pista;;;1;;;;;;;;1;;;;
18/12/2020;13:44:00;246;ac03 - Acidente com Danos Materiais;501;BR-153/GO;Sul;Colisão Traseira;1;;;1;;;;;;;2;;;;
18/12/2020;15:26:00;286;ac03 - Acidente com Danos Materiais;83;BR-060/GO;Sul;Capotamento;1;;;1;;;;;;;2;;;;
18/12/2020;15:36:00;292;ac03 - Acidente com Danos Materiais;389;BR-262/MG;Oeste;Colisão Traseira;;;;;1;1;;;;;3;;;;
18/12/2020;17:19:00;336;ac03 - Acidente com Danos Materiais;498;BR-153/GO;Sul;Colisão Lateral;1;;1;;;;;;;;2;;;;
18/12/2020;17:21:00;339;ac03 - Acidente com Danos Materiais;501;BR-153/GO;Sul;Colisão Traseira;2;;;;;;;;;;2;;;;
18/12/2020;17:44:00;353;ac03 - Acidente com Danos Materiais;607,9;BR-262/MG;Leste;Saida de Pista;1;;;;;;;;;;1;;;;
18/12/2020;19:04:00;402;ac02 - Acidente com Vítima;366;BR-262/MG;Leste;Atropelamento - Morador;1;;;;;;;;;;2;;;1;
18/12/2020;19:12:00;407;ac03 - Acidente com Danos Materiais;496;BR-153/GO;Sul;Colisão Traseira;1;;;;1;;;;;;2;;;;
18/12/2020;19:53:00;431;ac02 - Acidente com Vítima;76;BR-060/GO;Norte;Queda de Ciclista;;1;;;;;;;;;0;1;;;
18/12/2020;21:54:00;488;ac03 - Acidente com Danos Materiais;542;BR-153/GO;Sul;Saida de Pista;1;;;;;;;;;;1;;;;
18/12/2020;23:41:00;524;ac03 - Acidente com Danos Materiais;366;BR-262/MG;Leste;Saida de Pista;1;;;;;;;;;;1;;;;
19/12/2020;00:04:00;1;ac03 - Acidente com Danos Materiais;361,081;BR-262/MG;Leste;Capotamento;1;;;;;;;;;;1;;;;
19/12/2020;01:29:00;28;ac03 - Acidente com Danos Materiais;402,7;BR-262/MG;Oeste;Choque - Talude;;;1;;;;;;;;1;;;;
19/12/2020;02:03:00;36;ac02 - Acidente com Vítima;115,418;BR-153/MG;Norte;Saida de Pista;;;;;;;;;;1;0;1;;;
19/12/2020;02:29:00;41;ac03 - Acidente com Danos Materiais;27,525;BR-153/MG;Norte;Choque - Elemento de Drenagem;;;;;;;;;;1;2;;;;
19/12/2020;04:45:00;61;ac03 - Acidente com Danos Materiais;431;BR-262/MG;Oeste;Saida de Pista;1;;;;;;;;;;1;;;;
19/12/2020;05:27:00;72;ac01 - Acidente com Vítima Fatal;8;BR-153/MG;Sul;Tombamento;;;1;;;1;;;;;1;;;;1
19/12/2020;06:52:00;93;ac02 - Acidente com Vítima;494,5;BR-153/GO;Norte;Colisão Traseira;;1;;1;;;;;;;0;;2;;
19/12/2020;11:38:00;213;ac03 - Acidente com Danos Materiais;666;BR-153/GO;Norte;Tombamento;;;1;;;;;;;;3;;;;
19/12/2020;11:42:00;215;ac03 - Acidente com Danos Materiais;384,25;BR-262/MG;Oeste;Tombamento;;;1;;;;;;;;1;;;;
19/12/2020;14:51:00;280;ac03 - Acidente com Danos Materiais;137;BR-060/GO;Norte;Colisão Frontal;2;;;;;;;;;;2;;;;
19/12/2020;15:15:00;284;ac03 - Acidente com Danos Materiais;882,3;BR-262/MG;Leste;Saida de Pista;1;;;;;;;;;;1;;;;
19/12/2020;15:39:00;293;ac01 - Acidente com Vítima Fatal;499,1;BR-262/MG;Leste;Tombamento;1;;;;;;;;;;0;;;;1
19/12/2020;16:12:00;301;ac03 - Acidente com Danos Materiais;193;BR-153/MG;Sul;Colisão Traseira;2;;;;;;;;;;2;;;;
19/12/2020;16:46:00;313;ac03 - Acidente com Danos Materiais;446;BR-262/MG;Leste;Colisão Traseira;;;;2;;;;;;;2;;;;
19/12/2020;19:36:00;383;ac03 - Acidente com Danos Materiais;678,77;BR-262/MG;Oeste;Colisão Lateral;1;;;;;;;;;1;3;;;;
19/12/2020;20:24:00;409;ac03 - Acidente com Danos Materiais;244;BR-153/MG;Norte;Choque - Outros;1;;;;;;;;;;1;;;;
19/12/2020;23:09:00;464;ac03 - Acidente com Danos Materiais;353;BR-262/MG;Leste;Saida de Pista;1;;;;;;;;;;2;;;;
19/12/2020;23:27:00;468;ac03 - Acidente com Danos Materiais;361;BR-262/MG;Leste;Saida de Pista;1;;;;;;;;;;1;;;;
19/12/2020;23:48:00;472;ac02 - Acidente com Vítima;118;BR-060/GO;Norte;Atropelamento - Morador;;;;;;1;;;;;1;;;1;
20/12/2020;01:07:00;13;ac03 - Acidente com Danos Materiais;499;BR-153/GO;Sul;Saida de Pista;1;;;;;;;;;;1;;;;
20/12/2020;01:07:00;14;ac02 - Acidente com Vítima;594,306;BR-262/MG;Leste;Colisão Lateral;;;1;;1;1;;;;;42;2;;;
20/12/2020;03:45:00;29;ac03 - Acidente com Danos Materiais;628,8;BR-153/GO;Norte;Saida de Pista;1;;;;;;;;;;1;;;;
20/12/2020;09:31:00;134;ac03 - Acidente com Danos Materiais;228;BR-153/MG;Norte;Colisão Traseira;2;;;;;;;;;;2;;;;
20/12/2020;13:51:00;255;ac03 - Acidente com Danos Materiais;623,85;BR-153/GO;Sul;Saida de Pista;1;;;;;;;;;;1;;;;
20/12/2020;15:47:00;302;ac03 - Acidente com Danos Materiais;553;BR-262/MG;Leste;Saida de Pista;;;1;;;2;;;;;4;;;;
20/12/2020;16:50:00;332;ac02 - Acidente com Vítima;800;BR-262/MG;Oeste;Queda de Moto;;;;1;;;;;;;0;2;;;
20/12/2020;18:07:00;367;ac03 - Acidente com Danos Materiais;96,5;BR-060/GO;Norte;Colisão Traseira;;;;1;;1;;;;;2;;;;
20/12/2020;19:58:00;433;ac03 - Acidente com Danos Materiais;737;BR-262/MG;Oeste;Saida de Pista;1;;;;;;;;;;2;;;;
20/12/2020;22:38:00;483;ac03 - Acidente com Danos Materiais;443;BR-262/MG;Oeste;Saida de Pista;1;;;;;;;;;;1;;;;
21/12/2020;00:10:00;3;ac03 - Acidente com Danos Materiais;443;BR-262/MG;Oeste;Choque - Defensa;1;;;;;;;;;;2;;;;
21/12/2020;03:44:00;19;ac03 - Acidente com Danos Materiais;691,072;BR-153/GO;Norte;Colisão Traseira;;;1;;;1;;;;1;3;;;;
21/12/2020;08:06:00;108;ac03 - Acidente com Danos Materiais;508;BR-153/GO;Norte;Engavetamento;3;;;;;;;;;;3;;;;
21/12/2020;11:58:00;326;ac03 - Acidente com Danos Materiais;626;BR-153/GO;Sul;Saida de Pista;1;;;;;;;;;;2;;;;
21/12/2020;13:04:00;388;ac03 - Acidente com Danos Materiais;83,223;BR-060/GO;Norte;Saida de Pista;1;;;;;;;;;;1;;;;
21/12/2020;13:35:00;408;ac03 - Acidente com Danos Materiais;498,985;BR-153/GO;Norte;Saida de Pista;;;1;;;;;;;;1;;;;
21/12/2020;14:00:00;420;ac02 - Acidente com Vítima;44,123;BR-153/MG;Sul;Capotamento;1;;;;;;;;;;0;1;;;
21/12/2020;14:07:00;422;ac03 - Acidente com Danos Materiais;131,127;BR-060/GO;Norte;Saida de Pista;;;1;;;;;;;;1;;;;