data;horario;n_da_ocorrencia;tipo_de_ocorrencia;km;trecho;sentido;tipo_de_acidente;automovel;bicicleta;caminhao;moto;onibus;outros;tracao_animal;transporte_de_cargas_especiais;trator_maquinas;utilitarios;ilesos;levemente_feridos;moderadamente_feridos;gravemente_feridos;mortos
21/12/2020;14:15:00;426;ac03 - Acidente com Danos Materiais;131;BR-060/GO;Norte;;1;;;;;;;;;;1;;;;
21/12/2020;14:24:00;433;ac02 - Acidente com Vítima;498,365;BR-153/GO;Sul;Engavetamento;1;;1;1;;;;;;;3;;1;;
21/12/2020;14:32:00;437;ac03 - Acidente com Danos Materiais;128,125;BR-060/GO;Norte;Saida de Pista;;;1;;;;;;;;1;;;;
21/12/2020;14:37:00;441;ac03 - Acidente com Danos Materiais;508,074;BR-153/GO;Sul;Choque - Defensa;;;1;;;;;;;;1;;;;
21/12/2020;15:10:00;461;ac03 - Acidente com Danos Materiais;413;BR-262/MG;Leste;Saida de Pista;;;2;;;;;;;1;3;;;;
21/12/2020;15:15:00;463;ac03 - Acidente com Danos Materiais;45,972;BR-153/MG;Sul;Choque- Placa/Suporte Sinalização;;;1;;;;;;;;1;;;;
21/12/2020;15:21:00;467;ac02 - Acidente com Vítima;43,332;BR-153/MG;Sul;Capotamento;1;;;;;;;;;;1;2;;;
21/12/2020;15:42:00;480;ac03 - Acidente com Danos Materiais;838;BR-262/MG;Leste;Saida de Pista;1;;;;;;;;;;1;;;;
21/12/2020;16:34:00;511;ac03 - Acidente com Danos Materiais;549;BR-153/GO;Sul;Colisão Traseira;1;;;;;1;;;;;2;;;;
21/12/2020;16:49:00;520;ac03 - Acidente com Danos Materiais;788;BR-262/MG;Leste;Choque - Elemento de Drenagem;1;;;;;;;;;;3;;;;
21/12/2020;17:25:00;532;ac03 - Acidente com Danos Materiais;801;BR-262/MG;Oeste;Choque - Elemento de Drenagem;;;;;;;;;;1;1;;;;
21/12/2020;18:00:00;547;ac03 - Acidente com Danos Materiais;46;BR-153/MG;Sul;Choque - Outros;1;;;;;;;;;;4;;;;
21/12/2020;20:03:00;606;ac03 - Acidente com Danos Materiais;635;BR-153/GO;Sul;Capotamento;2;;;;;;;;;;2;;;;
21/12/2020;20:52:00;630;ac02 - Acidente com Vítima;506;BR-153/GO;Sul;Queda de Moto;;;;1;;;;;;;0;1;;;
22/12/2020;00:08:00;1;ac02 - Acidente com Vítima;445;BR-262/MG;Oeste;Colisão Lateral;;;1;1;;;;;;;1;1;;;
22/12/2020;05:50:00;64;ac02 - Acidente com Vítima;563,457;BR-153/GO;Norte;Tombamento;;;1;;;;;;;;0;1;;;
22/12/2020;06:06:00;65;ac03 - Acidente com Danos Materiais;387,15;BR-262/MG;Leste;Saida de Pista;1;;;;;;;;;;1;;;;
22/12/2020;06:28:00;69;ac03 - Acidente com Danos Materiais;385,1;BR-262/MG;Oeste;Choque - Elemento de Drenagem;1;;;;;;;;;;1;;;;
22/12/2020;07:17:00;96;ac03 - Acidente com Danos Materiais;55,5;BR-060/GO;Sul;Choque - Elemento de Drenagem;1;;;;;;;;;;1;;;;
22/12/2020;08:05:00;114;ac03 - Acidente com Danos Materiais;4,291;BR-060/DF;Sul;Colisão Lateral;1;;1;;;;;;;;2;;;;
22/12/2020;08:23:00;127;ac03 - Acidente com Danos Materiais;498,5;BR-262/MG;Oeste;Saida de Pista;1;;;;;;;;;;1;;;;
22/12/2020;08:54:00;155;ac03 - Acidente com Danos Materiais;621,25;BR-262/MG;Leste;Colisão Traseira;;;2;;;;;;;;2;;;;
22/12/2020;09:15:00;167;ac03 - Acidente com Danos Materiais;360,3;BR-262/MG;Leste;Colisão Traseira;1;;1;;;;;;;;2;;;;
22/12/2020;11:57:00;259;ac02 - Acidente com Vítima;608,35;BR-262/MG;Leste;Colisão Traseira;1;;1;;;;;;;;2;;1;1;
22/12/2020;12:42:00;303;ac03 - Acidente com Danos Materiais;183,1;BR-153/MG;Norte;Capotamento;1;;;;;;;;;;1;;;;
22/12/2020;13:30:00;322;ac03 - Acidente com Danos Materiais;492,5;BR-262/MG;Leste;Colisão Traseira;;;2;;;;;;;;3;;;;
22/12/2020;13:41:00;329;ac03 - Acidente com Danos Materiais;89;BR-060/GO;Sul;Colisão Traseira;2;;;;;;;;;;2;;;;
22/12/2020;13:52:00;336;ac02 - Acidente com Vítima;84,697;BR-060/GO;Norte;Queda de Moto;;;;1;;;;;;;0;;2;;
22/12/2020;14:52:00;351;ac03 - Acidente com Danos Materiais;627;BR-262/MG;Leste;Choque - Talude;;;;;1;;;;;;2;;;;
22/12/2020;14:58:00;355;ac03 - Acidente com Danos Materiais;124;BR-153/MG;Norte;Saida de Pista;1;;;;;;;;;;2;;;;
22/12/2020;15:38:00;376;ac03 - Acidente com Danos Materiais;100,104;BR-060/GO;Norte;Saida de Pista;;;1;;;;;;;;1;;;;
22/12/2020;16:55:00;410;ac03 - Acidente com Danos Materiais;48,982;BR-060/GO;Sul;Saida de Pista;1;;;;;;;;;;1;;;;
22/12/2020;17:10:00;414;ac03 - Acidente com Danos Materiais;494,887;BR-153/GO;Sul;Engavetamento;3;;1;;;;;;;;4;;;;
22/12/2020;18:39:00;436;ac03 - Acidente com Danos Materiais;390;BR-262/MG;Leste;Tombamento;;;1;;;1;;;;;2;;;;
22/12/2020;19:30:00;456;ac03 - Acidente com Danos Materiais;100;BR-060/GO;Sul;Colisão Lateral;1;;1;;;;;;;;2;;;;
22/12/2020;19:41:00;466;ac03 - Acidente com Danos Materiais;519;BR-153/GO;Sul;Saida de Pista;1;;;;;;;;;;1;;;;
22/12/2020;20:52:00;501;ac03 - Acidente com Danos Materiais;101;BR-060/GO;Sul;Saida de Pista;1;;;;;;;;;;1;;;;
22/12/2020;20:56:00;503;ac02 - Acidente com Vítima;380,682;BR-262/MG;Oeste;Capotamento;;;;;;;;;;1;1;1;;;
22/12/2020;21:00:00;504;ac03 - Acidente com Danos Materiais;563,4;BR-153/GO;Sul;Colisão Traseira;1;;1;;;;;;;;2;;;;
22/12/2020;21:40:00;517;ac03 - Acidente com Danos Materiais;408,815;BR-262/MG;Oeste;Saida de Pista;1;;;;;;;;;;1;;;;
22/12/2020;22:42:00;541;ac03 - Acidente com Danos Materiais;118;BR-060/GO;Sul;Colisão Traseira;1;;;;;;;;;1;2;;;;
23/12/2020;03:40:00;23;ac03 - Acidente com Danos Materiais;628;BR-153/GO;Norte;Choque - Arvore;;;1;;;;;;;;1;;;;
23/12/2020;04:26:00;31;ac03 - Acidente com Danos Materiais;683;BR-153/GO;Sul;Capotamento;1;;;;;;;;;;2;;;;
23/12/2020;06:00:00;42;ac03 - Acidente com Danos Materiais;385;BR-262/MG;Oeste;Saida de Pista;1;;;;;;;;;;1;;;;
23/12/2020;06:34:00;44;ac03 - Acidente com Danos Materiais;525,2;BR-153/GO;Norte;Saida de Pista;;;1;;;;;;;;1;;;;
23/12/2020;06:42:00;46;ac02 - Acidente com Vítima;466,3;BR-262/MG;Oeste;Capotamento;1;;;;;1;;;;;2;1;1;;
23/12/2020;07:10:00;59;ac03 - Acidente com Danos Materiais;476;BR-262/MG;Leste;Capotamento;1;;;;;;;;;;1;;;;
23/12/2020;07:48:00;76;ac03 - Acidente com Danos Materiais;394;BR-262/MG;Leste;Choque - Elemento de Drenagem;1;;;;;;;;;;1;;;;
23/12/2020;08:10:00;81;ac03 - Acidente com Danos Materiais;607;BR-153/GO;Norte;Colisão Traseira;1;;;;;;;;;1;2;;;;
23/12/2020;08:57:00;111;ac03 - Acidente com Danos Materiais;380;BR-262/MG;Oeste;Choque - Talude;1;;;;;;;;;;1;;;;
23/12/2020;09:06:00;119;ac03 - Acidente com Danos Materiais;177;BR-153/MG;Sul;Saida de Pista;1;;;;;1;;;;;3;;;;
23/12/2020;09:10:00;120;ac02 - Acidente com Vítima;490;BR-262/MG;Leste;Capotamento;1;;;;;;;;;;0;;3;;
23/12/2020;09:33:00;138;ac02 - Acidente com Vítima;363;BR-262/MG;Leste;Queda de Moto;;;;1;;;;;;;0;1;;;
23/12/2020;09:52:00;146;ac03 - Acidente com Danos Materiais;570;BR-153/GO;Norte;Colisão Traseira;;;2;;;;;;;;2;;;;
23/12/2020;10:45:00;175;ac03 - Acidente com Danos Materiais;384,3;BR-262/MG;Oeste;Capotamento;1;;;;;;;;;;1;;;;
23/12/2020;10:57:00;184;ac01 - Acidente com Vítima Fatal;190;BR-153/MG;Norte;Saida de Pista;;;2;;;2;;;;;3;;;;1
23/12/2020;11:21:00;198;ac02 - Acidente com Vítima;44;BR-153/MG;Sul;Tombamento;;;1;;;;;;;;1;1;;;
23/12/2020;12:49:00;228;ac03 - Acidente com Danos Materiais;361,9;BR-262/MG;Oeste;Saida de Pista;;;1;;;;;;;;2;;;;
23/12/2020;13:47:00;260;ac03 - Acidente com Danos Materiais;445;BR-262/MG;Oeste;Capotamento;1;;;;;;;;;;1;;;;
23/12/2020;14:33:00;273;ac03 - Acidente com Danos Materiais;107,9;BR-060/GO;Sul;Choque - Outros;;;1;;;;;;;;1;;;;
23/12/2020;14:57:00;283;ac02 - Acidente com Vítima;95,351;BR-060/GO;Sul;Queda de Moto;;;;1;;;;;;;0;;2;;
23/12/2020;15:21:00;294;ac03 - Acidente com Danos Materiais;549,5;BR-262/MG;Oeste;Saida de Pista;1;;;;;;;;;;1;;;;
23/12/2020;15:28:00;297;ac03 - Acidente com Danos Materiais;586,2;BR-262/MG;Oeste;Saida de Pista;;;1;;;;;;;;2;;;;
23/12/2020;15:38:00;300;ac03 - Acidente com Danos Materiais;212;BR-153/MG;Norte;Colisão Lateral;1;;1;;;;;;;;2;;;;
23/12/2020;15:40:00;303;ac03 - Acidente com Danos Materiais;587;BR-262/MG;Oeste;Saida de Pista;;;1;;;;;;;;1;;;;
23/12/2020;16:28:00;327;ac03 - Acidente com Danos Materiais;501,382;BR-153/GO;Norte;Engavetamento;2;;1;;;;;;;;3;;;;
23/12/2020;16:39:00;334;ac03 - Acidente com Danos Materiais;828;BR-262/MG;Leste;Queda de Moto;;;;1;;;;;;;1;;;;
23/12/2020;17:59:00;359;ac03 - Acidente com Danos Materiais;519;BR-153/GO;Sul;Tombamento;;;;;;;;;;1;1;;;;
23/12/2020;18:48:00;387;ac03 - Acidente com Danos Materiais;532;BR-153/GO;Norte;Saida de Pista;1;;;;;;;;;;1;;;;
23/12/2020;21:27:00;459;ac02 - Acidente com Vítima;95;BR-060/GO;Norte;Colisão Traseira;1;;;1;;;;;;;1;1;;;
23/12/2020;22:18:00;476;ac03 - Acidente com Danos Materiais;494,5;BR-153/GO;Norte;Colisão Lateral;1;;1;;;;;;;;5;;;;
24/12/2020;05:44:00;58;ac03 - Acidente com Danos Materiais;58;BR-153/MG;Norte;Colisão Traseira;2;;;;;;;;;;2;;;;
24/12/2020;07:28:00;94;ac02 - Acidente com Vítima;381;BR-262/MG;Leste;Capotamento;1;;;;;;;;;;1;;1;;
24/12/2020;07:30:00;96;ac02 - Acidente com Vítima;125,405;BR-060/GO;Norte;Colisão Traseira;1;;1;;;;;;;;1;1;;;
24/12/2020;07:35:00;99;ac01 - Acidente com Vítima Fatal;135;BR-153/MG;Norte;Colisão Traseira;1;;1;;;;;;;;1;1;2;;2
24/12/2020;07:45:00;104;ac03 - Acidente com Danos Materiais;380;BR-262/MG;Leste;Queda de Moto;;;;1;;;;;;;1;;;;
24/12/2020;10:40:00;188;ac02 - Acidente com Vítima;385;BR-262/MG;Oeste;Capotamento;1;;;;;;;;;;0;1;;;
24/12/2020;10:52:00;195;ac03 - Acidente com Danos Materiais;380;BR-262/MG;Oeste;Capotamento;1;;;;;;;;;;1;;;;
24/12/2020;10:54:00;197;ac03 - Acidente com Danos Materiais;384;BR-262/MG;Leste;Saida de Pista;1;;;;;;;;;;3;;;;
24/12/2020;13:27:00;265;ac03 - Acidente com Danos Materiais;580,475;BR-153/GO;Sul;Saida de Pista;1;;;;;;;;;;1;;;;
24/12/2020;14:45:00;315;ac02 - Acidente com Vítima;173;BR-153/MG;Sul;Capotamento;1;;;;;;;;;;3;1;;;
24/12/2020;15:54:00;347;ac03 - Acidente com Danos Materiais;380;BR-262/MG;Leste;Capotamento;1;;;;;;;;;;2;;;;
24/12/2020;17:38:00;405;ac02 - Acidente com Vítima;114,456;BR-060/GO;Sul;Queda de Ciclista;;;;1;;;;;;;0;1;;;
24/12/2020;18:22:00;428;ac03 - Acidente com Danos Materiais;608,84;BR-262/MG;Oeste;Saida de Pista;1;;;;;;;;;;4;;;;
24/12/2020;18:44:00;442;ac03 - Acidente com Danos Materiais;47,3;BR-060/GO;Sul;Colisão Traseira;2;;;;;;;;;;2;;;;
24/12/2020;19:06:00;457;ac03 - Acidente com Danos Materiais;450;BR-262/MG;Leste;Saida de Pista;1;;;;;;;;;;1;;;;
24/12/2020;19:19:00;463;ac03 - Acidente com Danos Materiais;528;BR-262/MG;Leste;Saida de Pista;1;;;;;;;;;;1;;;;
24/12/2020;19:57:00;489;ac03 - Acidente com Danos Materiais;429;BR-262/MG;Leste;Saida de Pista;1;;;;;;;;;;1;;;;
24/12/2020;20:07:00;494;ac03 - Acidente com Danos Materiais;580;BR-262/MG;Oeste;Saida de Pista;;;;;;;;;;1;1;;;;
24/12/2020;20:46:00;512;ac03 - Acidente com Danos Materiais;606;BR-153/GO;Sul;Colisão Traseira;1;;1;;;;;;;;3;;;;
24/12/2020;21:55:00;543;ac03 - Acidente com Danos Materiais;41;BR-060/GO;Norte;Saida de Pista;1;;;;;;;;;;1;;;;
24/12/2020;21:57:00;544;ac03 - Acidente com Danos Materiais;380;BR-262/MG;Oeste;Saida de Pista;1;;;;;;;;;;1;;;;
24/12/2020;22:11:00;551;ac03 - Acidente com Danos Materiais;25;BR-153/MG;Norte;Colisão Traseira;;;2;;;;;;;;2;;;;
24/12/2020;23:05:00;563;ac03 - Acidente com Danos Materiais;132,9;BR-060/GO;Sul;Saida de Pista;1;;;;;;;;;;1;;;;
25/12/2020;01:02:00;13;ac03 - Acidente com Danos Materiais;505;BR-153/GO;Norte;Saida de Pista;1;;;;;;;;;;1;;;;
25/12/2020;03:14:00;40;ac03 - Acidente com Danos Materiais;118;BR-060/GO;Norte;Colisão Lateral;1;;;;;1;;;;;5;;;;
25/12/2020;03:21:00;42;ac02 - Acidente com Vítima;512;BR-153/GO;Norte;Queda de Moto;;;;1;;;;;;;0;1;;;
25/12/2020;07:06:00;82;ac03 - Acidente com Danos Materiais;25;BR-060/DF;Norte;Saida de Pista;1;;;;;;;;;;1;;;;
25/12/2020;07:56:00;95;ac03 - Acidente com Danos Materiais;568;BR-262/MG;Leste;Choque- Placa/Suporte Sinalização;1;;;;;;;;;;1;;;;
25/12/2020;14:58:00;242;ac03 - Acidente com Danos Materiais;122,238;BR-060/GO;Norte;Saida de Pista;1;;;;;;;;;;5;;;;
25/12/2020;15:10:00;247;ac03 - Acidente com Danos Materiais;122,238;BR-060/GO;Sul;Saida de Pista;1;;;;;;;;;;2;;;;
25/12/2020;15:42:00;262;ac03 - Acidente com Danos Materiais;510;BR-153/GO;Norte;;;;1;;;;;;;;1;;;;
25/12/2020;15:46:00;263;ac03 - Acidente com Danos Materiais;120;BR-060/GO;Sul;Choque - Outros;1;;;;;;;;;;1;;;;
25/12/2020;15:47:00;264;ac03 - Acidente com Danos Materiais;582;BR-153/GO;Norte;Capotamento;1;;;;;;;;;;1;;;;
25/12/2020;16:43:00;276;ac03 - Acidente com Danos Materiais;796;BR-262/MG;Leste;Choque - Arvore;2;;;;;;;;;;3;;;;
25/12/2020;18:55:00;325;ac03 - Acidente com Danos Materiais;532,6;BR-153/GO;Sul;Capotamento;1;;;;;;;;;;3;;;;
25/12/2020;20:11:00;347;ac03 - Acidente com Danos Materiais;367;BR-262/MG;Oeste;Colisão Traseira;2;;;;;;;;;;2;;;;
25/12/2020;21:34:00;373;ac03 - Acidente com Danos Materiais;657;BR-262/MG;Leste;Saida de Pista;1;;;;;;;;;;1;;;;
26/12/2020;01:02:00;5;ac03 - Acidente com Danos Materiais;403;BR-262/MG;Oeste;Choque- Placa/Suporte Sinalização;1;;;;;;;;;;1;;;;
26/12/2020;06:50:00;36;ac03 - Acidente com Danos Materiais;33;BR-153/MG;Norte;Saida de Pista;1;;;;;;;;;;1;;;;
26/12/2020;07:57:00;53;ac03 - Acidente com Danos Materiais;380,35;BR-262/MG;Oeste;Saida de Pista;1;;;;;;;;;;1;;;;
26/12/2020;08:25:00;61;ac03 - Acidente com Danos Materiais;4,5;BR-060/GO;Sul;Capotamento;;;;;;;;;;1;2;;;;
26/12/2020;08:47:00;69;ac03 - Acidente com Danos Materiais;4,6;BR-060/GO;Sul;Choque - Defensa;1;;;;;;;;;;1;;;;
26/12/2020;10:51:00;127;ac02 - Acidente com Vítima;554,015;BR-153/GO;Norte;Capotamento;1;;;;;;;;;;0;1;;;
26/12/2020;12:05:00;156;ac03 - Acidente com Danos Materiais;4;BR-153/MG;Norte;Choque - Outros;1;;;;;1;;;;;2;;;;
26/12/2020;13:34:00;179;ac03 - Acidente com Danos Materiais;584,3;BR-153/GO;Norte;Choque - Talude;1;;;;;;;;;;1;;;;
26/12/2020;13:43:00;182;ac03 - Acidente com Danos Materiais;122;BR-153/MG;Sul;Colisão Lateral;2;;;;;;;;;;4;;;;
26/12/2020;14:48:00;209;ac03 - Acidente com Danos Materiais;187;BR-153/MG;Norte;Saida de Pista;1;;;;;;;;;;1;;;;
26/12/2020;16:44:00;250;ac03 - Acidente com Danos Materiais;246,5;BR-153/MG;Sul;Engavetamento;3;;;;;;;;;;7;;;;
26/12/2020;20:31:00;319;ac02 - Acidente com Vítima;9,352;BR-153/MG;Norte;Capotamento;1;;;;;1;;;;;1;1;;;
26/12/2020;21:22:00;331;ac02 - Acidente com Vítima;100,5;BR-060/GO;Sul;Colisão Traseira;1;1;;;;;;;;;1;;1;;
27/12/2020;10:34:00;265;ac02 - Acidente com Vítima;380,5;BR-262/MG;Oeste;Queda de Moto;;;;1;;;;;;;0;1;;;
27/12/2020;11:40:00;344;ac03 - Acidente com Danos Materiais;557,5;BR-153/GO;Sul;Saida de Pista;1;;;;;;;;;;1;;;;
27/12/2020;11:57:00;351;ac03 - Acidente com Danos Materiais;475,35;BR-262/MG;Oeste;Engavetamento;3;;;;;;;;;;5;;;;
27/12/2020;13:20:00;394;ac03 - Acidente com Danos Materiais;58,8;BR-153/MG;Sul;Colisão Traseira;2;;;;;;;;;;3;;;;
27/12/2020;13:29:00;399;ac03 - Acidente com Danos Materiais;121;BR-153/MG;Norte;Saida de Pista;1;;;;;;;;;;3;;;;
27/12/2020;13:31:00;400;ac02 - Acidente com Vítima;746,35;BR-262/MG;Oeste;Colisão Transversal;1;;;;;;;;;1;1;1;;;
27/12/2020;15:16:00;432;ac03 - Acidente com Danos Materiais;32;BR-153/MG;Sul;Queda de Moto;;;;1;;;;;;;1;;;;
27/12/2020;15:34:00;444;ac02 - Acidente com Vítima;18,8;BR-060/GO;Norte;Capotamento;1;;;;;;;;;;0;1;1;;
27/12/2020;16:21:00;471;ac03 - Acidente com Danos Materiais;520,175;BR-262/MG;Oeste;Capotamento;1;;;;;;;;;;1;;;;
27/12/2020;16:30:00;473;ac03 - Acidente com Danos Materiais;119,5;BR-060/GO;Sul;Engavetamento;5;;1;;;;;;;;12;;;;
27/12/2020;16:47:00;479;ac03 - Acidente com Danos Materiais;231;BR-153/MG;Sul;;;;1;;;;;;;;1;;;;
27/12/2020;17:21:00;489;ac03 - Acidente com Danos Materiais;564;BR-153/GO;Norte;Choque - Elemento de Drenagem;1;;;;;;;;;;1;;;;
27/12/2020;19:06:00;527;ac03 - Acidente com Danos Materiais;138;BR-060/GO;Norte;Colisão Traseira;1;;;1;;;;;;;3;;;;
27/12/2020;19:25:00;531;ac02 - Acidente com Vítima;558;BR-153/GO;Norte;Capotamento;1;;;;;;;;;;0;3;;;
27/12/2020;22:54:00;586;ac01 - Acidente com Vítima Fatal;549;BR-262/MG;Oeste;Colisão Frontal;2;;1;;;;;;;;2;;;;3
28/12/2020;00:13:00;6;ac03 - Acidente com Danos Materiais;14;BR-060/GO;Sul;Saida de Pista;1;;;;;;;;;;1;;;;
28/12/2020;06:29:00;49;ac03 - Acidente com Danos Materiais;232;BR-153/MG;Sul;Saida de Pista;1;;;;;;;;;;1;;;;
28/12/2020;07:42:00;69;ac03 - Acidente com Danos Materiais;27;BR-060/DF;Sul;Choque - Arvore;1;;;;;;;;;;1;;;;
28/12/2020;07:55:00;74;ac03 - Acidente com Danos Materiais;70;BR-060/GO;Sul;Capotamento;1;;;;;;;;;;3;;;;
28/12/2020;08:46:00;100;ac03 - Acidente com Danos Materiais;6,1;BR-060/GO;Sul;;1;;;;;;;;;;2;;;;
28/12/2020;08:47:00;102;ac02 - Acidente com Vítima;627,7;BR-153/GO;Norte;Capotamento;;;;;;;;;;1;0;1;;;
28/12/2020;10:32:00;152;ac03 - Acidente com Danos Materiais;643,225;BR-153/GO;Norte;Capotamento;1;;;;;;;;;;4;;;;
28/12/2020;11:38:00;198;ac03 - Acidente com Danos Materiais;666;BR-153/GO;Norte;Tombamento;;;1;;;;;;;;1;;;;
28/12/2020;12:28:00;230;ac03 - Acidente com Danos Materiais;46;BR-153/MG;Sul;Colisão Traseira;2;;;;;;;;;;3;;;;
28/12/2020;13:15:00;249;ac03 - Acidente com Danos Materiais;67;BR-153/MG;Norte;Saida de Pista;;;1;;;;;;;;1;;;;
28/12/2020;13:22:00;250;ac03 - Acidente com Danos Materiais;195;BR-153/MG;Norte;Colisão Frontal;1;;;;;;;;;;2;;;;
28/12/2020;14:10:00;267;ac03 - Acidente com Danos Materiais;115,5;BR-060/GO;Norte;Saida de Pista;;;1;;;;;;;;2;;;;
28/12/2020;15:26:00;305;ac02 - Acidente com Vítima;552;BR-262/MG;Oeste;Colisão Lateral;1;;1;;;;;;;;1;1;;;
28/12/2020;15:42:00;314;ac02 - Acidente com Vítima;547;BR-262/MG;Leste;Queda de Moto;;;;1;;;;;;;0;;1;;
28/12/2020;15:49:00;318;ac03 - Acidente com Danos Materiais;519;BR-262/MG;Leste;Colisão Lateral;2;;;;;;;;;;2;;;;
28/12/2020;23:09:00;470;ac02 - Acidente com Vítima;10;BR-060/DF;Sul;Atropelamento de Animal;1;;;;;;;;;;1;1;;;
29/12/2020;06:48:00;67;ac03 - Acidente com Danos Materiais;4,6;BR-060/DF;Norte;Colisão Lateral;1;;1;;;;;;;;2;;;;
29/12/2020;09:36:00;197;ac02 - Acidente com Vítima;763;BR-262/MG;Oeste;Saida de Pista;1;;;;;;;;;;2;2;;;
29/12/2020;11:08:00;249;ac02 - Acidente com Vítima;101;BR-060/GO;Norte;Colisão Lateral;;;1;1;;;;;;;1;;1;;
29/12/2020;18:10:00;440;ac03 - Acidente com Danos Materiais;385;BR-262/MG;Oeste;Capotamento;1;;;;;;;;;;1;;;;
29/12/2020;21:52:00;539;ac03 - Acidente com Danos Materiais;498;BR-153/GO;Norte;Choque- Placa/Suporte Sinalização;1;;;;;;;;;;1;;;;
29/12/2020;23:31:00;571;ac03 - Acidente com Danos Materiais;179;BR-153/MG;Norte;Carreta deu L;;;1;;;;;;;;1;;;;
30/12/2020;02:56:00;26;ac03 - Acidente com Danos Materiais;129,18;BR-060/GO;Norte;Choque- Placa/Suporte Sinalização;;;1;;;1;;;;;2;;;;
30/12/2020;03:03:00;27;ac03 - Acidente com Danos Materiais;692,526;BR-153/GO;Sul;Colisão Lateral;;;;;;1;;;;1;4;;;;
30/12/2020;06:12:00;54;ac03 - Acidente com Danos Materiais;107;BR-060/GO;Norte;Colisão Traseira;;;2;;;;;;;;2;;;;
30/12/2020;08:59:00;145;ac03 - Acidente com Danos Materiais;148,2;BR-153/MG;Sul;Colisão Lateral;1;;1;;;;;;;;2;;;;
30/12/2020;09:23:00;163;ac02 - Acidente com Vítima;356,005;BR-262/MG;Leste;Saida de Pista;;;1;;;;;;;;1;1;1;;
30/12/2020;10:12:00;191;ac02 - Acidente com Vítima;358;BR-262/MG;Leste;Colisão Lateral;1;;;1;;;;;;;1;1;;;
30/12/2020;11:15:00;265;ac01 - Acidente com Vítima Fatal;490,766;BR-153/GO;Norte;Atropelamento - Usuário;;;;1;;;;;;;1;;;;1
30/12/2020;12:17:00;301;ac03 - Acidente com Danos Materiais;357;BR-262/MG;Leste;Saida de Pista;1;;;;;;;;;;1;;;;
30/12/2020;12:50:00;308;ac03 - Acidente com Danos Materiais;514;BR-153/GO;Sul;Colisão Traseira;2;;;;;;;;;;5;;;;
30/12/2020;13:28:00;321;ac03 - Acidente com Danos Materiais;131,41;BR-060/GO;Sul;Colisão Traseira;;;2;;;;;;;;2;;;;
30/12/2020;13:30:00;322;ac02 - Acidente com Vítima;382;BR-262/MG;Oeste;Queda de Ciclista;;;;1;;;;;;;0;;;1;
30/12/2020;14:47:00;350;ac03 - Acidente com Danos Materiais;617,464;BR-153/GO;Norte;Saida de Pista;1;;1;;;;;;;;2;;;;
30/12/2020;17:31:00;409;ac03 - Acidente com Danos Materiais;496,439;BR-153/GO;Sul;Colisão Traseira;2;;;;;;;;;;2;;;;
30/12/2020;18:41:00;435;ac03 - Acidente com Danos Materiais;127,4;BR-060/GO;Norte;Colisão Traseira;2;;;;;;;;;;4;;;;
30/12/2020;19:00:00;445;ac03 - Acidente com Danos Materiais;57;BR-060/GO;Sul;Colisão Lateral;1;;;;;1;;;;;3;;;;
30/12/2020;19:27:00;449;ac02 - Acidente com Vítima;565,404;BR-153/GO;Sul;Atropelamento - Morador;;;;;;;;;;1;1;;1;;
30/12/2020;21:07:00;476;ac02 - Acidente com Vítima;529;BR-153/GO;Sul;Colisão Traseira;;1;;;;1;;;;1;2;;1;;
30/12/2020;23:37:00;507;ac02 - Acidente com Vítima;814;BR-262/MG;Oeste;Queda de Moto;;;;1;;;;;;;0;1;;;
31/12/2020;03:46:00;35;ac03 - Acidente com Danos Materiais;128,9;BR-153/MG;Sul;Colisão Traseira;;;2;;;;;;;;2;;;;
31/12/2020;04:44:00;41;ac02 - Acidente com Vítima;791;BR-262/MG;Oeste;Saida de Pista;;;1;;;;;;;;0;;;1;
31/12/2020;05:17:00;42;ac02 - Acidente com Vítima;800;BR-262/MG;Oeste;Choque - Defensa;;;;1;;;;;;;0;;;1;
31/12/2020;05:55:00;51;ac03 - Acidente com Danos Materiais;547,3;BR-262/MG;Oeste;Tombamento;;;1;;;;;;;;1;;;;
31/12/2020;10:33:00;141;ac02 - Acidente com Vítima;148;BR-153/MG;Norte;Colisão Lateral;1;;1;;;;;;;;1;2;;;