data;horario;n_da_ocorrencia;tipo_de_ocorrencia;km;trecho;sentido;tipo_de_acidente;automovel;bicicleta;caminhao;moto;onibus;outros;tracao_animal;transporte_de_cargas_especiais;trator_maquinas;utilitarios;ilesos;levemente_feridos;moderadamente_feridos;gravemente_feridos;mortos
31/12/2020;10:52:00;146;ac03 - Acidente com Danos Materiais;367,15;BR-262/MG;Oeste;Capotamento;1;;;;;;;;;;1;;;;
31/12/2020;12:50:00;189;ac02 - Acidente com Vítima;89,926;BR-060/GO;Norte;Queda de Moto;;;;1;;;;;;;0;1;;;
31/12/2020;13:39:00;204;ac02 - Acidente com Vítima;109;BR-153/MG;Norte;Colisão Lateral;1;;1;;;;;;;;1;1;;;
31/12/2020;15:37:00;245;ac03 - Acidente com Danos Materiais;104,68;BR-060/GO;Sul;Choque - Elemento de Drenagem;1;;;;;;;;;;1;;;;
31/12/2020;15:49:00;254;ac03 - Acidente com Danos Materiais;117,609;BR-060/GO;Norte;Colisão Lateral;1;;;;1;;;;;;6;;;;
31/12/2020;18:28:00;329;ac03 - Acidente com Danos Materiais;27;BR-153/MG;Norte;Colisão Traseira;1;;;;;;;;;;1;;;;
31/12/2020;22:10:00;401;ac03 - Acidente com Danos Materiais;514;BR-153/GO;Norte;Colisão Transversal;2;;;;;;;;;;2;;;;
31/12/2020;23:49:00;420;ac03 - Acidente com Danos Materiais;509;BR-153/GO;Norte;Capotamento;2;;;;;;;;;;2;;;;
31/12/2020;23:54:00;423;ac03 - Acidente com Danos Materiais;34;BR-153/MG;Sul;Tombamento;;;1;;;;;;;;1;;;;
01/01/2021;03:17:00;30;ac03 - Acidente com Danos Materiais;90;BR-060/GO;Norte;Saida de Pista;1;;;;;;;;;;1;;;;
01/01/2021;05:43:00;50;ac03 - Acidente com Danos Materiais;4;BR-060/DF;Sul;Choque - Arvore;1;;;;;;;;;;1;;;;
01/01/2021;05:59:00;56;ac03 - Acidente com Danos Materiais;0;BR-060/GO;Sul;Choque - Elemento de Drenagem;1;;;;;;;;;;1;;;;
01/01/2021;06:24:00;62;ac02 - Acidente com Vítima;514;BR-153/GO;Norte;Colisão Lateral;2;;;;;;;;;;1;1;;;
01/01/2021;10:37:00;147;ac03 - Acidente com Danos Materiais;637;BR-153/GO;Sul;Saida de Pista;1;;;;;;;;;;1;;;;
01/01/2021;11:02:00;153;ac03 - Acidente com Danos Materiais;440;BR-262/MG;Leste;Queda de Moto;;;;1;;;;;;;1;;;;
01/01/2021;12:37:00;180;ac02 - Acidente com Vítima;495,65;BR-153/GO;Sul;Colisão Traseira;1;;;1;;;;;;;1;1;;;
01/01/2021;15:13:00;219;ac03 - Acidente com Danos Materiais;595;BR-262/MG;Leste;Saida de Pista;1;;;;;;;;;;1;;;;
01/01/2021;15:14:00;220;ac02 - Acidente com Vítima;412;BR-262/MG;Leste;Capotamento;;;;;;;;;;1;0;;;1;
01/01/2021;15:28:00;226;ac03 - Acidente com Danos Materiais;15;BR-060/GO;Sul;Saida de Pista;1;;;;;;;;;;2;;;;
01/01/2021;17:43:00;272;ac03 - Acidente com Danos Materiais;579,8;BR-153/GO;Sul;Capotamento;1;;;;;;;;;;2;;;;
01/01/2021;19:10:00;303;ac03 - Acidente com Danos Materiais;10;BR-060/GO;Norte;Saida de Pista;1;;;;;;;;;;5;;;;
01/01/2021;20:03:00;321;ac02 - Acidente com Vítima;25;BR-060/GO;Norte;Saida de Pista;1;;;;;;;;;;0;2;;;
01/01/2021;20:08:00;324;ac02 - Acidente com Vítima;22,5;BR-060/DF;Norte;Colisão Traseira;1;;;1;;;;;;;1;;1;;
02/01/2021;11:24:00;160;ac02 - Acidente com Vítima;507;BR-153/GO;Sul;Choque - Outros;1;;;;;;;;;;0;1;;;
02/01/2021;12:14:00;175;ac02 - Acidente com Vítima;412;BR-262/MG;Leste;Colisão Lateral;1;;;1;;;;;;;1;;1;;
02/01/2021;13:20:00;196;ac03 - Acidente com Danos Materiais;447;BR-262/MG;Oeste;Colisão Traseira;1;;;;;1;;;;;2;;;;
02/01/2021;13:31:00;202;ac02 - Acidente com Vítima;580;BR-153/GO;Sul;Queda de Ciclista;;;;1;;;;;;;0;1;;;
02/01/2021;15:41:00;247;ac02 - Acidente com Vítima;33;BR-153/MG;Sul;Colisão Frontal;1;;;1;;;;;;;3;1;;;
02/01/2021;18:09:00;316;ac02 - Acidente com Vítima;429;BR-262/MG;Oeste;Colisão Traseira;1;;;1;;;;;;;1;;;1;
02/01/2021;18:11:00;317;ac03 - Acidente com Danos Materiais;419;BR-262/MG;Oeste;Saida de Pista;1;;;;;;;;;;2;;;;
02/01/2021;19:47:00;362;ac03 - Acidente com Danos Materiais;511;BR-262/MG;Oeste;Saida de Pista;;;;;;;;;;1;1;;;;
02/01/2021;21:50:00;410;ac03 - Acidente com Danos Materiais;378;BR-262/MG;Leste;Saida de Pista;1;;;;;;;;;;1;;;;
03/01/2021;09:51:00;84;ac03 - Acidente com Danos Materiais;521,672;BR-153/GO;Norte;Choque - Arvore;1;;;;;;;;;;1;;;;
03/01/2021;10:51:00;111;ac02 - Acidente com Vítima;516,416;BR-153/GO;Sul;Colisão Traseira;;;1;;;;;;;1;3;1;;;
03/01/2021;12:36:00;154;ac03 - Acidente com Danos Materiais;506,646;BR-153/GO;Sul;Capotamento;1;;;;;;;;;;1;;;;
03/01/2021;12:46:00;161;ac03 - Acidente com Danos Materiais;89,793;BR-060/GO;Norte;Saida de Pista;1;;;;;;;;;;1;;;;
03/01/2021;13:26:00;177;ac03 - Acidente com Danos Materiais;547,8;BR-153/GO;Sul;Saida de Pista;1;;;;;;;;;;1;;;;
03/01/2021;13:53:00;196;ac03 - Acidente com Danos Materiais;679,25;BR-262/MG;Leste;Saida de Pista;;;;;;1;;;;1;6;;;;
03/01/2021;13:59:00;200;ac02 - Acidente com Vítima;79,136;BR-060/GO;Sul;Colisão Lateral;;;2;;;;;;;;1;;1;;
03/01/2021;14:04:00;202;ac03 - Acidente com Danos Materiais;780,15;BR-262/MG;Oeste;Colisão Traseira;2;;;;;;;;;;2;;;;
03/01/2021;15:09:00;222;ac03 - Acidente com Danos Materiais;558;BR-153/GO;Norte;Choque - Elemento de Drenagem;1;;;;;;;;;;2;;;;
03/01/2021;15:33:00;230;ac03 - Acidente com Danos Materiais;364,15;BR-262/MG;Leste;Colisão Traseira;2;;;;;;;;;;2;;;;
03/01/2021;16:30:00;255;ac03 - Acidente com Danos Materiais;26,22;BR-060/GO;Sul;Choque - Defensa;1;;;;;;;;;;1;;;;
03/01/2021;16:31:00;256;ac02 - Acidente com Vítima;449;BR-262/MG;Oeste;Colisão Traseira;;;1;;;1;;;;;1;1;;;
03/01/2021;16:43:00;262;ac03 - Acidente com Danos Materiais;388,1;BR-262/MG;Leste;Colisão Traseira;2;;;;;;;;;;3;;;;
03/01/2021;16:59:00;274;ac02 - Acidente com Vítima;18,105;BR-060/DF;Sul;Capotamento;1;;;;;;;;;;3;;1;;
03/01/2021;17:00:00;277;ac03 - Acidente com Danos Materiais;83;BR-153/MG;Sul;Tombamento;;;1;;;;;;;;1;;;;
03/01/2021;17:20:00;285;ac02 - Acidente com Vítima;612,3;BR-262/MG;Oeste;Choque - Talude;1;;;;;;;;;;1;1;;;
03/01/2021;17:47:00;296;ac03 - Acidente com Danos Materiais;4,2;BR-060/DF;Sul;Engavetamento;3;;;;;1;;;;;4;;;;
03/01/2021;17:50:00;297;ac03 - Acidente com Danos Materiais;117;BR-060/GO;Sul;Engavetamento;3;;;;;;;;;;8;;;;
03/01/2021;20:25:00;360;ac03 - Acidente com Danos Materiais;446;BR-262/MG;Oeste;Queda de Moto;;;;1;;;;;;;1;;;;
03/01/2021;23:53:00;429;ac03 - Acidente com Danos Materiais;107;BR-153/MG;Norte;Saida de Pista;1;;;;;;;;;;1;;;;
04/01/2021;03:10:00;31;ac03 - Acidente com Danos Materiais;607;BR-153/GO;Norte;Saida de Pista;1;;;;;;;;;;4;;;;
04/01/2021;07:00:00;65;ac03 - Acidente com Danos Materiais;557,922;BR-153/GO;Sul;Capotamento;;;;;;;;;;1;1;;;;
04/01/2021;12:45:00;195;ac03 - Acidente com Danos Materiais;58;BR-153/MG;Sul;Saida de Pista;1;;;;;;;;;;1;;;;
04/01/2021;16:57:00;259;ac03 - Acidente com Danos Materiais;83;BR-153/MG;Sul;Colisão Traseira;1;;1;;;;;;;;2;;;;
05/01/2021;04:20:00;23;ac02 - Acidente com Vítima;114;BR-153/MG;Sul;Saida de Pista;;;1;;;;;;;;0;;1;;
05/01/2021;05:11:00;30;ac03 - Acidente com Danos Materiais;427;BR-262/MG;Leste;Saida de Pista;1;;;;;;;;;;5;;;;
05/01/2021;05:47:00;35;ac03 - Acidente com Danos Materiais;577;BR-153/GO;Sul;Saida de Pista;;;;;;;;;;1;5;;;;
05/01/2021;05:47:00;36;ac03 - Acidente com Danos Materiais;443;BR-262/MG;Oeste;Saida de Pista;1;;;;;;;;;;4;;;;
05/01/2021;06:11:00;40;ac03 - Acidente com Danos Materiais;621;BR-153/GO;Norte;Saida de Pista;;;1;;;;;;;;1;;;;
05/01/2021;11:21:00;169;ac02 - Acidente com Vítima;136,237;BR-060/GO;Norte;Capotamento;1;;;;;;;;;;0;;1;;
05/01/2021;13:36:00;235;ac02 - Acidente com Vítima;540;BR-153/GO;Norte;Queda de Moto;;;;1;;;;;;;1;1;;;
05/01/2021;14:53:00;266;ac02 - Acidente com Vítima;108,776;BR-060/GO;Norte;Tombamento;;;1;;;;;;;;0;1;;;
05/01/2021;18:43:00;395;ac03 - Acidente com Danos Materiais;58,7;BR-153/MG;Norte;Colisão Traseira;;;1;;;1;;;;;2;;;;
05/01/2021;19:43:00;426;ac03 - Acidente com Danos Materiais;79;BR-060/GO;Norte;Saida de Pista;1;;;;;;;;;;2;;;;
06/01/2021;01:23:00;17;ac02 - Acidente com Vítima;392;BR-262/MG;Oeste;Saida de Pista;1;;;;;;;;;;0;1;1;;
06/01/2021;04:19:00;39;ac03 - Acidente com Danos Materiais;128;BR-060/GO;Sul;Carreta deu L;;;1;;;;;;;;1;;;;
06/01/2021;07:50:00;97;ac02 - Acidente com Vítima;506;BR-153/GO;Norte;Colisão Traseira;;;;1;;;;;;1;1;;1;;
06/01/2021;11:14:00;281;ac02 - Acidente com Vítima;547,5;BR-262/MG;Leste;Capotamento;;;;;;;;;;1;0;2;;;
06/01/2021;11:45:00;298;ac03 - Acidente com Danos Materiais;128,396;BR-060/GO;Norte;Tombamento;;;1;;;;;;;;2;;;;
06/01/2021;12:17:00;315;ac03 - Acidente com Danos Materiais;500;BR-153/GO;Sul;Colisão Lateral;1;;;1;;;;;;;2;;;;
06/01/2021;15:35:00;410;ac03 - Acidente com Danos Materiais;0,2;BR-153/MG;Norte;Colisão Traseira;;;;1;;;;;;1;2;;;;
06/01/2021;21:26:00;541;ac02 - Acidente com Vítima;137;BR-060/GO;Norte;Queda de Ciclista;;;;1;;;;;;;0;1;;;
07/01/2021;09:26:00;106;ac03 - Acidente com Danos Materiais;492,801;BR-153/GO;Sul;;1;;1;;;;;;;;2;;;;
07/01/2021;11:57:00;171;ac02 - Acidente com Vítima;93;BR-060/GO;Norte;Queda de Moto;;;;1;;;;;;;0;2;;;
07/01/2021;12:04:00;174;ac01 - Acidente com Vítima Fatal;102,671;BR-060/GO;Norte;Capotamento;1;1;;;;;;;;;0;1;1;;1
07/01/2021;15:21:00;226;ac03 - Acidente com Danos Materiais;559,8;BR-262/MG;Oeste;Tombamento;;;1;;;;;;;;1;;;;
07/01/2021;15:54:00;236;ac01 - Acidente com Vítima Fatal;104;BR-153/MG;Sul;Colisão Frontal;1;;1;;;1;;;;;2;;;;1
07/01/2021;16:43:00;245;ac03 - Acidente com Danos Materiais;419,25;BR-262/MG;Oeste;Colisão Traseira;2;;;;;;;;;;2;;;;
07/01/2021;17:47:00;273;ac02 - Acidente com Vítima;48;BR-060/GO;Norte;Capotamento;1;;;;;;;;;;0;2;;;
07/01/2021;20:15:00;320;ac03 - Acidente com Danos Materiais;505;BR-262/MG;Leste;Choque - Outros;1;;;;;;;;;;1;;;;
08/01/2021;00:26:00;6;ac03 - Acidente com Danos Materiais;588;BR-262/MG;Leste;Carreta deu L;;;1;;;;;;;;1;;;;
08/01/2021;01:26:00;15;ac03 - Acidente com Danos Materiais;656,684;BR-153/GO;Norte;Tombamento;;;1;;;;;;;;1;;;;
08/01/2021;07:34:00;87;ac02 - Acidente com Vítima;113;BR-153/MG;Sul;Colisão Lateral;1;;1;;;;;;;;3;2;;;
08/01/2021;07:37:00;88;ac02 - Acidente com Vítima;499,64;BR-153/GO;Sul;Engavetamento;2;;1;;;;;;;;4;1;;;
08/01/2021;09:59:00;140;ac02 - Acidente com Vítima;824;BR-262/MG;Leste;Capotamento;1;;;;;;;;;1;1;1;;;
08/01/2021;10:24:00;156;ac02 - Acidente com Vítima;630;BR-153/GO;Sul;Tombamento;;;1;;;;;;;;0;1;;;
08/01/2021;10:36:00;168;ac03 - Acidente com Danos Materiais;552,15;BR-262/MG;Leste;Colisão Traseira;1;;;;;1;;;;;2;;;;
08/01/2021;13:01:00;204;ac03 - Acidente com Danos Materiais;515;BR-153/GO;Norte;Colisão Traseira;2;;;;;;;;;;2;;;;
08/01/2021;14:23:00;239;ac03 - Acidente com Danos Materiais;113,653;BR-060/GO;Sul;Tombamento;;;1;;;;;;;;1;;;;
08/01/2021;14:34:00;245;ac03 - Acidente com Danos Materiais;503,72;BR-153/GO;Norte;Engavetamento;3;;;;;;;;;;3;;;;
08/01/2021;16:53:00;299;ac03 - Acidente com Danos Materiais;410,25;BR-262/MG;Leste;Colisão Traseira;;;;1;1;;;;;;3;;;;
08/01/2021;17:10:00;303;ac03 - Acidente com Danos Materiais;546,287;BR-153/GO;Sul;Choque - Elemento de Drenagem;;;;;;;;;;1;1;;;;
08/01/2021;17:21:00;312;ac03 - Acidente com Danos Materiais;787;BR-262/MG;Leste;Colisão Lateral;;;2;;;;;;;1;4;;;;
08/01/2021;17:53:00;325;ac03 - Acidente com Danos Materiais;498;BR-153/GO;Sul;Choque - Defensa;1;;;;;;;;;;1;;;;
08/01/2021;19:05:00;363;ac03 - Acidente com Danos Materiais;503;BR-153/GO;Sul;Colisão Traseira;2;;;;;;;;;;4;;;;
08/01/2021;20:03:00;394;ac03 - Acidente com Danos Materiais;632;BR-262/MG;Leste;Saida de Pista;1;;;;;;;;;;2;;;;
08/01/2021;22:49:00;454;ac02 - Acidente com Vítima;128,5;BR-153/MG;Norte;Tombamento;;;1;;;;;;;;0;1;;;
09/01/2021;01:45:00;18;ac03 - Acidente com Danos Materiais;681,8;BR-153/GO;Norte;Saida de Pista;1;;;;;;;;;;1;;;;
09/01/2021;01:52:00;19;ac02 - Acidente com Vítima;32;BR-060/GO;Norte;Colisão Traseira;1;;1;;;;;;;;4;;1;;
09/01/2021;10:40:00;187;ac02 - Acidente com Vítima;447,5;BR-262/MG;Leste;Queda de Moto;;;;2;;;;;;;0;3;;;
09/01/2021;11:45:00;211;ac03 - Acidente com Danos Materiais;212;BR-153/MG;Sul;Tombamento;;;2;;;;;;;;2;;;;
09/01/2021;11:56:00;215;ac03 - Acidente com Danos Materiais;607;BR-262/MG;Leste;Queda de Moto;;;;1;;;;;;;1;;;;
09/01/2021;12:57:00;244;ac03 - Acidente com Danos Materiais;495,2;BR-153/GO;Norte;Colisão Traseira;1;;;;;;;;;1;3;;;;
09/01/2021;13:24:00;253;ac03 - Acidente com Danos Materiais;588;BR-262/MG;Leste;Colisão Lateral;;;1;;;;;;;1;2;;;;
09/01/2021;14:12:00;274;ac02 - Acidente com Vítima;465;BR-262/MG;Leste;Queda de Moto;;;;1;;;;;;;0;2;;;
09/01/2021;15:07:00;297;ac02 - Acidente com Vítima;608;BR-262/MG;Leste;Capotamento;;;;;;;;;;1;0;1;1;;
09/01/2021;15:57:00;318;ac03 - Acidente com Danos Materiais;586,9;BR-262/MG;Leste;Colisão Lateral;1;;1;;;;;;;;3;;;;
09/01/2021;16:16:00;327;ac03 - Acidente com Danos Materiais;4,7;BR-060/DF;Norte;Colisão Traseira;2;;;;;;;;;;9;;;;
09/01/2021;16:27:00;332;ac03 - Acidente com Danos Materiais;586;BR-262/MG;Leste;Colisão Lateral;1;;1;;1;;;;;;4;;;;
09/01/2021;16:31:00;333;ac03 - Acidente com Danos Materiais;582;BR-262/MG;Leste;Saida de Pista;1;;;;;;;;;;1;;;;
09/01/2021;16:56:00;347;ac03 - Acidente com Danos Materiais;4,7;BR-060/DF;Sul;Engavetamento;1;;1;1;;;;;;;4;;;;
09/01/2021;18:47:00;388;ac03 - Acidente com Danos Materiais;500;BR-153/GO;Sul;Colisão Traseira;2;;;;;;;;;;2;;;;
10/01/2021;00:52:00;9;ac02 - Acidente com Vítima;29;BR-060/GO;Norte;Capotamento;1;;;;;;;;;;0;;1;;
10/01/2021;01:25:00;16;ac03 - Acidente com Danos Materiais;683;BR-153/GO;Sul;Saida de Pista;;;;;;;;;;1;4;;;;
10/01/2021;01:41:00;18;ac03 - Acidente com Danos Materiais;11;BR-153/MG;Norte;Saida de Pista;1;;;;;;;;;;1;;;;
10/01/2021;09:09:00;153;ac02 - Acidente com Vítima;390;BR-262/MG;Oeste;Queda de Moto;;;;1;;;;;;;0;1;;;
10/01/2021;16:06:00;332;ac03 - Acidente com Danos Materiais;575;BR-153/GO;Norte;Saida de Pista;1;;;;;;;;;;1;;;;
10/01/2021;16:23:00;335;ac02 - Acidente com Vítima;45;BR-060/GO;Sul;Capotamento;2;;;;;;;;;;3;3;;;
10/01/2021;17:12:00;350;ac03 - Acidente com Danos Materiais;48;BR-060/GO;Norte;Choque - Elemento de Drenagem;1;;;;;;;;;;1;;;;
10/01/2021;17:44:00;371;ac02 - Acidente com Vítima;1;BR-060/DF;Norte;Colisão Lateral;1;;;1;;;;;;;1;1;;;
10/01/2021;18:29:00;390;ac03 - Acidente com Danos Materiais;490;BR-153/GO;Sul;Choque- Placa/Suporte Sinalização;1;;;;;;;;;;1;;;;
10/01/2021;18:30:00;392;ac02 - Acidente com Vítima;29,672;BR-060/GO;Norte;Engavetamento;3;;;;;;;;;;3;5;1;;
10/01/2021;19:51:00;435;ac03 - Acidente com Danos Materiais;104;BR-153/MG;Norte;Atropelamento de Animal;1;;;;;;;;;;4;;;;
10/01/2021;23:05:00;501;ac03 - Acidente com Danos Materiais;4,7;BR-060/GO;Norte;Capotamento;1;;;;;;;;;;1;;;;
11/01/2021;04:23:00;37;ac02 - Acidente com Vítima;569,116;BR-153/GO;Norte;Capotamento;1;;;;;;;;;;3;1;;;
11/01/2021;05:32:00;49;ac02 - Acidente com Vítima;4,31;BR-060/DF;Sul;Colisão Lateral;;;;1;;;;;;1;2;;1;;
11/01/2021;05:57:00;55;ac03 - Acidente com Danos Materiais;549,2;BR-262/MG;Oeste;Choque - Outros;1;;;;;;;;;;1;;;;
11/01/2021;05:59:00;58;ac03 - Acidente com Danos Materiais;702,3;BR-153/GO;Norte;Colisão Lateral;1;;1;;;;;;;;3;;;;
11/01/2021;06:50:00;62;ac03 - Acidente com Danos Materiais;575,15;BR-262/MG;Oeste;Tombamento;;;1;;;;;;;;1;;;;
11/01/2021;07:56:00;95;ac02 - Acidente com Vítima;246,5;BR-153/MG;Norte;Saida de Pista;1;;;;;;;;;;0;1;;;
11/01/2021;08:18:00;104;ac01 - Acidente com Vítima Fatal;405,3;BR-262/MG;Leste;Capotamento;1;;1;;;;;;;;1;;1;;1
11/01/2021;09:51:00;156;ac03 - Acidente com Danos Materiais;81,602;BR-060/GO;Norte;Colisão Traseira;;;2;;;;;;;;2;;;;
11/01/2021;10:25:00;173;ac03 - Acidente com Danos Materiais;702;BR-153/GO;Sul;Colisão Traseira;;;2;;;;;;;;2;;;;
11/01/2021;13:01:00;236;ac03 - Acidente com Danos Materiais;667;BR-153/GO;Sul;Colisão Traseira;;;;;;1;;;;1;2;;;;
11/01/2021;16:03:00;299;ac03 - Acidente com Danos Materiais;584,5;BR-153/GO;Sul;Saida de Pista;;;;;;;;;;1;1;;;;
11/01/2021;16:22:00;304;ac03 - Acidente com Danos Materiais;702;BR-153/GO;Sul;Saida de Pista;;;1;;;;;;;;1;;;;
11/01/2021;17:15:00;328;ac02 - Acidente com Vítima;479;BR-262/MG;Leste;Colisão Transversal;;;;2;;;;;;;0;3;;;
11/01/2021;17:22:00;334;ac03 - Acidente com Danos Materiais;34,5;BR-060/GO;Sul;Saida de Pista;1;;;;;;;;;;1;;;;
11/01/2021;18:32:00;352;ac02 - Acidente com Vítima;513;BR-153/GO;Norte;Queda de Moto;;;;1;;;;;;;0;;1;;
11/01/2021;19:04:00;363;ac02 - Acidente com Vítima;811;BR-262/MG;Leste;Queda de Moto;;;;1;;;;;;;0;1;;;
11/01/2021;20:12:00;397;ac03 - Acidente com Danos Materiais;442;BR-262/MG;Oeste;Capotamento;1;;;;;;;;;;1;;;;
11/01/2021;22:40:00;431;ac02 - Acidente com Vítima;501;BR-153/GO;Norte;Queda de Ciclista;;;;1;;;;;;;0;1;;;
11/01/2021;23:49:00;444;ac03 - Acidente com Danos Materiais;800,7;BR-262/MG;Oeste;Colisão Traseira;1;;;1;;;;;;;2;;;;
12/01/2021;01:29:00;9;ac03 - Acidente com Danos Materiais;506,5;BR-153/GO;Norte;Colisão Traseira;1;;;;;1;;;;;2;;;;
12/01/2021;02:57:00;17;ac02 - Acidente com Vítima;650;BR-153/GO;Sul;Capotamento;1;;;;;;;;;;0;2;;;
12/01/2021;08:24:00;100;ac03 - Acidente com Danos Materiais;3;BR-060/DF;Sul;Colisão Traseira;2;;;;;;;;;;2;;;;
12/01/2021;12:46:00;243;ac02 - Acidente com Vítima;492;BR-153/GO;Norte;Colisão Traseira;1;;;1;;;;;;;1;1;;;
12/01/2021;12:48:00;244;ac02 - Acidente com Vítima;134;BR-153/MG;Sul;Colisão Lateral;;;1;;;;;;;1;1;;1;;
12/01/2021;14:26:00;286;ac03 - Acidente com Danos Materiais;128;BR-153/MG;Sul;Colisão Traseira;;;1;;;;;;;1;2;;;;
12/01/2021;14:49:00;296;ac03 - Acidente com Danos Materiais;498,185;BR-153/GO;Sul;Engavetamento;;;1;;;;;;;3;4;;;;
12/01/2021;15:16:00;301;ac03 - Acidente com Danos Materiais;561,8;BR-153/GO;Sul;Colisão Lateral;;;1;;1;;;;;;2;;;;
12/01/2021;15:30:00;313;ac03 - Acidente com Danos Materiais;558,6;BR-153/GO;Norte;Choque - Elemento de Drenagem;1;;;;;;;;;;1;;;;
12/01/2021;15:42:00;318;ac03 - Acidente com Danos Materiais;816;BR-262/MG;Oeste;Choque - Veiculo parado no acostamento;1;;;;;;;;;;1;;;;
12/01/2021;15:50:00;321;ac02 - Acidente com Vítima;558,791;BR-153/GO;Norte;Capotamento;1;;;;;;;;;;1;1;;;
12/01/2021;15:54:00;325;ac03 - Acidente com Danos Materiais;29,577;BR-060/DF;Norte;Colisão Lateral;1;;1;;;;;;;;5;;;;
12/01/2021;15:56:00;326;ac03 - Acidente com Danos Materiais;517,35;BR-262/MG;Leste;Colisão Traseira;1;;1;;;;;;;;6;;;;
12/01/2021;16:45:00;345;ac03 - Acidente com Danos Materiais;506;BR-153/GO;Norte;Colisão Traseira;1;;1;;;;;;;;2;;;;
12/01/2021;17:35:00;361;ac03 - Acidente com Danos Materiais;493;BR-153/GO;Norte;Engavetamento;4;;;;;;;;;;4;;;;
12/01/2021;18:15:00;379;ac03 - Acidente com Danos Materiais;499;BR-153/GO;Sul;Colisão Lateral;1;;;;;;;;;;1;;;;
12/01/2021;21:07:00;443;ac02 - Acidente com Vítima;46;BR-060/GO;Sul;Capotamento;1;;;;;;;;;;0;1;;;
13/01/2021;01:15:00;10;ac02 - Acidente com Vítima;69;BR-060/GO;Norte;Queda de Moto;;;;1;;;;;;;0;1;;;
13/01/2021;03:18:00;31;ac03 - Acidente com Danos Materiais;11,067;BR-153/MG;Sul;Saida de Pista;;;1;;;;;;;;1;;;;
13/01/2021;05:52:00;43;ac03 - Acidente com Danos Materiais;28,455;BR-060/DF;Norte;Capotamento;;;;;;;;;;1;1;;;;
13/01/2021;06:52:00;65;ac02 - Acidente com Vítima;196;BR-153/MG;Norte;Queda de Moto;;;;1;;;;;;;0;;1;;
13/01/2021;06:57:00;66;ac03 - Acidente com Danos Materiais;149;BR-153/MG;Sul;Colisão Traseira;1;;;;;;;;;1;2;;;;
13/01/2021;08:00:00;91;ac03 - Acidente com Danos Materiais;419;BR-262/MG;Leste;Saida de Pista;;;;;;;;;;1;3;;;;
13/01/2021;09:15:00;138;ac02 - Acidente com Vítima;462;BR-262/MG;Oeste;Colisão Frontal;1;;;;;;;;;2;2;;1;;
13/01/2021;10:55:00;204;ac02 - Acidente com Vítima;799;BR-262/MG;Oeste;Queda de Moto;;;;1;;;;;;;0;1;;;
13/01/2021;12:03:00;238;ac03 - Acidente com Danos Materiais;747;BR-262/MG;Oeste;Saida de Pista;;;1;;;;;;;;1;;;;
13/01/2021;12:36:00;251;ac03 - Acidente com Danos Materiais;491,478;BR-153/GO;Norte;Colisão Traseira;2;;;;;;;;;;3;;;;
13/01/2021;13:25:00;271;ac02 - Acidente com Vítima;592;BR-262/MG;Leste;Capotamento;;;;;;;;;;1;0;2;;;
13/01/2021;15:33:00;331;ac03 - Acidente com Danos Materiais;388;BR-262/MG;Leste;Choque - Outros;1;;;;;;;;;;1;;;;
13/01/2021;17:47:00;391;ac03 - Acidente com Danos Materiais;369;BR-262/MG;Leste;Choque - Outros;1;;;;;;;;;;1;;;;
13/01/2021;17:52:00;395;ac03 - Acidente com Danos Materiais;502,3;BR-153/GO;Norte;Colisão Traseira;2;;;;;;;;;;2;;;;
13/01/2021;17:58:00;400;ac03 - Acidente com Danos Materiais;92;BR-060/GO;Norte;Colisão Traseira;1;;;1;;;;;;;2;;;;
13/01/2021;21:16:00;469;ac03 - Acidente com Danos Materiais;585,583;BR-153/GO;Sul;Colisão Traseira;;;2;;;;;;;;2;;;;
13/01/2021;23:39:00;499;ac02 - Acidente com Vítima;703;BR-153/GO;Norte;Queda de Ciclista;;;;1;;;;;;;0;1;;;
14/01/2021;03:21:00;22;ac03 - Acidente com Danos Materiais;564;BR-153/GO;Sul;Atropelamento de Animal;;;1;;;;;;;;1;;;;
14/01/2021;04:49:00;34;ac03 - Acidente com Danos Materiais;612;BR-153/GO;Sul;Saida de Pista;1;;;;;;;;;;1;;;;
14/01/2021;06:47:00;64;ac03 - Acidente com Danos Materiais;596;BR-262/MG;Leste;Colisão Lateral;1;;1;;;;;;;;2;;;;