data;horario;n_da_ocorrencia;tipo_de_ocorrencia;km;trecho;sentido;tipo_de_acidente;automovel;bicicleta;caminhao;moto;onibus;outros;tracao_animal;transporte_de_cargas_especiais;trator_maquinas;utilitarios;ilesos;levemente_feridos;moderadamente_feridos;gravemente_feridos;mortos
14/01/2021;06:50:00;66;ac03 - Acidente com Danos Materiais;6;BR-153/MG;Norte;Saida de Pista;;;;;;;;;;1;4;;;;
14/01/2021;07:13:00;76;ac03 - Acidente com Danos Materiais;529,4;BR-153/GO;Norte;Saida de Pista;1;;;;;;;;;;1;;;;
14/01/2021;09:28:00;177;ac03 - Acidente com Danos Materiais;97;BR-060/GO;Norte;Colisão Traseira;2;;;;;;;;;;3;;;;
14/01/2021;09:34:00;183;ac03 - Acidente com Danos Materiais;628;BR-153/GO;Norte;Saida de Pista;1;;;;;;;;;;2;;;;
14/01/2021;09:44:00;196;ac02 - Acidente com Vítima;528,4;BR-153/GO;Norte;Tombamento;;;1;;;;;;;;0;1;;;
14/01/2021;10:10:00;207;ac03 - Acidente com Danos Materiais;548;BR-262/MG;Leste;Tombamento;;;1;;;;;;;;1;;;;
14/01/2021;11:41:00;252;ac03 - Acidente com Danos Materiais;535,623;BR-153/GO;Norte;Saida de Pista;1;;;;;;;;;;1;;;;
14/01/2021;11:49:00;258;ac03 - Acidente com Danos Materiais;665;BR-153/GO;Norte;Saida de Pista;1;;;;;;;;;;2;;;;
14/01/2021;12:10:00;266;ac03 - Acidente com Danos Materiais;108;BR-060/GO;Norte;Colisão Lateral;1;;1;;;;;;;;2;;;;
14/01/2021;12:10:00;267;ac02 - Acidente com Vítima;580;BR-262/MG;Leste;Queda de Moto;;;;1;;;;;;;0;;1;;
14/01/2021;13:27:00;298;ac03 - Acidente com Danos Materiais;603;BR-153/GO;Norte;Saida de Pista;;;1;;;;;;;;1;;;;
14/01/2021;15:30:00;367;ac03 - Acidente com Danos Materiais;711;BR-262/MG;Leste;Capotamento;;;;;;;;;;1;1;;;;
14/01/2021;16:53:00;403;ac03 - Acidente com Danos Materiais;721;BR-262/MG;Oeste;Saida de Pista;1;;;;;;;;;;1;;;;
14/01/2021;17:17:00;417;ac03 - Acidente com Danos Materiais;416,5;BR-262/MG;Leste;Colisão Traseira;1;;1;;;;;;;;3;;;;
14/01/2021;23:19:00;560;ac03 - Acidente com Danos Materiais;13,741;BR-060/GO;Sul;Choque- Placa/Suporte Sinalização;;;1;;;;;;;;1;;;;
15/01/2021;00:39:00;8;ac03 - Acidente com Danos Materiais;595,574;BR-153/GO;Norte;Saida de Pista;;;1;;;1;;;;;2;;;;
15/01/2021;09:50:00;237;ac03 - Acidente com Danos Materiais;508,1;BR-262/MG;Oeste;Saida de Pista;;;;;;;;;;1;1;;;;
15/01/2021;12:09:00;307;ac03 - Acidente com Danos Materiais;440,2;BR-262/MG;Oeste;Choque - Elemento de Drenagem;1;;;;;;;;;;2;;;;
15/01/2021;12:29:00;315;ac03 - Acidente com Danos Materiais;9,137;BR-153/MG;Sul;Saida de Pista;;;;;;;;;;1;1;;;;
15/01/2021;12:34:00;316;ac03 - Acidente com Danos Materiais;48,613;BR-060/GO;Norte;Choque - Elemento de Drenagem;1;;;;;;;;;;1;;;;
15/01/2021;13:05:00;326;ac03 - Acidente com Danos Materiais;111,372;BR-060/GO;Sul;Carreta deu L;;;1;;;;;;;;1;;;;
15/01/2021;13:06:00;327;ac02 - Acidente com Vítima;538,9;BR-153/GO;Sul;Capotamento;1;;;;;;;;;;0;;1;1;
15/01/2021;13:43:00;347;ac02 - Acidente com Vítima;508,286;BR-153/GO;Sul;Colisão Transversal;1;;1;;;;;;;;7;;1;;
15/01/2021;14:39:00;367;ac03 - Acidente com Danos Materiais;16,139;BR-060/GO;Sul;Choque - Elemento de Drenagem;1;;;;;;;;;;1;;;;
15/01/2021;14:40:00;368;ac03 - Acidente com Danos Materiais;509;BR-153/GO;Sul;Colisão Traseira;;;2;;;;;;;;2;;;;
15/01/2021;14:53:00;372;ac03 - Acidente com Danos Materiais;174;BR-153/MG;Sul;Saida de Pista;;;1;;;;;;;;2;;;;
15/01/2021;15:50:00;397;ac03 - Acidente com Danos Materiais;663,228;BR-153/GO;Sul;Saida de Pista;;;1;;;;;;;;1;;;;
15/01/2021;15:54:00;399;ac03 - Acidente com Danos Materiais;503,583;BR-153/GO;Norte;Choque- Poste/Equipamento;;;;;1;;;;;;1;;;;
15/01/2021;16:00:00;401;ac02 - Acidente com Vítima;373;BR-262/MG;Oeste;Queda de Moto;;;;1;;;;;;;0;;2;;
15/01/2021;16:06:00;403;ac03 - Acidente com Danos Materiais;4,5;BR-060/GO;Sul;Choque - Defensa;1;;;;;;;;;;1;;;;
15/01/2021;16:28:00;413;ac03 - Acidente com Danos Materiais;498,631;BR-153/GO;Sul;Colisão Lateral;;;1;;;1;;;;;4;;;;
15/01/2021;17:09:00;429;ac02 - Acidente com Vítima;101;BR-060/GO;Norte;Colisão Traseira;1;;;1;;;;;;;1;;1;;
15/01/2021;17:30:00;441;ac03 - Acidente com Danos Materiais;400,3;BR-262/MG;Oeste;Choque - Outros;1;;;;;;;;;;1;;;;
15/01/2021;18:05:00;455;ac03 - Acidente com Danos Materiais;23,8;BR-060/DF;Norte;Saida de Pista;1;;;;;;;;;;1;;;;
15/01/2021;19:41:00;494;ac03 - Acidente com Danos Materiais;782;BR-262/MG;Oeste;Colisão Traseira;2;;1;;;;;;;;4;;;;
15/01/2021;20:46:00;518;ac03 - Acidente com Danos Materiais;573;BR-262/MG;Leste;Saida de Pista;1;;;;;1;;;;;2;;;;
15/01/2021;21:13:00;528;ac03 - Acidente com Danos Materiais;504;BR-153/GO;Norte;Choque - Barreira;1;;;;;;;;;;1;;;;
15/01/2021;21:40:00;539;ac03 - Acidente com Danos Materiais;548,1;BR-262/MG;Oeste;Saida de Pista;1;;;;;;;;;;1;;;;
15/01/2021;22:33:00;554;ac03 - Acidente com Danos Materiais;486;BR-262/MG;Leste;Saida de Pista;1;;;;;1;;;;;5;;;;
16/01/2021;03:56:00;24;ac03 - Acidente com Danos Materiais;534,9;BR-153/GO;Norte;Tombamento;;;1;;;;;;;;1;;;;
16/01/2021;04:02:00;25;ac02 - Acidente com Vítima;148;BR-153/MG;Sul;Tombamento;;;1;;;;;;;;0;1;;;
16/01/2021;10:28:00;173;ac02 - Acidente com Vítima;800;BR-262/MG;Oeste;Atropelamento - Andarilho;;;;;;1;;;;;1;1;;;
16/01/2021;10:36:00;177;ac03 - Acidente com Danos Materiais;441,15;BR-262/MG;Leste;Colisão Traseira;1;;1;;;;;;;;6;;;;
16/01/2021;10:44:00;180;ac03 - Acidente com Danos Materiais;24,183;BR-060/DF;Norte;Choque - Elemento de Drenagem;1;;;;;;;;;;1;;;;
16/01/2021;12:09:00;221;ac03 - Acidente com Danos Materiais;800,7;BR-262/MG;Oeste;Colisão Traseira;1;;;;;;;;;1;2;;;;
16/01/2021;12:50:00;228;ac03 - Acidente com Danos Materiais;876;BR-262/MG;Leste;Saida de Pista;1;;;;;;;;;;1;;;;
16/01/2021;12:55:00;231;ac02 - Acidente com Vítima;394,5;BR-262/MG;Leste;Colisão Traseira;1;;;1;;;;;;;2;1;;;
16/01/2021;13:53:00;252;ac03 - Acidente com Danos Materiais;439,2;BR-262/MG;Oeste;Capotamento;1;;;;;;;;;;2;;;;
16/01/2021;15:05:00;273;ac03 - Acidente com Danos Materiais;442,25;BR-262/MG;Leste;Capotamento;;;;;;;;;;1;2;;;;
16/01/2021;15:28:00;281;ac02 - Acidente com Vítima;608,4;BR-262/MG;Oeste;Capotamento;1;;;;;;;;;;1;2;;;
16/01/2021;15:42:00;289;ac02 - Acidente com Vítima;47,673;BR-060/GO;Norte;Capotamento;1;;;;;;;;;;0;1;;;
16/01/2021;16:20:00;307;ac03 - Acidente com Danos Materiais;15,256;BR-060/DF;Norte;Choque - Defensa;1;;;;;;;;;;1;;;;
16/01/2021;17:22:00;328;ac03 - Acidente com Danos Materiais;2;BR-060/GO;Norte;Colisão Traseira;1;;1;;;;;;;;4;;;;
16/01/2021;18:06:00;345;ac02 - Acidente com Vítima;18,5;BR-060/GO;Norte;Capotamento;1;;;;;;;;;;5;;1;1;
16/01/2021;18:08:00;347;ac03 - Acidente com Danos Materiais;381;BR-262/MG;Oeste;Capotamento;1;;;;;;;;;;2;;;;
16/01/2021;18:20:00;353;ac03 - Acidente com Danos Materiais;521,8;BR-262/MG;Leste;Capotamento;1;;;;;;;;;;1;;;;
16/01/2021;18:27:00;355;ac03 - Acidente com Danos Materiais;386;BR-262/MG;Leste;Capotamento;1;;;;;;;;;;3;;;;
16/01/2021;18:29:00;356;ac03 - Acidente com Danos Materiais;116;BR-060/GO;Sul;Saida de Pista;;;1;;;;;;;;1;;;;
16/01/2021;18:30:00;357;ac03 - Acidente com Danos Materiais;386;BR-262/MG;Leste;Saida de Pista;1;;;;;;;;;;1;;;;
16/01/2021;18:44:00;362;ac03 - Acidente com Danos Materiais;47,153;BR-153/MG;Norte;Choque - Defensa;1;;;;;;;;;;3;;;;
16/01/2021;19:01:00;371;ac02 - Acidente com Vítima;381,5;BR-262/MG;Leste;Saida de Pista;1;;;;;;;;;;3;1;;;
16/01/2021;21:16:00;406;ac03 - Acidente com Danos Materiais;99;BR-060/GO;Norte;Saida de Pista;1;;;;;;;;;;1;;;;
17/01/2021;01:50:00;26;ac02 - Acidente com Vítima;800;BR-262/MG;Oeste;Choque - Barreira;;;;1;;;;;;;0;;1;;
17/01/2021;05:10:00;42;ac03 - Acidente com Danos Materiais;572;BR-153/GO;Sul;Capotamento;1;;;;;;;;;;2;;;;
17/01/2021;05:53:00;44;ac02 - Acidente com Vítima;508;BR-153/GO;Sul;Colisão Lateral;2;;;;;;;;;;5;1;;;
17/01/2021;06:51:00;55;ac02 - Acidente com Vítima;71;BR-060/GO;Norte;Capotamento;1;;;;;;;;;;1;1;;;
17/01/2021;10:26:00;197;ac03 - Acidente com Danos Materiais;98;BR-153/MG;Norte;Choque - Defensa;;;2;;;;;;;;2;;;;
17/01/2021;10:48:00;210;ac02 - Acidente com Vítima;45;BR-153/MG;Sul;Engavetamento;2;;;;;;;;;1;6;;1;1;
17/01/2021;10:54:00;215;ac03 - Acidente com Danos Materiais;39;BR-153/MG;Sul;;;;;;;;;;;1;1;;;;
17/01/2021;13:51:00;278;ac03 - Acidente com Danos Materiais;364;BR-262/MG;Leste;Colisão Traseira;2;;;;;;;;;;2;;;;
17/01/2021;15:03:00;299;ac03 - Acidente com Danos Materiais;100,25;BR-060/GO;Norte;Saida de Pista;1;;;;;;;;;;2;;;;
17/01/2021;16:25:00;337;ac03 - Acidente com Danos Materiais;175,5;BR-153/MG;Norte;Queda de Moto;;;;1;;;;;;;1;;;;
17/01/2021;16:50:00;348;ac02 - Acidente com Vítima;557,65;BR-153/GO;Norte;Capotamento;1;;;;;;;;;;0;;2;;
17/01/2021;20:06:00;445;ac02 - Acidente com Vítima;222;BR-153/MG;Sul;Capotamento;;;;;;;;;;1;0;1;;;
17/01/2021;22:26:00;490;ac02 - Acidente com Vítima;506;BR-153/GO;Sul;Queda de Ciclista;;;;1;;;;;;;0;;1;;
17/01/2021;23:03:00;499;ac03 - Acidente com Danos Materiais;483;BR-262/MG;Leste;Colisão Transversal;1;;1;;;;;;;;2;;;;
18/01/2021;05:55:00;29;ac02 - Acidente com Vítima;98,752;BR-060/GO;Norte;Colisão Frontal;1;;;1;;;;;;;1;1;;;
18/01/2021;06:04:00;30;ac03 - Acidente com Danos Materiais;99,633;BR-060/GO;Norte;Colisão Lateral;1;;1;;;;;;;;2;;;;
18/01/2021;07:05:00;53;ac03 - Acidente com Danos Materiais;99,953;BR-060/GO;Sul;Colisão Traseira;2;;;;;;;;;;2;;;;
18/01/2021;08:29:00;100;ac03 - Acidente com Danos Materiais;137;BR-060/GO;Norte;Colisão Traseira;1;;1;;;;;;;;5;;;;
18/01/2021;12:43:00;261;ac03 - Acidente com Danos Materiais;473,8;BR-262/MG;Leste;Saida de Pista;1;;;;;;;;;;1;;;;
18/01/2021;14:04:00;303;ac03 - Acidente com Danos Materiais;478;BR-262/MG;Oeste;Colisão Lateral;2;;;;;;;;;;4;;;;
18/01/2021;16:02:00;356;ac03 - Acidente com Danos Materiais;133,138;BR-060/GO;Sul;Saida de Pista;;;1;;;;;;;;3;;;;
18/01/2021;17:30:00;415;ac03 - Acidente com Danos Materiais;8,2;BR-060/GO;Norte;Choque - Elemento de Drenagem;1;;;;;;;;;;1;;;;
18/01/2021;20:27:00;527;ac03 - Acidente com Danos Materiais;495,646;BR-153/GO;Norte;Saida de Pista;;;;;;;;;;1;1;;;;
19/01/2021;04:40:00;54;ac02 - Acidente com Vítima;83,947;BR-060/GO;Sul;Colisão Traseira;;;2;;;;;;;;4;;;1;
19/01/2021;07:47:00;116;ac03 - Acidente com Danos Materiais;506;BR-153/GO;Norte;Engavetamento;3;;;;;;;;;;3;;;;
19/01/2021;07:50:00;117;ac02 - Acidente com Vítima;117,726;BR-153/MG;Sul;Colisão Frontal;3;;;;;;;;;;6;5;2;;
19/01/2021;08:17:00;124;ac03 - Acidente com Danos Materiais;2,4;BR-060/DF;Sul;Colisão Lateral;2;;;;;;;;;;3;;;;
19/01/2021;10:35:00;198;ac03 - Acidente com Danos Materiais;523;BR-153/GO;Sul;Capotamento;1;;;;;;;;;1;5;;;;
19/01/2021;14:12:00;310;ac03 - Acidente com Danos Materiais;18,663;BR-060/GO;Sul;Colisão Lateral;;;1;;;;;;;1;2;;;;
19/01/2021;15:20:00;336;ac03 - Acidente com Danos Materiais;87;BR-153/MG;Sul;Colisão Lateral;;;2;;;1;;;;1;4;;;;
19/01/2021;17:18:00;393;ac03 - Acidente com Danos Materiais;501,198;BR-153/GO;Sul;Colisão Traseira;2;;;;;;;;;;2;;;;
19/01/2021;17:22:00;396;ac02 - Acidente com Vítima;490,722;BR-153/GO;Sul;Tombamento;;;2;;;;;;;;1;;1;;
19/01/2021;17:41:00;406;ac03 - Acidente com Danos Materiais;14;BR-060/GO;Norte;Capotamento;1;;;;;;;;;;1;;;;
19/01/2021;19:54:00;453;ac03 - Acidente com Danos Materiais;467,029;BR-262/MG;Leste;Tombamento;;;1;;;1;;;;;2;;;;
19/01/2021;23:41:00;521;ac02 - Acidente com Vítima;535;BR-153/GO;Sul;Colisão Traseira;;;1;1;;;;;;;1;;1;1;
20/01/2021;06:27:00;48;ac02 - Acidente com Vítima;30;BR-060/GO;Norte;Colisão Traseira;2;;;;;;;;;;2;1;;;
20/01/2021;06:25:00;51;ac03 - Acidente com Danos Materiais;908;BR-262/MG;Leste;Saida de Pista;;;1;;;1;;;;;2;;;;
20/01/2021;07:27:00;89;ac03 - Acidente com Danos Materiais;399;BR-262/MG;Oeste;Saida de Pista;;;;;;;;;;1;1;;;;
20/01/2021;07:48:00;99;ac03 - Acidente com Danos Materiais;404,3;BR-262/MG;Oeste;Capotamento;1;;;;;;;;;;1;;;;
20/01/2021;13:27:00;343;ac02 - Acidente com Vítima;114,301;BR-060/GO;Sul;Capotamento;1;;;;;;;;;;0;1;;;
20/01/2021;13:43:00;356;ac03 - Acidente com Danos Materiais;856;BR-262/MG;Oeste;Saida de Pista;;;1;;;;;;;;1;;;;
20/01/2021;15:29:00;432;ac03 - Acidente com Danos Materiais;803;BR-262/MG;Oeste;Colisão Traseira;1;;1;;;;;;;;2;;;;
20/01/2021;16:30:00;455;ac03 - Acidente com Danos Materiais;516;BR-153/GO;Norte;Colisão Traseira;1;;1;;;;;;;;5;;;;
20/01/2021;18:19:00;496;ac03 - Acidente com Danos Materiais;135;BR-060/GO;Norte;Colisão Traseira;2;;;;;;;;;;2;;;;
20/01/2021;18:20:00;498;ac03 - Acidente com Danos Materiais;503;BR-153/GO;Sul;Colisão Lateral;;;1;;1;;;;;;2;;;;
20/01/2021;18:23:00;500;ac03 - Acidente com Danos Materiais;108;BR-060/GO;Norte;Colisão Traseira;;;2;;;;;;;;2;;;;
20/01/2021;19:00:00;518;ac03 - Acidente com Danos Materiais;501;BR-153/GO;Sul;Colisão Transversal;2;;;;;;;;;2;6;;;;
20/01/2021;19:25:00;531;ac03 - Acidente com Danos Materiais;117;BR-153/MG;Sul;Saida de Pista;1;;;;;;;;;;3;;;;
20/01/2021;20:10:00;547;ac03 - Acidente com Danos Materiais;91;BR-060/GO;Sul;Capotamento;2;;;;;;;;;;2;;;;
20/01/2021;22:41:00;568;ac03 - Acidente com Danos Materiais;113,792;BR-153/MG;Norte;Colisão Lateral;;;1;;;1;;;;;3;;;;
21/01/2021;05:56:00;59;ac03 - Acidente com Danos Materiais;670;BR-153/GO;Norte;Saida de Pista;;;1;;;;;;;;2;;;;
21/01/2021;06:11:00;62;ac03 - Acidente com Danos Materiais;516,235;BR-153/GO;Norte;Saida de Pista;1;;;;;;;;;;1;;;;
21/01/2021;06:56:00;75;ac03 - Acidente com Danos Materiais;516;BR-153/GO;Norte;Engavetamento;3;;;;;;;;;;3;;;;
21/01/2021;07:52:00;105;ac03 - Acidente com Danos Materiais;501;BR-153/GO;Sul;Engavetamento;3;;;;;1;;;;;4;;;;
21/01/2021;11:16:00;233;ac03 - Acidente com Danos Materiais;599;BR-262/MG;Oeste;Colisão Lateral;;;2;;;;;;;;2;;;;
21/01/2021;12:14:00;270;ac02 - Acidente com Vítima;98;BR-060/GO;Norte;Colisão Lateral;3;;;;;;;;;;2;;1;;
21/01/2021;13:22:00;302;ac02 - Acidente com Vítima;495;BR-153/GO;Sul;Colisão Lateral;1;;;1;;;;;;;1;;1;;
21/01/2021;16:56:00;397;ac03 - Acidente com Danos Materiais;628,366;BR-153/GO;Norte;Tombamento;;;1;;;;;;;;1;;;;
21/01/2021;19:00:00;448;ac02 - Acidente com Vítima;563,2;BR-153/GO;Norte;Choque - Talude;1;;1;;;2;;;;;3;1;;;
21/01/2021;19:59:00;478;ac03 - Acidente com Danos Materiais;835,5;BR-262/MG;Leste;Colisão Frontal;;;1;;;;;;;1;3;;;;
22/01/2021;07:54:00;121;ac02 - Acidente com Vítima;502;BR-153/GO;Norte;Colisão Lateral;1;;;1;;;;;;;1;1;;;
22/01/2021;08:10:00;128;ac02 - Acidente com Vítima;755;BR-262/MG;Leste;Colisão Lateral;1;;1;;;;;;;;1;1;;;
22/01/2021;09:35:00;173;ac03 - Acidente com Danos Materiais;504;BR-153/GO;Norte;Colisão Traseira;1;;;;;;;;;1;5;;;;
22/01/2021;09:48:00;180;ac03 - Acidente com Danos Materiais;518;BR-153/GO;Norte;Saida de Pista;1;;;;;1;;;;;2;;;;
22/01/2021;10:02:00;192;ac02 - Acidente com Vítima;549,9;BR-153/GO;Norte;Capotamento;1;;;;;;;;;;0;2;;;
22/01/2021;10:49:00;215;ac03 - Acidente com Danos Materiais;500,9;BR-153/GO;Sul;Colisão Traseira;2;;;;;;;;;;2;;;;
22/01/2021;11:23:00;229;ac03 - Acidente com Danos Materiais;41;BR-153/MG;Norte;Choque - Elemento de Drenagem;1;;;;;;;;;;1;;;;
22/01/2021;11:51:00;243;ac03 - Acidente com Danos Materiais;501;BR-153/GO;Norte;Engavetamento;4;;;;;;;;;;4;;;;
22/01/2021;13:12:00;269;ac03 - Acidente com Danos Materiais;465;BR-262/MG;Leste;Colisão Traseira;;;1;;;;;;;1;4;;;;
22/01/2021;13:21:00;273;ac02 - Acidente com Vítima;527;BR-153/GO;Norte;Colisão Traseira;1;;1;;;;;;;;3;1;;;
22/01/2021;16:57:00;388;ac03 - Acidente com Danos Materiais;514;BR-153/GO;Sul;Colisão Lateral;2;;;;;;;;;;3;;;;
22/01/2021;20:11:00;477;ac02 - Acidente com Vítima;502;BR-153/GO;Sul;Queda de Moto;;;;1;;1;;;;;1;1;;;
22/01/2021;20:35:00;487;ac03 - Acidente com Danos Materiais;586,42;BR-153/GO;Norte;Carreta deu L;;;1;;;1;;;;;2;;;;
23/01/2021;00:05:00;1;ac03 - Acidente com Danos Materiais;20;BR-060/GO;Norte;Colisão Traseira;;;1;;;;;;;1;6;;;;
23/01/2021;05:10:00;45;ac03 - Acidente com Danos Materiais;563,5;BR-262/MG;Oeste;Saida de Pista;1;;;;;;;;;;1;;;;
23/01/2021;06:57:00;67;ac02 - Acidente com Vítima;499,15;BR-262/MG;Leste;Queda de Moto;;;;1;;;;;;;0;2;;;
23/01/2021;08:48:00;90;ac03 - Acidente com Danos Materiais;381,2;BR-262/MG;Oeste;Choque - Elemento de Drenagem;1;;;;;;;;;;2;;;;
23/01/2021;09:13:00;104;ac03 - Acidente com Danos Materiais;386;BR-262/MG;Oeste;Saida de Pista;1;;;;;;;;;;3;;;;
23/01/2021;10:07:00;129;ac03 - Acidente com Danos Materiais;236;BR-153/MG;Sul;Capotamento;;;1;;;;;;;;3;;;;
23/01/2021;14:56:00;241;ac02 - Acidente com Vítima;462;BR-262/MG;Oeste;Choque - Talude;;;1;1;;;;;;1;4;1;;;
23/01/2021;15:12:00;246;ac03 - Acidente com Danos Materiais;519,245;BR-153/GO;Norte;Capotamento;1;;;;;;;;;;1;;;;
23/01/2021;15:27:00;251;ac02 - Acidente com Vítima;1,433;BR-060/DF;Sul;Colisão Lateral;1;;;1;;;;;;;1;;2;;
23/01/2021;17:26:00;299;ac02 - Acidente com Vítima;620;BR-153/GO;Sul;Saida de Pista;;;;;;;;;;1;0;1;;;
23/01/2021;21:10:00;371;ac02 - Acidente com Vítima;408,088;BR-262/MG;Leste;Colisão Traseira;1;;1;;;;;;;;1;;1;;
23/01/2021;21:33:00;373;ac02 - Acidente com Vítima;353;BR-262/MG;Oeste;Colisão Traseira;1;;;;;;;;;1;1;;1;;
24/01/2021;02:15:00;20;ac03 - Acidente com Danos Materiais;41,369;BR-153/MG;Norte;Tombamento;;;1;;;;;;;;1;;;;
24/01/2021;03:12:00;27;ac01 - Acidente com Vítima Fatal;409,5;BR-262/MG;Oeste;Capotamento;;;;;;;;;;1;0;;;;1
24/01/2021;07:31:00;59;ac03 - Acidente com Danos Materiais;501,191;BR-153/GO;Sul;Colisão Traseira;1;;1;;;;;;;;2;;;;
24/01/2021;08:11:00;71;ac02 - Acidente com Vítima;501,246;BR-153/GO;Sul;Colisão Traseira;;;;2;;;;;;;0;2;;;
24/01/2021;08:53:00;89;ac03 - Acidente com Danos Materiais;500,9;BR-153/GO;Sul;Engavetamento;3;;;;;;;;;;3;;;;
24/01/2021;14:33:00;210;ac03 - Acidente com Danos Materiais;491,667;BR-153/GO;Norte;Colisão Traseira;2;;;;;;;;;;2;;;;
24/01/2021;16:02:00;239;ac02 - Acidente com Vítima;433,32;BR-262/MG;Oeste;Saida de Pista;1;;;;;;;;;;0;;1;;
24/01/2021;16:19:00;247;ac02 - Acidente com Vítima;16;BR-060/DF;Norte;Tombamento;;;1;;;;;;;;0;1;;;
24/01/2021;17:47:00;297;ac03 - Acidente com Danos Materiais;559,541;BR-262/MG;Leste;Tombamento;;;1;;;1;;;;;2;;;;
24/01/2021;19:32:00;353;ac03 - Acidente com Danos Materiais;28,125;BR-060/DF;Norte;Saida de Pista;1;;;;;;;;;;2;;;;
24/01/2021;19:40:00;357;ac03 - Acidente com Danos Materiais;394;BR-262/MG;Oeste;Colisão Traseira;2;;;;;;;;;;2;;;;
24/01/2021;19:48:00;362;ac03 - Acidente com Danos Materiais;32;BR-060/GO;Sul;Colisão Frontal;2;;1;;;;;;;;3;;;;
24/01/2021;20:37:00;389;ac03 - Acidente com Danos Materiais;2,5;BR-060/DF;Sul;Colisão Lateral;2;;;;;;;;;;3;;;;
24/01/2021;22:26:00;412;ac02 - Acidente com Vítima;117,2;BR-060/GO;Sul;Atropelamento de Animal;1;;;;;;;;;;1;1;1;;
24/01/2021;22:46:00;417;ac02 - Acidente com Vítima;566;BR-262/MG;Oeste;Colisão Frontal;2;;;;;;;;;;0;1;3;;
25/01/2021;01:57:00;20;ac03 - Acidente com Danos Materiais;393,392;BR-262/MG;Oeste;Colisão Traseira;;;2;;;2;;;;;4;;;;
25/01/2021;04:38:00;44;ac01 - Acidente com Vítima Fatal;461;BR-262/MG;Oeste;Colisão Frontal;1;;1;;;;;;;;1;;;;1
25/01/2021;11:22:00;224;ac03 - Acidente com Danos Materiais;515;BR-153/GO;Norte;Colisão Traseira;1;;1;;;;;;;;2;;;;
25/01/2021;14:25:00;310;ac02 - Acidente com Vítima;811;BR-262/MG;Leste;Colisão Traseira;1;;;1;;;;;;;1;1;;;
25/01/2021;14:26:00;311;ac02 - Acidente com Vítima;124;BR-060/GO;Sul;Queda de Moto;;;;1;;;;;;;0;;1;;
25/01/2021;16:07:00;349;ac03 - Acidente com Danos Materiais;455;BR-262/MG;Oeste;Colisão Traseira;1;;;;;;;;;1;2;;;;
25/01/2021;16:13:00;352;ac03 - Acidente com Danos Materiais;127;BR-153/MG;Norte;Colisão Lateral;1;;1;;;;;;;;2;;;;
25/01/2021;16:53:00;365;ac03 - Acidente com Danos Materiais;97,375;BR-060/GO;Sul;Tombamento;;;1;;;;;;;;1;;;;
25/01/2021;17:44:00;381;ac03 - Acidente com Danos Materiais;534;BR-153/GO;Sul;Colisão Frontal;1;;;;;;;;;;1;;;;
25/01/2021;18:00:00;384;ac03 - Acidente com Danos Materiais;694;BR-262/MG;Leste;Colisão Traseira;2;;;;;;;;;;2;;;;
25/01/2021;20:17:00;444;ac03 - Acidente com Danos Materiais;8,5;BR-060/DF;Sul;Colisão Lateral;;;1;;1;;;;;;2;;;;
25/01/2021;22:41:00;501;ac03 - Acidente com Danos Materiais;777,3;BR-262/MG;Leste;Capotamento;1;;;;;;;;;;3;;;;
25/01/2021;23:04:00;506;ac03 - Acidente com Danos Materiais;556,7;BR-153/GO;Norte;Saida de Pista;1;;;;;;;;;;2;;;;
25/01/2021;23:51:00;520;ac02 - Acidente com Vítima;616;BR-262/MG;Oeste;Saida de Pista;;;1;;;;;;;;0;1;;;
26/01/2021;01:32:00;25;ac02 - Acidente com Vítima;136;BR-060/GO;Sul;Tombamento;;;1;;;;;;;;0;1;;;
26/01/2021;06:10:00;74;ac02 - Acidente com Vítima;54;BR-153/MG;Sul;Colisão Frontal;1;;1;;;;;;;;0;1;1;;
26/01/2021;06:53:00;88;ac03 - Acidente com Danos Materiais;134;BR-060/GO;Sul;Engavetamento;;;3;;;;;;;;3;;;;
26/01/2021;07:57:00;120;ac03 - Acidente com Danos Materiais;505;BR-153/GO;Sul;Colisão Traseira;1;;;;;;;;;1;2;;;;
26/01/2021;09:42:00;195;ac03 - Acidente com Danos Materiais;462;BR-262/MG;Oeste;;;;1;;;;;;;;1;;;;