data;horario;n_da_ocorrencia;tipo_de_ocorrencia;km;trecho;sentido;tipo_de_acidente;automovel;bicicleta;caminhao;moto;onibus;outros;tracao_animal;transporte_de_cargas_especiais;trator_maquinas;utilitarios;ilesos;levemente_feridos;moderadamente_feridos;gravemente_feridos;mortos
26/01/2021;11:21:00;252;ac03 - Acidente com Danos Materiais;566,7;BR-153/GO;Norte;Colisão Traseira;1;;1;;;;;;;;2;;;;
26/01/2021;12:25:00;273;ac02 - Acidente com Vítima;645;BR-153/GO;Sul;Colisão Lateral;;;2;;;2;;;;;2;1;;1;
26/01/2021;14:39:00;317;ac03 - Acidente com Danos Materiais;387;BR-262/MG;Oeste;Colisão Lateral;1;;;;;;;;;1;3;;;;
26/01/2021;14:42:00;319;ac02 - Acidente com Vítima;9;BR-060/DF;Norte;Tombamento;;;1;;;;;;;;0;1;;;
26/01/2021;14:43:00;320;ac03 - Acidente com Danos Materiais;3;BR-153/MG;Sul;Saida de Pista;1;;;;;;;;;;1;;;;
26/01/2021;14:49:00;324;ac03 - Acidente com Danos Materiais;27;BR-060/DF;Sul;Saida de Pista;1;;;;;;;;;;3;;;;
26/01/2021;14:51:00;326;ac03 - Acidente com Danos Materiais;584,6;BR-153/GO;Sul;Capotamento;1;;;;;;;;;;1;;;;
26/01/2021;15:14:00;333;ac02 - Acidente com Vítima;444,2;BR-262/MG;Leste;Colisão Traseira;1;;1;;;;;;;;2;;;1;
26/01/2021;15:21:00;338;ac03 - Acidente com Danos Materiais;518;BR-262/MG;Leste;;1;;;;;;;;;;1;;;;
26/01/2021;16:25:00;363;ac03 - Acidente com Danos Materiais;72;BR-060/GO;Norte;Saida de Pista;;;;;;;;;;1;1;;;;
26/01/2021;17:25:00;390;ac03 - Acidente com Danos Materiais;563;BR-153/GO;Sul;Colisão Traseira;2;;;;;;;;;;2;;;;
26/01/2021;19:03:00;429;ac02 - Acidente com Vítima;4,551;BR-060/DF;Norte;Queda de Ciclista;;;;1;;;;;;;0;1;;;
27/01/2021;03:34:00;27;ac03 - Acidente com Danos Materiais;365;BR-262/MG;Oeste;Colisão Traseira;;;2;;;;;;;;2;;;;
27/01/2021;09:08:00;131;ac03 - Acidente com Danos Materiais;443,15;BR-262/MG;Leste;Tombamento;;;2;;;;;;;;2;;;;
27/01/2021;10:14:00;161;ac03 - Acidente com Danos Materiais;354,3;BR-262/MG;Leste;Tombamento;;;1;;;;;;;;2;;;;
27/01/2021;11:26:00;210;ac02 - Acidente com Vítima;492,396;BR-153/GO;Norte;Colisão Traseira;;;1;1;1;;;;;;2;;1;;
27/01/2021;11:34:00;215;ac02 - Acidente com Vítima;411,25;BR-262/MG;Oeste;Capotamento;1;;;;;;;;;;0;;1;;
27/01/2021;13:56:00;266;ac03 - Acidente com Danos Materiais;671,35;BR-262/MG;Leste;Tombamento;;;1;;;;;;;;1;;;;
27/01/2021;14:38:00;279;ac03 - Acidente com Danos Materiais;48,994;BR-060/GO;Norte;Saida de Pista;1;;;;;;;;;;1;;;;
27/01/2021;14:56:00;286;ac03 - Acidente com Danos Materiais;595,628;BR-153/GO;Norte;Saida de Pista;;;1;;;;;;;;2;;;;
27/01/2021;15:06:00;291;ac02 - Acidente com Vítima;14,39;BR-060/GO;Norte;Colisão Traseira;1;;2;;;;;;;1;3;1;1;;
27/01/2021;15:19:00;296;ac02 - Acidente com Vítima;875,146;BR-262/MG;Oeste;Colisão Traseira;;;2;;;;;;;;1;1;;;
27/01/2021;20:41:00;424;ac02 - Acidente com Vítima;788;BR-262/MG;Oeste;Choque - Arvore;;;;;;;;;;1;0;;;1;
28/01/2021;07:23:00;73;ac03 - Acidente com Danos Materiais;650;BR-153/GO;Sul;Choque - Objeto sobre a pista;;;1;;;;;;;1;2;;;;
28/01/2021;07:51:00;91;ac03 - Acidente com Danos Materiais;650,904;BR-153/GO;Sul;Saida de Pista;;;;;;;;;;1;1;;;;
28/01/2021;08:58:00;140;ac03 - Acidente com Danos Materiais;493,3;BR-262/MG;Leste;Colisão Traseira;;;2;;;;;;;;4;;;;
28/01/2021;09:00:00;141;ac03 - Acidente com Danos Materiais;121,9;BR-060/GO;Norte;Colisão Traseira;;;1;;1;;;;;;10;;;;
28/01/2021;09:56:00;168;ac03 - Acidente com Danos Materiais;780;BR-262/MG;Leste;Engavetamento;1;;2;;;;;;;1;4;;;;
28/01/2021;12:54:00;262;ac03 - Acidente com Danos Materiais;490,334;BR-153/GO;Sul;Colisão Lateral;1;;;;;;;;;1;2;;;;
28/01/2021;13:21:00;274;ac02 - Acidente com Vítima;0,8;BR-060/DF;Sul;Colisão Frontal;1;;;1;;;;;;;1;1;;;
28/01/2021;14:40:00;304;ac02 - Acidente com Vítima;575,1;BR-153/GO;Norte;Capotamento;1;;;;;;;;;;0;1;;;
28/01/2021;15:19:00;316;ac02 - Acidente com Vítima;101,711;BR-060/GO;Sul;Choque - Talude;1;;;;;;;;;;1;1;;;
28/01/2021;15:24:00;320;ac03 - Acidente com Danos Materiais;85,5;BR-060/GO;Sul;Queda de Moto;;;;1;;;;;;;2;;;;
28/01/2021;15:47:00;327;ac02 - Acidente com Vítima;10;BR-153/MG;Sul;Colisão Frontal;;;3;;;3;;;;;4;1;;1;
28/01/2021;16:00:00;334;ac03 - Acidente com Danos Materiais;588;BR-153/GO;Norte;Choque - Elemento de Drenagem;1;;;;;;;;;;2;;;;
28/01/2021;18:41:00;409;ac03 - Acidente com Danos Materiais;502;BR-153/GO;Sul;Colisão Traseira;1;;;1;;;;;;;2;;;;
29/01/2021;02:44:00;28;ac03 - Acidente com Danos Materiais;588;BR-153/GO;Norte;Tombamento;1;;;;;;;;;;2;;;;
29/01/2021;03:47:00;36;ac03 - Acidente com Danos Materiais;104,115;BR-153/MG;Sul;Atropelamento de Animal;1;;;;;;;;;;2;;;;
29/01/2021;03:57:00;39;ac03 - Acidente com Danos Materiais;103,983;BR-153/MG;Sul;Atropelamento de Animal;;;1;;;;;;;;1;;;;
29/01/2021;07:56:00;97;ac03 - Acidente com Danos Materiais;3,7;BR-060/DF;Norte;Colisão Traseira;2;;;;;;;;;;2;;;;
29/01/2021;11:13:00;210;ac02 - Acidente com Vítima;87;BR-153/MG;Norte;Colisão Lateral;1;;1;;;1;;;;;2;1;;;
29/01/2021;14:55:00;323;ac03 - Acidente com Danos Materiais;98;BR-060/GO;Sul;;2;;;;;;;;;;2;;;;
29/01/2021;16:16:00;359;ac02 - Acidente com Vítima;101;BR-060/GO;Norte;Atropelamento - Outros;;;;1;;;;;;;0;;2;;
29/01/2021;16:25:00;366;ac03 - Acidente com Danos Materiais;499;BR-153/GO;Sul;Engavetamento;2;;1;;;;;;;;3;;;;
29/01/2021;17:40:00;411;ac03 - Acidente com Danos Materiais;443;BR-262/MG;Leste;Choque- Poste/Equipamento;;;;;;;;;;1;1;;;;
29/01/2021;18:35:00;437;ac03 - Acidente com Danos Materiais;42;BR-060/GO;Sul;Engavetamento;3;;1;;;;;;;;8;;;;
29/01/2021;19:22:00;461;ac03 - Acidente com Danos Materiais;507;BR-153/GO;Sul;;1;;;;;;;;;;1;;;;
29/01/2021;19:30:00;468;ac03 - Acidente com Danos Materiais;100;BR-060/GO;Sul;Choque - Defensa;1;;;;;1;;;;;2;;;;
29/01/2021;20:07:00;488;ac02 - Acidente com Vítima;802,2;BR-262/MG;Oeste;Engavetamento;1;;1;;;;;;;1;3;1;;;
30/01/2021;12:29:00;213;ac03 - Acidente com Danos Materiais;733;BR-262/MG;Leste;Capotamento;1;;;;;;;;;;1;;;;
30/01/2021;14:57:00;281;ac02 - Acidente com Vítima;609;BR-262/MG;Leste;Queda de Moto;;;;1;;;;;;;0;2;;;
30/01/2021;16:30:00;320;ac03 - Acidente com Danos Materiais;566,25;BR-153/GO;Norte;Colisão Traseira;1;;;;;;;;;;3;;;;
30/01/2021;19:04:00;414;ac03 - Acidente com Danos Materiais;653;BR-262/MG;Leste;Colisão Traseira;2;;;;;;;;;;2;;;;
30/01/2021;21:43:00;477;ac02 - Acidente com Vítima;699;BR-153/GO;Sul;Colisão Traseira;1;;;1;;;;;;;1;1;;;
30/01/2021;22:08:00;488;ac03 - Acidente com Danos Materiais;65,46;BR-060/GO;Norte;Atropelamento de Animal;1;;;;;;;;;;1;;;;
30/01/2021;23:17:00;513;ac03 - Acidente com Danos Materiais;505,02;BR-153/GO;Sul;Colisão Traseira;2;;;;;;;;;;2;;;;
31/01/2021;04:42:00;41;ac03 - Acidente com Danos Materiais;579;BR-262/MG;Oeste;Colisão Lateral;1;;1;;;;;;;;2;;;;
31/01/2021;06:25:00;73;ac03 - Acidente com Danos Materiais;245;BR-153/MG;Norte;Saida de Pista;;;;;;;;;;1;1;;;;
31/01/2021;07:22:00;91;ac02 - Acidente com Vítima;370;BR-262/MG;Leste;Capotamento;;;;;;;;;;1;0;1;;;
31/01/2021;08:14:00;105;ac03 - Acidente com Danos Materiais;126,687;BR-060/GO;Sul;Queda de Moto;;;;1;;;;;;;2;;;;
31/01/2021;10:39:00;185;ac02 - Acidente com Vítima;379,15;BR-262/MG;Leste;Tombamento;;;1;;;1;;;;;1;;;1;
31/01/2021;14:00:00;252;ac03 - Acidente com Danos Materiais;371,5;BR-262/MG;Oeste;Colisão Lateral;;;;2;;;;;;;2;;;;
31/01/2021;14:50:00;269;ac03 - Acidente com Danos Materiais;586;BR-262/MG;Oeste;Saida de Pista;1;;;;;;;;;;1;;;;
31/01/2021;18:54:00;364;ac02 - Acidente com Vítima;699;BR-153/GO;Sul;Queda de Moto;;;;1;;;;;;;0;1;;;
31/01/2021;19:33:00;390;ac03 - Acidente com Danos Materiais;536;BR-153/GO;Norte;Saida de Pista;1;;;;;;;;;;2;;;;
31/01/2021;19:57:00;400;ac02 - Acidente com Vítima;836;BR-262/MG;Oeste;Saida de Pista;1;;;;;;;;;;0;1;;;
31/01/2021;20:13:00;407;ac03 - Acidente com Danos Materiais;701;BR-153/GO;Sul;Tombamento;;;1;;;1;;;;;2;;;;
31/01/2021;21:42:00;433;ac03 - Acidente com Danos Materiais;363;BR-262/MG;Leste;Colisão Traseira;2;;;;;;;;;;2;;;;
31/01/2021;23:04:00;454;ac03 - Acidente com Danos Materiais;499;BR-153/GO;Sul;Saida de Pista;1;;;;;;;;;;1;;;;
01/02/2021;01:29:00;24;ac03 - Acidente com Danos Materiais;132;BR-060/GO;Sul;Choque - Defensa;1;;;;;;;;;;1;;;;
01/02/2021;02:32:00;33;ac03 - Acidente com Danos Materiais;591,8;BR-153/GO;Sul;Tombamento;;;1;;;;;;;;1;;;;
01/02/2021;02:51:00;34;ac03 - Acidente com Danos Materiais;565,5;BR-153/GO;Sul;Saida de Pista;1;;;;;;;;;;1;;;;
01/02/2021;04:37:00;39;ac03 - Acidente com Danos Materiais;503;BR-153/GO;Norte;Queda de Moto;;;;1;;;;;;;1;;;;
01/02/2021;04:49:00;41;ac03 - Acidente com Danos Materiais;366;BR-262/MG;Oeste;Atropelamento de Animal;1;;;;;;;;;;1;;;;
01/02/2021;05:45:00;50;ac03 - Acidente com Danos Materiais;367,311;BR-262/MG;Oeste;Colisão Traseira;2;;;;;;;;;;2;;;;
01/02/2021;07:14:00;67;ac02 - Acidente com Vítima;398,2;BR-262/MG;Oeste;Colisão Traseira;1;;;1;;;;;;;1;;1;;
01/02/2021;07:36:00;74;ac02 - Acidente com Vítima;442,15;BR-262/MG;Oeste;Colisão Traseira;1;;;1;;;;;;;1;;1;;
01/02/2021;08:35:00;103;ac03 - Acidente com Danos Materiais;7,863;BR-060/DF;Sul;Colisão Traseira;1;;;;1;;;;;;3;;;;
01/02/2021;09:00:00;110;ac03 - Acidente com Danos Materiais;543,652;BR-153/GO;Norte;Capotamento;1;;;;;;;;;;4;;;;
01/02/2021;09:26:00;124;ac02 - Acidente com Vítima;506,367;BR-153/GO;Norte;Colisão Lateral;1;;;1;;1;;;;;5;1;;;
01/02/2021;09:40:00;131;ac03 - Acidente com Danos Materiais;626,2;BR-262/MG;Oeste;Tombamento;;;1;;;;;;;;1;;;;
01/02/2021;09:42:00;132;ac03 - Acidente com Danos Materiais;11,502;BR-060/GO;Sul;Choque - Elemento de Drenagem;1;;;;;;;;;;3;;;;
01/02/2021;10:03:00;141;ac03 - Acidente com Danos Materiais;1;BR-060/GO;Sul;Saida de Pista;1;;;;;;;;;;1;;;;
01/02/2021;12:17:00;203;ac02 - Acidente com Vítima;48;BR-153/MG;Sul;Capotamento;1;;;;;;;;;;0;;1;;
01/02/2021;18:45:00;358;ac02 - Acidente com Vítima;505,963;BR-153/GO;Sul;Queda de Moto;;;;1;;1;;;;;2;1;;;
01/02/2021;19:45:00;381;ac03 - Acidente com Danos Materiais;582;BR-153/GO;Norte;Colisão Traseira;1;;;;;;;;;1;2;;;;
01/02/2021;22:21:00;410;ac03 - Acidente com Danos Materiais;44;BR-153/MG;Norte;Saida de Pista;;;;;;;;;;1;1;;;;
02/02/2021;06:16:00;51;ac03 - Acidente com Danos Materiais;224;BR-153/MG;Norte;Colisão Lateral;2;;;;;;;;;;2;;;;
02/02/2021;07:36:00;81;ac02 - Acidente com Vítima;116;BR-060/GO;Sul;Queda de Moto;;;;1;;;;;;;0;1;;;
02/02/2021;07:55:00;92;ac03 - Acidente com Danos Materiais;500;BR-153/GO;Sul;Engavetamento;4;;;;;;;;;;4;;;;
02/02/2021;08:06:00;95;ac02 - Acidente com Vítima;514;BR-153/GO;Norte;Colisão Lateral;1;1;;;;;;;;;1;1;;;
02/02/2021;11:01:00;195;ac02 - Acidente com Vítima;95;BR-060/GO;Norte;Colisão Lateral;2;;;;;;;;;;0;;2;;
02/02/2021;14:32:00;271;ac03 - Acidente com Danos Materiais;570;BR-262/MG;Leste;Capotamento;1;;;;;;;;;;1;;;;
02/02/2021;15:11:00;288;ac03 - Acidente com Danos Materiais;388;BR-262/MG;Leste;Capotamento;1;;;;;;;;;;1;;;;
02/02/2021;15:25:00;293;ac03 - Acidente com Danos Materiais;861;BR-262/MG;Oeste;;1;;;;;;;;;;1;;;;
02/02/2021;16:05:00;306;ac03 - Acidente com Danos Materiais;0,3;BR-060/GO;Sul;Saida de Pista;1;;;;;;;;;;1;;;;
02/02/2021;16:14:00;312;ac02 - Acidente com Vítima;749;BR-262/MG;Leste;Colisão Lateral;1;;1;;;;;;;;2;1;;;
02/02/2021;16:27:00;320;ac03 - Acidente com Danos Materiais;100;BR-060/GO;Norte;Saida de Pista;1;;;;;;;;;;1;;;;
02/02/2021;16:51:00;323;ac03 - Acidente com Danos Materiais;369;BR-262/MG;Leste;Saida de Pista;;;;;;;;;;1;1;;;;
02/02/2021;17:41:00;350;ac03 - Acidente com Danos Materiais;128;BR-060/GO;Norte;Saida de Pista;;;;;;;;;;1;4;;;;
02/02/2021;19:55:00;421;ac02 - Acidente com Vítima;1;BR-060/GO;Sul;Capotamento;1;;;;;1;;;;;2;;1;;
02/02/2021;20:10:00;427;ac03 - Acidente com Danos Materiais;109;BR-153/MG;Norte;Saida de Pista;;;1;;;;;;;;1;;;;
02/02/2021;20:57:00;440;ac03 - Acidente com Danos Materiais;557,3;BR-153/GO;Sul;Choque - Outros;1;;;;;;;;;;1;;;;
03/02/2021;01:22:00;20;ac03 - Acidente com Danos Materiais;547;BR-153/GO;Norte;Saida de Pista;;;;;;1;;;;1;2;;;;
03/02/2021;03:44:00;39;ac02 - Acidente com Vítima;703;BR-153/GO;Norte;Tombamento;;;1;;;3;;;;;3;1;;;
03/02/2021;08:33:00;130;ac03 - Acidente com Danos Materiais;39;BR-060/GO;Sul;Tombamento;;;1;;;2;;;;;3;;;;
03/02/2021;09:49:00;177;ac01 - Acidente com Vítima Fatal;7;BR-060/DF;Norte;Colisão Traseira;;;1;1;;;;;;;1;;;;1
03/02/2021;13:32:00;265;ac03 - Acidente com Danos Materiais;4;BR-060/GO;Norte;Choque - Defensa;;;1;;;;;;;;1;;;;
03/02/2021;15:48:00;317;ac03 - Acidente com Danos Materiais;22,55;BR-060/DF;Norte;Capotamento;;;;;;;;;;1;1;;;;
03/02/2021;16:04:00;331;ac03 - Acidente com Danos Materiais;500,6;BR-153/GO;Sul;Colisão Traseira;1;;1;;;;;;;;3;;;;
03/02/2021;16:22:00;340;ac03 - Acidente com Danos Materiais;407;BR-262/MG;Leste;Saida de Pista;1;;;;;;;;;;1;;;;
03/02/2021;17:52:00;388;ac03 - Acidente com Danos Materiais;20;BR-060/GO;Norte;Saida de Pista;;;1;;;;;;;;1;;;;
03/02/2021;18:15:00;399;ac03 - Acidente com Danos Materiais;506,8;BR-153/GO;Norte;Colisão Traseira;2;;;;;;;;;;2;;;;
03/02/2021;18:45:00;409;ac03 - Acidente com Danos Materiais;507,2;BR-153/GO;Norte;Colisão Traseira;1;;;1;;;;;;;2;;;;
03/02/2021;19:12:00;420;ac03 - Acidente com Danos Materiais;507,2;BR-153/GO;Norte;Colisão Traseira;1;;1;;;;;;;;2;;;;
03/02/2021;19:17:00;423;ac02 - Acidente com Vítima;101;BR-060/GO;Norte;Atropelamento - Outros;;;;1;;;;;;;0;3;;;
03/02/2021;19:21:00;426;ac03 - Acidente com Danos Materiais;627;BR-262/MG;Oeste;Colisão Traseira;;;2;;;;;;;;2;;;;
03/02/2021;19:47:00;439;ac03 - Acidente com Danos Materiais;412;BR-262/MG;Oeste;Capotamento;1;;;;;;;;;;1;;;;
03/02/2021;21:54:00;480;ac03 - Acidente com Danos Materiais;364;BR-262/MG;Oeste;Saida de Pista;;;1;;;;;;;;1;;;;
04/02/2021;10:17:00;166;ac02 - Acidente com Vítima;398,5;BR-262/MG;Leste;Colisão Transversal;1;;;1;;;;;;;1;;3;1;
04/02/2021;12:19:00;215;ac03 - Acidente com Danos Materiais;372,2;BR-262/MG;Oeste;Colisão Traseira;;;2;;;;;;;;2;;;;
04/02/2021;16:41:00;338;ac03 - Acidente com Danos Materiais;501,595;BR-153/GO;Sul;Colisão Traseira;2;;;;;;;;;;2;;;;
04/02/2021;22:31:00;457;ac02 - Acidente com Vítima;44;BR-060/GO;Norte;Saida de Pista;1;;;;;;;;;;1;1;;;
05/02/2021;00:10:00;2;ac02 - Acidente com Vítima;360,256;BR-262/MG;Oeste;Colisão Traseira;1;;;;;1;;;;;1;;1;;
05/02/2021;00:10:00;4;ac03 - Acidente com Danos Materiais;2,888;BR-060/GO;Sul;Tombamento;;;1;;;;;;;;2;;;;
05/02/2021;05:43:00;38;ac03 - Acidente com Danos Materiais;518,1;BR-262/MG;Leste;Choque - Arvore;;;1;;;;;;;;1;;;;
05/02/2021;06:17:00;46;ac03 - Acidente com Danos Materiais;522,05;BR-262/MG;Oeste;Saida de Pista;;;2;;;;;;;;2;;;;
05/02/2021;06:21:00;49;ac03 - Acidente com Danos Materiais;519,65;BR-262/MG;Oeste;Saida de Pista;;;1;;;;;;;;1;;;;
05/02/2021;07:45:00;79;ac03 - Acidente com Danos Materiais;385;BR-262/MG;Oeste;Saida de Pista;1;;;;;;;;;;1;;;;
05/02/2021;07:49:00;81;ac03 - Acidente com Danos Materiais;358;BR-262/MG;Leste;Choque - Elemento de Drenagem;1;;;;;;;;;;1;;;;
05/02/2021;08:12:00;90;ac02 - Acidente com Vítima;502,596;BR-153/GO;Sul;Colisão Lateral;1;;;1;;;;;;;1;1;;;
05/02/2021;08:33:00;96;ac03 - Acidente com Danos Materiais;492;BR-262/MG;Leste;Colisão Lateral;1;;1;;;;;;;;2;;;;
05/02/2021;11:38:00;188;ac02 - Acidente com Vítima;96;BR-060/GO;Norte;Atropelamento - Usuário;;;;1;;;;;;;0;2;;;
05/02/2021;12:50:00;217;ac03 - Acidente com Danos Materiais;506,818;BR-153/GO;Norte;Engavetamento;4;;;;;;;;;;4;;;;
05/02/2021;12:56:00;219;ac03 - Acidente com Danos Materiais;378,85;BR-262/MG;Leste;Capotamento;1;;;;;;;;;;5;;;;
05/02/2021;12:59:00;222;ac03 - Acidente com Danos Materiais;94;BR-153/MG;Sul;Saida de Pista;1;;;;;;;;;;1;;;;
05/02/2021;13:19:00;230;ac03 - Acidente com Danos Materiais;381;BR-262/MG;Leste;Saida de Pista;1;;;;;;;;;;1;;;;
05/02/2021;13:19:00;231;ac02 - Acidente com Vítima;11,626;BR-060/DF;Norte;Choque- Poste/Equipamento;1;;;;;;;;;;0;3;;;
05/02/2021;16:13:00;306;ac03 - Acidente com Danos Materiais;113,209;BR-060/GO;Sul;Capotamento;1;;;;;;;;;;1;;;;
05/02/2021;16:48:00;321;ac02 - Acidente com Vítima;380,15;BR-262/MG;Leste;Choque - Elemento de Drenagem;1;;;;;;;;;;0;2;;;
05/02/2021;20:09:00;418;ac03 - Acidente com Danos Materiais;367;BR-262/MG;Oeste;Colisão Traseira;2;;;;;;;;;;2;;;;
05/02/2021;21:13:00;450;ac03 - Acidente com Danos Materiais;549;BR-262/MG;Leste;Saida de Pista;1;;;;;;;;;;1;;;;
05/02/2021;23:57:00;477;ac03 - Acidente com Danos Materiais;632;BR-262/MG;Oeste;Saida de Pista;1;;;;;;;;;;1;;;;
06/02/2021;00:29:00;7;ac03 - Acidente com Danos Materiais;532;BR-153/GO;Sul;Saida de Pista;1;;;;;;;;;;1;;;;
06/02/2021;06:48:00;62;ac03 - Acidente com Danos Materiais;385;BR-262/MG;Oeste;Choque - Defensa;1;;;;;;;;;;5;;;;
06/02/2021;07:01:00;68;ac02 - Acidente com Vítima;513;BR-153/GO;Sul;Engavetamento;3;;;;;;;;;;2;1;;;
06/02/2021;08:18:00;89;ac03 - Acidente com Danos Materiais;369;BR-262/MG;Leste;Choque - Defensa;1;;;;;;;;;;1;;;;
06/02/2021;08:26:00;95;ac03 - Acidente com Danos Materiais;127,3;BR-060/GO;Norte;Colisão Lateral;2;;;;;;;;;;4;;;;
06/02/2021;08:53:00;110;ac03 - Acidente com Danos Materiais;24;BR-060/DF;Norte;Saida de Pista;;;1;;;;;;;;3;;;;
06/02/2021;09:30:00;129;ac03 - Acidente com Danos Materiais;353;BR-262/MG;Leste;Choque - Outros;1;;;;;;;;;;1;;;;
06/02/2021;10:07:00;147;ac03 - Acidente com Danos Materiais;41;BR-060/GO;Norte;Capotamento;1;;;;;;;;;;1;;;;
06/02/2021;10:30:00;154;ac03 - Acidente com Danos Materiais;26;BR-060/DF;Sul;;;;;;;;;;;1;1;;;;
06/02/2021;11:47:00;178;ac03 - Acidente com Danos Materiais;389;BR-262/MG;Leste;Colisão Lateral;2;;;;;;;;;;2;;;;
06/02/2021;11:58:00;182;ac03 - Acidente com Danos Materiais;389;BR-262/MG;Leste;;1;;;;;;;;;;1;;;;
06/02/2021;12:12:00;188;ac03 - Acidente com Danos Materiais;553;BR-153/GO;Sul;Engavetamento;2;;1;;;;;;;;3;;;;
06/02/2021;12:21:00;191;ac01 - Acidente com Vítima Fatal;369,8;BR-262/MG;Oeste;Atropelamento - Morador;1;;;;;;;;;;3;;;;1
06/02/2021;12:40:00;200;ac03 - Acidente com Danos Materiais;2;BR-060/DF;Norte;Carreta deu L;;;1;;;;;;;;1;;;;
06/02/2021;14:04:00;226;ac03 - Acidente com Danos Materiais;45;BR-060/GO;Norte;Engavetamento;3;;;;;;;;;;3;;;;
06/02/2021;14:22:00;233;ac03 - Acidente com Danos Materiais;608;BR-262/MG;Leste;Saida de Pista;;;;;;;;;;1;1;;;;
06/02/2021;14:53:00;252;ac02 - Acidente com Vítima;47;BR-153/MG;Sul;Saida de Pista;1;;;;;;;;;;0;1;;;
06/02/2021;15:01:00;258;ac03 - Acidente com Danos Materiais;603;BR-262/MG;Leste;Tombamento;;;1;;;;;;;;1;;;;
06/02/2021;15:21:00;261;ac03 - Acidente com Danos Materiais;441;BR-262/MG;Leste;Colisão Traseira;2;;;;;1;;;;;3;;;;
06/02/2021;16:03:00;279;ac02 - Acidente com Vítima;389;BR-262/MG;Leste;Colisão Traseira;2;;;;;;;;;;2;1;;;
06/02/2021;16:11:00;280;ac03 - Acidente com Danos Materiais;775;BR-262/MG;Oeste;Choque - Outros;1;;;;;;;;;;3;;;;
06/02/2021;17:13:00;300;ac03 - Acidente com Danos Materiais;381;BR-262/MG;Leste;Choque- Placa/Suporte Sinalização;1;;;;;;;;;;1;;;;
06/02/2021;18:56:00;348;ac02 - Acidente com Vítima;96;BR-060/GO;Sul;Colisão Traseira;1;;;1;;;;;;;1;1;;;
06/02/2021;19:00:00;349;ac02 - Acidente com Vítima;377;BR-262/MG;Leste;Queda de Moto;;;;1;;;;;;;0;;1;;
06/02/2021;20:16:00;377;ac03 - Acidente com Danos Materiais;816;BR-262/MG;Oeste;Atropelamento de Animal;1;;;;;;;;;;2;;;;
06/02/2021;20:32:00;383;ac03 - Acidente com Danos Materiais;513;BR-153/GO;Sul;Colisão Traseira;;;1;;;1;;;;;2;;;;
06/02/2021;21:11:00;395;ac02 - Acidente com Vítima;552,2;BR-153/GO;Sul;Queda de Moto;;;;1;;;;;;;0;;1;;
06/02/2021;22:18:00;410;ac03 - Acidente com Danos Materiais;367;BR-262/MG;Oeste;Saida de Pista;1;;;;;;;;;;1;;;;
06/02/2021;23:38:00;426;ac02 - Acidente com Vítima;32;BR-153/MG;Sul;Capotamento;1;;;;;;;;;;0;1;;;
07/02/2021;03:02:00;32;ac03 - Acidente com Danos Materiais;516,547;BR-153/GO;Norte;Capotamento;1;;;;;;;;;;2;;;;
07/02/2021;05:18:00;47;ac03 - Acidente com Danos Materiais;802;BR-262/MG;Oeste;Saida de Pista;1;;;;;;;;;;1;;;;
07/02/2021;06:12:00;58;ac03 - Acidente com Danos Materiais;517,95;BR-153/GO;Norte;Atropelamento de Animal;1;;;;;1;;;;;3;;;;
07/02/2021;06:44:00;65;ac03 - Acidente com Danos Materiais;878;BR-262/MG;Leste;;1;;;;;;;;;;1;;;;
07/02/2021;08:00:00;86;ac03 - Acidente com Danos Materiais;27;BR-153/MG;Sul;;;;1;;;;;;;;1;;;;
07/02/2021;08:29:00;95;ac03 - Acidente com Danos Materiais;219;BR-153/MG;Sul;Colisão Lateral;1;;1;;;;;;;;4;;;;
07/02/2021;09:43:00;125;ac03 - Acidente com Danos Materiais;125,4;BR-060/GO;Norte;Saida de Pista;1;;;;;;;;;;1;;;;
07/02/2021;09:55:00;129;ac03 - Acidente com Danos Materiais;381;BR-262/MG;Leste;Saida de Pista;1;;;;;;;;;;1;;;;
07/02/2021;11:16:00;162;ac03 - Acidente com Danos Materiais;387;BR-262/MG;Oeste;Saida de Pista;1;;;;;;;;;;1;;;;
07/02/2021;12:30:00;185;ac03 - Acidente com Danos Materiais;97;BR-060/GO;Norte;Saida de Pista;1;;;;;;;;;;1;;;;