data;horario;n_da_ocorrencia;tipo_de_ocorrencia;km;trecho;sentido;tipo_de_acidente;automovel;bicicleta;caminhao;moto;onibus;outros;tracao_animal;transporte_de_cargas_especiais;trator_maquinas;utilitarios;ilesos;levemente_feridos;moderadamente_feridos;gravemente_feridos;mortos
18/02/2021;15:32:00;365;ac02 - Acidente com Vítima;19;BR-060/GO;Norte;Capotamento;1;;;;;;;;;;1;;1;;
18/02/2021;15:33:00;366;ac03 - Acidente com Danos Materiais;589;BR-262/MG;Leste;Colisão Lateral;1;;1;;;;;;;;2;;;;
18/02/2021;15:44:00;374;ac03 - Acidente com Danos Materiais;385;BR-262/MG;Oeste;Saida de Pista;1;;;;;;;;;;1;;;;
18/02/2021;16:18:00;389;ac03 - Acidente com Danos Materiais;698,5;BR-262/MG;Leste;Saida de Pista;;;;;;;;;;1;1;;;;
18/02/2021;20:07:00;493;ac03 - Acidente com Danos Materiais;700;BR-153/GO;Sul;Saida de Pista;1;;;;;;;;;;1;;;;
18/02/2021;20:38:00;505;ac02 - Acidente com Vítima;507,035;BR-153/GO;Norte;Capotamento;;;;;;1;;;;1;1;;1;;
19/02/2021;05:09:00;82;ac02 - Acidente com Vítima;140;BR-153/MG;Sul;Colisão Lateral;;;2;;;;;;;;2;1;;;
19/02/2021;05:59:00;88;ac03 - Acidente com Danos Materiais;385;BR-262/MG;Oeste;Capotamento;1;;;;;;;;;;1;;;;
19/02/2021;07:27:00;118;ac03 - Acidente com Danos Materiais;720;BR-262/MG;Oeste;Capotamento;1;;;;;;;;;;1;;;;
19/02/2021;08:41:00;155;ac03 - Acidente com Danos Materiais;358;BR-262/MG;Leste;Saida de Pista;1;;;;;;;;;;1;;;;
19/02/2021;10:01:00;201;ac03 - Acidente com Danos Materiais;97,404;BR-060/GO;Norte;Colisão Traseira;1;;1;;;;;;;;3;;;;
19/02/2021;10:20:00;213;ac03 - Acidente com Danos Materiais;34;BR-060/GO;Sul;Capotamento;1;;;;;;;;;;2;;;;
19/02/2021;15:15:00;358;ac03 - Acidente com Danos Materiais;575;BR-262/MG;Leste;Engavetamento;1;;3;;;;;;;;4;;;;
19/02/2021;15:58:00;388;ac03 - Acidente com Danos Materiais;496;BR-153/GO;Norte;Colisão Traseira;2;;1;;;;;;;;4;;;;
19/02/2021;16:12:00;398;ac03 - Acidente com Danos Materiais;22;BR-060/DF;Norte;Capotamento;1;;;;;;;;;;1;;;;
19/02/2021;16:21:00;404;ac03 - Acidente com Danos Materiais;18;BR-060/DF;Norte;Choque - Elemento de Drenagem;;;;;;;;;;1;3;;;;
19/02/2021;16:46:00;425;ac02 - Acidente com Vítima;512;BR-153/GO;Sul;Colisão Lateral;1;;;2;;;;;;;2;2;;;
19/02/2021;16:53:00;428;ac03 - Acidente com Danos Materiais;594;BR-262/MG;Leste;Capotamento;1;;;;;;;;;;1;;;;
19/02/2021;17:24:00;441;ac03 - Acidente com Danos Materiais;499;BR-153/GO;Norte;Engavetamento;3;;;;;;;;;;4;;;;
19/02/2021;19:33:00;508;ac02 - Acidente com Vítima;878;BR-262/MG;Leste;Colisão Frontal;1;;;1;;;;;;;2;1;;;
19/02/2021;19:56:00;521;ac03 - Acidente com Danos Materiais;626;BR-153/GO;Sul;Atropelamento de Animal;;;1;;;;;;;;1;;;;
19/02/2021;20:35:00;538;ac03 - Acidente com Danos Materiais;566;BR-153/GO;Norte;Colisão Traseira;;;2;;;3;;;;;5;;;;
19/02/2021;20:47:00;547;ac03 - Acidente com Danos Materiais;745,8;BR-262/MG;Leste;Colisão Traseira;;;1;;;;;;;1;2;;;;
20/02/2021;07:06:00;93;ac03 - Acidente com Danos Materiais;385,2;BR-262/MG;Oeste;Choque - Barreira;1;;;;;;;;;;1;;;;
20/02/2021;07:22:00;103;ac03 - Acidente com Danos Materiais;126,461;BR-060/GO;Sul;Engavetamento;2;;2;1;;;;;;;5;;;;
20/02/2021;07:56:00;112;ac03 - Acidente com Danos Materiais;127,2;BR-060/GO;Sul;Queda de Moto;;;;1;;;;;;;1;;;;
20/02/2021;08:30:00;136;ac03 - Acidente com Danos Materiais;505,382;BR-153/GO;Norte;Colisão Traseira;;;2;1;;;;;;;3;;;;
20/02/2021;08:45:00;148;ac02 - Acidente com Vítima;496;BR-153/GO;Sul;Queda de Moto;;;;1;;;;;;;1;1;;;
20/02/2021;09:46:00;223;ac03 - Acidente com Danos Materiais;388,15;BR-262/MG;Oeste;Colisão Traseira;1;;1;;;;;;;;4;;;;
20/02/2021;10:17:00;257;ac03 - Acidente com Danos Materiais;546,3;BR-262/MG;Leste;Saida de Pista;1;;;;;;;;;;1;;;;
20/02/2021;10:46:00;278;ac03 - Acidente com Danos Materiais;126,534;BR-060/GO;Sul;Colisão Traseira;1;;1;;;;;;;;3;;;;
20/02/2021;16:11:00;441;ac02 - Acidente com Vítima;385;BR-262/MG;Oeste;Choque - Talude;1;;;;;;;;;;1;;1;;
20/02/2021;16:11:00;456;ac02 - Acidente com Vítima;385,5;BR-262/MG;Oeste;Capotamento;;;;;;;;;;1;1;2;;;
20/02/2021;17:34:00;480;ac03 - Acidente com Danos Materiais;43,108;BR-060/GO;Sul;Colisão Lateral;1;;1;;;;;;;;2;;;;
20/02/2021;20:20:00;533;ac03 - Acidente com Danos Materiais;409;BR-262/MG;Leste;Saida de Pista;1;;;;;;;;;;1;;;;
20/02/2021;21:27:00;559;ac03 - Acidente com Danos Materiais;115,3;BR-060/GO;Sul;Colisão Traseira;1;;;;;1;;;;;3;;;;
20/02/2021;23:31:00;596;ac02 - Acidente com Vítima;539,4;BR-153/GO;Sul;Colisão Traseira;1;;1;;;;;;;;1;1;;;
21/02/2021;08:38:00;119;ac03 - Acidente com Danos Materiais;380,05;BR-262/MG;Leste;Choque - Elemento de Drenagem;1;;;;;;;;;;1;;;;
21/02/2021;08:54:00;132;ac03 - Acidente com Danos Materiais;380,15;BR-262/MG;Oeste;Queda de Moto;;;;1;;;;;;;1;;;;
21/02/2021;09:53:00;152;ac03 - Acidente com Danos Materiais;123,5;BR-060/GO;Norte;Saida de Pista;1;;;;;;;;;;5;;;;
21/02/2021;09:57:00;153;ac02 - Acidente com Vítima;2,92;BR-060/GO;Sul;Capotamento;1;;;;;;;;;;1;;1;;
21/02/2021;10:45:00;166;ac02 - Acidente com Vítima;27,593;BR-060/DF;Sul;Capotamento;1;;;;;;;;;;2;;1;;
21/02/2021;11:42:00;184;ac03 - Acidente com Danos Materiais;380;BR-262/MG;Oeste;Tombamento;1;;;;;;;;;;1;;;;
21/02/2021;12:09:00;192;ac03 - Acidente com Danos Materiais;459,25;BR-262/MG;Leste;Colisão Traseira;2;;1;;;;;;;;3;;;;
21/02/2021;13:05:00;208;ac02 - Acidente com Vítima;586,1;BR-262/MG;Leste;Colisão Transversal;;;2;;;;;;;;0;1;1;;
21/02/2021;13:25:00;216;ac02 - Acidente com Vítima;83,106;BR-060/GO;Norte;Capotamento;1;;;;;;;;;;0;4;;;
21/02/2021;15:47:00;305;ac03 - Acidente com Danos Materiais;108,527;BR-060/GO;Sul;Saida de Pista;1;;;;;;;;;;1;;;;
21/02/2021;17:01:00;338;ac02 - Acidente com Vítima;621,255;BR-262/MG;Oeste;Capotamento;1;;;;;;;;;;0;2;;;
21/02/2021;18:27:00;364;ac03 - Acidente com Danos Materiais;626,111;BR-153/GO;Norte;Queda de Moto;;;;1;;;;;;;2;;;;
22/02/2021;01:35:00;11;ac03 - Acidente com Danos Materiais;479,5;BR-262/MG;Oeste;Saida de Pista;;;1;;;;;;;;1;;;;
22/02/2021;06:18:00;47;ac03 - Acidente com Danos Materiais;380;BR-262/MG;Oeste;Saida de Pista;1;;;;;;;;;;1;;;;
22/02/2021;07:32:00;71;ac03 - Acidente com Danos Materiais;3;BR-060/DF;Sul;Engavetamento;3;;1;;;;;;;;6;;;;
22/02/2021;08:07:00;90;ac02 - Acidente com Vítima;803,65;BR-262/MG;Leste;Capotamento;1;;;;;;;;;;2;1;;;
22/02/2021;08:17:00;102;ac02 - Acidente com Vítima;4;BR-060/DF;Norte;Queda de Moto;1;;;1;;;;;;;1;1;;;
22/02/2021;08:27:00;109;ac03 - Acidente com Danos Materiais;386;BR-262/MG;Leste;Capotamento;1;;;;;;;;;;1;;;;
22/02/2021;11:47:00;244;ac03 - Acidente com Danos Materiais;5;BR-060/DF;Sul;Colisão Traseira;2;;;;;;;;;;2;;;;
22/02/2021;12:54:00;275;ac03 - Acidente com Danos Materiais;73;BR-060/GO;Sul;Capotamento;;;1;;;;;;;;1;;;;
22/02/2021;16:34:00;374;ac03 - Acidente com Danos Materiais;367;BR-262/MG;Oeste;Colisão Traseira;2;;;;;;;;;;2;;;;
22/02/2021;18:25:00;425;ac03 - Acidente com Danos Materiais;130;BR-153/MG;Norte;Colisão Traseira;;;2;;;;;;;;2;;;;
22/02/2021;20:03:00;485;ac03 - Acidente com Danos Materiais;893;BR-262/MG;Oeste;Colisão Traseira;1;;1;;;;;;;;2;;;;
23/02/2021;05:35:00;70;ac03 - Acidente com Danos Materiais;630;BR-262/MG;Leste;Atropelamento de Animal;1;;;;;;;;;;1;;;;
23/02/2021;06:26:00;85;ac03 - Acidente com Danos Materiais;27;BR-060/DF;Sul;Choque - Outros;;;1;;;;;;;;1;;;;
23/02/2021;07:48:00;132;ac03 - Acidente com Danos Materiais;502;BR-153/GO;Norte;Choque - Barreira;1;;1;;;;;;;;2;;;;
23/02/2021;08:54:00;186;ac03 - Acidente com Danos Materiais;467,5;BR-262/MG;Leste;Choque - Outros;;;2;;;;;;;;2;;;;
23/02/2021;10:20:00;265;ac02 - Acidente com Vítima;621;BR-153/GO;Norte;Capotamento;1;;1;;;1;;;;;2;1;;;
23/02/2021;12:09:00;343;ac03 - Acidente com Danos Materiais;628;BR-153/GO;Norte;Colisão Lateral;;;2;;;2;;;;;4;;;;
23/02/2021;13:48:00;385;ac02 - Acidente com Vítima;17;BR-060/GO;Norte;Capotamento;1;;;;;;;;;;0;1;;;
23/02/2021;17:02:00;497;ac03 - Acidente com Danos Materiais;441,65;BR-262/MG;Leste;Colisão Traseira;2;;;;;;;;;;2;;;;
23/02/2021;17:26:00;514;ac03 - Acidente com Danos Materiais;369;BR-262/MG;Leste;Saida de Pista;1;;;;;;;;;;1;;;;
23/02/2021;19:03:00;565;ac03 - Acidente com Danos Materiais;500,8;BR-153/GO;Sul;Colisão Traseira;2;;;;;;;;;;2;;;;
23/02/2021;19:42:00;587;ac03 - Acidente com Danos Materiais;501;BR-153/GO;Sul;Colisão Lateral;1;;1;;;;;;;;2;;;;
24/02/2021;05:45:00;78;ac03 - Acidente com Danos Materiais;542,2;BR-153/GO;Norte;Colisão Traseira;;;1;;;1;;;;;2;;;;
24/02/2021;09:55:00;222;ac02 - Acidente com Vítima;492;BR-153/GO;Sul;Colisão Traseira;;;;1;;;;;;1;2;1;;;
24/02/2021;10:19:00;245;ac03 - Acidente com Danos Materiais;598;BR-153/GO;Sul;Capotamento;;;1;;;;;;;;1;;;;
24/02/2021;14:54:00;390;ac03 - Acidente com Danos Materiais;469,5;BR-262/MG;Leste;Engavetamento;2;;1;;;;;;;;3;;;;
24/02/2021;15:47:00;417;ac02 - Acidente com Vítima;580,2;BR-153/GO;Sul;Saida de Pista;1;;;;;;;;;;1;3;;;
24/02/2021;17:21:00;458;ac03 - Acidente com Danos Materiais;493;BR-153/GO;Sul;Engavetamento;3;;1;;;;;;;;4;;;;
24/02/2021;17:42:00;471;ac03 - Acidente com Danos Materiais;406,7;BR-262/MG;Oeste;Choque - Talude;;;1;;;;;;;;1;;;;
24/02/2021;23:28:00;578;ac03 - Acidente com Danos Materiais;356,3;BR-262/MG;Leste;Colisão Lateral;1;;;;;;;;;1;3;;;;
25/02/2021;01:05:00;20;ac03 - Acidente com Danos Materiais;561,457;BR-262/MG;Leste;Saida de Pista;;;1;;;;;;;;2;;;;
25/02/2021;06:32:00;57;ac02 - Acidente com Vítima;416,15;BR-262/MG;Leste;Colisão Transversal;;;1;1;;;;;;;1;;;1;
25/02/2021;06:33:00;58;ac03 - Acidente com Danos Materiais;15,243;BR-153/MG;Sul;Tombamento;;;1;;;;;;;;1;;;;
25/02/2021;07:43:00;81;ac02 - Acidente com Vítima;507;BR-153/GO;Norte;Colisão Lateral;1;;;1;;;;;;;1;1;;;
25/02/2021;09:50:00;141;ac03 - Acidente com Danos Materiais;500;BR-153/GO;Norte;Colisão Traseira;2;;;;;1;;;;;3;;;;
25/02/2021;11:47:00;217;ac03 - Acidente com Danos Materiais;424,9;BR-262/MG;Oeste;Choque - Elemento de Drenagem;;;1;;;2;;;;;3;;;;
25/02/2021;12:46:00;232;ac03 - Acidente com Danos Materiais;466;BR-262/MG;Leste;Choque - Talude;;;;;;;;;;1;1;;;;
25/02/2021;14:07:00;263;ac02 - Acidente com Vítima;637,5;BR-262/MG;Oeste;Capotamento;;;1;;;;;;;;0;;1;;
25/02/2021;15:00:00;283;ac03 - Acidente com Danos Materiais;17;BR-153/MG;Norte;Colisão Lateral;;;1;;;1;;;;;2;;;;
25/02/2021;16:23:00;315;ac02 - Acidente com Vítima;420,646;BR-262/MG;Leste;Queda de Moto;;;;1;;;;;;;0;2;;;
25/02/2021;17:46:00;350;ac03 - Acidente com Danos Materiais;130;BR-060/GO;Sul;Choque - Defensa;1;;;;;;;;;;2;;;;
25/02/2021;17:56:00;356;ac02 - Acidente com Vítima;14;BR-153/MG;Sul;Colisão Traseira;1;;;;;;;;;1;1;3;1;;
25/02/2021;18:56:00;378;ac03 - Acidente com Danos Materiais;107;BR-060/GO;Sul;Choque - Barreira;;;1;;;;;;;;1;;;;
26/02/2021;02:40:00;26;ac03 - Acidente com Danos Materiais;491;BR-153/GO;Norte;Choque - Defensa;1;;;;;;;;;;1;;;;
26/02/2021;05:57:00;47;ac02 - Acidente com Vítima;15;BR-060/GO;Sul;Colisão Lateral;;;1;1;;;;;;;1;1;;;
26/02/2021;06:52:00;60;ac03 - Acidente com Danos Materiais;703;BR-153/GO;Sul;Choque - Barreira;;;1;;;;;;;;2;;;;
26/02/2021;07:14:00;76;ac03 - Acidente com Danos Materiais;568;BR-153/GO;Sul;Capotamento;1;;;;;;;;;;2;;;;
26/02/2021;09:29:00;153;ac03 - Acidente com Danos Materiais;614;BR-153/GO;Sul;Tombamento;;;1;;;;;;;;1;;;;
26/02/2021;10:42:00;195;ac03 - Acidente com Danos Materiais;504,1;BR-153/GO;Sul;Colisão Lateral;1;;1;;;;;;;;2;;;;
26/02/2021;10:49:00;202;ac03 - Acidente com Danos Materiais;517;BR-153/GO;Sul;Saida de Pista;1;;;;;;;;;;1;;;;
26/02/2021;11:15:00;219;ac02 - Acidente com Vítima;372;BR-262/MG;Leste;Colisão Lateral;;;1;1;;;;;;;1;1;;;
26/02/2021;11:33:00;229;ac03 - Acidente com Danos Materiais;518;BR-153/GO;Norte;Colisão Traseira;2;;;;;;;;;;2;;;;
26/02/2021;11:48:00;235;ac02 - Acidente com Vítima;505,2;BR-262/MG;Oeste;Colisão Traseira;;;1;;1;;;;;;6;1;;;
26/02/2021;12:45:00;255;ac03 - Acidente com Danos Materiais;138;BR-060/GO;Norte;Colisão Traseira;1;;1;;;;;;;;2;;;;
26/02/2021;12:56:00;260;ac02 - Acidente com Vítima;2;BR-060/GO;Norte;Saida de Pista;1;;;;;;;;;;0;1;;;
26/02/2021;14:57:00;315;ac03 - Acidente com Danos Materiais;381;BR-262/MG;Leste;Capotamento;1;;;;;;;;;;1;;;;
26/02/2021;15:05:00;318;ac03 - Acidente com Danos Materiais;381;BR-262/MG;Leste;Choque - Talude;1;;;;;;;;;;1;;;;
26/02/2021;15:06:00;319;ac03 - Acidente com Danos Materiais;379;BR-262/MG;Oeste;Capotamento;1;;;;;;;;;;1;;;;
26/02/2021;15:26:00;328;ac03 - Acidente com Danos Materiais;568;BR-153/GO;Norte;Engavetamento;;;1;;;;;;;2;4;;;;
26/02/2021;16:12:00;345;ac03 - Acidente com Danos Materiais;401;BR-262/MG;Oeste;Saida de Pista;1;;;;;;;;;;1;;;;
26/02/2021;17:09:00;384;ac03 - Acidente com Danos Materiais;47;BR-060/GO;Sul;Atropelamento de Animal;1;;;;;;;;;;1;;;;
26/02/2021;17:16:00;387;ac02 - Acidente com Vítima;509,5;BR-153/GO;Norte;Queda de Moto;;;;1;;;;;;;0;;1;;
26/02/2021;18:21:00;416;ac03 - Acidente com Danos Materiais;455;BR-262/MG;Oeste;Saida de Pista;;;;;;;;;;1;1;;;;
27/02/2021;01:03:00;22;ac03 - Acidente com Danos Materiais;587;BR-262/MG;Oeste;Saida de Pista;;;1;;;;;;;;1;;;;
27/02/2021;04:14:00;48;ac03 - Acidente com Danos Materiais;629,135;BR-153/GO;Sul;Tombamento;;;1;;;;;;;;1;;;;
27/02/2021;04:44:00;50;ac03 - Acidente com Danos Materiais;429;BR-262/MG;Oeste;Saida de Pista;1;;;;;;;;;;3;;;;
27/02/2021;05:55:00;69;ac03 - Acidente com Danos Materiais;45;BR-153/MG;Norte;Saida de Pista;;;1;;;;;;;;4;;;;
27/02/2021;06:27:00;82;ac03 - Acidente com Danos Materiais;555;BR-262/MG;Leste;Saida de Pista;;;1;;;;;;;;2;;;;
27/02/2021;07:36:00;121;ac03 - Acidente com Danos Materiais;381;BR-262/MG;Leste;Saida de Pista;;;1;;;;;;;;2;;;;
27/02/2021;11:58:00;293;ac03 - Acidente com Danos Materiais;128,2;BR-153/MG;Sul;Choque - Outros;;;1;;;;;;;;1;;;;
27/02/2021;12:35:00;305;ac03 - Acidente com Danos Materiais;576;BR-262/MG;Leste;Saida de Pista;;;1;;;;;;;;1;;;;
27/02/2021;13:37:00;335;ac03 - Acidente com Danos Materiais;491,393;BR-153/GO;Norte;Choque - Defensa;1;;;;;;;;;;2;;;;
27/02/2021;14:38:00;357;ac03 - Acidente com Danos Materiais;587;BR-262/MG;Leste;Saida de Pista;;;1;;;;;;;;1;;;;
27/02/2021;14:52:00;363;ac03 - Acidente com Danos Materiais;123,575;BR-060/GO;Norte;Choque- Placa/Suporte Sinalização;1;;;;;;;;;;3;;;;
27/02/2021;16:15:00;396;ac02 - Acidente com Vítima;595,15;BR-262/MG;Leste;Colisão Traseira;;;2;;;;;;;;1;;;1;
27/02/2021;16:19:00;399;ac03 - Acidente com Danos Materiais;594,35;BR-262/MG;Leste;Tombamento;;;1;;;;;;;;1;;;;
27/02/2021;16:22:00;402;ac02 - Acidente com Vítima;906;BR-262/MG;Leste;Saida de Pista;1;;;;;;;;;;0;1;;1;
27/02/2021;17:21:00;432;ac03 - Acidente com Danos Materiais;697;BR-153/GO;Sul;Saida de Pista;1;;;;;;;;;1;2;;;;
27/02/2021;18:16:00;453;ac03 - Acidente com Danos Materiais;94,6;BR-060/GO;Norte;Colisão Lateral;1;;;;;1;;;;;2;;;;
27/02/2021;18:47:00;469;ac03 - Acidente com Danos Materiais;172;BR-153/MG;Norte;Saida de Pista;;;1;;;2;;;;;3;;;;
27/02/2021;20:13:00;496;ac03 - Acidente com Danos Materiais;20;BR-153/MG;Norte;Colisão Frontal;1;;;;;;;;1;;4;;;;
27/02/2021;22:21:00;541;ac02 - Acidente com Vítima;563,6;BR-153/GO;Sul;Saida de Pista;1;;;;;;;;;;0;1;;;
28/02/2021;00:48:00;15;ac03 - Acidente com Danos Materiais;594,35;BR-262/MG;Leste;Choque - Veiculo parado no acostamento;1;;1;;;;;;;;2;;;;
28/02/2021;04:23:00;49;ac03 - Acidente com Danos Materiais;21,34;BR-060/DF;Sul;Saida de Pista;1;;;;;;;;;;2;;;;
28/02/2021;07:47:00;89;ac02 - Acidente com Vítima;385;BR-262/MG;Oeste;Capotamento;1;;;;;;;;;;0;2;2;;
28/02/2021;09:59:00;139;ac03 - Acidente com Danos Materiais;803;BR-262/MG;Oeste;Choque - Defensa;;;1;;;;;;;;1;;;;
28/02/2021;10:52:00;161;ac03 - Acidente com Danos Materiais;386;BR-262/MG;Leste;Queda de Moto;;;;1;;;;;;;2;;;;
28/02/2021;13:57:00;261;ac02 - Acidente com Vítima;118;BR-060/GO;Sul;Colisão Lateral;1;;;1;;;;;;;1;2;;;
28/02/2021;14:00:00;262;ac02 - Acidente com Vítima;702;BR-153/GO;Sul;Choque - Barreira;1;;;;;;;;;;1;1;;;
28/02/2021;14:34:00;269;ac03 - Acidente com Danos Materiais;633,8;BR-262/MG;Leste;Colisão Traseira;1;;1;;;;;;;;2;;;;
28/02/2021;15:10:00;281;ac03 - Acidente com Danos Materiais;51,833;BR-153/MG;Norte;Colisão Lateral;;;2;;;;;;;;2;;;;
28/02/2021;17:13:00;327;ac01 - Acidente com Vítima Fatal;702,447;BR-153/GO;Sul;Colisão Frontal;;;1;;;;;;;1;1;;;;1
28/02/2021;20:08:00;385;ac01 - Acidente com Vítima Fatal;800,5;BR-262/MG;Leste;Colisão Frontal;1;;;1;;;;;;;1;1;;;1
28/02/2021;20:15:00;388;ac03 - Acidente com Danos Materiais;514,232;BR-153/GO;Norte;Colisão Transversal;1;;;;;1;;;;;5;;;;
28/02/2021;21:27:00;402;ac03 - Acidente com Danos Materiais;498,72;BR-153/GO;Sul;Colisão Lateral;1;;;;;;;;;1;8;;;;
28/02/2021;22:27:00;420;ac02 - Acidente com Vítima;112;BR-060/GO;Sul;Colisão Traseira;;;1;;1;;;;;;3;;1;;
01/03/2021;03:37:00;43;ac03 - Acidente com Danos Materiais;8,954;BR-153/MG;Sul;Tombamento;;;1;;;;;;;;1;;;;
01/03/2021;07:19:00;98;ac02 - Acidente com Vítima;427,15;BR-262/MG;Leste;Colisão Traseira;1;1;;;;;;;;;1;;1;;
01/03/2021;10:13:00;204;ac03 - Acidente com Danos Materiais;435;BR-262/MG;Oeste;Tombamento;;;1;;;;;;;;2;;;;
01/03/2021;11:02:00;229;ac02 - Acidente com Vítima;501,5;BR-153/GO;Norte;Queda de Moto;;;;1;;;;;;;1;1;;;
01/03/2021;12:58:00;316;ac02 - Acidente com Vítima;512;BR-153/GO;Norte;Colisão Traseira;1;;;1;;;;;;;1;1;;;
01/03/2021;16:08:00;388;ac03 - Acidente com Danos Materiais;1;BR-060/DF;Sul;Colisão Lateral;;;1;;;;;;;1;3;;;;
01/03/2021;21:27:00;500;ac02 - Acidente com Vítima;516;BR-153/GO;Norte;Queda de Moto;;;;1;;;;;;;0;1;;;
01/03/2021;21:56:00;505;ac03 - Acidente com Danos Materiais;113,796;BR-060/GO;Sul;Saida de Pista;1;;;;;;;;;;1;;;;
02/03/2021;04:02:00;41;ac03 - Acidente com Danos Materiais;410,79;BR-262/MG;Leste;Atropelamento de Animal;;;1;;;;;;;;2;;;;
02/03/2021;04:20:00;43;ac03 - Acidente com Danos Materiais;66;BR-060/GO;Norte;Saida de Pista;1;;;;;;;;;;1;;;;
02/03/2021;07:12:00;64;ac02 - Acidente com Vítima;72;BR-060/GO;Norte;Saida de Pista;1;;;;;;;;;;0;1;;;
02/03/2021;07:32:00;69;ac03 - Acidente com Danos Materiais;101;BR-060/GO;Sul;Saida de Pista;1;;;;;;;;;;1;;;;
02/03/2021;09:12:00;124;ac03 - Acidente com Danos Materiais;587;BR-262/MG;Leste;Colisão Traseira;1;;1;;;;;;;;2;;;;
02/03/2021;09:27:00;130;ac02 - Acidente com Vítima;369,217;BR-262/MG;Leste;Tombamento;;;1;;;;;;;;0;1;;;
02/03/2021;10:27:00;157;ac02 - Acidente com Vítima;118;BR-060/GO;Norte;Colisão Lateral;1;;1;;;;;;;;1;;1;;
02/03/2021;11:05:00;182;ac02 - Acidente com Vítima;589,475;BR-153/GO;Norte;Saida de Pista;;;1;;;;;;;;3;3;;;
02/03/2021;12:55:00;224;ac03 - Acidente com Danos Materiais;509;BR-153/GO;Sul;Saida de Pista;1;;;;;;;;;;1;;;;
02/03/2021;13:37:00;240;ac03 - Acidente com Danos Materiais;587;BR-153/GO;Sul;Saida de Pista;1;;;;;;;;;;1;;;;
02/03/2021;18:48:00;356;ac03 - Acidente com Danos Materiais;629;BR-153/GO;Norte;Choque - Elemento de Drenagem;1;;;;;;;;;;4;;;;
03/03/2021;03:41:00;51;ac01 - Acidente com Vítima Fatal;505;BR-153/GO;Norte;Colisão Traseira;;;;1;;1;;;;;2;;;;1
03/03/2021;07:27:00;98;ac02 - Acidente com Vítima;506;BR-153/GO;Norte;Queda de Moto;1;;;1;;;;;;;1;1;;;
03/03/2021;08:04:00;124;ac03 - Acidente com Danos Materiais;627;BR-153/GO;Norte;Tombamento;;;1;;;;;;;;2;;;;
03/03/2021;09:00:00;160;ac03 - Acidente com Danos Materiais;4;BR-060/DF;Sul;Colisão Lateral;1;;1;;;;;;;;2;;;;
03/03/2021;11:43:00;239;ac03 - Acidente com Danos Materiais;687;BR-262/MG;Leste;Colisão Traseira;1;;1;;;;;;;;2;;;;
03/03/2021;11:49:00;242;ac03 - Acidente com Danos Materiais;97;BR-060/GO;Norte;Colisão Traseira;2;;;;;;;;;;2;;;;
03/03/2021;12:50:00;262;ac03 - Acidente com Danos Materiais;60;BR-060/GO;Norte;Colisão Lateral;2;;;;;;;;;;2;;;;
03/03/2021;12:54:00;265;ac02 - Acidente com Vítima;138;BR-060/GO;Sul;Colisão Traseira;1;;;1;;;;;;;1;;1;;
03/03/2021;16:02:00;337;ac03 - Acidente com Danos Materiais;231;BR-153/MG;Norte;Saida de Pista;1;;;;;;;;;;1;;;;
03/03/2021;16:23:00;349;ac03 - Acidente com Danos Materiais;666;BR-153/GO;Norte;Saida de Pista;1;;;;;;;;;;2;;;;
03/03/2021;18:05:00;411;ac02 - Acidente com Vítima;96;BR-060/GO;Norte;Colisão Lateral;1;;;1;;;;;;;1;;1;;
03/03/2021;18:25:00;426;ac03 - Acidente com Danos Materiais;109;BR-060/GO;Norte;Colisão Lateral;2;;;;;;;;;;2;;;;
03/03/2021;21:37:00;498;ac03 - Acidente com Danos Materiais;512;BR-153/GO;Norte;Choque - Defensa;1;;;;;1;;;;;2;;;;
03/03/2021;23:05:00;513;ac03 - Acidente com Danos Materiais;138;BR-060/GO;Norte;Atropelamento de Animal;;;1;;;;;;;;1;;;;
03/03/2021;23:26:00;519;ac03 - Acidente com Danos Materiais;99;BR-060/GO;Norte;Choque - Defensa;1;;;;;;;;;;1;;;;
04/03/2021;02:24:00;32;ac03 - Acidente com Danos Materiais;423;BR-262/MG;Leste;Atropelamento de Animal;1;;;;;;;;;;1;;;;