data;horario;n_da_ocorrencia;tipo_de_ocorrencia;km;trecho;sentido;tipo_de_acidente;automovel;bicicleta;caminhao;moto;onibus;outros;tracao_animal;transporte_de_cargas_especiais;trator_maquinas;utilitarios;ilesos;levemente_feridos;moderadamente_feridos;gravemente_feridos;mortos
11/06/2021;06:25:00;59;ac03 - Acidente com Danos Materiais;99,875;BR-060/GO;Sul;Saida de Pista;1;;;;;;;;;;1;;;;
11/06/2021;07:28:00;79;ac02 - Acidente com Vítima;612;BR-153/GO;Sul;Capotamento;1;;;;;;;;;;0;1;;;
11/06/2021;08:53:00;120;ac03 - Acidente com Danos Materiais;21;BR-153/MG;Sul;Saida de Pista;1;;;;;;;;;;1;;;;
11/06/2021;11:25:00;232;ac03 - Acidente com Danos Materiais;597;BR-153/GO;Sul;Colisão Traseira;;;1;;;;;;;;1;;;;
11/06/2021;14:31:00;335;ac03 - Acidente com Danos Materiais;603;BR-153/GO;Norte;Saida de Pista;;;1;;;;;;;;1;;;;
11/06/2021;14:59:00;350;ac03 - Acidente com Danos Materiais;385;BR-262/MG;Oeste;Saida de Pista;1;;;;;;;;;;1;;;;
11/06/2021;17:46:00;454;ac02 - Acidente com Vítima;512;BR-153/GO;Norte;Colisão Traseira;1;;;1;;;;;;;1;1;;;
11/06/2021;19:08:00;491;ac02 - Acidente com Vítima;448;BR-262/MG;Oeste;Colisão Traseira;2;;;;;;;;;;1;1;;;
11/06/2021;19:21:00;499;ac02 - Acidente com Vítima;356;BR-262/MG;Oeste;Queda de Moto;;;;1;;;;;;;0;1;;;
11/06/2021;19:23:00;500;ac03 - Acidente com Danos Materiais;3;BR-060/DF;Sul;Colisão Traseira;1;;;;;1;;;;;5;;;;
11/06/2021;19:57:00;519;ac03 - Acidente com Danos Materiais;5;BR-060/DF;Sul;Engavetamento;3;;;;;1;;;;1;6;;;;
11/06/2021;19:59:00;523;ac02 - Acidente com Vítima;110;BR-153/MG;Norte;Capotamento;1;;;;;1;;;;;2;1;;;
11/06/2021;20:06:00;526;ac02 - Acidente com Vítima;547;BR-262/MG;Oeste;Saida de Pista;;;;;;1;;;;1;1;1;;;
11/06/2021;20:46:00;543;ac02 - Acidente com Vítima;547;BR-262/MG;Leste;Saida de Pista;1;;;;;;;;;;1;1;;;
11/06/2021;22:16:00;568;ac02 - Acidente com Vítima;492,5;BR-262/MG;Oeste;Atropelamento - Ciclista;;1;1;;;;;;;;1;;;1;
11/06/2021;22:23:00;572;ac02 - Acidente com Vítima;691;BR-262/MG;Oeste;Colisão Lateral;;;2;;;;;;;;1;1;;;
11/06/2021;22:42:00;580;ac03 - Acidente com Danos Materiais;802;BR-262/MG;Oeste;Atropelamento de Animal;1;;;;;;;;;;1;;;;
12/06/2021;00:45:00;24;ac02 - Acidente com Vítima;824;BR-262/MG;Oeste;Capotamento;1;;;;;;;;;;0;1;;;
12/06/2021;00:47:00;26;ac03 - Acidente com Danos Materiais;95;BR-060/GO;Norte;Choque- Placa/Suporte Sinalização;1;;;;;1;;;;;2;;;;
12/06/2021;01:56:00;35;ac03 - Acidente com Danos Materiais;378;BR-262/MG;Leste;Saida de Pista;1;;;;;;;;;;5;;;;
12/06/2021;05:42:00;66;ac02 - Acidente com Vítima;450;BR-262/MG;Oeste;Colisão Lateral;1;;1;1;;;;;;;3;;1;;
12/06/2021;06:07:00;70;ac03 - Acidente com Danos Materiais;820;BR-262/MG;Oeste;Saida de Pista;1;;;;;;;;;;2;;;;
12/06/2021;06:26:00;72;ac02 - Acidente com Vítima;655;BR-153/GO;Sul;Saida de Pista;1;;;;;;;;;;0;1;;;
12/06/2021;06:53:00;78;ac02 - Acidente com Vítima;515;BR-153/GO;Sul;Colisão Traseira;;;;2;;;;;;;0;2;;;
12/06/2021;08:08:00;104;ac03 - Acidente com Danos Materiais;519;BR-153/GO;Sul;Capotamento;1;;;;;;;;;;3;;;;
12/06/2021;08:58:00;129;ac02 - Acidente com Vítima;507;BR-153/GO;Norte;Colisão Traseira;1;;;1;;;;;;;2;1;;;
12/06/2021;10:00:00;163;ac03 - Acidente com Danos Materiais;418;BR-262/MG;Oeste;Colisão Traseira;;;2;;;;;;;;2;;;;
12/06/2021;10:59:00;191;ac03 - Acidente com Danos Materiais;76;BR-060/GO;Norte;Saida de Pista;1;;;;;;;;;;1;;;;
12/06/2021;15:19:00;283;ac02 - Acidente com Vítima;105;BR-060/GO;Sul;Capotamento;;;1;;;;;;;;1;1;;;
12/06/2021;18:42:00;356;ac03 - Acidente com Danos Materiais;575;BR-262/MG;Leste;Colisão Transversal;1;;1;;;;;;;;2;;;;
12/06/2021;19:30:00;382;ac03 - Acidente com Danos Materiais;877;BR-262/MG;Oeste;Colisão Traseira;2;;;;;;;;;;2;;;;
12/06/2021;19:31:00;384;ac02 - Acidente com Vítima;533;BR-153/GO;Norte;Choque - Veiculo parado no acostamento;;;;2;;;;;;;1;;;1;
12/06/2021;21:13:00;412;ac03 - Acidente com Danos Materiais;61;BR-153/MG;Sul;Capotamento;1;;;;;;;;;;1;;;;
12/06/2021;21:29:00;417;ac03 - Acidente com Danos Materiais;775;BR-262/MG;Oeste;Saida de Pista;1;;;;;;;;;;1;;;;
13/06/2021;03:56:00;52;ac03 - Acidente com Danos Materiais;506;BR-153/GO;Sul;Choque - Defensa;1;;;;;;;;;;1;;;;
13/06/2021;04:43:00;59;ac03 - Acidente com Danos Materiais;109;BR-060/GO;Norte;Saida de Pista;1;;;;;;;;;;1;;;;
13/06/2021;11:49:00;179;ac03 - Acidente com Danos Materiais;501;BR-153/GO;Norte;Saida de Pista;1;;;;;;;;;;1;;;;
13/06/2021;12:51:00;201;ac03 - Acidente com Danos Materiais;502;BR-153/GO;Norte;Colisão Traseira;1;;1;;;;;;;;3;;;;
13/06/2021;13:50:00;225;ac02 - Acidente com Vítima;863,5;BR-262/MG;Oeste;Colisão Lateral;;;1;1;;;;;;;2;;1;;
13/06/2021;18:44:00;353;ac02 - Acidente com Vítima;26;BR-060/DF;Sul;Saida de Pista;1;;;;;;;;;;0;1;;;
13/06/2021;19:03:00;362;ac02 - Acidente com Vítima;368;BR-262/MG;Oeste;Capotamento;1;;;;;;;;;;0;1;;;
13/06/2021;19:08:00;364;ac03 - Acidente com Danos Materiais;676;BR-153/GO;Sul;Saida de Pista;1;;;;;;;;;;1;;;;
13/06/2021;20:36:00;389;ac02 - Acidente com Vítima;368,5;BR-262/MG;Leste;Colisão Frontal;2;;;;;;;;;;1;1;1;1;
13/06/2021;21:47:00;412;ac03 - Acidente com Danos Materiais;134;BR-153/MG;Sul;Choque - Defensa;1;;;;;;;;;;1;;;;
13/06/2021;21:58:00;414;ac03 - Acidente com Danos Materiais;354;BR-262/MG;Oeste;Colisão Lateral;2;;;;;;;;;;2;;;;
13/06/2021;22:10:00;421;ac03 - Acidente com Danos Materiais;583;BR-153/GO;Norte;Atropelamento - Andarilho;;;;;;;;;;1;1;;;;
13/06/2021;23:45:00;440;ac03 - Acidente com Danos Materiais;28;BR-060/GO;Norte;Capotamento;;;;;;1;;;;1;2;;;;
14/06/2021;01:11:00;11;ac03 - Acidente com Danos Materiais;490,5;BR-262/MG;Oeste;Saida de Pista;1;;;;;;;;;;2;;;;
14/06/2021;06:42:00;71;ac03 - Acidente com Danos Materiais;450;BR-262/MG;Leste;Colisão Traseira;;;;1;;1;;;;;2;;;;
14/06/2021;07:20:00;81;ac03 - Acidente com Danos Materiais;5;BR-060/GO;Sul;Saida de Pista;1;;;;;;;;;;1;;;;
14/06/2021;07:55:00;92;ac02 - Acidente com Vítima;437;BR-262/MG;Oeste;Capotamento;2;;;;;;;;;;3;1;;;
14/06/2021;08:42:00;120;ac03 - Acidente com Danos Materiais;484,5;BR-262/MG;Leste;Colisão Traseira;;;;;;;;;;2;3;;;;
14/06/2021;08:50:00;125;ac02 - Acidente com Vítima;97;BR-060/GO;Sul;Colisão Traseira;;;;1;;;;;;1;1;1;;;
14/06/2021;10:17:00;172;ac02 - Acidente com Vítima;589;BR-262/MG;Oeste;Saida de Pista;1;;;;;;;;;;0;2;;;
14/06/2021;10:32:00;180;ac02 - Acidente com Vítima;134;BR-060/GO;Norte;Colisão Traseira;;;1;1;;;;;;;1;;1;;
14/06/2021;11:05:00;206;ac03 - Acidente com Danos Materiais;87;BR-060/GO;Norte;Capotamento;1;;;;;;;;;;1;;;;
14/06/2021;14:05:00;284;ac03 - Acidente com Danos Materiais;6;BR-060/GO;Sul;Saida de Pista;;;1;;;;;;;;1;;;;
14/06/2021;15:53:00;349;ac03 - Acidente com Danos Materiais;111;BR-060/GO;Norte;Tombamento;;;1;;;;;;;;2;;;;
14/06/2021;15:58:00;353;ac03 - Acidente com Danos Materiais;507;BR-153/GO;Norte;Colisão Traseira;;;;;;;;;;2;2;;;;
14/06/2021;16:03:00;357;ac03 - Acidente com Danos Materiais;82,2;BR-060/GO;Sul;Saida de Pista;1;;;;;;;;;;1;;;;
14/06/2021;16:32:00;373;ac03 - Acidente com Danos Materiais;499;BR-153/GO;Norte;Engavetamento;1;;3;;;;;;;;4;;;;
14/06/2021;17:10:00;404;ac03 - Acidente com Danos Materiais;507;BR-153/GO;Sul;Choque - Defensa;;;1;;;;;;;;1;;;;
14/06/2021;18:15:00;444;ac03 - Acidente com Danos Materiais;7,8;BR-060/GO;Sul;Capotamento;;;;;;;;;;1;2;;;;
14/06/2021;18:59:00;464;ac03 - Acidente com Danos Materiais;666,5;BR-262/MG;Leste;Tombamento;;;1;;;1;;;;;2;;;;
14/06/2021;21:15:00;514;ac03 - Acidente com Danos Materiais;554,9;BR-262/MG;Oeste;Saida de Pista;;;1;;;;;;;;1;;;;
15/06/2021;05:37:00;177;ac02 - Acidente com Vítima;97;BR-060/GO;Sul;Queda de Moto;;;;1;;;;;;;0;1;;;
15/06/2021;06:23:00;185;ac03 - Acidente com Danos Materiais;639;BR-153/GO;Norte;Saida de Pista;1;;;;;;;;;;1;;;;
15/06/2021;08:58:00;284;ac03 - Acidente com Danos Materiais;521;BR-153/GO;Sul;Tombamento;;;1;;;;;;;;1;;;;
15/06/2021;10:47:00;370;ac03 - Acidente com Danos Materiais;815;BR-262/MG;Oeste;Saida de Pista;;;1;;;;;;;1;6;;;;
15/06/2021;17:04:00;588;ac03 - Acidente com Danos Materiais;758;BR-262/MG;Oeste;Colisão Lateral;2;;;;;;;;;;3;;;;
15/06/2021;17:29:00;601;ac03 - Acidente com Danos Materiais;650;BR-262/MG;Leste;Objeto lançado contra veículo;;;1;;;;;;;1;2;;;;
15/06/2021;18:22:00;627;ac03 - Acidente com Danos Materiais;412;BR-262/MG;Leste;Saida de Pista;1;;;;;;;;;;1;;;;
15/06/2021;18:47:00;643;ac03 - Acidente com Danos Materiais;694;BR-153/GO;Sul;Atropelamento de Animal;;;1;;;;;;;;1;;;;
15/06/2021;18:56:00;648;ac01 - Acidente com Vítima Fatal;96,5;BR-060/GO;Norte;Colisão Transversal;1;1;;1;;;;;;;2;1;;;1
15/06/2021;19:15:00;659;ac02 - Acidente com Vítima;811;BR-262/MG;Oeste;Colisão Frontal;;2;;;;;;;;;1;1;;;
15/06/2021;23:55:00;752;ac03 - Acidente com Danos Materiais;637;BR-153/GO;Sul;Saida de Pista;1;;;;;;;;;;2;;;;
16/06/2021;07:31:00;89;ac02 - Acidente com Vítima;400;BR-262/MG;Oeste;Colisão Lateral;1;;;1;;;;;;;1;1;;;
16/06/2021;10:27:00;188;ac03 - Acidente com Danos Materiais;652;BR-262/MG;Leste;Engavetamento;;;5;;;;;;;;5;;;;
16/06/2021;11:10:00;211;ac03 - Acidente com Danos Materiais;748;BR-262/MG;Leste;Colisão Traseira;;;2;;;;;;;;2;;;;
16/06/2021;11:54:00;230;ac02 - Acidente com Vítima;663;BR-153/GO;Norte;Capotamento;1;;;;;;;;;;0;1;;;
16/06/2021;12:14:00;238;ac03 - Acidente com Danos Materiais;593;BR-153/GO;Sul;Saida de Pista;;;;;;;;;;1;2;;;;
16/06/2021;15:01:00;313;ac02 - Acidente com Vítima;575;BR-262/MG;Leste;Colisão Lateral;;;2;;;;;;;;2;;;1;
17/06/2021;00:59:00;9;ac01 - Acidente com Vítima Fatal;238,6;BR-153/MG;Norte;Atropelamento - Sem Informação;1;;;;;;;;;;1;;;;1
17/06/2021;08:48:00;112;ac02 - Acidente com Vítima;28,4;BR-060/GO;Sul;Capotamento;1;;;;;;;;;;0;1;;;
17/06/2021;12:30:00;204;ac02 - Acidente com Vítima;132;BR-060/GO;Norte;Choque - Defensa;1;;;;;;;;;;0;1;;;
17/06/2021;17:41:00;364;ac03 - Acidente com Danos Materiais;126,1;BR-060/GO;Norte;Saida de Pista;1;;;;;;;;;;1;;;;
17/06/2021;21:07:00;435;ac03 - Acidente com Danos Materiais;674,5;BR-153/GO;Sul;Colisão Traseira;;;2;;;;;;;;2;;;;
17/06/2021;21:32:00;440;ac02 - Acidente com Vítima;141;BR-153/MG;Norte;Engavetamento;;;7;;;;;;;;6;1;;;
17/06/2021;23:11:00;465;ac03 - Acidente com Danos Materiais;413;BR-262/MG;Leste;Saida de Pista;1;;;;;;;;;;1;;;;
18/06/2021;09:22:00;134;ac02 - Acidente com Vítima;246;BR-153/MG;Sul;Queda de Moto;;;;1;;;;;;;0;;;1;
18/06/2021;10:04:00;168;ac03 - Acidente com Danos Materiais;616,5;BR-153/GO;Norte;Colisão Lateral;1;;1;;;;;;;;3;;;;
18/06/2021;12:29:00;249;ac03 - Acidente com Danos Materiais;618;BR-153/GO;Sul;Saida de Pista;1;;1;;;;;;;;2;;;;
18/06/2021;14:52:00;320;ac03 - Acidente com Danos Materiais;443;BR-262/MG;Oeste;Queda de Moto;;;;1;;;;;;;1;;;;
18/06/2021;15:18:00;338;ac03 - Acidente com Danos Materiais;497;BR-153/GO;Sul;Engavetamento;5;;;;;;;;;;5;;;;
18/06/2021;15:21:00;342;ac03 - Acidente com Danos Materiais;497;BR-153/GO;Sul;Engavetamento;3;;;;;;;;;;3;;;;
18/06/2021;18:40:00;453;ac02 - Acidente com Vítima;4;BR-060/DF;Sul;Colisão Traseira;1;;;1;;;;;;;1;1;;;
18/06/2021;19:19:00;479;ac03 - Acidente com Danos Materiais;115;BR-060/GO;Norte;Colisão Traseira;2;;;;;;;;;;2;;;;
19/06/2021;02:07:00;26;ac03 - Acidente com Danos Materiais;75;BR-060/GO;Sul;Capotamento;;;;;;1;;;;1;3;;;;
19/06/2021;06:09:00;56;ac03 - Acidente com Danos Materiais;383;BR-262/MG;Oeste;Capotamento;1;;;;;;;;;;1;;;;
19/06/2021;06:30:00;58;ac03 - Acidente com Danos Materiais;51;BR-153/MG;Norte;;;;1;;;;;;;;1;;;;
19/06/2021;10:19:00;170;ac03 - Acidente com Danos Materiais;669;BR-153/GO;Norte;Capotamento;1;;;;;;;;;;1;;;;
19/06/2021;10:52:00;198;ac03 - Acidente com Danos Materiais;4;BR-060/DF;Sul;Saida de Pista;2;;;;;;;;;;3;;;;
19/06/2021;15:11:00;350;ac02 - Acidente com Vítima;367,5;BR-262/MG;Oeste;Queda de Moto;;;;1;;;;;;;1;1;;;
19/06/2021;16:40:00;395;ac03 - Acidente com Danos Materiais;510;BR-262/MG;Leste;Queda de Moto;;;;1;;;;;;;1;;;;
19/06/2021;19:29:00;469;ac03 - Acidente com Danos Materiais;503;BR-153/GO;Sul;Colisão Traseira;1;;;1;;;;;;;2;;;;
19/06/2021;19:41:00;476;ac03 - Acidente com Danos Materiais;514;BR-262/MG;Leste;Atropelamento de Animal;1;;;;;;;;;;3;;;;
19/06/2021;20:55:00;496;ac03 - Acidente com Danos Materiais;546;BR-153/GO;Sul;Capotamento;1;;;;;;;;;;5;;;;
19/06/2021;22:16:00;515;ac03 - Acidente com Danos Materiais;505,748;BR-153/GO;Sul;Capotamento;1;;;;;;;;;;2;;;;
19/06/2021;23:14:00;535;ac02 - Acidente com Vítima;402;BR-262/MG;Oeste;Choque - Barreira;1;;;;;;;;;;2;1;;;
20/06/2021;00:28:00;7;ac02 - Acidente com Vítima;442,5;BR-262/MG;Oeste;Capotamento;1;;;;;;;;;;0;1;;;
20/06/2021;00:42:00;9;ac02 - Acidente com Vítima;359;BR-262/MG;Oeste;Saida de Pista;1;;;;;;;;;;0;1;;;
20/06/2021;01:39:00;17;ac03 - Acidente com Danos Materiais;1;BR-060/DF;Sul;Colisão Lateral;2;;;;;;;;;;5;;;;
20/06/2021;03:11:00;22;ac03 - Acidente com Danos Materiais;388;BR-262/MG;Oeste;Tombamento;;;1;;;1;;;;;2;;;;
20/06/2021;03:13:00;23;ac03 - Acidente com Danos Materiais;10;BR-060/GO;Norte;Saida de Pista;1;;;;;;;;;;1;;;;
20/06/2021;03:28:00;25;ac03 - Acidente com Danos Materiais;468;BR-262/MG;Oeste;Saida de Pista;1;;;;;;;;;;2;;;;
20/06/2021;03:50:00;26;ac02 - Acidente com Vítima;8;BR-153/MG;Norte;Capotamento;1;;;;;;;;;;1;2;;;
20/06/2021;05:54:00;42;ac02 - Acidente com Vítima;48;BR-060/GO;Norte;Capotamento;1;;;;;;;;;;1;1;;;
20/06/2021;08:11:00;88;ac01 - Acidente com Vítima Fatal;47,5;BR-060/GO;Sul;Queda de Moto;;;;1;;;;;;;0;;;;1
20/06/2021;08:16:00;91;ac03 - Acidente com Danos Materiais;546;BR-262/MG;Leste;Colisão Lateral;1;;1;;;;;;;;4;;;;
20/06/2021;09:14:00;126;ac03 - Acidente com Danos Materiais;0,5;BR-060/GO;Norte;Queda de Moto;;;;1;;;;;;;1;;;;
20/06/2021;10:21:00;162;ac03 - Acidente com Danos Materiais;94;BR-060/GO;Norte;Queda de Ciclista;;;;1;;;;;;;2;;;;
20/06/2021;12:00:00;194;ac03 - Acidente com Danos Materiais;363;BR-262/MG;Oeste;Colisão Traseira;1;;;1;;;;;;;2;;;;
20/06/2021;12:12:00;198;ac03 - Acidente com Danos Materiais;40;BR-060/GO;Sul;Saida de Pista;1;;;;;;;;;;4;;;;
20/06/2021;12:33:00;205;ac03 - Acidente com Danos Materiais;499;BR-153/GO;Sul;Engavetamento;2;;;;;;;;;1;5;;;;
20/06/2021;15:28:00;252;ac02 - Acidente com Vítima;647;BR-153/GO;Norte;Capotamento;1;;;;;;;;;;1;1;;;
20/06/2021;17:34:00;305;ac03 - Acidente com Danos Materiais;11;BR-060/GO;Norte;Colisão Traseira;1;;;;;;;;;1;2;;;;
20/06/2021;17:47:00;312;ac03 - Acidente com Danos Materiais;89;BR-060/GO;Sul;Choque - Elemento de Drenagem;1;;;;;;;;;;1;;;;
20/06/2021;18:57:00;331;ac03 - Acidente com Danos Materiais;77,288;BR-060/GO;Norte;Atropelamento de Animal;1;;;;;;;;;;1;;;;
20/06/2021;19:02:00;338;ac03 - Acidente com Danos Materiais;679;BR-153/GO;Norte;Saida de Pista;;;1;;;;;;;1;3;;;;
20/06/2021;22:18:00;399;ac03 - Acidente com Danos Materiais;391;BR-262/MG;Leste;Saida de Pista;1;;;;;;;;;;1;;;;
20/06/2021;22:40:00;408;ac02 - Acidente com Vítima;514,142;BR-153/GO;Norte;Queda de Moto;;;;1;;;;;;;0;1;;;
20/06/2021;23:14:00;418;ac03 - Acidente com Danos Materiais;25;BR-060/GO;Sul;Saida de Pista;1;;;;;;;;;;1;;;;
21/06/2021;00:53:00;15;ac02 - Acidente com Vítima;135,599;BR-060/GO;Norte;Atropelamento de Animal;1;;1;;;;;;;1;2;;1;;
21/06/2021;06:44:00;57;ac03 - Acidente com Danos Materiais;506;BR-262/MG;Oeste;Saida de Pista;;;1;;;;;;;;2;;;;
21/06/2021;06:47:00;58;ac03 - Acidente com Danos Materiais;506;BR-153/GO;Norte;Engavetamento;4;;;;;;;;;;4;;;;
21/06/2021;07:15:00;63;ac03 - Acidente com Danos Materiais;116;BR-060/GO;Norte;Engavetamento;6;;;;;;;;;;6;;;;
21/06/2021;07:34:00;76;ac03 - Acidente com Danos Materiais;507;BR-153/GO;Norte;Engavetamento;3;;;;;;;;;;3;;;;
21/06/2021;07:49:00;83;ac03 - Acidente com Danos Materiais;615,47;BR-262/MG;Leste;Tombamento;;;1;;;;;;;;1;;;;
21/06/2021;08:14:00;99;ac03 - Acidente com Danos Materiais;423;BR-262/MG;Leste;Tombamento;;;2;;;;;;;;4;;;;
21/06/2021;08:21:00;101;ac03 - Acidente com Danos Materiais;557,45;BR-153/GO;Norte;Choque - Outros;;;1;;;;;;;1;2;;;;
21/06/2021;08:35:00;108;ac03 - Acidente com Danos Materiais;364,214;BR-262/MG;Oeste;Choque - Defensa;;;1;;;;;;;;1;;;;
21/06/2021;09:23:00;138;ac02 - Acidente com Vítima;502;BR-153/GO;Sul;Colisão Traseira;1;;;1;;;;;;;1;1;;;
21/06/2021;13:31:00;255;ac03 - Acidente com Danos Materiais;125,5;BR-060/GO;Norte;Objeto lançado contra veículo;1;;;;;;;;;;1;;;;
21/06/2021;18:28:00;386;ac02 - Acidente com Vítima;747;BR-262/MG;Leste;Colisão Lateral;;;1;;;;;;;1;0;1;;1;
21/06/2021;19:28:00;414;ac02 - Acidente com Vítima;615;BR-262/MG;Leste;Colisão Traseira;1;;1;;;;;;;;1;;;1;
21/06/2021;19:59:00;422;ac03 - Acidente com Danos Materiais;615,7;BR-262/MG;Oeste;Colisão Traseira;2;;;;;;;;;;2;;;;
21/06/2021;20:37:00;438;ac02 - Acidente com Vítima;46;BR-153/MG;Sul;Tombamento;;;2;;;2;;;;;3;;;1;
21/06/2021;23:30:00;469;ac03 - Acidente com Danos Materiais;58;BR-153/MG;Sul;Colisão Traseira;;;2;;;;;;;;2;;;;
22/06/2021;07:07:00;74;ac03 - Acidente com Danos Materiais;533,5;BR-262/MG;Leste;Colisão Lateral;1;;1;;;1;;;;;7;;;;
22/06/2021;07:41:00;85;ac03 - Acidente com Danos Materiais;365;BR-262/MG;Leste;Saida de Pista;1;;;;;;;;;;1;;;;
22/06/2021;10:23:00;235;ac03 - Acidente com Danos Materiais;5;BR-060/DF;Sul;Colisão Traseira;1;;;1;;;;;;;4;;;;
22/06/2021;10:32:00;241;ac03 - Acidente com Danos Materiais;679;BR-262/MG;Leste;Colisão Traseira;1;;;;;;;;;1;2;;;;
22/06/2021;11:43:00;272;ac03 - Acidente com Danos Materiais;11,7;BR-153/MG;Norte;Capotamento;;;1;;;1;;;;;2;;;;
22/06/2021;17:28:00;457;ac03 - Acidente com Danos Materiais;447,5;BR-262/MG;Leste;Choque - Objeto sobre a pista;1;;1;;;;;;;;2;;;;
22/06/2021;18:50:00;484;ac02 - Acidente com Vítima;442;BR-262/MG;Leste;Colisão Lateral;;;;2;;;;;;;1;1;;;
23/06/2021;05:40:00;58;ac03 - Acidente com Danos Materiais;138;BR-060/GO;Norte;Colisão Traseira;1;;;;;1;;;;;2;;;;
23/06/2021;07:17:00;90;ac03 - Acidente com Danos Materiais;501;BR-153/GO;Sul;;2;;;;;;;;;;2;;;;
23/06/2021;07:32:00;98;ac03 - Acidente com Danos Materiais;598;BR-262/MG;Oeste;Colisão Transversal;;;2;;;;;;;;2;;;;
23/06/2021;08:04:00;114;ac03 - Acidente com Danos Materiais;104;BR-060/GO;Sul;Colisão Traseira;;;2;;;1;;;;;3;;;;
23/06/2021;10:55:00;231;ac02 - Acidente com Vítima;726;BR-262/MG;Leste;Engavetamento;;;3;;;;;;;;2;1;;;
23/06/2021;11:34:00;246;ac03 - Acidente com Danos Materiais;52;BR-153/MG;Norte;Tombamento;;;2;;;1;;;;;3;;;;
23/06/2021;12:14:00;255;ac03 - Acidente com Danos Materiais;117;BR-060/GO;Norte;Colisão Lateral;2;;;;;;;;;;5;;;;
23/06/2021;13:13:00;274;ac03 - Acidente com Danos Materiais;14,4;BR-060/GO;Norte;Saida de Pista;;;;;;;;;;1;1;;;;
23/06/2021;13:52:00;291;ac03 - Acidente com Danos Materiais;31;BR-060/DF;Sul;Colisão Traseira;2;;;;;;;;;;5;;;;
23/06/2021;17:55:00;428;ac02 - Acidente com Vítima;210;BR-153/MG;Sul;Colisão Traseira;;;;1;;;;;;1;2;1;;;
23/06/2021;22:18:00;567;ac02 - Acidente com Vítima;504;BR-153/GO;Sul;Queda de Moto;;;;1;;;;;;;0;1;1;;
24/06/2021;02:38:00;57;ac03 - Acidente com Danos Materiais;519;BR-153/GO;Sul;Colisão Lateral;;;2;;;;;;;;2;;;;
24/06/2021;07:37:00;131;ac03 - Acidente com Danos Materiais;12;BR-153/MG;Sul;Saida de Pista;1;;;;;;;;;;1;;;;
24/06/2021;10:32:00;230;ac03 - Acidente com Danos Materiais;70;BR-153/MG;Sul;Colisão Lateral;;;1;;;;;;;1;6;;;;
24/06/2021;14:22:00;353;ac03 - Acidente com Danos Materiais;54;BR-060/GO;Norte;Choque - Objeto sobre a pista;1;;;;;;;;;;1;;;;
24/06/2021;15:02:00;367;ac03 - Acidente com Danos Materiais;877;BR-262/MG;Leste;Saida de Pista;;;1;;;;;;;;1;;;;
24/06/2021;16:32:00;400;ac03 - Acidente com Danos Materiais;661,104;BR-153/GO;Sul;Colisão Lateral;;;2;;;;;;;;2;;;;
24/06/2021;17:44:00;424;ac03 - Acidente com Danos Materiais;502,75;BR-153/GO;Norte;Colisão Traseira;1;;1;;;;;;;;2;;;;
24/06/2021;19:40:00;466;ac03 - Acidente com Danos Materiais;43,093;BR-060/GO;Sul;Choque - Veiculo parado na pista;;;1;;;;;;;1;2;;;;
25/06/2021;01:10:00;15;ac02 - Acidente com Vítima;630,377;BR-153/GO;Sul;Saida de Pista;;;;;1;;;;;;32;1;;;
25/06/2021;07:09:00;57;ac03 - Acidente com Danos Materiais;71;BR-060/GO;Sul;Saida de Pista;1;;;;;;;;;;1;;;;
25/06/2021;07:54:00;75;ac03 - Acidente com Danos Materiais;748;BR-262/MG;Leste;;1;;;;;;;;;;1;;;;
25/06/2021;07:58:00;78;ac03 - Acidente com Danos Materiais;702,187;BR-262/MG;Leste;Colisão Lateral;1;;1;;;;;;;;2;;;;
25/06/2021;08:05:00;81;ac02 - Acidente com Vítima;500,55;BR-153/GO;Sul;Colisão Traseira;1;;;1;;;;;;;2;1;;;
25/06/2021;09:09:00;107;ac03 - Acidente com Danos Materiais;358;BR-262/MG;Oeste;Choque - Talude;1;;;;;;;;;;1;;;;
25/06/2021;12:05:00;221;ac02 - Acidente com Vítima;851,226;BR-262/MG;Leste;Choque - Arvore;1;;;;;;;;;;0;;1;;
25/06/2021;14:45:00;305;ac03 - Acidente com Danos Materiais;14,491;BR-060/GO;Norte;Tombamento;;;1;;;;;;;;1;;;;
25/06/2021;14:46:00;306;ac03 - Acidente com Danos Materiais;419;BR-262/MG;Oeste;;;;1;;;;;;;;1;;;;