data;horario;n_da_ocorrencia;tipo_de_ocorrencia;km;trecho;sentido;tipo_de_acidente;automovel;bicicleta;caminhao;moto;onibus;outros;tracao_animal;transporte_de_cargas_especiais;trator_maquinas;utilitarios;ilesos;levemente_feridos;moderadamente_feridos;gravemente_feridos;mortos
25/06/2021;15:48:00;353;ac03 - Acidente com Danos Materiais;682;BR-153/GO;Norte;Saida de Pista;1;;;;;1;;;;1;4;;;;
25/06/2021;17:36:00;407;ac03 - Acidente com Danos Materiais;107;BR-060/GO;Sul;;3;;;;;;;;;;3;;;;
25/06/2021;20:00:00;483;ac02 - Acidente com Vítima;465;BR-262/MG;Leste;Choque - Veiculo parado no acostamento;1;;1;;;;;;;;0;3;;;
25/06/2021;20:18:00;488;ac03 - Acidente com Danos Materiais;496,417;BR-153/GO;Norte;Choque - Objeto sobre a pista;;;;1;;;;;;;1;;;;
25/06/2021;20:20:00;491;ac01 - Acidente com Vítima Fatal;700;BR-153/GO;Sul;Colisão Frontal;;;;1;;;;;;1;1;;;;1
25/06/2021;20:28:00;495;ac02 - Acidente com Vítima;439;BR-262/MG;Leste;Queda de Moto;;;;1;;;;;;;0;;1;;
25/06/2021;20:55:00;502;ac03 - Acidente com Danos Materiais;405;BR-262/MG;Leste;Saida de Pista;1;;;;;;;;;;1;;;;
26/06/2021;01:29:00;28;ac03 - Acidente com Danos Materiais;789,4;BR-262/MG;Leste;Colisão Traseira;1;;1;;;;;;;;2;;;;
26/06/2021;03:27:00;47;ac03 - Acidente com Danos Materiais;135,769;BR-060/GO;Sul;Atropelamento de Animal;1;;;;;;;;;;1;;;;
26/06/2021;03:44:00;51;ac03 - Acidente com Danos Materiais;633;BR-153/GO;Norte;Choque - Elemento de Drenagem;1;;;;;;;;;;1;;;;
26/06/2021;08:21:00;120;ac03 - Acidente com Danos Materiais;134;BR-153/MG;Norte;Saida de Pista;;;1;;;;;;;;1;;;;
26/06/2021;12:56:00;269;ac03 - Acidente com Danos Materiais;635;BR-262/MG;Leste;Queda de Moto;;;;1;;;;;;;1;;;;
26/06/2021;13:10:00;275;ac03 - Acidente com Danos Materiais;427;BR-262/MG;Oeste;Saida de Pista;1;;;;;;;;;;1;;;;
26/06/2021;14:01:00;287;ac02 - Acidente com Vítima;2;BR-060/DF;Sul;Queda de Moto;;;;1;;;;;;;0;;;1;
26/06/2021;14:06:00;288;ac03 - Acidente com Danos Materiais;3;BR-060/GO;Sul;Colisão Traseira;;;2;;;;;;;;2;;;;
26/06/2021;16:04:00;349;ac02 - Acidente com Vítima;136;BR-060/GO;Norte;Queda de Moto;;;;1;;;;;;;0;1;;;
26/06/2021;16:25:00;361;ac03 - Acidente com Danos Materiais;876;BR-262/MG;Leste;Colisão Traseira;1;;;;;;;;;1;2;;;;
26/06/2021;17:17:00;381;ac02 - Acidente com Vítima;11;BR-060/GO;Norte;Colisão Traseira;1;;;1;;;;;;;1;2;;;
26/06/2021;18:17:00;409;ac03 - Acidente com Danos Materiais;577;BR-153/GO;Norte;Capotamento;1;;;;;;;;;;1;;;;
26/06/2021;18:27:00;413;ac02 - Acidente com Vítima;493;BR-153/GO;Norte;Colisão Traseira;;;;1;;1;;;;;1;1;;;
26/06/2021;18:50:00;421;ac03 - Acidente com Danos Materiais;367;BR-262/MG;Leste;Colisão Lateral;1;;;;;1;;;;;4;;;;
26/06/2021;22:50:00;521;ac03 - Acidente com Danos Materiais;512;BR-153/GO;Norte;Queda de Ciclista;;;;1;;;;;;;2;;;;
26/06/2021;23:30:00;536;ac02 - Acidente com Vítima;27;BR-060/GO;Sul;Capotamento;1;;;;;;;;;;2;3;;;
27/06/2021;09:20:00;162;ac03 - Acidente com Danos Materiais;9;BR-060/DF;Sul;Capotamento;1;;;;;;;;;;2;;;;
27/06/2021;15:33:00;347;ac03 - Acidente com Danos Materiais;1;BR-153/MG;Sul;Colisão Lateral;1;;1;;;1;;;;;3;;;;
27/06/2021;15:41:00;353;ac03 - Acidente com Danos Materiais;450;BR-262/MG;Leste;Colisão Traseira;;;2;;;;;;;;2;;;;
27/06/2021;17:16:00;418;ac03 - Acidente com Danos Materiais;801;BR-262/MG;Leste;Capotamento;1;;;;;;;;;;2;;;;
27/06/2021;17:38:00;431;ac02 - Acidente com Vítima;95;BR-060/GO;Sul;Capotamento;1;;;;;;;;;;1;;1;;
27/06/2021;18:48:00;473;ac02 - Acidente com Vítima;494;BR-153/GO;Sul;Colisão Traseira;1;;;1;;;;;;;2;1;;;
27/06/2021;18:59:00;483;ac03 - Acidente com Danos Materiais;119;BR-060/GO;Norte;Saida de Pista;1;;;;;;;;;;1;;;;
27/06/2021;19:34:00;502;ac01 - Acidente com Vítima Fatal;39;BR-060/GO;Norte;Capotamento;;;;;;;;;;1;0;;;;1
27/06/2021;20:57:00;539;ac03 - Acidente com Danos Materiais;800;BR-262/MG;Oeste;Queda de Moto;;;;1;;;;;;;1;;;;
27/06/2021;22:18:00;573;ac03 - Acidente com Danos Materiais;40;BR-060/GO;Norte;Engavetamento;2;;1;;;;;;;;3;;;;
28/06/2021;06:24:00;70;ac03 - Acidente com Danos Materiais;137,81;BR-060/GO;Norte;Capotamento;1;;;;;;;;;;1;;;;
28/06/2021;06:54:00;76;ac02 - Acidente com Vítima;58,5;BR-153/MG;Norte;Colisão Traseira;1;;;;;;;;;1;1;1;;;
28/06/2021;08:00:00;107;ac03 - Acidente com Danos Materiais;96,8;BR-060/GO;Sul;Engavetamento;4;;;;;;;;;;4;;;;
28/06/2021;08:22:00;115;ac03 - Acidente com Danos Materiais;96,8;BR-060/GO;Sul;Colisão Traseira;1;;;1;;;;;;;2;;;;
28/06/2021;09:39:00;161;ac02 - Acidente com Vítima;136;BR-060/GO;Norte;Colisão Frontal;2;;;;;;;;;;1;;1;;
28/06/2021;09:54:00;172;ac03 - Acidente com Danos Materiais;363,6;BR-262/MG;Oeste;Colisão Lateral;1;;1;;;;;;;;2;;;;
28/06/2021;10:57:00;222;ac03 - Acidente com Danos Materiais;108;BR-060/GO;Norte;Colisão Traseira;1;;;;;;;;;1;2;;;;
28/06/2021;11:13:00;238;ac03 - Acidente com Danos Materiais;108;BR-060/GO;Sul;Colisão Traseira;;;;;;;;;;2;2;;;;
28/06/2021;13:33:00;357;ac03 - Acidente com Danos Materiais;5;BR-060/DF;Sul;Colisão Traseira;1;;;;;;;;;1;2;;;;
28/06/2021;13:49:00;361;ac03 - Acidente com Danos Materiais;514,2;BR-153/GO;Norte;Colisão Lateral;2;;;;;;;;;;2;;;;
28/06/2021;17:05:00;480;ac03 - Acidente com Danos Materiais;543;BR-262/MG;Leste;Saida de Pista;1;;;;;;;;;;4;;;;
28/06/2021;18:20:00;501;ac03 - Acidente com Danos Materiais;0,5;BR-060/DF;Sul;Colisão Lateral;1;;;1;;1;;;;;3;;;;
29/06/2021;07:07:00;50;ac03 - Acidente com Danos Materiais;428;BR-262/MG;Leste;Colisão Traseira;;;2;;;;;;;;3;;;;
29/06/2021;07:27:00;57;ac02 - Acidente com Vítima;512;BR-153/GO;Sul;Colisão Traseira;;1;1;;;;;;;;1;1;;;
29/06/2021;11:56:00;197;ac02 - Acidente com Vítima;22,3;BR-153/MG;Sul;Capotamento;1;;;;;;;;;;0;;1;;
29/06/2021;12:20:00;205;ac02 - Acidente com Vítima;557;BR-153/GO;Norte;Colisão Traseira;1;;;;;1;;;;;1;1;;;
29/06/2021;13:31:00;235;ac02 - Acidente com Vítima;518,5;BR-153/GO;Norte;Capotamento;1;;;;;;;;;;1;1;;;
29/06/2021;13:45:00;242;ac03 - Acidente com Danos Materiais;69;BR-060/GO;Sul;Saida de Pista;1;;;;;;;;;;1;;;;
29/06/2021;16:25:00;299;ac02 - Acidente com Vítima;813;BR-262/MG;Leste;Queda de Moto;;;;1;;;;;;;0;2;;;
29/06/2021;18:29:00;346;ac03 - Acidente com Danos Materiais;494;BR-153/GO;Sul;Colisão Traseira;1;;1;;;;;;;;4;;;;
29/06/2021;23:22:00;437;ac03 - Acidente com Danos Materiais;95;BR-060/GO;Sul;Choque - Defensa;1;;;;;;;;;;1;;;;
30/06/2021;01:08:00;10;ac03 - Acidente com Danos Materiais;58;BR-153/MG;Sul;Carreta deu L;;;1;;;;;;;;1;;;;
30/06/2021;07:13:00;48;ac03 - Acidente com Danos Materiais;3;BR-060/GO;Norte;Tombamento;;;1;;;;;;;;2;;;;
30/06/2021;07:42:00;64;ac03 - Acidente com Danos Materiais;504,5;BR-262/MG;Leste;Capotamento;1;;;;;1;;;;;2;;;;
30/06/2021;14:54:00;287;ac03 - Acidente com Danos Materiais;527;BR-153/GO;Sul;Colisão Traseira;;;2;;;;;;;;2;;;;
30/06/2021;16:12:00;326;ac03 - Acidente com Danos Materiais;95;BR-060/GO;Sul;;1;;;1;;;;;;;2;;;;
30/06/2021;16:41:00;340;ac03 - Acidente com Danos Materiais;81;BR-153/MG;Norte;Saida de Pista;1;;;;;;;;;;1;;;;
30/06/2021;16:42:00;341;ac03 - Acidente com Danos Materiais;493;BR-153/GO;Sul;Colisão Traseira;1;;1;;;1;;;;;3;;;;
30/06/2021;17:37:00;385;ac03 - Acidente com Danos Materiais;425;BR-262/MG;Oeste;Colisão Traseira;3;;;;;;;;;;6;;;;
30/06/2021;17:56:00;388;ac03 - Acidente com Danos Materiais;554;BR-262/MG;Leste;Saida de Pista;;;1;;;;;;;;1;;;;
30/06/2021;18:30:00;399;ac03 - Acidente com Danos Materiais;501;BR-153/GO;Sul;Engavetamento;3;;;;;;;;;;3;;;;
30/06/2021;18:38:00;403;ac03 - Acidente com Danos Materiais;659;BR-262/MG;Leste;Choque - Outros;;;2;;;;;;;;2;;;;
30/06/2021;19:00:00;413;ac03 - Acidente com Danos Materiais;499;BR-153/GO;Sul;Colisão Lateral;;;;;;1;;;;1;4;;;;
30/06/2021;19:25:00;427;ac03 - Acidente com Danos Materiais;500,5;BR-153/GO;Sul;Colisão Transversal;1;;1;;;;;;;;2;;;;
30/06/2021;20:02:00;440;ac03 - Acidente com Danos Materiais;500;BR-153/GO;Sul;Colisão Traseira;1;;;;;1;;;;;2;;;;
01/07/2021;01:46:00;38;ac03 - Acidente com Danos Materiais;136;BR-060/GO;Norte;Saida de Pista;1;;;;;;;;;;1;;;;
01/07/2021;07:33:00;153;ac03 - Acidente com Danos Materiais;0;BR-060/DF;Norte;Engavetamento;3;;;;;;;;;;4;;;;
01/07/2021;09:29:00;233;ac03 - Acidente com Danos Materiais;225;BR-153/MG;Norte;Saida de Pista;1;;;;;;;;;;1;;;;
01/07/2021;14:05:00;407;ac03 - Acidente com Danos Materiais;89;BR-060/GO;Norte;Colisão Lateral;1;;1;;;;;;;;2;;;;
02/07/2021;02:57:00;57;ac02 - Acidente com Vítima;137,65;BR-060/GO;Sul;Saida de Pista;;;1;;;;;;;;2;1;;;
02/07/2021;06:35:00;97;ac03 - Acidente com Danos Materiais;143;BR-153/MG;Norte;Colisão Lateral;;;1;;;;;;;;1;;;;
02/07/2021;07:37:00;116;ac03 - Acidente com Danos Materiais;115;BR-060/GO;Sul;Queda de Ciclista;;;;1;;;;;;;1;;;;
02/07/2021;08:46:00;152;ac03 - Acidente com Danos Materiais;724;BR-262/MG;Oeste;Capotamento;1;;;;;;;;;;1;;;;
02/07/2021;13:48:00;365;ac03 - Acidente com Danos Materiais;101;BR-060/GO;Sul;Colisão Traseira;;;;1;;1;;;;;2;;;;
02/07/2021;16:47:00;437;ac03 - Acidente com Danos Materiais;685,8;BR-153/GO;Sul;Colisão Traseira;2;;;;;;;;;;2;;;;
02/07/2021;18:02:00;473;ac03 - Acidente com Danos Materiais;815;BR-262/MG;Leste;Colisão Traseira;2;;;;;;;;;;5;;;;
02/07/2021;18:17:00;479;ac03 - Acidente com Danos Materiais;73;BR-060/GO;Sul;Queda de Moto;;;;1;;;;;;;1;;;;
02/07/2021;21:21:00;551;ac02 - Acidente com Vítima;361;BR-262/MG;Oeste;Queda de Moto;;;;1;;;;;;;0;;1;;
03/07/2021;07:19:00;103;ac03 - Acidente com Danos Materiais;402;BR-262/MG;Oeste;Capotamento;1;;;;;;;;;;2;;;;
03/07/2021;07:59:00;117;ac03 - Acidente com Danos Materiais;405;BR-262/MG;Leste;Saida de Pista;1;;;;;;;;;;1;;;;
03/07/2021;10:42:00;262;ac03 - Acidente com Danos Materiais;596;BR-153/GO;Sul;Tombamento;;;1;;;;;;;;1;;;;
03/07/2021;11:34:00;277;ac02 - Acidente com Vítima;36;BR-153/MG;Sul;Capotamento;1;;;;;;;;;;0;1;1;;
03/07/2021;20:41:00;526;ac03 - Acidente com Danos Materiais;428;BR-262/MG;Leste;Queda de Moto;;;;1;;;;;;;1;;;;
03/07/2021;21:27:00;538;ac03 - Acidente com Danos Materiais;28;BR-060/DF;Sul;Choque- Placa/Suporte Sinalização;1;;;;;;;;;;1;;;;
04/07/2021;00:42:00;12;ac03 - Acidente com Danos Materiais;527;BR-153/GO;Sul;Capotamento;1;;;;;;;;;;1;;;;
04/07/2021;01:16:00;18;ac03 - Acidente com Danos Materiais;608;BR-153/GO;Sul;Colisão Traseira;1;;;;;1;;;;;2;;;;
04/07/2021;06:13:00;79;ac03 - Acidente com Danos Materiais;508;BR-262/MG;Oeste;Capotamento;1;;;;;;;;;;1;;;;
04/07/2021;14:47:00;300;ac03 - Acidente com Danos Materiais;359;BR-262/MG;Leste;Colisão Traseira;2;;;;;;;;;;2;;;;
04/07/2021;15:32:00;321;ac03 - Acidente com Danos Materiais;796;BR-262/MG;Oeste;Queda de Moto;;;;1;;;;;;;1;;;;
04/07/2021;17:11:00;372;ac02 - Acidente com Vítima;519;BR-262/MG;Oeste;Tombamento;;;1;;;;;;;;0;1;;;
04/07/2021;17:47:00;393;ac02 - Acidente com Vítima;864;BR-262/MG;Leste;Choque - Submarino;1;;;;;;;;;;1;1;;;
04/07/2021;18:15:00;403;ac02 - Acidente com Vítima;21,5;BR-060/GO;Norte;Choque - Elemento de Drenagem;2;;;;;;;;;;2;;1;;
04/07/2021;18:33:00;409;ac01 - Acidente com Vítima Fatal;581,9;BR-153/GO;Norte;Choque - Arvore;1;;;;;;;;;;0;2;;2;2
04/07/2021;18:51:00;415;ac02 - Acidente com Vítima;15;BR-060/GO;Norte;Colisão Traseira;2;;;;;;;;;;4;;1;;
04/07/2021;19:03:00;421;ac03 - Acidente com Danos Materiais;371;BR-262/MG;Oeste;Colisão Traseira;;;;1;;1;;;;;2;;;;
04/07/2021;19:05:00;423;ac02 - Acidente com Vítima;456;BR-262/MG;Leste;Colisão Traseira;1;;;1;;;;;;;2;1;;;
04/07/2021;20:00:00;449;ac01 - Acidente com Vítima Fatal;533;BR-153/GO;Norte;Queda de Moto;;;;1;;2;;;;;2;;;;1
04/07/2021;20:31:00;458;ac01 - Acidente com Vítima Fatal;244;BR-153/MG;Sul;Colisão Lateral;1;;;1;;;;;;;1;;;;1
04/07/2021;21:33:00;479;ac03 - Acidente com Danos Materiais;745;BR-262/MG;Leste;Colisão Traseira;1;;;;;1;;;;;2;;;;
04/07/2021;21:35:00;480;ac02 - Acidente com Vítima;509;BR-153/GO;Sul;Choque - Veiculo parado na pista;1;;;1;;;;;;;1;1;;;
04/07/2021;21:39:00;482;ac02 - Acidente com Vítima;400;BR-262/MG;Oeste;Choque - Defensa;;;;1;;;;;;;0;;;1;
04/07/2021;21:49:00;486;ac02 - Acidente com Vítima;29;BR-060/GO;Sul;Colisão Traseira;;;1;;;;;;;1;1;;1;;
05/07/2021;05:12:00;43;ac03 - Acidente com Danos Materiais;638;BR-153/GO;Sul;Choque - Elemento de Drenagem;1;;;;;;;;;;3;;;;
05/07/2021;06:32:00;65;ac02 - Acidente com Vítima;504,5;BR-153/GO;Norte;Colisão Traseira;;;;2;;;;;;;0;1;1;;
05/07/2021;06:44:00;68;ac03 - Acidente com Danos Materiais;430;BR-262/MG;Oeste;Colisão Traseira;1;;1;;;;;;;;2;;;;
05/07/2021;06:55:00;72;ac03 - Acidente com Danos Materiais;30;BR-060/GO;Norte;Capotamento;1;;;;;;;;;;1;;;;
05/07/2021;07:44:00;101;ac02 - Acidente com Vítima;647;BR-262/MG;Oeste;Colisão Traseira;1;;;;;;;;;;0;;1;;
05/07/2021;12:36:00;358;ac03 - Acidente com Danos Materiais;118;BR-060/GO;Norte;Queda de Moto;1;;;1;;;;;;;2;;;;
05/07/2021;14:28:00;402;ac03 - Acidente com Danos Materiais;10,8;BR-060/DF;Norte;Colisão Traseira;1;;1;;;;;;;;5;;;;
05/07/2021;16:08:00;432;ac02 - Acidente com Vítima;42;BR-060/GO;Norte;Capotamento;1;;;;;;;;;;0;;1;;
05/07/2021;16:11:00;434;ac03 - Acidente com Danos Materiais;633,5;BR-153/GO;Norte;Colisão Traseira;;;2;;;;;;;;2;;;;
05/07/2021;16:20:00;440;ac03 - Acidente com Danos Materiais;573;BR-262/MG;Oeste;Saida de Pista;1;;;;;;;;;;1;;;;
05/07/2021;20:34:00;570;ac02 - Acidente com Vítima;476;BR-262/MG;Oeste;Colisão Lateral;1;;1;;;;;;;;3;1;;;
05/07/2021;23:51:00;650;ac03 - Acidente com Danos Materiais;97,6;BR-060/GO;Sul;Colisão Lateral;1;;;;;1;;;;;2;;;;
06/07/2021;11:07:00;239;ac03 - Acidente com Danos Materiais;553;BR-153/GO;Sul;Colisão Traseira;2;;;;;;;;;;2;;;;
06/07/2021;11:08:00;240;ac02 - Acidente com Vítima;53;BR-060/GO;Sul;Saida de Pista;1;;;;1;;;;;;1;;1;;
06/07/2021;11:41:00;258;ac03 - Acidente com Danos Materiais;497,512;BR-153/GO;Sul;Queda de Moto;;;;1;;;;;;;2;;;;
06/07/2021;14:49:00;358;ac03 - Acidente com Danos Materiais;138;BR-060/GO;Sul;Colisão Lateral;2;;;;;;;;;;2;;;;
06/07/2021;16:48:00;416;ac02 - Acidente com Vítima;18;BR-060/DF;Sul;Queda de Ciclista;;1;;;;;;;;;0;;1;;
06/07/2021;18:35:00;455;ac02 - Acidente com Vítima;4;BR-060/DF;Sul;Colisão Lateral;1;;;1;;;;;;;1;2;;;
07/07/2021;03:53:00;51;ac03 - Acidente com Danos Materiais;532;BR-262/MG;Oeste;Tombamento;;;1;;;;;;;;1;;;;
07/07/2021;05:07:00;60;ac03 - Acidente com Danos Materiais;491;BR-153/GO;Norte;Choque - Defensa;1;;;;;;;;;;2;;;;
07/07/2021;08:09:00;104;ac03 - Acidente com Danos Materiais;670;BR-153/GO;Sul;Colisão Lateral;2;;;;;;;;;;2;;;;
07/07/2021;09:41:00;194;ac03 - Acidente com Danos Materiais;578,8;BR-153/GO;Sul;Colisão Traseira;2;;;;;;;;;;7;;;;
07/07/2021;09:42:00;195;ac03 - Acidente com Danos Materiais;43;BR-060/GO;Norte;Colisão Traseira;1;;1;;;;;;;;2;;;;
07/07/2021;15:39:00;449;ac03 - Acidente com Danos Materiais;490,5;BR-153/GO;Sul;Capotamento;1;;;;;;;;;;1;;;;
07/07/2021;16:56:00;480;ac03 - Acidente com Danos Materiais;88;BR-060/GO;Sul;Colisão Lateral;1;;;;;1;;;;;6;;;;
07/07/2021;18:23:00;524;ac03 - Acidente com Danos Materiais;446;BR-262/MG;Leste;Colisão Transversal;1;;1;;;;;;;;2;;;;
07/07/2021;20:12:00;574;ac02 - Acidente com Vítima;516;BR-153/GO;Norte;Colisão Traseira;;;;1;;1;;;;;1;;;1;
08/07/2021;06:29:00;44;ac03 - Acidente com Danos Materiais;625;BR-153/GO;Sul;Saida de Pista;1;;;;;;;;;;2;;;;
08/07/2021;07:38:00;66;ac03 - Acidente com Danos Materiais;500;BR-153/GO;Sul;Colisão Lateral;;;1;1;;;;;;;2;;;;
08/07/2021;07:51:00;71;ac03 - Acidente com Danos Materiais;499,7;BR-153/GO;Sul;Engavetamento;4;;;;;;;;;1;7;;;;
08/07/2021;08:07:00;79;ac03 - Acidente com Danos Materiais;503;BR-153/GO;Norte;Colisão Traseira;1;;;;;;;;;1;2;;;;
08/07/2021;09:36:00;115;ac03 - Acidente com Danos Materiais;496;BR-153/GO;Sul;Colisão Traseira;1;;;;;;;;;1;2;;;;
08/07/2021;13:58:00;267;ac03 - Acidente com Danos Materiais;515;BR-153/GO;Norte;Colisão Lateral;;;;;;;;;;1;2;;;;
08/07/2021;17:17:00;382;ac03 - Acidente com Danos Materiais;586;BR-262/MG;Leste;Saida de Pista;1;;;;;;;;;;1;;;;
08/07/2021;18:33:00;435;ac03 - Acidente com Danos Materiais;504,7;BR-153/GO;Sul;Engavetamento;3;;;;;1;;;;;4;;;;
09/07/2021;05:16:00;77;ac03 - Acidente com Danos Materiais;424;BR-262/MG;Leste;Colisão Traseira;;;2;;;;;;;;2;;;;
09/07/2021;06:43:00;95;ac02 - Acidente com Vítima;494;BR-153/GO;Norte;Colisão Lateral;;1;;1;;;;;;;1;;1;;
09/07/2021;07:54:00;124;ac03 - Acidente com Danos Materiais;497;BR-153/GO;Norte;Colisão Traseira;1;;1;;;;;;;;2;;;;
09/07/2021;08:13:00;135;ac03 - Acidente com Danos Materiais;468,8;BR-262/MG;Oeste;Queda de Moto;;;;1;;;;;;;1;;;;
09/07/2021;08:13:00;136;ac03 - Acidente com Danos Materiais;662;BR-153/GO;Sul;Colisão Traseira;2;;;;;1;;;;;3;;;;
09/07/2021;08:28:00;157;ac02 - Acidente com Vítima;6;BR-060/DF;Norte;Colisão Traseira;2;;;;;;;;;;4;1;;;
09/07/2021;08:45:00;173;ac03 - Acidente com Danos Materiais;506;BR-153/GO;Norte;Colisão Traseira;1;;;;;;;;;1;2;;;;
09/07/2021;09:17:00;215;ac02 - Acidente com Vítima;642;BR-153/GO;Sul;Saida de Pista;1;;;;;;;;;;0;2;;;
09/07/2021;10:17:00;298;ac03 - Acidente com Danos Materiais;221;BR-153/MG;Sul;Colisão Traseira;;;2;;;1;;;;;3;;;;
09/07/2021;12:59:00;388;ac03 - Acidente com Danos Materiais;54,7;BR-153/MG;Sul;Tombamento;;;1;;;;;;;;1;;;;
09/07/2021;13:45:00;407;ac03 - Acidente com Danos Materiais;823;BR-262/MG;Leste;Choque - Arvore;1;;;;;;;;;;1;;;;
09/07/2021;13:51:00;409;ac02 - Acidente com Vítima;612;BR-153/GO;Sul;Queda de Moto;;;;1;;;;;;;0;1;;;
09/07/2021;14:41:00;436;ac02 - Acidente com Vítima;27;BR-153/MG;Sul;Colisão Traseira;2;;;;;;;;;;0;3;;;
09/07/2021;15:17:00;453;ac03 - Acidente com Danos Materiais;28;BR-060/GO;Sul;Colisão Traseira;1;;1;;;;;;;;2;;;;
09/07/2021;15:24:00;457;ac03 - Acidente com Danos Materiais;27;BR-153/MG;Norte;Colisão Traseira;1;;1;;;;;;;;2;;;;
09/07/2021;15:25:00;458;ac03 - Acidente com Danos Materiais;395;BR-262/MG;Oeste;Colisão Traseira;1;;1;;;;;;;;5;;;;
09/07/2021;15:34:00;461;ac03 - Acidente com Danos Materiais;701;BR-153/GO;Sul;Colisão Traseira;;;1;1;;;;;;;2;;;;
09/07/2021;15:47:00;470;ac03 - Acidente com Danos Materiais;71;BR-153/MG;Norte;Colisão Traseira;;;2;;;;;;;;2;;;;
09/07/2021;15:48:00;471;ac02 - Acidente com Vítima;40;BR-060/GO;Sul;Colisão Traseira;;;2;;;;;;;;1;;1;;
09/07/2021;16:09:00;480;ac02 - Acidente com Vítima;495;BR-153/GO;Sul;Colisão Traseira;2;;;;;;;;;;1;1;;;
10/07/2021;05:02:00;77;ac03 - Acidente com Danos Materiais;376;BR-262/MG;Leste;Saida de Pista;1;;;;;;;;;;1;;;;
10/07/2021;06:07:00;95;ac03 - Acidente com Danos Materiais;96;BR-060/GO;Sul;Colisão Traseira;1;;1;;;;;;;;2;;;;
10/07/2021;07:42:00;124;ac03 - Acidente com Danos Materiais;353;BR-262/MG;Leste;Saida de Pista;1;;;;;;;;;;1;;;;
10/07/2021;08:31:00;151;ac03 - Acidente com Danos Materiais;43;BR-060/GO;Sul;Colisão Lateral;1;;1;;;;;;;;2;;;;
10/07/2021;10:38:00;264;ac03 - Acidente com Danos Materiais;748;BR-262/MG;Oeste;Colisão Traseira;;;2;;;;;;;;2;;;;
10/07/2021;10:42:00;268;ac03 - Acidente com Danos Materiais;366;BR-262/MG;Leste;Saida de Pista;1;;;;;;;;;;2;;;;
10/07/2021;11:04:00;277;ac03 - Acidente com Danos Materiais;579;BR-153/GO;Sul;Saida de Pista;1;;;;;;;;;;1;;;;
10/07/2021;16:04:00;503;ac02 - Acidente com Vítima;466;BR-262/MG;Leste;Capotamento;1;;;;;;;;;;0;1;;;
10/07/2021;16:40:00;523;ac02 - Acidente com Vítima;609,1;BR-153/GO;Sul;Choque - Arvore;;;1;;;;;;;;0;1;1;;
10/07/2021;17:04:00;534;ac02 - Acidente com Vítima;135,2;BR-153/MG;Norte;Tombamento;;;1;;;;;;;;0;1;;;
10/07/2021;18:33:00;574;ac03 - Acidente com Danos Materiais;7,8;BR-153/MG;Sul;Colisão Traseira;1;;1;;;;;;;;2;;;;
10/07/2021;19:11:00;592;ac03 - Acidente com Danos Materiais;6,5;BR-153/MG;Sul;Colisão Traseira;;;2;;;;;;;;2;;;;
10/07/2021;19:16:00;596;ac03 - Acidente com Danos Materiais;6,3;BR-153/MG;Sul;Colisão Traseira;2;;;;;;;;;;2;;;;
10/07/2021;23:23:00;688;ac03 - Acidente com Danos Materiais;802;BR-262/MG;Leste;Colisão Traseira;1;;;1;;;;;;;3;;;;
11/07/2021;00:46:00;12;ac02 - Acidente com Vítima;409;BR-262/MG;Leste;Capotamento;1;;;;;;;;;;0;;2;;
11/07/2021;02:13:00;30;ac03 - Acidente com Danos Materiais;415,5;BR-262/MG;Leste;Atropelamento - Andarilho;1;;;;;;;;;;1;;;;
11/07/2021;06:09:00;65;ac02 - Acidente com Vítima;410,884;BR-262/MG;Leste;Tombamento;;;1;;;;;;;;0;;1;;
11/07/2021;06:40:00;73;ac02 - Acidente com Vítima;639;BR-262/MG;Leste;Queda de Moto;;;;1;;;;;;;0;;1;;
11/07/2021;07:33:00;82;ac03 - Acidente com Danos Materiais;553;BR-153/GO;Norte;Choque - Outros;;;;;1;;;;;;1;;;;
11/07/2021;09:48:00;171;ac02 - Acidente com Vítima;67,567;BR-060/GO;Sul;Queda de Moto;;;;1;;;;;;;0;;;1;
11/07/2021;10:14:00;191;ac02 - Acidente com Vítima;802;BR-262/MG;Oeste;Queda de Moto;;;;1;;;;;;;0;;1;;
11/07/2021;10:50:00;211;ac02 - Acidente com Vítima;113;BR-060/GO;Sul;Colisão Traseira;1;;;1;;;;;;;2;;1;;