data;horario;n_da_ocorrencia;tipo_de_ocorrencia;km;trecho;sentido;tipo_de_acidente;automovel;bicicleta;caminhao;moto;onibus;outros;tracao_animal;transporte_de_cargas_especiais;trator_maquinas;utilitarios;ilesos;levemente_feridos;moderadamente_feridos;gravemente_feridos;mortos
16/08/2021;04:17:00;48;ac03 - Acidente com Danos Materiais;69,6;BR-060/GO;Norte;Saida de Pista;1;;;;;;;;;;2;;;;
16/08/2021;11:00:00;290;ac03 - Acidente com Danos Materiais;481;BR-262/MG;Leste;Colisão Traseira;1;;;;;1;;;;;2;;;;
16/08/2021;11:08:00;294;ac03 - Acidente com Danos Materiais;129;BR-060/GO;Sul;Engavetamento;4;;;;;;;;;;4;;;;
16/08/2021;12:26:00;374;ac03 - Acidente com Danos Materiais;412;BR-262/MG;Oeste;Saida de Pista;;;1;1;;;;;;;2;;;;
16/08/2021;13:10:00;403;ac03 - Acidente com Danos Materiais;24,4;BR-060/GO;Norte;Tombamento;;;1;;;;;;;;1;;;;
16/08/2021;15:10:00;478;ac03 - Acidente com Danos Materiais;864;BR-262/MG;Oeste;Choque- Poste/Equipamento;;;1;;;;;;;;1;;;;
16/08/2021;19:36:00;627;ac03 - Acidente com Danos Materiais;391;BR-262/MG;Oeste;Saida de Pista;1;;;;;;;;;;1;;;;
17/08/2021;01:35:00;36;ac03 - Acidente com Danos Materiais;595;BR-262/MG;Leste;Colisão Traseira;;;2;;;;;;;;2;;;;
17/08/2021;05:45:00;88;ac03 - Acidente com Danos Materiais;74;BR-060/GO;Sul;Saida de Pista;1;;;;;;;;;;1;;;;
17/08/2021;06:33:00;101;ac03 - Acidente com Danos Materiais;685;BR-153/GO;Sul;Choque - Cabine de Pedágio;;;1;;;1;;;;;2;;;;
17/08/2021;07:46:00;127;ac02 - Acidente com Vítima;502;BR-153/GO;Norte;Colisão Traseira;;;1;1;;;;;;;1;1;;;
17/08/2021;08:18:00;146;ac02 - Acidente com Vítima;500;BR-153/GO;Sul;Colisão Traseira;2;;;1;;;;;;;2;;1;;
17/08/2021;08:52:00;177;ac03 - Acidente com Danos Materiais;32;BR-060/GO;Norte;Colisão Lateral;2;;;;;;;;;;2;;;;
17/08/2021;11:15:00;295;ac02 - Acidente com Vítima;513;BR-153/GO;Sul;Colisão Traseira;1;;;1;;1;;;;;2;1;;;
17/08/2021;11:37:00;302;ac03 - Acidente com Danos Materiais;107;BR-060/GO;Sul;Colisão Traseira;1;;;;;;;;;1;5;;;;
17/08/2021;12:16:00;319;ac02 - Acidente com Vítima;606,5;BR-153/GO;Sul;Tombamento;;;1;;;;;;;;0;1;;;
17/08/2021;15:09:00;390;ac03 - Acidente com Danos Materiais;30;BR-060/DF;Norte;Capotamento;1;;;;;;;;;1;2;;;;
17/08/2021;15:17:00;394;ac03 - Acidente com Danos Materiais;861;BR-262/MG;Leste;Capotamento;1;;;;;;;;;;1;;;;
17/08/2021;16:38:00;426;ac03 - Acidente com Danos Materiais;566,4;BR-262/MG;Oeste;Saida de Pista;1;;;;;;;;;;1;;;;
17/08/2021;17:04:00;447;ac01 - Acidente com Vítima Fatal;430;BR-262/MG;Oeste;Choque - Veiculo parado no acostamento;;;3;;;2;;;;;4;;;;1
17/08/2021;17:53:00;467;ac03 - Acidente com Danos Materiais;501,2;BR-153/GO;Sul;Colisão Traseira;1;;1;;;;;;;;2;;;;
17/08/2021;18:44:00;484;ac02 - Acidente com Vítima;620;BR-153/GO;Sul;Capotamento;1;;;;;;;;;;1;1;;;
17/08/2021;19:08:00;497;ac03 - Acidente com Danos Materiais;489;BR-262/MG;Leste;Colisão Lateral;;;4;;;;;;;;4;;;;
17/08/2021;20:22:00;541;ac01 - Acidente com Vítima Fatal;35;BR-060/GO;Sul;Capotamento;1;;1;;;1;;;;;2;;;2;2
17/08/2021;22:24:00;587;ac03 - Acidente com Danos Materiais;35;BR-060/GO;Sul;Saida de Pista;1;;;;;1;;;;;2;;;;
17/08/2021;22:24:00;588;ac02 - Acidente com Vítima;35;BR-060/GO;Sul;Saida de Pista;1;;;;;;;;;;0;1;;;
17/08/2021;22:56:00;599;ac02 - Acidente com Vítima;99;BR-060/GO;Norte;Queda de Moto;;;;1;;;;;;;0;1;;;
18/08/2021;06:09:00;97;ac02 - Acidente com Vítima;509;BR-153/GO;Sul;Queda de Moto;;;;1;;;;;;;0;1;;;
18/08/2021;10:46:00;249;ac03 - Acidente com Danos Materiais;495;BR-153/GO;Sul;Colisão Traseira;2;;;;;;;;;;2;;;;
18/08/2021;13:31:00;330;ac03 - Acidente com Danos Materiais;32;BR-060/GO;Norte;Colisão Traseira;1;1;;;;;;;;;2;;;;
18/08/2021;13:46:00;339;ac03 - Acidente com Danos Materiais;492;BR-153/GO;Sul;Saida de Pista;1;;;;;;;;;;1;;;;
18/08/2021;14:35:00;362;ac01 - Acidente com Vítima Fatal;699;BR-262/MG;Leste;Colisão Frontal;1;;1;;;;;;;;1;;;;1
18/08/2021;14:54:00;377;ac02 - Acidente com Vítima;406;BR-262/MG;Leste;Colisão Traseira;;;1;1;;;;;;;1;;1;;
18/08/2021;17:26:00;462;ac02 - Acidente com Vítima;757;BR-262/MG;Oeste;Colisão Lateral;2;;;;;;;;;;0;1;1;;
18/08/2021;17:26:00;463;ac03 - Acidente com Danos Materiais;13;BR-060/GO;Sul;Saida de Pista;1;;;;;;;;;;3;;;;
18/08/2021;18:27:00;488;ac02 - Acidente com Vítima;4;BR-060/DF;Sul;Saida de Pista;2;;;;;;;;;;6;2;;;
18/08/2021;18:44:00;493;ac02 - Acidente com Vítima;367;BR-262/MG;Leste;Colisão Traseira;1;;;1;;;;;;;2;1;1;;
19/08/2021;07:13:00;108;ac03 - Acidente com Danos Materiais;590;BR-153/GO;Sul;Saida de Pista;;;1;;;1;;;;;2;;;;
19/08/2021;09:30:00;184;ac02 - Acidente com Vítima;509;BR-153/GO;Sul;Colisão Traseira;;;;1;;1;;;;;1;;;1;
19/08/2021;11:20:00;244;ac02 - Acidente com Vítima;553;BR-262/MG;Leste;Tombamento;;;1;;;;;;;;0;;;2;
19/08/2021;11:23:00;249;ac02 - Acidente com Vítima;517;BR-153/GO;Norte;Colisão Traseira;;;1;1;;;;;;;1;;;1;
19/08/2021;12:18:00;275;ac03 - Acidente com Danos Materiais;117;BR-060/GO;Norte;Colisão Traseira;2;;;;;;;;;;2;;;;
19/08/2021;13:44:00;304;ac03 - Acidente com Danos Materiais;133,5;BR-153/MG;Norte;Colisão Traseira;;;2;;;2;;;;;4;;;;
19/08/2021;14:29:00;318;ac02 - Acidente com Vítima;578;BR-153/GO;Sul;Capotamento;;;;;;1;;;;1;1;;1;;
19/08/2021;14:41:00;322;ac02 - Acidente com Vítima;618;BR-153/GO;Norte;Tombamento;;;1;1;;2;;;;;3;1;;;
19/08/2021;19:15:00;412;ac01 - Acidente com Vítima Fatal;678;BR-153/GO;Sul;Colisão Traseira;;;2;;;;;;;;0;1;;;1
19/08/2021;19:59:00;438;ac01 - Acidente com Vítima Fatal;803;BR-262/MG;Leste;Atropelamento - Morador;1;;;;;;;;;;3;;;;1
19/08/2021;20:52:00;452;ac03 - Acidente com Danos Materiais;45;BR-153/MG;Sul;Capotamento;1;;;;;;;;;;1;;;;
19/08/2021;23:20:00;498;ac01 - Acidente com Vítima Fatal;827,497;BR-262/MG;Leste;Tombamento;;;1;;;;;;;;0;;;;1
20/08/2021;02:29:00;23;ac03 - Acidente com Danos Materiais;617;BR-262/MG;Leste;Atropelamento de Animal;;;;;1;;;;;;1;;;;
20/08/2021;03:59:00;30;ac02 - Acidente com Vítima;112;BR-060/GO;Norte;Capotamento;1;;;;;;;;;;0;1;;;
20/08/2021;07:55:00;85;ac03 - Acidente com Danos Materiais;512;BR-153/GO;Norte;Colisão Traseira;1;;1;;;;;;;;2;;;;
20/08/2021;08:53:00;106;ac03 - Acidente com Danos Materiais;507;BR-153/GO;Norte;Engavetamento;3;;;;;;;;;;3;;;;
20/08/2021;11:52:00;198;ac03 - Acidente com Danos Materiais;702;BR-153/GO;Sul;Carreta deu L;;;1;;;1;;;;;2;;;;
20/08/2021;11:53:00;199;ac03 - Acidente com Danos Materiais;82,4;BR-060/GO;Sul;Colisão Lateral;1;;;;;1;;;;;2;;;;
20/08/2021;12:28:00;214;ac02 - Acidente com Vítima;136;BR-060/GO;Sul;Colisão Lateral;;1;;1;;;;;;;0;2;;;
20/08/2021;13:23:00;228;ac02 - Acidente com Vítima;633,5;BR-262/MG;Leste;Colisão Traseira;1;;1;;;;;;;;1;1;;;
20/08/2021;15:40:00;292;ac02 - Acidente com Vítima;380;BR-262/MG;Leste;Queda de Moto;;;;1;;;;;;;0;1;;;
20/08/2021;15:55:00;298;ac01 - Acidente com Vítima Fatal;3;BR-060/DF;Norte;Atropelamento - Morador;1;;;;;;;;;;1;;;;1
20/08/2021;16:15:00;308;ac02 - Acidente com Vítima;22;BR-060/DF;Norte;Queda de Ciclista;;;;1;;;;;;;0;2;;;
20/08/2021;16:36:00;316;ac03 - Acidente com Danos Materiais;501;BR-153/GO;Sul;Colisão Traseira;1;;;1;;;;;;;2;;;;
20/08/2021;20:42:00;449;ac03 - Acidente com Danos Materiais;493;BR-153/GO;Norte;Colisão Traseira;1;;1;;;;;;;;2;;;;
20/08/2021;22:28:00;513;ac02 - Acidente com Vítima;625;BR-153/GO;Sul;Queda de Moto;;;;1;;;;;;;0;;1;;
21/08/2021;00:23:00;10;ac02 - Acidente com Vítima;814;BR-262/MG;Oeste;Queda de Moto;;;;1;;;;;;;0;;1;;
21/08/2021;01:00:00;27;ac03 - Acidente com Danos Materiais;109;BR-060/GO;Norte;Saida de Pista;1;;;;;;;;;;1;;;;
21/08/2021;01:20:00;33;ac03 - Acidente com Danos Materiais;554;BR-262/MG;Leste;Choque - Talude;;;1;;;;;;;;1;;;;
21/08/2021;05:38:00;94;ac03 - Acidente com Danos Materiais;368;BR-262/MG;Oeste;Colisão Traseira;1;;1;;;;;;;;2;;;;
21/08/2021;05:49:00;97;ac03 - Acidente com Danos Materiais;679;BR-262/MG;Oeste;Atropelamento - Ciclista;;1;;;;1;;;;;2;;;;
21/08/2021;10:37:00;253;ac03 - Acidente com Danos Materiais;368,3;BR-262/MG;Oeste;Engavetamento;3;;1;;;;;;;;4;;;;
21/08/2021;11:45:00;301;ac03 - Acidente com Danos Materiais;387;BR-262/MG;Leste;Capotamento;1;;;;;;;;;;5;;;;
21/08/2021;12:28:00;314;ac03 - Acidente com Danos Materiais;365;BR-262/MG;Oeste;Colisão Traseira;2;;;;;;;;;;2;;;;
21/08/2021;14:20:00;361;ac03 - Acidente com Danos Materiais;17;BR-153/MG;Norte;Saida de Pista;1;;;;;;;;;;1;;;;
21/08/2021;16:39:00;426;ac03 - Acidente com Danos Materiais;800;BR-262/MG;Oeste;Colisão Traseira;2;;;;;;;;;;2;;;;
21/08/2021;17:07:00;432;ac02 - Acidente com Vítima;889,5;BR-262/MG;Leste;Saida de Pista;;;1;;;;;;;;0;1;;;
21/08/2021;19:03:00;500;ac03 - Acidente com Danos Materiais;519;BR-262/MG;Leste;Colisão Traseira;1;;1;;;;;;;;2;;;;
21/08/2021;19:06:00;501;ac02 - Acidente com Vítima;817;BR-262/MG;Leste;Capotamento;1;;;;;;;;;;1;;2;;
21/08/2021;21:59:00;588;ac02 - Acidente com Vítima;513;BR-153/GO;Sul;Colisão Traseira;;;1;1;;;;;;;2;;;1;
21/08/2021;23:03:00;607;ac02 - Acidente com Vítima;83;BR-060/GO;Norte;Queda de Moto;;;;1;;;;;;;0;1;;;
22/08/2021;01:23:00;31;ac02 - Acidente com Vítima;508;BR-153/GO;Norte;Queda de Moto;;;;1;;;;;;;0;;1;;
22/08/2021;01:25:00;33;ac03 - Acidente com Danos Materiais;59;BR-153/MG;Norte;Colisão Traseira;;;2;;;;;;;;2;;;;
22/08/2021;02:10:00;41;ac03 - Acidente com Danos Materiais;4,1;BR-060/GO;Norte;Choque - Elemento de Drenagem;1;;;;;;;;;;1;;;;
22/08/2021;03:43:00;91;ac03 - Acidente com Danos Materiais;511,7;BR-153/GO;Sul;Colisão Traseira;1;;1;;;;;;;;2;;;;
22/08/2021;05:50:00;108;ac03 - Acidente com Danos Materiais;562;BR-153/GO;Norte;Atropelamento de Animal;1;;;;1;;;;;;5;;;;
22/08/2021;08:28:00;209;ac02 - Acidente com Vítima;8;BR-153/MG;Sul;Queda de Ciclista;;;;1;;;;;;;0;1;1;;
22/08/2021;10:51:00;354;ac03 - Acidente com Danos Materiais;693;BR-153/GO;Sul;Colisão Lateral;1;;1;;;;;;;;2;;;;
22/08/2021;12:56:00;448;ac03 - Acidente com Danos Materiais;690;BR-153/GO;Sul;Tombamento;;;1;;;;;;;;1;;;;
22/08/2021;12:59:00;450;ac02 - Acidente com Vítima;584,9;BR-262/MG;Leste;Tombamento;;;1;;;1;;;;;1;1;;;
22/08/2021;13:33:00;467;ac02 - Acidente com Vítima;113;BR-153/MG;Sul;Colisão Transversal;1;;2;;;;;;;;2;1;;;
22/08/2021;15:43:00;542;ac02 - Acidente com Vítima;113;BR-060/GO;Norte;Colisão Traseira;;;1;1;;;;;;;1;;1;;
22/08/2021;15:44:00;544;ac03 - Acidente com Danos Materiais;167;BR-153/MG;Norte;Colisão Transversal;1;;2;;;;;;;;3;;;;
22/08/2021;16:59:00;575;ac03 - Acidente com Danos Materiais;8;BR-153/MG;Norte;Saida de Pista;;;;;;;;;;1;1;;;;
22/08/2021;18:22:00;619;ac01 - Acidente com Vítima Fatal;134;BR-153/MG;Sul;Colisão Frontal;2;;1;;1;;;;;;4;1;;;1
22/08/2021;18:27:00;622;ac03 - Acidente com Danos Materiais;702;BR-153/GO;Sul;Tombamento;;;1;;;;;;;;1;;;;
22/08/2021;21:12:00;675;ac03 - Acidente com Danos Materiais;42;BR-060/GO;Sul;Colisão Traseira;1;;;;;;;;;1;2;;;;
23/08/2021;01:32:00;17;ac03 - Acidente com Danos Materiais;137;BR-153/MG;Norte;Colisão Traseira;1;;;;;1;;;;;2;;;;
23/08/2021;04:25:00;41;ac03 - Acidente com Danos Materiais;486;BR-262/MG;Leste;Choque - Outros;1;;;;;;;;;;2;;;;
23/08/2021;06:46:00;74;ac03 - Acidente com Danos Materiais;233,9;BR-153/MG;Sul;Saida de Pista;1;;;;;;;;;;1;;;;
23/08/2021;07:05:00;83;ac02 - Acidente com Vítima;507;BR-153/GO;Sul;Queda de Moto;;;;1;;1;;;;;1;1;;;
23/08/2021;07:14:00;87;ac02 - Acidente com Vítima;405;BR-262/MG;Leste;Colisão Transversal;;;1;;;;;;;1;2;;1;;
23/08/2021;07:32:00;95;ac01 - Acidente com Vítima Fatal;66,1;BR-153/MG;Norte;Colisão Traseira;1;;3;;;;;;;;3;;;1;1
23/08/2021;14:14:00;287;ac03 - Acidente com Danos Materiais;559;BR-153/GO;Sul;Saida de Pista;;;1;;;2;;;;;3;;;;
23/08/2021;15:04:00;305;ac03 - Acidente com Danos Materiais;76;BR-060/GO;Sul;Colisão Lateral;1;;1;;;;;;;;4;;;;
23/08/2021;15:19:00;311;ac02 - Acidente com Vítima;802;BR-262/MG;Oeste;Choque - Objeto sobre a pista;1;;;;;;;;;;4;1;;;
23/08/2021;15:35:00;319;ac02 - Acidente com Vítima;1,5;BR-060/DF;Sul;Atropelamento - Morador;1;;;;;;;;;;1;;;1;
23/08/2021;15:46:00;325;ac03 - Acidente com Danos Materiais;22;BR-060/DF;Norte;Atropelamento de Animal;;;;;;;;;;1;1;;;;
23/08/2021;16:05:00;335;ac03 - Acidente com Danos Materiais;109;BR-153/MG;Sul;Colisão Traseira;;;2;;;;;;;;2;;;;
23/08/2021;23:36:00;517;ac03 - Acidente com Danos Materiais;32;BR-060/GO;Sul;Choque - Arvore;1;;;;;;;;;;2;;;;
24/08/2021;06:23:00;71;ac03 - Acidente com Danos Materiais;463,5;BR-262/MG;Leste;Colisão Traseira;1;;;;;1;;;;;2;;;;
24/08/2021;09:33:00;173;ac02 - Acidente com Vítima;616;BR-262/MG;Leste;Saida de Pista;1;;;;;;;;;;0;1;;;
24/08/2021;10:42:00;201;ac02 - Acidente com Vítima;131;BR-060/GO;Sul;Queda de Moto;;;;1;;;;;;;0;1;;;
24/08/2021;14:08:00;298;ac03 - Acidente com Danos Materiais;446;BR-262/MG;Leste;Colisão Traseira;1;;;;;;;;;1;5;;;;
24/08/2021;15:20:00;332;ac03 - Acidente com Danos Materiais;546,9;BR-262/MG;Leste;Tombamento;;;1;;;;;;;;1;;;;
24/08/2021;15:34:00;341;ac03 - Acidente com Danos Materiais;95;BR-060/GO;Norte;Saida de Pista;1;;;;;;;;;;1;;;;
24/08/2021;16:33:00;363;ac03 - Acidente com Danos Materiais;525,5;BR-262/MG;Oeste;Colisão Traseira;1;;1;;;;;;;;2;;;;
24/08/2021;21:07:00;487;ac02 - Acidente com Vítima;367;BR-262/MG;Leste;Colisão Traseira;;;2;;;;;;;;4;;1;;
24/08/2021;22:54:00;529;ac01 - Acidente com Vítima Fatal;759;BR-262/MG;Oeste;Colisão Transversal;;;2;;;;;;;;1;;;;1
25/08/2021;00:30:00;10;ac03 - Acidente com Danos Materiais;365;BR-262/MG;Oeste;Atropelamento de Animal;;;1;;;;;;;;1;;;;
25/08/2021;03:28:00;40;ac02 - Acidente com Vítima;106,5;BR-153/MG;Sul;Choque - Arvore;1;;;;;;;;;;2;1;;;
25/08/2021;06:25:00;89;ac02 - Acidente com Vítima;638;BR-153/GO;Norte;Capotamento;1;;;;;;;;;;0;3;;;
25/08/2021;07:33:00;105;ac03 - Acidente com Danos Materiais;501;BR-153/GO;Sul;Colisão Traseira;3;;;;;;;;;;3;;;;
25/08/2021;08:11:00;134;ac03 - Acidente com Danos Materiais;887;BR-262/MG;Oeste;Saida de Pista;;;1;;;;;;;;1;;;;
25/08/2021;14:29:00;415;ac03 - Acidente com Danos Materiais;193;BR-153/MG;Sul;Colisão Traseira;;;1;;;1;;;;;2;;;;
25/08/2021;16:31:00;472;ac03 - Acidente com Danos Materiais;468;BR-262/MG;Oeste;Colisão Lateral;;1;;1;;;;;;;2;;;;
25/08/2021;16:41:00;479;ac03 - Acidente com Danos Materiais;26;BR-060/GO;Norte;Saida de Pista;;;1;;;1;;;;;2;;;;
25/08/2021;18:45:00;552;ac03 - Acidente com Danos Materiais;553,8;BR-262/MG;Leste;Tombamento;;;1;;;;;;;;1;;;;
25/08/2021;19:04:00;561;ac03 - Acidente com Danos Materiais;129;BR-060/GO;Norte;Saida de Pista;;;1;;;;;;;;1;;;;
26/08/2021;04:24:00;45;ac03 - Acidente com Danos Materiais;415;BR-262/MG;Leste;Saida de Pista;;;1;;;;;;;;1;;;;
26/08/2021;04:46:00;49;ac03 - Acidente com Danos Materiais;168;BR-153/MG;Sul;Colisão Lateral;;;2;;;;;;;;3;;;;
26/08/2021;06:53:00;60;ac02 - Acidente com Vítima;625;BR-262/MG;Oeste;Engavetamento;1;;4;;;1;;;;;5;1;;;
26/08/2021;12:54:00;449;ac03 - Acidente com Danos Materiais;138;BR-060/GO;Sul;Engavetamento;3;;;;;;;;;;3;;;;
26/08/2021;17:38:00;661;ac02 - Acidente com Vítima;501;BR-153/GO;Sul;Colisão Traseira;1;;;1;;1;;;;;2;1;;;
26/08/2021;19:38:00;705;ac03 - Acidente com Danos Materiais;495;BR-153/GO;Sul;Capotamento;1;;;;;;;;;;2;;;;
26/08/2021;21:37:00;742;ac02 - Acidente com Vítima;451;BR-262/MG;Leste;Saida de Pista;1;;;;;;;;;;0;1;;;
27/08/2021;06:11:00;84;ac02 - Acidente com Vítima;639,324;BR-153/GO;Norte;Colisão Traseira;;;1;;;;;;;1;2;2;;;
27/08/2021;06:35:00;88;ac02 - Acidente com Vítima;773;BR-262/MG;Leste;Tombamento;;;1;;;1;;;;;1;1;;;
27/08/2021;13:21:00;371;ac03 - Acidente com Danos Materiais;243;BR-153/MG;Sul;Colisão Lateral;1;;1;;;;;;;;2;;;;
27/08/2021;16:16:00;480;ac03 - Acidente com Danos Materiais;504,4;BR-153/GO;Norte;Engavetamento;;;2;;;2;;;;;4;;;;
27/08/2021;16:41:00;499;ac03 - Acidente com Danos Materiais;58;BR-060/GO;Sul;Queda de Moto;;;;1;;;;;;;1;;;;
27/08/2021;17:36:00;530;ac03 - Acidente com Danos Materiais;111,1;BR-060/GO;Norte;Colisão Traseira;;;;;;1;;;;1;2;;;;
27/08/2021;18:55:00;571;ac03 - Acidente com Danos Materiais;131;BR-060/GO;Norte;Colisão Traseira;1;;1;;;;;;;;2;;;;
27/08/2021;19:02:00;575;ac03 - Acidente com Danos Materiais;460;BR-262/MG;Oeste;Choque - Outros;1;;;1;;;;;;;2;;;;
27/08/2021;19:45:00;597;ac03 - Acidente com Danos Materiais;109;BR-060/GO;Sul;Choque- Placa/Suporte Sinalização;1;;;;;;;;;;2;;;;
28/08/2021;01:12:00;17;ac02 - Acidente com Vítima;42;BR-060/GO;Sul;Capotamento;1;;;;;;;;;;0;;;1;
28/08/2021;02:13:00;39;ac02 - Acidente com Vítima;439,3;BR-262/MG;Leste;Capotamento;1;;;;;;;;;;0;1;;;
28/08/2021;06:17:00;92;ac03 - Acidente com Danos Materiais;134,7;BR-153/MG;Norte;Colisão Traseira;;;2;;;;;;;;2;;;;
28/08/2021;07:27:00;107;ac03 - Acidente com Danos Materiais;639,8;BR-153/GO;Norte;Saida de Pista;1;;;;;1;;;;;3;;;;
28/08/2021;09:45:00;225;ac03 - Acidente com Danos Materiais;22,5;BR-060/GO;Norte;Queda de Moto;;;;1;;;;;;;1;;;;
28/08/2021;13:16:00;361;ac02 - Acidente com Vítima;34;BR-060/GO;Sul;Capotamento;1;;;;;;;;;;0;;;1;
28/08/2021;15:51:00;437;ac03 - Acidente com Danos Materiais;653;BR-153/GO;Norte;Colisão Traseira;;;2;;;;;;;;2;;;;
28/08/2021;16:05:00;445;ac03 - Acidente com Danos Materiais;22;BR-060/DF;Sul;Saida de Pista;1;;;;;;;;;;2;;;;
28/08/2021;17:23:00;482;ac02 - Acidente com Vítima;613;BR-153/GO;Norte;Capotamento;;;;;;;;;;1;0;;1;;
28/08/2021;17:36:00;491;ac02 - Acidente com Vítima;513;BR-153/GO;Norte;Colisão Traseira;;;1;1;;;;;;;0;3;;;
29/08/2021;00:01:00;1;ac03 - Acidente com Danos Materiais;210;BR-153/MG;Sul;Colisão Lateral;1;;1;;;;;;;;2;;;;
29/08/2021;00:57:00;15;ac02 - Acidente com Vítima;523;BR-262/MG;Leste;Saida de Pista;1;;;;;;;;;;0;1;;;
29/08/2021;05:32:00;50;ac03 - Acidente com Danos Materiais;508,8;BR-153/GO;Sul;Atropelamento de Animal;2;;;;;;;;;;2;;;;
29/08/2021;05:50:00;54;ac03 - Acidente com Danos Materiais;18;BR-060/DF;Norte;Atropelamento de Animal;1;;;;;;;;;;1;;;;
29/08/2021;06:12:00;57;ac03 - Acidente com Danos Materiais;387;BR-262/MG;Oeste;Capotamento;1;;;;;;;;;;1;;;;
29/08/2021;07:13:00;68;ac03 - Acidente com Danos Materiais;547,5;BR-153/GO;Norte;Saida de Pista;;;;;;;;;;1;1;;;;
29/08/2021;07:41:00;77;ac03 - Acidente com Danos Materiais;571;BR-153/GO;Sul;Tombamento;;;1;;;;;;;;1;;;;
29/08/2021;09:16:00;151;ac02 - Acidente com Vítima;0;BR-153/MG;Norte;Colisão Lateral;1;;1;;;;;;;2;9;1;;;
29/08/2021;09:26:00;153;ac03 - Acidente com Danos Materiais;506;BR-153/GO;Sul;Colisão Lateral;2;;;;;1;;;;;4;;;;
29/08/2021;09:52:00;178;ac02 - Acidente com Vítima;82;BR-060/GO;Sul;Queda de Moto;;;;1;;;;;;;0;1;;;
29/08/2021;10:18:00;190;ac03 - Acidente com Danos Materiais;20;BR-153/MG;Sul;Choque - Defensa;1;;;;;;;;;;1;;;;
29/08/2021;13:16:00;315;ac03 - Acidente com Danos Materiais;496;BR-153/GO;Sul;Colisão Traseira;2;;;;;;;;;;2;;;;
29/08/2021;19:19:00;478;ac03 - Acidente com Danos Materiais;384;BR-262/MG;Leste;Choque - Elemento de Drenagem;;;;;;;;;;1;1;;;;
29/08/2021;22:37:00;575;ac02 - Acidente com Vítima;801,5;BR-262/MG;Oeste;Saida de Pista;1;;;;;;;;;;0;1;;;
29/08/2021;23:35:00;588;ac02 - Acidente com Vítima;517;BR-153/GO;Sul;Capotamento;1;;;;;1;;;;;1;;;1;
30/08/2021;00:27:00;10;ac02 - Acidente com Vítima;512;BR-153/GO;Sul;Choque- Poste/Equipamento;;;;1;;;;;;;0;;1;;
30/08/2021;14:18:00;388;ac03 - Acidente com Danos Materiais;0;BR-060/DF;Sul;Colisão Lateral;1;;;1;;;;;;;5;;;;
30/08/2021;15:48:00;434;ac03 - Acidente com Danos Materiais;491,292;BR-153/GO;Norte;Tombamento;;;1;;;;;;;;1;;;;
30/08/2021;16:53:00;475;ac03 - Acidente com Danos Materiais;103,5;BR-060/GO;Sul;Colisão Lateral;;;1;;;;;;;1;2;;;;
30/08/2021;19:11:00;533;ac03 - Acidente com Danos Materiais;810;BR-262/MG;Leste;Saida de Pista;1;;;;;;;;;;1;;;;
30/08/2021;19:50:00;551;ac03 - Acidente com Danos Materiais;509;BR-153/GO;Sul;Choque - Outros;2;;;;;;;;;;2;;;;
30/08/2021;19:58:00;553;ac03 - Acidente com Danos Materiais;115;BR-060/GO;Sul;Saida de Pista;;;1;;;;;;;;1;;;;
31/08/2021;05:46:00;86;ac03 - Acidente com Danos Materiais;16;BR-153/MG;Norte;Saida de Pista;;;;;;;;;;1;1;;;;
31/08/2021;06:15:00;90;ac02 - Acidente com Vítima;504;BR-153/GO;Norte;Queda de Moto;;;;1;;;;;;;1;1;;;
31/08/2021;09:47:00;185;ac02 - Acidente com Vítima;497;BR-262/MG;Oeste;Saida de Pista;1;;;;;;;;;;2;;;1;
31/08/2021;13:37:00;391;ac02 - Acidente com Vítima;12;BR-153/MG;Sul;Saida de Pista;1;;;;;;;;;;0;;1;;
31/08/2021;19:57:00;570;ac02 - Acidente com Vítima;441;BR-262/MG;Leste;Colisão Traseira;1;;;1;;;;;;;1;;1;;
31/08/2021;20:43:00;588;ac03 - Acidente com Danos Materiais;526;BR-262/MG;Leste;Saida de Pista;1;;;;;;;;;;1;;;;
01/09/2021;01:48:00;30;ac03 - Acidente com Danos Materiais;509;BR-153/GO;Sul;Colisão Lateral;2;;;;;;;;;;2;;;;
01/09/2021;02:58:00;37;ac03 - Acidente com Danos Materiais;787,4;BR-262/MG;Oeste;Queda em Ribanceira;1;;;;;;;;;;2;;;;
01/09/2021;12:28:00;279;ac03 - Acidente com Danos Materiais;618;BR-153/GO;Sul;Saida de Pista;;;1;;;;;;;;2;;;;