data;horario;n_da_ocorrencia;tipo_de_ocorrencia;km;trecho;sentido;tipo_de_acidente;automovel;bicicleta;caminhao;moto;onibus;outros;tracao_animal;transporte_de_cargas_especiais;trator_maquinas;utilitarios;ilesos;levemente_feridos;moderadamente_feridos;gravemente_feridos;mortos
01/09/2021;15:50:00;408;ac03 - Acidente com Danos Materiais;507;BR-153/GO;Sul;Engavetamento;4;;2;;;;;;;1;7;;;;
01/09/2021;17:33:00;457;ac02 - Acidente com Vítima;504;BR-153/GO;Sul;Queda de Moto;;;;1;;;;;;;0;2;;;
01/09/2021;17:56:00;468;ac03 - Acidente com Danos Materiais;505;BR-153/GO;Sul;Colisão Traseira;1;;;1;;;;;;;2;;;;
01/09/2021;20:02:00;537;ac02 - Acidente com Vítima;431;BR-262/MG;Oeste;Tombamento;;;1;;;;;;;;0;1;;;
02/09/2021;01:27:00;24;ac03 - Acidente com Danos Materiais;525;BR-153/GO;Norte;Queda de Moto;;;;1;;;;;;;1;;;;
02/09/2021;07:05:00;147;ac03 - Acidente com Danos Materiais;568;BR-153/GO;Sul;Atropelamento de Animal;1;;;;;;;;;;1;;;;
02/09/2021;07:08:00;150;ac03 - Acidente com Danos Materiais;427;BR-262/MG;Oeste;Queda de Moto;;;;1;;;;;;;1;;;;
02/09/2021;07:47:00;168;ac03 - Acidente com Danos Materiais;99,5;BR-060/GO;Norte;Capotamento;1;;;;;;;;;;1;;;;
02/09/2021;12:26:00;419;ac03 - Acidente com Danos Materiais;554;BR-262/MG;Leste;Colisão Traseira;;;2;;;;;;;;2;;;;
02/09/2021;13:57:00;465;ac02 - Acidente com Vítima;414;BR-262/MG;Oeste;Capotamento;1;;;;;;;;;;2;1;;;
02/09/2021;16:01:00;575;ac03 - Acidente com Danos Materiais;702;BR-153/GO;Sul;Colisão Traseira;;;2;;;;;;;;2;;;;
02/09/2021;18:52:00;696;ac03 - Acidente com Danos Materiais;514;BR-153/GO;Norte;Colisão Transversal;1;;;;;;;;;1;2;;;;
03/09/2021;03:32:00;68;ac02 - Acidente com Vítima;709;BR-262/MG;Leste;Colisão Traseira;1;;1;;;;;;;;1;;;1;
03/09/2021;05:01:00;82;ac03 - Acidente com Danos Materiais;495,2;BR-153/GO;Sul;Colisão Traseira;;;2;;;;;;;;2;;;;
03/09/2021;06:39:00;118;ac03 - Acidente com Danos Materiais;100;BR-060/GO;Sul;Atropelamento - Usuário;;;;1;;;;;;;2;;;;
03/09/2021;06:56:00;120;ac02 - Acidente com Vítima;494;BR-153/GO;Sul;Colisão Traseira;1;;2;;;;;;;;2;;;1;
03/09/2021;08:06:00;157;ac03 - Acidente com Danos Materiais;29;BR-153/MG;Sul;Colisão Traseira;;;2;;;;;;;;2;;;;
03/09/2021;08:22:00;169;ac03 - Acidente com Danos Materiais;509;BR-153/GO;Norte;Queda de Moto;;;;1;;;;;;;1;;;;
03/09/2021;09:50:00;219;ac03 - Acidente com Danos Materiais;500;BR-153/GO;Norte;Colisão Traseira;1;;;1;;;;;;;2;;;;
03/09/2021;11:55:00;299;ac03 - Acidente com Danos Materiais;5;BR-060/DF;Sul;Colisão Traseira;1;;1;;;1;;;;;7;;;;
03/09/2021;14:43:00;365;ac03 - Acidente com Danos Materiais;501;BR-153/GO;Norte;Engavetamento;3;;;;;;;;;;3;;;;
03/09/2021;15:28:00;405;ac03 - Acidente com Danos Materiais;469;BR-262/MG;Leste;Colisão Traseira;;;;;;;;;;2;2;;;;
03/09/2021;15:52:00;458;ac03 - Acidente com Danos Materiais;511,9;BR-153/GO;Sul;Colisão Traseira;2;;;;;;;;;;2;;;;
03/09/2021;16:39:00;478;ac03 - Acidente com Danos Materiais;763;BR-262/MG;Leste;Saida de Pista;;;;;;1;;;;1;3;;;;
03/09/2021;19:12:00;564;ac03 - Acidente com Danos Materiais;0;BR-060/GO;Sul;Saida de Pista;1;;;;;2;;;;;6;;;;
03/09/2021;19:15:00;567;ac03 - Acidente com Danos Materiais;501;BR-153/GO;Sul;Engavetamento;2;;;;;1;;;;;3;;;;
03/09/2021;19:55:00;585;ac03 - Acidente com Danos Materiais;12;BR-060/DF;Sul;Engavetamento;3;;;;;;;;;;3;;;;
03/09/2021;20:35:00;605;ac03 - Acidente com Danos Materiais;246;BR-153/MG;Norte;Choque - Outros;1;;;;;;;;;;1;;;;
03/09/2021;23:54:00;677;ac03 - Acidente com Danos Materiais;27;BR-153/MG;Sul;Saida de Pista;1;;;;;;;;;;1;;;;
04/09/2021;03:58:00;44;ac03 - Acidente com Danos Materiais;2;BR-060/GO;Norte;Choque- Placa/Suporte Sinalização;;;1;;;;;;;;1;;;;
04/09/2021;07:28:00;93;ac03 - Acidente com Danos Materiais;223;BR-153/MG;Sul;Choque - Outros;;;1;;;;;;;;1;;;;
04/09/2021;11:49:00;252;ac02 - Acidente com Vítima;40;BR-060/GO;Sul;Capotamento;1;;;;;;;;;;0;;;1;
04/09/2021;13:13:00;281;ac03 - Acidente com Danos Materiais;60,5;BR-060/GO;Sul;Colisão Transversal;;;1;;;1;;;;;2;;;;
04/09/2021;15:59:00;370;ac03 - Acidente com Danos Materiais;123;BR-060/GO;Sul;Capotamento;1;;;;;;;;;;1;;;;
04/09/2021;17:38:00;429;ac02 - Acidente com Vítima;546;BR-153/GO;Sul;Queda de Moto;;;;1;;;;;;;0;1;;;
04/09/2021;19:41:00;487;ac02 - Acidente com Vítima;46;BR-153/MG;Sul;Saida de Pista;1;;;;;;;;;;0;1;;;
04/09/2021;20:11:00;500;ac03 - Acidente com Danos Materiais;499,8;BR-153/GO;Sul;Engavetamento;3;;;;;;;;;;3;;;;
04/09/2021;20:37:00;515;ac03 - Acidente com Danos Materiais;511;BR-153/GO;Sul;Colisão Traseira;1;;;1;;;;;;;2;;;;
04/09/2021;22:45:00;547;ac03 - Acidente com Danos Materiais;5,5;BR-060/DF;Norte;Colisão Frontal;2;;;;;;;;;;2;;;;
05/09/2021;01:38:00;16;ac02 - Acidente com Vítima;8;BR-060/DF;Sul;Saida de Pista;1;;1;;;;;;;;1;;2;;
05/09/2021;01:48:00;18;ac02 - Acidente com Vítima;92;BR-060/GO;Sul;Colisão Transversal;2;;;;;;;;;;1;1;;;
05/09/2021;02:44:00;26;ac03 - Acidente com Danos Materiais;496;BR-153/GO;Sul;Colisão Traseira;1;;;;1;;;;;;2;;;;
05/09/2021;05:24:00;51;ac03 - Acidente com Danos Materiais;178,3;BR-153/MG;Norte;Saida de Pista;1;;;;;;;;;;1;;;;
05/09/2021;08:49:00;132;ac03 - Acidente com Danos Materiais;4;BR-060/DF;Sul;Colisão Traseira;1;;;;;;;;;1;3;;;;
05/09/2021;11:48:00;244;ac02 - Acidente com Vítima;419;BR-262/MG;Leste;Capotamento;1;;;;;;;;;;0;1;1;;
05/09/2021;16:55:00;405;ac03 - Acidente com Danos Materiais;47,5;BR-060/GO;Norte;Capotamento;1;;;;;;;;;;1;;;;
05/09/2021;17:27:00;416;ac03 - Acidente com Danos Materiais;377;BR-262/MG;Leste;Colisão Traseira;1;;1;;;;;;;;2;;;;
05/09/2021;18:31:00;451;ac02 - Acidente com Vítima;3;BR-060/DF;Sul;Colisão Lateral;1;;;1;;;;;;;1;1;;;
05/09/2021;20:33:00;524;ac03 - Acidente com Danos Materiais;27;BR-060/GO;Norte;Choque - Talude;1;;;;;;;;;;5;;;;
05/09/2021;20:44:00;528;ac03 - Acidente com Danos Materiais;354;BR-262/MG;Oeste;Capotamento;1;;;;;;;;;;1;;;;
05/09/2021;21:19:00;541;ac03 - Acidente com Danos Materiais;364;BR-262/MG;Leste;Colisão Traseira;2;;;;;;;;;;2;;;;
05/09/2021;22:13:00;564;ac03 - Acidente com Danos Materiais;646;BR-153/GO;Norte;Tombamento;;;1;;;;;;;;1;;;;
06/09/2021;08:32:00;115;ac02 - Acidente com Vítima;358;BR-262/MG;Oeste;Capotamento;1;;;;;;;;;;0;;1;;
06/09/2021;12:10:00;279;ac03 - Acidente com Danos Materiais;4;BR-060/DF;Sul;Colisão Traseira;2;;;;;;;;;;2;;;;
06/09/2021;12:48:00;292;ac02 - Acidente com Vítima;522;BR-153/GO;Sul;Queda de Moto;;;;1;;;;;;;0;1;;;
06/09/2021;14:15:00;333;ac03 - Acidente com Danos Materiais;136,4;BR-060/GO;Sul;Tombamento;1;;1;;;;;;;;2;;;;
06/09/2021;18:12:00;497;ac03 - Acidente com Danos Materiais;382;BR-262/MG;Oeste;Saida de Pista;;;1;;;;;;;;1;;;;
07/09/2021;16:45:00;606;ac02 - Acidente com Vítima;427;BR-262/MG;Leste;Queda de Ciclista;;;;1;;;;;;;0;1;;;
07/09/2021;18:33:00;675;ac02 - Acidente com Vítima;418;BR-262/MG;Oeste;Queda de Moto;1;;;1;;;;;;;1;1;;;
07/09/2021;22:14:00;778;ac03 - Acidente com Danos Materiais;5,2;BR-060/DF;Norte;Saida de Pista;1;;;;;;;;;;2;;;;
08/09/2021;05:59:00;81;ac03 - Acidente com Danos Materiais;777;BR-262/MG;Leste;Saida de Pista;;;1;;;;;;;;1;;;;
08/09/2021;07:10:00;98;ac02 - Acidente com Vítima;631;BR-153/GO;Sul;Colisão Traseira;1;;1;;;;;;;;1;;1;;
08/09/2021;07:44:00;112;ac03 - Acidente com Danos Materiais;378;BR-262/MG;Leste;Saida de Pista;1;;;;;;;;;;1;;;;
08/09/2021;10:42:00;257;ac03 - Acidente com Danos Materiais;499,9;BR-153/GO;Sul;Engavetamento;3;;;;;;;;;;3;;;;
08/09/2021;14:56:00;380;ac03 - Acidente com Danos Materiais;777;BR-262/MG;Oeste;Colisão Lateral;1;;;;;;;;;1;8;;;;
08/09/2021;15:17:00;392;ac02 - Acidente com Vítima;89;BR-060/GO;Norte;Colisão Traseira;;;;1;;1;;;;;1;;1;;
08/09/2021;16:54:00;422;ac03 - Acidente com Danos Materiais;562;BR-262/MG;Oeste;Colisão Lateral;1;;;;;1;;;;;2;;;;
08/09/2021;22:55:00;617;ac02 - Acidente com Vítima;360;BR-262/MG;Oeste;Queda de Moto;;;;1;;;;;;;0;;;2;
09/09/2021;06:11:00;49;ac02 - Acidente com Vítima;507;BR-153/GO;Sul;Queda de Moto;;;;1;;;;;;;0;;1;;
09/09/2021;07:09:00;58;ac03 - Acidente com Danos Materiais;101;BR-060/GO;Norte;Colisão Lateral;1;;;1;;;;;;;2;;;;
09/09/2021;08:04:00;89;ac03 - Acidente com Danos Materiais;399;BR-262/MG;Leste;Colisão Traseira;1;;;;;1;;;;;2;;;;
09/09/2021;09:39:00;132;ac01 - Acidente com Vítima Fatal;82,411;BR-153/MG;Norte;Colisão Traseira;;;1;;;;;;;1;0;;;;2
09/09/2021;09:59:00;140;ac03 - Acidente com Danos Materiais;426;BR-262/MG;Oeste;Capotamento;1;;;;;;;;;;1;;;;
09/09/2021;11:03:00;174;ac02 - Acidente com Vítima;101;BR-060/GO;Norte;Colisão Lateral;;;;1;;;;;;1;1;1;;;
09/09/2021;14:28:00;267;ac03 - Acidente com Danos Materiais;163;BR-153/MG;Norte;Colisão Traseira;;;2;;;;;;;;2;;;;
09/09/2021;15:56:00;314;ac03 - Acidente com Danos Materiais;403,215;BR-262/MG;Leste;Choque - Defensa;1;;;;;;;;;;1;;;;
09/09/2021;16:31:00;336;ac03 - Acidente com Danos Materiais;363;BR-262/MG;Oeste;Colisão Traseira;2;;;;;;;;;;2;;;;
09/09/2021;17:42:00;361;ac03 - Acidente com Danos Materiais;503;BR-153/GO;Sul;Colisão Traseira;1;;1;;;;;;;;2;;;;
09/09/2021;17:58:00;373;ac02 - Acidente com Vítima;488,9;BR-262/MG;Oeste;Saida de Pista;;;1;;;;;;;;0;3;;;
09/09/2021;20:46:00;452;ac03 - Acidente com Danos Materiais;477;BR-262/MG;Oeste;Colisão Lateral;1;;1;;;;;;;;2;;;;
09/09/2021;21:43:00;465;ac03 - Acidente com Danos Materiais;524;BR-262/MG;Oeste;Colisão Lateral;1;;1;;;;;;;;2;;;;
09/09/2021;22:48:00;481;ac02 - Acidente com Vítima;21;BR-153/MG;Sul;Saida de Pista;1;;;;;;;;;;0;;1;;
10/09/2021;01:06:00;37;ac03 - Acidente com Danos Materiais;114;BR-060/GO;Sul;Saida de Pista;2;;;;;;;;;1;3;;;;
10/09/2021;08:38:00;140;ac02 - Acidente com Vítima;2,3;BR-060/GO;Norte;Queda de Moto;;;1;1;;;;;;;1;;1;;
10/09/2021;11:00:00;229;ac03 - Acidente com Danos Materiais;107;BR-060/GO;Sul;Colisão Traseira;1;;1;;;;;;;;2;;;;
10/09/2021;13:08:00;296;ac02 - Acidente com Vítima;513;BR-153/GO;Norte;Queda de Ciclista;;;;1;;;;;;;0;1;;;
10/09/2021;16:36:00;375;ac03 - Acidente com Danos Materiais;20;BR-060/GO;Norte;Colisão Traseira;2;;;;;;;;;;2;;;;
10/09/2021;18:59:00;451;ac03 - Acidente com Danos Materiais;32;BR-060/GO;Sul;Saida de Pista;1;;;;;;;;;;1;;;;
10/09/2021;19:00:00;452;ac03 - Acidente com Danos Materiais;74,8;BR-153/MG;Norte;Colisão Traseira;;;2;;;;;;;;2;;;;
10/09/2021;20:31:00;498;ac01 - Acidente com Vítima Fatal;434;BR-262/MG;Oeste;Capotamento;2;;;;;;;;;;1;;;;1
10/09/2021;20:49:00;506;ac03 - Acidente com Danos Materiais;535;BR-153/GO;Norte;Saida de Pista;1;;;;;;;;;;1;;;;
11/09/2021;06:29:00;67;ac03 - Acidente com Danos Materiais;52;BR-060/GO;Sul;Saida de Pista;;;1;;;;;;;;1;;;;
11/09/2021;14:41:00;386;ac02 - Acidente com Vítima;75;BR-060/GO;Sul;Queda de Moto;;;;1;;;;;;;0;1;1;;
11/09/2021;18:04:00;501;ac02 - Acidente com Vítima;366;BR-262/MG;Oeste;Colisão Lateral;2;;;;;;;;;;3;2;;;
11/09/2021;18:52:00;515;ac02 - Acidente com Vítima;13;BR-153/MG;Norte;Capotamento;1;;;;;;;;;;0;;1;;
11/09/2021;20:13:00;541;ac02 - Acidente com Vítima;428,5;BR-262/MG;Oeste;Capotamento;1;;;;;;;;;;0;;;1;
11/09/2021;22:41:00;575;ac02 - Acidente com Vítima;410;BR-262/MG;Leste;Colisão Lateral;1;;;;1;;;;;;2;2;;;
11/09/2021;23:21:00;592;ac03 - Acidente com Danos Materiais;663;BR-153/GO;Sul;Colisão Lateral;1;;1;;;;;;;;2;;;;
12/09/2021;00:46:00;10;ac03 - Acidente com Danos Materiais;373;BR-262/MG;Leste;Saida de Pista;1;;;;;;;;;;1;;;;
12/09/2021;01:46:00;19;ac03 - Acidente com Danos Materiais;511,7;BR-153/GO;Sul;Colisão Traseira;1;;1;1;;;;;;;3;;;;
12/09/2021;07:27:00;88;ac03 - Acidente com Danos Materiais;108;BR-153/MG;Sul;Saida de Pista;1;;;;;1;;;;;2;;;;
12/09/2021;09:32:00;147;ac03 - Acidente com Danos Materiais;383;BR-262/MG;Oeste;Capotamento;1;;;;;;;;;;1;;;;
12/09/2021;10:48:00;203;ac03 - Acidente com Danos Materiais;63;BR-153/MG;Norte;Tombamento;;;1;;;1;;;;;2;;;;
12/09/2021;14:17:00;280;ac02 - Acidente com Vítima;481;BR-262/MG;Leste;Capotamento;1;;;;;;;;;;0;2;3;;
12/09/2021;14:38:00;286;ac02 - Acidente com Vítima;785;BR-262/MG;Oeste;Saida de Pista;1;;;;;;;;;;0;2;;;
12/09/2021;18:42:00;384;ac03 - Acidente com Danos Materiais;460;BR-262/MG;Leste;Saida de Pista;;;2;;;;;;;1;3;;;;
12/09/2021;19:24:00;404;ac02 - Acidente com Vítima;815;BR-262/MG;Oeste;Colisão Traseira;1;;;1;;;;;;;1;;1;;
12/09/2021;20:32:00;436;ac02 - Acidente com Vítima;529;BR-153/GO;Sul;Queda de Ciclista;1;1;;;;;;;;;1;1;;;
13/09/2021;01:15:00;28;ac03 - Acidente com Danos Materiais;364;BR-262/MG;Leste;Atropelamento de Animal;1;;;;;;;;;;1;;;;
13/09/2021;05:25:00;61;ac02 - Acidente com Vítima;15;BR-060/GO;Sul;Colisão Traseira;;;1;;1;;;;;;42;;;2;
13/09/2021;05:39:00;63;ac02 - Acidente com Vítima;399;BR-262/MG;Oeste;Saida de Pista;1;;;;;;;;;;1;2;;;
13/09/2021;09:51:00;153;ac03 - Acidente com Danos Materiais;197;BR-153/MG;Sul;Colisão Traseira;1;;;;;;;;;1;2;;;;
13/09/2021;11:29:00;199;ac03 - Acidente com Danos Materiais;107;BR-060/GO;Sul;Colisão Traseira;2;;;;;;;;;;2;;;;
13/09/2021;14:40:00;263;ac03 - Acidente com Danos Materiais;521;BR-153/GO;Norte;Tombamento;;;2;;;1;;;;1;5;;;;
13/09/2021;17:38:00;332;ac03 - Acidente com Danos Materiais;555;BR-153/GO;Sul;Capotamento;1;;;;;;;;;;1;;;;
14/09/2021;03:13:00;30;ac03 - Acidente com Danos Materiais;547;BR-153/GO;Norte;Capotamento;1;;;;;;;;;;3;;;;
14/09/2021;04:14:00;34;ac03 - Acidente com Danos Materiais;138;BR-153/MG;Sul;Colisão Lateral;;;2;;;;;;;;2;;;;
14/09/2021;05:46:00;49;ac03 - Acidente com Danos Materiais;506,2;BR-153/GO;Sul;Choque - Defensa;;;;1;;;;;;;1;;;;
14/09/2021;06:20:00;59;ac03 - Acidente com Danos Materiais;577;BR-262/MG;Leste;Colisão Lateral;2;;;;;;;;;;2;;;;
14/09/2021;07:28:00;89;ac02 - Acidente com Vítima;509;BR-153/GO;Norte;Colisão Traseira;1;;;1;;;;;;;1;1;;;
14/09/2021;07:42:00;95;ac03 - Acidente com Danos Materiais;493;BR-153/GO;Sul;Colisão Traseira;;;1;1;;;;;;;2;;;;
14/09/2021;08:12:00;112;ac03 - Acidente com Danos Materiais;502;BR-153/GO;Norte;Engavetamento;5;;;;;;;;;;5;;;;
14/09/2021;12:51:00;286;ac02 - Acidente com Vítima;497;BR-153/GO;Sul;Colisão Traseira;;;2;;;;;;;;1;1;;;
14/09/2021;16:04:00;389;ac03 - Acidente com Danos Materiais;57,9;BR-153/MG;Sul;Capotamento;1;;;;;1;;;;;3;;;;
14/09/2021;16:42:00;419;ac03 - Acidente com Danos Materiais;798;BR-262/MG;Oeste;Engavetamento;3;;;;;;;;;;6;;;;
14/09/2021;19:33:00;494;ac02 - Acidente com Vítima;8;BR-060/GO;Sul;Colisão Traseira;1;;;1;;;;;;;1;;1;;
14/09/2021;20:32:00;515;ac03 - Acidente com Danos Materiais;70;BR-060/GO;Norte;Colisão Traseira;1;1;;;;;;;;;2;;;;
14/09/2021;22:18:00;560;ac03 - Acidente com Danos Materiais;526;BR-262/MG;Oeste;Colisão Traseira;;;2;;;1;;;;;3;;;;
15/09/2021;07:15:00;97;ac03 - Acidente com Danos Materiais;431;BR-262/MG;Oeste;Tombamento;;;1;;;;;;;;1;;;;
15/09/2021;09:20:00;191;ac03 - Acidente com Danos Materiais;365,5;BR-262/MG;Leste;Colisão Traseira;1;;;1;;;;;;;2;;;;
15/09/2021;18:29:00;517;ac03 - Acidente com Danos Materiais;671;BR-262/MG;Oeste;Colisão Traseira;1;;1;;;;;;;;3;;;;
15/09/2021;21:40:00;593;ac02 - Acidente com Vítima;118;BR-060/GO;Sul;Colisão Transversal;1;;;;;;;;;1;1;;;1;
15/09/2021;23:17:00;614;ac02 - Acidente com Vítima;510;BR-153/GO;Norte;Queda de Ciclista;;;;1;;;;;;;0;;1;;
16/09/2021;02:42:00;31;ac03 - Acidente com Danos Materiais;397;BR-262/MG;Oeste;Saida de Pista;1;;;;;;;;;;1;;;;
16/09/2021;05:27:00;75;ac03 - Acidente com Danos Materiais;778,5;BR-262/MG;Leste;Colisão Traseira;1;;;;;1;;;;;2;;;;
16/09/2021;07:39:00;129;ac03 - Acidente com Danos Materiais;563;BR-262/MG;Leste;Tombamento;;;1;;;1;;;;;2;;;;
16/09/2021;11:18:00;300;ac03 - Acidente com Danos Materiais;485;BR-262/MG;Oeste;Saida de Pista;1;;;;;;;;;;1;;;;
16/09/2021;15:32:00;414;ac02 - Acidente com Vítima;94;BR-060/GO;Sul;Choque - Talude;1;;;;;;;;;;0;1;;;
16/09/2021;17:09:00;450;ac03 - Acidente com Danos Materiais;676,8;BR-153/GO;Sul;Capotamento;1;;;;;;;;;;1;;;;
16/09/2021;18:36:00;487;ac03 - Acidente com Danos Materiais;497;BR-153/GO;Norte;Engavetamento;3;;;;;;;;;;3;;;;
16/09/2021;20:59:00;565;ac03 - Acidente com Danos Materiais;3;BR-060/DF;Norte;Capotamento;1;;;;;;;;;;1;;;;
17/09/2021;03:55:00;94;ac02 - Acidente com Vítima;625;BR-262/MG;Oeste;Colisão Traseira;;;2;;;;;;;;1;1;;;
17/09/2021;04:08:00;96;ac03 - Acidente com Danos Materiais;413;BR-262/MG;Leste;Tombamento;;;1;;;;;;;;1;;;;
17/09/2021;07:19:00;151;ac03 - Acidente com Danos Materiais;471,5;BR-262/MG;Oeste;Colisão Traseira;1;;1;;;;;;;;2;;;;
17/09/2021;08:08:00;177;ac02 - Acidente com Vítima;2;BR-060/DF;Norte;Colisão Lateral;1;;;1;;;;;;;1;;2;;
17/09/2021;10:43:00;353;ac03 - Acidente com Danos Materiais;571;BR-262/MG;Leste;Colisão Lateral;1;;1;;;;;;;;2;;;;
17/09/2021;14:17:00;437;ac02 - Acidente com Vítima;19;BR-060/GO;Sul;Queda de Moto;;;;1;;;;;;;0;1;1;;
17/09/2021;15:27:00;460;ac03 - Acidente com Danos Materiais;604;BR-153/GO;Sul;Capotamento;1;;;;;;;;;;1;;;;
17/09/2021;16:12:00;478;ac03 - Acidente com Danos Materiais;505;BR-153/GO;Sul;Colisão Traseira;1;;;1;;;;;;;2;;;;
17/09/2021;18:48:00;563;ac03 - Acidente com Danos Materiais;210;BR-153/MG;Sul;Saida de Pista;1;;;;;;;;;;1;;;;
17/09/2021;22:25:00;646;ac02 - Acidente com Vítima;51,8;BR-153/MG;Sul;Colisão Traseira;;;2;;;;;;;;1;1;;;
18/09/2021;03:07:00;39;ac02 - Acidente com Vítima;579,8;BR-153/GO;Sul;Capotamento;1;;;;;;;;;;0;1;;;
18/09/2021;06:32:00;99;ac02 - Acidente com Vítima;362;BR-262/MG;Oeste;Capotamento;1;;;;;;;;;;0;1;;;
18/09/2021;07:08:00;106;ac03 - Acidente com Danos Materiais;362;BR-262/MG;Oeste;Colisão Traseira;2;;;;;;;;;;5;;;;
18/09/2021;10:23:00;239;ac03 - Acidente com Danos Materiais;93;BR-060/GO;Sul;Choque - Defensa;1;;;;;;;;;;3;;;;
18/09/2021;10:29:00;243;ac03 - Acidente com Danos Materiais;7;BR-060/DF;Sul;Colisão Traseira;2;;;;;;;;;;4;;;;
18/09/2021;13:22:00;381;ac03 - Acidente com Danos Materiais;499;BR-262/MG;Oeste;Capotamento;2;;;;;;;;;;2;;;;
18/09/2021;14:58:00;422;ac02 - Acidente com Vítima;374;BR-262/MG;Leste;Colisão Traseira;2;;;;;;;;;;2;1;;;
18/09/2021;15:34:00;449;ac03 - Acidente com Danos Materiais;607;BR-262/MG;Leste;Saida de Pista;1;;;;;;;;;;1;;;;
18/09/2021;16:10:00;486;ac03 - Acidente com Danos Materiais;94;BR-153/MG;Sul;Engavetamento;1;;2;;;;;;;;7;;;;
18/09/2021;18:48:00;586;ac03 - Acidente com Danos Materiais;4;BR-060/DF;Sul;Colisão Traseira;2;;;;;;;;;;2;;;;
18/09/2021;20:12:00;626;ac03 - Acidente com Danos Materiais;508;BR-153/GO;Norte;Saida de Pista;1;;;;;;;;;;1;;;;
19/09/2021;02:33:00;40;ac02 - Acidente com Vítima;7;BR-060/DF;Norte;Saida de Pista;1;;;;;;;;;;0;1;;;
19/09/2021;06:31:00;92;ac02 - Acidente com Vítima;496;BR-153/GO;Norte;Queda de Moto;;;;1;;;;;;;0;;1;;
19/09/2021;07:24:00;114;ac03 - Acidente com Danos Materiais;645,8;BR-153/GO;Norte;Saida de Pista;1;;;;;;;;;;1;;;;
19/09/2021;11:01:00;259;ac03 - Acidente com Danos Materiais;107;BR-060/GO;Sul;Saida de Pista;1;;;;;;;;;;1;;;;
19/09/2021;15:52:00;437;ac02 - Acidente com Vítima;599;BR-153/GO;Sul;Capotamento;1;;;;;;;;;;0;1;;;
19/09/2021;15:55:00;439;ac01 - Acidente com Vítima Fatal;548;BR-262/MG;Oeste;Colisão Frontal;;;1;1;;;;;;;1;;;;1
19/09/2021;16:29:00;458;ac03 - Acidente com Danos Materiais;128;BR-060/GO;Norte;Capotamento;3;;;;;;;;;;7;;;;
19/09/2021;16:53:00;474;ac03 - Acidente com Danos Materiais;548;BR-153/GO;Norte;Colisão Lateral;1;;;;;;;;;;1;;;;
19/09/2021;17:52:00;511;ac03 - Acidente com Danos Materiais;429;BR-262/MG;Leste;Tombamento;;;1;;;1;;;;;2;;;;
19/09/2021;19:38:00;565;ac03 - Acidente com Danos Materiais;30;BR-060/DF;Norte;Atropelamento de Animal;1;;;;;;;;;;2;;;;
19/09/2021;19:51:00;577;ac03 - Acidente com Danos Materiais;30;BR-060/DF;Norte;Atropelamento de Animal;1;;;;;;;;;;3;;;;
19/09/2021;21:19:00;618;ac02 - Acidente com Vítima;513;BR-153/GO;Sul;Queda de Moto;;;;1;;;;;;;0;;;1;
20/09/2021;01:43:00;31;ac03 - Acidente com Danos Materiais;101;BR-060/GO;Norte;Tombamento;1;;;;;;;;;;1;;;;
20/09/2021;03:17:00;44;ac03 - Acidente com Danos Materiais;678;BR-153/GO;Norte;Tombamento;;;1;;;;;;;;1;;;;
20/09/2021;04:06:00;47;ac03 - Acidente com Danos Materiais;21;BR-060/DF;Norte;Atropelamento de Animal;;;;;;;;;;1;3;;;;
20/09/2021;07:52:00;110;ac03 - Acidente com Danos Materiais;502;BR-153/GO;Norte;Colisão Traseira;;;1;;;;;;;1;2;;;;
20/09/2021;08:31:00;136;ac03 - Acidente com Danos Materiais;668,7;BR-153/GO;Norte;Saida de Pista;1;;;;;;;;;;1;;;;
20/09/2021;10:06:00;204;ac03 - Acidente com Danos Materiais;97;BR-060/GO;Norte;Capotamento;2;;;;;;;;;;2;;;;
20/09/2021;10:32:00;227;ac03 - Acidente com Danos Materiais;492;BR-153/GO;Norte;Saida de Pista;1;;;;;;;;;;1;;;;
20/09/2021;10:59:00;232;ac03 - Acidente com Danos Materiais;89;BR-060/GO;Norte;Colisão Traseira;2;;;;;;;;;;2;;;;
20/09/2021;12:25:00;282;ac03 - Acidente com Danos Materiais;97;BR-060/GO;Sul;Colisão Lateral;1;;;;1;;;;;;2;;;;
20/09/2021;15:18:00;398;ac03 - Acidente com Danos Materiais;134;BR-153/MG;Sul;Engavetamento;1;;2;;1;;;;;;4;;;;