data;horario;n_da_ocorrencia;tipo_de_ocorrencia;km;trecho;sentido;tipo_de_acidente;automovel;bicicleta;caminhao;moto;onibus;outros;tracao_animal;transporte_de_cargas_especiais;trator_maquinas;utilitarios;ilesos;levemente_feridos;moderadamente_feridos;gravemente_feridos;mortos
20/09/2021;17:01:00;459;ac01 - Acidente com Vítima Fatal;517,1;BR-262/MG;Leste;Tombamento;;;1;;;2;;;;;2;;;;1
20/09/2021;19:16:00;500;ac03 - Acidente com Danos Materiais;0;BR-060/GO;Sul;Colisão Traseira;1;;1;;;;;;;;2;;;;
21/09/2021;10:15:00;231;ac02 - Acidente com Vítima;13;BR-060/GO;Sul;Capotamento;1;;1;;;;;;;;2;2;1;;
21/09/2021;11:01:00;274;ac01 - Acidente com Vítima Fatal;148;BR-153/MG;Sul;Colisão Lateral;1;;1;;;;;;;;1;;;;2
21/09/2021;11:43:00;291;ac02 - Acidente com Vítima;811;BR-262/MG;Leste;Capotamento;1;;;;;;;;;;0;1;;;
21/09/2021;12:53:00;312;ac02 - Acidente com Vítima;385,8;BR-262/MG;Oeste;Tombamento;;;1;;;;;;;;0;;1;;
21/09/2021;17:41:00;380;ac02 - Acidente com Vítima;353;BR-262/MG;Leste;Choque - Barreira;1;;;;;;;;;;0;;1;;
21/09/2021;18:01:00;391;ac02 - Acidente com Vítima;584,5;BR-262/MG;Oeste;Carreta deu L;;;1;;;;;;;;0;1;;;
21/09/2021;18:49:00;446;ac02 - Acidente com Vítima;501;BR-153/GO;Norte;Colisão Traseira;1;;;1;;;;;;;1;1;;;
22/09/2021;03:10:00;46;ac03 - Acidente com Danos Materiais;512;BR-262/MG;Oeste;Atropelamento de Animal;;;1;;;;;;;;1;;;;
22/09/2021;05:58:00;105;ac02 - Acidente com Vítima;47,5;BR-060/GO;Norte;Capotamento;;;1;;;;;;;;0;;;1;
22/09/2021;06:02:00;108;ac02 - Acidente com Vítima;46,5;BR-060/GO;Norte;Engavetamento;;;3;;;;;;;;2;;;1;
22/09/2021;08:04:00;163;ac03 - Acidente com Danos Materiais;612;BR-262/MG;Leste;Tombamento;;;1;;;;;;;;1;;;;
22/09/2021;09:25:00;206;ac03 - Acidente com Danos Materiais;541,95;BR-153/GO;Sul;Tombamento;;;1;;;;;;;;1;;;;
22/09/2021;11:37:00;287;ac03 - Acidente com Danos Materiais;507;BR-153/GO;Sul;Colisão Traseira;1;;1;;;;;;;;2;;;;
22/09/2021;13:09:00;329;ac03 - Acidente com Danos Materiais;104;BR-060/GO;Sul;Saida de Pista;;;;;;;;;;1;1;;;;
22/09/2021;17:30:00;471;ac02 - Acidente com Vítima;113;BR-060/GO;Norte;Colisão Traseira;1;;;;;;;;;1;1;1;;;
23/09/2021;07:17:00;117;ac03 - Acidente com Danos Materiais;101;BR-060/GO;Sul;Colisão Transversal;1;;1;;;;;;;;2;;;;
23/09/2021;08:09:00;150;ac03 - Acidente com Danos Materiais;503;BR-153/GO;Norte;Engavetamento;1;;2;;;;;;;;3;;;;
23/09/2021;09:50:00;248;ac03 - Acidente com Danos Materiais;23;BR-153/MG;Sul;Saida de Pista;;;1;;;;;;;1;11;;;;
23/09/2021;10:28:00;302;ac03 - Acidente com Danos Materiais;3;BR-060/DF;Sul;Capotamento;1;;;;;;;;;;1;;;;
23/09/2021;12:09:00;380;ac03 - Acidente com Danos Materiais;513;BR-153/GO;Norte;Queda de Ciclista;;;1;1;;;;;;;2;;;;
23/09/2021;17:37:00;550;ac03 - Acidente com Danos Materiais;674,4;BR-153/GO;Norte;Colisão Lateral;;;1;;;;;;;;1;;;;
24/09/2021;07:41:00;98;ac02 - Acidente com Vítima;1;BR-060/DF;Sul;Colisão Lateral;1;;;1;;;;;;;1;1;;;
24/09/2021;08:11:00;126;ac03 - Acidente com Danos Materiais;501;BR-153/GO;Sul;Engavetamento;3;;;;;1;;;;;4;;;;
24/09/2021;09:09:00;177;ac03 - Acidente com Danos Materiais;497;BR-153/GO;Sul;Colisão Traseira;2;;;;;;;;;;2;;;;
24/09/2021;09:18:00;184;ac03 - Acidente com Danos Materiais;58;BR-153/MG;Norte;Colisão Traseira;;;;;;;;;;1;1;;;;
24/09/2021;14:06:00;325;ac02 - Acidente com Vítima;654;BR-153/GO;Sul;Capotamento;1;;;;;;;;;;2;2;2;;
24/09/2021;14:56:00;346;ac02 - Acidente com Vítima;427,8;BR-262/MG;Oeste;Saida de Pista;1;;;;;;;;;;1;2;;;
24/09/2021;15:56:00;383;ac02 - Acidente com Vítima;516,9;BR-153/GO;Sul;Tombamento;;;;;1;;;;;;9;8;3;;
24/09/2021;16:36:00;416;ac03 - Acidente com Danos Materiais;607;BR-153/GO;Sul;Tombamento;;;1;;;;;;;;1;;;;
24/09/2021;20:18:00;506;ac03 - Acidente com Danos Materiais;363;BR-262/MG;Leste;Colisão Traseira;2;;;;;;;;;;2;;;;
24/09/2021;21:38:00;548;ac03 - Acidente com Danos Materiais;15,5;BR-060/GO;Norte;Capotamento;2;;;;;;;;;;2;;;;
24/09/2021;22:02:00;554;ac03 - Acidente com Danos Materiais;55;BR-153/MG;Sul;Tombamento;;;1;;;;;;;;1;;;;
24/09/2021;22:47:00;568;ac03 - Acidente com Danos Materiais;497;BR-153/GO;Norte;Colisão Lateral;;1;;1;;;;;;;2;;;;
24/09/2021;23:15:00;576;ac02 - Acidente com Vítima;13;BR-153/MG;Sul;Tombamento;;;1;;;;;;;;0;1;;;
25/09/2021;00:28:00;14;ac02 - Acidente com Vítima;100;BR-060/GO;Sul;Saida de Pista;1;;;;;;;;;;0;;1;;
25/09/2021;01:24:00;27;ac03 - Acidente com Danos Materiais;407;BR-262/MG;Oeste;Saida de Pista;1;;;;;;;;;;1;;;;
25/09/2021;03:41:00;51;ac03 - Acidente com Danos Materiais;365;BR-262/MG;Oeste;Colisão Lateral;1;;;;;;;;;;1;;;;
25/09/2021;09:12:00;158;ac03 - Acidente com Danos Materiais;652;BR-262/MG;Oeste;Saida de Pista;;;;;;1;;;;1;3;;;;
25/09/2021;12:27:00;289;ac03 - Acidente com Danos Materiais;48,7;BR-060/GO;Norte;Saida de Pista;;;1;;;;;;;;1;;;;
25/09/2021;14:11:00;326;ac02 - Acidente com Vítima;28,8;BR-153/MG;Sul;Capotamento;;;1;;;;;;;1;1;1;;;
25/09/2021;16:16:00;379;ac03 - Acidente com Danos Materiais;612;BR-262/MG;Oeste;Tombamento;;;1;;;;;;;;1;;;;
25/09/2021;18:45:00;438;ac03 - Acidente com Danos Materiais;109,2;BR-060/GO;Norte;Saida de Pista;2;;;;;;;;;;2;;;;
25/09/2021;18:48:00;440;ac02 - Acidente com Vítima;479;BR-262/MG;Leste;Colisão Traseira;1;;1;;;;;;;;3;2;1;;
25/09/2021;20:05:00;466;ac03 - Acidente com Danos Materiais;515;BR-153/GO;Sul;Saida de Pista;1;;;;;;;;;;1;;;;
26/09/2021;00:31:00;5;ac03 - Acidente com Danos Materiais;507;BR-153/GO;Sul;Colisão Traseira;2;;;;;;;;;;4;;;;
26/09/2021;00:46:00;7;ac02 - Acidente com Vítima;405;BR-262/MG;Leste;Tombamento;;;1;;;1;;;;;1;1;;;
26/09/2021;02:08:00;17;ac02 - Acidente com Vítima;506;BR-153/GO;Sul;Colisão Traseira;2;;;;;;;;;;1;1;;;
26/09/2021;02:48:00;26;ac03 - Acidente com Danos Materiais;802;BR-262/MG;Oeste;Colisão Traseira;2;;;;;;;;;;2;;;;
26/09/2021;09:10:00;170;ac02 - Acidente com Vítima;702;BR-262/MG;Leste;Capotamento;1;;;;;;;;;;0;1;;;
26/09/2021;13:27:00;313;ac03 - Acidente com Danos Materiais;381;BR-262/MG;Oeste;Saida de Pista;;;1;;;1;;;;;2;;;;
26/09/2021;15:56:00;361;ac03 - Acidente com Danos Materiais;359;BR-262/MG;Oeste;Capotamento;1;;;;;;;;;;3;;;;
26/09/2021;18:44:00;446;ac03 - Acidente com Danos Materiais;188;BR-153/MG;Sul;Carreta deu L;;;1;;;1;;;;;2;;;;
26/09/2021;19:26:00;477;ac03 - Acidente com Danos Materiais;731;BR-262/MG;Leste;Choque - Arvore;1;;;;;;;;;;1;;;;
26/09/2021;22:04:00;545;ac03 - Acidente com Danos Materiais;484;BR-262/MG;Oeste;Colisão Lateral;2;;;;;;;;;;2;;;;
27/09/2021;06:27:00;76;ac02 - Acidente com Vítima;671;BR-262/MG;Leste;Capotamento;1;;;;;;;;;;0;1;;;
27/09/2021;07:29:00;101;ac02 - Acidente com Vítima;100,375;BR-060/GO;Sul;Queda de Ciclista;2;;;;;;;;;;1;1;;;
27/09/2021;07:34:00;104;ac03 - Acidente com Danos Materiais;71,8;BR-060/GO;Sul;Capotamento;1;;;;;;;;;;2;;;;
27/09/2021;08:11:00;126;ac02 - Acidente com Vítima;103,72;BR-060/GO;Norte;Capotamento;;;1;;;;;;;;0;1;;;
27/09/2021;08:14:00;128;ac02 - Acidente com Vítima;503;BR-153/GO;Sul;Colisão Traseira;1;;;1;;;;;;;1;1;;;
27/09/2021;10:26:00;208;ac02 - Acidente com Vítima;77;BR-060/GO;Sul;Colisão Traseira;;;1;1;;;;;;;1;;;1;
27/09/2021;12:30:00;298;ac03 - Acidente com Danos Materiais;507;BR-153/GO;Norte;Colisão Lateral;;;2;;;;;;;;2;;;;
27/09/2021;15:16:00;366;ac02 - Acidente com Vítima;528;BR-153/GO;Sul;Queda de Moto;;;;1;;;;;;;1;1;;;
27/09/2021;16:54:00;423;ac02 - Acidente com Vítima;495;BR-153/GO;Sul;Colisão Traseira;1;;;1;;;;;;;1;1;;;
27/09/2021;19:08:00;493;ac03 - Acidente com Danos Materiais;244;BR-153/MG;Norte;Colisão Traseira;1;;1;;;;;;;;2;;;;
27/09/2021;19:31:00;504;ac03 - Acidente com Danos Materiais;97;BR-060/GO;Sul;Colisão Traseira;1;;1;;;;;;;;2;;;;
27/09/2021;20:42:00;537;ac03 - Acidente com Danos Materiais;413;BR-262/MG;Leste;Carreta deu L;;;1;;;;;;;;1;;;;
27/09/2021;21:20:00;543;ac03 - Acidente com Danos Materiais;100,198;BR-060/GO;Norte;Choque - Objeto sobre a pista;;;1;;;1;;;;;4;;;;
28/09/2021;05:59:00;66;ac03 - Acidente com Danos Materiais;441;BR-262/MG;Leste;Choque - Defensa;;;1;;;;;;;;1;;;;
28/09/2021;06:32:00;80;ac03 - Acidente com Danos Materiais;443;BR-262/MG;Leste;Colisão Lateral;;;2;;;;;;;;2;;;;
28/09/2021;06:38:00;83;ac03 - Acidente com Danos Materiais;101;BR-060/GO;Sul;Colisão Traseira;1;;1;;;;;;;;2;;;;
28/09/2021;07:42:00;106;ac03 - Acidente com Danos Materiais;495;BR-153/GO;Sul;Engavetamento;3;;;;;;;;;;3;;;;
28/09/2021;16:41:00;438;ac03 - Acidente com Danos Materiais;478,23;BR-262/MG;Oeste;Tombamento;;;1;;;;;;;;1;;;;
28/09/2021;17:09:00;447;ac02 - Acidente com Vítima;631;BR-153/GO;Sul;Colisão Traseira;;;1;;;1;;;;;1;1;;;
28/09/2021;17:48:00;462;ac03 - Acidente com Danos Materiais;127;BR-060/GO;Sul;Colisão Frontal;1;;1;;;;;;;;2;;;;
28/09/2021;19:37:00;505;ac02 - Acidente com Vítima;23;BR-060/GO;Norte;Atropelamento - Andarilho;1;;;;;;;;;;1;;1;;
28/09/2021;19:48:00;510;ac03 - Acidente com Danos Materiais;445,6;BR-262/MG;Oeste;Colisão Transversal;2;;;;;;;;;;2;;;;
28/09/2021;20:17:00;523;ac03 - Acidente com Danos Materiais;477;BR-262/MG;Leste;Colisão Transversal;2;;;;;;;;;;6;;;;
28/09/2021;21:51:00;550;ac01 - Acidente com Vítima Fatal;116,376;BR-060/GO;Sul;Atropelamento - Andarilho;1;;;;;;;;;;1;;;;1
28/09/2021;22:11:00;559;ac02 - Acidente com Vítima;564;BR-262/MG;Leste;Tombamento;;;1;;;;;;;;0;;1;;
29/09/2021;09:37:00;245;ac03 - Acidente com Danos Materiais;134;BR-060/GO;Norte;Choque - Defensa;1;;;;;;;;;;1;;;;
29/09/2021;10:50:00;299;ac03 - Acidente com Danos Materiais;39;BR-060/GO;Sul;Carreta deu L;;;1;;;;;;;;1;;;;
29/09/2021;14:51:00;420;ac03 - Acidente com Danos Materiais;588;BR-262/MG;Leste;Capotamento;1;;;;;;;;;;1;;;;
29/09/2021;14:53:00;423;ac03 - Acidente com Danos Materiais;547;BR-262/MG;Leste;Saida de Pista;;;1;;;;;;;;1;;;;
29/09/2021;15:01:00;425;ac02 - Acidente com Vítima;607;BR-262/MG;Leste;Capotamento;;;;;;;;;;1;1;2;;;
29/09/2021;15:01:00;426;ac03 - Acidente com Danos Materiais;132;BR-060/GO;Sul;Saida de Pista;;;1;;;;;;;;1;;;;
29/09/2021;15:47:00;448;ac03 - Acidente com Danos Materiais;520;BR-262/MG;Leste;Carreta deu L;;;1;;;;;;;;1;;;;
29/09/2021;16:04:00;456;ac03 - Acidente com Danos Materiais;519,8;BR-262/MG;Leste;Tombamento;;;1;;;;;;;;1;;;;
29/09/2021;18:38:00;510;ac02 - Acidente com Vítima;92;BR-060/GO;Norte;Queda de Moto;;;;1;;;;;;;0;1;;;
29/09/2021;18:57:00;520;ac03 - Acidente com Danos Materiais;500;BR-153/GO;Sul;Colisão Lateral;1;;1;;;;;;;;2;;;;
29/09/2021;21:06:00;566;ac02 - Acidente com Vítima;565,498;BR-153/GO;Sul;Colisão Frontal;1;;;1;;;;;;;0;3;;;
29/09/2021;23:18:00;605;ac02 - Acidente com Vítima;101,592;BR-060/GO;Sul;Queda de Moto;;;;1;;;;;;;0;1;;;
30/09/2021;05:41:00;67;ac02 - Acidente com Vítima;91;BR-060/GO;Sul;Atropelamento - Andarilho;;;;1;;;;;;;1;;;1;
30/09/2021;06:41:00;77;ac03 - Acidente com Danos Materiais;876,9;BR-262/MG;Oeste;Colisão Traseira;1;;;;;;;;;1;6;;;;
30/09/2021;08:52:00;148;ac03 - Acidente com Danos Materiais;9;BR-153/MG;Norte;Saida de Pista;;;1;;;;;;;;1;;;;
30/09/2021;14:59:00;376;ac03 - Acidente com Danos Materiais;245;BR-153/MG;Sul;Colisão Lateral;1;;1;;;;;;;;3;;;;
30/09/2021;15:07:00;379;ac03 - Acidente com Danos Materiais;126;BR-060/GO;Sul;Choque - Defensa;1;;;;;;;;;;3;;;;
30/09/2021;15:21:00;385;ac03 - Acidente com Danos Materiais;480,8;BR-262/MG;Oeste;Saida de Pista;;;1;;;;;;;;1;;;;
30/09/2021;15:34:00;393;ac02 - Acidente com Vítima;685;BR-153/GO;Sul;Colisão Traseira;;;1;;;;;;;1;1;2;;;
30/09/2021;15:55:00;406;ac03 - Acidente com Danos Materiais;472;BR-262/MG;Oeste;Colisão Traseira;;;2;;;;;;;1;3;;;;
30/09/2021;17:48:00;465;ac03 - Acidente com Danos Materiais;503;BR-153/GO;Sul;Colisão Lateral;1;;;1;;;;;;;2;;;;
30/09/2021;20:36:00;546;ac03 - Acidente com Danos Materiais;403;BR-262/MG;Leste;Saida de Pista;1;;;;;;;;;;1;;;;
30/09/2021;21:03:00;559;ac03 - Acidente com Danos Materiais;680;BR-153/GO;Sul;Colisão Traseira;1;;1;;;;;;;;2;;;;
30/09/2021;21:18:00;565;ac03 - Acidente com Danos Materiais;517;BR-262/MG;Leste;Colisão Frontal;2;;;;;;;;;;4;;;;
01/10/2021;01:39:00;18;ac02 - Acidente com Vítima;399,5;BR-262/MG;Leste;Colisão Frontal;1;;1;;;;;;;;1;1;;;
01/10/2021;07:48:00;148;ac03 - Acidente com Danos Materiais;22;BR-153/MG;Norte;Saida de Pista;;;;;;;;;;1;1;;;;
01/10/2021;08:40:00;189;ac02 - Acidente com Vítima;513;BR-262/MG;Leste;Queda de Moto;;;;1;;;;;;;0;1;;;
01/10/2021;09:46:00;220;ac03 - Acidente com Danos Materiais;504,8;BR-153/GO;Sul;Colisão Traseira;1;;;;;;;;;1;3;;;;
01/10/2021;11:29:00;318;ac02 - Acidente com Vítima;8,8;BR-153/MG;Sul;Engavetamento;;;3;;;;;;;;2;1;;;
01/10/2021;14:22:00;415;ac03 - Acidente com Danos Materiais;73,5;BR-060/GO;Sul;Saida de Pista;;;1;;;;;;;;1;;;;
01/10/2021;14:24:00;419;ac02 - Acidente com Vítima;551;BR-153/GO;Sul;Capotamento;1;;;;;1;;;;;3;1;;;
01/10/2021;15:17:00;451;ac03 - Acidente com Danos Materiais;58;BR-060/GO;Norte;Colisão Lateral;1;;1;;;;;;;;2;;;;
01/10/2021;15:21:00;454;ac02 - Acidente com Vítima;189,6;BR-153/MG;Sul;Capotamento;;;;;;;;;;1;0;1;;;
01/10/2021;16:15:00;479;ac03 - Acidente com Danos Materiais;112;BR-060/GO;Norte;Saida de Pista;;;1;;;;;;;;1;;;;
01/10/2021;16:48:00;500;ac03 - Acidente com Danos Materiais;47;BR-060/GO;Norte;Choque - Defensa;1;;;;;;;;;;1;;;;
01/10/2021;16:48:00;501;ac03 - Acidente com Danos Materiais;504;BR-153/GO;Sul;Colisão Traseira;2;;;;;;;;;;2;;;;
01/10/2021;16:51:00;504;ac03 - Acidente com Danos Materiais;506;BR-153/GO;Sul;Engavetamento;3;;;;;;;;;;3;;;;
01/10/2021;16:51:00;505;ac03 - Acidente com Danos Materiais;79,2;BR-153/MG;Sul;Tombamento;;;1;;;;;;;;1;;;;
01/10/2021;17:30:00;531;ac02 - Acidente com Vítima;8,3;BR-153/MG;Sul;Colisão Traseira;;;2;1;;;;;;;2;1;;;
01/10/2021;18:18:00;562;ac03 - Acidente com Danos Materiais;97;BR-060/GO;Norte;Colisão Traseira;1;;;1;;;;;;;2;;;;
01/10/2021;18:58:00;580;ac03 - Acidente com Danos Materiais;590;BR-153/GO;Norte;Capotamento;1;;;;;;;;;;1;;;;
01/10/2021;19:04:00;583;ac02 - Acidente com Vítima;17;BR-060/DF;Sul;Capotamento;1;;;;;1;;;;;1;1;;;
01/10/2021;19:56:00;599;ac03 - Acidente com Danos Materiais;508;BR-153/GO;Sul;Colisão Lateral;1;;;;;1;;;;;3;;;;
01/10/2021;22:34:00;647;ac03 - Acidente com Danos Materiais;383;BR-262/MG;Leste;Colisão Traseira;;;2;;;;;;;;2;;;;
01/10/2021;22:45:00;652;ac03 - Acidente com Danos Materiais;420;BR-262/MG;Leste;Capotamento;1;;;;;;;;;;1;;;;
01/10/2021;23:00:00;658;ac03 - Acidente com Danos Materiais;506,8;BR-153/GO;Norte;Choque - Barreira;2;;;;;;;;;;2;;;;
01/10/2021;23:18:00;659;ac02 - Acidente com Vítima;506,8;BR-153/GO;Sul;Colisão Traseira;;;;1;;1;;;;;1;;1;;
02/10/2021;00:59:00;7;ac03 - Acidente com Danos Materiais;507;BR-153/GO;Norte;Choque - Veiculo parado na pista;1;;;;;;;;;1;2;;;;
02/10/2021;01:10:00;9;ac03 - Acidente com Danos Materiais;583,7;BR-262/MG;Leste;Saida de Pista;;;;;;;;;;1;1;;;;
02/10/2021;04:17:00;61;ac03 - Acidente com Danos Materiais;594;BR-262/MG;Leste;Tombamento;;;1;;;;;;;;1;;;;
02/10/2021;06:30:00;87;ac03 - Acidente com Danos Materiais;95;BR-060/GO;Sul;Capotamento;1;;;;;;;;;;1;;;;
02/10/2021;06:59:00;96;ac02 - Acidente com Vítima;95;BR-060/GO;Norte;Choque - Talude;1;;;;;;;;;;0;1;;;
02/10/2021;07:04:00;99;ac03 - Acidente com Danos Materiais;95;BR-060/GO;Norte;Colisão Traseira;2;;;;;;;;;;2;;;;
02/10/2021;07:17:00;103;ac02 - Acidente com Vítima;6;BR-060/GO;Sul;Colisão Traseira;2;;;;;;;;;;0;4;;;
02/10/2021;10:07:00;179;ac03 - Acidente com Danos Materiais;375;BR-262/MG;Leste;Capotamento;1;;;;;;;;;;3;;;;
02/10/2021;11:46:00;227;ac02 - Acidente com Vítima;482;BR-262/MG;Leste;Atropelamento - Usuário;1;;;;;;;;;;2;1;;;
02/10/2021;11:50:00;228;ac03 - Acidente com Danos Materiais;197;BR-153/MG;Norte;Colisão Traseira;1;;1;;;;;;;;4;;;;
02/10/2021;15:39:00;285;ac03 - Acidente com Danos Materiais;80,8;BR-153/MG;Sul;Saida de Pista;1;;;;;;;;;;1;;;;
02/10/2021;21:04:00;394;ac03 - Acidente com Danos Materiais;128;BR-153/MG;Sul;Choque - Cancela de Pedagio;;;1;;;;;;;;1;;;;
02/10/2021;21:25:00;399;ac02 - Acidente com Vítima;39,5;BR-060/GO;Norte;Queda de Moto;;;1;1;;;;;;;1;1;;;
02/10/2021;21:55:00;410;ac03 - Acidente com Danos Materiais;514;BR-262/MG;Leste;Atropelamento de Animal;1;;;;;;;;;;1;;;;
03/10/2021;00:49:00;22;ac03 - Acidente com Danos Materiais;703;BR-262/MG;Oeste;Saida de Pista;1;;;;;;;;;;1;;;;
03/10/2021;05:14:00;63;ac01 - Acidente com Vítima Fatal;837;BR-262/MG;Oeste;Colisão Transversal;2;;;;;;;;;;0;;3;;1
03/10/2021;13:07:00;215;ac02 - Acidente com Vítima;217;BR-153/MG;Sul;Queda de Moto;;;;1;;;;;;;0;1;1;;
03/10/2021;13:38:00;221;ac03 - Acidente com Danos Materiais;100;BR-060/GO;Norte;Colisão Traseira;2;;;;;;;;;;2;;;;
03/10/2021;16:23:00;290;ac02 - Acidente com Vítima;26;BR-060/GO;Norte;Queda de Moto;;;;1;;;;;;;0;;1;;
03/10/2021;16:56:00;301;ac03 - Acidente com Danos Materiais;442;BR-262/MG;Oeste;Choque - Defensa;1;;;;;;;;;;1;;;;
03/10/2021;17:44:00;324;ac02 - Acidente com Vítima;588;BR-262/MG;Oeste;Colisão Frontal;1;;1;;;;;;;;1;;;1;
03/10/2021;18:17:00;334;ac02 - Acidente com Vítima;676;BR-153/GO;Sul;Queda de Moto;1;;;1;;;;;;;1;;1;;
03/10/2021;21:13:00;400;ac03 - Acidente com Danos Materiais;702,8;BR-153/GO;Norte;Choque - Defensa;1;;;;;;;;;;1;;;;
03/10/2021;22:25:00;426;ac02 - Acidente com Vítima;695;BR-153/GO;Sul;Queda de Moto;;;;1;;;;;;;0;1;;;
03/10/2021;23:00:00;438;ac02 - Acidente com Vítima;506;BR-153/GO;Norte;Queda de Moto;;;;1;;;;;;;0;1;;;
04/10/2021;00:33:00;16;ac02 - Acidente com Vítima;356;BR-262/MG;Leste;Saida de Pista;;;1;;;;;;;;0;1;;;
04/10/2021;05:39:00;70;ac03 - Acidente com Danos Materiais;497;BR-153/GO;Sul;Colisão Traseira;2;;;;;;;;;;3;;;;
04/10/2021;06:50:00;99;ac03 - Acidente com Danos Materiais;75;BR-060/GO;Sul;Saida de Pista;1;;;;;;;;;;3;;;;
04/10/2021;12:10:00;295;ac02 - Acidente com Vítima;130;BR-060/GO;Sul;Queda de Moto;;;;1;;;;;;;0;1;;;
04/10/2021;13:35:00;330;ac03 - Acidente com Danos Materiais;188;BR-153/MG;Sul;Tombamento;;;1;;;;;;;;1;;;;
04/10/2021;14:40:00;365;ac03 - Acidente com Danos Materiais;579;BR-262/MG;Oeste;Saida de Pista;;;1;;;;;;;;1;;;;
04/10/2021;14:57:00;373;ac02 - Acidente com Vítima;112;BR-060/GO;Sul;Colisão Lateral;2;;;;;;;;;;3;1;;;
04/10/2021;17:27:00;440;ac03 - Acidente com Danos Materiais;618;BR-153/GO;Sul;Colisão Lateral;;;1;;;;;;;1;2;;;;
04/10/2021;19:54:00;510;ac03 - Acidente com Danos Materiais;92;BR-060/GO;Norte;Choque - Elemento de Drenagem;1;;;;;;;;;;1;;;;
04/10/2021;21:33:00;544;ac02 - Acidente com Vítima;504;BR-153/GO;Sul;Choque - Veiculo parado na pista;;;2;;;;;;;;1;;2;;
05/10/2021;01:36:00;23;ac02 - Acidente com Vítima;240;BR-153/MG;Norte;Atropelamento de Animal;;;;1;;;;;;;0;1;;;
05/10/2021;13:06:00;316;ac03 - Acidente com Danos Materiais;65;BR-060/GO;Norte;Choque - Arvore;1;;;;;;;;;;1;;;;
05/10/2021;15:48:00;383;ac02 - Acidente com Vítima;424;BR-262/MG;Leste;Choque - Elemento de Drenagem;1;;;;;;;;;;1;2;;;
05/10/2021;17:18:00;412;ac03 - Acidente com Danos Materiais;851,5;BR-262/MG;Oeste;Colisão Lateral;;;2;;;;;;;;12;;;;
05/10/2021;17:28:00;419;ac02 - Acidente com Vítima;681;BR-153/GO;Sul;Colisão Transversal;;;1;;;;;;;1;1;1;;1;
05/10/2021;18:44:00;446;ac02 - Acidente com Vítima;511;BR-153/GO;Sul;Queda de Moto;;;;1;;;;;;;0;2;;;
05/10/2021;19:36:00;460;ac02 - Acidente com Vítima;109,6;BR-153/MG;Sul;Choque - Arvore;;;1;;;;;;;;0;1;;;
05/10/2021;20:16:00;477;ac02 - Acidente com Vítima;515,1;BR-153/GO;Sul;Colisão Traseira;1;;;1;;;;;;;1;;1;;
05/10/2021;22:41:00;537;ac03 - Acidente com Danos Materiais;549,458;BR-153/GO;Norte;Colisão Traseira;;;2;;;;;;;;2;;;;
06/10/2021;00:24:00;1;ac03 - Acidente com Danos Materiais;547;BR-262/MG;Oeste;Colisão Traseira;;;2;;;;;;;;3;;;;
06/10/2021;09:14:00;159;ac03 - Acidente com Danos Materiais;538;BR-153/GO;Norte;Saida de Pista;1;;;;;;;;;;2;;;;
06/10/2021;12:40:00;365;ac02 - Acidente com Vítima;439;BR-262/MG;Leste;Queda de Moto;;;;1;;;;;;;1;1;;;
06/10/2021;12:47:00;372;ac02 - Acidente com Vítima;575;BR-262/MG;Leste;Tombamento;;;1;;;;;;;;0;1;;;
06/10/2021;16:17:00;534;ac03 - Acidente com Danos Materiais;472;BR-262/MG;Oeste;Saida de Pista;;;1;;;;;;;;1;;;;
06/10/2021;23:42:00;714;ac02 - Acidente com Vítima;522;BR-262/MG;Leste;Colisão Lateral;2;;;;;;;;;;0;2;2;1;
07/10/2021;04:44:00;166;ac03 - Acidente com Danos Materiais;8,7;BR-060/DF;Norte;Tombamento;1;;1;;;;;;;;2;;;;
07/10/2021;04:53:00;167;ac03 - Acidente com Danos Materiais;72;BR-060/GO;Norte;Capotamento;;;;;;;;;;1;1;;;;
07/10/2021;07:23:00;272;ac03 - Acidente com Danos Materiais;584,5;BR-153/GO;Sul;Saida de Pista;;;;;1;;;;;;1;;;;
07/10/2021;07:58:00;318;ac03 - Acidente com Danos Materiais;380;BR-262/MG;Leste;Tombamento;1;;;;;;;;;;1;;;;
07/10/2021;08:53:00;431;ac02 - Acidente com Vítima;760;BR-262/MG;Leste;Colisão Transversal;1;;1;;;;;;;;1;1;;;