data;horario;n_da_ocorrencia;tipo_de_ocorrencia;km;trecho;sentido;tipo_de_acidente;automovel;bicicleta;caminhao;moto;onibus;outros;tracao_animal;transporte_de_cargas_especiais;trator_maquinas;utilitarios;ilesos;levemente_feridos;moderadamente_feridos;gravemente_feridos;mortos
07/10/2021;10:42:00;617;ac02 - Acidente com Vítima;437;BR-262/MG;Leste;Queda de Moto;;;;1;;;;;;;0;1;;;
07/10/2021;12:46:00;822;ac03 - Acidente com Danos Materiais;433;BR-262/MG;Leste;Saida de Pista;1;;;;;;;;;;1;;;;
07/10/2021;14:43:00;873;ac02 - Acidente com Vítima;579;BR-262/MG;Oeste;Colisão Transversal;;;1;1;;;;;;;1;;;1;
07/10/2021;16:34:00;969;ac03 - Acidente com Danos Materiais;42;BR-060/GO;Sul;Tombamento;1;;;;;;;;;;1;;;;
07/10/2021;16:47:00;982;ac02 - Acidente com Vítima;499;BR-153/GO;Norte;Queda de Ciclista;;;;1;;;;;;;0;2;;;
07/10/2021;17:48:00;1027;ac02 - Acidente com Vítima;505;BR-153/GO;Sul;Queda de Moto;;;;1;;;;;;;0;1;;;
07/10/2021;18:33:00;1048;ac03 - Acidente com Danos Materiais;503,9;BR-153/GO;Sul;Colisão Lateral;;;;1;;;;;;1;2;;;;
07/10/2021;19:26:00;1068;ac03 - Acidente com Danos Materiais;42;BR-060/GO;Sul;Saida de Pista;1;;;;;;;;;;1;;;;
07/10/2021;20:19:00;1092;ac03 - Acidente com Danos Materiais;519,5;BR-262/MG;Oeste;Colisão Lateral;1;;1;;;1;;;;;6;;;;
07/10/2021;23:12:00;1170;ac03 - Acidente com Danos Materiais;101;BR-060/GO;Norte;Queda de Moto;;;;1;;;;;;;1;;;;
08/10/2021;08:56:00;153;ac03 - Acidente com Danos Materiais;663,2;BR-153/GO;Sul;Colisão Traseira;1;;;;;;;;;;1;;;;
08/10/2021;12:00:00;485;ac02 - Acidente com Vítima;518,1;BR-262/MG;Leste;Capotamento;;;;;;;;;;1;0;;2;;
08/10/2021;15:24:00;651;ac03 - Acidente com Danos Materiais;507;BR-153/GO;Sul;Engavetamento;1;;1;;;;;;;1;8;;;;
08/10/2021;17:18:00;778;ac03 - Acidente com Danos Materiais;644;BR-153/GO;Sul;Capotamento;1;;;;;;;;;;4;;;;
08/10/2021;17:53:00;815;ac03 - Acidente com Danos Materiais;427;BR-262/MG;Oeste;Saida de Pista;;;;;;;;;;1;1;;;;
08/10/2021;18:01:00;818;ac02 - Acidente com Vítima;428;BR-262/MG;Oeste;Capotamento;1;;;;;;;;;;0;1;;;
08/10/2021;18:46:00;855;ac02 - Acidente com Vítima;624;BR-262/MG;Oeste;Colisão Lateral;1;;1;;;;;;;;1;2;;;
08/10/2021;18:56:00;860;ac03 - Acidente com Danos Materiais;101;BR-060/GO;Sul;Colisão Traseira;;;1;;;;;;;1;2;;;;
08/10/2021;23:18:00;1002;ac03 - Acidente com Danos Materiais;497;BR-153/GO;Sul;Colisão Traseira;;;1;;;;;;;1;2;;;;
08/10/2021;23:40:00;1012;ac03 - Acidente com Danos Materiais;108;BR-153/MG;Sul;Colisão Transversal;1;;1;;;;;;;;2;;;;
09/10/2021;05:40:00;93;ac02 - Acidente com Vítima;368,5;BR-262/MG;Oeste;Tombamento;2;;1;;;;;;;;2;1;1;;
09/10/2021;07:08:00;149;ac02 - Acidente com Vítima;30;BR-060/DF;Sul;Capotamento;1;;;;;;;;;;0;;1;;
09/10/2021;10:19:00;427;ac03 - Acidente com Danos Materiais;671;BR-262/MG;Leste;Colisão Traseira;2;;;;;;;;;;2;;;;
09/10/2021;10:28:00;435;ac03 - Acidente com Danos Materiais;378;BR-262/MG;Leste;Choque - Outros;1;;;;;;;;;;1;;;;
09/10/2021;12:24:00;541;ac03 - Acidente com Danos Materiais;91;BR-060/GO;Sul;Queda de Moto;;;;1;;;;;;;1;;;;
09/10/2021;15:33:00;763;ac03 - Acidente com Danos Materiais;375;BR-262/MG;Oeste;Capotamento;1;;1;;;;;;;;2;;;;
09/10/2021;16:04:00;786;ac03 - Acidente com Danos Materiais;586;BR-262/MG;Oeste;Tombamento;;;1;;;;;;;;1;;;;
09/10/2021;16:39:00;809;ac03 - Acidente com Danos Materiais;595;BR-262/MG;Oeste;Tombamento;;;1;;;;;;;;1;;;;
09/10/2021;17:55:00;846;ac02 - Acidente com Vítima;85;BR-153/MG;Norte;Saida de Pista;;;1;;;;;;;;0;1;1;;
09/10/2021;20:01:00;907;ac02 - Acidente com Vítima;188;BR-153/MG;Norte;Capotamento;;;;;;;;;;1;0;;1;;
09/10/2021;20:39:00;923;ac03 - Acidente com Danos Materiais;512;BR-153/GO;Sul;Colisão Lateral;2;;;;;;;;;;4;;;;
09/10/2021;20:39:00;924;ac02 - Acidente com Vítima;95;BR-060/GO;Norte;Colisão Traseira;2;;;;;;;;;;3;2;;;
10/10/2021;00:04:00;4;ac02 - Acidente com Vítima;493;BR-153/GO;Sul;Atropelamento - Andarilho;1;;;;;;;;;;1;1;;;
10/10/2021;02:45:00;29;ac02 - Acidente com Vítima;18;BR-153/MG;Norte;Choque - Elemento de Drenagem;1;;;;;;;;;;3;1;;;
10/10/2021;03:01:00;31;ac03 - Acidente com Danos Materiais;12;BR-060/GO;Sul;Saida de Pista;1;;;;;;;;;;1;;;;
10/10/2021;05:15:00;56;ac02 - Acidente com Vítima;14;BR-060/DF;Sul;Queda de Moto;;;;1;;;;;;;1;;1;;
10/10/2021;05:37:00;70;ac03 - Acidente com Danos Materiais;11;BR-060/DF;Norte;Saida de Pista;1;;;;;;;;;;2;;;;
10/10/2021;06:56:00;94;ac03 - Acidente com Danos Materiais;533,9;BR-262/MG;Leste;Saida de Pista;;;;;;;;;;1;1;;;;
10/10/2021;08:06:00;126;ac03 - Acidente com Danos Materiais;519,4;BR-153/GO;Norte;Capotamento;1;;;;;;;;;;1;;;;
10/10/2021;08:34:00;148;ac02 - Acidente com Vítima;666,5;BR-153/GO;Norte;Queda de Ciclista;;1;;;;;;;;;0;1;;;
10/10/2021;10:16:00;194;ac03 - Acidente com Danos Materiais;385;BR-262/MG;Oeste;Saida de Pista;1;;;;;;;;;;1;;;;
10/10/2021;10:32:00;217;ac03 - Acidente com Danos Materiais;380;BR-262/MG;Leste;Saida de Pista;1;;;;;;;;;;1;;;;
10/10/2021;10:44:00;227;ac03 - Acidente com Danos Materiais;483;BR-262/MG;Leste;Choque - Arvore;;;;;;;;;;1;1;;;;
10/10/2021;10:44:00;228;ac03 - Acidente com Danos Materiais;379;BR-262/MG;Leste;Colisão Lateral;2;;;;;;;;;;2;;;;
10/10/2021;13:36:00;279;ac02 - Acidente com Vítima;174;BR-153/MG;Norte;Tombamento;;;1;;;1;;;;;1;1;;;
10/10/2021;14:49:00;321;ac03 - Acidente com Danos Materiais;57;BR-060/GO;Sul;Capotamento;1;;;;;;;;;;1;;;;
10/10/2021;16:35:00;367;ac03 - Acidente com Danos Materiais;100;BR-060/GO;Sul;Saida de Pista;1;;;;;;;;;;1;;;;
10/10/2021;17:56:00;416;ac03 - Acidente com Danos Materiais;27;BR-060/GO;Sul;Capotamento;1;;;;;;;;;;1;;;;
10/10/2021;19:29:00;448;ac03 - Acidente com Danos Materiais;25;BR-060/DF;Sul;Saida de Pista;1;;;;;;;;;;2;;;;
10/10/2021;19:48:00;452;ac03 - Acidente com Danos Materiais;118;BR-060/GO;Sul;Colisão Lateral;;;1;;;;;;;1;2;;;;
10/10/2021;20:04:00;460;ac03 - Acidente com Danos Materiais;374;BR-262/MG;Oeste;Colisão Traseira;2;;;;;;;;;;3;;;;
10/10/2021;21:10:00;480;ac02 - Acidente com Vítima;442;BR-262/MG;Oeste;Colisão Traseira;1;;;1;;;;;;;1;1;;;
10/10/2021;23:42:00;514;ac03 - Acidente com Danos Materiais;7,334;BR-060/DF;Norte;Capotamento;1;;;;;;;;;;4;;;;
11/10/2021;00:47:00;6;ac03 - Acidente com Danos Materiais;27,5;BR-060/DF;Sul;Capotamento;;;;;;;;;;1;2;;;;
11/10/2021;04:45:00;44;ac03 - Acidente com Danos Materiais;45,8;BR-153/MG;Sul;Carreta deu L;;;1;;;;;;;;1;;;;
11/10/2021;07:02:00;65;ac02 - Acidente com Vítima;632;BR-262/MG;Leste;Colisão Traseira;;;;1;;;;;;;0;1;;;
11/10/2021;07:16:00;66;ac02 - Acidente com Vítima;434;BR-262/MG;Oeste;Capotamento;1;;;;;;;;;;0;;1;1;
11/10/2021;07:26:00;70;ac03 - Acidente com Danos Materiais;381;BR-262/MG;Leste;Choque - Elemento de Drenagem;1;;;;;;;;;;4;;;;
11/10/2021;07:35:00;77;ac02 - Acidente com Vítima;40;BR-060/GO;Sul;Colisão Traseira;;;2;;;;;;;;1;;1;;
11/10/2021;07:57:00;111;ac03 - Acidente com Danos Materiais;195;BR-153/MG;Norte;Tombamento;;;1;;;;;;;;1;;;;
11/10/2021;10:32:00;268;ac02 - Acidente com Vítima;746,5;BR-262/MG;Leste;Colisão Traseira;;;2;;;;;;;;1;1;;;
11/10/2021;10:44:00;281;ac02 - Acidente com Vítima;498,9;BR-153/GO;Sul;Colisão Lateral;1;;;1;;;;;;;5;1;;;
11/10/2021;11:06:00;291;ac03 - Acidente com Danos Materiais;494;BR-153/GO;Sul;Colisão Traseira;1;;;1;;;;;;;2;;;;
11/10/2021;11:54:00;404;ac03 - Acidente com Danos Materiais;380;BR-262/MG;Leste;Saida de Pista;1;;;;;;;;;;1;;;;
11/10/2021;12:01:00;429;ac03 - Acidente com Danos Materiais;394;BR-262/MG;Oeste;Choque - Elemento de Drenagem;1;;;;;;;;;;1;;;;
11/10/2021;12:02:00;432;ac03 - Acidente com Danos Materiais;382;BR-262/MG;Oeste;Choque - Barreira;1;;;;;;;;;;1;;;;
11/10/2021;12:19:00;437;ac03 - Acidente com Danos Materiais;381;BR-262/MG;Leste;Saida de Pista;1;;;;;;;;;;1;;;;
11/10/2021;12:33:00;441;ac03 - Acidente com Danos Materiais;380;BR-262/MG;Leste;Saida de Pista;1;;;;;;;;;;1;;;;
11/10/2021;13:06:00;451;ac03 - Acidente com Danos Materiais;368;BR-262/MG;Leste;Colisão Lateral;1;;;;;;;;;1;2;;;;
11/10/2021;13:23:00;464;ac03 - Acidente com Danos Materiais;380;BR-262/MG;Oeste;Saida de Pista;;;;;;;;;;1;1;;;;
11/10/2021;13:24:00;465;ac03 - Acidente com Danos Materiais;99;BR-060/GO;Sul;Colisão Traseira;2;;;;;;;;;;2;;;;
11/10/2021;14:19:00;488;ac03 - Acidente com Danos Materiais;547,9;BR-262/MG;Leste;Saida de Pista;1;;;;;;;;;;1;;;;
11/10/2021;14:21:00;490;ac03 - Acidente com Danos Materiais;385;BR-262/MG;Oeste;Saida de Pista;;;;;;;;;;1;1;;;;
11/10/2021;16:12:00;535;ac03 - Acidente com Danos Materiais;504;BR-153/GO;Sul;Colisão Lateral;1;;1;;;;;;;;2;;;;
11/10/2021;17:03:00;554;ac03 - Acidente com Danos Materiais;520;BR-262/MG;Leste;Colisão Lateral;;;1;;;;;;;1;2;;;;
11/10/2021;18:34:00;613;ac03 - Acidente com Danos Materiais;366;BR-262/MG;Leste;Saida de Pista;1;;;;;;;;;;1;;;;
11/10/2021;19:00:00;623;ac03 - Acidente com Danos Materiais;380;BR-262/MG;Oeste;Saida de Pista;1;;;;;;;;;;1;;;;
12/10/2021;07:26:00;149;ac03 - Acidente com Danos Materiais;412,7;BR-262/MG;Oeste;Capotamento;1;;;;;;;;;;3;;;;
12/10/2021;11:34:00;480;ac03 - Acidente com Danos Materiais;370;BR-262/MG;Oeste;Choque - Defensa;1;;;;;;;;;;2;;;;
12/10/2021;11:48:00;497;ac03 - Acidente com Danos Materiais;1;BR-153/MG;Norte;Choque- Placa/Suporte Sinalização;1;;;;;1;;;;;3;;;;
12/10/2021;13:02:00;557;ac03 - Acidente com Danos Materiais;497;BR-262/MG;Leste;Choque - Arvore;1;;;;;1;;;;;3;;;;
12/10/2021;13:16:00;567;ac02 - Acidente com Vítima;567;BR-262/MG;Leste;Queda de Moto;;;;1;;;;;;;0;1;;;
12/10/2021;15:25:00;660;ac02 - Acidente com Vítima;509,7;BR-262/MG;Leste;Capotamento;1;;;;;;;;;;0;;1;;
12/10/2021;15:26:00;661;ac03 - Acidente com Danos Materiais;480;BR-262/MG;Leste;Engavetamento;2;;;;;;;;;2;12;;;;
12/10/2021;15:43:00;677;ac02 - Acidente com Vítima;47;BR-153/MG;Norte;Carreta deu L;;;4;;;;;;;;4;;;1;
12/10/2021;15:45:00;678;ac03 - Acidente com Danos Materiais;40;BR-060/GO;Norte;Colisão Traseira;;;1;;;;;;;1;2;;;;
13/10/2021;06:27:00;114;ac03 - Acidente com Danos Materiais;380;BR-262/MG;Leste;Capotamento;1;;;;;;;;;;1;;;;
13/10/2021;08:16:00;259;ac03 - Acidente com Danos Materiais;507;BR-153/GO;Norte;Colisão Traseira;2;;;;;;;;;;2;;;;
13/10/2021;09:16:00;345;ac03 - Acidente com Danos Materiais;503;BR-153/GO;Sul;Colisão Traseira;3;;;;;;;;;;3;;;;
13/10/2021;09:50:00;413;ac03 - Acidente com Danos Materiais;507;BR-153/GO;Sul;Colisão Traseira;1;;;;;;;;;1;2;;;;
13/10/2021;17:21:00;846;ac03 - Acidente com Danos Materiais;71;BR-153/MG;Sul;Colisão Traseira;;;1;;;1;;;;;2;;;;
13/10/2021;17:28:00;858;ac03 - Acidente com Danos Materiais;68;BR-060/GO;Norte;Colisão Traseira;1;;1;;;;;;;;2;;;;
13/10/2021;19:15:00;923;ac02 - Acidente com Vítima;369;BR-262/MG;Leste;Colisão Traseira;1;;;1;;;;;;;1;1;;;
14/10/2021;01:34:00;27;ac01 - Acidente com Vítima Fatal;529,2;BR-153/GO;Sul;Colisão Frontal;1;;1;;;2;;;;;3;;;;1
14/10/2021;07:52:00;128;ac03 - Acidente com Danos Materiais;501;BR-153/GO;Sul;Colisão Lateral;1;;1;;;;;;;;2;;;;
14/10/2021;08:03:00;134;ac02 - Acidente com Vítima;495;BR-153/GO;Sul;Colisão Traseira;1;;;1;;;;;;;1;;1;;
14/10/2021;08:11:00;150;ac02 - Acidente com Vítima;494;BR-153/GO;Sul;Engavetamento;2;;1;;;;;;;;2;1;;;
14/10/2021;09:26:00;173;ac03 - Acidente com Danos Materiais;503;BR-153/GO;Sul;Engavetamento;2;;;;;1;;;;;3;;;;
14/10/2021;10:26:00;238;ac03 - Acidente com Danos Materiais;553;BR-262/MG;Leste;Tombamento;;;1;;;;;;;;1;;;;
14/10/2021;13:01:00;340;ac02 - Acidente com Vítima;187,2;BR-153/MG;Norte;Tombamento;;;1;;;;;;;;0;1;;;
14/10/2021;14:30:00;372;ac03 - Acidente com Danos Materiais;507;BR-153/GO;Norte;Saida de Pista;1;;;;;;;;;;1;;;;
14/10/2021;15:14:00;391;ac03 - Acidente com Danos Materiais;450;BR-262/MG;Leste;Saida de Pista;1;;;;;;;;;;1;;;;
14/10/2021;15:21:00;395;ac03 - Acidente com Danos Materiais;399;BR-262/MG;Oeste;Queda de Moto;;;;1;;;;;;;1;;;;
14/10/2021;15:29:00;405;ac03 - Acidente com Danos Materiais;61;BR-060/GO;Sul;Colisão Traseira;1;;1;;;;;;;;2;;;;
14/10/2021;17:41:00;467;ac03 - Acidente com Danos Materiais;604;BR-153/GO;Norte;Colisão Traseira;1;;;;;1;;;;;2;;;;
14/10/2021;17:45:00;468;ac03 - Acidente com Danos Materiais;618;BR-153/GO;Sul;Saida de Pista;;;;1;;;;;;;1;;;;
14/10/2021;20:43:00;546;ac03 - Acidente com Danos Materiais;423;BR-262/MG;Leste;Saida de Pista;;;;;;;;;;1;2;;;;
14/10/2021;21:13:00;556;ac03 - Acidente com Danos Materiais;26;BR-060/DF;Norte;Colisão Traseira;;;2;;;;;;;;2;;;;
14/10/2021;22:58:00;588;ac03 - Acidente com Danos Materiais;388;BR-262/MG;Oeste;Saida de Pista;;;;;;;;;;1;1;;;;
14/10/2021;23:04:00;597;ac02 - Acidente com Vítima;1;BR-153/MG;Norte;Queda de Moto;;;;1;;;;;;;0;;2;;
15/10/2021;06:08:00;72;ac03 - Acidente com Danos Materiais;593;BR-153/GO;Sul;Capotamento;1;;;;;;;;;;1;;;;
15/10/2021;07:22:00;111;ac03 - Acidente com Danos Materiais;774;BR-262/MG;Oeste;Colisão Traseira;;;2;;;3;;;;;5;;;;
15/10/2021;07:33:00;120;ac03 - Acidente com Danos Materiais;672,8;BR-262/MG;Leste;Saida de Pista;;;;;;;;;;1;1;;;;
15/10/2021;07:46:00;128;ac03 - Acidente com Danos Materiais;495;BR-153/GO;Sul;Engavetamento;4;;;;;;;;;;4;;;;
15/10/2021;07:59:00;133;ac02 - Acidente com Vítima;501;BR-153/GO;Norte;Colisão Lateral;1;;;1;;;;;;;2;1;;;
15/10/2021;16:15:00;630;ac03 - Acidente com Danos Materiais;27;BR-060/DF;Norte;Saida de Pista;;;;;;;;;;1;1;;;;
15/10/2021;16:56:00;705;ac02 - Acidente com Vítima;407;BR-262/MG;Leste;Capotamento;1;;;;;;;;;;0;2;;;
15/10/2021;17:51:00;735;ac03 - Acidente com Danos Materiais;774;BR-262/MG;Oeste;Queda de Moto;;;;1;;;;;;;1;;;;
15/10/2021;19:31:00;776;ac03 - Acidente com Danos Materiais;14;BR-060/GO;Norte;Capotamento;1;;;;;;;;;;1;;;;
15/10/2021;20:00:00;789;ac03 - Acidente com Danos Materiais;466;BR-262/MG;Leste;Colisão Traseira;1;;1;;;;;;;;3;;;;
15/10/2021;20:15:00;793;ac03 - Acidente com Danos Materiais;62;BR-153/MG;Norte;Saida de Pista;1;;;;;;;;;;1;;;;
15/10/2021;20:16:00;794;ac03 - Acidente com Danos Materiais;51;BR-153/MG;Norte;Colisão Frontal;1;;2;;;;;;;;3;;;;
15/10/2021;20:31:00;803;ac03 - Acidente com Danos Materiais;46;BR-153/MG;Sul;Capotamento;;;;;;;;;;1;1;;;;
15/10/2021;20:40:00;807;ac03 - Acidente com Danos Materiais;811;BR-262/MG;Oeste;Choque - Defensa;2;;;;;;;;;;2;;;;
15/10/2021;21:07:00;815;ac03 - Acidente com Danos Materiais;61;BR-153/MG;Norte;Colisão Traseira;;;2;;;;;;;;2;;;;
16/10/2021;01:55:00;23;ac03 - Acidente com Danos Materiais;540,8;BR-153/GO;Norte;Colisão Traseira;;;2;;;;;;;;2;;;;
16/10/2021;02:17:00;27;ac03 - Acidente com Danos Materiais;13;BR-060/GO;Norte;Tombamento;;;2;;;;;;;;2;;;;
16/10/2021;05:27:00;67;ac03 - Acidente com Danos Materiais;14,12;BR-060/GO;Sul;Saida de Pista;1;;;;;;;;;;1;;;;
16/10/2021;05:56:00;77;ac03 - Acidente com Danos Materiais;546;BR-262/MG;Leste;Saida de Pista;1;;;;;;;;;;3;;;;
16/10/2021;07:28:00;120;ac03 - Acidente com Danos Materiais;547;BR-262/MG;Leste;Capotamento;1;;;;;;;;;;1;;;;
16/10/2021;07:32:00;124;ac03 - Acidente com Danos Materiais;595;BR-262/MG;Leste;Saida de Pista;1;;;;;;;;;;1;;;;
16/10/2021;08:14:00;147;ac03 - Acidente com Danos Materiais;480,5;BR-262/MG;Leste;Saida de Pista;;;1;;;;;;;;1;;;;
16/10/2021;10:14:00;226;ac02 - Acidente com Vítima;748;BR-262/MG;Oeste;Tombamento;;;1;;;;;;;;0;1;;;
16/10/2021;18:23:00;544;ac03 - Acidente com Danos Materiais;225;BR-153/MG;Sul;Capotamento;1;;;;;1;;;;;2;;;;
16/10/2021;18:37:00;555;ac02 - Acidente com Vítima;364;BR-262/MG;Leste;Colisão Traseira;2;;;;;;;;;;1;2;;;
16/10/2021;19:51:00;590;ac03 - Acidente com Danos Materiais;31;BR-153/MG;Norte;Saida de Pista;;;;;;;;;;1;3;;;;
17/10/2021;00:54:00;29;ac02 - Acidente com Vítima;471;BR-262/MG;Oeste;Capotamento;;;;;;;;;;1;0;1;;;
17/10/2021;03:17:00;59;ac01 - Acidente com Vítima Fatal;215;BR-153/MG;Sul;Colisão Frontal;1;;1;;;;;;;;2;;1;;1
17/10/2021;03:42:00;60;ac03 - Acidente com Danos Materiais;506;BR-153/GO;Sul;Colisão Traseira;2;;;;;;;;;;2;;;;
17/10/2021;06:05:00;90;ac03 - Acidente com Danos Materiais;587,9;BR-153/GO;Norte;Saida de Pista;;;;1;;;;;;;1;;;;
17/10/2021;08:32:00;243;ac02 - Acidente com Vítima;195,328;BR-153/MG;Sul;Colisão Traseira;1;;2;;;;;;;;2;2;;;
17/10/2021;14:32:00;597;ac03 - Acidente com Danos Materiais;381;BR-262/MG;Leste;Saida de Pista;1;;;;;;;;;;4;;;;
17/10/2021;16:38:00;664;ac03 - Acidente com Danos Materiais;639;BR-262/MG;Leste;Saida de Pista;1;;;;;;;;;;2;;;;
17/10/2021;17:00:00;703;ac03 - Acidente com Danos Materiais;645;BR-153/GO;Sul;Tombamento;;;1;;;;;;;;1;;;;
17/10/2021;18:37:00;817;ac02 - Acidente com Vítima;101;BR-060/GO;Sul;Atropelamento - Usuário;1;;;;;1;;;;;2;1;;;
17/10/2021;19:09:00;839;ac03 - Acidente com Danos Materiais;540;BR-153/GO;Sul;Saida de Pista;1;;;;;;;;;;1;;;;
17/10/2021;19:10:00;840;ac02 - Acidente com Vítima;59,5;BR-060/GO;Sul;Capotamento;1;;;;;;;;;;0;;1;;
17/10/2021;19:48:00;855;ac02 - Acidente com Vítima;702;BR-153/GO;Sul;Saida de Pista;1;;;;;1;;;;;2;1;;;
17/10/2021;20:58:00;890;ac03 - Acidente com Danos Materiais;693;BR-153/GO;Norte;Choque - Outros;1;;1;;;;;;;1;6;;;;
17/10/2021;22:22:00;913;ac03 - Acidente com Danos Materiais;111;BR-153/MG;Sul;Atropelamento de Animal;;;1;;;;;;;;1;;;;
17/10/2021;23:36:00;934;ac02 - Acidente com Vítima;523;BR-262/MG;Leste;Colisão Transversal;1;;;;;;;;;1;1;;1;;
18/10/2021;06:01:00;70;ac03 - Acidente com Danos Materiais;119;BR-060/GO;Sul;Saida de Pista;;;1;;;;;;;;1;;;;
18/10/2021;06:42:00;86;ac03 - Acidente com Danos Materiais;656;BR-153/GO;Norte;Saida de Pista;1;;;;;;;;;;1;;;;
18/10/2021;07:17:00;98;ac02 - Acidente com Vítima;508;BR-153/GO;Sul;Colisão Traseira;;;1;1;;;;;;;1;1;1;;
18/10/2021;07:36:00;104;ac03 - Acidente com Danos Materiais;94,7;BR-060/GO;Sul;Engavetamento;3;;;;;;;;;;3;;;;
18/10/2021;08:45:00;135;ac03 - Acidente com Danos Materiais;795;BR-262/MG;Oeste;Colisão Traseira;2;;;;;;;;;;2;;;;
18/10/2021;09:30:00;177;ac03 - Acidente com Danos Materiais;172,3;BR-153/MG;Norte;Saida de Pista;1;;;;;;;;;;1;;;;
18/10/2021;14:07:00;296;ac02 - Acidente com Vítima;118;BR-060/GO;Norte;Colisão Transversal;1;;;1;;;;;;;1;;1;;
18/10/2021;15:25:00;316;ac02 - Acidente com Vítima;99;BR-060/GO;Sul;Colisão Frontal;1;;;;1;;;;;;1;;;1;
18/10/2021;17:14:00;428;ac02 - Acidente com Vítima;3;BR-060/DF;Norte;Colisão Traseira;1;;;1;;;;;;;1;;1;;
18/10/2021;18:51:00;459;ac03 - Acidente com Danos Materiais;358;BR-262/MG;Oeste;Capotamento;1;;;;;;;;;;1;;;;
18/10/2021;19:45:00;485;ac03 - Acidente com Danos Materiais;388;BR-262/MG;Leste;Colisão Traseira;;;2;;;;;;;;2;;;;
18/10/2021;19:54:00;493;ac03 - Acidente com Danos Materiais;16;BR-060/GO;Norte;Saida de Pista;;;2;;;;;;;;2;;;;
18/10/2021;20:14:00;508;ac03 - Acidente com Danos Materiais;549;BR-262/MG;Oeste;Colisão Traseira;3;;;;;;;;;;6;;;;
19/10/2021;10:50:00;236;ac02 - Acidente com Vítima;571;BR-153/GO;Sul;Capotamento;1;;;;;;;;;;0;1;;;
19/10/2021;10:56:00;259;ac03 - Acidente com Danos Materiais;619,2;BR-153/GO;Norte;Tombamento;;;1;;;;;;;;1;;;;
19/10/2021;11:33:00;306;ac03 - Acidente com Danos Materiais;26;BR-060/GO;Sul;Colisão Lateral;1;;;;;1;;;;;2;;;;
19/10/2021;12:10:00;355;ac03 - Acidente com Danos Materiais;509;BR-153/GO;Norte;Colisão Traseira;2;;;;;;;;;;2;;;;
19/10/2021;12:58:00;419;ac01 - Acidente com Vítima Fatal;385;BR-262/MG;Oeste;Tombamento;;;1;;;;;;;;0;;;;1
19/10/2021;14:45:00;481;ac03 - Acidente com Danos Materiais;664;BR-153/GO;Sul;Saida de Pista;;;1;;;1;;;;;2;;;;
19/10/2021;14:47:00;482;ac03 - Acidente com Danos Materiais;380;BR-262/MG;Oeste;Saida de Pista;1;;;;;;;;;;1;;;;
19/10/2021;15:32:00;503;ac02 - Acidente com Vítima;495;BR-153/GO;Norte;Colisão Traseira;1;;;1;;;;;;;1;;1;;
19/10/2021;20:45:00;624;ac03 - Acidente com Danos Materiais;353;BR-262/MG;Leste;Choque - Talude;1;;;;;;;;;;1;;;;
20/10/2021;02:12:00;74;ac03 - Acidente com Danos Materiais;442,7;BR-262/MG;Oeste;Saida de Pista;1;;;;;;;;;;2;;;;
20/10/2021;08:00:00;168;ac03 - Acidente com Danos Materiais;595;BR-262/MG;Leste;Saida de Pista;;;1;;;;;;;;1;;;;
20/10/2021;08:22:00;181;ac03 - Acidente com Danos Materiais;549;BR-262/MG;Oeste;Choque - Barreira;1;;;;;;;;;;1;;;;
20/10/2021;08:22:00;186;ac02 - Acidente com Vítima;604;BR-262/MG;Oeste;Saida de Pista;1;;;;;;;;;;2;1;;;
20/10/2021;08:51:00;229;ac03 - Acidente com Danos Materiais;116;BR-060/GO;Norte;Capotamento;1;;;;;;;;;;1;;;;
20/10/2021;09:19:00;256;ac03 - Acidente com Danos Materiais;370;BR-262/MG;Leste;Choque - Defensa;;;;;;;;;;1;1;;;;
20/10/2021;10:57:00;439;ac02 - Acidente com Vítima;380;BR-262/MG;Oeste;Saida de Pista;1;;;;;;;;;;0;1;;;
20/10/2021;14:26:00;648;ac03 - Acidente com Danos Materiais;607,9;BR-262/MG;Leste;Tombamento;1;;3;;;;;;;;4;;;;
20/10/2021;14:38:00;656;ac02 - Acidente com Vítima;131,8;BR-060/GO;Sul;Saida de Pista;1;;;;;;;;;;4;1;;;
20/10/2021;14:54:00;666;ac03 - Acidente com Danos Materiais;129;BR-060/GO;Norte;Saida de Pista;;;1;;;;;;;;1;;;;