data;horario;n_da_ocorrencia;tipo_de_ocorrencia;km;trecho;sentido;tipo_de_acidente;automovel;bicicleta;caminhao;moto;onibus;outros;tracao_animal;transporte_de_cargas_especiais;trator_maquinas;utilitarios;ilesos;levemente_feridos;moderadamente_feridos;gravemente_feridos;mortos
01/11/2021;16:29:00;703;ac03 - Acidente com Danos Materiais;132;BR-060/GO;Sul;Colisão Traseira;2;;;;;1;;;;;8;;;;
01/11/2021;21:06:00;854;ac03 - Acidente com Danos Materiais;444,8;BR-262/MG;Oeste;Colisão Traseira;1;1;;;;;;;;;3;;;;
01/11/2021;21:45:00;867;ac01 - Acidente com Vítima Fatal;434;BR-262/MG;Leste;Colisão Transversal;1;;2;;;;;;;;2;;;2;3
02/11/2021;05:23:00;91;ac03 - Acidente com Danos Materiais;654;BR-153/GO;Sul;Choque - Elemento de Drenagem;1;;;;;;;;;;1;;;;
02/11/2021;07:13:00;158;ac02 - Acidente com Vítima;32;BR-060/GO;Norte;Colisão Lateral;;;;1;;;;;;1;2;1;;;
02/11/2021;10:34:00;487;ac03 - Acidente com Danos Materiais;513;BR-153/GO;Sul;Choque - Defensa;1;;;;;1;;;;;2;;;;
02/11/2021;16:16:00;783;ac02 - Acidente com Vítima;609;BR-153/GO;Sul;Queda de Moto;;;;1;;;;;;;0;;1;;
02/11/2021;17:25:00;824;ac03 - Acidente com Danos Materiais;364;BR-262/MG;Leste;Colisão Traseira;2;;;;;;;;;;4;;;;
02/11/2021;19:15:00;885;ac02 - Acidente com Vítima;447;BR-262/MG;Oeste;Atropelamento - Morador;1;;;;;;;;;;1;1;;1;
02/11/2021;19:30:00;895;ac03 - Acidente com Danos Materiais;31;BR-060/GO;Sul;Colisão Transversal;2;;;;;;;;;;2;;;;
02/11/2021;20:45:00;922;ac03 - Acidente com Danos Materiais;3;BR-060/DF;Sul;Saida de Pista;1;;;;;;;;;;1;;;;
02/11/2021;21:29:00;937;ac03 - Acidente com Danos Materiais;514;BR-153/GO;Norte;Colisão Transversal;1;;;;;1;;;;;6;;;;
02/11/2021;22:46:00;976;ac03 - Acidente com Danos Materiais;23;BR-060/DF;Sul;Queda de Moto;;;;1;;;;;;;1;;;;
02/11/2021;22:48:00;977;ac03 - Acidente com Danos Materiais;429;BR-262/MG;Oeste;Capotamento;1;;;;;;;;;;1;;;;
03/11/2021;00:02:00;3;ac03 - Acidente com Danos Materiais;50;BR-153/MG;Norte;Saida de Pista;1;;;;;;;;;;1;;;;
03/11/2021;02:31:00;68;ac03 - Acidente com Danos Materiais;356,5;BR-262/MG;Oeste;Saida de Pista;;;;1;;;;;;;1;;;;
03/11/2021;06:15:00;103;ac03 - Acidente com Danos Materiais;505;BR-153/GO;Sul;Colisão Traseira;1;;;1;;;;;;;2;;;;
03/11/2021;07:37:00;149;ac03 - Acidente com Danos Materiais;628;BR-153/GO;Norte;Carreta deu L;;;1;;;;;;;;1;;;;
03/11/2021;10:15:00;258;ac02 - Acidente com Vítima;1;BR-060/DF;Norte;Queda de Moto;;;;1;;;;;;;0;1;;;
03/11/2021;13:03:00;331;ac01 - Acidente com Vítima Fatal;591;BR-153/GO;Sul;Tombamento;;;2;;;;;;;;1;;;;1
03/11/2021;13:31:00;343;ac02 - Acidente com Vítima;521;BR-153/GO;Sul;Queda de Moto;;;;1;;;;;;;0;;1;;
03/11/2021;14:52:00;380;ac03 - Acidente com Danos Materiais;563;BR-153/GO;Sul;Carreta deu L;;;1;;;;;;;;1;;;;
03/11/2021;19:14:00;579;ac02 - Acidente com Vítima;492;BR-153/GO;Sul;Choque - Veiculo parado no acostamento;;;1;1;;;;;;;0;1;1;;
03/11/2021;20:26:00;606;ac03 - Acidente com Danos Materiais;514;BR-153/GO;Norte;Colisão Traseira;1;;;1;;;;;;;2;;;;
03/11/2021;21:56:00;632;ac03 - Acidente com Danos Materiais;134;BR-060/GO;Norte;Choque - Arvore;1;;;;;;;;;;1;;;;
04/11/2021;03:45:00;44;ac03 - Acidente com Danos Materiais;633;BR-153/GO;Norte;Saida de Pista;;;1;;;;;;;;1;;;;
04/11/2021;06:17:00;65;ac03 - Acidente com Danos Materiais;0;BR-060/GO;Norte;Saida de Pista;;;1;;;;;;;;1;;;;
04/11/2021;11:45:00;274;ac03 - Acidente com Danos Materiais;504;BR-262/MG;Oeste;Colisão Traseira;1;;1;;;;;;;;3;;;;
04/11/2021;12:45:00;301;ac03 - Acidente com Danos Materiais;434,9;BR-262/MG;Oeste;Choque - Defensa;;;1;;;;;;;;1;;;;
04/11/2021;12:50:00;315;ac03 - Acidente com Danos Materiais;434,9;BR-262/MG;Leste;Colisão Traseira;;;1;;;1;;;;1;3;;;;
04/11/2021;14:47:00;373;ac03 - Acidente com Danos Materiais;29;BR-060/DF;Norte;Saida de Pista;1;;;;;;;;;;1;;;;
04/11/2021;15:07:00;382;ac03 - Acidente com Danos Materiais;100;BR-060/GO;Norte;Colisão Traseira;2;;;;;;;;;;2;;;;
04/11/2021;17:37:00;482;ac03 - Acidente com Danos Materiais;468;BR-262/MG;Oeste;Saida de Pista;;;1;;;;;;;;1;;;;
04/11/2021;17:50:00;493;ac03 - Acidente com Danos Materiais;501;BR-153/GO;Sul;Engavetamento;3;;;;;;;;;;3;;;;
04/11/2021;17:52:00;495;ac03 - Acidente com Danos Materiais;100;BR-060/GO;Norte;Saida de Pista;2;;;;;;;;;;2;;;;
05/11/2021;03:53:00;42;ac03 - Acidente com Danos Materiais;376;BR-262/MG;Leste;Tombamento;;;1;;;;;;;;1;;;;
05/11/2021;03:57:00;43;ac03 - Acidente com Danos Materiais;146;BR-153/MG;Sul;Saida de Pista;1;;;;;;;;;;1;;;;
05/11/2021;07:36:00;85;ac03 - Acidente com Danos Materiais;494,5;BR-153/GO;Sul;Colisão Traseira;2;;;;;;;;;;2;;;;
05/11/2021;07:49:00;94;ac03 - Acidente com Danos Materiais;505,9;BR-153/GO;Norte;Engavetamento;3;;;;;;;;;;3;;;;
05/11/2021;08:21:00;142;ac03 - Acidente com Danos Materiais;496;BR-153/GO;Sul;Colisão Traseira;3;;;;;;;;;;3;;;;
05/11/2021;10:18:00;218;ac02 - Acidente com Vítima;491;BR-153/GO;Norte;Colisão Traseira;;;1;2;;;;;;;2;1;;;
05/11/2021;12:11:00;257;ac03 - Acidente com Danos Materiais;97;BR-060/GO;Norte;Saida de Pista;;;1;;;;;;;;1;;;;
05/11/2021;13:23:00;295;ac03 - Acidente com Danos Materiais;81;BR-060/GO;Norte;Saida de Pista;1;;;;;;;;;;1;;;;
05/11/2021;13:33:00;306;ac03 - Acidente com Danos Materiais;863;BR-262/MG;Leste;Colisão Lateral;1;;;;;;;;;1;7;;;;
05/11/2021;13:51:00;322;ac02 - Acidente com Vítima;633;BR-153/GO;Sul;Capotamento;;;;;;;;;;1;0;;1;;
05/11/2021;16:19:00;397;ac03 - Acidente com Danos Materiais;510;BR-153/GO;Sul;Saida de Pista;1;;;;;;;;;;1;;;;
05/11/2021;19:05:00;504;ac02 - Acidente com Vítima;800;BR-262/MG;Oeste;Colisão Traseira;1;;1;;;;;;;;2;1;;;
05/11/2021;20:36:00;537;ac03 - Acidente com Danos Materiais;413;BR-262/MG;Leste;Saida de Pista;1;;;;;;;;;;2;;;;
06/11/2021;08:05:00;155;ac03 - Acidente com Danos Materiais;77,5;BR-153/MG;Sul;Colisão Traseira;1;;1;;;;;;;;5;;;;
06/11/2021;09:19:00;208;ac03 - Acidente com Danos Materiais;876,5;BR-262/MG;Oeste;Colisão Lateral;2;;;;;;;;;;3;;;;
06/11/2021;14:16:00;458;ac02 - Acidente com Vítima;832;BR-262/MG;Oeste;Queda de Moto;;;;1;;;;;;;0;1;;;
06/11/2021;14:58:00;474;ac02 - Acidente com Vítima;913;BR-262/MG;Oeste;Colisão Lateral;;;2;;;;;;;;1;;1;;
06/11/2021;19:00:00;584;ac02 - Acidente com Vítima;365;BR-262/MG;Oeste;Queda de Moto;;;;1;;;;;;;0;1;;;
06/11/2021;21:03:00;632;ac03 - Acidente com Danos Materiais;683;BR-153/GO;Sul;Colisão Lateral;;;1;;;;;;;1;2;;;;
06/11/2021;23:42:00;681;ac02 - Acidente com Vítima;456;BR-262/MG;Oeste;Colisão Lateral;1;;;1;;;;;;;1;;1;;
06/11/2021;23:45:00;683;ac02 - Acidente com Vítima;412;BR-262/MG;Leste;Colisão Traseira;2;;;;;;;;;;3;1;;;
07/11/2021;02:49:00;48;ac03 - Acidente com Danos Materiais;782;BR-262/MG;Leste;Saida de Pista;1;;;;;;;;;;1;;;;
07/11/2021;03:07:00;49;ac03 - Acidente com Danos Materiais;127;BR-060/GO;Sul;Colisão Lateral;1;;;1;;;;;;;3;;;;
07/11/2021;03:31:00;52;ac03 - Acidente com Danos Materiais;442;BR-262/MG;Oeste;Atropelamento de Animal;1;;;;;;;;;;1;;;;
07/11/2021;04:52:00;60;ac01 - Acidente com Vítima Fatal;98;BR-153/MG;Norte;Colisão Frontal;;;1;;;;;;;1;1;;;;1
07/11/2021;05:56:00;65;ac02 - Acidente com Vítima;79;BR-060/GO;Norte;Colisão Transversal;1;;1;;;;;;;;1;1;;;
07/11/2021;07:18:00;78;ac03 - Acidente com Danos Materiais;859;BR-262/MG;Oeste;Capotamento;1;;;;;;;;;;1;;;;
07/11/2021;07:32:00;83;ac03 - Acidente com Danos Materiais;553;BR-262/MG;Leste;Tombamento;;;1;;;;;;;;1;;;;
07/11/2021;10:20:00;131;ac03 - Acidente com Danos Materiais;478;BR-262/MG;Leste;Colisão Lateral;;;1;1;;1;;;;;3;;;;
07/11/2021;11:37:00;145;ac02 - Acidente com Vítima;353;BR-262/MG;Oeste;Queda de Moto;;;;1;;;;;;;0;;1;;
07/11/2021;13:01:00;168;ac03 - Acidente com Danos Materiais;500;BR-153/GO;Sul;Saida de Pista;1;;;;;;;;;;1;;;;
07/11/2021;13:19:00;175;ac03 - Acidente com Danos Materiais;74;BR-060/GO;Norte;Choque - Elemento de Drenagem;1;;;;;;;;;;1;;;;
07/11/2021;14:43:00;198;ac03 - Acidente com Danos Materiais;683,9;BR-153/GO;Norte;Saida de Pista;;;1;;;;;;;;1;;;;
07/11/2021;15:51:00;224;ac03 - Acidente com Danos Materiais;437;BR-262/MG;Oeste;Saida de Pista;1;;;;;;;;;;1;;;;
07/11/2021;16:00:00;227;ac03 - Acidente com Danos Materiais;4;BR-060/DF;Norte;Colisão Transversal;2;;;;;;;;;;2;;;;
07/11/2021;16:27:00;237;ac02 - Acidente com Vítima;445;BR-262/MG;Oeste;Choque - Arvore;2;;;;;;;;;;0;3;1;;
07/11/2021;16:32:00;242;ac03 - Acidente com Danos Materiais;550;BR-153/GO;Sul;Tombamento;;;1;;;;;;;;1;;;;
07/11/2021;17:52:00;298;ac03 - Acidente com Danos Materiais;530;BR-153/GO;Norte;Colisão Traseira;;;2;;;;;;;;2;;;;
07/11/2021;18:51:00;310;ac03 - Acidente com Danos Materiais;624;BR-153/GO;Sul;Choque- Poste/Equipamento;1;;;;;;;;;;1;;;;
07/11/2021;19:37:00;323;ac03 - Acidente com Danos Materiais;56;BR-153/MG;Sul;Saida de Pista;1;;;;;;;;;;5;;;;
07/11/2021;19:41:00;328;ac02 - Acidente com Vítima;701;BR-153/GO;Sul;Queda de Moto;;;;1;;;;;;;0;;;1;
07/11/2021;21:14:00;367;ac03 - Acidente com Danos Materiais;33,397;BR-060/GO;Sul;Colisão Traseira;2;;;;;;;;;;2;;;;
07/11/2021;23:16:00;395;ac03 - Acidente com Danos Materiais;682;BR-153/GO;Sul;Saida de Pista;1;;;;;;;;;;1;;;;
08/11/2021;01:06:00;15;ac03 - Acidente com Danos Materiais;509;BR-153/GO;Sul;Colisão Traseira;;;2;;;;;;;;2;;;;
08/11/2021;04:52:00;36;ac03 - Acidente com Danos Materiais;115,546;BR-060/GO;Sul;Choque - Elemento de Drenagem;1;;;;;;;;;;1;;;;
08/11/2021;07:16:00;74;ac03 - Acidente com Danos Materiais;481;BR-262/MG;Oeste;Colisão Traseira;2;;;;;;;;;;3;;;;
08/11/2021;07:42:00;86;ac03 - Acidente com Danos Materiais;365;BR-262/MG;Leste;Colisão Traseira;2;;;;;;;;;;4;;;;
08/11/2021;08:10:00;109;ac03 - Acidente com Danos Materiais;803;BR-262/MG;Oeste;Queda de Moto;;;;1;;;;;;;1;;;;
08/11/2021;08:28:00;117;ac02 - Acidente com Vítima;586;BR-262/MG;Leste;Capotamento;1;;;;;;;;;;0;1;;;
08/11/2021;12:34:00;227;ac01 - Acidente com Vítima Fatal;790;BR-262/MG;Leste;Colisão Lateral;;;1;1;;;;;;;1;;;;1
08/11/2021;12:46:00;230;ac02 - Acidente com Vítima;29;BR-060/DF;Norte;Capotamento;;;;;;;;;;1;0;;2;;
08/11/2021;14:57:00;274;ac03 - Acidente com Danos Materiais;100;BR-060/GO;Norte;Choque - Elemento de Drenagem;1;;;;;;;;;;1;;;;
08/11/2021;15:13:00;283;ac03 - Acidente com Danos Materiais;516;BR-153/GO;Norte;Tombamento;;;1;;;;;;;;1;;;;
08/11/2021;15:24:00;286;ac02 - Acidente com Vítima;116;BR-060/GO;Sul;Tombamento;;;;;;;;;;1;0;1;;;
08/11/2021;15:37:00;291;ac03 - Acidente com Danos Materiais;519,353;BR-153/GO;Sul;Saida de Pista;;;;;;;;;;1;1;;;;
08/11/2021;16:40:00;317;ac03 - Acidente com Danos Materiais;103;BR-060/GO;Sul;Saida de Pista;;;1;;;;;;;;1;;;;
08/11/2021;23:31:00;494;ac02 - Acidente com Vítima;575;BR-153/GO;Sul;Saida de Pista;;;2;;;;;;;;1;;1;;
09/11/2021;05:56:00;46;ac02 - Acidente com Vítima;91;BR-060/GO;Sul;Capotamento;1;;;;;1;;;;;1;1;;;
09/11/2021;06:41:00;54;ac03 - Acidente com Danos Materiais;543,3;BR-153/GO;Sul;Choque - Talude;;;1;;;;;;;;1;;;;
09/11/2021;06:56:00;59;ac02 - Acidente com Vítima;504;BR-153/GO;Norte;Engavetamento;2;;;1;;;;;;;3;1;;;
09/11/2021;10:19:00;145;ac02 - Acidente com Vítima;447;BR-262/MG;Oeste;Colisão Lateral;1;;;1;;;;;;;1;1;;;
09/11/2021;11:24:00;179;ac03 - Acidente com Danos Materiais;97,592;BR-060/GO;Sul;Colisão Lateral;2;;;;;;;;;;3;;;;
09/11/2021;11:30:00;181;ac03 - Acidente com Danos Materiais;81;BR-060/GO;Sul;Colisão Traseira;1;;;;;1;;;;;2;;;;
09/11/2021;12:32:00;249;ac03 - Acidente com Danos Materiais;479;BR-262/MG;Leste;Tombamento;;;1;;;;;;;;1;;;;
09/11/2021;14:42:00;303;ac02 - Acidente com Vítima;796,46;BR-262/MG;Leste;Colisão Traseira;2;;;;;;;;;;0;5;;;
09/11/2021;15:37:00;326;ac03 - Acidente com Danos Materiais;866;BR-262/MG;Leste;Saida de Pista;1;;;;;;;;;;2;;;;
09/11/2021;16:14:00;337;ac03 - Acidente com Danos Materiais;545;BR-262/MG;Leste;Tombamento;;;1;;;;;;;;1;;;;
09/11/2021;17:47:00;410;ac01 - Acidente com Vítima Fatal;3;BR-060/DF;Sul;Colisão Lateral;1;;;1;;1;;;;;2;;;;1
09/11/2021;19:56:00;464;ac03 - Acidente com Danos Materiais;504;BR-153/GO;Norte;Saida de Pista;2;;1;;;;;;;;3;;;;
09/11/2021;20:31:00;475;ac03 - Acidente com Danos Materiais;533;BR-153/GO;Sul;Saida de Pista;;;1;;;;;;;;1;;;;
09/11/2021;22:27:00;522;ac03 - Acidente com Danos Materiais;39;BR-153/MG;Sul;Colisão Traseira;1;;1;;;;;;;;2;;;;
10/11/2021;00:02:00;2;ac03 - Acidente com Danos Materiais;606;BR-153/GO;Sul;Saida de Pista;;;1;;;;;;;;1;;;;
10/11/2021;02:49:00;38;ac03 - Acidente com Danos Materiais;538;BR-262/MG;Leste;Saida de Pista;;;2;;;;;;;;2;;;;
10/11/2021;06:25:00;75;ac02 - Acidente com Vítima;593;BR-262/MG;Leste;Colisão Frontal;;;2;;;4;;;;;5;;;1;
10/11/2021;08:11:00;114;ac03 - Acidente com Danos Materiais;496;BR-153/GO;Norte;Colisão Traseira;1;;;1;;1;;;;;3;;;;
10/11/2021;11:12:00;225;ac02 - Acidente com Vítima;8;BR-153/MG;Sul;Capotamento;;;;;;;;;;1;0;;1;;
10/11/2021;12:08:00;245;ac03 - Acidente com Danos Materiais;737;BR-262/MG;Leste;Saida de Pista;;;1;;;;;;;;1;;;;
10/11/2021;13:17:00;276;ac03 - Acidente com Danos Materiais;435;BR-262/MG;Leste;Choque - Outros;1;;;;;;;;;;1;;;;
10/11/2021;14:41:00;311;ac02 - Acidente com Vítima;45;BR-060/GO;Norte;Choque - Talude;;;1;;;;;;;;0;1;;;
10/11/2021;15:05:00;320;ac03 - Acidente com Danos Materiais;220;BR-153/MG;Sul;Saida de Pista;1;;1;;;;;;;;2;;;;
10/11/2021;16:27:00;367;ac03 - Acidente com Danos Materiais;119,6;BR-060/GO;Norte;Colisão Traseira;1;;1;;;1;;;;;4;;;;
10/11/2021;17:42:00;430;ac03 - Acidente com Danos Materiais;787;BR-262/MG;Oeste;Engavetamento;4;;1;;;;;;;;7;;;;
10/11/2021;11:01:00;431;ac03 - Acidente com Danos Materiais;81;BR-153/MG;Norte;Colisão Frontal;1;;;;;;;;;;1;;;;
10/11/2021;18:40:00;455;ac02 - Acidente com Vítima;500;BR-153/GO;Sul;Colisão Lateral;;;;1;;2;;;;;2;;1;;
10/11/2021;19:51:00;486;ac02 - Acidente com Vítima;100;BR-060/GO;Norte;Colisão Lateral;;;;1;;1;;;;;1;;1;;
10/11/2021;22:28:00;533;ac02 - Acidente com Vítima;643,001;BR-153/GO;Norte;Colisão Frontal;1;;1;;;;;;;;1;2;;;
10/11/2021;22:59:00;537;ac02 - Acidente com Vítima;71;BR-060/GO;Sul;Queda de Moto;;;;1;;;;;;;0;1;;;
11/11/2021;01:20:00;17;ac03 - Acidente com Danos Materiais;508;BR-262/MG;Oeste;Saida de Pista;;;1;;;;;;;;2;;;;
11/11/2021;02:26:00;28;ac03 - Acidente com Danos Materiais;174;BR-153/MG;Norte;Tombamento;;;1;;;;;;;;1;;;;
11/11/2021;05:04:00;42;ac03 - Acidente com Danos Materiais;67;BR-153/MG;Norte;Saida de Pista;1;;;;;;;;;;1;;;;
11/11/2021;05:07:00;43;ac03 - Acidente com Danos Materiais;227;BR-153/MG;Norte;Saida de Pista;;;;;1;;;;;;14;;;;
11/11/2021;07:15:00;79;ac03 - Acidente com Danos Materiais;607;BR-262/MG;Leste;Colisão Lateral;;;1;;;;;;;1;2;;;;
11/11/2021;07:24:00;81;ac02 - Acidente com Vítima;3;BR-153/MG;Norte;Capotamento;1;;;;;;;;;;0;1;;;
11/11/2021;07:39:00;88;ac03 - Acidente com Danos Materiais;5,8;BR-153/MG;Sul;Capotamento;1;;;;;;;;;;1;;;;
11/11/2021;08:05:00;96;ac02 - Acidente com Vítima;720;BR-262/MG;Leste;Colisão Frontal;;;2;;;;;;;;1;;1;;
11/11/2021;08:29:00;101;ac03 - Acidente com Danos Materiais;497;BR-262/MG;Oeste;Choque - Defensa;1;;;;;;;;;;1;;;;
11/11/2021;09:03:00;110;ac03 - Acidente com Danos Materiais;721;BR-262/MG;Leste;Tombamento;;;1;;;;;;;;1;;;;
11/11/2021;10:44:00;141;ac03 - Acidente com Danos Materiais;532;BR-262/MG;Leste;Saida de Pista;;;1;;;;;;;;1;;;;
11/11/2021;10:45:00;142;ac03 - Acidente com Danos Materiais;501,9;BR-153/GO;Sul;Colisão Lateral;1;;1;;;;;;;;2;;;;
11/11/2021;11:06:00;148;ac03 - Acidente com Danos Materiais;663;BR-153/GO;Sul;Saida de Pista;1;;;;;;;;;;1;;;;
11/11/2021;11:48:00;160;ac03 - Acidente com Danos Materiais;394;BR-262/MG;Oeste;Saida de Pista;1;;;;;;;;;;1;;;;
11/11/2021;11:54:00;162;ac03 - Acidente com Danos Materiais;112;BR-060/GO;Sul;Saida de Pista;1;;;;;;;;;;1;;;;
11/11/2021;11:59:00;164;ac03 - Acidente com Danos Materiais;388;BR-262/MG;Leste;Saida de Pista;1;;;;;;;;;;1;;;;
11/11/2021;12:04:00;170;ac03 - Acidente com Danos Materiais;575;BR-153/GO;Sul;Capotamento;1;;;;;;;;;;1;;;;
11/11/2021;12:18:00;176;ac03 - Acidente com Danos Materiais;57;BR-153/MG;Norte;Colisão Traseira;1;;1;;;;;;;;4;;;;
11/11/2021;14:22:00;214;ac03 - Acidente com Danos Materiais;47;BR-060/GO;Norte;Tombamento;;;1;;;;;;;;1;;;;
11/11/2021;14:35:00;216;ac03 - Acidente com Danos Materiais;28;BR-060/GO;Norte;Saida de Pista;;;;;;;;;;1;2;;;;
11/11/2021;14:58:00;218;ac02 - Acidente com Vítima;132;BR-060/GO;Norte;Saida de Pista;1;;;;;;;;;;0;1;;;
11/11/2021;15:00:00;219;ac02 - Acidente com Vítima;380;BR-262/MG;Leste;Choque - Elemento de Drenagem;;;;;;;;;;1;0;1;;;
11/11/2021;15:22:00;228;ac03 - Acidente com Danos Materiais;554;BR-262/MG;Leste;Capotamento;;;;;;;;;;1;1;;;;
11/11/2021;16:04:00;242;ac03 - Acidente com Danos Materiais;64;BR-060/GO;Sul;Capotamento;;;;;;;;;;1;1;;;;
11/11/2021;16:29:00;248;ac02 - Acidente com Vítima;383;BR-262/MG;Leste;Saida de Pista;;;;;;;;;;1;0;1;;;
11/11/2021;16:33:00;250;ac03 - Acidente com Danos Materiais;600,8;BR-153/GO;Sul;Saida de Pista;1;;;;;;;;;;1;;;;
11/11/2021;17:14:00;260;ac03 - Acidente com Danos Materiais;95;BR-060/GO;Sul;Colisão Lateral;1;;1;;;;;;;;2;;;;
11/11/2021;19:45:00;316;ac02 - Acidente com Vítima;512;BR-153/GO;Sul;Engavetamento;5;;;;1;;;;;;5;1;;;
12/11/2021;06:19:00;56;ac03 - Acidente com Danos Materiais;498;BR-262/MG;Oeste;Capotamento;1;;;;;;;;;;1;;;;
12/11/2021;07:16:00;66;ac03 - Acidente com Danos Materiais;391;BR-262/MG;Oeste;Choque - Elemento de Drenagem;1;;;;;;;;;;1;;;;
12/11/2021;10:20:00;188;ac03 - Acidente com Danos Materiais;71,6;BR-153/MG;Sul;Colisão Traseira;1;;2;;;;;;;;3;;;;
12/11/2021;12:25:00;272;ac03 - Acidente com Danos Materiais;81;BR-060/GO;Sul;Choque - Elemento de Drenagem;1;;;;;;;;;;1;;;;
12/11/2021;13:51:00;313;ac03 - Acidente com Danos Materiais;402;BR-262/MG;Leste;Saida de Pista;;;2;;;;;;;;2;;;;
12/11/2021;13:50:00;314;ac03 - Acidente com Danos Materiais;415;BR-262/MG;Leste;Saida de Pista;2;;1;;;;;;;;3;;;;
12/11/2021;14:41:00;345;ac03 - Acidente com Danos Materiais;28;BR-060/GO;Norte;Saida de Pista;;;;;;;;;;1;1;;;;
12/11/2021;16:17:00;407;ac02 - Acidente com Vítima;379;BR-262/MG;Leste;Capotamento;1;;;;;;;;;;0;2;;;
12/11/2021;16:41:00;421;ac03 - Acidente com Danos Materiais;501,8;BR-153/GO;Sul;Colisão Traseira;2;;;;;;;;;;2;;;;
12/11/2021;18:12:00;450;ac03 - Acidente com Danos Materiais;7;BR-060/GO;Sul;Queda de Moto;;;;1;;;;;;;1;;;;
12/11/2021;20:36:00;542;ac03 - Acidente com Danos Materiais;89;BR-060/GO;Norte;Colisão Lateral;1;;;;;;;;;1;2;;;;
12/11/2021;20:49:00;547;ac03 - Acidente com Danos Materiais;28,257;BR-060/DF;Norte;Choque - Talude;;;;;;;;;;1;1;;;;
12/11/2021;22:36:00;598;ac03 - Acidente com Danos Materiais;137;BR-060/GO;Sul;Saida de Pista;1;;;;;;;;;;1;;;;
12/11/2021;22:41:00;599;ac03 - Acidente com Danos Materiais;661;BR-153/GO;Norte;Tombamento;;;2;;;;;;;;2;;;;
13/11/2021;00:24:00;6;ac03 - Acidente com Danos Materiais;169;BR-153/MG;Norte;Tombamento;;;1;;;;;;;;1;;;;
13/11/2021;00:29:00;9;ac02 - Acidente com Vítima;799;BR-262/MG;Leste;Atropelamento de Animal;1;;;;;;;;;;0;1;2;;
13/11/2021;02:38:00;41;ac03 - Acidente com Danos Materiais;551;BR-262/MG;Leste;Saida de Pista;;;1;;;;;;;;1;;;;
13/11/2021;08:17:00;197;ac02 - Acidente com Vítima;126;BR-060/GO;Norte;Choque - Elemento de Drenagem;;;;1;;;;;;;0;1;;;
13/11/2021;10:46:00;519;ac03 - Acidente com Danos Materiais;28,4;BR-060/GO;Norte;Choque - Elemento de Drenagem;1;;;;;;;;;;1;;;;
13/11/2021;12:20:00;620;ac03 - Acidente com Danos Materiais;545,5;BR-153/GO;Norte;Capotamento;1;;;;;;;;;;2;;;;
13/11/2021;12:43:00;658;ac03 - Acidente com Danos Materiais;494;BR-153/GO;Norte;Colisão Traseira;1;;;1;;;;;;;2;;;;
13/11/2021;13:03:00;683;ac03 - Acidente com Danos Materiais;0,5;BR-060/GO;Sul;Saida de Pista;1;;;;;;;;;;2;;;;
13/11/2021;14:00:00;719;ac03 - Acidente com Danos Materiais;25;BR-060/GO;Norte;Capotamento;1;;;;;;;;;;1;;;;
13/11/2021;15:09:00;775;ac03 - Acidente com Danos Materiais;529;BR-153/GO;Norte;Choque - Elemento de Drenagem;1;;;;;;;;;;2;;;;
13/11/2021;15:10:00;776;ac03 - Acidente com Danos Materiais;19;BR-060/DF;Norte;Saida de Pista;1;;;;;;;;;;2;;;;
13/11/2021;15:16:00;782;ac03 - Acidente com Danos Materiais;590;BR-153/GO;Norte;Choque - Arvore;1;;;;;;;;;;1;;;;
13/11/2021;15:27:00;788;ac03 - Acidente com Danos Materiais;587;BR-153/GO;Norte;Capotamento;1;;;;;;;;;;1;;;;
13/11/2021;17:59:00;915;ac03 - Acidente com Danos Materiais;580;BR-153/GO;Sul;Choque - Talude;;;1;;;1;;;;;2;;;;
13/11/2021;21:34:00;1029;ac03 - Acidente com Danos Materiais;375;BR-262/MG;Oeste;Saida de Pista;2;;;;;;;;;;2;;;;
14/11/2021;04:33:00;128;ac03 - Acidente com Danos Materiais;83,2;BR-060/GO;Norte;Capotamento;1;;;;;;;;;;2;;;;
14/11/2021;05:25:00;149;ac02 - Acidente com Vítima;898;BR-262/MG;Leste;Saida de Pista;;;1;;;;;;;;0;;1;;
14/11/2021;06:06:00;172;ac02 - Acidente com Vítima;24;BR-060/DF;Norte;Choque - Arvore;1;;;;;;;;;;0;;1;;