data;horario;n_da_ocorrencia;tipo_de_ocorrencia;km;trecho;sentido;tipo_de_acidente;automovel;bicicleta;caminhao;moto;onibus;outros;tracao_animal;transporte_de_cargas_especiais;trator_maquinas;utilitarios;ilesos;levemente_feridos;moderadamente_feridos;gravemente_feridos;mortos
26/11/2021;22:43:00;679;ac03 - Acidente com Danos Materiais;430;BR-262/MG;Oeste;Saida de Pista;;;;;;;;;;1;4;;;;
27/11/2021;02:39:00;29;ac03 - Acidente com Danos Materiais;549;BR-262/MG;Leste;Choque - Barreira;1;;;;;;;;;;2;;;;
27/11/2021;05:21:00;46;ac03 - Acidente com Danos Materiais;697;BR-153/GO;Sul;Choque- Poste/Equipamento;1;;;;;;;;;;1;;;;
27/11/2021;05:33:00;48;ac03 - Acidente com Danos Materiais;627;BR-153/GO;Sul;Saida de Pista;;;1;;;;;;;;1;;;;
27/11/2021;06:24:00;62;ac03 - Acidente com Danos Materiais;785;BR-262/MG;Oeste;Saida de Pista;;;1;;;;;;;;1;;;;
27/11/2021;06:26:00;63;ac03 - Acidente com Danos Materiais;380;BR-262/MG;Oeste;Choque - Elemento de Drenagem;1;;;;;;;;;;1;;;;
27/11/2021;06:51:00;72;ac03 - Acidente com Danos Materiais;633;BR-153/GO;Sul;Queda de Ciclista;;;;1;;;;;;;1;;;;
27/11/2021;07:39:00;102;ac03 - Acidente com Danos Materiais;24;BR-153/MG;Norte;Choque - Arvore;1;;;;;;;;;;2;;;;
27/11/2021;08:32:00;148;ac03 - Acidente com Danos Materiais;696;BR-153/GO;Norte;Choque- Poste/Equipamento;;;;;;;;;;1;1;;;;
27/11/2021;09:47:00;195;ac03 - Acidente com Danos Materiais;679;BR-153/GO;Norte;Saida de Pista;;;1;;;;;;;;1;;;;
27/11/2021;11:15:00;223;ac03 - Acidente com Danos Materiais;439;BR-262/MG;Leste;Queda de Ciclista;;;;1;;;;;;;1;;;;
27/11/2021;11:33:00;228;ac03 - Acidente com Danos Materiais;526,2;BR-153/GO;Norte;Saida de Pista;;;1;;;;;;;;1;;;;
27/11/2021;17:08:00;443;ac03 - Acidente com Danos Materiais;500;BR-153/GO;Norte;Engavetamento;2;;;1;;;;;;;3;;;;
27/11/2021;17:12:00;446;ac02 - Acidente com Vítima;489;BR-262/MG;Leste;Saida de Pista;1;;;;;;;;;;1;1;;;
27/11/2021;18:25:00;479;ac03 - Acidente com Danos Materiais;549;BR-153/GO;Sul;Carreta deu L;;;1;;;;;;;;1;;;;
27/11/2021;18:35:00;482;ac03 - Acidente com Danos Materiais;527;BR-153/GO;Sul;Choque - Arvore;1;;;;;;;;;;1;;;;
27/11/2021;19:35:00;497;ac01 - Acidente com Vítima Fatal;553;BR-262/MG;Oeste;Tombamento;;;1;;;;;;;;0;;;;1
27/11/2021;19:51:00;501;ac03 - Acidente com Danos Materiais;526,9;BR-153/GO;Sul;Colisão Traseira;2;;;;;;;;;;2;;;;
28/11/2021;06:36:00;114;ac03 - Acidente com Danos Materiais;50;BR-060/GO;Sul;Capotamento;;;;;;;;;;1;1;;;;
28/11/2021;06:38:00;115;ac02 - Acidente com Vítima;811;BR-262/MG;Leste;Choque - Barreira;1;;;;;;;;;;0;1;;;
28/11/2021;06:42:00;117;ac02 - Acidente com Vítima;12,1;BR-060/DF;Norte;Capotamento;1;;;;;;;;;;0;1;1;;
28/11/2021;09:21:00;236;ac03 - Acidente com Danos Materiais;118;BR-060/GO;Sul;Colisão Transversal;1;;;;;;;;;1;2;;;;
28/11/2021;09:47:00;254;ac03 - Acidente com Danos Materiais;94;BR-153/MG;Sul;Colisão Lateral;1;;2;;;;;;;;3;;;;
28/11/2021;10:36:00;304;ac02 - Acidente com Vítima;833;BR-262/MG;Oeste;Colisão Lateral;1;;;1;;;;;;;1;1;;;
28/11/2021;13:25:00;395;ac03 - Acidente com Danos Materiais;564;BR-153/GO;Sul;Tombamento;;;;;;1;;;;1;2;;;;
28/11/2021;17:35:00;523;ac02 - Acidente com Vítima;557;BR-153/GO;Sul;Queda de Moto;;;;1;;;;;;;1;1;;;
28/11/2021;22:23:00;722;ac03 - Acidente com Danos Materiais;8,9;BR-153/MG;Norte;Capotamento;1;;;;;;;;;;1;;;;
29/11/2021;03:36:00;52;ac03 - Acidente com Danos Materiais;565;BR-262/MG;Oeste;Colisão Lateral;1;;1;;;;;;;;2;;;;
29/11/2021;05:32:00;75;ac02 - Acidente com Vítima;108,8;BR-060/GO;Sul;Colisão Traseira;1;;;1;;;;;;;1;;1;;
29/11/2021;10:28:00;402;ac03 - Acidente com Danos Materiais;506;BR-153/GO;Sul;Colisão Traseira;2;;;;;;;;;;2;;;;
29/11/2021;12:50:00;532;ac03 - Acidente com Danos Materiais;369;BR-262/MG;Leste;Colisão Traseira;;;2;;;;;;;;2;;;;
29/11/2021;16:26:00;722;ac02 - Acidente com Vítima;669;BR-153/GO;Sul;Saida de Pista;1;;;;;;;;;;0;2;;;
29/11/2021;22:09:00;954;ac03 - Acidente com Danos Materiais;244;BR-153/MG;Sul;Atropelamento de Animal;;;1;;;;;;;;1;;;;
30/11/2021;02:12:00;33;ac03 - Acidente com Danos Materiais;117;BR-060/GO;Norte;Atropelamento de Animal;;;1;;;;;;;;1;;;;
30/11/2021;05:29:00;59;ac01 - Acidente com Vítima Fatal;507;BR-262/MG;Leste;Colisão Frontal;;;2;;;1;;;;;1;1;;;1
30/11/2021;10:02:00;244;ac02 - Acidente com Vítima;409;BR-262/MG;Oeste;Capotamento;1;;;;;;;;;;0;1;1;;
30/11/2021;12:39:00;362;ac03 - Acidente com Danos Materiais;3;BR-060/DF;Norte;Atropelamento - Sem Informação;1;;;;;;;;;;3;;;;
30/11/2021;13:29:00;387;ac02 - Acidente com Vítima;500;BR-153/GO;Sul;Queda de Moto;;;;1;;;;;;;0;1;;;
30/11/2021;14:25:00;423;ac03 - Acidente com Danos Materiais;502;BR-262/MG;Leste;Saida de Pista;;;1;;;;;;;;1;;;;
30/11/2021;14:36:00;426;ac03 - Acidente com Danos Materiais;363;BR-262/MG;Leste;Colisão Traseira;1;;1;;;;;;;;2;;;;
30/11/2021;14:49:00;433;ac02 - Acidente com Vítima;13;BR-060/GO;Norte;Colisão Traseira;;;1;1;;;;;;;1;;1;;
30/11/2021;21:03:00;665;ac02 - Acidente com Vítima;28;BR-060/DF;Norte;Capotamento;;;;;;;;;;1;2;;1;;
30/11/2021;21:34:00;675;ac03 - Acidente com Danos Materiais;4;BR-060/DF;Norte;Colisão Traseira;1;;;;;1;;;;;2;;;;
01/12/2021;00:58:00;15;ac02 - Acidente com Vítima;482;BR-262/MG;Oeste;Capotamento;1;;;;;;;;;;1;1;;;
01/12/2021;04:21:00;41;ac03 - Acidente com Danos Materiais;360;BR-262/MG;Oeste;Saida de Pista;;;1;;;;;;;;1;;;;
01/12/2021;05:10:00;46;ac02 - Acidente com Vítima;686;BR-262/MG;Leste;Colisão Traseira;;;2;;;;;;;;1;;1;;
01/12/2021;06:43:00;72;ac03 - Acidente com Danos Materiais;361;BR-262/MG;Leste;Choque - Defensa;1;;;;;;;;;;1;;;;
01/12/2021;07:39:00;163;ac03 - Acidente com Danos Materiais;382;BR-262/MG;Oeste;Capotamento;1;;;;;;;;;;1;;;;
01/12/2021;08:04:00;188;ac02 - Acidente com Vítima;385;BR-262/MG;Leste;Queda de Moto;;;;1;;;;;;;0;;1;;
01/12/2021;09:15:00;256;ac03 - Acidente com Danos Materiais;358;BR-262/MG;Leste;Queda de Moto;;;;1;;;;;;;1;;;;
01/12/2021;11:11:00;351;ac01 - Acidente com Vítima Fatal;67,109;BR-060/GO;Sul;Colisão Lateral;2;;;;;;;;;;1;;1;;1
01/12/2021;16:28:00;529;ac03 - Acidente com Danos Materiais;491;BR-153/GO;Sul;Choque - Defensa;1;;;;;2;;;;;3;;;;
01/12/2021;16:30:00;530;ac03 - Acidente com Danos Materiais;2;BR-060/GO;Sul;Saida de Pista;1;;;;;;;;;;1;;;;
01/12/2021;19:52:00;635;ac03 - Acidente com Danos Materiais;2,8;BR-060/GO;Norte;Saida de Pista;1;;;;;;;;;;1;;;;
02/12/2021;00:18:00;11;ac03 - Acidente com Danos Materiais;676;BR-153/GO;Sul;Saida de Pista;1;;;;;;;;;;5;;;;
02/12/2021;08:15:00;138;ac03 - Acidente com Danos Materiais;10;BR-060/GO;Norte;Colisão Lateral;2;;;;;;;;;;4;;;;
02/12/2021;08:45:00;172;ac03 - Acidente com Danos Materiais;359;BR-262/MG;Leste;Choque - Elemento de Drenagem;1;;;;;;;;;;1;;;;
02/12/2021;11:28:00;267;ac03 - Acidente com Danos Materiais;499,278;BR-153/GO;Sul;Engavetamento;1;;2;;;;;;;2;5;;;;
02/12/2021;18:12:00;436;ac03 - Acidente com Danos Materiais;494,7;BR-153/GO;Sul;Engavetamento;4;;;;;;;;;;4;;;;
02/12/2021;18:23:00;442;ac01 - Acidente com Vítima Fatal;83,583;BR-060/GO;Sul;Colisão Traseira;1;1;;;;;;;;;1;;;;1
02/12/2021;23:07:00;578;ac02 - Acidente com Vítima;398;BR-262/MG;Leste;Colisão Frontal;3;;;1;;;;;;;5;;1;;
02/12/2021;23:53:00;600;ac03 - Acidente com Danos Materiais;658;BR-153/GO;Sul;Colisão Traseira;1;;1;;;;;;;;2;;;;
03/12/2021;02:26:00;29;ac03 - Acidente com Danos Materiais;4;BR-060/DF;Sul;Choque - Elemento de Drenagem;1;;;;;;;;;;1;;;;
03/12/2021;02:59:00;34;ac03 - Acidente com Danos Materiais;89,78;BR-060/GO;Norte;Saida de Pista;1;;;;;;;;;;1;;;;
03/12/2021;07:55:00;104;ac03 - Acidente com Danos Materiais;509,9;BR-153/GO;Norte;Engavetamento;;;;;;2;;;;1;3;;;;
03/12/2021;12:06:00;319;ac03 - Acidente com Danos Materiais;107;BR-060/GO;Norte;Colisão Traseira;;;1;;1;;;;;;6;;;;
03/12/2021;12:40:00;343;ac02 - Acidente com Vítima;378;BR-262/MG;Oeste;Queda de Moto;;;;1;;;;;;;0;1;;;
03/12/2021;13:12:00;359;ac03 - Acidente com Danos Materiais;629;BR-153/GO;Norte;Choque - Elemento de Drenagem;1;;;;;;;;;;1;;;;
03/12/2021;15:17:00;431;ac02 - Acidente com Vítima;506,688;BR-153/GO;Norte;Queda de Moto;;;;1;;1;;;;;2;1;;;
03/12/2021;16:06:00;462;ac03 - Acidente com Danos Materiais;38;BR-060/GO;Norte;Choque - Elemento de Drenagem;1;;;;;1;;;;;4;;;;
03/12/2021;16:55:00;504;ac02 - Acidente com Vítima;29;BR-060/GO;Norte;Engavetamento;3;;1;;;;;;;2;10;1;2;;
03/12/2021;19:48:00;605;ac03 - Acidente com Danos Materiais;498;BR-153/GO;Sul;Colisão Traseira;1;;;;;1;;;;;2;;;;
03/12/2021;19:49:00;606;ac03 - Acidente com Danos Materiais;819;BR-262/MG;Leste;Atropelamento de Animal;1;;;;;;;;;;2;;;;
03/12/2021;20:23:00;623;ac03 - Acidente com Danos Materiais;498;BR-153/GO;Sul;Colisão Traseira;1;;;1;;;;;;;2;;;;
03/12/2021;20:46:00;637;ac02 - Acidente com Vítima;509;BR-153/GO;Sul;Colisão Traseira;2;;;;;;;;;;3;;1;;
03/12/2021;20:57:00;648;ac02 - Acidente com Vítima;99,9;BR-060/GO;Sul;Colisão Traseira;1;;;1;;;;;;;1;;1;;
03/12/2021;20:57:00;649;ac03 - Acidente com Danos Materiais;100,5;BR-060/GO;Norte;Engavetamento;3;;;;;;;;;;3;;;;
04/12/2021;03:48:00;44;ac01 - Acidente com Vítima Fatal;372;BR-262/MG;Oeste;Atropelamento - Andarilho;;;1;;;;;;;;1;;;;1
04/12/2021;05:27:00;84;ac02 - Acidente com Vítima;47;BR-060/GO;Norte;Choque - Arvore;1;;;;;;;;;;1;1;;;
04/12/2021;06:08:00;103;ac03 - Acidente com Danos Materiais;5;BR-153/MG;Sul;Saida de Pista;1;;;;;;;;;;4;;;;
04/12/2021;07:24:00;161;ac03 - Acidente com Danos Materiais;108;BR-060/GO;Norte;Colisão Traseira;1;;;;;1;;;;;2;;;;
04/12/2021;08:33:00;229;ac03 - Acidente com Danos Materiais;453;BR-262/MG;Leste;Colisão Traseira;;;;;;;;;;2;3;;;;
04/12/2021;13:45:00;438;ac02 - Acidente com Vítima;558;BR-153/GO;Sul;Capotamento;1;;;;;;;;;;0;2;;;
04/12/2021;16:35:00;502;ac02 - Acidente com Vítima;486,5;BR-262/MG;Leste;Tombamento;;;1;;;1;;;;;1;;1;;
04/12/2021;16:40:00;504;ac02 - Acidente com Vítima;118;BR-060/GO;Sul;Atropelamento - Outros;;;1;;;;1;;;;1;;1;;
04/12/2021;19:31:00;582;ac02 - Acidente com Vítima;97;BR-060/GO;Sul;Colisão Transversal;1;;;1;;;;;;;1;;1;;
04/12/2021;22:04:00;640;ac03 - Acidente com Danos Materiais;600;BR-262/MG;Leste;Choque- Placa/Suporte Sinalização;;;1;;;;;;;;1;;;;
04/12/2021;23:05:00;659;ac02 - Acidente com Vítima;509;BR-153/GO;Sul;Atropelamento - Andarilho;1;;;;;;;;;;1;;1;;
05/12/2021;01:18:00;20;ac02 - Acidente com Vítima;518;BR-153/GO;Norte;Saida de Pista;1;;;;;;;;;;0;;;1;
05/12/2021;04:39:00;61;ac02 - Acidente com Vítima;7;BR-060/GO;Sul;Queda de Moto;;;;1;;;;;;;0;;2;;
05/12/2021;07:20:00;102;ac03 - Acidente com Danos Materiais;518;BR-153/GO;Sul;Saida de Pista;1;;;;;;;;;;1;;;;
05/12/2021;09:04:00;148;ac03 - Acidente com Danos Materiais;399;BR-262/MG;Leste;Colisão Traseira;2;;;;;;;;;;2;;;;
05/12/2021;09:32:00;161;ac03 - Acidente com Danos Materiais;789;BR-262/MG;Leste;Colisão Lateral;;;1;;;;;;;;1;;;;
05/12/2021;10:33:00;188;ac03 - Acidente com Danos Materiais;381;BR-262/MG;Leste;Saida de Pista;1;;;;;;;;;;1;;;;
05/12/2021;11:23:00;200;ac03 - Acidente com Danos Materiais;359;BR-262/MG;Leste;Colisão Traseira;2;;;;;;;;;;2;;;;
05/12/2021;12:28:00;225;ac03 - Acidente com Danos Materiais;3,075;BR-060/DF;Sul;Colisão Traseira;1;;;1;;;;;;;3;;;;
05/12/2021;13:00:00;234;ac03 - Acidente com Danos Materiais;458;BR-262/MG;Leste;Colisão Traseira;2;;;;;;;;;;2;;;;
05/12/2021;15:42:00;295;ac03 - Acidente com Danos Materiais;3;BR-060/GO;Sul;Capotamento;;;;;;;;;;1;1;;;;
05/12/2021;17:41:00;361;ac03 - Acidente com Danos Materiais;109;BR-153/MG;Norte;Capotamento;1;;;;;;;;;;1;;;;
05/12/2021;19:47:00;422;ac03 - Acidente com Danos Materiais;17;BR-153/MG;Norte;Colisão Traseira;1;;1;;;;;;;;2;;;;
05/12/2021;20:33:00;437;ac03 - Acidente com Danos Materiais;429;BR-262/MG;Leste;Queda de Moto;;;;1;;;;;;;2;;;;
05/12/2021;20:47:00;446;ac02 - Acidente com Vítima;580;BR-262/MG;Leste;Saida de Pista;;;1;;;;;;;;0;;;1;
05/12/2021;20:50:00;448;ac03 - Acidente com Danos Materiais;781,2;BR-262/MG;Oeste;Engavetamento;3;;;;;;;;;;9;;;;
05/12/2021;22:38:00;485;ac03 - Acidente com Danos Materiais;439;BR-262/MG;Oeste;Colisão Frontal;1;;;;;;;;;;1;;;;
05/12/2021;22:52:00;487;ac03 - Acidente com Danos Materiais;55;BR-153/MG;Norte;Carreta deu L;;;1;;;;;;;;1;;;;
05/12/2021;23:10:00;495;ac02 - Acidente com Vítima;97;BR-060/GO;Sul;Capotamento;1;;;;;;;;;;0;1;;;
06/12/2021;04:09:00;31;ac03 - Acidente com Danos Materiais;4;BR-060/GO;Norte;Colisão Traseira;;;2;;;;;;;;2;;;;
06/12/2021;05:43:00;47;ac01 - Acidente com Vítima Fatal;98,95;BR-060/GO;Norte;Atropelamento - Morador/Trabalhador;1;;;;;;;;;;1;;;;1
06/12/2021;06:26:00;57;ac03 - Acidente com Danos Materiais;535,8;BR-153/GO;Sul;Saida de Pista;1;;;;;;;;;;1;;;;
06/12/2021;06:49:00;79;ac02 - Acidente com Vítima;494;BR-153/GO;Sul;Engavetamento;2;;;1;;1;;;;;4;1;;;
06/12/2021;07:02:00;98;ac03 - Acidente com Danos Materiais;530;BR-153/GO;Sul;Choque - Elemento de Drenagem;1;;;;;1;;;;;2;;;;
06/12/2021;12:07:00;323;ac03 - Acidente com Danos Materiais;30,5;BR-060/GO;Norte;Colisão Traseira;2;;;;;;;;;;2;;;;
06/12/2021;13:00:00;345;ac02 - Acidente com Vítima;696;BR-153/GO;Norte;Queda de Moto;;;;1;;;;;;;1;1;;;
06/12/2021;13:21:00;353;ac03 - Acidente com Danos Materiais;691;BR-262/MG;Leste;Saida de Pista;1;;;;;;;;;;1;;;;
06/12/2021;14:03:00;372;ac02 - Acidente com Vítima;76;BR-060/GO;Norte;Capotamento;1;;;;;;;;;;2;1;;;
06/12/2021;14:33:00;404;ac03 - Acidente com Danos Materiais;382;BR-262/MG;Leste;Saida de Pista;1;;;;;;;;;;2;;;;
06/12/2021;14:43:00;413;ac03 - Acidente com Danos Materiais;667;BR-153/GO;Norte;Capotamento;1;;;;;;;;;;1;;;;
06/12/2021;15:02:00;427;ac03 - Acidente com Danos Materiais;26;BR-060/DF;Sul;Capotamento;1;;;;;;;;;;1;;;;
06/12/2021;17:56:00;524;ac03 - Acidente com Danos Materiais;7;BR-060/DF;Norte;Colisão Lateral;2;;;;;;;;;;2;;;;
07/12/2021;06:21:00;63;ac03 - Acidente com Danos Materiais;172,2;BR-153/MG;Norte;Saida de Pista;1;;;;;;;;;;1;;;;
07/12/2021;07:17:00;89;ac03 - Acidente com Danos Materiais;497;BR-262/MG;Oeste;Atropelamento de Animal;;;;;;;;;;1;2;;;;
07/12/2021;10:06:00;272;ac03 - Acidente com Danos Materiais;573;BR-262/MG;Oeste;Carreta deu L;;;1;;;;;;;;1;;;;
07/12/2021;10:16:00;285;ac03 - Acidente com Danos Materiais;407,5;BR-262/MG;Oeste;Saida de Pista;1;;;;;;;;;;1;;;;
07/12/2021;11:25:00;346;ac02 - Acidente com Vítima;537;BR-153/GO;Norte;Tombamento;;;1;;;;;;;;1;1;;;
07/12/2021;12:06:00;362;ac03 - Acidente com Danos Materiais;496;BR-153/GO;Norte;Engavetamento;3;;1;;;;;;;;4;;;;
07/12/2021;12:06:00;394;ac02 - Acidente com Vítima;496;BR-153/GO;Sul;Atropelamento - Morador;;;1;;;;;;;;1;;;1;
07/12/2021;13:40:00;401;ac03 - Acidente com Danos Materiais;112;BR-060/GO;Sul;Capotamento;1;;;;;;;;;;2;;;;
07/12/2021;14:01:00;413;ac03 - Acidente com Danos Materiais;112;BR-060/GO;Sul;Colisão Traseira;;;1;;;1;;;;;2;;;;
07/12/2021;15:19:00;478;ac03 - Acidente com Danos Materiais;462;BR-262/MG;Leste;Engavetamento;;;3;;;;;;;;3;;;;
07/12/2021;18:29:00;610;ac03 - Acidente com Danos Materiais;584;BR-262/MG;Oeste;Colisão Traseira;1;;1;;;;;;;;6;;;;
07/12/2021;19:09:00;648;ac03 - Acidente com Danos Materiais;507;BR-153/GO;Sul;Colisão Lateral;1;;;1;;;;;;;2;;;;
07/12/2021;20:36:00;679;ac03 - Acidente com Danos Materiais;572;BR-153/GO;Sul;Saida de Pista;;;1;;;;;;;;1;;;;
07/12/2021;21:17:00;695;ac03 - Acidente com Danos Materiais;386;BR-262/MG;Leste;Saida de Pista;;;;;;;;;;1;1;;;;
07/12/2021;22:18:00;712;ac03 - Acidente com Danos Materiais;39;BR-153/MG;Norte;Colisão Traseira;;;2;;;;;;;;2;;;;
07/12/2021;22:42:00;724;ac03 - Acidente com Danos Materiais;369;BR-262/MG;Leste;Colisão Traseira;1;;1;;;;;;;;3;;;;
08/12/2021;05:09:00;62;ac03 - Acidente com Danos Materiais;382;BR-262/MG;Oeste;Saida de Pista;1;;;;;;;;;;4;;;;
08/12/2021;10:21:00;270;ac03 - Acidente com Danos Materiais;377;BR-262/MG;Leste;Saida de Pista;1;;;;;;;;;;1;;;;
08/12/2021;14:23:00;445;ac02 - Acidente com Vítima;882;BR-262/MG;Oeste;Saida de Pista;1;;;;;;;;;;0;2;;;
08/12/2021;15:06:00;463;ac02 - Acidente com Vítima;81,01;BR-060/GO;Norte;Capotamento;1;;;;;;;;;;1;;1;;
08/12/2021;16:14:00;498;ac03 - Acidente com Danos Materiais;20;BR-060/GO;Sul;Tombamento;;;;;;;;;;1;1;;;;
08/12/2021;16:35:00;505;ac03 - Acidente com Danos Materiais;128;BR-153/MG;Sul;Choque- Poste/Equipamento;;;1;;;;;;;;1;;;;
08/12/2021;16:57:00;516;ac03 - Acidente com Danos Materiais;73;BR-153/MG;Norte;Colisão Traseira;;;2;;;;;;;;2;;;;
08/12/2021;18:11:00;562;ac03 - Acidente com Danos Materiais;27;BR-060/DF;Norte;Colisão Traseira;2;;;;;;;;;;3;;;;
08/12/2021;18:39:00;593;ac02 - Acidente com Vítima;502;BR-153/GO;Norte;Queda de Ciclista;;;;1;;;;;;;1;1;;;
08/12/2021;19:24:00;614;ac03 - Acidente com Danos Materiais;507;BR-153/GO;Sul;Colisão Lateral;2;;;;;;;;;;2;;;;
08/12/2021;21:36:00;676;ac03 - Acidente com Danos Materiais;62;BR-060/GO;Sul;Atropelamento de Animal;1;;;;;;;;;;1;;;;
09/12/2021;07:09:00;102;ac03 - Acidente com Danos Materiais;508;BR-153/GO;Sul;Colisão Traseira;;;1;;;1;;;;1;3;;;;
09/12/2021;08:44:00;132;ac03 - Acidente com Danos Materiais;508;BR-153/GO;Sul;Colisão Lateral;1;;1;;;;;;;;2;;;;
09/12/2021;08:57:00;138;ac03 - Acidente com Danos Materiais;134;BR-153/MG;Norte;Tombamento;;;1;;;;;;;;1;;;;
09/12/2021;10:42:00;202;ac03 - Acidente com Danos Materiais;508,9;BR-153/GO;Sul;Colisão Lateral;1;;1;;;;;;;;2;;;;
09/12/2021;14:03:00;280;ac03 - Acidente com Danos Materiais;506;BR-153/GO;Sul;Queda de Moto;;;;1;;;;;;;1;;;;
09/12/2021;18:56:00;412;ac02 - Acidente com Vítima;439;BR-262/MG;Oeste;Atropelamento de Animal;;;;1;;;;;;;1;1;;;
09/12/2021;19:02:00;413;ac02 - Acidente com Vítima;89;BR-060/GO;Sul;Queda de Moto;1;;;1;;;;;;;1;1;;;
09/12/2021;19:15:00;422;ac03 - Acidente com Danos Materiais;445;BR-262/MG;Oeste;Colisão Transversal;1;;;1;;;;;;;2;;;;
09/12/2021;19:45:00;439;ac02 - Acidente com Vítima;41,3;BR-153/MG;Sul;Queda de Moto;;;;1;;;;;;;0;1;1;;
10/12/2021;05:01:00;53;ac03 - Acidente com Danos Materiais;88;BR-060/GO;Norte;Colisão Traseira;;;2;;;;;;;;2;;;;
10/12/2021;06:23:00;66;ac03 - Acidente com Danos Materiais;15;BR-060/DF;Norte;Choque - Arvore;;;1;;;;;;;;1;;;;
10/12/2021;06:24:00;68;ac02 - Acidente com Vítima;503;BR-153/GO;Norte;Colisão Traseira;;;1;1;;;;;;;1;1;;;
10/12/2021;06:37:00;73;ac03 - Acidente com Danos Materiais;369,5;BR-262/MG;Oeste;Tombamento;;;1;;;;;;;;1;;;;
10/12/2021;09:34:00;193;ac03 - Acidente com Danos Materiais;540;BR-153/GO;Norte;Engavetamento;2;;;;;;;;;1;8;;;;
10/12/2021;10:57:00;264;ac03 - Acidente com Danos Materiais;506;BR-153/GO;Norte;Queda de Moto;1;;;1;;;;;;;3;;;;
10/12/2021;13:23:00;349;ac03 - Acidente com Danos Materiais;230;BR-153/MG;Norte;Colisão Lateral;;;2;;;;;;;;6;;;;
10/12/2021;13:46:00;362;ac03 - Acidente com Danos Materiais;499;BR-153/GO;Sul;Colisão Traseira;2;;;;;;;;;;2;;;;
10/12/2021;16:37:00;544;ac03 - Acidente com Danos Materiais;577,416;BR-153/GO;Norte;Capotamento;1;;;;;;;;;;1;;;;
10/12/2021;17:29:00;569;ac02 - Acidente com Vítima;498;BR-153/GO;Sul;Engavetamento;3;;;1;;;;;;;3;1;;;
10/12/2021;20:02:00;650;ac03 - Acidente com Danos Materiais;14;BR-060/DF;Norte;Saida de Pista;1;;1;;;;;;;;2;;;;
10/12/2021;20:26:00;664;ac03 - Acidente com Danos Materiais;876;BR-262/MG;Leste;Colisão Lateral;2;;;;;;;;;;2;;;;
10/12/2021;21:55:00;695;ac01 - Acidente com Vítima Fatal;518;BR-153/GO;Sul;Atropelamento - Andarilho;;;;;;;;;;1;1;;;;1
10/12/2021;21:59:00;697;ac03 - Acidente com Danos Materiais;579;BR-153/GO;Sul;Saida de Pista;;;1;;;;;;;;1;;;;
10/12/2021;22:49:00;707;ac03 - Acidente com Danos Materiais;506;BR-153/GO;Norte;Saida de Pista;1;;1;;;;;;;;2;;;;
11/12/2021;10:26:00;299;ac03 - Acidente com Danos Materiais;550;BR-262/MG;Leste;Colisão Lateral;2;;;;;;;;;;2;;;;
11/12/2021;11:58:00;367;ac02 - Acidente com Vítima;22;BR-060/DF;Sul;Queda de Moto;;;;1;;;;;;;0;1;;;
11/12/2021;14:33:00;431;ac02 - Acidente com Vítima;2;BR-060/GO;Sul;Capotamento;1;;;;;;;;;;0;5;;;
11/12/2021;17:42:00;533;ac03 - Acidente com Danos Materiais;24;BR-060/DF;Norte;Saida de Pista;1;;;;;;;;;;2;;;;
11/12/2021;18:07:00;547;ac03 - Acidente com Danos Materiais;19,5;BR-060/GO;Norte;Capotamento;1;;;;;;;;;;4;;;;
11/12/2021;18:15:00;554;ac03 - Acidente com Danos Materiais;802;BR-262/MG;Oeste;Colisão Traseira;2;;;;;;;;;;2;;;;
11/12/2021;18:19:00;557;ac02 - Acidente com Vítima;532;BR-153/GO;Norte;Choque - Submarino;1;;;;;;;;;;2;;;1;
11/12/2021;18:23:00;558;ac02 - Acidente com Vítima;136;BR-060/GO;Sul;Capotamento;1;;;;;;;;;;0;1;;;
11/12/2021;21:54:00;644;ac01 - Acidente com Vítima Fatal;501,1;BR-153/GO;Norte;Colisão Traseira;1;;;1;;;;;;;1;;;;1
11/12/2021;22:55:00;657;ac02 - Acidente com Vítima;503;BR-153/GO;Norte;Queda de Moto;;;;1;;;;;;;0;1;;;
12/12/2021;01:23:00;18;ac03 - Acidente com Danos Materiais;505;BR-153/GO;Sul;Colisão Traseira;1;;1;;;;;;;;2;;;;