data;horario;n_da_ocorrencia;tipo_de_ocorrencia;km;trecho;sentido;tipo_de_acidente;automovel;bicicleta;caminhao;moto;onibus;outros;tracao_animal;transporte_de_cargas_especiais;trator_maquinas;utilitarios;ilesos;levemente_feridos;moderadamente_feridos;gravemente_feridos;mortos
12/12/2021;01:39:00;19;ac03 - Acidente com Danos Materiais;3;BR-060/DF;Norte;Choque- Poste/Equipamento;1;;;;;;;;;;3;;;;
12/12/2021;02:14:00;29;ac03 - Acidente com Danos Materiais;436;BR-262/MG;Oeste;Capotamento;1;;;;;;;;;;2;;;;
12/12/2021;02:55:00;33;ac03 - Acidente com Danos Materiais;429;BR-262/MG;Oeste;Saida de Pista;1;;;;;;;;;;2;;;;
12/12/2021;03:29:00;63;ac02 - Acidente com Vítima;445;BR-262/MG;Leste;Choque - Veiculo parado na pista;1;;;1;;;;;;;4;;2;;
12/12/2021;03:54:00;71;ac03 - Acidente com Danos Materiais;527;BR-153/GO;Norte;Saida de Pista;1;;;;;;;;;;1;;;;
12/12/2021;04:00:00;72;ac02 - Acidente com Vítima;13;BR-060/GO;Norte;Queda de Ciclista;;;;1;;;;;;;0;1;;;
12/12/2021;06:48:00;107;ac03 - Acidente com Danos Materiais;440;BR-262/MG;Oeste;Saida de Pista;1;;;;;;;;;;1;;;;
12/12/2021;07:21:00;121;ac03 - Acidente com Danos Materiais;500;BR-153/GO;Norte;Colisão Traseira;1;;;1;;;;;;;3;;;;
12/12/2021;12:00:00;251;ac03 - Acidente com Danos Materiais;381;BR-262/MG;Oeste;Capotamento;;;;;;;;;;1;2;;;;
12/12/2021;12:09:00;255;ac02 - Acidente com Vítima;605;BR-153/GO;Sul;Choque- Poste/Equipamento;1;;;;;;;;;;0;1;;;
12/12/2021;12:37:00;262;ac02 - Acidente com Vítima;56;BR-060/GO;Norte;Capotamento;;;;;;;;;;1;0;2;;;
12/12/2021;14:23:00;296;ac02 - Acidente com Vítima;101;BR-060/GO;Sul;Colisão Lateral;1;;1;;;;;;;;3;1;;;
12/12/2021;14:25:00;297;ac02 - Acidente com Vítima;417,9;BR-262/MG;Oeste;Capotamento;1;;;;;;;;;;0;2;;;
12/12/2021;15:50:00;334;ac02 - Acidente com Vítima;505;BR-153/GO;Sul;Queda de Moto;;;;1;;;;;;;0;1;1;;
12/12/2021;16:15:00;341;ac03 - Acidente com Danos Materiais;376;BR-262/MG;Leste;Colisão Lateral;1;;;;;1;;;;;2;;;;
12/12/2021;16:25:00;355;ac03 - Acidente com Danos Materiais;101;BR-060/GO;Norte;Engavetamento;2;;;;;;;;;1;3;;;;
12/12/2021;19:33:00;517;ac02 - Acidente com Vítima;699;BR-262/MG;Leste;Colisão Lateral;2;;;;;;;;;;2;1;;;
12/12/2021;23:26:00;580;ac02 - Acidente com Vítima;372;BR-262/MG;Oeste;Saida de Pista;1;;;;;;;;;;0;1;;;
13/12/2021;00:10:00;2;ac03 - Acidente com Danos Materiais;56;BR-153/MG;Sul;Queda de Moto;;;;1;;;;;;;1;;;;
13/12/2021;00:24:00;5;ac03 - Acidente com Danos Materiais;549;BR-262/MG;Oeste;Saida de Pista;;;1;;;;;;;;3;;;;
13/12/2021;03:01:00;24;ac03 - Acidente com Danos Materiais;626;BR-153/GO;Norte;Saida de Pista;1;;;;;;;;;;1;;;;
13/12/2021;05:43:00;45;ac03 - Acidente com Danos Materiais;405,25;BR-262/MG;Oeste;Saida de Pista;;;1;;;;;;;;1;;;;
13/12/2021;07:01:00;62;ac03 - Acidente com Danos Materiais;530;BR-262/MG;Leste;Saida de Pista;1;;;;;;;;;;4;;;;
13/12/2021;07:15:00;70;ac02 - Acidente com Vítima;385,15;BR-262/MG;Oeste;Capotamento;1;;;;;;;;;;0;1;;;
13/12/2021;07:24:00;73;ac02 - Acidente com Vítima;804;BR-262/MG;Oeste;Colisão Lateral;;;;2;;;;;;;0;1;1;;
13/12/2021;07:51:00;83;ac03 - Acidente com Danos Materiais;501;BR-153/GO;Norte;Colisão Traseira;2;;;;;;;;;;2;;;;
13/12/2021;07:53:00;85;ac03 - Acidente com Danos Materiais;523;BR-262/MG;Leste;Saida de Pista;;;1;;;;;;;1;2;;;;
13/12/2021;10:07:00;176;ac02 - Acidente com Vítima;867;BR-262/MG;Oeste;Capotamento;1;;;;;;;;;;0;;1;;
13/12/2021;10:34:00;192;ac03 - Acidente com Danos Materiais;595;BR-262/MG;Leste;Saida de Pista;1;;;;;;;;;;2;;;;
13/12/2021;11:36:00;231;ac03 - Acidente com Danos Materiais;364,5;BR-262/MG;Leste;Colisão Traseira;2;;;;;;;;;;2;;;;
13/12/2021;17:03:00;373;ac03 - Acidente com Danos Materiais;104,356;BR-153/MG;Norte;Carreta deu L;;;1;;;;;;;;1;;;;
13/12/2021;17:47:00;389;ac03 - Acidente com Danos Materiais;680,3;BR-153/GO;Sul;Saida de Pista;;;1;;;;;;;;2;;;;
13/12/2021;18:36:00;406;ac03 - Acidente com Danos Materiais;498;BR-153/GO;Sul;Engavetamento;4;;;;;;;;;;4;;;;
13/12/2021;19:32:00;427;ac02 - Acidente com Vítima;30;BR-060/DF;Sul;Saida de Pista;;;1;;;;;;;;0;1;;;
13/12/2021;21:09:00;466;ac03 - Acidente com Danos Materiais;3;BR-060/DF;Norte;Saida de Pista;2;;;;;;;;;;2;;;;
13/12/2021;21:26:00;470;ac03 - Acidente com Danos Materiais;417;BR-262/MG;Oeste;Colisão Traseira;1;;1;;;;;;;;3;;;;
14/12/2021;00:49:00;9;ac03 - Acidente com Danos Materiais;668,8;BR-262/MG;Oeste;Saida de Pista;;;1;;;;;;;;1;;;;
14/12/2021;01:33:00;16;ac03 - Acidente com Danos Materiais;541;BR-153/GO;Norte;Queda de Moto;;;;1;;;;;;;1;;;;
14/12/2021;05:37:00;52;ac03 - Acidente com Danos Materiais;767;BR-262/MG;Leste;Saida de Pista;;;1;;;;;;;;1;;;;
14/12/2021;05:54:00;59;ac03 - Acidente com Danos Materiais;129;BR-060/GO;Sul;Colisão Traseira;;;1;;;;;;;1;4;;;;
14/12/2021;07:52:00;102;ac02 - Acidente com Vítima;360,15;BR-262/MG;Oeste;Colisão Traseira;;;1;;;;;;;1;1;;1;;
14/12/2021;09:29:00;153;ac03 - Acidente com Danos Materiais;528;BR-153/GO;Norte;Colisão Traseira;;;2;;;;;;;;2;;;;
14/12/2021;10:42:00;196;ac02 - Acidente com Vítima;698;BR-153/GO;Sul;Colisão Traseira;1;;1;;;;;;;;1;1;;;
14/12/2021;13:13:00;272;ac03 - Acidente com Danos Materiais;380;BR-262/MG;Oeste;Choque - Defensa;1;;;;;;;;;;1;;;;
14/12/2021;14:23:00;319;ac03 - Acidente com Danos Materiais;608;BR-262/MG;Leste;Colisão Lateral;;;3;;;;;;;;3;;;;
14/12/2021;14:30:00;323;ac03 - Acidente com Danos Materiais;129,5;BR-060/GO;Norte;Tombamento;;;1;;;;;;;;1;;;;
14/12/2021;15:11:00;338;ac03 - Acidente com Danos Materiais;548;BR-262/MG;Leste;Choque - Talude;;;1;;;;;;;;1;;;;
14/12/2021;15:27:00;342;ac03 - Acidente com Danos Materiais;119,2;BR-153/MG;Norte;Colisão Traseira;;;2;;;;;;;;2;;;;
14/12/2021;15:40:00;349;ac03 - Acidente com Danos Materiais;109;BR-060/GO;Sul;Colisão Traseira;;;1;;;;;;;1;2;;;;
14/12/2021;16:39:00;370;ac03 - Acidente com Danos Materiais;109;BR-060/GO;Sul;Saida de Pista;;;1;;;;;;;;1;;;;
14/12/2021;17:56:00;405;ac03 - Acidente com Danos Materiais;67;BR-153/MG;Sul;Colisão Traseira;1;;1;;;;;;;;2;;;;
14/12/2021;18:55:00;431;ac02 - Acidente com Vítima;96;BR-060/GO;Norte;Colisão Traseira;;;1;1;;;;;;;1;1;;;
14/12/2021;19:40:00;446;ac03 - Acidente com Danos Materiais;98;BR-060/GO;Norte;Colisão Lateral;1;;1;;;;;;;;3;;;;
14/12/2021;20:41:00;463;ac03 - Acidente com Danos Materiais;443;BR-262/MG;Leste;Choque - Defensa;1;;;;;;;;;;1;;;;
15/12/2021;04:38:00;41;ac03 - Acidente com Danos Materiais;13;BR-153/MG;Norte;Saida de Pista;;;1;;;;;;;;1;;;;
15/12/2021;05:26:00;52;ac01 - Acidente com Vítima Fatal;607,725;BR-262/MG;Leste;Colisão Frontal;;;2;;;3;;;;;4;;;;1
15/12/2021;06:05:00;63;ac03 - Acidente com Danos Materiais;547,5;BR-262/MG;Oeste;Saida de Pista;;;1;;;;;;;;1;;;;
15/12/2021;07:18:00;86;ac03 - Acidente com Danos Materiais;495;BR-153/GO;Sul;Engavetamento;4;;;;;;;;;1;5;;;;
15/12/2021;07:30:00;93;ac02 - Acidente com Vítima;243;BR-153/MG;Norte;Saida de Pista;1;;;;;;;;;;1;1;;;
15/12/2021;07:56:00;106;ac03 - Acidente com Danos Materiais;507;BR-153/GO;Norte;Choque - Defensa;1;;;;;;;;;;1;;;;
15/12/2021;08:04:00;115;ac03 - Acidente com Danos Materiais;380;BR-262/MG;Leste;Colisão Lateral;1;;;;;;;;;;3;;;;
15/12/2021;08:35:00;136;ac02 - Acidente com Vítima;510;BR-153/GO;Sul;Colisão Traseira;1;;;;;1;;;;;1;1;;;
15/12/2021;08:45:00;141;ac01 - Acidente com Vítima Fatal;237;BR-153/MG;Norte;Colisão Frontal;1;;1;;;;;;;;0;1;;;2
15/12/2021;08:59:00;150;ac02 - Acidente com Vítima;606;BR-153/GO;Sul;Colisão Traseira;;;2;;;;;;;;1;;;1;
15/12/2021;09:03:00;152;ac03 - Acidente com Danos Materiais;608;BR-262/MG;Leste;Colisão Lateral;;;2;;;;;;;;2;;;;
15/12/2021;09:27:00;159;ac03 - Acidente com Danos Materiais;496;BR-153/GO;Norte;Colisão Traseira;;;2;;;;;;;;2;;;;
15/12/2021;09:31:00;161;ac03 - Acidente com Danos Materiais;15;BR-060/DF;Norte;Choque - Outros;1;;;;;;;;;;1;;;;
15/12/2021;13:14:00;247;ac03 - Acidente com Danos Materiais;380;BR-262/MG;Leste;Saida de Pista;1;;;;;;;;;;1;;;;
15/12/2021;14:08:00;265;ac03 - Acidente com Danos Materiais;439,8;BR-262/MG;Oeste;Saida de Pista;1;;;;;;;;;;1;;;;
15/12/2021;16:07:00;306;ac03 - Acidente com Danos Materiais;860;BR-262/MG;Oeste;Tombamento;;;1;;;;;;;;2;;;;
15/12/2021;17:23:00;357;ac03 - Acidente com Danos Materiais;499,5;BR-153/GO;Norte;Colisão Lateral;1;;1;;;;;;;;2;;;;
15/12/2021;17:38:00;365;ac02 - Acidente com Vítima;92;BR-060/GO;Norte;Colisão Traseira;1;;;1;;;;;;;1;1;;;
15/12/2021;18:47:00;401;ac03 - Acidente com Danos Materiais;570;BR-153/GO;Norte;Capotamento;1;;;;;1;;;;;2;;;;
15/12/2021;19:26:00;434;ac02 - Acidente com Vítima;504;BR-153/GO;Sul;Queda de Moto;;;;1;;;;;;;0;1;;;
15/12/2021;20:27:00;477;ac02 - Acidente com Vítima;512;BR-153/GO;Sul;Colisão Traseira;1;;;1;;;;;;;2;;1;;
15/12/2021;21:15:00;500;ac03 - Acidente com Danos Materiais;638;BR-262/MG;Oeste;Saida de Pista;1;;;;;;;;;;2;;;;
16/12/2021;04:18:00;84;ac03 - Acidente com Danos Materiais;650;BR-153/GO;Norte;Tombamento;;;1;;;;;;;;1;;;;
16/12/2021;07:30:00;186;ac03 - Acidente com Danos Materiais;799;BR-262/MG;Oeste;Colisão Traseira;2;;;;;;;;;;2;;;;
16/12/2021;07:38:00;189;ac03 - Acidente com Danos Materiais;627;BR-153/GO;Sul;Saida de Pista;1;;;;;;;;;;1;;;;
16/12/2021;07:56:00;202;ac03 - Acidente com Danos Materiais;506;BR-153/GO;Norte;Colisão Traseira;1;;;;;;;;;1;2;;;;
16/12/2021;08:24:00;242;ac03 - Acidente com Danos Materiais;712;BR-262/MG;Leste;Colisão Lateral;1;;1;;;;;;;;4;;;;
16/12/2021;11:16:00;499;ac03 - Acidente com Danos Materiais;505;BR-153/GO;Norte;Engavetamento;3;;;;;;;;;;3;;;;
16/12/2021;11:29:00;506;ac02 - Acidente com Vítima;553;BR-262/MG;Oeste;Tombamento;;;1;;;;;;;;0;1;;;
16/12/2021;11:55:00;531;ac03 - Acidente com Danos Materiais;12;BR-060/DF;Sul;Capotamento;1;;;;;;;;;;1;;;;
16/12/2021;13:11:00;574;ac03 - Acidente com Danos Materiais;649;BR-262/MG;Oeste;Capotamento;1;;;;;;;;;;1;;;;
16/12/2021;13:51:00;590;ac02 - Acidente com Vítima;101;BR-060/GO;Norte;Choque - Veiculo parado na pista;;;;1;;;;;;1;1;1;;;
16/12/2021;15:10:00;633;ac03 - Acidente com Danos Materiais;667;BR-153/GO;Norte;Saida de Pista;1;;;;;;;;;;1;;;;
16/12/2021;16:31:00;664;ac03 - Acidente com Danos Materiais;32;BR-060/GO;Sul;Colisão Lateral;;;;1;1;;;;;;2;;;;
16/12/2021;16:43:00;674;ac03 - Acidente com Danos Materiais;109;BR-153/MG;Norte;Saida de Pista;;;;;;;;;;1;2;;;;
16/12/2021;21:40:00;857;ac03 - Acidente com Danos Materiais;728;BR-262/MG;Oeste;Choque - Talude;;;1;;;;;;;;3;;;;
16/12/2021;21:50:00;863;ac03 - Acidente com Danos Materiais;606;BR-262/MG;Leste;Saida de Pista;1;;;;;;;;;;2;;;;
17/12/2021;02:42:00;54;ac03 - Acidente com Danos Materiais;128;BR-060/GO;Sul;Saida de Pista;1;;;;;;;;;;1;;;;
17/12/2021;04:52:00;72;ac03 - Acidente com Danos Materiais;385;BR-262/MG;Oeste;Saida de Pista;;;1;;;;;;;;1;;;;
17/12/2021;05:37:00;91;ac03 - Acidente com Danos Materiais;76;BR-060/GO;Norte;Saida de Pista;1;;;;;;;;;;4;;;;
17/12/2021;06:03:00;98;ac03 - Acidente com Danos Materiais;549;BR-262/MG;Leste;Saida de Pista;1;;;;;;;;;;1;;;;
17/12/2021;06:38:00;114;ac03 - Acidente com Danos Materiais;406,25;BR-262/MG;Leste;Colisão Traseira;;;2;;;;;;;;2;;;;
17/12/2021;07:10:00;137;ac03 - Acidente com Danos Materiais;881;BR-262/MG;Oeste;Choque - Outros;1;;;;;;;;;;1;;;;
17/12/2021;07:13:00;140;ac03 - Acidente com Danos Materiais;423;BR-262/MG;Oeste;Choque - Objeto sobre a pista;1;;;;;;;;;;2;;;;
17/12/2021;07:35:00;148;ac03 - Acidente com Danos Materiais;820;BR-262/MG;Leste;Colisão Lateral;2;;;;;;;;;;3;;;;
17/12/2021;07:54:00;159;ac02 - Acidente com Vítima;494;BR-153/GO;Sul;Colisão Traseira;1;;1;;;;;;;;2;1;;;
17/12/2021;08:29:00;190;ac03 - Acidente com Danos Materiais;509;BR-262/MG;Oeste;Saida de Pista;;;;;;;;;;1;1;;;;
17/12/2021;08:48:00;200;ac03 - Acidente com Danos Materiais;501;BR-153/GO;Norte;Colisão Traseira;1;;;;;;;;;1;2;;;;
17/12/2021;09:50:00;288;ac03 - Acidente com Danos Materiais;813;BR-262/MG;Leste;Atropelamento de Animal;1;;;;;;;;;;2;;;;
17/12/2021;09:52:00;289;ac03 - Acidente com Danos Materiais;790;BR-262/MG;Oeste;Colisão Traseira;;;1;;;;;;;1;5;;;;
17/12/2021;10:05:00;322;ac02 - Acidente com Vítima;378;BR-262/MG;Leste;Capotamento;1;;;;;;;;;;1;;2;;
17/12/2021;11:39:00;432;ac03 - Acidente com Danos Materiais;228,9;BR-153/MG;Sul;Capotamento;1;;;;;;;;;;1;;;;
17/12/2021;11:45:00;435;ac03 - Acidente com Danos Materiais;591;BR-153/GO;Norte;Saida de Pista;1;;;;;;;;;;2;;;;
17/12/2021;14:16:00;505;ac03 - Acidente com Danos Materiais;107;BR-060/GO;Norte;Colisão Traseira;1;;;;;;;;;;1;;;;
17/12/2021;14:45:00;522;ac03 - Acidente com Danos Materiais;355;BR-262/MG;Leste;Capotamento;1;;;;;;;;;;1;;;;
17/12/2021;15:57:00;550;ac03 - Acidente com Danos Materiais;380,5;BR-262/MG;Oeste;Capotamento;1;;;;;;;;;;1;;;;
17/12/2021;16:39:00;568;ac02 - Acidente com Vítima;73;BR-153/MG;Norte;Colisão Lateral;2;;;;;;;;;;2;;1;;
17/12/2021;17:03:00;601;ac03 - Acidente com Danos Materiais;501;BR-153/GO;Sul;Engavetamento;;;;;1;;;;;2;3;;;;
17/12/2021;17:26:00;607;ac03 - Acidente com Danos Materiais;549;BR-262/MG;Oeste;Saida de Pista;;;1;;;;;;;;1;;;;
17/12/2021;18:12:00;636;ac03 - Acidente com Danos Materiais;380;BR-262/MG;Leste;Saida de Pista;1;;;;;;;;;;2;;;;
17/12/2021;19:25:00;679;ac03 - Acidente com Danos Materiais;510;BR-153/GO;Sul;Engavetamento;3;;;;;;;;;;3;;;;
18/12/2021;02:36:00;28;ac02 - Acidente com Vítima;665,1;BR-262/MG;Oeste;Saida de Pista;1;;;;;;;;;;0;2;;;
18/12/2021;02:44:00;30;ac03 - Acidente com Danos Materiais;564;BR-153/GO;Norte;Tombamento;;;1;;;;;;;;3;;;;
18/12/2021;03:58:00;42;ac03 - Acidente com Danos Materiais;10,5;BR-153/MG;Sul;Saida de Pista;;;1;;;;;;;;1;;;;
18/12/2021;04:47:00;60;ac02 - Acidente com Vítima;463,2;BR-262/MG;Oeste;Colisão Traseira;1;;1;;;;;;;;1;1;;;
18/12/2021;06:09:00;81;ac03 - Acidente com Danos Materiais;190,8;BR-153/MG;Norte;Colisão Lateral;;;2;;;;;;;;2;;;;
18/12/2021;07:33:00;125;ac03 - Acidente com Danos Materiais;747;BR-262/MG;Oeste;Colisão Traseira;2;;;;;;;;;;2;;;;
18/12/2021;09:20:00;245;ac03 - Acidente com Danos Materiais;513;BR-153/GO;Norte;Saida de Pista;1;;;;;;;;;;1;;;;
18/12/2021;10:04:00;283;ac02 - Acidente com Vítima;190;BR-153/MG;Sul;Colisão Traseira;;;;1;;;;;;1;1;;1;;
18/12/2021;13:39:00;406;ac02 - Acidente com Vítima;426,15;BR-262/MG;Oeste;Capotamento;1;;;;;;;;;;0;1;;1;
18/12/2021;17:03:00;498;ac03 - Acidente com Danos Materiais;114;BR-060/GO;Sul;Colisão Lateral;1;;1;;;;;;;;2;;;;
18/12/2021;17:39:00;526;ac03 - Acidente com Danos Materiais;113;BR-060/GO;Sul;Colisão Traseira;;;2;;;;;;;;2;;;;
18/12/2021;19:26:00;579;ac02 - Acidente com Vítima;602;BR-153/GO;Norte;Saida de Pista;1;;;;;;;;;;0;2;;;
18/12/2021;20:00:00;593;ac03 - Acidente com Danos Materiais;89;BR-060/GO;Norte;Saida de Pista;1;;;;;;;;;;1;;;;
18/12/2021;21:37:00;629;ac03 - Acidente com Danos Materiais;26;BR-060/GO;Sul;Saida de Pista;1;;;;;;;;;;1;;;;
18/12/2021;23:58:00;665;ac02 - Acidente com Vítima;626;BR-153/GO;Sul;Saida de Pista;1;;;;;;;;;;0;2;1;;
19/12/2021;04:01:00;51;ac03 - Acidente com Danos Materiais;590;BR-153/GO;Sul;Saida de Pista;1;;1;;;;;;;;2;;;;
19/12/2021;10:18:00;248;ac02 - Acidente com Vítima;94,85;BR-060/GO;Sul;Choque - Talude;1;;;;;;;;;;0;1;;;
19/12/2021;10:32:00;264;ac03 - Acidente com Danos Materiais;625;BR-153/GO;Norte;Saida de Pista;;;;;;;;;;1;1;;;;
19/12/2021;10:56:00;274;ac03 - Acidente com Danos Materiais;616;BR-153/GO;Sul;Saida de Pista;1;;;;;;;;;;2;;;;
19/12/2021;11:10:00;288;ac03 - Acidente com Danos Materiais;670;BR-262/MG;Oeste;Saida de Pista;1;;;;;;;;;;1;;;;
19/12/2021;13:04:00;348;ac03 - Acidente com Danos Materiais;568;BR-153/GO;Sul;Saida de Pista;1;;;;;;;;;;1;;;;
19/12/2021;14:50:00;384;ac03 - Acidente com Danos Materiais;362;BR-262/MG;Leste;Queda de Moto;;;;1;;;;;;;1;;;;
19/12/2021;17:28:00;486;ac03 - Acidente com Danos Materiais;48;BR-060/GO;Norte;Capotamento;1;;;;;;;;;;1;;;;
19/12/2021;17:30:00;487;ac03 - Acidente com Danos Materiais;4;BR-060/DF;Sul;Colisão Lateral;1;;;;;;;;;1;2;;;;
19/12/2021;18:21:00;521;ac03 - Acidente com Danos Materiais;441;BR-262/MG;Oeste;Saida de Pista;;;;;;;;;;1;1;;;;
19/12/2021;20:21:00;614;ac02 - Acidente com Vítima;32;BR-060/GO;Sul;Queda de Moto;;;;1;;;;;;;1;1;;;
20/12/2021;00:51:00;24;ac03 - Acidente com Danos Materiais;598;BR-153/GO;Sul;Saida de Pista;1;;;;;;;;;;1;;;;
20/12/2021;03:07:00;54;ac03 - Acidente com Danos Materiais;491;BR-153/GO;Norte;Choque- Placa/Suporte Sinalização;1;;;;;;;;;;1;;;;
20/12/2021;03:36:00;59;ac03 - Acidente com Danos Materiais;647;BR-153/GO;Sul;Capotamento;;;;;;;;;;1;5;;;;
20/12/2021;09:05:00;207;ac03 - Acidente com Danos Materiais;138;BR-060/GO;Norte;Colisão Lateral;1;;;1;;;;;;;5;;;;
20/12/2021;09:56:00;239;ac03 - Acidente com Danos Materiais;508;BR-153/GO;Sul;Colisão Lateral;1;;1;;;;;;;;2;;;;
20/12/2021;15:20:00;694;ac03 - Acidente com Danos Materiais;115;BR-153/MG;Sul;Colisão Lateral;;;2;;;;;;;;2;;;;
20/12/2021;15:20:00;695;ac03 - Acidente com Danos Materiais;65;BR-060/GO;Sul;Capotamento;1;;;;;;;;;;1;;;;
20/12/2021;16:06:00;736;ac03 - Acidente com Danos Materiais;34;BR-060/GO;Norte;Choque - Talude;1;;;;;;;;;;1;;;;
20/12/2021;18:14:00;927;ac02 - Acidente com Vítima;507;BR-153/GO;Sul;Colisão Lateral;;;1;1;;;;;;;1;1;1;;
20/12/2021;18:30:00;943;ac03 - Acidente com Danos Materiais;504;BR-153/GO;Norte;Engavetamento;1;;;;;2;;;;;3;;;;
20/12/2021;18:51:00;949;ac03 - Acidente com Danos Materiais;136;BR-060/GO;Norte;Choque- Poste/Equipamento;;;;;;;;;;1;1;;;;
20/12/2021;19:18:00;969;ac03 - Acidente com Danos Materiais;136;BR-060/GO;Sul;Colisão Lateral;1;;;;;1;;;;;3;;;;
20/12/2021;20:09:00;998;ac03 - Acidente com Danos Materiais;501;BR-153/GO;Norte;Colisão Traseira;;;1;;;1;;;;;2;;;;
20/12/2021;20:33:00;1038;ac03 - Acidente com Danos Materiais;5;BR-060/DF;Sul;Colisão Traseira;2;;;;;;;;;;2;;;;
20/12/2021;20:41:00;1041;ac03 - Acidente com Danos Materiais;88;BR-060/GO;Sul;Carreta deu L;;;1;;;1;;;;;2;;;;
20/12/2021;23:10:00;1132;ac03 - Acidente com Danos Materiais;135,6;BR-060/GO;Sul;Colisão Lateral;1;;;;;;;;;;2;;;;
20/12/2021;23:36:00;1139;ac02 - Acidente com Vítima;751;BR-262/MG;Oeste;Colisão Lateral;;;2;;;;;;;;0;3;;;
21/12/2021;08:09:00;236;ac03 - Acidente com Danos Materiais;508;BR-153/GO;Sul;Colisão Lateral;1;;1;;;;;;;;2;;;;
21/12/2021;08:25:00;249;ac03 - Acidente com Danos Materiais;507;BR-153/GO;Sul;Engavetamento;1;;;;;;;;;2;3;;;;
21/12/2021;11:17:00;413;ac03 - Acidente com Danos Materiais;69,2;BR-060/GO;Sul;Colisão Traseira;1;;1;;;;;;;;2;;;;
21/12/2021;11:30:00;416;ac01 - Acidente com Vítima Fatal;553,6;BR-262/MG;Leste;Tombamento;;;1;;;;;;;;0;;;;1
21/12/2021;17:25:00;572;ac03 - Acidente com Danos Materiais;134,24;BR-060/GO;Sul;Choque - Talude;1;;;;;;;;;;1;;;;
21/12/2021;17:37:00;578;ac03 - Acidente com Danos Materiais;126;BR-060/GO;Sul;Saida de Pista;;;1;;;;;;;;1;;;;
21/12/2021;19:48:00;654;ac03 - Acidente com Danos Materiais;442;BR-262/MG;Leste;Queda de Moto;;;;1;;;;;;;1;;;;
21/12/2021;20:20:00;683;ac02 - Acidente com Vítima;455;BR-262/MG;Leste;Saida de Pista;1;;;;;;;;;;3;1;1;;
22/12/2021;00:38:00;7;ac03 - Acidente com Danos Materiais;557,8;BR-153/GO;Sul;Saida de Pista;;;;;1;;;;;;45;;;;
22/12/2021;06:59:00;133;ac02 - Acidente com Vítima;12;BR-060/DF;Norte;Colisão Traseira;1;;;1;;;;;;;1;;1;;
22/12/2021;07:31:00;154;ac03 - Acidente com Danos Materiais;504;BR-153/GO;Norte;Engavetamento;3;;;;;;;;;;3;;;;
22/12/2021;11:46:00;380;ac02 - Acidente com Vítima;218,755;BR-153/MG;Sul;Engavetamento;;;3;;;;;;;;2;;1;;
22/12/2021;15:43:00;513;ac02 - Acidente com Vítima;4;BR-060/DF;Norte;Colisão Traseira;1;;;1;;;;;;;1;;1;;
22/12/2021;17:01:00;568;ac03 - Acidente com Danos Materiais;508;BR-153/GO;Norte;Colisão Traseira;;;2;;;;;;;;2;;;;
22/12/2021;17:54:00;597;ac03 - Acidente com Danos Materiais;357;BR-262/MG;Oeste;Saida de Pista;1;;;;;;;;;;1;;;;
22/12/2021;21:43:00;687;ac03 - Acidente com Danos Materiais;101;BR-060/GO;Sul;Colisão Traseira;2;;;;;;;;;;2;;;;
22/12/2021;21:51:00;689;ac03 - Acidente com Danos Materiais;507,3;BR-153/GO;Sul;Colisão Traseira;;;1;;;;;;;1;3;;;;
23/12/2021;02:51:00;36;ac03 - Acidente com Danos Materiais;94;BR-060/GO;Norte;Saida de Pista;1;;;;;;;;;;1;;;;
23/12/2021;04:36:00;52;ac03 - Acidente com Danos Materiais;793;BR-262/MG;Oeste;Saida de Pista;;;;;;;;;;1;1;;;;
23/12/2021;06:48:00;82;ac03 - Acidente com Danos Materiais;500;BR-153/GO;Norte;Engavetamento;;;2;;;;;;;1;3;;;;
23/12/2021;06:49:00;84;ac02 - Acidente com Vítima;695;BR-153/GO;Sul;Colisão Lateral;;;;1;;;;;1;;1;1;;;
23/12/2021;07:36:00;102;ac03 - Acidente com Danos Materiais;500;BR-153/GO;Norte;Colisão Traseira;2;;;;;;;;;;2;;;;
23/12/2021;07:40:00;104;ac01 - Acidente com Vítima Fatal;431,3;BR-262/MG;Leste;Tombamento;;;1;;;;;;;;0;;;;1
23/12/2021;08:40:00;135;ac02 - Acidente com Vítima;387;BR-262/MG;Oeste;Colisão Traseira;;;2;;;;;;;;3;1;;;