data;horario;n_da_ocorrencia;tipo_de_ocorrencia;km;trecho;sentido;tipo_de_acidente;automovel;bicicleta;caminhao;moto;onibus;outros;tracao_animal;transporte_de_cargas_especiais;trator_maquinas;utilitarios;ilesos;levemente_feridos;moderadamente_feridos;gravemente_feridos;mortos
03/01/2022;14:40:00;452;ac02 - Acidente com Vítima;665;BR-262/MG;Leste;Capotamento;1;;;;;;;;;;0;;1;;
03/01/2022;15:13:00;478;ac03 - Acidente com Danos Materiais;512;BR-153/GO;Norte;Colisão Traseira;;;;1;;;;;;;1;;;;
03/01/2022;15:22:00;480;ac03 - Acidente com Danos Materiais;415;BR-262/MG;Leste;Saida de Pista;1;;;;;;;;;;1;;;;
03/01/2022;16:44:00;541;ac02 - Acidente com Vítima;666,282;BR-153/GO;Norte;Colisão Traseira;1;;1;;;;;;;;2;3;;;
03/01/2022;16:47:00;545;ac03 - Acidente com Danos Materiais;580;BR-153/GO;Sul;Saida de Pista;;;;;;;;;;1;1;;;;
03/01/2022;17:06:00;558;ac03 - Acidente com Danos Materiais;695;BR-153/GO;Norte;Saida de Pista;;;1;;;;;;;;1;;;;
03/01/2022;17:51:00;592;ac03 - Acidente com Danos Materiais;505;BR-153/GO;Norte;Colisão Lateral;2;;;;;;;;;;2;;;;
03/01/2022;18:11:00;602;ac03 - Acidente com Danos Materiais;484,8;BR-262/MG;Leste;Colisão Lateral;2;;;;;;;;;;2;;;;
03/01/2022;23:46:00;770;ac03 - Acidente com Danos Materiais;505;BR-153/GO;Sul;Saida de Pista;1;;;;;;;;;;1;;;;
04/01/2022;06:12:00;128;ac03 - Acidente com Danos Materiais;385;BR-262/MG;Leste;Capotamento;1;;;;;;;;;;3;;;;
04/01/2022;06:52:00;142;ac02 - Acidente com Vítima;365,7;BR-262/MG;Leste;Colisão Lateral;;;;1;;1;;;;;1;1;;;
04/01/2022;06:54:00;144;ac03 - Acidente com Danos Materiais;497;BR-153/GO;Sul;Queda de Moto;;;;1;;;;;;;1;;;;
04/01/2022;07:39:00;163;ac03 - Acidente com Danos Materiais;4;BR-153/MG;Sul;Saida de Pista;1;;;;;;;;;;1;;;;
04/01/2022;10:52:00;337;ac02 - Acidente com Vítima;608;BR-262/MG;Leste;Capotamento;1;;;;;;;;;;0;2;1;;
04/01/2022;13:35:00;396;ac02 - Acidente com Vítima;8;BR-153/MG;Norte;Queda de Moto;;;;1;;;;;;;0;;1;;
04/01/2022;20:11:00;579;ac03 - Acidente com Danos Materiais;464;BR-262/MG;Oeste;Saida de Pista;;;1;;;;;;;;1;;;;
04/01/2022;22:56:00;630;ac03 - Acidente com Danos Materiais;108;BR-153/MG;Sul;Colisão Lateral;;;2;;;1;;;;;3;;;;
04/01/2022;23:47:00;642;ac03 - Acidente com Danos Materiais;137;BR-060/GO;Norte;Colisão Traseira;2;;;;;;;;;;2;;;;
05/01/2022;01:19:00;28;ac03 - Acidente com Danos Materiais;41,8;BR-060/GO;Sul;Colisão Traseira;;;2;;;;;;;;2;;;;
05/01/2022;05:31:00;60;ac02 - Acidente com Vítima;212,3;BR-153/MG;Norte;Tombamento;1;;1;;;;;;;;3;1;;;
05/01/2022;07:15:00;90;ac03 - Acidente com Danos Materiais;437;BR-262/MG;Leste;Capotamento;1;;;;;;;;;;1;;;;
05/01/2022;07:30:00;97;ac02 - Acidente com Vítima;539;BR-262/MG;Leste;Capotamento;1;;;;;;;;;;0;4;;;
05/01/2022;08:33:00;131;ac03 - Acidente com Danos Materiais;93;BR-060/GO;Sul;Colisão Lateral;1;;1;;;;;;;;2;;;;
05/01/2022;09:34:00;175;ac03 - Acidente com Danos Materiais;7;BR-153/MG;Sul;Choque - Outros;;;1;;;1;;;;;2;;;;
05/01/2022;10:04:00;194;ac03 - Acidente com Danos Materiais;547;BR-262/MG;Leste;Saida de Pista;;;;;;;;;;1;5;;;;
05/01/2022;10:10:00;199;ac03 - Acidente com Danos Materiais;78;BR-153/MG;Sul;Queda em Ribanceira;1;;;;;1;;;;;2;;;;
05/01/2022;11:03:00;229;ac03 - Acidente com Danos Materiais;2,5;BR-060/DF;Norte;Queda de Moto;1;;;1;;;;;;;2;;;;
05/01/2022;11:19:00;234;ac03 - Acidente com Danos Materiais;501;BR-262/MG;Leste;Colisão Traseira;2;;;;;;;;;;3;;;;
05/01/2022;12:06:00;253;ac02 - Acidente com Vítima;587;BR-262/MG;Oeste;Colisão Frontal;1;;1;;;;;;;;1;1;;;
05/01/2022;12:56:00;300;ac02 - Acidente com Vítima;801;BR-262/MG;Leste;Choque - Elemento de Drenagem;;;1;;;;;;;;0;;1;;
05/01/2022;13:35:00;324;ac03 - Acidente com Danos Materiais;367,15;BR-262/MG;Leste;Colisão Traseira;;;1;;;1;;;;;2;;;;
05/01/2022;14:37:00;351;ac03 - Acidente com Danos Materiais;631;BR-262/MG;Leste;Colisão Lateral;2;;;;;;;;;;2;;;;
05/01/2022;15:21:00;367;ac03 - Acidente com Danos Materiais;172;BR-153/MG;Sul;Saida de Pista;;;1;;;;;;;;1;;;;
05/01/2022;16:57:00;399;ac03 - Acidente com Danos Materiais;42,5;BR-153/MG;Norte;Tombamento;;;1;;;;;;;;1;;;;
05/01/2022;18:54:00;456;ac03 - Acidente com Danos Materiais;499;BR-153/GO;Sul;Colisão Traseira;1;;;;;1;;;;;2;;;;
05/01/2022;19:32:00;474;ac03 - Acidente com Danos Materiais;485;BR-262/MG;Oeste;Saida de Pista;1;;;;;;;;;;4;;;;
05/01/2022;21:23:00;520;ac03 - Acidente com Danos Materiais;554,9;BR-262/MG;Oeste;Tombamento;;;1;;;1;;;;;5;;;;
05/01/2022;22:15:00;535;ac03 - Acidente com Danos Materiais;442;BR-262/MG;Oeste;Colisão Transversal;;;1;;1;;;;;;5;;;;
06/01/2022;05:09:00;49;ac02 - Acidente com Vítima;522,5;BR-153/GO;Sul;Capotamento;1;;;;;;;;;;4;;1;;
06/01/2022;08:00:00;132;ac03 - Acidente com Danos Materiais;102;BR-060/GO;Norte;Colisão Lateral;;;1;;;1;;;;1;3;;;;
06/01/2022;08:09:00;135;ac03 - Acidente com Danos Materiais;507;BR-153/GO;Sul;Choque - Barreira;;;;;;;;;;1;1;;;;
06/01/2022;08:39:00;147;ac03 - Acidente com Danos Materiais;9;BR-060/DF;Sul;Colisão Traseira;2;;;;;;;;;;2;;;;
06/01/2022;09:21:00;158;ac03 - Acidente com Danos Materiais;98;BR-060/GO;Sul;Colisão Lateral;1;;1;;;;;;;;2;;;;
06/01/2022;11:35:00;243;ac03 - Acidente com Danos Materiais;494,5;BR-153/GO;Sul;Choque- Placa/Suporte Sinalização;1;;;;;;;;;;1;;;;
06/01/2022;11:55:00;258;ac03 - Acidente com Danos Materiais;134;BR-153/MG;Norte;Engavetamento;;;3;;;;;;;;3;;;;
06/01/2022;12:38:00;272;ac03 - Acidente com Danos Materiais;90,4;BR-060/GO;Norte;Colisão Frontal;;;1;;;;;;;1;2;;;;
06/01/2022;12:42:00;275;ac03 - Acidente com Danos Materiais;504;BR-153/GO;Sul;Choque - Barreira;;;1;;;;;;;;1;;;;
06/01/2022;12:54:00;277;ac03 - Acidente com Danos Materiais;526,3;BR-262/MG;Leste;Capotamento;;;1;;;;;;;;1;;;;
06/01/2022;13:58:00;300;ac03 - Acidente com Danos Materiais;388,25;BR-262/MG;Leste;Choque - Elemento de Drenagem;1;;;;;;;;;;1;;;;
06/01/2022;14:28:00;307;ac02 - Acidente com Vítima;103;BR-153/MG;Norte;Saida de Pista;1;;;;;;;;;;0;1;;;
06/01/2022;15:21:00;323;ac03 - Acidente com Danos Materiais;116;BR-153/MG;Sul;Saida de Pista;1;;;;;;;;;;1;;;;
06/01/2022;15:39:00;325;ac02 - Acidente com Vítima;36;BR-153/MG;Sul;Saida de Pista;1;;;;;;;;;;0;1;;;
06/01/2022;15:46:00;329;ac03 - Acidente com Danos Materiais;402,1;BR-262/MG;Oeste;Saida de Pista;1;;;;;;;;;;1;;;;
06/01/2022;17:54:00;384;ac03 - Acidente com Danos Materiais;117;BR-060/GO;Norte;Tombamento;;;1;;;;;;;;3;;;;
06/01/2022;18:14:00;392;ac03 - Acidente com Danos Materiais;384;BR-262/MG;Leste;Saida de Pista;1;;;;;;;;;;1;;;;
06/01/2022;20:35:00;444;ac02 - Acidente com Vítima;44;BR-153/MG;Norte;Tombamento;;;1;;;;;;;;0;1;;;
06/01/2022;21:06:00;458;ac03 - Acidente com Danos Materiais;11;BR-060/GO;Sul;Tombamento;;;1;;;;;;;;1;;;;
07/01/2022;03:02:00;51;ac03 - Acidente com Danos Materiais;122;BR-060/GO;Norte;Capotamento;1;;;;;;;;;;1;;;;
07/01/2022;06:51:00;84;ac02 - Acidente com Vítima;517,9;BR-262/MG;Leste;Choque - Arvore;1;;;;;;;;;;0;1;;;
07/01/2022;07:36:00;103;ac03 - Acidente com Danos Materiais;51;BR-153/MG;Norte;Colisão Lateral;1;;;;;;;;;1;2;;;;
07/01/2022;07:51:00;112;ac02 - Acidente com Vítima;382,1;BR-262/MG;Oeste;Capotamento;1;;;;;;;;;;0;;2;;
07/01/2022;07:59:00;118;ac03 - Acidente com Danos Materiais;148;BR-153/MG;Sul;Colisão Lateral;1;;1;;;;;;;;5;;;;
07/01/2022;08:58:00;211;ac03 - Acidente com Danos Materiais;780;BR-262/MG;Leste;Saida de Pista;;;1;;;;;;;;1;;;;
07/01/2022;09:46:00;246;ac03 - Acidente com Danos Materiais;117;BR-060/GO;Sul;Engavetamento;3;;;;;;;;;;3;;;;
07/01/2022;10:26:00;280;ac03 - Acidente com Danos Materiais;96,8;BR-153/MG;Sul;Colisão Lateral;;;2;;;;;;;;2;;;;
07/01/2022;12:13:00;369;ac03 - Acidente com Danos Materiais;382;BR-262/MG;Leste;Saida de Pista;1;;;;;;;;;;2;;;;
07/01/2022;12:31:00;377;ac03 - Acidente com Danos Materiais;802;BR-262/MG;Leste;Colisão Traseira;2;;;;;;;;;;6;;;;
07/01/2022;13:17:00;401;ac03 - Acidente com Danos Materiais;100;BR-060/GO;Norte;Colisão Traseira;2;;;;;;;;;;2;;;;
07/01/2022;13:29:00;407;ac02 - Acidente com Vítima;538,1;BR-262/MG;Leste;Capotamento;;;;;;;;;;1;0;4;1;;
07/01/2022;13:40:00;413;ac03 - Acidente com Danos Materiais;111,5;BR-060/GO;Norte;Capotamento;1;;;;;;;;;;1;;;;
07/01/2022;13:41:00;415;ac03 - Acidente com Danos Materiais;29;BR-060/DF;Sul;Capotamento;1;;;;;;;;;;1;;;;
07/01/2022;14:40:00;459;ac03 - Acidente com Danos Materiais;25;BR-060/GO;Sul;Choque - Defensa;1;;;;;;;;;;1;;;;
07/01/2022;15:39:00;512;ac03 - Acidente com Danos Materiais;508;BR-153/GO;Sul;Colisão Traseira;1;;1;;;;;;;;2;;;;
07/01/2022;16:26:00;536;ac02 - Acidente com Vítima;662;BR-153/GO;Sul;Capotamento;1;;;;;;;;;;0;;2;;
07/01/2022;16:46:00;539;ac03 - Acidente com Danos Materiais;377,25;BR-262/MG;Leste;Choque - Elemento de Drenagem;1;;;;;;;;;;1;;;;
07/01/2022;18:08:00;575;ac03 - Acidente com Danos Materiais;802;BR-262/MG;Oeste;Saida de Pista;1;;;;;;;;;;1;;;;
07/01/2022;20:29:00;622;ac03 - Acidente com Danos Materiais;519;BR-153/GO;Sul;Colisão Traseira;;;2;;;;;;;;2;;;;
07/01/2022;20:44:00;629;ac03 - Acidente com Danos Materiais;368;BR-262/MG;Leste;Choque- Placa/Suporte Sinalização;1;;;;;;;;;;1;;;;
07/01/2022;21:22:00;644;ac03 - Acidente com Danos Materiais;0,3;BR-060/GO;Sul;Choque - Veiculo parado no acostamento;1;;1;;;;;;;;2;;;;
08/01/2022;00:56:00;12;ac03 - Acidente com Danos Materiais;471;BR-262/MG;Leste;Saida de Pista;1;;;;;;;;;;1;;;;
08/01/2022;02:44:00;40;ac03 - Acidente com Danos Materiais;510;BR-262/MG;Leste;Tombamento;;;1;;;2;;;;;3;;;;
08/01/2022;03:28:00;46;ac03 - Acidente com Danos Materiais;491;BR-153/GO;Norte;Saida de Pista;1;;;;;;;;;;1;;;;
08/01/2022;03:41:00;47;ac03 - Acidente com Danos Materiais;409;BR-262/MG;Leste;Saida de Pista;1;;;;;;;;;;1;;;;
08/01/2022;06:10:00;80;ac03 - Acidente com Danos Materiais;437;BR-262/MG;Oeste;Saida de Pista;1;;;;;;;;;;1;;;;
08/01/2022;06:59:00;88;ac03 - Acidente com Danos Materiais;632;BR-262/MG;Leste;Saida de Pista;1;;;;;;;;;;4;;;;
08/01/2022;07:42:00;106;ac03 - Acidente com Danos Materiais;364;BR-262/MG;Oeste;Colisão Traseira;2;;;;;;;;;;2;;;;
08/01/2022;08:51:00;151;ac03 - Acidente com Danos Materiais;387;BR-262/MG;Leste;Saida de Pista;1;;;;;;;;;;1;;;;
08/01/2022;12:59:00;300;ac03 - Acidente com Danos Materiais;131;BR-060/GO;Norte;Choque - Arvore;1;;;;;;;;;;2;;;;
08/01/2022;13:16:00;312;ac03 - Acidente com Danos Materiais;509;BR-153/GO;Norte;Colisão Traseira;1;;1;;;;;;;;2;;;;
08/01/2022;13:59:00;328;ac03 - Acidente com Danos Materiais;114;BR-060/GO;Norte;Colisão Traseira;;;;;;1;;;;1;2;;;;
08/01/2022;14:36:00;348;ac03 - Acidente com Danos Materiais;524;BR-262/MG;Oeste;Saida de Pista;;;;;;;;;;1;1;;;;
08/01/2022;14:52:00;375;ac03 - Acidente com Danos Materiais;0;BR-060/GO;Sul;Saida de Pista;1;;;;;;;;;;1;;;;
08/01/2022;15:57:00;406;ac03 - Acidente com Danos Materiais;17;BR-060/GO;Norte;Saida de Pista;1;;;;;;;;;;1;;;;
08/01/2022;16:25:00;421;ac03 - Acidente com Danos Materiais;401;BR-262/MG;Leste;Saida de Pista;1;;;;;;;;;;1;;;;
08/01/2022;16:44:00;444;ac03 - Acidente com Danos Materiais;600;BR-153/GO;Norte;Colisão Lateral;1;;1;;;;;;;;2;;;;
08/01/2022;17:44:00;471;ac01 - Acidente com Vítima Fatal;657,1;BR-153/GO;Sul;Colisão Traseira;;;2;;;;;;;1;1;1;;;1
08/01/2022;19:59:00;584;ac02 - Acidente com Vítima;539;BR-262/MG;Leste;Saida de Pista;1;;;;;;;;;;0;2;;;
08/01/2022;22:44:00;691;ac03 - Acidente com Danos Materiais;7;BR-060/DF;Sul;Colisão Transversal;2;;;;;;;;;;2;;;;
09/01/2022;04:02:00;119;ac02 - Acidente com Vítima;512;BR-153/GO;Sul;Queda de Ciclista;;;;1;;;;;;;0;1;;;
09/01/2022;06:51:00;158;ac03 - Acidente com Danos Materiais;716;BR-262/MG;Leste;Saida de Pista;1;;;;;;;;;;4;;;;
09/01/2022;07:06:00;162;ac02 - Acidente com Vítima;539;BR-262/MG;Oeste;Capotamento;1;;;;;;;;;;0;;2;;
09/01/2022;07:23:00;170;ac03 - Acidente com Danos Materiais;113,9;BR-060/GO;Sul;Saida de Pista;1;;;;;;;;;;2;;;;
09/01/2022;07:43:00;183;ac03 - Acidente com Danos Materiais;790;BR-262/MG;Oeste;Colisão Lateral;;;1;;;;;;;;1;;;;
09/01/2022;13:49:00;375;ac03 - Acidente com Danos Materiais;535;BR-153/GO;Norte;Saida de Pista;1;;;;;;;;;;1;;;;
09/01/2022;17:10:00;459;ac03 - Acidente com Danos Materiais;671;BR-153/GO;Sul;Saida de Pista;1;;;;;;;;;;1;;;;
09/01/2022;17:13:00;461;ac03 - Acidente com Danos Materiais;375;BR-262/MG;Leste;Saida de Pista;1;;;;;;;;;;1;;;;
09/01/2022;17:37:00;471;ac03 - Acidente com Danos Materiais;113;BR-060/GO;Norte;Colisão Lateral;1;;;;;1;;;;;2;;;;
09/01/2022;18:37:00;507;ac03 - Acidente com Danos Materiais;588;BR-262/MG;Oeste;Capotamento;1;;;;;;;;;;5;;;;
09/01/2022;19:02:00;518;ac03 - Acidente com Danos Materiais;388;BR-262/MG;Leste;Choque - Barreira;1;;;;;;;;;;3;;;;
09/01/2022;20:13:00;543;ac03 - Acidente com Danos Materiais;357;BR-262/MG;Leste;Saida de Pista;1;;;;;;;;;;1;;;;
09/01/2022;22:59:00;598;ac02 - Acidente com Vítima;2,9;BR-060/DF;Sul;Saida de Pista;1;;;;;;;;;;0;1;;;
10/01/2022;00:40:00;11;ac03 - Acidente com Danos Materiais;355;BR-262/MG;Leste;Saida de Pista;1;;;;;;;;;;2;;;;
10/01/2022;05:24:00;53;ac03 - Acidente com Danos Materiais;355;BR-262/MG;Leste;Saida de Pista;1;;;;;;;;;;1;;;;
10/01/2022;06:09:00;66;ac02 - Acidente com Vítima;509;BR-153/GO;Norte;Colisão Traseira;;;2;;;;;;;;1;1;;;
10/01/2022;07:32:00;86;ac03 - Acidente com Danos Materiais;355;BR-262/MG;Oeste;Queda de Ciclista;;;;1;;;;;;;1;;;;
10/01/2022;12:35:00;222;ac03 - Acidente com Danos Materiais;82;BR-060/GO;Norte;Choque- Placa/Suporte Sinalização;1;;;;;;;;;;3;;;;
10/01/2022;13:00:00;234;ac03 - Acidente com Danos Materiais;622;BR-153/GO;Sul;Capotamento;1;;;;;;;;;;1;;;;
10/01/2022;13:17:00;239;ac03 - Acidente com Danos Materiais;83;BR-060/GO;Norte;Saida de Pista;1;;;;;;;;;;1;;;;
10/01/2022;14:43:00;261;ac03 - Acidente com Danos Materiais;862;BR-262/MG;Oeste;Choque - Talude;;;1;;;;;;;;1;;;;
10/01/2022;15:32:00;276;ac03 - Acidente com Danos Materiais;562,8;BR-262/MG;Leste;Tombamento;;;1;;;;;;;;1;;;;
10/01/2022;20:06:00;376;ac03 - Acidente com Danos Materiais;397;BR-262/MG;Oeste;Saida de Pista;;;2;;;;;;;;2;;;;
10/01/2022;21:29:00;412;ac03 - Acidente com Danos Materiais;492;BR-153/GO;Norte;Saida de Pista;1;;;;;;;;;;1;;;;
11/01/2022;08:00:00;93;ac03 - Acidente com Danos Materiais;58,6;BR-153/MG;Sul;Carreta deu L;;;1;;;;;;;;1;;;;
11/01/2022;08:22:00;101;ac03 - Acidente com Danos Materiais;82;BR-060/GO;Norte;Saida de Pista;1;;;;;;;;;;1;;;;
11/01/2022;09:40:00;125;ac03 - Acidente com Danos Materiais;692;BR-153/GO;Norte;Colisão Lateral;1;;1;;;1;;;;;4;;;;
11/01/2022;11:15:00;177;ac03 - Acidente com Danos Materiais;628;BR-153/GO;Sul;Choque - Elemento de Drenagem;;;;;;;;;;1;1;;;;
11/01/2022;11:27:00;184;ac03 - Acidente com Danos Materiais;24;BR-060/DF;Norte;Choque - Elemento de Drenagem;;;;;;;;;;1;1;;;;
11/01/2022;11:33:00;187;ac02 - Acidente com Vítima;8,5;BR-153/MG;Norte;Tombamento;;;1;;;;;;;;0;1;;;
11/01/2022;13:38:00;232;ac03 - Acidente com Danos Materiais;47;BR-060/GO;Sul;Choque - Elemento de Drenagem;1;;;;;;;;;;1;;;;
11/01/2022;13:50:00;236;ac03 - Acidente com Danos Materiais;29;BR-060/DF;Norte;Capotamento;1;;;;;;;;;;1;;;;
12/01/2022;01:30:00;71;ac03 - Acidente com Danos Materiais;464;BR-262/MG;Oeste;Atropelamento de Animal;;;1;;;;;;;;1;;;;
12/01/2022;05:30:00;112;ac03 - Acidente com Danos Materiais;48;BR-060/GO;Sul;Saida de Pista;;;1;;;;;;;1;2;;;;
12/01/2022;09:18:00;214;ac02 - Acidente com Vítima;94;BR-060/GO;Sul;Colisão Traseira;1;;;1;;;;;;;2;1;;;
12/01/2022;11:32:00;327;ac02 - Acidente com Vítima;364;BR-262/MG;Leste;Colisão Traseira;1;;;;;;;;;1;1;;1;;
12/01/2022;13:16:00;407;ac03 - Acidente com Danos Materiais;542,5;BR-153/GO;Sul;Tombamento;;;1;;;;;;;;1;;;;
12/01/2022;13:23:00;410;ac02 - Acidente com Vítima;232;BR-153/MG;Sul;Colisão Lateral;1;;1;;;;;;;;1;3;;;
12/01/2022;15:21:00;446;ac03 - Acidente com Danos Materiais;134;BR-060/GO;Sul;Saida de Pista;;;1;;;;;;;;1;;;;
12/01/2022;18:31:00;540;ac02 - Acidente com Vítima;508;BR-153/GO;Sul;Queda de Moto;;;;1;;;;;;;0;1;;;
13/01/2022;00:23:00;8;ac03 - Acidente com Danos Materiais;701;BR-153/GO;Sul;Choque - Barreira;1;;;;;;;;;;1;;;;
13/01/2022;01:36:00;27;ac02 - Acidente com Vítima;493;BR-153/GO;Sul;Queda de Moto;;;;1;;;;;;;0;1;;;
13/01/2022;03:47:00;46;ac03 - Acidente com Danos Materiais;379;BR-262/MG;Oeste;Tombamento;;;1;;;1;;;;;2;;;;
13/01/2022;11:31:00;325;ac03 - Acidente com Danos Materiais;39;BR-060/GO;Sul;Capotamento;;;;;;1;;;;1;3;;;;
13/01/2022;14:39:00;419;ac03 - Acidente com Danos Materiais;245;BR-153/MG;Norte;Colisão Traseira;;;1;;;1;;;;1;3;;;;
13/01/2022;15:29:00;441;ac02 - Acidente com Vítima;793;BR-262/MG;Leste;Queda de Moto;;;;1;;;;;;;0;1;;;
13/01/2022;16:32:00;494;ac03 - Acidente com Danos Materiais;864;BR-262/MG;Leste;Engavetamento;3;;1;;;;;;;;14;;;;
13/01/2022;17:16:00;513;ac02 - Acidente com Vítima;539;BR-262/MG;Leste;Tombamento;;;1;;;;;;;;0;1;;;
13/01/2022;18:00:00;543;ac03 - Acidente com Danos Materiais;507,95;BR-153/GO;Sul;Colisão Lateral;1;;;;;1;;;;;2;;;;
13/01/2022;19:11:00;595;ac03 - Acidente com Danos Materiais;112;BR-060/GO;Norte;Choque - Outros;1;;;;;;;;;;1;;;;
13/01/2022;19:30:00;602;ac03 - Acidente com Danos Materiais;2,5;BR-060/DF;Sul;Colisão Traseira;1;;;1;;;;;;;2;;;;
13/01/2022;21:39:00;657;ac01 - Acidente com Vítima Fatal;240,5;BR-153/MG;Norte;Capotamento;1;;;;;;;;;;0;;;;1
14/01/2022;02:45:00;39;ac03 - Acidente com Danos Materiais;906;BR-262/MG;Oeste;Tombamento;;;1;;;;;;;;1;;;;
14/01/2022;03:01:00;40;ac02 - Acidente com Vítima;849;BR-262/MG;Oeste;Saida de Pista;;;;;;;;;;1;0;1;;;
14/01/2022;05:42:00;72;ac03 - Acidente com Danos Materiais;92;BR-060/GO;Sul;Colisão Transversal;1;;1;;;;;;;;2;;;;
14/01/2022;11:02:00;251;ac03 - Acidente com Danos Materiais;801,5;BR-262/MG;Leste;Colisão Traseira;1;;1;;;;;;;;2;;;;
14/01/2022;12:07:00;292;ac03 - Acidente com Danos Materiais;109,5;BR-060/GO;Norte;Objeto lançado contra veículo;1;;1;;;;;;;;2;;;;
14/01/2022;16:10:00;382;ac02 - Acidente com Vítima;824;BR-262/MG;Leste;Colisão Traseira;1;;;;;;;;;1;1;1;;;
14/01/2022;18:31:00;463;ac02 - Acidente com Vítima;136;BR-060/GO;Norte;Colisão Traseira;;;;1;;1;;;;;2;;1;;
14/01/2022;19:01:00;477;ac03 - Acidente com Danos Materiais;508;BR-153/GO;Norte;Colisão Traseira;;;;;1;1;;;;;2;;;;
14/01/2022;19:44:00;499;ac02 - Acidente com Vítima;356;BR-262/MG;Leste;Queda de Moto;;;;1;;;;;;;0;1;1;;
14/01/2022;19:50:00;501;ac03 - Acidente com Danos Materiais;508;BR-153/GO;Norte;Colisão Traseira;1;;1;;;;;;;;2;;;;
14/01/2022;21:13:00;553;ac02 - Acidente com Vítima;582;BR-153/GO;Norte;Capotamento;1;;;;;;;;;;2;1;1;;
14/01/2022;22:44:00;582;ac03 - Acidente com Danos Materiais;98;BR-060/GO;Sul;Queda de Moto;;;;1;;1;;;;;3;;;;
15/01/2022;03:09:00;30;ac03 - Acidente com Danos Materiais;28,5;BR-153/MG;Norte;Saida de Pista;;;;;;;;;;1;2;;;;
15/01/2022;06:07:00;58;ac03 - Acidente com Danos Materiais;226;BR-153/MG;Sul;Colisão Traseira;;;2;;;;;;;;2;;;;
15/01/2022;09:12:00;216;ac02 - Acidente com Vítima;88;BR-060/GO;Norte;Colisão Lateral;1;;;1;;;;;;;1;2;;;
15/01/2022;12:23:00;334;ac03 - Acidente com Danos Materiais;5;BR-060/DF;Sul;Colisão Traseira;2;;;;;;;;;;2;;;;
15/01/2022;12:53:00;349;ac03 - Acidente com Danos Materiais;191;BR-153/MG;Sul;Objeto lançado contra veículo;1;;1;;;;;;;;2;;;;
15/01/2022;15:50:00;503;ac02 - Acidente com Vítima;47;BR-153/MG;Norte;Tombamento;;;1;;;;;;;;0;;1;;
15/01/2022;17:28:00;557;ac03 - Acidente com Danos Materiais;100;BR-060/GO;Sul;Saida de Pista;1;;;;;;;;;;4;;;;
15/01/2022;19:53:00;644;ac01 - Acidente com Vítima Fatal;700;BR-153/GO;Sul;Atropelamento - Morador/Trabalhador;;;;;;1;;;;;1;;;;1
16/01/2022;03:53:00;51;ac03 - Acidente com Danos Materiais;38;BR-060/GO;Norte;Saida de Pista;1;;;;;;;;;;5;;;;
16/01/2022;04:48:00;56;ac03 - Acidente com Danos Materiais;512;BR-153/GO;Norte;Colisão Traseira;1;;;;;;;;;1;3;;;;
16/01/2022;05:44:00;64;ac03 - Acidente com Danos Materiais;563;BR-262/MG;Oeste;Capotamento;1;;;;;;;;;;3;;;;
16/01/2022;07:27:00;101;ac01 - Acidente com Vítima Fatal;15;BR-060/GO;Sul;Choque - Arvore;;;;1;;;;;;;0;;;;1
16/01/2022;07:56:00;112;ac03 - Acidente com Danos Materiais;58;BR-153/MG;Sul;Colisão Transversal;1;;1;;;;;;;;5;;;;
16/01/2022;09:02:00;132;ac03 - Acidente com Danos Materiais;504;BR-153/GO;Norte;Colisão Traseira;1;;1;;;;;;;;5;;;;
16/01/2022;09:12:00;135;ac02 - Acidente com Vítima;28;BR-060/DF;Sul;Colisão Traseira;1;;;1;;;;;;;2;;1;;
16/01/2022;09:41:00;156;ac03 - Acidente com Danos Materiais;373,256;BR-262/MG;Leste;Capotamento;;;;;;;;;;1;1;;;;
16/01/2022;12:13:00;246;ac03 - Acidente com Danos Materiais;509;BR-153/GO;Norte;Colisão Traseira;1;;1;;;;;;;;2;;;;
16/01/2022;13:38:00;284;ac03 - Acidente com Danos Materiais;613;BR-262/MG;Oeste;Tombamento;;;;;;;;;;1;2;;;;
16/01/2022;13:40:00;285;ac03 - Acidente com Danos Materiais;38;BR-060/GO;Norte;Tombamento;;;;;;;;;;1;1;;;;