data;horario;n_da_ocorrencia;tipo_de_ocorrencia;km;trecho;sentido;tipo_de_acidente;automovel;bicicleta;caminhao;moto;onibus;outros;tracao_animal;transporte_de_cargas_especiais;trator_maquinas;utilitarios;ilesos;levemente_feridos;moderadamente_feridos;gravemente_feridos;mortos
16/01/2022;14:09:00;300;ac03 - Acidente com Danos Materiais;608;BR-262/MG;Oeste;Capotamento;1;;;;;;;;;;4;;;;
16/01/2022;14:48:00;318;ac02 - Acidente com Vítima;461;BR-262/MG;Oeste;Queda de Moto;;;;1;;;;;;;0;2;;;
16/01/2022;19:03:00;465;ac02 - Acidente com Vítima;792;BR-262/MG;Oeste;Colisão Traseira;;;;2;;;;;;;1;1;;;
16/01/2022;20:41:00;513;ac03 - Acidente com Danos Materiais;514;BR-153/GO;Norte;Saida de Pista;1;;;;;;;;;;2;;;;
16/01/2022;21:08:00;518;ac03 - Acidente com Danos Materiais;0;BR-060/DF;Norte;Capotamento;;;;;;;;;;1;4;;;;
16/01/2022;21:16:00;523;ac03 - Acidente com Danos Materiais;66;BR-153/MG;Norte;Tombamento;;;1;;;;;;;;2;;;;
16/01/2022;22:59:00;570;ac03 - Acidente com Danos Materiais;515;BR-153/GO;Norte;Colisão Lateral;2;;;;;;;;;;2;;;;
16/01/2022;23:09:00;574;ac02 - Acidente com Vítima;92;BR-060/GO;Norte;Queda de Moto;;;;1;;;;;;;0;1;1;;
17/01/2022;01:30:00;21;ac02 - Acidente com Vítima;504;BR-153/GO;Sul;Saida de Pista;1;;;;;;;;;;0;;1;;
17/01/2022;01:36:00;22;ac02 - Acidente com Vítima;407;BR-262/MG;Oeste;Capotamento;;;;;;;;;;1;0;;;1;
17/01/2022;02:28:00;59;ac03 - Acidente com Danos Materiais;642;BR-153/GO;Sul;Atropelamento de Animal;1;;;;;;;;;;1;;;;
17/01/2022;05:33:00;73;ac02 - Acidente com Vítima;135;BR-060/GO;Norte;Queda de Moto;;;1;1;;;;;;;1;;;1;
17/01/2022;07:36:00;118;ac03 - Acidente com Danos Materiais;4,25;BR-060/DF;Sul;Colisão Traseira;;;1;1;;;;;;;2;;;;
17/01/2022;07:39:00;120;ac02 - Acidente com Vítima;810;BR-262/MG;Leste;Colisão Traseira;2;;;;;;;;;;1;1;;;
17/01/2022;11:57:00;304;ac03 - Acidente com Danos Materiais;815;BR-262/MG;Oeste;Saida de Pista;;;;;;;;;;1;1;;;;
17/01/2022;13:18:00;344;ac03 - Acidente com Danos Materiais;508;BR-153/GO;Norte;Colisão Lateral;1;;1;;;;;;;;4;;;;
17/01/2022;14:15:00;395;ac02 - Acidente com Vítima;438,8;BR-262/MG;Oeste;Colisão Traseira;1;;;;;;;;;1;1;1;;;
17/01/2022;15:06:00;420;ac02 - Acidente com Vítima;124;BR-060/GO;Norte;Saida de Pista;1;;;;;;;;;;2;;1;;
17/01/2022;16:18:00;455;ac02 - Acidente com Vítima;580,2;BR-262/MG;Leste;Choque - Talude;;;1;;;;;;;;0;1;;;
17/01/2022;23:11:00;669;ac02 - Acidente com Vítima;499,5;BR-262/MG;Oeste;Capotamento;1;;;;;;;;;;1;1;;;
18/01/2022;04:41:00;41;ac03 - Acidente com Danos Materiais;597;BR-153/GO;Norte;Saida de Pista;;;;;;;;;;1;4;;;;
18/01/2022;05:51:00;63;ac02 - Acidente com Vítima;508;BR-153/GO;Norte;Engavetamento;2;;2;;;;;;;;3;;1;;
18/01/2022;06:34:00;68;ac03 - Acidente com Danos Materiais;597,15;BR-262/MG;Leste;Colisão Traseira;;;2;;;;;;;;3;;;;
18/01/2022;07:17:00;83;ac03 - Acidente com Danos Materiais;605,2;BR-262/MG;Leste;Saida de Pista;;;1;;;;;;;;1;;;;
18/01/2022;13:18:00;312;ac03 - Acidente com Danos Materiais;50,5;BR-153/MG;Norte;Saida de Pista;;;1;;;;;;;;1;;;;
18/01/2022;15:53:00;398;ac03 - Acidente com Danos Materiais;663;BR-262/MG;Leste;Saida de Pista;;;;;;;;;;1;1;;;;
18/01/2022;17:09:00;420;ac03 - Acidente com Danos Materiais;173,8;BR-153/MG;Norte;Saida de Pista;;;1;;;;;;;;1;;;;
18/01/2022;19:21:00;464;ac02 - Acidente com Vítima;360;BR-262/MG;Leste;Queda de Moto;;;;1;;;;;;;0;;1;;
19/01/2022;08:54:00;143;ac02 - Acidente com Vítima;443,9;BR-262/MG;Leste;Colisão Traseira;1;;;1;;;;;;;1;1;;;
19/01/2022;09:09:00;150;ac02 - Acidente com Vítima;678;BR-153/GO;Sul;Tombamento;;;1;;;;;;;;1;1;;;
19/01/2022;10:02:00;230;ac03 - Acidente com Danos Materiais;12;BR-153/MG;Norte;Tombamento;;;1;;;;;;;;1;;;;
19/01/2022;11:35:00;313;ac02 - Acidente com Vítima;76,8;BR-060/GO;Sul;Saida de Pista;1;;;;;;;;;;0;3;;;
19/01/2022;16:02:00;447;ac03 - Acidente com Danos Materiais;793;BR-262/MG;Oeste;Engavetamento;1;;1;;;;;;;1;6;;;;
19/01/2022;17:11:00;465;ac02 - Acidente com Vítima;433;BR-262/MG;Leste;Engavetamento;1;;;3;;;;;;;1;3;;;
19/01/2022;17:27:00;475;ac03 - Acidente com Danos Materiais;50;BR-060/GO;Norte;Saida de Pista;1;;;;;;;;;;1;;;;
19/01/2022;22:31:00;671;ac03 - Acidente com Danos Materiais;6,8;BR-060/DF;Sul;Colisão Traseira;1;;;;;;;;;1;2;;;;
19/01/2022;23:39:00;694;ac03 - Acidente com Danos Materiais;591;BR-262/MG;Leste;Carreta deu L;;;1;;;;;;;;1;;;;
20/01/2022;03:44:00;79;ac03 - Acidente com Danos Materiais;374,5;BR-262/MG;Oeste;Saida de Pista;;;1;;;;;;;;1;;;;
20/01/2022;07:57:00;121;ac03 - Acidente com Danos Materiais;101;BR-060/GO;Sul;Colisão Traseira;1;;1;;;;;;;;3;;;;
20/01/2022;08:05:00;124;ac02 - Acidente com Vítima;544,7;BR-153/GO;Sul;Tombamento;1;;;;;;;;;;3;1;;;
20/01/2022;10:51:00;243;ac03 - Acidente com Danos Materiais;511;BR-262/MG;Oeste;Saida de Pista;1;;;;;;;;;;1;;;;
20/01/2022;14:14:00;349;ac03 - Acidente com Danos Materiais;492;BR-153/GO;Sul;Queda de Moto;;;;1;;;;;;;1;;;;
20/01/2022;15:27:00;400;ac03 - Acidente com Danos Materiais;566;BR-153/GO;Sul;Saida de Pista;1;;;;;;;;;;1;;;;
20/01/2022;17:41:00;484;ac03 - Acidente com Danos Materiais;172,2;BR-153/MG;Norte;Saida de Pista;1;;;;;;;;;;1;;;;
20/01/2022;17:47:00;486;ac03 - Acidente com Danos Materiais;172,2;BR-153/MG;Norte;Saida de Pista;1;;;;;;;;;;1;;;;
20/01/2022;20:48:00;552;ac03 - Acidente com Danos Materiais;392;BR-262/MG;Oeste;Atropelamento de Animal;1;;;;;;;;;;5;;;;
20/01/2022;23:17:00;600;ac03 - Acidente com Danos Materiais;82;BR-060/GO;Sul;Choque - Defensa;1;;;;;;;;;;1;;;;
21/01/2022;06:28:00;87;ac02 - Acidente com Vítima;517,95;BR-262/MG;Oeste;Tombamento;;;1;;;1;;;;;4;1;;;
21/01/2022;09:02:00;240;ac03 - Acidente com Danos Materiais;395;BR-262/MG;Oeste;Choque - Barreira;1;;;;;;;;;;1;;;;
21/01/2022;10:53:00;373;ac03 - Acidente com Danos Materiais;508;BR-153/GO;Norte;Colisão Lateral;1;;;;;;;;;;1;;;;
21/01/2022;11:05:00;391;ac02 - Acidente com Vítima;137,95;BR-060/GO;Sul;Colisão Traseira;;;;;1;;;;;1;2;1;;;
21/01/2022;14:12:00;563;ac03 - Acidente com Danos Materiais;11;BR-060/GO;Norte;Tombamento;;;1;;;;;;;;1;;;;
21/01/2022;15:04:00;591;ac03 - Acidente com Danos Materiais;25;BR-060/DF;Norte;Colisão Lateral;2;;;;;;;;;;2;;;;
21/01/2022;15:58:00;609;ac03 - Acidente com Danos Materiais;54;BR-153/MG;Norte;Saida de Pista;;;1;;;;;;;;1;;;;
21/01/2022;17:18:00;663;ac02 - Acidente com Vítima;113;BR-060/GO;Sul;Saida de Pista;;;1;;;;;;;;0;1;;;
21/01/2022;17:56:00;686;ac02 - Acidente com Vítima;803,9;BR-262/MG;Leste;Colisão Lateral;1;;1;;;;;;;;0;4;;;
21/01/2022;20:25:00;811;ac01 - Acidente com Vítima Fatal;552;BR-153/GO;Sul;Atropelamento - Morador;;;;;;1;;;;;1;;;;1
21/01/2022;20:43:00;818;ac02 - Acidente com Vítima;552;BR-153/GO;Sul;Colisão Traseira;;;1;;;;;;;1;4;1;;;
22/01/2022;06:26:00;89;ac03 - Acidente com Danos Materiais;580;BR-153/GO;Sul;Capotamento;1;;;;;;;;;;3;;;;
22/01/2022;08:48:00;151;ac02 - Acidente com Vítima;518;BR-153/GO;Sul;Choque- Poste/Equipamento;1;;;;;;;;;;0;;1;;
22/01/2022;09:23:00;179;ac02 - Acidente com Vítima;129;BR-060/GO;Sul;Colisão Traseira;1;;1;;;;;;;;1;;1;;
22/01/2022;10:58:00;241;ac02 - Acidente com Vítima;707,2;BR-262/MG;Leste;Colisão Traseira;1;;;;;;;;;1;3;3;1;1;
22/01/2022;11:37:00;279;ac03 - Acidente com Danos Materiais;516;BR-153/GO;Norte;Colisão Transversal;1;;;1;;;;;;;2;;;;
22/01/2022;12:28:00;293;ac03 - Acidente com Danos Materiais;580;BR-153/GO;Sul;Saida de Pista;1;;;;;;;;;;1;;;;
22/01/2022;14:45:00;332;ac02 - Acidente com Vítima;129;BR-153/MG;Sul;Colisão Traseira;;;2;;;;;;;;0;1;1;;
22/01/2022;15:06:00;343;ac03 - Acidente com Danos Materiais;102;BR-060/GO;Norte;Colisão Lateral;;;1;;;;;;;1;3;;;;
22/01/2022;18:06:00;426;ac02 - Acidente com Vítima;64;BR-153/MG;Norte;Tombamento;;;1;;;;;;;;0;1;;;
23/01/2022;02:34:00;62;ac02 - Acidente com Vítima;421;BR-262/MG;Leste;Saida de Pista;1;;;;;;;;;;0;;1;;
23/01/2022;02:49:00;63;ac03 - Acidente com Danos Materiais;388;BR-262/MG;Oeste;Saida de Pista;1;;;;;;;;;;1;;;;
23/01/2022;04:01:00;70;ac02 - Acidente com Vítima;443;BR-262/MG;Leste;Queda de Moto;;;;1;;;;;;;0;1;;;
23/01/2022;05:11:00;117;ac03 - Acidente com Danos Materiais;467;BR-262/MG;Leste;Tombamento;;;1;;;;;;;;1;;;;
23/01/2022;05:12:00;119;ac03 - Acidente com Danos Materiais;575;BR-153/GO;Sul;Saida de Pista;1;;;;;;;;;;1;;;;
23/01/2022;07:11:00;140;ac03 - Acidente com Danos Materiais;442,1;BR-262/MG;Oeste;Saida de Pista;1;;;;;;;;;;2;;;;
23/01/2022;11:10:00;283;ac02 - Acidente com Vítima;77;BR-060/GO;Sul;Queda de Moto;;;;1;;;;;;;0;1;;;
23/01/2022;15:46:00;358;ac03 - Acidente com Danos Materiais;900;BR-262/MG;Oeste;Saida de Pista;;;1;;;;;;;;1;;;;
23/01/2022;17:37:00;435;ac03 - Acidente com Danos Materiais;693;BR-153/GO;Norte;Saida de Pista;1;;;;;;;;;;1;;;;
23/01/2022;18:14:00;450;ac03 - Acidente com Danos Materiais;28;BR-060/GO;Norte;Atropelamento de Animal;1;;;;;;;;;;2;;;;
23/01/2022;18:26:00;456;ac03 - Acidente com Danos Materiais;66;BR-153/MG;Norte;Tombamento;;;1;;;;;;;;1;;;;
24/01/2022;00:52:00;7;ac03 - Acidente com Danos Materiais;15,5;BR-153/MG;Sul;Tombamento;;;1;;;;;;;;1;;;;
24/01/2022;01:26:00;9;ac03 - Acidente com Danos Materiais;30;BR-060/DF;Norte;Choque- Poste/Equipamento;1;;;;;;;;;;1;;;;
24/01/2022;03:25:00;21;ac03 - Acidente com Danos Materiais;620;BR-153/GO;Sul;Saida de Pista;1;;;;;;;;;;2;;;;
24/01/2022;08:12:00;96;ac02 - Acidente com Vítima;96;BR-060/GO;Norte;Colisão Traseira;1;;;1;;;;;;;1;;1;;
24/01/2022;12:34:00;363;ac03 - Acidente com Danos Materiais;501;BR-153/GO;Sul;Colisão Lateral;;;2;;;;;;;;2;;;;
24/01/2022;13:02:00;373;ac03 - Acidente com Danos Materiais;502,9;BR-153/GO;Norte;Colisão Traseira;;;1;;;;;;;1;2;;;;
24/01/2022;13:45:00;387;ac03 - Acidente com Danos Materiais;133;BR-060/GO;Norte;Colisão Traseira;;;2;;;;;;;;2;;;;
24/01/2022;17:27:00;533;ac02 - Acidente com Vítima;96;BR-060/GO;Sul;Colisão Lateral;1;;;1;;;;;;;1;;1;;
24/01/2022;18:42:00;596;ac02 - Acidente com Vítima;501;BR-153/GO;Sul;Queda de Moto;;;;1;;;;;;;0;1;;;
24/01/2022;21:08:00;697;ac03 - Acidente com Danos Materiais;2;BR-060/DF;Sul;Colisão Transversal;1;;;1;;;;;;;2;;;;
25/01/2022;01:33:00;19;ac03 - Acidente com Danos Materiais;576;BR-153/GO;Sul;Choque - Objeto sobre a pista;1;;;;;;;;;;1;;;;
25/01/2022;04:32:00;42;ac02 - Acidente com Vítima;557;BR-262/MG;Oeste;Tombamento;;;1;;;;;;;;0;1;;;
25/01/2022;05:00:00;44;ac03 - Acidente com Danos Materiais;635;BR-153/GO;Sul;Atropelamento de Animal;1;;;;;;;;;;1;;;;
25/01/2022;05:56:00;54;ac02 - Acidente com Vítima;768;BR-262/MG;Oeste;Tombamento;;;1;;;1;;;;;1;1;;;
25/01/2022;06:59:00;66;ac02 - Acidente com Vítima;437,5;BR-262/MG;Oeste;Colisão Traseira;1;;;1;;;;;;;2;;;1;
25/01/2022;07:38:00;80;ac02 - Acidente com Vítima;825;BR-262/MG;Leste;Saida de Pista;1;;;;;;;;;;0;1;;;
25/01/2022;09:27:00;130;ac03 - Acidente com Danos Materiais;568;BR-262/MG;Oeste;Colisão Transversal;2;;;;;;;;;;2;;;;
25/01/2022;09:46:00;138;ac03 - Acidente com Danos Materiais;74;BR-060/GO;Norte;Saida de Pista;2;;;;;;;;;;2;;;;
25/01/2022;10:47:00;170;ac02 - Acidente com Vítima;118;BR-060/GO;Norte;Colisão Transversal;2;;;;;;;;;;5;1;;;
25/01/2022;10:54:00;172;ac03 - Acidente com Danos Materiais;631;BR-262/MG;Leste;Colisão Traseira;1;;;1;;;;;;;2;;;;
25/01/2022;12:30:00;203;ac03 - Acidente com Danos Materiais;3;BR-060/GO;Sul;Choque - Talude;1;;;;;;;;;;2;;;;
25/01/2022;14:34:00;259;ac03 - Acidente com Danos Materiais;547;BR-153/GO;Sul;Saida de Pista;;;;;;;;;;1;1;;;;
25/01/2022;19:44:00;379;ac03 - Acidente com Danos Materiais;4;BR-060/DF;Norte;Colisão Traseira;2;;;;;;;;;;2;;;;
26/01/2022;03:00:00;27;ac02 - Acidente com Vítima;129,7;BR-060/GO;Norte;Tombamento;;;;;;;;;;1;3;1;;;
26/01/2022;12:32:00;234;ac03 - Acidente com Danos Materiais;394,15;BR-262/MG;Leste;Colisão Traseira;2;;;;;;;;;;6;;;;
26/01/2022;21:56:00;441;ac03 - Acidente com Danos Materiais;508;BR-153/GO;Sul;Objeto lançado contra veículo;1;;;;;1;;;;1;3;;;;
27/01/2022;05:06:00;29;ac03 - Acidente com Danos Materiais;129;BR-060/GO;Norte;Choque - Objeto sobre a pista;2;;;;;;;;;1;3;;;;
27/01/2022;07:32:00;67;ac03 - Acidente com Danos Materiais;79;BR-060/GO;Norte;Capotamento;1;;;;;;;;;;2;;;;
27/01/2022;07:47:00;75;ac03 - Acidente com Danos Materiais;702;BR-153/GO;Norte;Colisão Lateral;2;;;;;;;;;;5;;;;
27/01/2022;10:08:00;163;ac03 - Acidente com Danos Materiais;605,15;BR-262/MG;Leste;Saida de Pista;;;1;;;;;;;;1;;;;
27/01/2022;14:24:00;264;ac03 - Acidente com Danos Materiais;49;BR-060/GO;Norte;Saida de Pista;1;;;;;;;;;;2;;;;
27/01/2022;15:10:00;278;ac02 - Acidente com Vítima;370;BR-262/MG;Leste;Capotamento;1;;;;;;;;;;0;;;1;
27/01/2022;15:57:00;301;ac03 - Acidente com Danos Materiais;12;BR-060/DF;Norte;Saida de Pista;1;;;;;;;;;;1;;;;
27/01/2022;16:39:00;322;ac02 - Acidente com Vítima;515;BR-153/GO;Sul;Colisão Traseira;1;;;1;;;;;;;2;2;;;
27/01/2022;18:06:00;359;ac03 - Acidente com Danos Materiais;501;BR-153/GO;Sul;Colisão Traseira;2;;;;;;;;;;2;;;;
27/01/2022;19:41:00;395;ac03 - Acidente com Danos Materiais;354;BR-262/MG;Oeste;Objeto lançado contra veículo;1;;1;;;;;;;;2;;;;
27/01/2022;21:59:00;429;ac03 - Acidente com Danos Materiais;102;BR-060/GO;Norte;Saida de Pista;1;;;;;;;;;;1;;;;
27/01/2022;22:14:00;431;ac02 - Acidente com Vítima;439;BR-262/MG;Oeste;Atropelamento - Ciclista;1;;;;;;;;;;1;;1;;
27/01/2022;23:16:00;444;ac02 - Acidente com Vítima;109;BR-060/GO;Norte;Saida de Pista;1;;;;;;;;;;2;2;;;
28/01/2022;02:09:00;17;ac03 - Acidente com Danos Materiais;676;BR-262/MG;Oeste;Saida de Pista;1;;;;;;;;;;4;;;;
28/01/2022;02:37:00;19;ac02 - Acidente com Vítima;415;BR-262/MG;Oeste;Saida de Pista;1;;;;;;;;;;0;;1;1;
28/01/2022;03:10:00;24;ac02 - Acidente com Vítima;365;BR-262/MG;Oeste;Tombamento;;;1;;;1;;;;;1;1;;;
28/01/2022;06:30:00;43;ac03 - Acidente com Danos Materiais;113;BR-153/MG;Norte;Colisão Traseira;1;;2;;;;;;;;3;;;;
28/01/2022;06:50:00;50;ac03 - Acidente com Danos Materiais;754;BR-262/MG;Oeste;Colisão Lateral;2;;;;;;;;;;2;;;;
28/01/2022;10:23:00;165;ac02 - Acidente com Vítima;108;BR-060/GO;Sul;Colisão Lateral;;1;;;1;;;;;;1;;1;;
28/01/2022;11:41:00;231;ac03 - Acidente com Danos Materiais;610,2;BR-262/MG;Oeste;Carreta deu L;;;1;;;;;;;;1;;;;
28/01/2022;12:09:00;269;ac03 - Acidente com Danos Materiais;363;BR-262/MG;Leste;Colisão Traseira;;;;;2;;;;;;2;;;;
28/01/2022;12:47:00;332;ac03 - Acidente com Danos Materiais;511;BR-153/GO;Norte;Colisão Lateral;1;;;;;1;;;;;2;;;;
28/01/2022;14:50:00;395;ac03 - Acidente com Danos Materiais;47,3;BR-153/MG;Sul;Colisão Lateral;1;;1;;;1;;;;;6;;;;
28/01/2022;15:15:00;404;ac03 - Acidente com Danos Materiais;105;BR-060/GO;Norte;Saida de Pista;1;;;;;;;;;;3;;;;
28/01/2022;17:43:00;503;ac02 - Acidente com Vítima;508;BR-153/GO;Sul;Colisão Lateral;;;1;1;;;;;;;1;;1;;
28/01/2022;19:23:00;537;ac02 - Acidente com Vítima;360;BR-262/MG;Oeste;Queda de Moto;;;;1;;;;;;;0;2;;;
28/01/2022;23:32:00;620;ac03 - Acidente com Danos Materiais;409;BR-262/MG;Leste;Saida de Pista;;;1;;;2;;;;;3;;;;
29/01/2022;05:20:00;37;ac03 - Acidente com Danos Materiais;494,2;BR-153/GO;Sul;Queda de Moto;;;;1;;;;;;;1;;;;
29/01/2022;05:39:00;40;ac03 - Acidente com Danos Materiais;541;BR-262/MG;Leste;Saida de Pista;;;1;;;;;;;;1;;;;
29/01/2022;07:08:00;60;ac03 - Acidente com Danos Materiais;106;BR-060/GO;Sul;Queda de Ciclista;;;;1;;;;;;;2;;;;
29/01/2022;07:35:00;70;ac03 - Acidente com Danos Materiais;509,625;BR-153/GO;Norte;Choque - Barreira;;;1;;;;;;;;1;;;;
29/01/2022;08:30:00;107;ac03 - Acidente com Danos Materiais;570;BR-262/MG;Leste;Colisão Lateral;1;;1;;;;;;;;2;;;;
29/01/2022;11:57:00;395;ac03 - Acidente com Danos Materiais;4;BR-153/MG;Sul;Colisão Traseira;1;;1;;;1;;;;;3;;;;
29/01/2022;13:30:00;432;ac02 - Acidente com Vítima;491,9;BR-262/MG;Leste;Capotamento;1;;1;;;;;;;;1;2;;;
29/01/2022;13:43:00;439;ac03 - Acidente com Danos Materiais;590,15;BR-153/GO;Sul;Saida de Pista;1;;;;;;;;;;1;;;;
29/01/2022;13:50:00;442;ac03 - Acidente com Danos Materiais;243;BR-153/MG;Norte;Saida de Pista;;;1;;;1;;;;;2;;;;
29/01/2022;18:43:00;618;ac03 - Acidente com Danos Materiais;505;BR-153/GO;Norte;Choque - Outros;1;;;;;;;;;;1;;;;
29/01/2022;19:52:00;640;ac01 - Acidente com Vítima Fatal;18;BR-060/GO;Sul;Colisão Traseira;;;1;1;;;;;;;1;;;;1
29/01/2022;23:07:00;708;ac03 - Acidente com Danos Materiais;129;BR-060/GO;Sul;Colisão Traseira;1;;;;;1;;;;;3;;;;
29/01/2022;23:42:00;718;ac03 - Acidente com Danos Materiais;440;BR-262/MG;Leste;Capotamento;1;;;;;;;;;;1;;;;
30/01/2022;02:01:00;13;ac03 - Acidente com Danos Materiais;411;BR-262/MG;Oeste;Saida de Pista;1;;;;;;;;;;2;;;;
30/01/2022;05:11:00;40;ac03 - Acidente com Danos Materiais;367,15;BR-262/MG;Oeste;Colisão Traseira;2;;;;;;;;;;4;;;;
30/01/2022;05:42:00;48;ac03 - Acidente com Danos Materiais;479,5;BR-262/MG;Oeste;Choque - Talude;;;1;;;;;;;;1;;;;
30/01/2022;11:17:00;180;ac02 - Acidente com Vítima;384,15;BR-262/MG;Leste;Colisão Transversal;;;;2;;;;;;;0;1;1;;
30/01/2022;13:19:00;211;ac03 - Acidente com Danos Materiais;548;BR-262/MG;Leste;Saida de Pista;1;;;;;;;;;;2;;;;
30/01/2022;13:38:00;220;ac03 - Acidente com Danos Materiais;363;BR-262/MG;Oeste;Engavetamento;3;;;;;;;;;;5;;;;
30/01/2022;14:38:00;302;ac03 - Acidente com Danos Materiais;234;BR-153/MG;Norte;Saida de Pista;;;1;;;;;;;;1;;;;
30/01/2022;17:12:00;347;ac03 - Acidente com Danos Materiais;431,2;BR-262/MG;Oeste;Saida de Pista;1;;;;;;;;;;1;;;;
30/01/2022;17:14:00;350;ac03 - Acidente com Danos Materiais;762;BR-262/MG;Oeste;Saida de Pista;1;;;;;1;;;;;3;;;;
30/01/2022;17:25:00;356;ac03 - Acidente com Danos Materiais;237,3;BR-153/MG;Norte;Saida de Pista;1;;;;;;;;;;1;;;;
30/01/2022;18:28:00;382;ac02 - Acidente com Vítima;532;BR-153/GO;Sul;Saida de Pista;1;;;;;;;;;;1;1;;;
30/01/2022;19:39:00;403;ac02 - Acidente com Vítima;101;BR-060/GO;Norte;Colisão Lateral;1;;;1;;;;;;;1;2;;;
30/01/2022;20:04:00;416;ac03 - Acidente com Danos Materiais;242;BR-153/MG;Norte;Saida de Pista;1;;;;;;;;;;1;;;;
30/01/2022;20:55:00;429;ac02 - Acidente com Vítima;877;BR-262/MG;Leste;Colisão Lateral;1;;;1;;;;;;;1;1;;;
30/01/2022;22:52:00;445;ac03 - Acidente com Danos Materiais;564;BR-153/GO;Norte;Choque - Talude;;;;;1;;;;;;32;;;;
30/01/2022;23:18:00;451;ac03 - Acidente com Danos Materiais;148;BR-153/MG;Norte;Tombamento;;;1;;;;;;;;1;;;;
31/01/2022;02:02:00;11;ac03 - Acidente com Danos Materiais;24;BR-060/DF;Norte;Queda de Moto;;;;1;;;;;;;1;;;;
31/01/2022;03:43:00;17;ac02 - Acidente com Vítima;11,3;BR-153/MG;Norte;Saida de Pista;1;;;;;;;;;;1;1;;;
31/01/2022;05:38:00;25;ac02 - Acidente com Vítima;388,2;BR-262/MG;Leste;Choque- Placa/Suporte Sinalização;;1;;;;;;;;;0;;1;;
31/01/2022;05:49:00;30;ac02 - Acidente com Vítima;72,4;BR-153/MG;Sul;Tombamento;;;1;;;;;;;;0;;1;;
31/01/2022;07:48:00;64;ac03 - Acidente com Danos Materiais;385,2;BR-262/MG;Oeste;Choque - Elemento de Drenagem;1;;;;;;;;;;3;;;;
31/01/2022;07:49:00;66;ac03 - Acidente com Danos Materiais;235;BR-153/MG;Sul;Saida de Pista;;;1;;;;;;;;1;;;;
31/01/2022;08:04:00;71;ac03 - Acidente com Danos Materiais;365;BR-262/MG;Leste;Colisão Traseira;2;;;;;;;;;;3;;;;
31/01/2022;09:04:00;92;ac03 - Acidente com Danos Materiais;501,8;BR-153/GO;Sul;Colisão Traseira;1;;;;;;;;;1;2;;;;
31/01/2022;11:19:00;161;ac02 - Acidente com Vítima;448,15;BR-262/MG;Leste;Colisão Traseira;;;2;;;;;;;;2;1;;;
31/01/2022;12:15:00;242;ac03 - Acidente com Danos Materiais;30;BR-060/DF;Sul;Colisão Traseira;1;;1;;;;;;;;2;;;;
31/01/2022;13:02:00;257;ac03 - Acidente com Danos Materiais;212,7;BR-153/MG;Norte;Saida de Pista;1;;;;;;;;;;1;;;;
31/01/2022;13:46:00;277;ac03 - Acidente com Danos Materiais;172;BR-153/MG;Norte;Choque - Outros;1;;;;;;;;;;1;;;;
31/01/2022;13:47:00;278;ac03 - Acidente com Danos Materiais;611,3;BR-262/MG;Oeste;Choque - Talude;;;1;;;;;;;;1;;;;
31/01/2022;14:02:00;281;ac03 - Acidente com Danos Materiais;577;BR-262/MG;Leste;Saida de Pista;1;;1;;;;;;;;2;;;;
31/01/2022;14:07:00;284;ac03 - Acidente com Danos Materiais;171,9;BR-153/MG;Norte;Colisão Traseira;1;;1;;;;;;;;3;;;;
31/01/2022;15:00:00;300;ac01 - Acidente com Vítima Fatal;168,7;BR-153/MG;Norte;Colisão Lateral;;;2;;;;;;;;1;;;;1
31/01/2022;15:29:00;311;ac03 - Acidente com Danos Materiais;4;BR-060/GO;Sul;Saida de Pista;1;;;;;;;;;;1;;;;
31/01/2022;16:21:00;341;ac03 - Acidente com Danos Materiais;582;BR-262/MG;Oeste;Choque - Elemento de Drenagem;;;1;;;;;;;;1;;;;
31/01/2022;16:42:00;356;ac03 - Acidente com Danos Materiais;508;BR-153/GO;Norte;Engavetamento;1;;2;;;;;;;;3;;;;
31/01/2022;19:01:00;392;ac03 - Acidente com Danos Materiais;586,5;BR-153/GO;Norte;Saida de Pista;;;;;;;;;;1;5;;;;
31/01/2022;20:02:00;415;ac03 - Acidente com Danos Materiais;108;BR-153/MG;Sul;Saida de Pista;1;;;;;;;;;;1;;;;
31/01/2022;20:35:00;424;ac03 - Acidente com Danos Materiais;11;BR-153/MG;Norte;Saida de Pista;1;;;;;;;;;;1;;;;